"model_id","location","wis_scaled_relative_skill","wis_scaled_relative_skill__log","wis","wis__log","ae_median_scaled_relative_skill","ae_median_scaled_relative_skill__log","ae_median","ae_median__log","interval_coverage_50","interval_coverage_95","n"
"CFA_Pyrenew-Pyrenew_E_Flu","01",0.178847953998677,0.180111354368062,0.000245226061303211,0.000244759905444894,0.752607164639205,0.752990325091728,0.000409998909350168,0.000409242268194786,0.75,1,4
"CFA_Pyrenew-Pyrenew_E_Flu","02",0.455951417453597,0.457524881852524,0.000570907421410155,0.000569476282190838,1.99114208063047,1.99187977241572,0.00104002315010356,0.00103745250710523,0.25,1,4
"CFA_Pyrenew-Pyrenew_E_Flu","04",0.309474015802473,0.310338505724237,0.000392271460017789,0.000390324624366441,0.338545519727859,0.338763913897137,0.000494441638176264,0.000491929637987327,0.75,1,4
"CFA_Pyrenew-Pyrenew_E_Flu","05",0.298114818182631,0.299425028936671,0.000398048002619822,0.000397331376900197,0.720678794616431,0.720819048171854,0.000587174217738219,0.000586340476260903,0.5,1,2
"CFA_Pyrenew-Pyrenew_E_Flu","06",0.80022210318028,0.801155029595246,0.000808721574715399,0.000805010687466462,6.46882706431163,6.46381916306311,0.00125919004038024,0.00125357957611941,0.5,0.75,4
"CFA_Pyrenew-Pyrenew_E_Flu","08",0.215502426320645,0.216089270526975,0.000213512446899844,0.000213095378628477,0.249665308980859,0.249771366903268,0.000342630340342325,0.000341979798210955,0.5,1,4
"CFA_Pyrenew-Pyrenew_E_Flu","10",0.125487260338809,0.126122134541435,0.000117735675642373,0.000117636063606853,0.206782541596018,0.206823651409853,9.75076485423509e-05,9.74476672901138e-05,1,1,4
"CFA_Pyrenew-Pyrenew_E_Flu","11",0.254764315365326,0.255731541570385,0.000257410893201534,0.000257122492728667,0.723692153510544,0.723995789787873,0.00043991711671101,0.000439441005689581,0.5,1,4
"CFA_Pyrenew-Pyrenew_E_Flu","12",0.412225982994301,0.413331727097571,0.000390071074166455,0.000389034959952456,1.31672697108645,1.31753150652856,0.000726437158556146,0.000724523628650653,0.5,1,4
"CFA_Pyrenew-Pyrenew_E_Flu","13",0.132156996828884,0.13281179666428,0.000106091751126006,0.000106001666451549,0.378689811362727,0.378879000941905,0.000180066535821898,0.000179914294360199,0.75,1,4
"CFA_Pyrenew-Pyrenew_E_Flu","15",0.52187658940217,0.52201744864294,0.00120191919125897,0.00118214242534487,0.397236260569874,0.397324907429698,0.00147598193430626,0.0014530418646836,0.75,1,4
"CFA_Pyrenew-Pyrenew_E_Flu","16",0.218795502231865,0.219575693166083,0.000188650079900189,0.00018826648019736,0.278530065770371,0.278588968922161,0.000141361468653722,0.000141118105345876,1,1,4
"CFA_Pyrenew-Pyrenew_E_Flu","17",0.0886284355474958,0.0890809200667751,8.14562556051316e-05,8.14128399076707e-05,0.328020022924676,0.328115320196934,0.00011790009796361,0.000117843383580452,0.5,1,4
"CFA_Pyrenew-Pyrenew_E_Flu","18",0.0842803354617475,0.0848006907598177,8.43110108897747e-05,8.42605027573423e-05,0.444332138358184,0.444363310277102,0.000103035564729936,0.000102974189757622,0.75,1,4
"CFA_Pyrenew-Pyrenew_E_Flu","20",0.15323591239599,0.153978144371255,0.000146441556658778,0.00014635653479713,0.810951538540899,0.810969057952005,0.000267333906639271,0.000267183234932785,0.25,1,4
"CFA_Pyrenew-Pyrenew_E_Flu","21",0.119451287229096,0.120286882290383,0.000136553652983098,0.000136416652371891,0.425988992046984,0.426035905623365,0.000171848221229256,0.00017168992750462,0.5,1,4
"CFA_Pyrenew-Pyrenew_E_Flu","22",0.148528612521131,0.149257262435343,0.000161019765977371,0.000160761754466883,0.460329566837415,0.460378860999602,0.000197350812821284,0.000197092685556696,1,1,4
"CFA_Pyrenew-Pyrenew_E_Flu","23",0.18559625407118,0.18639876247023,0.000167240687386069,0.000167038342454157,0.336975374979018,0.33706007787597,0.000195014171432373,0.000194788521906584,0.75,1,4
"CFA_Pyrenew-Pyrenew_E_Flu","24",0.156461139483118,0.157296744709903,0.000184101281551573,0.000183892734597534,0.55439928695332,0.554590786995633,0.000305565805788886,0.000305233238641154,0.5,1,4
"CFA_Pyrenew-Pyrenew_E_Flu","25",0.11965180246283,0.120230222213889,0.000113107519779996,0.000112998123153317,0.315709700461463,0.315838597145119,0.000163978894682579,0.000163826506426389,0.75,1,4
"CFA_Pyrenew-Pyrenew_E_Flu","26",0.112934138611848,0.113497067832414,0.000101793330619283,0.000101737704414229,0.835896405767382,0.835913427505754,0.000176451145949433,0.000176358087779479,0.25,1,4
"CFA_Pyrenew-Pyrenew_E_Flu","27",0.205690963921048,0.2068275530049,0.000216688240268251,0.000216402129647295,0.423694552658427,0.423991777660672,0.000365133114094005,0.000364670172671769,0.5,1,4
"CFA_Pyrenew-Pyrenew_E_Flu","28",0.340157060471881,0.341929248014217,0.000461022820500297,0.000460011252793256,1.04538127071547,1.04557263899438,0.000772143275034216,0.000770714044430378,0.5,1,4
"CFA_Pyrenew-Pyrenew_E_Flu","29",NA,NA,0.000136780006751081,0.000136697785109139,NA,NA,0.000233798304132562,0.000233665138549118,0.5,1,4
"CFA_Pyrenew-Pyrenew_E_Flu","30",0.206326355113334,0.207224660204011,0.000185322689293321,0.000185159035757522,0.767831000815282,0.767965507023622,0.000309615436858078,0.000309355126387193,0.75,1,4
"CFA_Pyrenew-Pyrenew_E_Flu","31",0.133946191757675,0.134419361554117,9.18816520261351e-05,9.1847430199082e-05,0.641885911973714,0.641879910072234,0.000131999597968163,0.000131951503763433,0.75,1,4
"CFA_Pyrenew-Pyrenew_E_Flu","32",0.548093040117296,0.549135957506525,0.000757721706423207,0.000753149219310539,0.610642908374338,0.611093145725931,0.00121694344608319,0.00120958104516251,0.5,1,4
"CFA_Pyrenew-Pyrenew_E_Flu","33",0.256034013528502,0.257026989391529,0.000264644444371098,0.000264266969442166,0.293234136462345,0.293507264887558,0.000350007611634181,0.000349654876744176,0.5,1,4
"CFA_Pyrenew-Pyrenew_E_Flu","34",0.198640324976755,0.199493928091757,0.000194935930597744,0.000194607440275733,0.546046829652065,0.546208465544962,0.000344320760971788,0.000343783703468448,0.5,1,4
"CFA_Pyrenew-Pyrenew_E_Flu","35",0.319409360052962,0.321362332618145,0.000385214640310644,0.000384362521970053,0.787265545274701,0.787797592102021,0.000704707858199619,0.000703119879948727,0.25,1,4
"CFA_Pyrenew-Pyrenew_E_Flu","36",0.289133901165991,0.28996299319092,0.00022405634300092,0.000223698009739596,0.559925392710499,0.55994186053165,0.000376757156116677,0.000376187406838023,0.25,1,4
"CFA_Pyrenew-Pyrenew_E_Flu","37",0.4874413344646,0.489818567831842,0.000756812380416258,0.000751586113827495,1.209933194753,1.20880123027303,0.00116161913441374,0.00115396580918741,0.5,1,4
"CFA_Pyrenew-Pyrenew_E_Flu","38",0.395573738161761,0.396922979368683,0.000532633179100792,0.000531036372495688,0.424554820526299,0.424882986238674,0.000684154780975349,0.000682470753266604,0.75,1,4
"CFA_Pyrenew-Pyrenew_E_Flu","39",0.116438092710059,0.117078581618289,9.1413712367668e-05,9.13637500798745e-05,1.15360883168884,1.15360656171246,0.000146373353608944,0.000146302018005281,0.5,1,4
"CFA_Pyrenew-Pyrenew_E_Flu","40",0.141192594632517,0.141995277014909,0.000148037533482296,0.000147941996550616,0.596119586297989,0.59635641870923,0.000244658689540702,0.000244506817808753,0.75,1,4
"CFA_Pyrenew-Pyrenew_E_Flu","41",0.185477580581365,0.186225985227862,0.000213987119604398,0.000213618314743503,0.147811970642459,0.147883406170915,0.000269977211957214,0.000269576329072249,0.5,1,4
"CFA_Pyrenew-Pyrenew_E_Flu","42",0.110844062628028,0.111249308127041,8.63887988099505e-05,8.63106889709353e-05,0.47775331097291,0.47789542309289,0.000137400142982276,0.000137278912678599,1,1,4
"CFA_Pyrenew-Pyrenew_E_Flu","44",0.166821212639642,0.167426480806965,0.000131341914050917,0.000131227449019102,0.223152357630132,0.22324408523906,0.000137268374230092,0.000137177531920325,1,1,4
"CFA_Pyrenew-Pyrenew_E_Flu","45",0.11736392097431,0.118209430166477,0.000123672705818063,0.000123528126038883,0.258414999449359,0.258412698911845,0.000140453202085971,0.000140277211329525,0.75,1,4
"CFA_Pyrenew-Pyrenew_E_Flu","46",0.472605936586103,0.474253250385555,0.000427390654440042,0.000426776412695355,0.792070903470565,0.792631313851501,0.000612413261510304,0.000611570393754706,0.5,1,4
"CFA_Pyrenew-Pyrenew_E_Flu","47",0.234622040976007,0.235926727513238,0.000289170904861995,0.000288570826502946,0.820171375926669,0.8204870003607,0.000450160682885718,0.000449360570184301,0.5,1,4
"CFA_Pyrenew-Pyrenew_E_Flu","48",0.171870929986928,0.172599026461371,0.000209762088590483,0.000209100747838373,0.296195211035409,0.296209539535335,0.000199624614466789,0.000199019435773655,0.75,1,4
"CFA_Pyrenew-Pyrenew_E_Flu","49",0.251792027328433,0.252958941232537,0.000271493381531117,0.000271296516397463,0.687131457443768,0.687316118955106,0.000434881546711304,0.000434579752807368,0.25,1,4
"CFA_Pyrenew-Pyrenew_E_Flu","50",0.16696625135015,0.167853265081883,0.000140701051243828,0.000140630479116794,0.74324662483769,0.743221328726314,0.000210371113572853,0.000210295665825591,1,1,4
"CFA_Pyrenew-Pyrenew_E_Flu","51",0.130615988790221,0.131283936009219,0.000162506841512011,0.000162278114308396,0.248096097975433,0.248225248267668,0.000236719170334914,0.000236412714380299,0.25,1,4
"CFA_Pyrenew-Pyrenew_E_Flu","53",0.219372431843871,0.220075358927152,0.000267579405840206,0.000266679125918694,0.226760011478836,0.226905993402475,0.000353651393512908,0.000352395680275099,0.75,1,4
"CFA_Pyrenew-Pyrenew_E_Flu","54",0.282440643412832,0.283812402201544,0.000308999457282416,0.000308619460601282,1.88029205288697,1.88070078576646,0.00058856080022947,0.000587858659313389,0.5,1,4
"CFA_Pyrenew-Pyrenew_E_Flu","55",0.110071534939098,0.110523033393658,8.53509662308951e-05,8.52823431581629e-05,0.322131808229866,0.32219329346189,0.000133008720593965,0.000132914804722033,1,1,4
"CFA_Pyrenew-Pyrenew_HE_Flu","01",0.180107713025824,0.181386641265762,0.000248204151905944,0.000247741399639628,0.790320178739988,0.790739268177525,0.00043196821323198,0.000431180743666529,0.75,1,4
"CFA_Pyrenew-Pyrenew_HE_Flu","02",0.530209977758757,0.5320955463302,0.00067179170055384,0.000670182312573152,2.30122724875155,2.30230909468288,0.00121754665078352,0.00121466988091312,0,1,4
"CFA_Pyrenew-Pyrenew_HE_Flu","04",0.310634071599078,0.311474879961621,0.000392842897797331,0.000390863641477501,0.295543934173151,0.295728971491529,0.000442291588336244,0.000440040093889637,0.75,1,4
"CFA_Pyrenew-Pyrenew_HE_Flu","05",0.282296180149417,0.283535821940791,0.000376926686639383,0.000376246698321571,0.608465817903497,0.608535150393468,0.000495748512814346,0.000495004662832019,0.5,1,2
"CFA_Pyrenew-Pyrenew_HE_Flu","06",0.378589011951969,0.379394604780016,0.000261458152615752,0.00026061810478602,3.1977554135419,3.19804263007768,0.000414940851208831,0.000413611159640127,1,1,2
"CFA_Pyrenew-Pyrenew_HE_Flu","08",0.269398869510872,0.270131854964194,0.00028166350764858,0.00028103032347678,0.310779467442689,0.310896640738344,0.000426848811947063,0.000425880384233283,0.5,1,2
"CFA_Pyrenew-Pyrenew_HE_Flu","10",0.123365595728999,0.123992845920696,0.00011607157033521,0.000115976078885267,0.215487211609293,0.215527179167773,0.000101479551440179,0.000101415638864627,1,1,4
"CFA_Pyrenew-Pyrenew_HE_Flu","11",0.266152115906158,0.267173660841533,0.00027144465261691,0.000271151635219885,0.739570643092903,0.739902653951201,0.000458394350387882,0.000457913645641968,0.5,1,4
"CFA_Pyrenew-Pyrenew_HE_Flu","12",0.404051073321629,0.405122595755243,0.000381453127716092,0.000380426884953639,1.29593109333497,1.29670460126121,0.000712123817450761,0.000710236573448299,0.5,1,4
"CFA_Pyrenew-Pyrenew_HE_Flu","13",0.124562963981774,0.125177843450948,9.9987989417318e-05,9.9900958076908e-05,0.333725672783974,0.333889276512896,0.000155335111450583,0.00015520230126951,0.75,1,4
"CFA_Pyrenew-Pyrenew_HE_Flu","16",0.217716166933788,0.218486569237473,0.000186020533855131,0.000185638494619856,0.317092052676705,0.317143070334721,0.000155852646831989,0.000155573452154269,1,1,4
"CFA_Pyrenew-Pyrenew_HE_Flu","17",0.0846986000520027,0.0851319093420502,7.77948335546995e-05,7.77539858930208e-05,0.32843775752931,0.328534832434944,0.000116300061398034,0.000116244126515645,0.5,1,4
"CFA_Pyrenew-Pyrenew_HE_Flu","18",0.0784552204492963,0.0789376811806754,7.7357684857076e-05,7.73094048565094e-05,0.440271830772905,0.440300292920716,0.000100732939713018,0.000100672573865366,0.75,1,4
"CFA_Pyrenew-Pyrenew_HE_Flu","20",0.143944200456218,0.144640269673298,0.000135511383430815,0.000135431363100697,0.741316345296616,0.741329852308208,0.00023910623493232,0.000238970256499658,0.25,1,4
"CFA_Pyrenew-Pyrenew_HE_Flu","21",0.119593185217694,0.120445413970816,0.000129307162295497,0.000129210888818102,0.429686540955099,0.429751126594672,0.00021004353318023,0.000209884026090605,0.5,1,2
"CFA_Pyrenew-Pyrenew_HE_Flu","22",0.153414936465369,0.154188728075072,0.000169143219130475,0.000168911977594924,0.727587719375256,0.727656487249462,0.000264455447944801,0.000264145205141436,0.5,1,2
"CFA_Pyrenew-Pyrenew_HE_Flu","23",0.184264457834851,0.185061783101533,0.000166078645944881,0.000165879045483842,0.328583888832283,0.32866932724144,0.000190972981196434,0.000190754241563381,0.75,1,4
"CFA_Pyrenew-Pyrenew_HE_Flu","25",0.121659380984048,0.122247146712294,0.000115145333220133,0.000115033859664402,0.304482498900267,0.304608474178236,0.000160648378187935,0.000160500333530812,0.75,1,4
"CFA_Pyrenew-Pyrenew_HE_Flu","26",0.103755936208001,0.104275645984914,8.78405039882371e-05,8.77915627021327e-05,0.791905149396971,0.791923787970863,0.000141663230260103,0.000141584111826032,0.5,1,2
"CFA_Pyrenew-Pyrenew_HE_Flu","27",0.200060882589564,0.201164584786558,0.00021202754332869,0.000211745947749183,0.41966332383794,0.419955210982653,0.000365258404368123,0.000364793503896491,0.25,1,4
"CFA_Pyrenew-Pyrenew_HE_Flu","28",0.34314911659252,0.344946936652601,0.000465963088493658,0.000464953772856909,1.04994531610848,1.05013943775692,0.000776196977609055,0.000774761872576044,0.25,1,4
"CFA_Pyrenew-Pyrenew_HE_Flu","29",NA,NA,0.000133767063619299,0.000133683520794881,NA,NA,0.000225040598547935,0.000224911827778872,0.25,1,4
"CFA_Pyrenew-Pyrenew_HE_Flu","30",0.198329322771451,0.199192348910764,0.000178613603297931,0.00017845535829734,0.730557036632645,0.730688333733723,0.000297295743445434,0.000297047164668683,0.5,1,4
"CFA_Pyrenew-Pyrenew_HE_Flu","31",0.137379255557474,0.137865439313019,9.45871974032447e-05,9.45525428290164e-05,0.690615367110648,0.690615715563514,0.000142032581090841,0.000141982317685732,0.75,1,4
"CFA_Pyrenew-Pyrenew_HE_Flu","32",0.554993840603503,0.556037296835806,0.000767805648402191,0.00076315318360417,0.623780893498292,0.624245203661758,0.00124284528355773,0.00123533342998886,0.5,1,4
"CFA_Pyrenew-Pyrenew_HE_Flu","33",0.26459884971313,0.265618823395833,0.000272564285056546,0.000272168799073297,0.31748445366567,0.317768782355978,0.00037065463078608,0.000370267740929297,0.5,1,4
"CFA_Pyrenew-Pyrenew_HE_Flu","34",0.131933140670586,0.132519203595696,9.90258071613516e-05,9.89090073061526e-05,0.304630768374439,0.304708258547894,8.12920977370156e-05,8.11928367567168e-05,1,1,2
"CFA_Pyrenew-Pyrenew_HE_Flu","35",0.320980981849301,0.322942863993742,0.000388853507316267,0.000387993476110099,0.79609905078386,0.79663834113061,0.000716334566173367,0.000714723801293237,0.25,1,4
"CFA_Pyrenew-Pyrenew_HE_Flu","36",0.291567790312679,0.29239993858828,0.000226217205380071,0.000225852691717005,0.551580672388789,0.551601785854361,0.000371535672731213,0.000370977177022706,0.25,1,4
"CFA_Pyrenew-Pyrenew_HE_Flu","39",0.153234949734836,0.154062990285564,0.00010758062755883,0.000107517294648576,1.50405817394758,1.50399509978442,0.000173377746963177,0.000173293368379952,0.5,1,2
"CFA_Pyrenew-Pyrenew_HE_Flu","40",0.121755809530604,0.122439199833542,0.000124910004861828,0.000124820935683272,0.446562923500555,0.446717920287387,0.000183628975407118,0.000183505944994984,0.75,1,4
"CFA_Pyrenew-Pyrenew_HE_Flu","42",0.122822544697531,0.123281597666221,0.000105930217829355,0.000105834375176099,0.756031914820408,0.756323526335766,0.000193863504424502,0.000193689340563043,0.5,1,2
"CFA_Pyrenew-Pyrenew_HE_Flu","44",0.169156164525637,0.169758166175082,0.000132616690108966,0.000132492880369483,0.22122258064347,0.221300362501212,0.000136150961849263,0.000136055388261973,1,1,4
"CFA_Pyrenew-Pyrenew_HE_Flu","45",0.119591850906239,0.120452574446467,0.000125847877251073,0.000125699760037332,0.257166017353777,0.25716119878,0.000139664250988606,0.000139487791572248,0.75,1,4
"CFA_Pyrenew-Pyrenew_HE_Flu","46",0.463829427929398,0.465438630371557,0.000419720565374729,0.000419110105492921,0.786961867514886,0.787519833815433,0.000608927724179147,0.000608091263306962,0.5,1,4
"CFA_Pyrenew-Pyrenew_HE_Flu","47",0.257946752397683,0.259487056897591,0.000294032826771992,0.000293584544204777,1.2815016261503,1.28210636531942,0.000553357771627163,0.000552512502125229,0,1,2
"CFA_Pyrenew-Pyrenew_HE_Flu","48",0.179455761154849,0.180214363612023,0.00021845593788833,0.000217765412648884,0.315886953301518,0.315902391014395,0.000211951368791936,0.00021130865948914,0.75,1,4
"CFA_Pyrenew-Pyrenew_HE_Flu","49",0.401676640531414,0.403501938667703,0.000367550286878708,0.000367300968321206,1.04322612034458,1.04346603924719,0.000579740256481957,0.000579360590856091,0,1,2
"CFA_Pyrenew-Pyrenew_HE_Flu","50",0.168290526074101,0.169191610721801,0.000140937190241547,0.000140871935759118,0.733062696404235,0.733028026956179,0.000196491752991083,0.000196417350485865,0.75,1,4
"CFA_Pyrenew-Pyrenew_HE_Flu","54",0.320435909510116,0.322003848395339,0.000344952314816064,0.000344538240296018,2.04632684126813,2.04682972935604,0.00063497448500945,0.000634232435825487,0.25,1,4
"CFA_Pyrenew-Pyrenew_HE_Flu","55",0.115400073162929,0.115873254171336,8.94129225931445e-05,8.93409357852167e-05,0.360931098448677,0.360999265459808,0.000149482539098836,0.000149376849667956,1,1,4
"CMU-TimeSeries","01",0.156143393512721,0.157243795830911,0.000278798336111503,0.000278269442646775,0.534047165636225,0.534181549441747,0.000423144295961551,0.000422406243658645,0.5,1,8
"CMU-TimeSeries","02",0.218893407086841,0.219616709723255,0.000285560388610909,0.000284766627119013,1.05000322062364,1.05000589966036,0.000509576122792991,0.000508184147317945,0.25,1,8
"CMU-TimeSeries","04",0.327760387883529,0.328796618446968,0.000564031788963184,0.000561932710988152,0.384877644773237,0.385249913709875,0.000878257434023798,0.000875064261919572,0.375,0.875,8
"CMU-TimeSeries","05",0.194063528773804,0.195011670518435,0.000245623079000895,0.000245317139056699,0.682678213390878,0.682717427648926,0.000415261704927142,0.000414775285179909,0,1,8
"CMU-TimeSeries","06",0.621031491149557,0.622542409423474,0.000556295213352731,0.00055468919736933,5.38716194431394,5.3887616708642,0.000967219449420258,0.000964432930291269,0.125,1,8
"CMU-TimeSeries","08",0.494622151430932,0.496079003874708,0.000669536616389097,0.000668501562853882,0.521287561951426,0.521550060747901,0.000970665266272927,0.000969189420360285,0.125,0.375,8
"CMU-TimeSeries","09",0.216538717498002,0.217638265532927,0.000257205569544761,0.000256972425072376,0.419042614851528,0.419189496311806,0.000388695118405673,0.000388381292530779,0.375,1,8
"CMU-TimeSeries","10",0.148661887475579,0.149468565872218,0.000171781703107653,0.000171676069103956,0.458929957258747,0.459007587553665,0.000276372172626845,0.000276224375148477,0.125,1,8
"CMU-TimeSeries","11",0.203951062624758,0.204726111897231,0.000197596099998438,0.00019735855774651,0.588673772733335,0.588811392580018,0.000311315797738712,0.000310962390148202,0.5,1,8
"CMU-TimeSeries","12",0.55153216606413,0.552690561366281,0.000687029922927412,0.000684911793794294,1.31848139308984,1.31832966002104,0.0010155681855255,0.0010124428082015,0,0.75,8
"CMU-TimeSeries","13",0.309394078586744,0.31086052855016,0.000304651358453888,0.000304329236538941,0.772626200552186,0.772704899924188,0.000478536830700882,0.000478048629481515,0.125,1,8
"CMU-TimeSeries","15",0.633453454394591,0.634800194807453,0.00181849859877821,0.0017958600227201,0.621976585113558,0.622600365743829,0.00278230800928347,0.00274755288160667,0.25,0.75,8
"CMU-TimeSeries","16",0.184776662739888,0.18551895807202,0.000206444746083725,0.000206122681009603,0.507907304054147,0.508008327776005,0.000339918050594658,0.000339408415079595,0.625,1,8
"CMU-TimeSeries","17",0.134258013375967,0.134939440819583,0.000139544603796553,0.00013945270357862,0.602162507142942,0.602215514862774,0.000220095889991063,0.00021996889652197,0.25,1,8
"CMU-TimeSeries","18",0.089859192674019,0.0904323962703858,0.000111877979863194,0.000111818727709436,0.592750681884285,0.592794130835649,0.000171447474581954,0.000171370974668584,0.5,1,8
"CMU-TimeSeries","19",0.0575381780921486,0.0578404133596059,4.7703866592915e-05,4.77004247725742e-05,NA,NA,6.61811971834654e-05,6.61784212068985e-05,0,1,8
"CMU-TimeSeries","20",0.160573658617562,0.161384760215693,0.000141191088872406,0.000141115610232386,0.856348140985356,0.856376251606986,0.000226105285115562,0.000225992081628219,0.625,1,8
"CMU-TimeSeries","21",0.112222128005792,0.113040060526849,0.000153360842635709,0.000153232695765235,0.498542218007387,0.498621287239752,0.000236907672939846,0.000236730798921675,0.375,1,8
"CMU-TimeSeries","22",0.264326307985398,0.265738967941234,0.000380568435625971,0.000380099345808881,1.03335362043803,1.03334086930911,0.000583970623037846,0.000583268097611451,0.25,1,8
"CMU-TimeSeries","23",0.155493669448652,0.156201558101881,0.000149489034860384,0.000149329059054143,0.428427860454717,0.428537330514735,0.000244411293346269,0.000244157189521749,0.75,1,8
"CMU-TimeSeries","24",0.113872507143714,0.114484819646597,0.000139884746287238,0.000139716488580699,0.35843255742181,0.358517160671177,0.000206164085032532,0.000205947211412039,0.5,1,8
"CMU-TimeSeries","25",0.151668036458881,0.152402798120477,0.000163025388310029,0.00016287005423153,0.387789468416714,0.387893089379533,0.000244458727376499,0.000244257135383914,0.375,1,8
"CMU-TimeSeries","26",0.0975967317935817,0.0980991933324729,8.75031203590609e-05,8.74580891838155e-05,0.78317540401748,0.783181699702128,0.000136581089325697,0.000136517005264977,0.5,1,8
"CMU-TimeSeries","27",0.268186966238078,0.269661948645096,0.000410919252626279,0.000410430097250264,0.433198402428637,0.433397802823923,0.000648608616444153,0.000647876718400602,0.125,0.875,8
"CMU-TimeSeries","28",0.220484568510819,0.221715591895639,0.00032758764162791,0.000326956293323775,0.690170198619076,0.690271404979133,0.000500625468913074,0.00049971460815906,0.375,1,8
"CMU-TimeSeries","30",0.174054782964107,0.174852647526754,0.000166524415645366,0.000166406443460605,0.661478039372664,0.661586535785723,0.000277533190181859,0.000277347931792831,0.25,1,8
"CMU-TimeSeries","31",0.109395287752789,0.10980174169925,7.51820416952021e-05,7.51578122361062e-05,0.657111381542857,0.657127870239091,0.00011424555057831,0.000114212164553973,0.5,1,8
"CMU-TimeSeries","32",0.42597222305881,0.426714500308835,0.000573962204477178,0.000570781793840655,0.42630931784838,0.426523235244261,0.000834687882377461,0.000830044280828635,0.625,0.875,8
"CMU-TimeSeries","33",0.28560386542882,0.286726184026604,0.000351544576593261,0.000351084511597676,0.430444947495701,0.430629735949413,0.000576763479325458,0.000576043300859626,0.125,1,8
"CMU-TimeSeries","34",0.20566104895127,0.206586505199187,0.000252064112082609,0.000251701097109508,0.473206629559157,0.473326706276685,0.000408081990481199,0.00040753768095364,0.25,1,8
"CMU-TimeSeries","35",0.173938656066702,0.174998808987584,0.000264522025307169,0.000263994203155944,0.26823394378242,0.268438818719621,0.000378632774994315,0.000377991254003357,0.5,1,8
"CMU-TimeSeries","36",0.217815292876858,0.21853531884751,0.000212089672591072,0.000211840482209934,0.39986273265253,0.399976404622784,0.000345364999196346,0.000344996911139809,0.125,1,8
"CMU-TimeSeries","37",0.141424704646017,0.142391124397219,0.00029173476741805,0.00029034176954694,0.244206789196009,0.244369743916106,0.000324420579578194,0.000322978927448632,0.875,1,8
"CMU-TimeSeries","38",0.260205908218271,0.26131277588932,0.000412736144416192,0.000412069284589722,0.323960204357071,0.324239956035552,0.00066633849660729,0.000665260118513622,0.375,0.875,8
"CMU-TimeSeries","39",0.0752070076117272,0.0756463256817559,8.17170211912797e-05,8.1686300518997e-05,0.435419775251724,0.435456045512507,0.000101635237346614,0.000101605935123761,0.75,1,8
"CMU-TimeSeries","40",0.126324055770969,0.127042493209325,0.000121136656448545,0.000121042650069689,0.552632935181944,0.552751412413897,0.000194980638587691,0.000194838533154239,0.75,1,8
"CMU-TimeSeries","41",0.183771647063044,0.184544964497288,0.000200803738858915,0.000200493570366657,0.320183848864355,0.320305851467973,0.000322577806552364,0.000322133563263091,0.375,1,8
"CMU-TimeSeries","42",0.099157551035166,0.099520756338496,8.74961544830373e-05,8.74167765596948e-05,0.217499865750367,0.217543367947559,9.72788029236684e-05,9.72030694076481e-05,1,1,8
"CMU-TimeSeries","44",0.230803989201354,0.231686745344847,0.000207637908072647,0.00020748138975881,0.43975319965123,0.439863050361597,0.000310748888753741,0.000310531883167446,0.25,0.875,8
"CMU-TimeSeries","45",0.220256131596674,0.221900636525304,0.000316781583980195,0.000316462855997828,0.722212857767639,0.722278029346289,0.00050738198774627,0.000506893460381692,0.125,0.875,8
"CMU-TimeSeries","46",0.187858833932954,0.188526104218873,0.000229382899396156,0.000229125481378914,0.268447157127886,0.268584554779555,0.00034369832136621,0.000343351259333988,0.625,1,8
"CMU-TimeSeries","47",0.107977563119314,0.108597991363019,0.00014321845299999,0.000142939372639807,0.290033859269714,0.290066210230529,0.000161996002715252,0.000161696790003748,1,1,8
"CMU-TimeSeries","48",0.180416803568686,0.181253259727154,0.000291926983724891,0.00029115291974362,0.531167838060172,0.531289590068684,0.00045346982454995,0.000452335923574574,0.5,1,8
"CMU-TimeSeries","49",0.226803395996961,0.227853033384355,0.000203389244957276,0.000203204318537163,0.708929957072769,0.708982636115429,0.000325140040155067,0.000324859045548837,0.375,0.875,8
"CMU-TimeSeries","50",0.145729245837806,0.14656385095484,0.000129980921412855,0.000129944765540879,0.818239477243602,0.818240905355864,0.00019756945237064,0.000197518512914857,0.25,0.5,8
"CMU-TimeSeries","51",0.213921568229753,0.215014526921724,0.000272329154038902,0.00027188194669303,0.564968084525541,0.565082688373672,0.000446178399447251,0.000445491163380452,0.375,1,8
"CMU-TimeSeries","53",0.184698515425814,0.185282834746948,0.000274923935075805,0.000274065685393573,0.216885509973262,0.217078731423116,0.000432861648760392,0.000431617783752129,0.75,1,8
"CMU-TimeSeries","54",0.180317648585723,0.181221199284793,0.000197264072029343,0.000197052140909581,1.16483207487274,1.16495109174989,0.000347637716767741,0.000347264698666582,0.375,1,8
"CMU-TimeSeries","55",0.108789750007914,0.109262543063868,9.52565432184407e-05,9.51896690860381e-05,0.305328425658189,0.305378413744446,0.000142791690091135,0.000142704833863896,0.75,1,8
"CMU-TimeSeries","56",0.708520149231582,0.710903020592686,0.00101070429569015,0.00100591798587081,1.25551269674483,1.2565641147224,0.00165131428635531,0.00164361105585976,0.125,1,8
"CU-ensemble","01",0.495075747397748,0.497962246244274,0.000826521739130435,0.000823843465822119,1.10889561861884,1.10966942729774,0.0007625,0.000761485900780315,1,1,8
"CU-ensemble","02",0.791697133147712,0.79330773894656,0.00105561413043478,0.00105122223789512,1.38160673414826,1.3818885451419,0.0006375,0.000635863714821354,1,1,8
"CU-ensemble","04",0.412233651548419,0.41344920258471,0.000634570652173913,0.000631970654730787,0.271823353094405,0.272015962497668,0.00055,0.000547856917537993,1,1,8
"CU-ensemble","05",0.524927774976591,0.526961835124399,0.000646815217391304,0.000645295478386178,0.61805452438352,0.618188461068323,0.000325,0.000324676643532332,1,1,8
"CU-ensemble","06",0.656865135623541,0.658553178096529,0.00059645652173913,0.000594807551044893,5.5250487119514,5.52666124878907,0.000975,0.000972175862808633,1,1,8
"CU-ensemble","08",0.310417983176278,0.311263959829393,0.00039054347826087,0.000389836791672975,0.262060117842555,0.262209229706892,0.0004625,0.000461865407599752,1,1,8
"CU-ensemble","09",0.360228103008886,0.361722861271358,0.000421538043478261,0.000420766078876683,0.179532497622175,0.179606064648265,0.0001625,0.000162376985180174,1,1,8
"CU-ensemble","10",0.465061530197284,0.467074756509963,0.000530771739130435,0.000529816535188679,0.807445873260758,0.807506805277475,5e-04,0.000499678983734816,1,1,8
"CU-ensemble","11",0.893389135148369,0.895111748315446,0.000924070652173913,0.000921166919628065,1.0666694014781,1.06657707013726,6e-04,0.000599102757155379,1,1,8
"CU-ensemble","12",0.524061905196947,0.52486896618778,0.000601027173913043,0.000598820205709265,1.09469618249674,1.09454174788225,0.0007625,0.000760140639789951,1,1,8
"CU-ensemble","13",0.427749349247321,0.42947069186017,0.000420951086956522,0.000420185054226787,0.323097568217243,0.323135967149999,0.000175,0.000174821445109579,1,1,8
"CU-ensemble","15",0.813893874381493,0.814966163535496,0.0022695652173913,0.0022385022195638,0.364513267362016,0.364758621705224,0.001575,0.00155502458578517,1,1,8
"CU-ensemble","16",0.584213206019476,0.586164196284776,0.000610016304347826,0.000608603729235385,0.825198416677536,0.825370785139704,0.000475,0.000474273666878211,1,1,8
"CU-ensemble","17",0.374582456976188,0.376138636136702,0.000381315217391304,0.000380694669992767,0.542322107580308,0.542491953394791,2e-04,0.000199927530402452,1,1,8
"CU-ensemble","18",0.456653593599054,0.458900212389065,0.000549978260869565,0.000548841046863245,0.697744467495214,0.697806783921485,0.0002125,0.000212403172933277,1,1,8
"CU-ensemble","19",0.345536182097883,0.347036544992583,0.000270152173913043,0.000269885869431262,NA,NA,3.75e-05,3.74943761247428e-05,0.875,1,8
"CU-ensemble","20",0.420267161755807,0.422054571216472,0.000392782608695652,0.000392244617662938,1.18061687163205,1.18077356450411,0.0003125,0.000312373188006819,1,1,8
"CU-ensemble","21",0.406918432754427,0.40938517422471,0.000559695652173913,0.000558499413897119,0.570377715913704,0.570512248609389,0.00025,0.000249828874987089,1,1,8
"CU-ensemble","22",0.296768239550543,0.298214872238744,0.000392641304347826,0.000391963799620205,0.508109059841932,0.508227464968846,0.000275,0.00027475401908442,1,1,8
"CU-ensemble","23",0.494237692007019,0.495819722539904,0.000537228260869565,0.000535832591280569,0.700150857011663,0.700286185494039,0.0004875,0.000486927611098403,0.875,1,8
"CU-ensemble","24",0.830433223090614,0.833085767126654,0.00105132608695652,0.00104770694664132,2.31099216931708,2.30994308050884,0.0013625,0.00136011144144613,1,1,8
"CU-ensemble","25",0.436637972944792,0.438452235020311,0.000465728260869565,0.000464954882156851,0.699931124493915,0.699997274146688,0.0004125,0.000412089822349511,0.625,0.625,8
"CU-ensemble","26",0.343249476183041,0.344772461585411,0.000309684782608696,0.000309297756997228,0.54875008831022,0.548754279000365,1e-04,9.99537738201238e-05,1,1,8
"CU-ensemble","27",0.543650884469618,0.545600196549983,0.000787570652173913,0.000785062056650717,0.274609598070332,0.274786363526797,0.0004625,0.000462044873200554,1,1,8
"CU-ensemble","28",0.432603591066759,0.434610095166494,0.000644885869565217,0.000643023590003259,0.729234078387759,0.729626543857074,0.0005375,0.000536758021142838,1,1,8
"CU-ensemble","30",0.408149790670282,0.40981506596943,0.000402760869565217,0.000402247811793543,0.721329209020926,0.721553104560205,0.0003625,0.000362312009099578,1,1,8
"CU-ensemble","31",0.456332283111202,0.457673608164562,0.000327375,0.000327000667936174,1.91676719599031,1.91681643462491,0.0003375,0.000337396912110503,1,1,8
"CU-ensemble","32",0.544787756125819,0.545852629473656,0.000774820652173913,0.000770726386624584,0.462721988027388,0.463000888873785,0.0009375,0.000932449363411592,0.875,1,8
"CU-ensemble","33",0.440133209562093,0.44155122125878,0.000559608695652174,0.00055845389350532,0.568373855989726,0.568592908794515,0.0008125,0.00081143467352429,0.625,1,8
"CU-ensemble","34",0.432325271613129,0.433967965255563,0.000510048913043478,0.000508939900184117,0.23440618331934,0.234472940558361,2e-04,0.000199736623607968,1,1,8
"CU-ensemble","35",0.365162167734571,0.367278611846081,0.000527228260869565,0.000525965376784496,0.222065752183184,0.222147750697902,0.0002625,0.000261944401508422,1,1,8
"CU-ensemble","36",0.471604573333195,0.472734886817758,0.000472608695652174,0.000471562376535435,0.3346452996111,0.334737611455099,3e-04,0.000299684106319967,1,1,8
"CU-ensemble","37",0.475277662240716,0.478295457125357,0.000974451086956522,0.000969266907347287,0.237206857971621,0.237283493396481,3e-04,0.000298559576234487,1,1,8
"CU-ensemble","38",0.47164455317877,0.473195227578927,0.000744282608695652,0.000742325347161095,0.435671175654003,0.436041469754121,0.0009125,0.000910989882149561,1,1,8
"CU-ensemble","39",0.56911756680488,0.571401103523249,0.00062820652173913,0.000626713158032906,2.82296895929666,2.82186621665241,0.0006875,0.000686934975033696,1,1,8
"CU-ensemble","40",0.652666446123316,0.655186747063236,0.000681494565217391,0.000679653477068975,0.440711199391637,0.440842554002915,0.0001625,0.000162390700238678,1,1,8
"CU-ensemble","41",0.485265116735658,0.48695031873083,0.000547978260869565,0.000546713720949526,0.366646133838938,0.366769493532687,0.0003625,0.000361985141017701,1,1,8
"CU-ensemble","42",0.4928998211616,0.494234942374529,0.000437826086956522,0.00043699259818093,0.262073097979191,0.262148580168557,0.0001375,0.000137409442152977,1,1,8
"CU-ensemble","44",0.639128476635459,0.640742730978893,0.000605173913043478,0.000603860312542654,0.690629785535623,0.690684981374216,0.0005625,0.000561979948902299,1,1,8
"CU-ensemble","45",0.335990132954605,0.33826168495676,0.000444119565217391,0.000443336016746702,0.368834716913889,0.368873655485108,0.0002125,0.000212303328227573,1,1,8
"CU-ensemble","46",0.487603507917248,0.489081760320644,0.000554380434782609,0.000553395933393413,0.461424646889116,0.46162224844774,0.0005125,0.000511915147322678,1,1,8
"CU-ensemble","47",0.405792754950285,0.408022743348311,0.000539923913043478,0.00053871776185973,0.983754278465204,0.984186677503731,0.0005375,0.000536683203248284,1,1,8
"CU-ensemble","48",0.483425510429313,0.485363037520676,0.000710951086956522,0.000708548831191483,0.424756535550263,0.424778949899588,0.0002875,0.000286719060947016,1,1,8
"CU-ensemble","49",0.425043325985758,0.426629489523704,0.000416739130434783,0.00041598673448327,0.5481769644261,0.548237422613465,0.0002625,0.000262288307958488,1,1,8
"CU-ensemble","50",0.723110738284554,0.7259778375459,0.000650945652173913,0.000649582967548081,3.05556550208164,3.05398135177516,0.0007125,0.000711951181994881,1,1,8
"CU-ensemble","51",0.626474043105321,0.628379935496237,0.000857092391304348,0.00085384997135224,0.867740601855332,0.867826527730072,7e-04,0.000698845884766951,1,1,8
"CU-ensemble","53",0.399452782154144,0.400606773671353,0.000593364130434783,0.000591339554839473,0.218581698160943,0.218762877209917,0.000425,0.00042376375646656,1,1,8
"CU-ensemble","54",0.50004784769744,0.502181779896679,0.000573559782608696,0.00057245553739938,1.96131316679635,1.96186318818342,0.0005625,0.00056198492972296,1,1,8
"CU-ensemble","55",0.624515218841083,0.626085355500992,0.000581163043478261,0.000579640501313457,0.565789368373463,0.565983717044299,0.0002625,0.000262380683843792,1,1,8
"CU-ensemble","56",0.800470445358451,0.803339834124634,0.0011759402173913,0.00117062292399536,1.31143782447236,1.31246170388977,0.0017625,0.00175423622043481,0.5,1,8
"FluSight-baseline","01",1,1,0.00175730900160551,0.00174118928108418,1,1,0.0007625,0.000760968863393385,1,1,8
"FluSight-baseline","02",1,1,0.00135582509174521,0.00134734840561425,1,1,0.000475,0.000473696135566964,1,1,8
"FluSight-baseline","04",1,1,0.00161826966257842,0.00160679033996743,1,1,0.002225,0.0022146667379757,0.875,1,8
"FluSight-baseline","05",1,1,0.00130084927658081,0.00129262650780526,1,1,0.000625,0.000624219768198456,1,1,8
"FluSight-baseline","06",1,1,0.000964528147088265,0.000959326461633952,1,1,0.0002625,0.000261691917989701,1,1,8
"FluSight-baseline","08",1,1,0.001288830908233,0.00128289600169647,1,1,0.001775,0.00177144917632441,1,1,8
"FluSight-baseline","09",1,1,0.00117274593529522,0.00116574806560088,1,1,9e-04,0.000898968825151338,1,1,8
"FluSight-baseline","10",1,1,0.00117082622987561,0.00116355426245292,1,1,6e-04,0.000599575328229579,1,1,8
"FluSight-baseline","11",1,1,0.00105333945038744,0.0010479025889749,1,1,5e-04,0.000499303515628216,1,1,8
"FluSight-baseline","12",1,1,0.00118299976781181,0.00117672479254873,1,1,0.000775,0.000772714401099299,1,1,8
"FluSight-baseline","13",1,1,0.0010215466617177,0.00101542823841843,1,1,0.0006125,0.000611811462458989,1,1,8
"FluSight-baseline","15",1,1,0.00298648512634257,0.00294188651726271,1,1,0.004925,0.00485722177458685,0.5,1,8
"FluSight-baseline","16",1,1,0.0010878057879394,0.00108158390747681,1,1,0.0006375,0.000636406352893593,1,1,8
"FluSight-baseline","17",1,1,0.00106925183835697,0.00106293802451101,1,1,0.0003625,0.000362257050324547,1,1,8
"FluSight-baseline","18",1,1,0.0012416859826707,0.001232906747733,1,1,0.0002875,0.000287349461655195,1,1,8
"FluSight-baseline","19",1,1,0.000794070516890495,0.000789865777432966,NA,NA,1.55626556264893e-08,1.55626552430073e-08,1,1,8
"FluSight-baseline","20",1,1,0.000973964769125137,0.000968368609053351,1,1,0.0002625,0.000262358207324269,1,1,8
"FluSight-baseline","21",1,1,0.00143709866940626,0.00142517868682949,1,1,0.0004875,0.000487053571397897,1,1,8
"FluSight-baseline","22",1,1,0.00137991505250759,0.00137060858670319,1,1,0.0005625,0.000561831458544787,1,1,8
"FluSight-baseline","23",1,1,0.00103091908105603,0.00102500577247029,1,1,0.0006375,0.000636669258028117,1,1,8
"FluSight-baseline","24",1,1,0.00126251408459003,0.00125411508791811,1,1,0.0005625,0.000561780342268907,1,1,8
"FluSight-baseline","25",1,1,0.00110504612546098,0.00109844824860245,1,1,0.0006125,0.00061183267351387,1,1,8
"FluSight-baseline","26",1,1,0.000956622528730994,0.000951085577225788,1,1,0.0001875,0.000187410669601745,1,1,8
"FluSight-baseline","27",1,1,0.00147716968119899,0.00146699204220394,1,1,0.00145,0.00144769162738612,1,1,8
"FluSight-baseline","28",1,1,0.00154624419851291,0.0015343569772444,1,1,0.000725,0.000723571656342254,1,1,8
"FluSight-baseline","30",1,1,0.00101882055412674,0.00101327541299609,1,1,0.000425,0.00042464907958263,1,1,8
"FluSight-baseline","31",1,1,0.000744957722334288,0.000741870313713703,1,1,0.0001875,0.00018743939661673,1,1,8
"FluSight-baseline","32",1,1,0.00150976916784467,0.00149878390496153,1,1,0.0022875,0.00227395698192154,0.625,1,8
"FluSight-baseline","33",1,1,0.00128470109870148,0.00127770537168693,1,1,0.0013625,0.00136020504940102,0.875,1,8
"FluSight-baseline","34",1,1,0.0012463235561198,0.00123870071000662,1,1,0.0008625,0.000861119249047864,1,1,8
"FluSight-baseline","35",1,1,0.00152027247207363,0.00150764625863037,1,1,0.001325,0.00132176492394987,1,1,8
"FluSight-baseline","36",1,1,0.000986718411499332,0.000982156796313619,1,1,0.0008625,0.000861329812073161,1,1,8
"FluSight-baseline","37",1,1,0.00208557720361117,0.00206119444612247,1,1,0.0012625,0.00125608044158461,1,1,8
"FluSight-baseline","38",1,1,0.00155837131777106,0.00154906143089498,1,1,0.0020375,0.00203249785494136,0.875,1,8
"FluSight-baseline","39",1,1,0.00108467015777576,0.00107778736141979,1,1,0.000225,0.000224913786733277,1,1,8
"FluSight-baseline","40",1,1,0.00106346329053127,0.00105637240429828,1,1,0.0003375,0.000337175949538075,1,1,8
"FluSight-baseline","41",1,1,0.0011397975463097,0.00113313702957865,1,1,0.0010125,0.00101073265446148,1,1,8
"FluSight-baseline","42",1,1,0.00093383067067763,0.000929439578676949,1,1,0.000425,0.000424582932945349,1,1,8
"FluSight-baseline","44",1,1,0.000943366571749685,0.000938898232615802,1,1,0.0007125,0.000711822607258845,1,1,8
"FluSight-baseline","45",1,1,0.00139468536654823,0.00138263972520138,1,1,7e-04,0.000699257093079235,1,1,8
"FluSight-baseline","46",1,1,0.00118630816467839,0.00118056211079364,1,1,0.0012375,0.00123554158981425,1,1,8
"FluSight-baseline","47",1,1,0.00140832343998549,0.00139725127855893,1,1,0.0005875,0.00058633422938443,1,1,8
"FluSight-baseline","48",1,1,0.00153459960349658,0.00152315202399548,1,1,0.000875,0.000872569436205322,1,1,8
"FluSight-baseline","49",1,1,0.00101673091654558,0.00101093891019326,1,1,0.0004625,0.000462064816316422,1,1,8
"FluSight-baseline","50",1,1,0.00096388157082549,0.000957929073101889,1,1,0.0002625,0.000262430650114467,1,1,8
"FluSight-baseline","51",1,1,0.00137876235795483,0.00136929335021118,1,1,8e-04,0.000798607567202294,1,1,8
"FluSight-baseline","53",1,1,0.00149362850727882,0.00148412171466834,1,1,0.001925,0.00191776221274294,0.75,1,8
"FluSight-baseline","54",1,1,0.00120821819445559,0.00120065261840871,1,1,0.000375,0.000374568038049518,1,1,8
"FluSight-baseline","55",1,1,0.000953173527649407,0.000948204303381997,1,1,0.0004875,0.000487122191841584,1,1,8
"FluSight-baseline","56",1,1,0.00157134702352132,0.00155863010177995,1,1,0.001575,0.00156642355031754,1,1,8
"FluSight-ensemble","01",0.157307437676578,0.158428179584599,0.000260027045202492,0.00025954347005383,0.230318777735891,0.230417990731662,0.000169208391224258,0.000168937387215749,1,1,8
"FluSight-ensemble","02",0.416201942731957,0.417770151832935,0.000532551545584085,0.000531318789452986,1.85802111200149,1.85865067894632,0.000862860992501414,0.000860784430554256,0.625,1,8
"FluSight-ensemble","04",0.313186149787649,0.314103771387196,0.000478103911720488,0.000476152977493885,0.272473903353516,0.27270333021694,0.0005547947611624,0.000552688328259661,0.75,1,8
"FluSight-ensemble","05",0.202930796371308,0.203926887593532,0.000232107311485733,0.000231818906177101,0.365720109653758,0.365698526448232,0.000173527668307456,0.000173299482397357,0.875,1,8
"FluSight-ensemble","06",0.651066868924154,0.652748520375014,0.000600660769523109,0.00059902506293192,5.71939195706944,5.72131299056195,0.00104709062253993,0.00104412944444493,0.25,1,8
"FluSight-ensemble","08",0.312578009790458,0.313443311010505,0.00039241975099923,0.00039175195489732,0.393408189552326,0.393624756442731,0.000663691920714061,0.000662745355911008,0.625,1,8
"FluSight-ensemble","09",0.270229940574276,0.27146017000731,0.000311644174380371,0.000311206763237299,0.388777993998523,0.388916687127519,0.000356390917888413,0.000356107086897007,0.75,1,8
"FluSight-ensemble","10",0.182829909096885,0.183784748448588,0.000206181811716954,0.000206011887071614,0.476173585204885,0.476256448358519,0.000293494517600096,0.000293337611831849,0.875,1,8
"FluSight-ensemble","11",0.236036003420994,0.236909658005495,0.000231623244972925,0.000231320903814746,0.492066546672153,0.492182963154,0.000252418770713743,0.000252129623939017,0.875,1,8
"FluSight-ensemble","12",0.289909154540418,0.290621508240569,0.000331028002097725,0.000330117410600191,0.309537474137162,0.309661643953859,0.000233705174170334,0.000233103377728365,1,1,8
"FluSight-ensemble","13",0.197881850534525,0.198807576157936,0.000192353008658742,0.000192133918844838,0.346821135633018,0.346892577523098,0.000207419513042473,0.000207231599452397,1,1,8
"FluSight-ensemble","15",0.533341589985896,0.534024917363077,0.00150760213189576,0.00148715461791474,0.468498855200713,0.469007478559444,0.00211258539952582,0.00208657876864762,0.625,1,8
"FluSight-ensemble","16",0.268397154543394,0.269443501511158,0.00028163105421639,0.000281160560205175,0.466830992692567,0.466884729351364,0.000303051355971245,0.000302573362638809,0.875,1,8
"FluSight-ensemble","17",0.150765493375672,0.151503284882236,0.000154048655865868,0.000153916429785001,0.31746670413505,0.317514380071212,0.000120285653254781,0.000120224721770911,0.875,1,8
"FluSight-ensemble","18",0.121970736017505,0.122728859356834,0.000145037996886418,0.000144935220768196,0.478351382838371,0.478395469493819,0.000143618809798383,0.000143557514342351,0.875,1,8
"FluSight-ensemble","19",0.200611810198699,0.201560036543515,0.000162525709894506,0.000162429536387781,NA,NA,0.000107003669613685,0.000106995864170566,0.375,1,8
"FluSight-ensemble","20",0.166092163520966,0.166914654848454,0.000148998526885615,0.000148902751538693,0.762496301137584,0.762508136537443,0.000196625975174476,0.000196522996926125,0.75,1,8
"FluSight-ensemble","21",0.133167147683492,0.134118688043444,0.000180155863981546,0.000179976420830177,0.389251609128403,0.389332225539692,0.00018728787268416,0.000187157693944505,1,1,8
"FluSight-ensemble","22",0.163382258833722,0.164248801452079,0.000218120843052155,0.000217841989278361,0.37503763878217,0.37509661214771,0.000208772853036178,0.000208563197163301,1,1,8
"FluSight-ensemble","23",0.228989435359722,0.229962986365065,0.000218840644459957,0.000218542680608683,0.373086263569465,0.373180426561133,0.000221572336626432,0.000221342878566895,1,1,8
"FluSight-ensemble","24",0.166391980517675,0.167256888930723,0.000199918693072126,0.000199643341852251,0.334410622146654,0.334486472850254,0.000188134613260038,0.000187934161787114,1,1,8
"FluSight-ensemble","25",0.225620094333581,0.226623658522546,0.000234285294666163,0.000233971058124307,0.384189421770602,0.384288576990232,0.00024169125004156,0.000241490639461035,0.75,1,8
"FluSight-ensemble","26",0.143563354951312,0.144280426322479,0.000128131053418776,0.000128044399642916,0.590921346696799,0.590922374246245,0.000104785266257037,0.000104735569233257,0.875,1,8
"FluSight-ensemble","27",0.248326351154034,0.24963604545782,0.000361968565071493,0.000361457032057204,0.360329014060975,0.360525668076926,0.000545679891985419,0.000545110413256797,0.375,1,8
"FluSight-ensemble","28",0.181548273398361,0.182583633343528,0.000263755697312653,0.000263280721172289,0.352246497534511,0.352350855777281,0.000240950782839428,0.000240543254060602,1,1,8
"FluSight-ensemble","29",NA,NA,0.000136780006751081,0.000136697785109139,NA,NA,0.000233798304132562,0.000233665138549118,0.5,1,4
"FluSight-ensemble","30",0.208491195340256,0.209393976549279,0.000200503485178896,0.000200311832642954,0.561879904466796,0.561965902170699,0.00024207723521902,0.000241915336227446,0.875,1,8
"FluSight-ensemble","31",0.175709282876252,0.176322403977281,0.000121875277439691,0.000121807477027195,0.731666954103392,0.731683356504133,0.000126982563765777,0.000126944888697744,0.875,1,8
"FluSight-ensemble","32",0.49020567862008,0.49114144662707,0.00067316940821873,0.000669566706901559,0.466239414129649,0.466519216428484,0.000923774101376517,0.000918746593626169,0.625,1,8
"FluSight-ensemble","33",0.277661750976856,0.278698615333567,0.000346363133980102,0.000345841207858254,0.406834583840347,0.407034611433532,0.000559157821352165,0.000558491689654256,0.5,1,8
"FluSight-ensemble","34",0.210095092913866,0.211006044622185,0.000252552678472839,0.000252143195579375,0.317531272983593,0.317622213724475,0.000283985898409558,0.000283614259105169,1,1,8
"FluSight-ensemble","35",0.236437629647915,0.237847875489656,0.000335082024926346,0.000334354337237532,0.290061765816185,0.290227540233993,0.000367758840514031,0.000367066694972597,1,1,8
"FluSight-ensemble","36",0.244541518692716,0.245287628360006,0.000229872423433474,0.000229543723540443,0.328558849034969,0.328660363488407,0.000280670593053857,0.000280380486312894,1,1,8
"FluSight-ensemble","37",0.215302041097214,0.21684208349591,0.000442662089737879,0.000440694640769826,0.258505950232627,0.25863119457482,0.000322977484976036,0.000321472568204539,1,1,8
"FluSight-ensemble","38",0.303805345117513,0.304971541825996,0.000468466456462834,0.000467514254489822,0.350052111961516,0.350374742157785,0.000731480160000107,0.000730331961644208,0.75,1,8
"FluSight-ensemble","39",0.123768035408505,0.124463338631048,0.000130275136681077,0.000130194736811878,0.484041005567092,0.484077945241427,0.00011147601522229,0.000111442903260512,0.75,1,8
"FluSight-ensemble","40",0.157278806909704,0.158168977320971,0.000155149733778596,0.000155022995939194,0.479215359717067,0.479323950640087,0.000169274692715846,0.000169151746346568,0.875,1,8
"FluSight-ensemble","41",0.230137305318455,0.231075449517172,0.000252056731123611,0.000251635485680851,0.242022683268734,0.24211503266409,0.000238063716685593,0.000237734867569186,1,1,8
"FluSight-ensemble","42",0.186765105813625,0.187409528221594,0.000160570473265053,0.000160389256096757,0.176064790664141,0.176103861606664,8.25010704969023e-05,8.24386731635074e-05,1,1,8
"FluSight-ensemble","44",0.277664614386489,0.278626323036428,0.000248120277462116,0.00024784319743905,0.412149958303709,0.412261959550041,0.000297548352982803,0.000297346945282552,0.875,1,8
"FluSight-ensemble","45",0.174744139290923,0.176024941312867,0.000235505341226727,0.000235236896391675,0.469838495465568,0.469909267516543,0.000315150314675915,0.000314875274609764,0.875,1,8
"FluSight-ensemble","46",0.243419374051666,0.244236128015451,0.000275799759866436,0.000275422629605871,0.291583001399516,0.291718438507893,0.000357893788973327,0.000357517260389564,0.75,1,8
"FluSight-ensemble","47",0.181547288265329,0.182639268568549,0.000238630926046683,0.000238229559468813,0.571604097097748,0.571750017184671,0.00030235820218992,0.000301838533859449,1,1,8
"FluSight-ensemble","48",0.203949696129898,0.204932613536501,0.000296215530856517,0.000295477124317517,0.411445539072923,0.411486720216503,0.000290742230330461,0.000289977505126639,0.875,1,8
"FluSight-ensemble","49",0.208954181797416,0.209914625628053,0.000196472775864616,0.000196288710624189,0.585572863488189,0.585650543299648,0.000273873146326353,0.000273653328327842,0.75,1,8
"FluSight-ensemble","50",0.200453131607594,0.201540348440006,0.000180942716985709,0.000180838656898471,0.891865168075956,0.891871940431412,0.000221864911495166,0.000221808945553592,0.5,0.5,8
"FluSight-ensemble","51",0.179804984813581,0.18073086396085,0.000235741728760233,0.000235364803884009,0.357962474886807,0.358087753614403,0.000283467679596243,0.00028307016322905,1,1,8
"FluSight-ensemble","53",0.250144263218572,0.250940513463208,0.00036520335380956,0.000364078518246059,0.193381366804143,0.193541401413939,0.000376861029781232,0.000375769734301261,0.875,1,8
"FluSight-ensemble","54",0.24254706565728,0.243748915328436,0.000264335607647141,0.00026403061956096,1.51092479282581,1.51116167678646,0.000443273837567675,0.00044281624517515,1,1,8
"FluSight-ensemble","55",0.194783307600427,0.195562350783017,0.000173214651653419,0.000173033368553318,0.271103629714714,0.271151959366907,0.000128515537069917,0.000128439862594342,1,1,8
"FluSight-ensemble","56",0.668135942125653,0.670403947919531,0.000968830488820852,0.000964282982659746,1.25597789006056,1.25698890358277,0.00166573759035837,0.00165792597929701,0.25,1,8
"LosAlamos-DoSiDo","01",0.206072933942994,0.207504350651146,0.000380462303520681,0.000379642622287952,0.828190652730268,0.828269549059063,0.000653587601343628,0.00065225972118153,0.25,1,4
"LosAlamos-DoSiDo","02",0.720143219986121,0.722997955102212,0.000883227926761763,0.000881440052722088,3.68548248406457,3.68887110240424,0.00180678706385881,0.0018037697606114,0,1,4
"LosAlamos-DoSiDo","04",0.958237559196786,0.960517764799886,0.00157099090528483,0.00156313098858179,1.09233606992083,1.0921815747084,0.00219036181192366,0.0021789650765235,0,0.5,4
"LosAlamos-DoSiDo","05",0.176355725612056,0.177214711089126,0.000231111988407587,0.000230800785736485,0.541002581130341,0.541039143785667,0.000385128257875595,0.000384635330940512,0.75,1,4
"LosAlamos-DoSiDo","06",0.222544013697727,0.222971122467276,0.000196677550399619,0.000196024115173803,1.14782351021892,1.14753462483137,0.000200331147564468,0.000199652434083677,1,1,4
"LosAlamos-DoSiDo","08",0.497193401513974,0.498526114545781,0.000641544824395292,0.000640245703225267,0.637940712544408,0.638190049944137,0.00112274845932439,0.00112068410070718,0.25,1,4
"LosAlamos-DoSiDo","09",0.32481015995593,0.326264003540266,0.000399329650099341,0.000398670913643012,0.213598151627437,0.213674330041965,0.000205138369056343,0.00020494842181757,1,1,4
"LosAlamos-DoSiDo","10",0.176669372662573,0.177598751392596,0.000195567383085947,0.000195401965195434,0.331884502411943,0.33195025209676,0.000187478124393403,0.000187376864809698,1,1,4
"LosAlamos-DoSiDo","11",0.287783323816129,0.288836439251609,0.000308167617911529,0.000307725029427251,0.57208252845564,0.572192560993349,0.00030613621479084,0.00030576364297492,1,1,4
"LosAlamos-DoSiDo","12",0.281922759346829,0.282559303903184,0.000339029211365649,0.00033798334378931,0.807825694171732,0.807920032199764,0.000599710728575623,0.000597919416160479,0.5,1,4
"LosAlamos-DoSiDo","13",0.300082919020217,0.301489454480021,0.000326333376538426,0.000325939704822682,0.790433545887648,0.790492828015698,0.000600784795200076,0.000600094955971556,0,1,4
"LosAlamos-DoSiDo","15",0.607193871383973,0.608179023031127,0.00152100007165266,0.00149989466469737,0.669262124807874,0.669803801652038,0.0025475652813788,0.00251254106757242,0.25,1,4
"LosAlamos-DoSiDo","16",0.327534676050837,0.328765321815945,0.000338961235764136,0.000338305566099874,0.694474723614597,0.694664971655608,0.000419806411661812,0.000419160781448749,1,1,4
"LosAlamos-DoSiDo","17",0.182505019277926,0.183420254532054,0.000183846618550095,0.00018369491799023,0.320204143106652,0.320251163873282,9.936512722052e-05,9.93050575067995e-05,1,1,4
"LosAlamos-DoSiDo","18",0.151239258403976,0.152202264339807,0.000175212227196671,0.000175099182285688,0.861937911362486,0.862084424280195,0.000201876208886688,0.000201793688016639,1,1,4
"LosAlamos-DoSiDo","19",0.0686492112525664,0.06897517519973,5.46622240206107e-05,5.46315655512333e-05,0,0,0,0,1,1,4
"LosAlamos-DoSiDo","20",0.162630598435759,0.163443737473093,0.000151716020923177,0.000151622049658266,0.686681964218897,0.686685419169518,0.00017250657532355,0.000172411681990057,0.75,1,4
"LosAlamos-DoSiDo","21",0.161339055601757,0.162493734881364,0.00023791977035405,0.000237650411506918,0.409373872179831,0.409428337114045,0.000192668577950485,0.00019250623056768,1,1,4
"LosAlamos-DoSiDo","22",0.135280224997702,0.136016455685899,0.000179491135565285,0.000179271846385761,0.538615622659134,0.538672420702916,0.000279664333248903,0.000279343338221088,0.75,1,4
"LosAlamos-DoSiDo","23",0.329164872499072,0.330609215179087,0.000318762317333222,0.00031834771368417,0.520591556375401,0.520792283895828,0.000304754333786401,0.000304458237811004,1,1,4
"LosAlamos-DoSiDo","24",0.19786232415317,0.198894179235718,0.000253105257097418,0.000252736217145673,0.466440569959993,0.466524170007155,0.00028695371847931,0.000286616462367019,1,1,4
"LosAlamos-DoSiDo","25",0.297308165095626,0.298663276326388,0.000334198405927022,0.000333735007605542,0.217803187372342,0.217840022896162,0.000136006801068336,0.000135865300251186,1,1,4
"LosAlamos-DoSiDo","26",0.174539239786994,0.175437614324528,0.000156067538748046,0.000155981789556152,1.02928670152871,1.02935621686612,0.000166146555925403,0.000166076246459159,1,1,4
"LosAlamos-DoSiDo","27",0.290499688738058,0.292012594774607,0.000429527586789495,0.000428828391411004,0.564101989510932,0.564266442856115,0.000786689474754658,0.000785584912409406,0.5,1,4
"LosAlamos-DoSiDo","28",0.163353717664927,0.164291595928256,0.000245855774445917,0.000245368786705953,0.393945778468841,0.394087082280261,0.000264855991786386,0.000264385407648422,0.75,1,4
"LosAlamos-DoSiDo","30",0.287383316704501,0.288592069185828,0.00028487446003152,0.000284541595431276,0.932997530890189,0.93301666249215,0.000349160810009537,0.000348867197957804,1,1,4
"LosAlamos-DoSiDo","31",0.195588093113251,0.196280063929348,0.000137039776076189,0.000136967648228662,0.674990206991976,0.675004759991478,0.000111901442393576,0.00011186722162348,1,1,4
"LosAlamos-DoSiDo","32",0.757320064296742,0.758292026641603,0.0012211966161437,0.00121368681791768,0.817629739021446,0.817621560446023,0.00198677348554148,0.00197462100957175,0.25,1,4
"LosAlamos-DoSiDo","33",0.444041911403465,0.445577662336406,0.000628515151377961,0.000627254664330575,0.742018254819975,0.742248303102574,0.0011119814332064,0.0011102437222385,0.5,1,4
"LosAlamos-DoSiDo","34",0.291722784359734,0.292975493112851,0.000429218625313068,0.000428416652457567,0.605824129128308,0.605906270372148,0.000726605574482427,0.000725462715450742,1,1,4
"LosAlamos-DoSiDo","35",0.412612823553773,0.414827562602488,0.000698452315045152,0.000696393253241109,0.881768687145079,0.881758890943542,0.00127278977671257,0.00126945664826712,0.5,1,4
"LosAlamos-DoSiDo","36",0.317876350924923,0.318856912157534,0.000332786350210389,0.000332277779212375,0.616966491339313,0.617064584029858,0.000563079308444554,0.000562337678252375,0.75,1,4
"LosAlamos-DoSiDo","37",0.28883995089593,0.290728341895746,0.000640388327414713,0.000636957996506525,0.920247194120945,0.920303252668267,0.00114242024925204,0.0011363350531131,0,1,4
"LosAlamos-DoSiDo","38",0.434123619314948,0.435578383686358,0.000685547659714491,0.000683646558716586,0.39833198387174,0.39867958112309,0.000874750006271996,0.000873143058757779,1,1,4
"LosAlamos-DoSiDo","39",0.126339856192384,0.127073127744039,0.000132698487985079,0.000132630830258159,0.547375446116655,0.547383824094657,0.000107569307807612,0.000107526421307572,1,1,4
"LosAlamos-DoSiDo","40",0.245435362307637,0.246801252906027,0.000233642388895333,0.000233416203545983,1.25084161290626,1.25093490654453,0.000406667406618545,0.000406292515939478,0.25,1,4
"LosAlamos-DoSiDo","41",0.447517808712581,0.449278411331726,0.000519451109994107,0.00051845306676774,0.982343614397579,0.982371905883497,0.000996445020119128,0.000994636807099571,0,1,4
"LosAlamos-DoSiDo","42",0.234781802057646,0.235612577355532,0.000223735784530527,0.00022348255886021,0.152479416300732,0.152519021452039,7.02542943329115e-05,7.02004064807589e-05,1,1,4
"LosAlamos-DoSiDo","44",0.31632148043499,0.317417780655485,0.000316051104132969,0.000315656975034989,0.39371070075901,0.39380531381193,0.000298665844652489,0.000298426792770935,1,1,4
"LosAlamos-DoSiDo","45",0.189006762474952,0.190398158395846,0.000254535925836372,0.000254239600933906,0.597137184182991,0.597220827640098,0.000403588678940894,0.000403195947019019,1,1,4
"LosAlamos-DoSiDo","46",0.307678091414658,0.308629734114636,0.000375257944984374,0.000374596844933476,0.257094288609847,0.257201154697604,0.000322988133381629,0.00032257385025285,1,1,4
"LosAlamos-DoSiDo","47",0.143531376787544,0.144371583168234,0.000205835477391874,0.000205415677658783,0.50256745483403,0.502659250835241,0.000309927242553723,0.000309329444744673,1,1,4
"LosAlamos-DoSiDo","48",0.189092539863207,0.189967217655556,0.000317640858813566,0.000316751045867347,0.622305911513895,0.622408703603348,0.000528469769327141,0.000527014968795072,0.5,1,4
"LosAlamos-DoSiDo","49",0.243789378137355,0.244923720471431,0.000238893270365229,0.000238644360638827,0.775497058253274,0.775590193062733,0.000338195352232832,0.000337884586132067,0.75,1,4
"LosAlamos-DoSiDo","50",0.20789153764576,0.208986691887115,0.000190304759648229,0.000190154422446375,0.447742540941366,0.447712342569267,0.0001076214677612,0.00010758290917695,1,1,4
"LosAlamos-DoSiDo","51",0.292071323730579,0.293563675066418,0.000432163105243779,0.000431384861856061,0.763996202639579,0.764139469412267,0.000765726737858769,0.000764413027216476,0,1,4
"LosAlamos-DoSiDo","53",0.587827395963578,0.589327755758681,0.000913817941709166,0.000910181284635026,0.796183744647319,0.796381266626464,0.00165647489558784,0.00165035755015196,0.25,1,4
"LosAlamos-DoSiDo","54",0.263966483516756,0.265271184392851,0.000322485457568002,0.000322095695896546,1.34495350827576,1.34513889816525,0.000477195540803945,0.000476661780239998,1,1,4
"LosAlamos-DoSiDo","55",0.326744034017045,0.32793622230584,0.000333548217095472,0.000333041582383268,0.153320145529803,0.153379529857254,8.90933190835341e-05,8.90551034084371e-05,1,1,4
"LosAlamos-DoSiDo","56",0.317277035484411,0.318119370280348,0.000561314470319354,0.000558240372005028,0.398745895521162,0.398690684558748,0.000625388713363402,0.000621795791171885,1,1,4
"LosAlamos-ThinMint","01",0.439689934608595,0.441829860439895,0.000762572964742966,0.000759253637814232,0.270439648262865,0.270527867407428,0.000202890172249318,0.00020252949721933,1,1,4
"LosAlamos-ThinMint","02",0.676815390564168,0.678218779519414,0.000845588693754468,0.000842196277853943,2.36980412276546,2.370956795382,0.00110715318914359,0.00110477197400765,0.75,1,4
"LosAlamos-ThinMint","04",0.533507501222682,0.534501000676796,0.000814455376745321,0.000809884251075514,0.374807249733754,0.375105033916959,0.000885127574328317,0.000881432719473327,0.75,1,4
"LosAlamos-ThinMint","05",0.405858420347348,0.407283656758375,0.000539582880404528,0.000538065493917631,0.836795074180155,0.837150491096061,0.00060836653983553,0.000607833906103059,1,1,4
"LosAlamos-ThinMint","06",0.685717683340761,0.68696186472451,0.000613902126669244,0.000611787354422208,5.1387093197547,5.13943993990315,0.000915409180501525,0.000912696972441566,1,1,4
"LosAlamos-ThinMint","08",0.510174347772162,0.510957982139985,0.000650709274913338,0.00064861414194939,0.475264500262351,0.475521533445127,0.000818889886697542,0.000817516605161878,1,1,4
"LosAlamos-ThinMint","09",0.590816286812544,0.592166781413757,0.000726364166434498,0.000723584793950854,0.686157623202613,0.686255799987243,0.000658981618833823,0.000658230884088493,1,1,4
"LosAlamos-ThinMint","10",0.475672191599016,0.476918308972971,0.000534891987774602,0.000532986720144848,0.327981624958898,0.328046534585385,0.00017897603174593,0.000178881585889527,1,1,4
"LosAlamos-ThinMint","11",0.584775591379517,0.585789854009592,0.0006369451163523,0.000634772219046497,1.17169735732845,1.17173153993227,0.0006448977159064,0.000644008555897533,0.75,1,4
"LosAlamos-ThinMint","12",0.569228628740386,0.570006966053657,0.00064339397082005,0.000640789799020913,0.190488039408161,0.190568255687544,0.00014440111132286,0.00014401781110007,1,1,4
"LosAlamos-ThinMint","13",0.548307238861475,0.550138308666319,0.000584593546753268,0.000583085044608006,1.10286954532666,1.10276290653825,0.000805727812013305,0.000804670273317721,0.5,1,4
"LosAlamos-ThinMint","15",0.866131190825149,0.867727369637549,0.0020524167735674,0.00202410005546848,0.930414334876597,0.931119620351115,0.00330104226615783,0.00325488038462234,0.5,1,4
"LosAlamos-ThinMint","16",0.531842474432306,0.533234308476151,0.000551145041678658,0.000549419894332211,0.774973218729933,0.77515834233649,0.000454316295065552,0.000453602235551428,1,1,4
"LosAlamos-ThinMint","17",0.456103876224556,0.457473131644764,0.000465363290138181,0.000464012382223822,0.546104325559325,0.546167832558307,0.000164154570540352,0.000164050107692552,1,1,4
"LosAlamos-ThinMint","18",0.381368459290546,0.382954739614487,0.000452017828821029,0.000450691202951467,0.586845238133911,0.586934752492631,0.00014788995766857,0.00014783068882614,1,1,4
"LosAlamos-ThinMint","19",0.200136767015272,0.200445649860989,0.000159359744908075,0.000158762331927837,0,0,0,0,1,1,4
"LosAlamos-ThinMint","20",0.40375020201901,0.405067908038929,0.000390636237628488,0.000389685035929391,1.44709178787829,1.44733301134391,0.000409163199101475,0.000409014206373635,1,1,4
"LosAlamos-ThinMint","21",0.338018996810375,0.33982489318285,0.00050015747729994,0.000498662791417219,0.256055818218842,0.256059898611862,0.00011346480313727,0.000113354672547296,1,1,4
"LosAlamos-ThinMint","22",0.469948753667295,0.471417682153576,0.000622117603700374,0.000619878559926561,0.369748801207617,0.369786233650107,0.000185097202802908,0.000184883198846152,1,1,4
"LosAlamos-ThinMint","23",0.549964230424065,0.552019810721759,0.000528187757121825,0.000527126985146465,1.92882183509707,1.93011058764379,0.000999389975230065,0.000998668251946126,0.75,1,4
"LosAlamos-ThinMint","24",0.430952525143321,0.432305446826226,0.000546638410214315,0.000544699159994067,0.653475376835144,0.653467629836284,0.00037781697714649,0.000377299359768735,1,1,4
"LosAlamos-ThinMint","25",0.414232019903491,0.41548264174915,0.000467204865215063,0.000465827114095791,0.561833641316413,0.562202640334551,0.000400634622558635,0.000400434840605577,1,1,4
"LosAlamos-ThinMint","26",0.48954127151821,0.491106234117899,0.000452398971292023,0.000451246214648717,1.84397546132079,1.84374102720457,0.00031368636591462,0.000313495883685833,1,1,4
"LosAlamos-ThinMint","27",0.496655332171626,0.498223421322541,0.00072851691023768,0.000725794104706366,0.46799600852705,0.468186218301567,0.00068667180949283,0.00068578093912993,1,1,4
"LosAlamos-ThinMint","28",0.367267711931619,0.368979071935084,0.000566170476305907,0.000564421488260235,0.520641271357077,0.520891075895163,0.000378746884314543,0.000378124813387667,1,1,4
"LosAlamos-ThinMint","30",0.366068939273788,0.367351751992327,0.000364868068463139,0.000364153274081325,1.25454981880269,1.25495498602975,0.000466692237803045,0.000466435755596039,1,1,4
"LosAlamos-ThinMint","31",0.32172083823901,0.322526018880517,0.000225349774569949,0.000224980397107024,1.62679976860473,1.62700373202714,0.000267082312194875,0.000267026995647371,1,1,4
"LosAlamos-ThinMint","32",0.75561359070333,0.755974340946984,0.00119664746843116,0.00118831318266795,0.698458363762474,0.698585662923936,0.00171922182911437,0.00170905334511024,0.75,1,4
"LosAlamos-ThinMint","33",0.811998180543034,0.813752553856532,0.00114719542074107,0.00114337497499293,1.2155706757075,1.21551432014068,0.00181236140290844,0.00180886992066981,0,1,4
"LosAlamos-ThinMint","34",0.509486854570826,0.510646276652985,0.000755629586407425,0.000752673644436035,0.738955584386343,0.739002528597997,0.000889440640143782,0.000887974866361639,1,1,4
"LosAlamos-ThinMint","35",0.467695511658714,0.469552120084106,0.000781538191559539,0.000778054712087848,0.408169322458812,0.408353689327441,0.000627924173486205,0.000626578878727836,1,1,4
"LosAlamos-ThinMint","36",0.433105321127969,0.433958637481205,0.000448462378677964,0.000447263470466262,0.457603704190193,0.45769564100393,0.000401212791178997,0.00040070279550218,1,1,4
"LosAlamos-ThinMint","37",0.647520434126947,0.648939789547083,0.00139836438064769,0.00138475352085279,1.22230162083062,1.22208501904832,0.00149068522784509,0.00148238738460127,1,1,4
"LosAlamos-ThinMint","38",1.15219296456967,1.1538916279762,0.00182216072161031,0.00181374203072694,1.38205927996166,1.38151657737638,0.0028057214552624,0.00279694990176829,0,0.75,4
"LosAlamos-ThinMint","39",0.388381172078777,0.389706411031782,0.000413091269575785,0.00041187425201428,0.670451664757432,0.670565200682266,0.000147276278456862,0.000147243185901454,1,1,4
"LosAlamos-ThinMint","40",0.364750841385557,0.366446830763954,0.000367876219976836,0.000367171212267683,1.03075121642545,1.03114970114341,0.000381306562714908,0.000381086066687648,1,1,4
"LosAlamos-ThinMint","41",0.5353586127922,0.53669003584016,0.000618245258758426,0.000616142571782642,0.256235431781354,0.256247037381366,0.000244693283522035,0.000244249352039498,1,1,4
"LosAlamos-ThinMint","42",0.491618293853139,0.492539606077957,0.00047575139571974,0.000474403036876558,0.727435501822387,0.727502546258745,0.000293569468103308,0.000293288468498616,1,1,4
"LosAlamos-ThinMint","44",0.43331785924234,0.43420082379205,0.00043091402034,0.000429752624363393,0.394517338161995,0.394626765381139,0.000286196098702565,0.000285978653044225,1,1,4
"LosAlamos-ThinMint","45",0.461728434621863,0.464126040564382,0.000622585364436697,0.000620468247566157,0.644045791205096,0.644115558246729,0.000428518416914912,0.000428087248315582,1,1,4
"LosAlamos-ThinMint","46",0.518807240227186,0.519777610480612,0.000642236186608513,0.000640314690484608,0.662091847340069,0.662168680676344,0.00081801799078119,0.000816708050951135,1,1,4
"LosAlamos-ThinMint","47",0.420355864765275,0.422172994220263,0.000596080870245523,0.000593933473650508,0.350232930733185,0.350292463724702,0.000203984374274868,0.000203588842105858,1,1,4
"LosAlamos-ThinMint","48",0.525233752048578,0.526588459388395,0.000796830055978152,0.000792890938979306,0.968664626699118,0.968617628704383,0.000741907404697767,0.000739705794267424,1,1,4
"LosAlamos-ThinMint","49",0.589466701686155,0.591165033411579,0.000589051857022337,0.000587376402963733,1.30515245002565,1.305136548234,0.000572238937501892,0.000571637855396673,0.75,1,4
"LosAlamos-ThinMint","50",0.306816872777187,0.307983972483428,0.000284159944003822,0.000283480156846213,1.20350322007535,1.20354119711969,0.000275,0.000274923778404636,1,1,4
"LosAlamos-ThinMint","51",0.611694151996686,0.613000999670204,0.00091075921805494,0.000906380979278708,1.0888151145363,1.08882347526043,0.0010808104773921,0.0010787651697821,1,1,4
"LosAlamos-ThinMint","53",0.415056252418504,0.416069189626298,0.000638038705968951,0.000635401984414354,0.200686850359176,0.200788753910983,0.00039575553509326,0.000394392618882832,1,1,4
"LosAlamos-ThinMint","54",0.411313884909241,0.41307240049472,0.000508190893642846,0.000507210525650993,2.57482922940027,2.57583452520532,0.000938149819752895,0.000937352724664534,1,1,4
"LosAlamos-ThinMint","55",0.508393616298951,0.509548723621549,0.000524712145747743,0.0005231749785068,0.71270052949214,0.712713874704356,0.000372572026805862,0.000372267520454731,1,1,4
"LosAlamos-ThinMint","56",0.98369790382205,0.987189859089059,0.00174032093748954,0.00173233473237361,2.02576865885367,2.02847235147414,0.00317719346923074,0.00316359428375182,0.25,1,4
"MOBS-EpyStrain_Flu","01",0.326940034684478,0.329449215780202,0.000505652173913043,0.000504975687738109,1.07597735837413,1.07660159062065,0.0006875,0.000686473495596846,0,1,8
"MOBS-EpyStrain_Flu","02",0.773834780967887,0.777054183841006,0.00101092391304348,0.00100898919642098,3.61077704501675,3.61367261686824,0.001725,0.00172166709856887,0,1,8
"MOBS-EpyStrain_Flu","04",0.967675723171219,0.971421661921732,0.0013541847826087,0.00134979241227527,1.38357285079783,1.38601113161498,0.002575,0.0025672138259742,0.125,1,8
"MOBS-EpyStrain_Flu","05",0.248695521036983,0.249942194855993,0.000284619565217391,0.000284297985891145,0.540053379032523,0.54008603900429,0.000275,0.000274674170327602,1,1,8
"MOBS-EpyStrain_Flu","06",1.36643880664046,1.37048688533937,0.00120907608695652,0.0012062179421094,13.2428687441025,13.2559551411348,0.0023375,0.00233234325905709,0,1,8
"MOBS-EpyStrain_Flu","08",0.303262388507201,0.304109848508879,0.000358478260869565,0.000357864992662081,0.224602735960458,0.224725414258954,0.00035,0.000349507107178509,1,1,8
"MOBS-EpyStrain_Flu","09",0.389674932752828,0.391392241990049,0.000457119565217391,0.000456405944411648,0.458183871029178,0.45829771075321,0.000425,0.000424620406148449,0.625,1,8
"MOBS-EpyStrain_Flu","10",0.346734634432284,0.348444839653421,0.000388804347826087,0.000388375631138208,0.896522823941748,0.896555873381527,0.00055,0.000549627773120758,1,1,8
"MOBS-EpyStrain_Flu","11",0.286774728634586,0.287828855241311,0.000283097826086957,0.000282716902185626,0.35206412808731,0.352150824855887,0.000175,0.000174798988292926,1,1,8
"MOBS-EpyStrain_Flu","12",0.7526774067687,0.755125500420177,0.000818695652173913,0.000817088281909179,2.50029985843411,2.50303697068199,0.001675,0.00167181663288573,0.125,1,8
"MOBS-EpyStrain_Flu","13",0.236046139272067,0.237182156095239,0.000237554347826087,0.000237313418357071,0.30449461620796,0.304598195481318,0.0002375,0.000237309533655535,1,1,8
"MOBS-EpyStrain_Flu","15",2.95954983188409,2.97782350262928,0.00768103260869565,0.00761319306064958,2.55471998919442,2.56945744145168,0.010575,0.0104892400798608,0,0.25,8
"MOBS-EpyStrain_Flu","16",0.385081684951234,0.386673129836533,0.000387989130434783,0.000387421653165871,1.07989915880695,1.08021496354413,0.0006125,0.000611609490343953,0.875,1,8
"MOBS-EpyStrain_Flu","17",0.367390682181629,0.369111871163137,0.000373532608695652,0.00037313636968023,1.36620654367743,1.36614985120923,0.0005125,0.000512129659729626,0.75,1,8
"MOBS-EpyStrain_Flu","18",0.271238974796484,0.272864158494665,0.000321141304347826,0.00032084326226946,1.97594431305848,1.9756508954525,0.0005625,0.000562115912896293,1,1,8
"MOBS-EpyStrain_Flu","19",0.552475951546208,0.554992305710637,0.000434076086956522,0.000433745624558659,NA,NA,0.001,0.000999500333083423,1,1,8
"MOBS-EpyStrain_Flu","20",0.305028492976578,0.306463669851911,0.000280760869565217,0.000280513336632883,1.64578768539081,1.64547704152672,0.0004625,0.000462160888328148,1,1,8
"MOBS-EpyStrain_Flu","21",0.195663621742703,0.1970423934471,0.0002675,0.000267212076171371,0.583601197678221,0.583710289482071,0.0003125,0.000312269553647761,1,1,8
"MOBS-EpyStrain_Flu","22",0.234139868036107,0.235441377674143,0.0002975,0.000297194221487319,0.607771419075737,0.60784311257462,0.0003125,0.000312168497350319,0.875,1,8
"MOBS-EpyStrain_Flu","23",0.300650801423552,0.301898213260559,0.000290271739130435,0.000289848805919343,0.410645479817936,0.41072939823508,0.0002375,0.000237245912451794,1,1,8
"MOBS-EpyStrain_Flu","24",0.249613198681004,0.250873779104477,0.000305,0.000304534053315586,0.479576089869978,0.479686735668662,0.0002625,0.000262219683276916,0.75,1,8
"MOBS-EpyStrain_Flu","25",0.405114239022398,0.406837792577455,0.000420923913043478,0.000420288612765774,0.851874212593866,0.851822930642669,0.0004875,0.000486956327107824,0.5,1,8
"MOBS-EpyStrain_Flu","26",0.33994965154761,0.341568086676976,0.000303586956521739,0.000303314979278519,3.02634406910187,3.02569658910594,0.0005625,0.0005621096671439,1,1,8
"MOBS-EpyStrain_Flu","27",0.283158438498133,0.284623621254244,0.000406195652173913,0.00040557840205258,0.247841923906274,0.248013066592236,0.000375,0.000374660346603683,0.75,1,8
"MOBS-EpyStrain_Flu","28",0.340308523671361,0.342423320447861,0.000482826086956522,0.000482192696522978,1.01581113457245,1.01637936949903,0.000675,0.000674032705950881,0.375,1,8
"MOBS-EpyStrain_Flu","30",0.298643458273278,0.299896315996885,0.000297173913043478,0.00029684966457004,0.68751672314241,0.687590536522723,0.00035,0.000349750198498482,1,1,8
"MOBS-EpyStrain_Flu","31",0.477413336555213,0.478924489309888,0.0003325,0.000332211247485595,3.91404006324351,3.91283786348743,0.0007125,0.000712053443130185,1,1,8
"MOBS-EpyStrain_Flu","32",1.81634539932417,1.82253823306067,0.00243576086956522,0.00242630258182728,1.98426130837694,1.98924404000501,0.0039625,0.00394852788170554,0,0.875,8
"MOBS-EpyStrain_Flu","33",0.274377545188263,0.275446782497022,0.000340489130434783,0.000340019698839581,0.286685968674655,0.286892636119149,0.0003875,0.000387117283573824,1,1,8
"MOBS-EpyStrain_Flu","34",0.254226230814665,0.255338520088461,0.000296141304347826,0.000295675175767493,0.367635700614164,0.367802739648969,0.0002875,0.00028716852146736,0.875,1,8
"MOBS-EpyStrain_Flu","35",0.376129089815008,0.378552909064032,0.000503315217391304,0.000502448129565556,0.834078217191963,0.834745592278179,0.000925,0.000923401826577592,0.625,1,8
"MOBS-EpyStrain_Flu","36",0.339446425895562,0.340461982768047,0.000319130434782609,0.000318652415597455,0.329530431233386,0.329615695533845,0.0002625,0.000262218453212113,0.875,1,8
"MOBS-EpyStrain_Flu","37",1.18715000872179,1.19730576522581,0.00233880434782609,0.00233149122081501,3.08472890115366,3.0917410771822,0.0036625,0.00365182333407837,0,1,8
"MOBS-EpyStrain_Flu","38",0.368232218630437,0.369711016175785,0.000555054347826087,0.000553993634182873,0.464898221855901,0.465323458924755,0.0009125,0.000911023531628673,1,1,8
"MOBS-EpyStrain_Flu","39",0.327100794878044,0.328853844294807,0.000330652173913043,0.000330364247689686,3.27630732757359,3.275471974636,0.000675,0.000674566563007429,1,1,8
"MOBS-EpyStrain_Flu","40",0.261737397188592,0.263181102793466,0.000263586956521739,0.000263333982401258,0.75862463951076,0.758723852967828,0.0002875,0.000287260827534119,1,1,8
"MOBS-EpyStrain_Flu","41",0.249108888250028,0.250145967956585,0.000275380434782609,0.000274936316450314,0.287825777629061,0.287958810482902,0.0002625,0.00026215485019004,1,1,8
"MOBS-EpyStrain_Flu","42",0.319845995195455,0.320881204255737,0.000289239130434783,0.000288864222120133,0.475609457959993,0.475695722477552,0.00025,0.000249796420187767,0.875,1,8
"MOBS-EpyStrain_Flu","44",0.424260182230577,0.425650556827447,0.00039,0.000389500554043562,0.511888644738395,0.512034565276518,0.0004125,0.00041221209195202,1,1,8
"MOBS-EpyStrain_Flu","45",0.234524393801305,0.236230285675956,0.000307771739130435,0.000307405809158135,0.529294237126943,0.529365439937902,0.00035,0.000349689052596976,1,1,8
"MOBS-EpyStrain_Flu","46",0.331001982566712,0.332162109438371,0.000357336956521739,0.00035689099448405,0.496459540296653,0.496681111723715,0.0005375,0.000536888924877088,0.875,1,8
"MOBS-EpyStrain_Flu","47",0.409943074169709,0.412546333996538,0.000524130434782609,0.000523419072073489,1.52715397473653,1.52796198065415,0.0007875,0.000786346161451026,0.5,1,8
"MOBS-EpyStrain_Flu","48",0.694732966249742,0.698540835727915,0.000946902173913043,0.00094514872414155,2.24387612947619,2.24592724544889,0.00155,0.00154707734528693,0.125,1,8
"MOBS-EpyStrain_Flu","49",0.243644990945467,0.24475958462392,0.000239891304347826,0.000239660533741667,0.379603214414746,0.379647227997423,0.0002125,0.00021232452283158,1,1,8
"MOBS-EpyStrain_Flu","50",0.353410684269272,0.355232156454401,0.000320815217391304,0.000320542238500388,2.91653064863263,2.91562532217029,0.0007625,0.000762063434551881,1,1,8
"MOBS-EpyStrain_Flu","51",0.203852994649391,0.20494534176746,0.000272391304347826,0.000272005603709065,0.374104023916793,0.374329623296119,3e-04,0.000299647921486187,1,1,8
"MOBS-EpyStrain_Flu","53",0.523810545854129,0.525880184389004,0.000757826086956522,0.000756053974506254,0.844125787536345,0.845469946475273,0.001625,0.00162150479497307,0.125,1,8
"MOBS-EpyStrain_Flu","54",0.273526613458913,0.274793171445885,0.00030195652173913,0.00030151808856298,1.17072180255767,1.17080712777891,0.00035,0.000349614211585768,1,1,8
"MOBS-EpyStrain_Flu","55",0.386194984404815,0.387722881224581,0.000347771739130435,0.000347394789020968,0.942393192814112,0.942443327343916,0.0004875,0.000487142151901791,0.875,1,8
"MOBS-EpyStrain_Flu","56",1.374682957316,1.38066151245747,0.00206766304347826,0.00205996036991166,2.75852676461982,2.76395673883996,0.00385,0.00383659488783499,0,1,8
"MetroCast-ensemble","08",0.322070022894983,0.322916673508428,0.000394787678912575,0.000393957168414474,0.30115291299905,0.301305841684051,0.00049384992557705,0.000493012090141647,1,1,4
"MetroCast-ensemble","13",0.231858144275664,0.232847438295641,0.000250445403466455,0.000250030374101815,0.150156396773523,0.150212398223475,0.000113581500154663,0.000113485137160902,1,1,4
"MetroCast-ensemble","18",0.180757669357029,0.18177907979945,0.000212030000795254,0.000211738292421968,0.583222061615425,0.583269173366123,0.000131538439976518,0.000131471645431226,1,1,4
"MetroCast-ensemble","23",0.308295472761724,0.309558094794627,0.000297065298762092,0.000296587249243149,0.51833880355422,0.518453080144653,0.000269680064680837,0.000269365609796968,1,1,4
"MetroCast-ensemble","24",0.233444482005374,0.234606309380209,0.000293669980908711,0.00029316630405829,0.346645177833788,0.346712579146317,0.000193664565465844,0.000193435725667809,1,1,4
"MetroCast-ensemble","25",0.257897441299286,0.258991285994863,0.000293838226165116,0.000293335669780232,0.30444755289039,0.304548111447909,0.000220058570679687,0.000219868442581401,1,1,4
"MetroCast-ensemble","27",0.271170877107416,0.272470918228376,0.000393723967928704,0.000392904298391986,0.256821969026975,0.256971139601133,0.000386831646673378,0.000386407673216757,1,1,4
"MetroCast-ensemble","37",0.314855836888594,0.31717983192383,0.000660900294533466,0.000657893318575848,0.903225351015242,0.903973378402712,0.00105288176377085,0.00104805829589596,0.5,1,4
"MetroCast-ensemble","41",0.275072060115406,0.27610052606006,0.000317423836280328,0.000316747927982537,0.218536658089866,0.218630597866156,0.000221778362389465,0.000221465514957993,1,1,4
"MetroCast-ensemble","45",0.233142666307901,0.234741708474597,0.000304650549480905,0.000304131260910901,0.464935109441669,0.464988056115126,0.000289208798526226,0.000288916956301642,1,1,4
"MetroCast-ensemble","48",0.379695525124059,0.381452278438127,0.000545388173656125,0.000543819117627791,1.01105848926459,1.01138197050954,0.000678920034313172,0.000677113913421984,0.75,1,4
"MetroCast-ensemble","49",0.268290630420431,0.269393110854212,0.000268347626863789,0.000267919643984171,0.43318116562214,0.433292671996944,0.000195714413507892,0.000195560445769775,1,1,4
"MetroCast-ensemble","51",0.217929946378327,0.218976494404547,0.000324603696846621,0.000323915942441303,0.080201856829098,0.0802496368807476,8.3749611136925e-05,8.36406535774886e-05,1,1,4
"NAU-vulPES","01",0.217458171229761,0.218966780646764,0.000363727388266436,0.000362977944689005,0.25170200745261,0.251809595127176,0.000186136443734851,0.000185837306690264,1,1,8
"NAU-vulPES","02",0.419018857789844,0.420546229192004,0.000544519928110828,0.000543184859496664,1.72223131365854,1.72273586898278,0.000813442541280887,0.000811453253694025,0.75,1,8
"NAU-vulPES","04",0.364732907437961,0.365780020592757,0.000592223941597828,0.000589797901913617,0.381288450619493,0.381664223178925,0.000874397884422817,0.000871228839647301,0.875,1,8
"NAU-vulPES","05",0.235318116154175,0.236448099126075,0.000279681534689658,0.00027929894387576,0.370432178359856,0.370434438810237,0.00018562935674525,0.000185403323679078,1,1,8
"NAU-vulPES","06",0.623126975259072,0.624732945353319,0.000565298037343575,0.00056375067047411,5.32087388611751,5.32241632994862,0.000955260907977949,0.000952499960812618,0.625,1,8
"NAU-vulPES","08",0.435763466354547,0.436821001030043,0.000553628317378211,0.000552486464348378,0.511835959968812,0.512083179981645,0.000919509223051923,0.000918112215708879,0.875,1,8
"NAU-vulPES","09",0.317991457461783,0.319408218503848,0.000368783399833641,0.000368221621415645,0.520854204332312,0.52098256997095,0.000464027407509159,0.000463607427294447,1,1,8
"NAU-vulPES","10",0.20923040631944,0.210262463871338,0.00023081649035933,0.000230555092395561,0.180470393082584,0.180487871404338,9.70926970549068e-05,9.70344687482243e-05,1,1,8
"NAU-vulPES","11",0.342017981870713,0.343214240627439,0.000343728974229828,0.000343211696135708,0.622786103728735,0.622958657496964,0.000341059215295361,0.000340692951404928,1,1,8
"NAU-vulPES","12",0.331316662236865,0.332156534203329,0.000377723375387328,0.000376712249871597,0.304705636516874,0.304768195608773,0.000197975994971958,0.000197423650894341,1,1,8
"NAU-vulPES","13",0.301089418597317,0.302418726826019,0.000293322292371863,0.000292906685977094,0.247027872161898,0.247076965572976,0.000137838079364118,0.000137709526148985,1,1,8
"NAU-vulPES","15",0.921033527896813,0.921714690214758,0.00282800226741437,0.00278825250363987,0.915064499642127,0.91529571546759,0.00448330532535746,0.00442292072848516,0.375,0.875,8
"NAU-vulPES","16",0.331573831099434,0.332869725577285,0.000348824096076782,0.00034823737685647,0.48723722705214,0.487311141284598,0.000321542390843923,0.000321050749092381,1,1,8
"NAU-vulPES","17",0.201381323026837,0.202329258313663,0.000200173122832177,0.000199961786857023,0.283530751303984,0.283593119663733,0.000101113753348264,0.000101067923430218,1,1,8
"NAU-vulPES","18",0.165748370450453,0.16674791744711,0.000191874423320474,0.000191700108237284,0.533681002006085,0.533735231068295,0.000138587277923144,0.000138527110486072,0.875,1,8
"NAU-vulPES","19",0.258463130465078,0.259705805190036,0.000201876036601509,0.000201770188934799,NA,NA,0.000158751707838097,0.000158738031924589,0,0,8
"NAU-vulPES","20",0.229509587782863,0.230607458511215,0.000209839234453918,0.000209669258611088,1.25091496702275,1.25104880516594,0.000334599784138124,0.000334456788269005,1,1,8
"NAU-vulPES","21",0.165923778599125,0.167091304402045,0.000223270599394904,0.000223021155905753,0.315583861375855,0.315656633594245,0.000144100415843589,0.000144002691179673,1,1,8
"NAU-vulPES","22",0.233501860911541,0.234712192483547,0.000308029975539845,0.000307590875130118,0.505648845846094,0.505720719871189,0.000266322128464125,0.000266046091392346,1,1,8
"NAU-vulPES","23",0.313756412071594,0.315054928259163,0.000306380622705461,0.000305922137570234,0.364309212636197,0.364399847475267,0.000208411536831802,0.000208191060895995,1,1,8
"NAU-vulPES","24",0.254026337329874,0.255314775149152,0.000311206299933564,0.000310734926488674,0.279659204773961,0.279718445500921,0.000149954676507196,0.000149791850188934,1,1,8
"NAU-vulPES","25",0.296191781736259,0.297473799462934,0.00031033992908523,0.000309876940612077,0.395336648678823,0.395408953380799,0.000228841584274489,0.0002286347959808,1,1,8
"NAU-vulPES","26",0.216331916901853,0.217372569317219,0.00019314062144845,0.000192972171110281,1.07875757185561,1.07884008640446,0.000185293134498422,0.00018521894727775,1,1,8
"NAU-vulPES","27",0.325298946373774,0.326910869994633,0.00046964985870217,0.000468823199220511,0.519353677999632,0.519548555988211,0.00075606618865373,0.000755153348580734,0.875,1,8
"NAU-vulPES","28",0.224550073584487,0.225809402059037,0.000329875482801407,0.000329247300815935,0.320364496789541,0.320458915609017,0.000221471057506929,0.000221095511851865,1,1,8
"NAU-vulPES","30",0.250016837421637,0.251081703498095,0.000239102794201603,0.000238852630609743,0.738202742153717,0.738322291598518,0.000305101535641659,0.000304896785802337,0.875,1,8
"NAU-vulPES","31",0.209935222145972,0.210630513841581,0.000147636999818794,0.000147527245379067,0.673233794833628,0.673247608672583,0.000116450160289503,0.000116415703478537,0.75,1,8
"NAU-vulPES","32",0.468267287627424,0.469117783897619,0.000665528394748309,0.000661930348975476,0.477411515201257,0.477746211095412,0.000993720100018886,0.000988509763149391,0.875,1,8
"NAU-vulPES","33",0.337662233529973,0.338843703355276,0.00041965816668969,0.000418914335259702,0.430969578823045,0.431164166412224,0.000580710622423275,0.000579994731401149,1,1,8
"NAU-vulPES","34",0.300141367416031,0.301391938306992,0.000357642888482814,0.000356999155060168,0.311345349859228,0.311437160074042,0.000277519519638125,0.000277158483520773,1,1,8
"NAU-vulPES","35",0.304452130316481,0.30617901096267,0.00044662562149549,0.000445527640606686,0.371475741890978,0.371712327275149,0.000506101582852519,0.000505178220159518,1,1,8
"NAU-vulPES","36",0.372623178343465,0.373692949036607,0.00035177630147354,0.000351201368608869,0.399088228222365,0.399198153181987,0.000335879716289983,0.000335519190093864,1,1,8
"NAU-vulPES","37",0.256983177694867,0.2587945203557,0.000524737206567954,0.000522330532625584,0.281778352554921,0.281919993666486,0.000359192200281182,0.000357532058372042,1,1,8
"NAU-vulPES","38",0.387652954480972,0.389079898100393,0.000603672403292115,0.000602348160081231,0.466075163200787,0.466433349865527,0.000978811521856068,0.000977140713743515,0.625,1,8
"NAU-vulPES","39",0.178238806600102,0.179194424800055,0.000182153492299746,0.000181991477335747,0.653948059013079,0.6539931289795,0.000123492588347287,0.000123452818097347,0.75,1,8
"NAU-vulPES","40",0.221057701687831,0.222284564885172,0.000222319854375816,0.000222115271960733,0.837365965258325,0.837680466500726,0.000323229321313241,0.000323044995802326,1,1,8
"NAU-vulPES","41",0.306052052376314,0.307255726298776,0.000342925515253868,0.000342302037293149,0.228340400531582,0.228430406861054,0.000225793927597915,0.000225484337448086,1,1,8
"NAU-vulPES","42",0.282591710610016,0.283543566712728,0.000248048134398333,0.000247745815047991,0.255223305952624,0.255292544614364,0.000112934477614804,0.00011285517549455,1,1,8
"NAU-vulPES","44",0.343014895245965,0.3441394848194,0.000306977897423434,0.000306574171597411,0.407539867512599,0.407624009280369,0.000272331926689859,0.000272129716956744,0.875,1,8
"NAU-vulPES","45",0.223345179859224,0.224936278171248,0.00029657653185209,0.00029616882041478,0.322334699249348,0.322365273766816,0.000214054556452946,0.000213860173385018,1,1,8
"NAU-vulPES","46",0.312759854862408,0.313732659698293,0.00036004683024205,0.000359456745428611,0.290805937695805,0.290955519916523,0.00037918639666262,0.000378799785877684,0.875,1,8
"NAU-vulPES","47",0.266057198208294,0.267615432820937,0.000352909247342466,0.000352255355675467,0.585059924512624,0.585229121222003,0.000317092037536006,0.000316559245251427,1,1,8
"NAU-vulPES","48",0.285400971237674,0.286747630129342,0.000414003435454274,0.000412911683737993,0.464250331889404,0.464308842876841,0.000334479950400156,0.000333611554887817,1,1,8
"NAU-vulPES","49",0.286843422851264,0.288106514366777,0.000276237367351243,0.000275925989077137,0.65356585651896,0.653727432175501,0.000342007548928994,0.000341780531813356,1,1,8
"NAU-vulPES","50",0.23540896992413,0.236666929567974,0.000214553098522786,0.000214408131866399,0.896317061850983,0.896312128163125,0.000212901719331475,0.000212845155626203,0.5,0.5,8
"NAU-vulPES","51",0.249914715305225,0.251166433442646,0.000335374220815666,0.000334789414705376,0.223953253398112,0.224019305975684,0.000170017238734583,0.000169770345914155,1,1,8
"NAU-vulPES","53",0.33134678432088,0.332292140771921,0.000485090287962166,0.000483427330583771,0.341572757275044,0.34182854921468,0.000647198783931869,0.00064524077612839,1,1,8
"NAU-vulPES","54",0.273448792733786,0.274790402427762,0.000302504275805735,0.000302134467756743,1.70400942037891,1.70433115705536,0.000501316044884663,0.000500811581034655,1,1,8
"NAU-vulPES","55",0.251747718571918,0.252736361227396,0.000226667980409608,0.00022640939008973,0.145355895958755,0.14539386725334,7.22210761388058e-05,7.21853995186103e-05,1,1,8
"NAU-vulPES","56",0.487816570894405,0.489367801028836,0.000725850508927537,0.000722285851206459,0.850747360811835,0.851149586786432,0.00114171852412468,0.00113604775422236,0.75,1,8
"NEU_ISI-FluBcast","01",0.106546218048611,0.107326128769795,0.000191027271446123,0.000190711369142363,0.41241306431268,0.41256219896387,0.000324013544913637,0.000323481212621476,0.625,1,8
"NEU_ISI-FluBcast","02",0.627796050143442,0.630250820964375,0.00082990841769688,0.000828109638589689,2.81933544288584,2.82103001999151,0.00137204728578142,0.00136914177721669,0,0.875,8
"NEU_ISI-FluBcast","04",0.429991827291195,0.431257897983932,0.000597914785601375,0.000595431887782029,0.550740609159705,0.551120134772878,0.00101205289309779,0.00100791634595291,0.125,0.875,8
"NEU_ISI-FluBcast","05",0.212368824733532,0.213443854438845,0.00022004367242586,0.000219808298208094,0.721055497047618,0.721214419833805,0.000368279483712738,0.000367903071363307,0.125,0.875,8
"NEU_ISI-FluBcast","06",1.41702656207987,1.42079837427918,0.00126943132455462,0.00126606019474295,8.75638795757864,8.76165168540125,0.00156884909143299,0.00156481159689785,0,0,8
"NEU_ISI-FluBcast","08",0.20193519926423,0.202555172318075,0.000263483151078918,0.000263124119803112,0.255070000001018,0.255217800573983,0.000446856230451312,0.000446248235371989,0.125,0.875,8
"NEU_ISI-FluBcast","09",0.0997200916717251,0.100233772271403,0.000117598045349226,0.000117500562869382,0.215314288204905,0.215391598879391,0.000198363090604675,0.000198206685542976,0.625,1,8
"NEU_ISI-FluBcast","10",0.177926551882677,0.178895057332497,0.000209225780408937,0.000209101326412618,0.621895000583874,0.621972803925527,0.0003761018273245,0.000375883569274907,0.125,0.875,8
"NEU_ISI-FluBcast","11",0.140719996173398,0.141263761228227,0.000133042273725717,0.000132888385254903,0.377908302486922,0.378005181055603,0.000186997291616962,0.000186784285812259,0.625,1,8
"NEU_ISI-FluBcast","12",0.232708227887809,0.233256372741438,0.00028481225549313,0.000284007170864254,0.501381378739886,0.501528222159691,0.000432796924159125,0.000431645111940858,0.625,1,8
"NEU_ISI-FluBcast","13",0.0649812363548518,0.0653075352741102,6.45575378274537e-05,6.45068183100602e-05,0.137019921154897,0.137071796636014,9.19891974123375e-05,9.19204184543261e-05,0.75,1,8
"NEU_ISI-FluBcast","15",1.0318328058542,1.03503758543512,0.00259238718614891,0.00256156262039421,1.12155181681271,1.12395809161251,0.00445154704041698,0.00439918711819494,0.25,0.875,8
"NEU_ISI-FluBcast","16",0.269532452195198,0.270628744476284,0.000282777498599645,0.000282344282537176,0.768897873037864,0.76903468385674,0.000455125376938175,0.000454421705390218,0.5,0.875,8
"NEU_ISI-FluBcast","17",0.0685072961196255,0.0688632935861752,7.27026398359497e-05,7.26641657250654e-05,0.312425658376028,0.312470746258725,0.000115391878875225,0.000115332693908317,0.75,0.875,8
"NEU_ISI-FluBcast","18",0.0685678730742297,0.0690120513410234,8.88254601449201e-05,8.87877034478337e-05,0.522202253808411,0.52224577305909,0.000149764890557325,0.000149699679192354,0.375,0.875,8
"NEU_ISI-FluBcast","20",0.161775507016609,0.162591118076628,0.000139086041621515,0.000139009369871264,0.824796700904036,0.824796799119377,0.000210003525062712,0.000209890021680449,0.25,0.625,8
"NEU_ISI-FluBcast","21",0.0934429495444938,0.0941345700098492,0.000129938208438514,0.000129844730184042,0.438856817412352,0.438947126354804,0.00021276888128705,0.000212620081780376,0.5,0.875,8
"NEU_ISI-FluBcast","22",0.247144273161518,0.248495003398376,0.000362371533787699,0.000361969624576944,0.91083612577123,0.910859338378099,0.000512942243152675,0.000512347116145337,0.125,0.375,8
"NEU_ISI-FluBcast","23",0.153375161297387,0.154068143758267,0.000145432907407434,0.000145273933392805,0.358152738398552,0.358230036417014,0.0002090889327874,0.000208866920083463,0.625,1,8
"NEU_ISI-FluBcast","24",0.0861887571769649,0.0866629106178476,0.000102319824731335,0.000102207886078578,0.307427537664648,0.307482776820708,0.000167828906846412,0.000167641848390375,0.75,1,8
"NEU_ISI-FluBcast","25",0.0761861933864614,0.0765640669042955,7.67827695702781e-05,7.67170962183569e-05,0.21086522745815,0.210914121439117,0.00012265675307045,0.000122549906093993,0.625,1,8
"NEU_ISI-FluBcast","26",0.0930446420752594,0.0935253178697951,7.68908124755381e-05,7.6852305668413e-05,0.683638107803227,0.683639374103726,0.000114742158465888,0.000114687039239254,0.625,0.75,8
"NEU_ISI-FluBcast","27",0.118925039181676,0.11960817567908,0.000183312048169238,0.000183140837369728,0.190239133270621,0.190365225324341,0.0002875339672508,0.000287277157297229,0.5,0.875,8
"NEU_ISI-FluBcast","28",0.111976026039521,0.112626761163871,0.000162120359644812,0.000161844238400735,0.361001056060265,0.361097429297705,0.000251774626137475,0.000251346271787409,0.5,1,8
"NEU_ISI-FluBcast","30",0.168935558007399,0.169712955420366,0.00016735953507798,0.000167247124127744,0.574390410781221,0.574480844444453,0.000250763304175663,0.000250596794733142,0.5,0.75,8
"NEU_ISI-FluBcast","31",0.112869586015481,0.113291699720387,7.58216792627712e-05,7.57992104009804e-05,0.787992599546294,0.788014035013703,0.000133753425134913,0.000133714639231521,0.25,1,8
"NEU_ISI-FluBcast","32",0.932763440342499,0.934691229287472,0.00108372233413661,0.00107847053277193,1.0252795724418,1.02649431736478,0.0017146047032842,0.00170668335161687,0,0.75,4
"NEU_ISI-FluBcast","33",0.188802269932943,0.189575716928564,0.000244266189486698,0.000243988574457392,0.238798389915197,0.238977069770306,0.0003633279128393,0.000362981201653608,0.375,1,8
"NEU_ISI-FluBcast","34",0.0968265013967743,0.0972897121188902,0.000124472460494199,0.0001243285927602,0.207112284772596,0.207221579805816,0.000199416535998537,0.000199204431730804,0.625,1,8
"NEU_ISI-FluBcast","35",0.2295310038316,0.230952402859857,0.000300798045202881,0.00030020487516141,0.485984573640905,0.486234312176493,0.000548228597276725,0.000547138834801013,0.5,1,8
"NEU_ISI-FluBcast","36",0.0935068939768662,0.0938188350134318,8.1616724595565e-05,8.15239660315969e-05,0.141251149858672,0.141269360969152,0.00010716962338765,0.000107042292682172,0.75,1,8
"NEU_ISI-FluBcast","37",0.164491884536529,0.165653928712056,0.00034565343038649,0.000344072476494832,0.382128459613279,0.382340512262484,0.000498938442082038,0.000496677106279514,0.875,1,8
"NEU_ISI-FluBcast","38",0.274655046954512,0.27578739850133,0.000405078110817535,0.000404339898506653,0.349074687934556,0.34931325405866,0.000670985294384263,0.000669730301717441,0.5,1,8
"NEU_ISI-FluBcast","39",0.0701073784376424,0.070522848254933,8.38078393968465e-05,8.37838419819132e-05,0.452204770431474,0.452239273396131,0.000109675381294575,0.000109643084326559,0.625,0.625,8
"NEU_ISI-FluBcast","40",0.0979433927025816,0.0985088847042805,9.75026818313702e-05,9.74345018921434e-05,0.407043792224867,0.407149822192303,0.000151578691153137,0.000151473528101474,0.625,1,8
"NEU_ISI-FluBcast","41",0.136931897326118,0.137565112188833,0.000150636254292975,0.00015046755978053,0.274182716569185,0.274345617334903,0.000277658546627462,0.000277339736198741,0.5,1,8
"NEU_ISI-FluBcast","42",0.0895696207954532,0.0899080873292785,7.70975748233345e-05,7.70353742489927e-05,0.311984658939748,0.312042318619149,0.000125794595391388,0.000125692883272807,0.375,0.875,8
"NEU_ISI-FluBcast","44",0.137205253406189,0.137742039845699,0.000119952498381067,0.000119872091051307,0.23003721052001,0.230127593735361,0.00016399035959805,0.000163896232049263,0.5,1,8
"NEU_ISI-FluBcast","45",0.1609062565632,0.162122374117179,0.000227648831151384,0.000227445517290754,0.550558839664358,0.550628129239286,0.000378746305871963,0.000378402721224055,0.25,0.75,8
"NEU_ISI-FluBcast","46",0.235924955940139,0.236765692322821,0.000249194181616306,0.000248905972903675,0.435100611127229,0.435286040564057,0.000462332446454563,0.000461796121460909,0.125,1,8
"NEU_ISI-FluBcast","47",0.133821794729497,0.13462075997655,0.000167398951436795,0.000167108926134022,0.572547781666828,0.572671212120342,0.000294196160526225,0.000293674289050482,0.5,1,8
"NEU_ISI-FluBcast","48",0.180697476412752,0.181550758709804,0.000252615313559586,0.000251965414238583,0.590671926205043,0.59077078610542,0.000426895518349775,0.000425796749929662,0.375,1,8
"NEU_ISI-FluBcast","49",0.189482575401008,0.190377699589374,0.000175944490353584,0.000175803225956564,0.583686964646777,0.583776550297801,0.000278505296733437,0.000278288795968788,0.25,1,8
"NEU_ISI-FluBcast","50",0.245222823316836,0.246631909889079,0.000225129621235032,0.000225071828479131,1.04439460867659,1.04439053456539,0.000262172639768163,0.000262103440152034,0,0.375,8
"NEU_ISI-FluBcast","51",0.0735243176200318,0.0739327185069599,0.000100203669074621,0.000100082978309252,0.164204629706034,0.164300419465679,0.000146887958267787,0.000146713907104444,0.75,1,8
"NEU_ISI-FluBcast","53",0.226815516501831,0.227667701524445,0.000357733962477359,0.000356842873965151,0.281319304618666,0.281656554227478,0.000573473696731062,0.00057204277853208,0.625,0.875,8
"NEU_ISI-FluBcast","54",0.38165043170785,0.38360804320381,0.000404838609697603,0.000404441198204738,2.15677018452158,2.15729565260448,0.000636330717327825,0.000635721686758192,0.125,0.625,8
"NEU_ISI-FluBcast","55",0.0657786293007136,0.0660713873026341,5.96558949382913e-05,5.9620565544809e-05,0.167816411371329,0.167857970076647,8.69025224923e-05,8.68572095754691e-05,0.875,1,8
"UGA_flucast-Copycat","01",0.324270031439344,0.326444545411796,0.00054673617044023,0.000545472141977023,0.307441599072,0.307559493208791,0.000228846564065175,0.000228467505958741,1,1,8
"UGA_flucast-Copycat","02",0.538132591318926,0.540136521324654,0.000701497050528201,0.000699821886232131,2.1489513128349,2.14991559930752,0.00101421781904337,0.00101189896444483,1,1,8
"UGA_flucast-Copycat","04",0.529542268033558,0.530843655603029,0.000889880586725766,0.000885864814406031,0.644253971598402,0.644635713460685,0.00149718449060552,0.00149112167057199,0.5,1,8
"UGA_flucast-Copycat","05",0.356119103641237,0.35780000932821,0.00042937620611702,0.000428737008991422,0.697478901286811,0.697671092678081,0.000356186813103684,0.000355848850497258,1,1,8
"UGA_flucast-Copycat","06",0.641688647688502,0.643228207007493,0.00059040172379643,0.000588663714935575,3.95219931118596,3.95284530006301,0.000700016632003699,0.000697903670991958,1,1,8
"UGA_flucast-Copycat","08",0.592951936944989,0.594168811559237,0.000756075338146824,0.000754208498034989,0.643120989352045,0.64334686314963,0.00115285974834505,0.00115095754424095,1,1,8
"UGA_flucast-Copycat","09",0.467604578244442,0.469504943100505,0.000543301543886599,0.000542263401665383,0.553553127953873,0.553669921809689,0.000484983743793078,0.000484527770112048,1,1,8
"UGA_flucast-Copycat","10",0.333483447477193,0.335039927152835,0.000368966224116235,0.000368438987927225,0.461019857577887,0.461165731371145,0.000259020291146405,0.000258927509613938,1,1,8
"UGA_flucast-Copycat","11",0.521908697239734,0.523538180631936,0.000529212557814307,0.000528209373399256,0.80856378773265,0.808789609074544,0.000450179316821467,0.000449702427803738,1,1,8
"UGA_flucast-Copycat","12",0.439295756367144,0.44032262314386,0.000509861477572319,0.000508385503815762,0.252937458058683,0.253020154670487,0.000188389397676868,0.000187899786523965,1,1,8
"UGA_flucast-Copycat","13",0.472382799920151,0.474331509629083,0.000464905648912616,0.000464101867485714,0.246369519774217,0.24644116312221,0.000147768262117866,0.00014764784646222,1,1,8
"UGA_flucast-Copycat","15",0.95365342062662,0.955059636506231,0.00301526442745165,0.002975071392401,0.934804298979848,0.934968788495452,0.00460274974152742,0.00454029223773609,0.125,0.75,8
"UGA_flucast-Copycat","16",0.478644632514203,0.480403171634028,0.000503513954626775,0.000502541805165359,0.468744766984544,0.468838889122775,0.000321972313633932,0.00032149986650764,1,1,8
"UGA_flucast-Copycat","17",0.330321483030286,0.331809741861395,0.000330433171064835,0.000330011511454907,0.942975329749708,0.943346304371763,0.000339197778530363,0.000339100861098521,1,1,8
"UGA_flucast-Copycat","18",0.269236560280647,0.270795099986961,0.000310691319721792,0.000310326539182085,1.409398991122,1.40974485090482,0.000355103071070651,0.000354998045714599,1,1,8
"UGA_flucast-Copycat","19",0.233211996248339,0.234128047247616,0.000190181379130508,0.000189915230127566,0,0,0,0,1,1,8
"UGA_flucast-Copycat","20",0.355280581264549,0.356884093300748,0.000327694413467927,0.00032733351536113,1.83368476325961,1.83409803980901,0.000501346452504898,0.000501191124568274,1,1,8
"UGA_flucast-Copycat","21",0.267923066944159,0.269769961942924,0.000362520741455371,0.000362053869559302,0.92954014161442,0.929952099712452,0.000434851900202613,0.000434652835229978,1,1,8
"UGA_flucast-Copycat","22",0.361772908697007,0.363548266681384,0.00048010801621819,0.000479276695276533,0.81438546845956,0.814567376333961,0.000422063281525541,0.000421659203410291,1,1,8
"UGA_flucast-Copycat","23",0.474639708647656,0.476527059391235,0.000467138785510186,0.000466344406902088,0.512210396790118,0.512359974239281,0.000286837138150148,0.000286546381186465,1,1,8
"UGA_flucast-Copycat","24",0.404977795397544,0.406890537874188,0.00049838684308856,0.00049745277377952,0.343934466489418,0.344019185215794,0.000188981700002876,0.000188786226038887,1,1,8
"UGA_flucast-Copycat","25",0.447793320313897,0.449619810619299,0.000474549140600309,0.000473706203942166,0.227378952493427,0.227442577086891,0.000138831285355663,0.00013871777512413,1,1,8
"UGA_flucast-Copycat","26",0.35499323843425,0.356581416975884,0.000319009545118225,0.000318613996147061,2.17179042945486,2.17223101563138,0.000372105946879815,0.000372003102240646,1,1,8
"UGA_flucast-Copycat","27",0.457159167664039,0.45925322226699,0.000657683831467975,0.000656260443519077,0.639323848127191,0.639502660480493,0.000923461104499638,0.000922255519026733,1,1,8
"UGA_flucast-Copycat","28",0.313645990052308,0.315376653227753,0.000465580706596159,0.000464645898723561,0.333910536756314,0.334009557201209,0.000233709649758778,0.00023331577407275,1,1,8
"UGA_flucast-Copycat","30",0.377247081869321,0.37880521589271,0.000362334875077316,0.00036189813292288,1.22604877938308,1.22648367603931,0.000516264607297403,0.00051601695005792,1,1,8
"UGA_flucast-Copycat","31",0.334291427275756,0.335329091408434,0.000235259075363977,0.00023502671424952,1.67580880933287,1.67603125186129,0.000284108572472939,0.000284055508432468,1,1,8
"UGA_flucast-Copycat","32",0.656908405766634,0.6577741740263,0.000986270344926443,0.000980466996705686,0.696726523331124,0.697033858630627,0.00160667112181964,0.001597924180454,0.5,1,8
"UGA_flucast-Copycat","33",0.486033725005696,0.487557050898106,0.000608498442452999,0.000607184342607171,0.500538947524782,0.500713003308217,0.000664101810457043,0.000663212636781565,1,1,8
"UGA_flucast-Copycat","34",0.458013728414628,0.459773174889074,0.00054911998982149,0.000547941089400571,0.378559135081666,0.378647270329352,0.000335073196352214,0.000334614602125069,1,1,8
"UGA_flucast-Copycat","35",0.433692197206092,0.436024974001691,0.000640363735201861,0.000638586741260742,0.513589413124666,0.513832762719441,0.000686934090919679,0.00068556870398643,1,1,8
"UGA_flucast-Copycat","36",0.583170774000315,0.584619023585475,0.000553823289410793,0.000552690479020665,0.529938555586516,0.530052794122487,0.000448092372600291,0.000447582617143108,1,1,8
"UGA_flucast-Copycat","37",0.353397820180077,0.355658931330984,0.000730956732348025,0.000727140535267361,0.54682735335974,0.547063329087025,0.000725157041172277,0.000721784465258578,1,1,8
"UGA_flucast-Copycat","38",0.569561399290022,0.571312355157341,0.000871667588986139,0.000869220702580149,0.71831183691687,0.718536723846268,0.0014470468413439,0.00144394052174597,0.625,1,8
"UGA_flucast-Copycat","39",0.29550631412106,0.296986577828245,0.000301559867944888,0.000301176031107292,1.50995382288026,1.51021511871891,0.000284486632185826,0.000284424219861688,1,1,8
"UGA_flucast-Copycat","40",0.33960744845736,0.341445832263767,0.000344308360508022,0.000343940433865638,1.40111187080449,1.40185581260186,0.000546352916986699,0.00054612431177587,1,1,8
"UGA_flucast-Copycat","41",0.461674811275859,0.463374380001129,0.000521981773452194,0.000520891965597022,0.216884998860639,0.216974495977873,0.000217515046799638,0.000217219785698413,1,1,8
"UGA_flucast-Copycat","42",0.451347734655559,0.452755749100583,0.0003989057948213,0.000398312452850551,0.581907238002547,0.582156440872315,0.000270736676098936,0.000270589213014678,1,1,8
"UGA_flucast-Copycat","44",0.505848123250651,0.507335871456714,0.000457789664241046,0.000457022713334946,0.332720629246989,0.332804899130995,0.000225794033754705,0.000225638595242283,1,1,8
"UGA_flucast-Copycat","45",0.3415014243051,0.34384989621576,0.000455268091441015,0.000454511997983585,0.415478344697122,0.415527378872255,0.000255031753266316,0.000254799271376389,1,1,8
"UGA_flucast-Copycat","46",0.464006772556169,0.465288990021678,0.000533097103699886,0.000532024302541809,0.369455132896467,0.369629981659311,0.000470669247480661,0.000470159093901683,1,1,8
"UGA_flucast-Copycat","47",0.392717520091651,0.394922718480832,0.00052552026148467,0.000524410220945365,0.57191095189252,0.57209818580291,0.000326475653557134,0.000325942919141924,1,1,8
"UGA_flucast-Copycat","48",0.407405629988044,0.409186669016064,0.000611012969053014,0.000609168331016853,0.540172365304704,0.540254433080477,0.00047256013106396,0.000471346372901991,1,1,8
"UGA_flucast-Copycat","49",0.437923306852741,0.43974259279143,0.000425444210076677,0.000424852529404024,0.888003129369318,0.888330690606189,0.000493028139770658,0.000492770836742815,1,1,8
"UGA_flucast-Copycat","50",0.29587659713949,0.297305559567254,0.00026554200762089,0.000265213465026811,1.05982429961854,1.05982885483669,0.000235593065422144,0.000235529978499137,1,1,8
"UGA_flucast-Copycat","51",0.380868451777425,0.382671320106005,0.000514569598810343,0.000513526984754832,0.292147311958312,0.292223494099017,0.000220554786544114,0.000220225851347476,1,1,8
"UGA_flucast-Copycat","53",0.487111287143078,0.488347868372575,0.000718254317088158,0.000715554258086217,0.576143077962033,0.576413627428533,0.0010955036212206,0.00109188871078254,1,1,8
"UGA_flucast-Copycat","54",0.409520339878777,0.411511257259576,0.000454349657126953,0.000453759904785352,2.60707509208927,2.60804438879507,0.000764678900542775,0.000764046076575758,1,1,8
"UGA_flucast-Copycat","55",0.410903978539779,0.412395197693112,0.000372448386693739,0.000371902893873332,0.542630489363196,0.542894771172019,0.000283615028019949,0.000283533560157497,1,1,8
"UGA_flucast-Copycat","56",0.551095565638289,0.552604855200204,0.000869443316313877,0.000864757451733836,0.8277222618003,0.827903382362396,0.00123531715698907,0.00122893400743277,0.75,1,8
"UGA_flucast-INFLAenza","01",0.113127752096124,0.113936311138589,0.000185585687500745,0.000185245998430318,0.202710029278465,0.202799801621892,0.000150764516446952,0.000150525180257186,1,1,8
"UGA_flucast-INFLAenza","02",0.316481659796094,0.317598364333381,0.000410863049412081,0.000409812169696699,1.29040405247558,1.29056810391555,0.000612667263518398,0.000611066172668625,0.625,1,8
"UGA_flucast-INFLAenza","04",0.312592646229021,0.313543514937285,0.000462972708079077,0.000461129560250081,0.331461409637226,0.3316473542403,0.000637583673588588,0.000634958560612028,0.625,1,8
"UGA_flucast-INFLAenza","05",0.133356715084564,0.134009097230838,0.000153375009495362,0.000153184958154916,0.383821967222301,0.383827589313879,0.000203695038227234,0.000203448825599155,0.875,1,8
"UGA_flucast-INFLAenza","06",0.774227118057886,0.77624658360583,0.000710273012650373,0.0007083559705129,6.97494385976687,6.97819319678369,0.0012872502845593,0.00128378496549093,0.25,1,8
"UGA_flucast-INFLAenza","08",0.325920409548088,0.326858931377651,0.000417072506959224,0.000416414022627923,0.3805288774087,0.380765992384554,0.000686158697758808,0.000685208883246248,0.125,1,8
"UGA_flucast-INFLAenza","09",0.229280006124102,0.230416665088591,0.000267984838229543,0.000267711165168211,0.487360982483375,0.487490296920415,0.000443071071225247,0.000442678600783624,0.375,1,8
"UGA_flucast-INFLAenza","10",0.162440799231333,0.163311879905221,0.000181079303887858,0.00018095754422954,0.519635424334549,0.519710470091985,0.00030300141989361,0.000302833278415071,0.125,1,8
"UGA_flucast-INFLAenza","11",0.184431322810435,0.185138142616895,0.000180125712098513,0.000179916450266563,0.525858718323938,0.52598956344148,0.000275230174071301,0.000274922517321892,0.75,1,8
"UGA_flucast-INFLAenza","12",0.24933363277145,0.250002958402843,0.000276605498737513,0.000275910586997332,0.555654892965807,0.555892810831927,0.00037989693980172,0.00037893152254312,1,1,8
"UGA_flucast-INFLAenza","13",0.163326238261985,0.164102818089137,0.000157664169943734,0.000157499710940304,0.382398057008811,0.382482557940318,0.000235041349452703,0.000234831571124328,0.875,1,8
"UGA_flucast-INFLAenza","15",0.949597143168133,0.949209838251876,0.00282416253836792,0.00278112226609017,0.895144163953734,0.895430782620913,0.00436386090918752,0.00430547422039318,0.5,1,8
"UGA_flucast-INFLAenza","16",0.21212026939341,0.212979166578269,0.000228618511719074,0.000228267520547307,0.518827534368682,0.518892470775044,0.000329823701648909,0.000329305633648003,0.875,1,8
"UGA_flucast-INFLAenza","17",0.134887748202363,0.13556610589199,0.000134830055848139,0.000134734967701278,0.618172284995776,0.618212776270177,0.000216470255016522,0.000216340931156273,0.75,1,8
"UGA_flucast-INFLAenza","18",0.0941168016009305,0.0947145394054866,0.000113106190120007,0.000113043398660027,0.581570305278448,0.581607296301117,0.000165276541619135,0.000165201867789591,0.75,1,8
"UGA_flucast-INFLAenza","19",0.28229007867996,0.283740071526166,0.000213570694072511,0.000213532087808069,NA,NA,0.000317503415676194,0.000317448718781806,0,0,8
"UGA_flucast-INFLAenza","20",0.134204496869659,0.134880608252273,0.000115760310053337,0.00011569674944983,0.721672146806948,0.721670563818612,0.000182463614242513,0.000182364493957648,0.625,1,8
"UGA_flucast-INFLAenza","21",0.100116270458862,0.100846182689611,0.000135246930886698,0.000135134371908215,0.38488907869381,0.384969840368246,0.000183906721818426,0.000183779259335321,0.625,1,8
"UGA_flucast-INFLAenza","22",0.113254110284246,0.113870523324714,0.000147265265631885,0.000147098252730535,0.370339386238264,0.370374220117868,0.000193031829904266,0.000192824985402024,0.875,1,8
"UGA_flucast-INFLAenza","23",0.181851063106696,0.182637376471059,0.000172602327525745,0.000172382696787017,0.375643776400941,0.375704208970282,0.000213382961378313,0.000213144763457598,0.875,1,8
"UGA_flucast-INFLAenza","24",0.108251939189638,0.108836384636984,0.000130659606040695,0.000130505544201384,0.234433966743717,0.234477537806863,0.000127666686344106,0.000127524481754619,1,1,8
"UGA_flucast-INFLAenza","25",0.214126291769583,0.215128927242253,0.000219518477495417,0.000219275957286401,0.623897322518605,0.623964903562538,0.000366887644717225,0.000366532083156656,0.375,1,8
"UGA_flucast-INFLAenza","26",0.0980376676813851,0.0985422459469953,8.53782603354719e-05,8.53346614368688e-05,0.728775029952863,0.728774965662416,0.000124506151671009,0.000124446805256004,0.875,1,8
"UGA_flucast-INFLAenza","27",0.236656430277493,0.237943491745326,0.00035399643465431,0.000353557984052905,0.399289549626019,0.399477854011725,0.000588671272807831,0.000588019782572726,0.375,1,8
"UGA_flucast-INFLAenza","28",0.142999264505693,0.14381332432372,0.000204749747774676,0.000204378640174957,0.334425608035416,0.334528092822277,0.000231455273102079,0.000231066597050496,1,1,8
"UGA_flucast-INFLAenza","30",0.179386360269275,0.180188695093325,0.000172378055801306,0.00017224139491929,0.580080672569259,0.580131385273158,0.000245783872942777,0.0002456071620354,0.625,1,8
"UGA_flucast-INFLAenza","31",0.182092768475887,0.18275066255026,0.000123907859239089,0.000123856193605473,1.05201788121318,1.05197836743447,0.000181253240457402,0.000181190110844011,0.5,1,8
"UGA_flucast-INFLAenza","32",0.539940169305389,0.541090829753198,0.000728939487559763,0.000725198070232255,0.597182305559139,0.597661695095328,0.00117942703249141,0.00117325743541157,0.5,1,8
"UGA_flucast-INFLAenza","33",0.232862735126778,0.233784258002966,0.000292070084583594,0.000291695163386967,0.360625038699966,0.360822324401641,0.000497319434389519,0.000496753704644398,0.375,1,8
"UGA_flucast-INFLAenza","34",0.151882956553617,0.152565495980775,0.000179069652172088,0.000178809992814947,0.267760317313231,0.267850714194381,0.000230487403424103,0.000230200371495635,1,1,8
"UGA_flucast-INFLAenza","35",0.182912676415218,0.184002392353042,0.0002668268957001,0.000266256791073425,0.228256778454741,0.228445063812888,0.000325269074785366,0.000324734335527439,0.875,1,8
"UGA_flucast-INFLAenza","36",0.174280785080704,0.174848467336672,0.000162869630233858,0.000162670958296399,0.266996407598879,0.267078300789881,0.00022366705997968,0.000223436014520902,0.875,1,8
"UGA_flucast-INFLAenza","37",0.27477600206285,0.276844108385536,0.000548757202723619,0.00054649071583382,0.842173819927019,0.84297170115531,0.00101248400183467,0.0010082184239685,0.625,1,8
"UGA_flucast-INFLAenza","38",0.266028182877513,0.267161924754977,0.000428029766397658,0.000427345930220017,0.32710520163891,0.327412274270663,0.000691161568186475,0.000690095291188643,0.5,0.875,8
"UGA_flucast-INFLAenza","39",0.0965952884979806,0.0971543602667204,0.000101679516091703,0.000101635898117673,0.599679371627886,0.599711014282147,0.000134067355254268,0.000134024220308874,0.75,1,8
"UGA_flucast-INFLAenza","40",0.116564581513037,0.117226667291168,0.000112345649379617,0.00011225750799968,0.416029388398062,0.416108886357462,0.000143160631644252,0.000143051655621944,0.75,1,8
"UGA_flucast-INFLAenza","41",0.165051142876241,0.165740326617009,0.000179015134119097,0.000178734736056377,0.239694949383963,0.239783989712142,0.000234072808396201,0.000233747446527402,1,1,8
"UGA_flucast-INFLAenza","42",0.126159338582012,0.126617020630172,0.000109155671319228,0.00010905323400748,0.222781271355229,0.222820345550652,9.54029321961299e-05,9.53267585004652e-05,1,1,8
"UGA_flucast-INFLAenza","44",0.271506759266118,0.272517218411909,0.000240303397760482,0.00024009896020725,0.573195181343738,0.573296317002587,0.000398113919906825,0.000397808195324339,0.375,1,8
"UGA_flucast-INFLAenza","45",0.137307388974545,0.138332371824466,0.000182862021807346,0.00018268069846156,0.430641458773877,0.430712964698817,0.000283841824077302,0.000283597812666068,0.75,1,8
"UGA_flucast-INFLAenza","46",0.198470118347423,0.199165556987414,0.000235713395333449,0.000235434235341546,0.269438017481492,0.26956604693978,0.000332578647511948,0.000332234250478766,0.625,1,8
"UGA_flucast-INFLAenza","47",0.152695209151914,0.153616436800894,0.000197623907478324,0.000197295881311001,0.579796993595458,0.579948585978782,0.000307708421514867,0.000307181783661434,0.875,1,8
"UGA_flucast-INFLAenza","48",0.212491963860249,0.213536568638501,0.000288917126707046,0.000288220817599694,0.690165925563128,0.690332776563603,0.000459846604115014,0.000458671118354529,0.625,1,8
"UGA_flucast-INFLAenza","49",0.166616470063887,0.167390818964768,0.000153338662260429,0.000153203603771819,0.482225494714974,0.482274643030396,0.000223460350208468,0.000223273838704242,0.75,1,8
"UGA_flucast-INFLAenza","50",0.189014931357239,0.190093938003059,0.00017599150979157,0.000175940236753365,1.00271435850118,1.00270282452472,0.000258866935709365,0.000258797288817847,0.5,0.5,8
"UGA_flucast-INFLAenza","51",0.120979139953034,0.121614763196818,0.000159289244064292,0.000159052008092674,0.16268509017591,0.162737611237735,0.000126186430652272,0.000126008023732937,1,1,8
"UGA_flucast-INFLAenza","53",0.206990030122127,0.207637515796291,0.000305463328577963,0.000304510286609992,0.153762838963538,0.153918417216911,0.000314703520504368,0.00031384275806935,0.875,1,8
"UGA_flucast-INFLAenza","54",0.150865767604735,0.151619369074948,0.000171110860850859,0.000170925312982082,0.876240453567299,0.876303042346883,0.000273301772254453,0.000273004676451507,0.875,1,8
"UGA_flucast-INFLAenza","55",0.146602621418197,0.147232432014188,0.000128656378811139,0.000128560136836463,0.45051936100845,0.450579118489174,0.00021239482756481,0.000212259281103256,0.875,1,8
"UGA_flucast-INFLAenza","56",0.646808942762399,0.649045694833097,0.000946821978529798,0.000942439739968247,1.25760944080557,1.25862494493817,0.00169277343935361,0.00168485485024075,0.125,1,8
