"model_id","location","wis_scaled_relative_skill","wis","ae_median_scaled_relative_skill","ae_median","interval_coverage_50","interval_coverage_95","n"
"CADPH-FluCAT_Ensemble","06",0.819663950571558,187.027060488846,0.849438073855884,296.185856275436,0.5,0.980392156862745,104
"CEPH-Rtrend_fluH","01",0.849205256513257,66.358033126294,0.895946456530392,95.1333333333333,0.295238095238095,0.780952380952381,108
"CEPH-Rtrend_fluH","02",0.841296413918605,7.57096066252588,0.874587727914504,10.6857142857143,0.419047619047619,0.828571428571429,108
"CEPH-Rtrend_fluH","04",0.983493399926143,54.0886045548654,0.96934006636596,82.352380952381,0.571428571428571,0.971428571428571,108
"CEPH-Rtrend_fluH","05",1.01936018215045,37.1386501035197,0.970330557300509,52.7619047619048,0.428571428571429,0.80952380952381,108
"CEPH-Rtrend_fluH","06",1.00544137897193,235.575755693582,0.991497548598451,354.32380952381,0.247619047619048,0.847619047619048,108
"CEPH-Rtrend_fluH","08",0.496604537674831,49.5012298136646,0.66944147944516,82.7904761904762,0.428571428571429,0.942857142857143,108
"CEPH-Rtrend_fluH","09",0.561897423914309,58.5436024844721,0.691938229288476,84,0.40952380952381,0.80952380952381,108
"CEPH-Rtrend_fluH","10",0.721644690608868,19.4276563146998,0.756610573106077,26.5904761904762,0.40952380952381,0.819047619047619,108
"CEPH-Rtrend_fluH","11",0.538552620940659,5.86441407867495,0.592340255227503,9.09523809523809,0.571428571428571,0.942857142857143,108
"CEPH-Rtrend_fluH","12",0.74680368432634,271.05667494824,0.841158125757324,402.809523809524,0.447619047619048,0.866666666666667,108
"CEPH-Rtrend_fluH","13",0.737730630329349,126.541109730849,0.835536444615675,183.380952380952,0.361904761904762,0.79047619047619,108
"CEPH-Rtrend_fluH","15",0.612527720920019,7.59889855072464,0.66336053593501,11.6952380952381,0.380952380952381,0.847619047619048,108
"CEPH-Rtrend_fluH","16",0.854089408107474,20.8045424430642,0.940699780445056,32.9047619047619,0.457142857142857,0.923809523809524,108
"CEPH-Rtrend_fluH","17",0.695000982687011,139.24685300207,0.823908957648653,214.87619047619,0.419047619047619,0.904761904761905,108
"CEPH-Rtrend_fluH","18",0.769234806860679,73.0727784679089,0.864064746295053,113.485714285714,0.457142857142857,0.866666666666667,108
"CEPH-Rtrend_fluH","19",0.753860792945244,30.1107577639752,0.916320616212941,49.3619047619048,0.476190476190476,0.942857142857143,108
"CEPH-Rtrend_fluH","20",0.871364455044332,34.5373871635611,0.873435633879435,47.5809523809524,0.504761904761905,0.819047619047619,108
"CEPH-Rtrend_fluH","21",0.924550076674563,57.4146335403727,1.0752069408186,91.6666666666667,0.247619047619048,0.895238095238095,108
"CEPH-Rtrend_fluH","22",0.742119264306048,59.5475693581781,0.838957550713017,90.4666666666667,0.342857142857143,0.8,108
"CEPH-Rtrend_fluH","23",0.620439276920209,15.6917225672878,0.769330250699412,25.2571428571429,0.419047619047619,0.923809523809524,108
"CEPH-Rtrend_fluH","24",0.472999563627705,42.7435403726708,0.616567098669598,70.6285714285714,0.419047619047619,0.923809523809524,108
"CEPH-Rtrend_fluH","25",0.484189823262833,68.784049689441,0.653838198747526,113.685714285714,0.371428571428571,0.942857142857143,108
"CEPH-Rtrend_fluH","26",0.701327770821383,94.7007494824017,0.79325645259429,141.714285714286,0.495238095238095,0.895238095238095,108
"CEPH-Rtrend_fluH","27",0.574355825688027,78.1963643892339,0.702254480288337,116.342857142857,0.428571428571429,0.819047619047619,108
"CEPH-Rtrend_fluH","28",0.896653151758881,33.6360910973085,0.893952543707954,49.8190476190476,0.457142857142857,0.838095238095238,108
"CEPH-Rtrend_fluH","29",0.987967848998737,104.755966873706,0.992217882265882,143.685714285714,0.380952380952381,0.771428571428571,108
"CEPH-Rtrend_fluH","30",0.895576997897997,16.0444223602484,0.944933044451932,23.5714285714286,0.266666666666667,0.79047619047619,108
"CEPH-Rtrend_fluH","31",0.795598689598949,20.0370724637681,0.873843845670636,31.0095238095238,0.457142857142857,0.885714285714286,108
"CEPH-Rtrend_fluH","32",0.983682510916356,29.6428240165631,1.04276199203737,43.6761904761905,0.285714285714286,0.780952380952381,108
"CEPH-Rtrend_fluH","33",0.608506703028648,19.6547494824017,0.704190019527214,28.0857142857143,0.4,0.819047619047619,108
"CEPH-Rtrend_fluH","34",0.473015944996874,103.566227743271,0.609495095469373,165.466666666667,0.447619047619048,0.904761904761905,108
"CEPH-Rtrend_fluH","35",0.742666195096003,36.163983436853,0.844279332720494,53.2857142857143,0.361904761904762,0.819047619047619,108
"CEPH-Rtrend_fluH","36",0.422696076796354,223.863258799172,0.579274585987902,349.266666666667,0.447619047619048,0.857142857142857,108
"CEPH-Rtrend_fluH","37",0.597858665506771,186.110944099379,0.70184012328674,263.095238095238,0.6,0.838095238095238,108
"CEPH-Rtrend_fluH","38",0.494186342594722,9.66506832298137,0.565138770895665,14.2380952380952,0.447619047619048,0.876190476190476,108
"CEPH-Rtrend_fluH","39",0.649060337569354,143.342256728778,0.791588326792968,232.07619047619,0.438095238095238,0.914285714285714,108
"CEPH-Rtrend_fluH","40",0.969877240213294,41.2164016563147,0.924463036074225,59.9619047619048,0.466666666666667,0.847619047619048,108
"CEPH-Rtrend_fluH","41",0.841899617731548,51.047900621118,0.794297436525706,66.8,0.352380952380952,0.80952380952381,108
"CEPH-Rtrend_fluH","42",0.61635940448796,213.238086956522,0.788155454538975,354.685714285714,0.257142857142857,0.876190476190476,108
"CEPH-Rtrend_fluH","44",0.570695712567954,19.4284679089027,0.699469211506366,27.7428571428571,0.419047619047619,0.819047619047619,108
"CEPH-Rtrend_fluH","45",0.796686194034524,92.4430973084886,0.884796490921034,131.114285714286,0.371428571428571,0.80952380952381,108
"CEPH-Rtrend_fluH","46",0.916338294635825,10.6076770186335,0.99707089582464,16.6285714285714,0.40952380952381,0.895238095238095,108
"CEPH-Rtrend_fluH","47",0.824284109305329,85.3788281573499,0.94513903844268,130.4,0.295238095238095,0.857142857142857,108
"CEPH-Rtrend_fluH","48",0.645842562150586,175.233614906832,0.738906797048572,282.066666666667,0.514285714285714,0.952380952380952,108
"CEPH-Rtrend_fluH","49",0.645203440430074,21.2574409937888,0.772435681886469,33.8095238095238,0.323809523809524,0.838095238095238,108
"CEPH-Rtrend_fluH","50",0.825686800398977,4.8475652173913,0.931441887935448,7.80952380952381,0.476190476190476,0.914285714285714,108
"CEPH-Rtrend_fluH","51",0.582910160444031,72.620066252588,0.713844612866377,115.895238095238,0.40952380952381,0.933333333333333,108
"CEPH-Rtrend_fluH","53",0.720835990527473,28.9357722567288,0.740595067826184,45.6666666666667,0.438095238095238,0.933333333333333,108
"CEPH-Rtrend_fluH","54",0.866020236113319,23.9114782608696,0.946455514172764,37.9619047619048,0.504761904761905,0.933333333333333,108
"CEPH-Rtrend_fluH","55",0.621081064976084,74.8681366459627,0.732696780931474,110.980952380952,0.447619047619048,0.876190476190476,108
"CEPH-Rtrend_fluH","56",0.749495631384461,5.75579296066253,0.762100651283099,8.81904761904762,0.371428571428571,0.857142857142857,108
"CEPH-Rtrend_fluH","72",0.950903759974553,34.0569192546584,0.912095295372447,51.1238095238095,0.533333333333333,0.961904761904762,108
"CFA_Pyrenew-Pyrenew_HE_Flu","01",1.00280785387633,62.7395724347826,1.03197090167627,87.48,0.2,0.66,50
"CFA_Pyrenew-Pyrenew_HE_Flu","02",1.06926046945386,7.19207669082126,1.24562358652231,11.4907407407407,0.481481481481481,0.907407407407407,54
"CFA_Pyrenew-Pyrenew_HE_Flu","04",0.741347602995573,30.9283058946488,0.746554875581724,48.6634615384615,0.346153846153846,0.826923076923077,52
"CFA_Pyrenew-Pyrenew_HE_Flu","05",1.81492126127765,52.0990702294686,1.9799212727929,84.625,0.333333333333333,0.972222222222222,36
"CFA_Pyrenew-Pyrenew_HE_Flu","06",0.733310432620239,119.668764935588,0.762885040911729,192.675925925926,0.37037037037037,0.944444444444444,54
"CFA_Pyrenew-Pyrenew_HE_Flu","08",0.448995928016218,40.5480782608696,0.565343390600279,63.7105263157895,0.263157894736842,0.842105263157895,38
"CFA_Pyrenew-Pyrenew_HE_Flu","09",0.571753252723225,52.3013400457666,0.647637814660539,72.3157894736842,0.289473684210526,0.815789473684211,38
"CFA_Pyrenew-Pyrenew_HE_Flu","10",1.00657736140637,20.9156254253308,1.03365699863931,28.5869565217391,0.391304347826087,0.673913043478261,46
"CFA_Pyrenew-Pyrenew_HE_Flu","11",0.73705782424202,5.40798256143667,0.815125905704781,8.34782608695652,0.478260869565217,0.847826086956522,46
"CFA_Pyrenew-Pyrenew_HE_Flu","12",0.470080275025478,130.155002550167,0.537628815949433,196.653846153846,0.403846153846154,0.846153846153846,52
"CFA_Pyrenew-Pyrenew_HE_Flu","13",0.660335131894305,90.391269826087,0.770254830644185,134.71,0.28,0.82,50
"CFA_Pyrenew-Pyrenew_HE_Flu","15",0.851628639969822,9.44778322981366,0.868599714168914,13.7380952380952,0.5,0.785714285714286,42
"CFA_Pyrenew-Pyrenew_HE_Flu","16",0.53635311928878,10.4264118729097,0.520578418649379,14.625,0.615384615384615,0.903846153846154,52
"CFA_Pyrenew-Pyrenew_HE_Flu","17",0.543918082025745,78.6967431304348,0.625406337994417,118.95,0.3,0.82,50
"CFA_Pyrenew-Pyrenew_HE_Flu","18",1.04176640198853,73.0106576505017,1.07664017597745,104.490384615385,0.25,0.75,52
"CFA_Pyrenew-Pyrenew_HE_Flu","19",0.855890268134449,25.9018268812709,0.935557146980568,39.1346153846154,0.365384615384615,0.865384615384615,52
"CFA_Pyrenew-Pyrenew_HE_Flu","20",0.830921682145369,23.0455536634461,0.926624709226132,36.1388888888889,0.333333333333333,0.851851851851852,54
"CFA_Pyrenew-Pyrenew_HE_Flu","21",1.15796686210955,55.618033826087,1.20002996243403,80.6,0.18,0.76,50
"CFA_Pyrenew-Pyrenew_HE_Flu","22",0.945814866227135,55.2726766757246,1.0736553506778,86.3229166666667,0.145833333333333,0.708333333333333,48
"CFA_Pyrenew-Pyrenew_HE_Flu","23",0.606980707875085,13.3339119047619,0.690923496916239,20.3809523809524,0.5,0.833333333333333,42
"CFA_Pyrenew-Pyrenew_HE_Flu","24",0.472419857481332,38.8787056064073,0.491274429608643,51.8684210526316,0.289473684210526,0.815789473684211,38
"CFA_Pyrenew-Pyrenew_HE_Flu","25",0.633906055831742,81.6136824275362,0.701567036532927,114.583333333333,0.361111111111111,0.75,36
"CFA_Pyrenew-Pyrenew_HE_Flu","26",0.902568829910163,80.4940442431562,0.999339121941057,119.583333333333,0.444444444444444,0.796296296296296,54
"CFA_Pyrenew-Pyrenew_HE_Flu","27",0.471013207578013,47.9920541115312,0.542821399589485,70.4130434782609,0.347826086956522,0.717391304347826,46
"CFA_Pyrenew-Pyrenew_HE_Flu","28",0.961968814350255,27.3700267013233,0.955684357404084,40.9130434782609,0.282608695652174,0.673913043478261,46
"CFA_Pyrenew-Pyrenew_HE_Flu","29",1.37314213870654,115.188354025765,1.34190764361336,152.916666666667,0.240740740740741,0.759259259259259,54
"CFA_Pyrenew-Pyrenew_HE_Flu","30",0.708078901283751,10.1017549516908,0.7868142702229,15.6388888888889,0.333333333333333,0.944444444444444,54
"CFA_Pyrenew-Pyrenew_HE_Flu","31",0.817412650966975,14.972985668277,0.882412971256507,23.1388888888889,0.388888888888889,0.87037037037037,54
"CFA_Pyrenew-Pyrenew_HE_Flu","32",0.515707346840653,11.2812419130435,0.587423193263565,18.41,0.4,0.92,50
"CFA_Pyrenew-Pyrenew_HE_Flu","33",0.469867672042039,10.1516979066023,0.595475997256116,16.2222222222222,0.314814814814815,0.833333333333333,54
"CFA_Pyrenew-Pyrenew_HE_Flu","34",0.380139340722723,71.6417094806763,0.434071874903531,105.583333333333,0.388888888888889,0.722222222222222,36
"CFA_Pyrenew-Pyrenew_HE_Flu","35",0.614324078034809,32.3241939258312,0.747543823262317,51.5735294117647,0.235294117647059,0.794117647058823,34
"CFA_Pyrenew-Pyrenew_HE_Flu","36",0.335874458261096,124.855912273551,0.425896423526471,187.3125,0.354166666666667,0.8125,48
"CFA_Pyrenew-Pyrenew_HE_Flu","37",1.50393797169104,186.968541847826,1.10369827643735,170.125,0.45,0.7,20
"CFA_Pyrenew-Pyrenew_HE_Flu","38",1.01065766234369,17.8722416666667,1.07115684060785,25.0714285714286,0.30952380952381,0.738095238095238,42
"CFA_Pyrenew-Pyrenew_HE_Flu","39",0.663436430697859,102.04435493311,0.744782151564257,154.173076923077,0.288461538461538,0.75,52
"CFA_Pyrenew-Pyrenew_HE_Flu","40",0.842694457067363,30.216010451505,0.854016024547713,46.2211538461538,0.346153846153846,0.846153846153846,52
"CFA_Pyrenew-Pyrenew_HE_Flu","41",0.470541343023922,29.1354808152174,0.542590058538638,45.7,0.35,0.775,40
"CFA_Pyrenew-Pyrenew_HE_Flu","42",1.00845624980528,216.404758979206,1.05224280440676,298.945652173913,0.260869565217391,0.739130434782609,46
"CFA_Pyrenew-Pyrenew_HE_Flu","44",0.525663108323796,13.1334471618357,0.628376706003161,19.5,0.305555555555556,0.805555555555556,36
"CFA_Pyrenew-Pyrenew_HE_Flu","45",0.501746072690318,36.3474958498024,0.518405741975736,51.3181818181818,0.454545454545455,0.659090909090909,44
"CFA_Pyrenew-Pyrenew_HE_Flu","46",1.19775055531211,9.6930485367893,1.18232760732956,14.3461538461538,0.423076923076923,0.961538461538462,52
"CFA_Pyrenew-Pyrenew_HE_Flu","47",1.25773370496929,100.981683782609,1.28813643726441,140.65,0.28,0.68,50
"CFA_Pyrenew-Pyrenew_HE_Flu","48",0.76994918865116,154.877625292642,0.843659753291601,237.576923076923,0.326923076923077,0.769230769230769,52
"CFA_Pyrenew-Pyrenew_HE_Flu","49",0.497381937677661,11.9948938043478,0.600837284761581,18.925,0.3,0.825,40
"CFA_Pyrenew-Pyrenew_HE_Flu","50",1.03215660683277,4.47595108695652,1.16080481933162,7.18518518518519,0.518518518518518,0.907407407407407,54
"CFA_Pyrenew-Pyrenew_HE_Flu","51",0.521824280838769,65.6533174516908,0.577963880422989,94.875,0.305555555555556,0.722222222222222,36
"CFA_Pyrenew-Pyrenew_HE_Flu","53",0.587316288500129,22.1431218944099,0.585308722812966,34.0833333333333,0.357142857142857,0.761904761904762,42
"CFA_Pyrenew-Pyrenew_HE_Flu","54",0.899040558439475,19.3309050724638,0.82896515474253,26.7777777777778,0.5,0.759259259259259,54
"CFA_Pyrenew-Pyrenew_HE_Flu","55",0.464506550580263,42.0400050434783,0.581298457010683,66.88,0.32,0.84,50
"CFA_Pyrenew-Pyrenew_H_Flu","01",1.0254609934036,59.3757517310789,1.13413892859319,89.5555555555556,0.37037037037037,0.851851851851852,54
"CFA_Pyrenew-Pyrenew_H_Flu","02",1.00858572988132,6.76583377616747,1.12763146123289,10.4074074074074,0.481481481481481,0.888888888888889,54
"CFA_Pyrenew-Pyrenew_H_Flu","04",1.41378565408667,57.2967927133655,1.3857456189985,87.1574074074074,0.444444444444444,0.925925925925926,54
"CFA_Pyrenew-Pyrenew_H_Flu","05",1.00777665366084,24.8987174430642,1.0145956046317,37.1785714285714,0.619047619047619,0.952380952380952,42
"CFA_Pyrenew-Pyrenew_H_Flu","06",0.929551134239896,148.408635507246,0.986709825873572,242.240740740741,0.333333333333333,0.833333333333333,54
"CFA_Pyrenew-Pyrenew_H_Flu","08",0.704934232109358,48.7161659017713,0.865321160563513,74.712962962963,0.444444444444444,0.87037037037037,54
"CFA_Pyrenew-Pyrenew_H_Flu","09",0.671332052886502,45.9787938808374,0.8396817236329,69.8333333333333,0.518518518518518,0.888888888888889,54
"CFA_Pyrenew-Pyrenew_H_Flu","10",0.931446014780011,17.061472705314,1.0265724000624,25.0925925925926,0.444444444444444,0.833333333333333,54
"CFA_Pyrenew-Pyrenew_H_Flu","11",0.790890779053023,5.43203934782609,0.844939076961222,8.02,0.52,0.86,50
"CFA_Pyrenew-Pyrenew_H_Flu","12",0.826183169217424,221.356950402577,0.9047703990875,323.472222222222,0.388888888888889,0.87037037037037,54
"CFA_Pyrenew-Pyrenew_H_Flu","13",0.93537884562917,124.352122700669,1.03622802623154,176.076923076923,0.288461538461538,0.826923076923077,52
"CFA_Pyrenew-Pyrenew_H_Flu","15",1.14479190051854,12.0432945249597,1.16314552387019,17.3888888888889,0.351851851851852,0.777777777777778,54
"CFA_Pyrenew-Pyrenew_H_Flu","16",1.33902986742834,24.945726489533,1.38934757047231,37.8796296296296,0.407407407407407,0.888888888888889,54
"CFA_Pyrenew-Pyrenew_H_Flu","17",1.20317336334354,165.745372181965,1.29154218673821,233.944444444444,0.407407407407407,0.814814814814815,54
"CFA_Pyrenew-Pyrenew_H_Flu","18",1.0374117918208,69.6838632447665,1.0702545416438,99.3796296296296,0.537037037037037,0.814814814814815,54
"CFA_Pyrenew-Pyrenew_H_Flu","19",1.17907030858994,34.2721719404187,1.28827769740045,51.4537037037037,0.481481481481481,0.907407407407407,54
"CFA_Pyrenew-Pyrenew_H_Flu","20",1.18211916129166,32.3083523349436,1.28445651716631,49.3981481481481,0.425925925925926,0.907407407407407,54
"CFA_Pyrenew-Pyrenew_H_Flu","21",1.24944402970664,55.4915611111111,1.38379818988537,86.037037037037,0.166666666666667,0.833333333333333,54
"CFA_Pyrenew-Pyrenew_H_Flu","22",0.79487831279687,49.8550689613527,0.908043982174384,76.1666666666667,0.314814814814815,0.925925925925926,54
"CFA_Pyrenew-Pyrenew_H_Flu","23",0.846336741543029,15.2197801529791,0.965619769237693,23.2037037037037,0.537037037037037,0.925925925925926,54
"CFA_Pyrenew-Pyrenew_H_Flu","24",0.603573983186507,35.7179299919485,0.719861051884902,54.8240740740741,0.388888888888889,0.888888888888889,54
"CFA_Pyrenew-Pyrenew_H_Flu","25",0.720832602741808,65.1427331320451,0.840907798917157,96.4351851851852,0.407407407407407,0.87037037037037,54
"CFA_Pyrenew-Pyrenew_H_Flu","26",0.90269926581388,78.4794438003221,0.997779750117909,116.425925925926,0.462962962962963,0.907407407407407,54
"CFA_Pyrenew-Pyrenew_H_Flu","27",0.651198479682148,58.1274496779388,0.803301988002094,90.8703703703704,0.407407407407407,0.907407407407407,54
"CFA_Pyrenew-Pyrenew_H_Flu","28",1.07949211034521,26.8277633252818,1.11759911834788,41.712962962963,0.481481481481481,0.888888888888889,54
"CFA_Pyrenew-Pyrenew_H_Flu","29",1.42030756300716,119.679290499195,1.49364416045905,170.703703703704,0.277777777777778,0.777777777777778,54
"CFA_Pyrenew-Pyrenew_H_Flu","30",1.22329755746779,17.6570179146538,1.36607599721901,27.3240740740741,0.407407407407407,0.87037037037037,54
"CFA_Pyrenew-Pyrenew_H_Flu","31",0.897525383916268,16.1549318035427,0.961118974468738,24.5092592592593,0.481481481481481,0.925925925925926,54
"CFA_Pyrenew-Pyrenew_H_Flu","32",1.36291171986295,28.8173246376812,1.45815457620632,44.2314814814815,0.314814814814815,0.888888888888889,54
"CFA_Pyrenew-Pyrenew_H_Flu","33",0.637053020977971,13.5820157809984,0.824353591796461,22.3703703703704,0.425925925925926,0.962962962962963,54
"CFA_Pyrenew-Pyrenew_H_Flu","34",0.578786814726761,80.2651683574879,0.675918975463367,121.009259259259,0.37037037037037,0.888888888888889,54
"CFA_Pyrenew-Pyrenew_H_Flu","35",1.01246664881049,36.5038923510467,1.12789693313656,53.3518518518519,0.425925925925926,0.833333333333333,54
"CFA_Pyrenew-Pyrenew_H_Flu","36",0.55409977911367,185.615745732689,0.699586114834,276.666666666667,0.37037037037037,0.777777777777778,54
"CFA_Pyrenew-Pyrenew_H_Flu","37",0.873420046115937,161.590262123746,1.11397493012106,254.346153846154,0.673076923076923,0.961538461538462,52
"CFA_Pyrenew-Pyrenew_H_Flu","38",0.706606109915351,10.2692453703704,0.819414254636828,15.6388888888889,0.555555555555556,0.907407407407407,54
"CFA_Pyrenew-Pyrenew_H_Flu","39",0.875822301177845,127.364709219002,0.996244249537826,194.657407407407,0.425925925925926,0.814814814814815,54
"CFA_Pyrenew-Pyrenew_H_Flu","40",1.16865750796745,40.2709744363929,1.14945590962466,60.0925925925926,0.277777777777778,0.740740740740741,54
"CFA_Pyrenew-Pyrenew_H_Flu","41",0.917595346777049,43.6855816425121,0.977661913550569,63.0648148148148,0.333333333333333,0.796296296296296,54
"CFA_Pyrenew-Pyrenew_H_Flu","42",0.839785203995421,201.769371698873,0.946880628248257,300.842592592593,0.425925925925926,0.796296296296296,54
"CFA_Pyrenew-Pyrenew_H_Flu","44",0.671725166889999,14.0792680529301,0.737098885991442,19.2934782608696,0.521739130434783,0.956521739130435,46
"CFA_Pyrenew-Pyrenew_H_Flu","45",1.06677102382003,85.2612153784219,1.18323062396869,123.148148148148,0.37037037037037,0.833333333333333,54
"CFA_Pyrenew-Pyrenew_H_Flu","46",1.32425327421485,10.5350636287625,1.26154968927437,14.9807692307692,0.519230769230769,0.903846153846154,52
"CFA_Pyrenew-Pyrenew_H_Flu","47",1.28341806188981,98.105699194847,1.35716707976604,140.694444444444,0.5,0.888888888888889,54
"CFA_Pyrenew-Pyrenew_H_Flu","48",1.02739014325953,195.730737922705,1.09903976272572,295.462962962963,0.5,0.888888888888889,54
"CFA_Pyrenew-Pyrenew_H_Flu","49",1.01872709782362,23.9054862836439,1.12655698543774,34.25,0.357142857142857,0.80952380952381,42
"CFA_Pyrenew-Pyrenew_H_Flu","50",1.31154944988533,5.62362971014493,1.48941767673539,9.10185185185185,0.537037037037037,0.962962962962963,54
"CFA_Pyrenew-Pyrenew_H_Flu","51",1.07787774530876,94.618725,1.25745072861843,143.277777777778,0.407407407407407,0.888888888888889,54
"CFA_Pyrenew-Pyrenew_H_Flu","53",1.02760824567953,31.645499194847,0.966637166909096,46.8148148148148,0.537037037037037,0.907407407407407,54
"CFA_Pyrenew-Pyrenew_H_Flu","54",1.21172058621812,25.3788369162641,1.19116886391817,37,0.425925925925926,0.833333333333333,54
"CFA_Pyrenew-Pyrenew_H_Flu","55",0.868828206177425,74.481568236715,1.00548615545211,110.083333333333,0.444444444444444,0.87037037037037,54
"CFA_Pyrenew-Pyrenew_H_Flu","56",1.06083597489497,6.130228784219,1.11449615563199,9.80555555555556,0.407407407407407,0.925925925925926,54
"CMU-TimeSeries","01",0.625845662113237,50.2293144467996,0.727263531469652,79.7046414033623,0.386138613861386,0.95049504950495,104
"CMU-TimeSeries","02",0.79826719898562,7.34066404776656,0.906825807839971,11.3877948006993,0.376237623762376,0.851485148514851,104
"CMU-TimeSeries","04",0.788253748374107,44.2883750678141,0.812109867404814,70.4318945759556,0.544554455445545,0.99009900990099,104
"CMU-TimeSeries","05",0.908710384982208,33.8042040629352,0.9547172459188,53.2575945548144,0.326732673267327,0.96039603960396,104
"CMU-TimeSeries","06",0.627508807989158,144.650056065432,0.624379161470698,221.647997463764,0.623762376237624,1,104
"CMU-TimeSeries","08",0.512342006966327,52.9567587014182,0.675152476595117,86.8810096062831,0.534653465346535,0.98019801980198,104
"CMU-TimeSeries","09",0.399618659672321,43.7911448084325,0.513628622917697,66.5997363461337,0.584158415841584,0.96039603960396,104
"CMU-TimeSeries","10",0.679707570693456,18.8850536413683,0.763017269017645,27.6859057644302,0.435643564356436,0.900990099009901,104
"CMU-TimeSeries","11",0.663452770513626,7.48777138453683,0.657754267604637,10.4679100179505,0.376237623762376,0.742574257425743,104
"CMU-TimeSeries","12",0.646144191149681,236.613174775513,0.760772317583756,373.747132570767,0.475247524752475,0.98019801980198,104
"CMU-TimeSeries","13",0.601876926596291,107.785302213388,0.707705895406684,161.726090584006,0.376237623762376,0.940594059405941,104
"CMU-TimeSeries","15",0.706384581769103,8.7311404473974,0.734810205113084,12.8019404394361,0.445544554455446,0.871287128712871,104
"CMU-TimeSeries","16",0.755878093276052,18.881236129826,0.845676356590795,30.2972551520701,0.475247524752475,1,104
"CMU-TimeSeries","17",0.590845431690554,121.807064489778,0.695389830390667,185.791704062331,0.564356435643564,0.97029702970297,104
"CMU-TimeSeries","18",0.626835607856141,61.3666505205193,0.716685977887423,96.9435465660733,0.594059405940594,0.920792079207921,104
"CMU-TimeSeries","19",0.764670129086871,31.1765801086908,0.889942536521019,48.8415058578266,0.495049504950495,0.97029702970297,104
"CMU-TimeSeries","20",0.685365970320105,27.5753426924515,0.764205536964418,42.2969436786753,0.514851485148515,0.940594059405941,104
"CMU-TimeSeries","21",0.81668266010245,52.3121871429614,0.929146425995269,81.5993533583506,0.485148514851485,0.96039603960396,104
"CMU-TimeSeries","22",0.661671392127041,54.7870982259803,0.75626685065718,83.9566281600614,0.425742574257426,0.900990099009901,104
"CMU-TimeSeries","23",0.579079823973177,15.1724498761522,0.728076279923426,24.703970743561,0.475247524752475,1,104
"CMU-TimeSeries","24",0.475478386875719,44.9456589325218,0.606160815421358,72.5686047040401,0.376237623762376,0.95049504950495,104
"CMU-TimeSeries","25",0.43128895589474,63.794711463753,0.565375114247895,102.746086750664,0.782178217821782,1,104
"CMU-TimeSeries","26",0.558869881019055,77.9850589457158,0.649901213832488,120.179923706725,0.712871287128713,0.98019801980198,104
"CMU-TimeSeries","27",0.478974490569864,67.3616477609051,0.60694877501438,104.724027155218,0.524752475247525,0.95049504950495,104
"CMU-TimeSeries","28",0.705831754948087,26.5312529392619,0.73349184199574,41.0224637813081,0.346534653465347,0.881188118811881,104
"CMU-TimeSeries","29",0.860207794811428,93.5935975255047,0.941188441255818,140.264955717492,0.475247524752475,0.930693069306931,104
"CMU-TimeSeries","30",0.758621594868447,13.8193562568814,0.851465065530251,21.57144826925,0.465346534653465,0.920792079207921,104
"CMU-TimeSeries","31",0.684512915488517,17.3287407753653,0.776303380766513,27.4730454443336,0.524752475247525,0.930693069306931,104
"CMU-TimeSeries","32",0.677738784564846,20.8158816643826,0.753858608161913,32.1490367983338,0.504950495049505,0.95049504950495,104
"CMU-TimeSeries","33",0.542290641179796,17.9602752407388,0.677134294633857,27.801795457181,0.435643564356436,0.97029702970297,104
"CMU-TimeSeries","34",0.419885513048325,95.9438024492443,0.529872234973141,150.508409638748,0.524752475247525,0.96039603960396,104
"CMU-TimeSeries","35",0.612113253062601,31.1043764509255,0.700969901637271,46.2232453231598,0.514851485148515,0.910891089108911,104
"CMU-TimeSeries","36",0.428749391300177,239.724725248351,0.594051176870578,380.586009474522,0.574257425742574,0.96039603960396,104
"CMU-TimeSeries","37",0.559002591123331,180.90031620402,0.686756302757542,264.983971329165,0.455445544554455,0.910891089108911,104
"CMU-TimeSeries","38",0.509640090398694,10.3286535129559,0.577412791758322,14.9429664748485,0.425742574257426,0.96039603960396,104
"CMU-TimeSeries","39",0.58843568054166,134.40903828373,0.667823614713146,201.888067715623,0.524752475247525,0.910891089108911,104
"CMU-TimeSeries","40",0.708092670073726,30.5253997102534,0.728463179541419,48.1569265862445,0.504950495049505,0.96039603960396,104
"CMU-TimeSeries","41",0.576802317623918,35.0670944991335,0.618725233356853,52.8853901671398,0.475247524752475,0.97029702970297,104
"CMU-TimeSeries","42",0.581692141600702,206.094351935713,0.712269975362295,325.304262723463,0.534653465346535,0.97029702970297,104
"CMU-TimeSeries","44",0.47941082008705,17.101949433872,0.643753044457265,26.8766108899639,0.316831683168317,0.930693069306931,104
"CMU-TimeSeries","45",0.609639001600753,71.5087376983646,0.700504361759144,104.609750081471,0.415841584158416,0.871287128712871,104
"CMU-TimeSeries","46",0.806606864605687,9.35012994496268,0.876530992597915,14.6815766254562,0.495049504950495,0.96039603960396,104
"CMU-TimeSeries","47",0.713847392822494,76.6494067179529,0.805872969016508,115.22241110245,0.495049504950495,0.930693069306931,104
"CMU-TimeSeries","48",0.732187098373307,204.172741964917,0.81505216995382,317.613616271077,0.574257425742574,0.98019801980198,104
"CMU-TimeSeries","49",0.610236647366489,20.9457212079698,0.727837397873434,33.2433670974649,0.435643564356436,0.95049504950495,104
"CMU-TimeSeries","50",0.973798943514796,5.80768800806554,1.00959384702618,8.57866215059388,0.336633663366337,0.762376237623762,104
"CMU-TimeSeries","51",0.594965916594178,76.2714783128882,0.688600399875062,114.222880778556,0.396039603960396,0.891089108910891,104
"CMU-TimeSeries","53",0.631107062737197,25.3861336526021,0.568772276890846,34.9851428320397,0.792079207920792,1,104
"CMU-TimeSeries","54",0.939372045826176,26.6353463004173,1.0587544865152,43.5448536782519,0.386138613861386,0.99009900990099,104
"CMU-TimeSeries","55",0.526615815592786,66.0803612597969,0.634829842606663,100.485832679758,0.564356435643564,0.940594059405941,104
"CMU-TimeSeries","56",0.824974419650668,6.38328936573353,0.891380405854627,10.4460590296736,0.356435643564356,0.940594059405941,104
"CMU-TimeSeries","72",0.811184252975859,29.5152545973374,0.782904626807433,44.2583723479822,0.613861386138614,0.99009900990099,104
"CU-ARNB_Net","01",0.793007415923725,62.6847919588593,0.872902173220317,93.752688172043,0.580645161290323,0.946236559139785,96
"CU-ARNB_Net","02",0.9591046964721,7.85520336605891,1.07810527314125,12.2688172043011,0.612903225806452,0.956989247311828,96
"CU-ARNB_Net","04",0.878504881926874,50.0219728845255,0.89453125645297,78.4301075268817,0.548387096774194,0.978494623655914,96
"CU-ARNB_Net","05",0.835048345300235,29.6888499298738,0.835243302330883,44.8924731182796,0.537634408602151,0.89247311827957,96
"CU-ARNB_Net","06",0.842813976132366,194.634857410005,0.927722537661695,328.258064516129,0.473118279569892,0.967741935483871,96
"CU-ARNB_Net","08",0.580931313140855,53.5597896213184,0.745016853134738,85.3763440860215,0.494623655913978,0.946236559139785,96
"CU-ARNB_Net","09",0.607248112640225,57.2585881252922,0.763194877947722,84.5806451612903,0.526881720430108,0.956989247311828,96
"CU-ARNB_Net","10",0.788143830030031,19.9039223936419,0.818133828054556,27.1397849462366,0.548387096774194,0.89247311827957,96
"CU-ARNB_Net","11",0.693777491527013,6.98841047218326,0.799499217329322,11.4193548387097,0.580645161290323,0.956989247311828,96
"CU-ARNB_Net","12",0.744430436590825,267.962954651706,0.810987717157417,392.817204301075,0.516129032258065,0.903225806451613,96
"CU-ARNB_Net","13",0.677217659070456,113.361790556335,0.800227535699819,170.677419354839,0.505376344086022,0.946236559139785,96
"CU-ARNB_Net","15",0.757471086870417,8.63978027115474,0.748389093269547,12.258064516129,0.537634408602151,0.881720430107527,96
"CU-ARNB_Net","16",0.828944071175567,20.6470500233754,0.8716673194458,31.2258064516129,0.526881720430108,0.946236559139785,96
"CU-ARNB_Net","17",0.678674345550461,137.166358111267,0.747775782565248,195.548387096774,0.580645161290323,0.935483870967742,96
"CU-ARNB_Net","18",0.717658349330893,69.610402057036,0.835077830404638,111.978494623656,0.56989247311828,0.956989247311828,96
"CU-ARNB_Net","19",0.794879037508384,32.9514025245442,0.819246991080035,46.8279569892473,0.537634408602151,0.913978494623656,96
"CU-ARNB_Net","20",0.808094820424635,32.2228611500701,0.869490775943343,48.0860215053763,0.559139784946237,0.935483870967742,96
"CU-ARNB_Net","21",0.826873439336405,50.945577372604,0.850302873258843,71.9354838709677,0.580645161290323,0.946236559139785,96
"CU-ARNB_Net","22",0.801512813287115,61.9168115942029,0.864830235587854,90.5161290322581,0.408602150537634,0.881720430107527,96
"CU-ARNB_Net","23",0.675144543381729,17.1056661991585,0.802819054226968,26.3763440860215,0.602150537634409,0.956989247311828,96
"CU-ARNB_Net","24",0.594637266373062,51.7095418419822,0.730759554592712,80.3870967741936,0.505376344086022,0.935483870967742,96
"CU-ARNB_Net","25",0.578380677618975,78.4544787283778,0.727110884805379,122.849462365591,0.559139784946237,0.978494623655914,96
"CU-ARNB_Net","26",0.683468187793408,92.4481206171108,0.797175337922074,143.150537634409,0.612903225806452,0.956989247311828,96
"CU-ARNB_Net","27",0.561605828722922,70.1483263207106,0.718054345718422,111.279569892473,0.505376344086022,0.956989247311828,96
"CU-ARNB_Net","28",0.883950977840103,32.6282000935016,0.827473678292335,45.5268817204301,0.505376344086022,0.817204301075269,96
"CU-ARNB_Net","29",0.891453102265467,94.6429172510519,0.936112988217184,136.591397849462,0.473118279569892,0.89247311827957,96
"CU-ARNB_Net","30",0.819781792335043,14.9574707807387,0.946114697835211,23.9569892473118,0.548387096774194,0.946236559139785,96
"CU-ARNB_Net","31",0.703357979772863,17.4823048153343,0.756469534193328,26.8602150537634,0.580645161290323,0.967741935483871,96
"CU-ARNB_Net","32",0.883616465194137,25.274647031323,1.00015199275481,40.3978494623656,0.419354838709677,0.89247311827957,96
"CU-ARNB_Net","33",0.592664549604106,18.4215848527349,0.75071236749812,29.1505376344086,0.56989247311828,0.967741935483871,96
"CU-ARNB_Net","34",0.553304957669876,105.666077606358,0.706812740931061,171.333333333333,0.526881720430108,0.989247311827957,96
"CU-ARNB_Net","35",0.664382934417047,32.279144460028,0.759333235115868,47.741935483871,0.462365591397849,0.924731182795699,96
"CU-ARNB_Net","36",0.56973758976048,238.525161290323,0.778833657563411,381.677419354839,0.494623655913978,0.946236559139785,96
"CU-ARNB_Net","37",0.539615156124368,154.249593267882,0.690456255777186,239.774193548387,0.602150537634409,0.956989247311828,96
"CU-ARNB_Net","38",0.727575043091956,14.2355259467041,0.910963158476099,22.9354838709677,0.526881720430108,1,96
"CU-ARNB_Net","39",0.640023491994759,142.221977559607,0.747013160895293,220.655913978495,0.526881720430108,0.946236559139785,96
"CU-ARNB_Net","40",0.839326077411677,36.7514586255259,0.862313639208418,58.0430107526882,0.526881720430108,0.956989247311828,96
"CU-ARNB_Net","41",0.788673498659755,51.254572230014,0.794895833102793,71.3333333333333,0.408602150537634,0.827956989247312,96
"CU-ARNB_Net","42",0.670203776807179,230.781589527817,0.805306065424085,361.021505376344,0.376344086021505,0.946236559139785,96
"CU-ARNB_Net","44",0.614449345978995,18.2799532491819,0.831557781167041,29.7956989247312,0.548387096774194,0.967741935483871,96
"CU-ARNB_Net","45",0.673138049704083,75.4057129499766,0.828917946012965,119.268817204301,0.419354838709677,0.935483870967742,96
"CU-ARNB_Net","46",0.81238682562105,9.51900888265545,0.859931222011673,14.6021505376344,0.623655913978495,0.956989247311828,96
"CU-ARNB_Net","47",0.70616750469356,71.9058158017765,0.829935588622925,112.870967741935,0.623655913978495,0.967741935483871,96
"CU-ARNB_Net","48",0.711643109616646,184.065647498831,0.767717859997841,279.41935483871,0.602150537634409,0.989247311827957,96
"CU-ARNB_Net","49",0.727138037730772,23.531079943899,0.875398121457421,37.6774193548387,0.440860215053763,0.924731182795699,96
"CU-ARNB_Net","50",1.01404349681923,5.83238429172511,1.10927252091068,9.08602150537634,0.67741935483871,0.989247311827957,96
"CU-ARNB_Net","51",0.577951459409151,72.5430247779336,0.697324807267775,113.849462365591,0.591397849462366,1,96
"CU-ARNB_Net","53",0.668626720792639,27.3471902758298,0.626689137873184,39.6021505376344,0.67741935483871,0.978494623655914,96
"CU-ARNB_Net","54",0.91461832246407,25.6434969611968,0.964562911320811,39.5698924731183,0.526881720430108,0.935483870967742,96
"CU-ARNB_Net","55",0.608780818864246,73.2647545582048,0.73154496705882,111.602150537634,0.67741935483871,0.935483870967742,96
"CU-ARNB_Net","56",0.801269732787576,5.94650303880318,0.865270259473583,9.65591397849462,0.516129032258065,0.967741935483871,96
"CU-ARNB_Net","72",0.965522938029047,33.2933052828424,0.865777977677703,46.989247311828,0.645161290322581,0.989247311827957,96
"CU-ensemble","01",0.797013377952753,62.0615610766046,0.864418768820093,90.9809523809524,0.485714285714286,0.866666666666667,108
"CU-ensemble","02",0.964685252157183,8.70463768115942,1.04472824854305,12.7428571428571,0.438095238095238,0.828571428571429,108
"CU-ensemble","04",0.835657596314246,45.8838716356108,0.778021345794805,66.7333333333333,0.628571428571429,0.923809523809524,108
"CU-ensemble","05",0.852387686495597,30.4874948240166,0.80539898857689,43.3047619047619,0.676190476190476,0.857142857142857,108
"CU-ensemble","06",0.750286640145029,167.352397515528,0.725994236005926,246.180952380952,0.580952380952381,0.923809523809524,108
"CU-ensemble","08",0.6913825479804,69.2621780538302,0.88014060549858,108.990476190476,0.438095238095238,0.866666666666667,108
"CU-ensemble","09",0.954066593410764,98.5046997929607,1.10618214293284,133.047619047619,0.476190476190476,0.733333333333333,108
"CU-ensemble","10",0.78936906094572,21.2039544513458,0.846524694869064,29.552380952381,0.457142857142857,0.80952380952381,108
"CU-ensemble","11",0.802191865383241,8.94380952380952,0.859786642409492,13.4190476190476,0.619047619047619,0.885714285714286,108
"CU-ensemble","12",0.739834936932311,265.050380952381,0.849529253596372,403.533333333333,0.371428571428571,0.885714285714286,108
"CU-ensemble","13",0.814777773103444,139.806339544513,0.936209752946852,204.67619047619,0.428571428571429,0.819047619047619,108
"CU-ensemble","15",0.710854523773668,8.79053830227743,0.785768084032542,13.9428571428571,0.552380952380952,0.942857142857143,108
"CU-ensemble","16",0.797584166228451,19.3773788819876,0.875710649559489,30.4761904761905,0.542857142857143,0.914285714285714,108
"CU-ensemble","17",0.824890018147696,165.002608695652,0.918381967441866,237.914285714286,0.485714285714286,0.866666666666667,108
"CU-ensemble","18",0.762396980575852,72.1625010351967,0.871599432408463,113.790476190476,0.523809523809524,0.885714285714286,108
"CU-ensemble","19",0.860203186086768,34.5233995859213,0.884966672066672,47.8571428571429,0.476190476190476,0.828571428571429,108
"CU-ensemble","20",0.815900172731851,31.6038923395445,0.845188867696028,44.8190476190476,0.666666666666667,0.866666666666667,108
"CU-ensemble","21",0.90461523045319,56.5124057971015,1.00862118659474,86.0571428571429,0.476190476190476,0.847619047619048,108
"CU-ensemble","22",0.800035372432377,63.7091428571429,0.903219584057178,96.0666666666667,0.333333333333333,0.838095238095238,108
"CU-ensemble","23",0.841510240283217,21.4670103519669,0.925927693945901,30.5428571428571,0.561904761904762,0.857142857142857,108
"CU-ensemble","24",0.673193220008633,61.4469937888199,0.826032013643942,95.1428571428571,0.542857142857143,0.885714285714286,108
"CU-ensemble","25",0.776231581181567,110.881527950311,0.920882317377608,160.847619047619,0.552380952380952,0.80952380952381,108
"CU-ensemble","26",0.790598493300484,107.113080745342,0.84765625685075,151.609523809524,0.628571428571429,0.876190476190476,108
"CU-ensemble","27",0.699482038306935,94.599635610766,0.825744673235195,136.209523809524,0.542857142857143,0.857142857142857,108
"CU-ensemble","28",0.93325143245288,34.3699420289855,0.904991641040033,49.3904761904762,0.419047619047619,0.771428571428571,108
"CU-ensemble","29",0.931783620418695,97.9113416149068,1.00285178163359,143.790476190476,0.495238095238095,0.876190476190476,108
"CU-ensemble","30",0.919596140997503,16.3643354037267,0.960443386935136,23.8,0.552380952380952,0.838095238095238,108
"CU-ensemble","31",0.788198003705615,19.7552836438923,0.814352999193834,28.6285714285714,0.60952380952381,0.876190476190476,108
"CU-ensemble","32",0.885516205622642,26.4500869565217,0.931646851858674,38.6952380952381,0.457142857142857,0.80952380952381,108
"CU-ensemble","33",0.752413129027074,24.2186293995859,0.885198740230858,35.1047619047619,0.457142857142857,0.857142857142857,108
"CU-ensemble","34",0.721054799221702,156.872997929607,0.873297528498964,234.590476190476,0.476190476190476,0.80952380952381,108
"CU-ensemble","35",0.734009026651234,35.9230103519669,0.802854374424405,50.6,0.495238095238095,0.857142857142857,108
"CU-ensemble","36",0.692708349487582,365.96217805383,0.885054321284806,528.228571428571,0.361904761904762,0.761904761904762,108
"CU-ensemble","37",0.747355425654721,233.631213250518,0.842187421574703,316.133333333333,0.571428571428571,0.828571428571429,108
"CU-ensemble","38",0.6856614572415,13.4425383022774,0.795097561732685,20.0190476190476,0.476190476190476,0.895238095238095,108
"CU-ensemble","39",0.912477009816738,201.631167701863,0.9984330853323,292.180952380952,0.39047619047619,0.79047619047619,108
"CU-ensemble","40",0.86816232193187,36.288149068323,0.798880328424298,51.3714285714286,0.628571428571429,0.895238095238095,108
"CU-ensemble","41",0.835104391181424,50.0743188405797,0.834244473820398,69.1714285714286,0.447619047619048,0.857142857142857,108
"CU-ensemble","42",0.721927807436181,247.784716356108,0.86353574752481,383.12380952381,0.323809523809524,0.866666666666667,108
"CU-ensemble","44",0.883823275833372,29.882231884058,1.05088308367952,41.5333333333333,0.333333333333333,0.742857142857143,108
"CU-ensemble","45",0.833986892103725,95.0668240165631,0.953129000198149,137.8,0.304761904761905,0.771428571428571,108
"CU-ensemble","46",0.777866747889839,8.83892753623188,0.790670858276109,13.0190476190476,0.60952380952381,0.914285714285714,108
"CU-ensemble","47",0.823424951433769,85.0741118012422,0.906162956205645,124.92380952381,0.504761904761905,0.876190476190476,108
"CU-ensemble","48",0.692606553910108,183.765167701863,0.787378696126216,293.447619047619,0.619047619047619,0.971428571428571,108
"CU-ensemble","49",0.740899278109831,24.2007204968944,0.866759056738346,37.5714285714286,0.40952380952381,0.847619047619048,108
"CU-ensemble","50",1.08593918157288,6.25353623188406,1.15570643932521,9.47619047619048,0.571428571428571,0.866666666666667,108
"CU-ensemble","51",0.73663393825016,91.9228033126294,0.870238305622567,141.514285714286,0.542857142857143,0.876190476190476,108
"CU-ensemble","53",0.68471066450686,26.6408157349896,0.700375475084131,41.847619047619,0.60952380952381,0.933333333333333,108
"CU-ensemble","54",0.805616104450494,22.2970517598344,0.839369269336453,33.5333333333333,0.552380952380952,0.914285714285714,108
"CU-ensemble","55",0.828966474335012,101.298505175983,0.891807735916686,136.380952380952,0.619047619047619,0.80952380952381,108
"CU-ensemble","56",0.831168605804841,6.25822774327122,0.913500183638628,10.3619047619048,0.40952380952381,0.847619047619048,108
"CU-ensemble","72",0.811845056106297,28.8916397515528,0.736003075338485,40.8761904761905,0.638095238095238,0.961904761904762,108
"Cornell_JHU-hierarchSIR","01",0.88630722501082,69.4307061904762,0.930825132437608,98.9333333333333,0.2,0.685714285714286,108
"Cornell_JHU-hierarchSIR","02",1.11486048325639,10.1926617805383,1.07532525838396,13.3857142857143,0.561904761904762,0.885714285714286,108
"Cornell_JHU-hierarchSIR","04",1.01327667553608,55.7524447412008,1.0122813228062,86.2666666666667,0.295238095238095,0.80952380952381,108
"Cornell_JHU-hierarchSIR","05",0.948747326873242,33.7831876604555,1.01286111907768,54.1761904761905,0.295238095238095,0.866666666666667,108
"Cornell_JHU-hierarchSIR","06",1.09043237649978,238.338902505176,1.02434938625849,344.714285714286,0.314285714285714,0.657142857142857,108
"Cornell_JHU-hierarchSIR","08",0.529177064649711,53.6698044513458,0.673835247391548,84.2571428571429,0.371428571428571,0.752380952380952,108
"Cornell_JHU-hierarchSIR","09",0.664730826870422,68.019778426501,0.83469229480161,100.095238095238,0.228571428571429,0.542857142857143,108
"Cornell_JHU-hierarchSIR","10",0.632733906468265,17.2335779710145,0.678372218257527,24.1047619047619,0.457142857142857,0.876190476190476,108
"Cornell_JHU-hierarchSIR","11",0.751980171272302,8.37603175983437,0.896537327589363,14.1714285714286,0.552380952380952,1,108
"Cornell_JHU-hierarchSIR","12",0.721821360389919,261.768333146998,0.785372660923085,377.495238095238,0.142857142857143,0.647619047619048,108
"Cornell_JHU-hierarchSIR","13",0.554808143809969,95.8594843478261,0.648741288300525,142.695238095238,0.323809523809524,0.771428571428571,108
"Cornell_JHU-hierarchSIR","15",0.915453208695204,11.4698462111801,1.05503143117448,18.8714285714286,0.323809523809524,0.990476190476191,108
"Cornell_JHU-hierarchSIR","16",0.467974147801452,11.3860059627329,0.485128047785607,16.9571428571429,0.761904761904762,0.980952380952381,108
"Cornell_JHU-hierarchSIR","17",0.548989416856279,109.655889668737,0.660924487091353,171.604761904762,0.342857142857143,0.866666666666667,108
"Cornell_JHU-hierarchSIR","18",0.664316824450626,63.9026016977226,0.774619539858014,102.7,0.314285714285714,0.914285714285714,108
"Cornell_JHU-hierarchSIR","19",0.7282764971801,29.2708075983437,0.75301264980611,40.6809523809524,0.571428571428571,0.914285714285714,108
"Cornell_JHU-hierarchSIR","20",0.691805324220727,27.172303747412,0.661530993227116,35.5,0.60952380952381,0.885714285714286,108
"Cornell_JHU-hierarchSIR","21",0.764307545149632,48.295401884058,0.889017658278045,76.8238095238095,0.247619047619048,0.885714285714286,108
"Cornell_JHU-hierarchSIR","22",0.573654002609456,45.6094557349897,0.680749462587538,72.5285714285714,0.352380952380952,0.819047619047619,108
"Cornell_JHU-hierarchSIR","23",0.811327481922327,20.8606202691511,0.990444723090783,32.8571428571429,0.266666666666667,0.876190476190476,108
"Cornell_JHU-hierarchSIR","24",0.386776739977532,35.8471682401656,0.479923650421009,56.1190476190476,0.428571428571429,0.876190476190476,108
"Cornell_JHU-hierarchSIR","25",0.651164867708017,95.1723200828157,0.758901335515875,135.12380952381,0.352380952380952,0.742857142857143,108
"Cornell_JHU-hierarchSIR","26",0.986760627613126,136.383905465839,0.98846686820673,180.285714285714,0.476190476190476,0.752380952380952,108
"Cornell_JHU-hierarchSIR","27",0.447124329129716,62.6081381987578,0.535647311666299,91.2571428571429,0.219047619047619,0.733333333333333,108
"Cornell_JHU-hierarchSIR","28",0.883279729154179,32.8778435610766,0.89929768261045,49.6285714285714,0.4,0.780952380952381,108
"Cornell_JHU-hierarchSIR","29",0.631852981809121,66.5811355693582,0.687373510418209,98.6333333333333,0.447619047619048,0.876190476190476,108
"Cornell_JHU-hierarchSIR","30",0.59526492284327,10.6495320910973,0.682794580841486,17.0571428571429,0.542857142857143,1,108
"Cornell_JHU-hierarchSIR","31",0.632888167166918,15.8738412008282,0.643065484073946,22.5857142857143,0.60952380952381,0.933333333333333,108
"Cornell_JHU-hierarchSIR","32",0.722987801405669,21.8465370393375,0.740098924089934,31.2857142857143,0.495238095238095,0.857142857142857,108
"Cornell_JHU-hierarchSIR","33",0.660735401120797,21.5149879503106,0.769650603184349,30.8047619047619,0.380952380952381,0.885714285714286,108
"Cornell_JHU-hierarchSIR","34",0.462742661014891,101.842338509317,0.582289112730087,158.604761904762,0.295238095238095,0.80952380952381,108
"Cornell_JHU-hierarchSIR","35",0.592284456575948,29.0971579503106,0.656725091892921,41.847619047619,0.552380952380952,0.914285714285714,108
"Cornell_JHU-hierarchSIR","36",0.403334131202479,211.675080848861,0.477528976924212,289.871428571429,0.114285714285714,0.4,108
"Cornell_JHU-hierarchSIR","37",0.378190784118377,118.212371118012,0.475090225953923,176.328571428571,0.276190476190476,0.885714285714286,108
"Cornell_JHU-hierarchSIR","38",0.67336450821778,13.1993463561077,0.814822427396929,20.4571428571429,0.419047619047619,0.876190476190476,108
"Cornell_JHU-hierarchSIR","39",0.610892138392247,137.064674327122,0.700005645863293,207.195238095238,0.161904761904762,0.714285714285714,108
"Cornell_JHU-hierarchSIR","40",1.02096068664327,42.5583123809524,0.998617341559195,63.7571428571429,0.342857142857143,0.780952380952381,108
"Cornell_JHU-hierarchSIR","41",0.788824779787781,46.3098041407868,0.871294397675487,71.5857142857143,0.219047619047619,0.876190476190476,108
"Cornell_JHU-hierarchSIR","42",0.544354519676648,190.249104616977,0.65437269058576,296.519047619048,0.180952380952381,0.780952380952381,108
"Cornell_JHU-hierarchSIR","44",0.679172518872513,23.3731299792961,0.84329106293053,33.752380952381,0.219047619047619,0.8,108
"Cornell_JHU-hierarchSIR","45",0.69361321097117,76.5378195652174,0.822246435587442,116.080952380952,0.228571428571429,0.714285714285714,108
"Cornell_JHU-hierarchSIR","46",0.844215156380244,9.65892164076431,0.797799286282033,13.2706565611874,0.638095238095238,0.933333333333333,108
"Cornell_JHU-hierarchSIR","47",0.543729965659412,56.3686772463768,0.620815047532705,85.4142857142857,0.419047619047619,0.895238095238095,108
"Cornell_JHU-hierarchSIR","48",0.642198053029015,174.66017747412,0.693222916072037,265.547619047619,0.40952380952381,0.780952380952381,108
"Cornell_JHU-hierarchSIR","49",0.446611971976169,15.1857876397516,0.555313291385695,24.9,0.361904761904762,0.971428571428571,108
"Cornell_JHU-hierarchSIR","50",1.2592762492834,7.29571372670808,1.34183640899095,11.1809523809524,0.59047619047619,0.923809523809524,108
"Cornell_JHU-hierarchSIR","51",0.461391157155532,59.3193802484472,0.589164203545208,97.5142857142857,0.314285714285714,0.866666666666667,108
"Cornell_JHU-hierarchSIR","53",0.638709255346402,24.8456632919255,0.651728934078933,38.6904761904762,0.6,0.990476190476191,108
"Cornell_JHU-hierarchSIR","54",0.836835994250702,23.9693064389234,0.853115573942708,36.0380952380952,0.428571428571429,0.904761904761905,108
"Cornell_JHU-hierarchSIR","55",0.595306146427097,73.5907396066253,0.70183846082153,108.147619047619,0.466666666666667,0.857142857142857,108
"Cornell_JHU-hierarchSIR","56",0.981901709014444,7.45765956521739,1.11044243419381,12.7285714285714,0.504761904761905,0.971428571428571,108
"Cornell_JHU-hierarchSIR","72",1.31610552263786,47.9347949689441,1.14713977610861,64.7761904761905,0.39047619047619,0.79047619047619,108
"DMAPRIME-DLM","45",0.678535720058219,7.76935312831389,0.744625395393066,11.5121951219512,0.317073170731707,0.634146341463415,44
"DMAPRIME-QR","45",1.15229389991276,45.1219714115545,1.12388283257361,61.4109589041096,0.191780821917808,0.534246575342466,76
"Epistorm-Ensemble_Flu","01",0.835175762913202,19.4397098317331,0.815384457928226,26.543132084981,0.591836734693878,0.918367346938776,52
"Epistorm-Ensemble_Flu","02",0.936322840105276,2.40369772622339,0.925985738570738,3.4042257263522,0.428571428571429,0.755102040816326,52
"Epistorm-Ensemble_Flu","04",0.627121037164007,15.0748718617621,0.591836445592545,21.5073000865428,0.714285714285714,1,52
"Epistorm-Ensemble_Flu","05",0.616157009077012,6.66067384162368,0.631457238347343,10.6228060720287,0.448979591836735,1,52
"Epistorm-Ensemble_Flu","06",0.497052948335383,46.2407241276743,0.47720718752726,67.4614564140344,0.775510204081633,0.979591836734694,52
"Epistorm-Ensemble_Flu","08",0.57218945954901,11.0784253407579,0.742088219475832,17.6391596043525,0.469387755102041,0.938775510204082,52
"Epistorm-Ensemble_Flu","09",0.670672047027863,6.79196597089779,0.913678646179576,10.6417856271437,0.428571428571429,0.918367346938776,52
"Epistorm-Ensemble_Flu","10",0.862068322307345,5.09706724218997,0.822279171622933,7.14320453114656,0.408163265306122,0.795918367346939,52
"Epistorm-Ensemble_Flu","11",0.629867307786427,1.49990077985207,0.684990514386932,2.23997505674247,0.511111111111111,0.911111111111111,48
"Epistorm-Ensemble_Flu","12",0.346113223583175,43.0143215407161,0.355767237546265,61.3864101632047,0.836734693877551,1,52
"Epistorm-Ensemble_Flu","13",0.447472597840282,13.3532474781404,0.50227666284493,20.8135430187337,0.673469387755102,1,52
"Epistorm-Ensemble_Flu","15",0.807424363377905,4.59719906244124,0.868868241783024,7.10768109338829,0.288888888888889,0.822222222222222,48
"Epistorm-Ensemble_Flu","16",0.614233392188835,5.09138263829333,0.633996257452159,7.65442549653043,0.591836734693878,0.959183673469388,52
"Epistorm-Ensemble_Flu","17",0.508738005407994,20.5957449198023,0.506904406278437,28.8813280367681,0.612244897959184,0.938775510204082,52
"Epistorm-Ensemble_Flu","18",0.726105661973489,20.415314505316,0.829992867544599,32.8181598115397,0.530612244897959,0.979591836734694,52
"Epistorm-Ensemble_Flu","19",0.556658539865156,6.66113902050924,0.612036417719305,10.8529788981579,0.612244897959184,0.959183673469388,52
"Epistorm-Ensemble_Flu","20",0.521938577070773,5.17556738666329,0.523704149906772,7.72610568852587,0.63265306122449,1,52
"Epistorm-Ensemble_Flu","21",0.882136877583053,18.4919429472177,0.9370204006605,29.4792248603652,0.36734693877551,0.918367346938776,52
"Epistorm-Ensemble_Flu","22",0.486474632551415,11.730165766426,0.505032298260051,16.9339064816173,0.489795918367347,0.857142857142857,52
"Epistorm-Ensemble_Flu","23",0.601853336124913,2.80991870808725,0.754798768819246,4.61349429506044,0.693877551020408,0.979591836734694,52
"Epistorm-Ensemble_Flu","24",0.528451618933743,6.68877767008979,0.650214545571487,10.3507020698606,0.510204081632653,0.897959183673469,52
"Epistorm-Ensemble_Flu","25",0.629959105558401,9.17368011089879,0.867035361377112,15.4605239486629,0.448979591836735,0.979591836734694,52
"Epistorm-Ensemble_Flu","26",0.63756016493938,15.1900855417601,0.621483666189774,19.7095482338479,0.755102040816326,0.959183673469388,52
"Epistorm-Ensemble_Flu","27",0.535788375101528,12.5762628925036,0.716829607371352,20.966287861367,0.448979591836735,0.979591836734694,52
"Epistorm-Ensemble_Flu","28",0.67353130195727,10.0959078613892,0.692286941151847,16.2566640547374,0.448979591836735,0.877551020408163,52
"Epistorm-Ensemble_Flu","29",0.560039066168811,12.2175949591313,0.609838620818255,19.1427479602662,0.653061224489796,1,52
"Epistorm-Ensemble_Flu","30",0.663680466474085,3.65866405654498,0.65837752730341,5.29429236017992,0.63265306122449,0.877551020408163,52
"Epistorm-Ensemble_Flu","31",0.452721373120926,3.89452789909365,0.477003547571064,6.03012851209144,0.489795918367347,0.959183673469388,52
"Epistorm-Ensemble_Flu","32",0.814681357870873,7.76245193480353,0.837044958702861,11.4736153678072,0.530612244897959,0.897959183673469,52
"Epistorm-Ensemble_Flu","33",0.581254601858786,3.12972761411531,0.756155898333896,5.25660488838404,0.489795918367347,0.959183673469388,52
"Epistorm-Ensemble_Flu","34",0.55031938199079,18.2655091712631,0.67720140809496,28.058482590744,0.448979591836735,0.897959183673469,52
"Epistorm-Ensemble_Flu","35",0.575725475785985,6.32498351757368,0.635234490130499,9.77010159182713,0.510204081632653,0.938775510204082,52
"Epistorm-Ensemble_Flu","36",0.726440145614001,41.378890972451,0.94677123787975,62.8333976420328,0.4,0.911111111111111,48
"Epistorm-Ensemble_Flu","37",0.369924853564495,9.74086601918721,0.467727851489989,14.9787463428119,0.673469387755102,1,52
"Epistorm-Ensemble_Flu","38",0.674495307402268,3.42944045844793,0.794997092463076,5.42683738686662,0.36734693877551,0.938775510204082,52
"Epistorm-Ensemble_Flu","39",0.654969153882733,35.9119838595552,0.678499597092199,50.6778052766729,0.551020408163265,0.897959183673469,52
"Epistorm-Ensemble_Flu","40",0.617296281856568,9.49501081159999,0.586360407778126,13.8938483209422,0.591836734693878,0.938775510204082,52
"Epistorm-Ensemble_Flu","41",0.463464825111767,8.07978193363776,0.460102020483877,12.0294137731897,0.488888888888889,1,48
"Epistorm-Ensemble_Flu","42",0.840924980785233,90.9006602807358,1.022297650579,148.388629214593,0.288888888888889,0.888888888888889,48
"Epistorm-Ensemble_Flu","44",0.757723428768587,3.89466850072935,0.853984301192554,5.53956002473983,0.346938775510204,0.816326530612245,52
"Epistorm-Ensemble_Flu","45",0.545543884448827,12.2851604141706,0.608590441031689,19.2010664165211,0.489795918367347,0.857142857142857,52
"Epistorm-Ensemble_Flu","46",0.655424947393005,2.57631683267394,0.661718407431071,3.97664801761885,0.551020408163265,1,52
"Epistorm-Ensemble_Flu","47",0.540803411271599,10.9654393218616,0.548479378857942,15.237611623461,0.816326530612245,1,52
"Epistorm-Ensemble_Flu","48",0.548495565732398,32.6563030534264,0.568387488549756,46.7571665015065,0.795918367346939,1,52
"Epistorm-Ensemble_Flu","49",0.636979435456096,5.4430693471048,0.685660465717251,8.05704831558135,0.4,0.933333333333333,48
"Epistorm-Ensemble_Flu","50",0.730525118605867,1.22834836705537,0.850475124662928,2.05211859700152,0.591836734693878,0.979591836734694,52
"Epistorm-Ensemble_Flu","51",0.463020123093925,11.7227528232784,0.498902142422,17.2331315941115,0.612244897959184,0.938775510204082,52
"Epistorm-Ensemble_Flu","53",0.562806912597765,10.445102897143,0.589718805225909,16.9773512084917,0.510204081632653,1,52
"Epistorm-Ensemble_Flu","54",0.877445689572424,8.70754049196101,0.905063269392355,13.7988215574469,0.489795918367347,0.959183673469388,52
"Epistorm-Ensemble_Flu","55",0.58831227316911,10.0379451261701,0.905688905275513,17.392196740877,0.612244897959184,1,52
"Epistorm-Ensemble_Flu","56",0.764496772520328,2.20423468948706,0.826523953681055,3.58527338914237,0.387755102040816,0.979591836734694,52
"Epistorm-Ensemble_Flu","72",0.984989764923044,14.590907437348,0.943143798082044,21.8934375241131,0.695652173913043,1,24
"FluSight-HJudge_ensemble","01",0.766788393772464,59.5079296066253,0.839641525796035,88.4380952380952,0.419047619047619,0.857142857142857,108
"FluSight-HJudge_ensemble","02",0.822190287270124,7.44561904761905,0.867162877726954,10.6190476190476,0.485714285714286,0.866666666666667,108
"FluSight-HJudge_ensemble","04",0.807008214859414,43.2573581780538,0.846218369324795,69.8952380952381,0.476190476190476,1,108
"FluSight-HJudge_ensemble","05",0.79425784588601,28.1347080745342,0.837415818242386,44.3904761904762,0.39047619047619,0.933333333333333,108
"FluSight-HJudge_ensemble","06",0.597140532058172,132.832062111801,0.613844366562308,209.390476190476,0.628571428571429,0.990476190476191,108
"FluSight-HJudge_ensemble","08",0.53370656875754,53.5836149068323,0.694370696040236,86.3333333333333,0.457142857142857,0.866666666666667,108
"FluSight-HJudge_ensemble","09",0.557123878672439,58.5231842650104,0.689603747758382,84.0857142857143,0.438095238095238,0.80952380952381,108
"FluSight-HJudge_ensemble","10",0.718958661935204,19.592215320911,0.767304360929146,27.1142857142857,0.447619047619048,0.847619047619048,108
"FluSight-HJudge_ensemble","11",0.655694734418005,7.27204968944099,0.769404680857033,12.0285714285714,0.552380952380952,0.933333333333333,108
"FluSight-HJudge_ensemble","12",0.571765557381408,204.258028985507,0.688831686368363,326.209523809524,0.466666666666667,0.942857142857143,108
"FluSight-HJudge_ensemble","13",0.668013096471335,114.867908902692,0.777130515747044,170.514285714286,0.438095238095238,0.866666666666667,108
"FluSight-HJudge_ensemble","15",0.700396017500049,8.67927536231884,0.783563814837533,13.8857142857143,0.428571428571429,0.914285714285714,108
"FluSight-HJudge_ensemble","16",0.672869033324885,16.0925797101449,0.738306879059114,25.4285714285714,0.542857142857143,0.952380952380952,108
"FluSight-HJudge_ensemble","17",0.72202430017292,143.991308488613,0.822072233629187,212.685714285714,0.428571428571429,0.885714285714286,108
"FluSight-HJudge_ensemble","18",0.727864449783751,68.6846293995859,0.837011929061652,109.12380952381,0.514285714285714,0.923809523809524,108
"FluSight-HJudge_ensemble","19",0.711913946358149,28.2581449275362,0.757253748959307,40.2761904761905,0.571428571428571,0.933333333333333,108
"FluSight-HJudge_ensemble","20",0.727618536002145,28.191900621118,0.757549969781538,40.0761904761905,0.6,0.914285714285714,108
"FluSight-HJudge_ensemble","21",0.814792677653046,50.6552629399586,0.893909672226389,75.9428571428571,0.476190476190476,0.904761904761905,108
"FluSight-HJudge_ensemble","22",0.629670792996502,49.9755113871636,0.750311217408724,79.6571428571429,0.419047619047619,0.904761904761905,108
"FluSight-HJudge_ensemble","23",0.658853985164853,16.8049026915114,0.781517662431673,25.847619047619,0.571428571428571,0.933333333333333,108
"FluSight-HJudge_ensemble","24",0.561919630281663,51.7537060041408,0.706609175810636,81.9142857142857,0.457142857142857,0.904761904761905,108
"FluSight-HJudge_ensemble","25",0.663562435707308,96.1095155279503,0.798423623407735,140.971428571429,0.523809523809524,0.838095238095238,108
"FluSight-HJudge_ensemble","26",0.772375557806979,104.939130434783,0.841729386263738,151.257142857143,0.628571428571429,0.876190476190476,108
"FluSight-HJudge_ensemble","27",0.554135034158824,75.6642028985507,0.674147012124547,112.209523809524,0.504761904761905,0.866666666666667,108
"FluSight-HJudge_ensemble","28",0.787424127199535,28.8434948240166,0.816615422774589,44.4571428571429,0.371428571428571,0.857142857142857,108
"FluSight-HJudge_ensemble","29",0.806608035944959,84.31583436853,0.857407711284233,122.266666666667,0.40952380952381,0.895238095238095,108
"FluSight-HJudge_ensemble","30",0.738773632881837,13.1372629399586,0.823757705811406,20.4,0.485714285714286,0.942857142857143,108
"FluSight-HJudge_ensemble","31",0.644612837388821,15.9928819875776,0.712139008586434,24.7904761904762,0.438095238095238,0.952380952380952,108
"FluSight-HJudge_ensemble","32",0.832259175248609,24.8741532091097,0.853409868550989,35.3809523809524,0.514285714285714,0.847619047619048,108
"FluSight-HJudge_ensemble","33",0.607034817411419,19.7642236024845,0.716224791503945,28.752380952381,0.504761904761905,0.895238095238095,108
"FluSight-HJudge_ensemble","34",0.555875556406679,123.416215320911,0.699507311158952,191,0.485714285714286,0.866666666666667,108
"FluSight-HJudge_ensemble","35",0.648524625949906,31.575917184265,0.741182170491398,46.7333333333333,0.438095238095238,0.866666666666667,108
"FluSight-HJudge_ensemble","36",0.49731646372936,266.805660455487,0.669680692727334,404.285714285714,0.419047619047619,0.847619047619048,108
"FluSight-HJudge_ensemble","37",0.58493685504844,183.192786749482,0.689511660252525,258.266666666667,0.523809523809524,0.857142857142857,108
"FluSight-HJudge_ensemble","38",0.554096588260324,10.9546873706004,0.642093157977232,16.3047619047619,0.514285714285714,0.923809523809524,108
"FluSight-HJudge_ensemble","39",0.70653235630718,156.271627329193,0.831497302112146,243.771428571429,0.457142857142857,0.819047619047619,108
"FluSight-HJudge_ensemble","40",0.815585593892034,33.7237391304348,0.822548312438287,52.2380952380952,0.457142857142857,0.904761904761905,108
"FluSight-HJudge_ensemble","41",0.684471427271115,40.785685300207,0.688223589645087,57.0857142857143,0.447619047619048,0.885714285714286,108
"FluSight-HJudge_ensemble","42",0.610184527069357,211.689225672878,0.770652746715594,345.095238095238,0.342857142857143,0.923809523809524,108
"FluSight-HJudge_ensemble","44",0.603264378450907,20.8372298136646,0.762231041049266,30.6095238095238,0.466666666666667,0.847619047619048,108
"FluSight-HJudge_ensemble","45",0.704794092662461,79.704082815735,0.836092516875605,120.27619047619,0.352380952380952,0.838095238095238,108
"FluSight-HJudge_ensemble","46",0.779043524311062,8.85566045548654,0.782413112288067,12.8666666666667,0.580952380952381,0.923809523809524,108
"FluSight-HJudge_ensemble","47",0.700738917780813,72.6018881987578,0.787003006135626,108.47619047619,0.561904761904762,0.895238095238095,108
"FluSight-HJudge_ensemble","48",0.622715669171264,165.906062111801,0.701827532022854,262.409523809524,0.552380952380952,0.980952380952381,108
"FluSight-HJudge_ensemble","49",0.620094466247691,20.4001863354037,0.753852344770974,32.9142857142857,0.371428571428571,0.895238095238095,108
"FluSight-HJudge_ensemble","50",0.898297783679751,5.18464182194617,0.914603596308506,7.51428571428571,0.628571428571429,0.923809523809524,108
"FluSight-HJudge_ensemble","51",0.616182776292828,77.099585921325,0.739779539331195,119.990476190476,0.476190476190476,0.895238095238095,108
"FluSight-HJudge_ensemble","53",0.571883775884686,22.1555776397516,0.57168443846468,34.2761904761905,0.6,1,108
"FluSight-HJudge_ensemble","54",0.750111497990576,20.7393747412008,0.759928402103877,30.4761904761905,0.533333333333333,0.933333333333333,108
"FluSight-HJudge_ensemble","55",0.635542634382704,77.7301076604555,0.726203746339123,111.590476190476,0.561904761904762,0.847619047619048,108
"FluSight-HJudge_ensemble","56",0.791095312160479,5.96242236024845,0.850019525671942,9.67619047619048,0.447619047619048,0.952380952380952,108
"FluSight-HJudge_ensemble","72",0.834724966838798,29.6548488612836,0.839102765860901,46.5047619047619,0.580952380952381,0.990476190476191,108
"FluSight-baseline","01",1,77.1484596273292,1,105.571428571429,0.352380952380952,0.819047619047619,108
"FluSight-baseline","02",1,9.0048115942029,1,12.2857142857143,0.523809523809524,0.876190476190476,108
"FluSight-baseline","04",1,54.0353954451346,1,83.0095238095238,0.447619047619048,1,108
"FluSight-baseline","05",1,35.4213374741201,1,53.4095238095238,0.428571428571429,0.942857142857143,108
"FluSight-baseline","06",1,220.186451345756,1,337.466666666667,0.323809523809524,0.971428571428571,108
"FluSight-baseline","08",1,100.118049689441,1,124.219047619048,0.447619047619048,0.80952380952381,108
"FluSight-baseline","09",1,103.743432712215,1,122.838095238095,0.504761904761905,0.723809523809524,108
"FluSight-baseline","10",1,27.2177474120083,1,35.6761904761905,0.342857142857143,0.838095238095238,108
"FluSight-baseline","11",1,11.068,1,15.7142857142857,0.542857142857143,0.933333333333333,108
"FluSight-baseline","12",1,352.414579710145,1,472.552380952381,0.304761904761905,0.733333333333333,108
"FluSight-baseline","13",1,170.838314699793,1,218.142857142857,0.342857142857143,0.838095238095238,108
"FluSight-baseline","15",1,12.4175983436853,1,17.7619047619048,0.314285714285714,0.780952380952381,108
"FluSight-baseline","16",1,24.1548074534161,1,34.8380952380952,0.380952380952381,0.904761904761905,108
"FluSight-baseline","17",1,200.076790890269,1,259.209523809524,0.295238095238095,0.780952380952381,108
"FluSight-baseline","18",1,94.8695569358178,1,131.352380952381,0.438095238095238,0.885714285714286,108
"FluSight-baseline","19",1,39.7661863354037,1,53.7714285714286,0.40952380952381,0.895238095238095,108
"FluSight-baseline","20",1,38.7483768115942,1,53.2571428571429,0.39047619047619,0.904761904761905,108
"FluSight-baseline","21",1,62.6307536231884,1,86.0476190476191,0.476190476190476,0.923809523809524,108
"FluSight-baseline","22",1,79.4145590062112,1,106.609523809524,0.333333333333333,0.828571428571429,108
"FluSight-baseline","23",1,25.4194451345756,1,33.0476190476191,0.361904761904762,0.838095238095238,108
"FluSight-baseline","24",1,91.6366293995859,1,116.27619047619,0.504761904761905,0.79047619047619,108
"FluSight-baseline","25",1,143.672728778468,1,178.495238095238,0.495238095238095,0.79047619047619,108
"FluSight-baseline","26",1,134.880260869565,1,178.419047619048,0.438095238095238,0.838095238095238,108
"FluSight-baseline","27",1,135.529026915114,1,165.666666666667,0.323809523809524,0.752380952380952,108
"FluSight-baseline","28",1,36.6415445134576,1,54.6666666666667,0.314285714285714,0.904761904761905,108
"FluSight-baseline","29",1,104.434621118012,1,142.638095238095,0.323809523809524,0.895238095238095,108
"FluSight-baseline","30",1,17.9028405797101,1,24.9714285714286,0.4,0.885714285714286,108
"FluSight-baseline","31",1,24.5893581780538,1,34.647619047619,0.39047619047619,0.895238095238095,108
"FluSight-baseline","32",1,29.84783436853,1,41.7619047619048,0.542857142857143,0.904761904761905,108
"FluSight-baseline","33",1,32.3499958592133,1,39.9714285714286,0.333333333333333,0.752380952380952,108
"FluSight-baseline","34",1,217.46901863354,1,270.27619047619,0.419047619047619,0.752380952380952,108
"FluSight-baseline","35",1,48.748198757764,1,63.3047619047619,0.380952380952381,0.828571428571429,108
"FluSight-baseline","36",1,527.936182194617,1,606.857142857143,0.533333333333333,0.676190476190476,108
"FluSight-baseline","37",1,310.806517598344,1,371.647619047619,0.333333333333333,0.780952380952381,108
"FluSight-baseline","38",1,19.9373706004141,1,25.6666666666667,0.419047619047619,0.742857142857143,108
"FluSight-baseline","39",1,221.420596273292,1,293.228571428571,0.371428571428571,0.885714285714286,108
"FluSight-baseline","40",1,42.0014534161491,1,64.447619047619,0.39047619047619,1,108
"FluSight-baseline","41",1,58.4725051759834,1,81.6571428571429,0.323809523809524,0.895238095238095,108
"FluSight-baseline","42",1,350.6873126294,1,455.171428571429,0.314285714285714,0.828571428571429,108
"FluSight-baseline","44",1,34.1220124223602,1,40.2380952380952,0.40952380952381,0.742857142857143,108
"FluSight-baseline","45",1,111.380066252588,1,142.333333333333,0.342857142857143,0.8,108
"FluSight-baseline","46",1,11.3302857142857,1,16.4190476190476,0.447619047619048,0.923809523809524,108
"FluSight-baseline","47",1,102.812997929607,1,137.009523809524,0.4,0.866666666666667,108
"FluSight-baseline","48",1,265.749614906832,1,373.209523809524,0.380952380952381,0.885714285714286,108
"FluSight-baseline","49",1,33.0256107660456,1,43.9238095238095,0.361904761904762,0.828571428571429,108
"FluSight-baseline","50",1,5.7963850931677,1,8.28571428571429,0.552380952380952,0.914285714285714,108
"FluSight-baseline","51",1,125.908144927536,1,163.561904761905,0.371428571428571,0.819047619047619,108
"FluSight-baseline","53",1,38.6416935817805,1,59.4285714285714,0.361904761904762,1,108
"FluSight-baseline","54",1,28.1812505175983,1,41.352380952381,0.428571428571429,0.923809523809524,108
"FluSight-baseline","55",1,121.594724637681,1,152.504761904762,0.323809523809524,0.780952380952381,108
"FluSight-baseline","56",1,7.52983022774327,1,11.3904761904762,0.428571428571429,1,108
"FluSight-baseline","72",1,35.7298260869565,1,56.0857142857143,0.39047619047619,0.990476190476191,108
"FluSight-ensemble","01",0.803009233827551,62.3111718426501,0.87077694020691,91.7428571428571,0.447619047619048,0.847619047619048,108
"FluSight-ensemble","02",0.837323232250012,7.57539958592132,0.872344610465793,10.6761904761905,0.533333333333333,0.885714285714286,108
"FluSight-ensemble","04",0.810670710866534,43.3554824016563,0.840221301002931,69.2285714285714,0.542857142857143,1,108
"FluSight-ensemble","05",0.820659236442278,28.9869482401656,0.868713576660089,46.0285714285714,0.447619047619048,0.933333333333333,108
"FluSight-ensemble","06",0.645510421515027,143.476641821946,0.654935876153423,224.038095238095,0.59047619047619,0.971428571428571,108
"FluSight-ensemble","08",0.576664931498678,58.0184679089027,0.728763064072821,90.7809523809524,0.485714285714286,0.895238095238095,108
"FluSight-ensemble","09",0.605948390738622,63.9621035196687,0.7348463385691,89.8285714285714,0.561904761904762,0.8,108
"FluSight-ensemble","10",0.735352964791238,20.0793540372671,0.776516647268581,27.4857142857143,0.504761904761905,0.847619047619048,108
"FluSight-ensemble","11",0.718547695705004,7.96682401656315,0.831865862845437,13,0.571428571428571,0.952380952380952,108
"FluSight-ensemble","12",0.629768946585573,224.079867494824,0.740651528228311,351.304761904762,0.447619047619048,0.933333333333333,108
"FluSight-ensemble","13",0.712252138784868,122.591416149068,0.810586278814214,177.771428571429,0.419047619047619,0.838095238095238,108
"FluSight-ensemble","15",0.724999313029772,8.98989648033126,0.815516176778318,14.4285714285714,0.447619047619048,0.914285714285714,108
"FluSight-ensemble","16",0.702264918158169,16.8267743271222,0.771914126791013,26.647619047619,0.542857142857143,0.952380952380952,108
"FluSight-ensemble","17",0.750094954703302,149.825035196687,0.837736053171218,216.6,0.457142857142857,0.885714285714286,108
"FluSight-ensemble","18",0.754929023390839,71.4856604554865,0.866805571308718,113.390476190476,0.533333333333333,0.933333333333333,108
"FluSight-ensemble","19",0.761647011850633,30.3561366459627,0.808681855304787,43.2285714285714,0.59047619047619,0.914285714285714,108
"FluSight-ensemble","20",0.759899867502873,29.4756438923395,0.787369129389739,41.6952380952381,0.561904761904762,0.885714285714286,108
"FluSight-ensemble","21",0.842705744846747,52.5320455486542,0.899440492870232,76.5333333333333,0.504761904761905,0.904761904761905,108
"FluSight-ensemble","22",0.668047406000597,53.0678964803313,0.786864627981243,83.5904761904762,0.428571428571429,0.895238095238095,108
"FluSight-ensemble","23",0.682764662726289,17.4417267080745,0.790845643030985,26.1619047619048,0.6,0.914285714285714,108
"FluSight-ensemble","24",0.621811871054795,57.4002732919255,0.74966318531288,86.9523809523809,0.476190476190476,0.866666666666667,108
"FluSight-ensemble","25",0.693755443242921,100.592587991718,0.813097258284843,143.828571428571,0.552380952380952,0.838095238095238,108
"FluSight-ensemble","26",0.804820514324107,109.25398757764,0.860737442691812,154.32380952381,0.638095238095238,0.876190476190476,108
"FluSight-ensemble","27",0.5964746089781,81.7293706004141,0.701946090912217,117.028571428571,0.495238095238095,0.847619047619048,108
"FluSight-ensemble","28",0.794005853704469,29.113900621118,0.813475002853933,44.2857142857143,0.419047619047619,0.866666666666667,108
"FluSight-ensemble","29",0.832426139155296,87.2310269151139,0.866094089326148,123.695238095238,0.40952380952381,0.885714285714286,108
"FluSight-ensemble","30",0.770099643659828,13.7350393374741,0.842483636255941,20.9238095238095,0.514285714285714,0.933333333333333,108
"FluSight-ensemble","31",0.704070399255563,17.4735320910973,0.757363279026584,26.2952380952381,0.466666666666667,0.933333333333333,108
"FluSight-ensemble","32",0.860840958021159,25.6916438923395,0.874360539558986,36.2190476190476,0.523809523809524,0.828571428571429,108
"FluSight-ensemble","33",0.634111312647386,20.6824968944099,0.737911471748748,29.6190476190476,0.571428571428571,0.895238095238095,108
"FluSight-ensemble","34",0.590097824566019,130.845316770186,0.723507043902724,196.990476190476,0.514285714285714,0.857142857142857,108
"FluSight-ensemble","35",0.690938941522795,33.7110062111801,0.765081572216471,48.2666666666667,0.466666666666667,0.904761904761905,108
"FluSight-ensemble","36",0.567037695065513,305.237577639752,0.739491873348936,447.8,0.552380952380952,0.819047619047619,108
"FluSight-ensemble","37",0.622396115833871,195.473449275362,0.718437658137629,269.552380952381,0.6,0.857142857142857,108
"FluSight-ensemble","38",0.586889057314646,11.6376107660455,0.681586037709595,17.3333333333333,0.533333333333333,0.923809523809524,108
"FluSight-ensemble","39",0.737008675336218,163.350534161491,0.836598094410878,245.266666666667,0.533333333333333,0.819047619047619,108
"FluSight-ensemble","40",0.84416312698401,35.0324347826087,0.846355637169169,53.9904761904762,0.457142857142857,0.895238095238095,108
"FluSight-ensemble","41",0.717588037020545,42.6317805383023,0.724003393319212,60.0666666666667,0.419047619047619,0.876190476190476,108
"FluSight-ensemble","42",0.636379738918923,221.489556935818,0.776919122007069,348.342857142857,0.40952380952381,0.914285714285714,108
"FluSight-ensemble","44",0.633899065361912,21.9527743271222,0.789286423876293,31.7047619047619,0.485714285714286,0.857142857142857,108
"FluSight-ensemble","45",0.734028037053772,83.3094078674948,0.853358616596668,122.952380952381,0.371428571428571,0.838095238095238,108
"FluSight-ensemble","46",0.810008995887001,9.22896894409938,0.799492359692219,13.1809523809524,0.552380952380952,0.923809523809524,108
"FluSight-ensemble","47",0.723000593180446,74.9764513457557,0.813317903119897,112.07619047619,0.561904761904762,0.885714285714286,108
"FluSight-ensemble","48",0.662077312452754,176.289196687371,0.761520859827434,284.87619047619,0.571428571428571,0.961904761904762,108
"FluSight-ensemble","49",0.662622810795287,21.8959792960663,0.792279854778082,34.752380952381,0.39047619047619,0.885714285714286,108
"FluSight-ensemble","50",0.909154264614452,5.24750310559006,0.919724503356708,7.55238095238095,0.647619047619048,0.933333333333333,108
"FluSight-ensemble","51",0.654328674689607,82.1092091097308,0.759849615675638,123.47619047619,0.504761904761905,0.895238095238095,108
"FluSight-ensemble","53",0.591584279452708,22.930115942029,0.600307765483129,35.9523809523809,0.6,1,108
"FluSight-ensemble","54",0.802023306235546,22.2179627329193,0.797174608736266,32.0666666666667,0.533333333333333,0.923809523809524,108
"FluSight-ensemble","55",0.675724162397191,82.6466749482402,0.754488085960082,115.961904761905,0.580952380952381,0.838095238095238,108
"FluSight-ensemble","56",0.82333144001114,6.20350310559006,0.890150502464642,10.1333333333333,0.476190476190476,0.971428571428571,108
"FluSight-ensemble","72",0.791629642578382,28.1828985507246,0.809069074601257,44.9714285714286,0.6,0.990476190476191,108
"FluSight-lop_norm","01",0.755590994385258,58.4605879917184,0.873448960816055,91.9238095238095,0.495238095238095,0.952380952380952,108
"FluSight-lop_norm","02",0.801752984107948,7.2243602484472,0.861421831118948,10.5333333333333,0.59047619047619,0.952380952380952,108
"FluSight-lop_norm","04",0.825281202953497,44.2419917184265,0.841486879270803,69.3619047619048,0.647619047619048,1,108
"FluSight-lop_norm","05",0.805869249179308,28.5773126293996,0.85886302285013,45.552380952381,0.542857142857143,1,108
"FluSight-lop_norm","06",0.672156453382929,148.961233954451,0.660342496258497,225.704761904762,0.638095238095238,1,108
"FluSight-lop_norm","08",0.572002551897551,57.2282028985507,0.750673333864604,93.2952380952381,0.552380952380952,1,108
"FluSight-lop_norm","09",0.561352616351435,58.6477763975155,0.738137096575236,90.1428571428571,0.619047619047619,0.952380952380952,108
"FluSight-lop_norm","10",0.720872203589343,19.6050973084886,0.769978899340858,27.247619047619,0.571428571428571,0.904761904761905,108
"FluSight-lop_norm","11",0.698003915132501,7.69629399585921,0.805251714864622,12.5714285714286,0.619047619047619,1,108
"FluSight-lop_norm","12",0.618895465857544,220.198517598344,0.749324793689529,355.238095238095,0.542857142857143,0.980952380952381,108
"FluSight-lop_norm","13",0.66774493959823,114.420335403727,0.813691626138611,178.104761904762,0.457142857142857,0.971428571428571,108
"FluSight-lop_norm","15",0.733728753568179,9.05868322981367,0.808753055775036,14.3047619047619,0.485714285714286,0.980952380952381,108
"FluSight-lop_norm","16",0.697888789072795,16.7547536231884,0.760420509816571,26.2857142857143,0.657142857142857,1,108
"FluSight-lop_norm","17",0.70376118567259,140.401204968944,0.82874505624469,214.47619047619,0.466666666666667,0.961904761904762,108
"FluSight-lop_norm","18",0.731962138183967,69.2592505175983,0.865657248940944,113.266666666667,0.580952380952381,1,108
"FluSight-lop_norm","19",0.741685920009288,29.4479710144928,0.809239867577235,43.2380952380952,0.647619047619048,0.952380952380952,108
"FluSight-lop_norm","20",0.745536884670371,28.7510641821946,0.793487113623014,41.9238095238095,0.733333333333333,0.952380952380952,108
"FluSight-lop_norm","21",0.816950900435296,50.7388198757764,0.894963912749131,76.1238095238095,0.571428571428571,0.971428571428571,108
"FluSight-lop_norm","22",0.651508189268762,51.6961035196687,0.781251183972083,83.1619047619048,0.485714285714286,1,108
"FluSight-lop_norm","23",0.674387528790337,17.1698426501035,0.800728294499222,26.4857142857143,0.638095238095238,0.971428571428571,108
"FluSight-lop_norm","24",0.600889273548229,55.1426004140787,0.756632807936335,87.7142857142857,0.552380952380952,0.980952380952381,108
"FluSight-lop_norm","25",0.648848901881626,93.4523850931677,0.81308882695365,143.67619047619,0.580952380952381,0.961904761904762,108
"FluSight-lop_norm","26",0.763918060948251,103.434401656315,0.879606040051532,158.028571428571,0.676190476190476,0.961904761904762,108
"FluSight-lop_norm","27",0.569742070257335,77.4978592132505,0.725746370873002,120.933333333333,0.552380952380952,0.971428571428571,108
"FluSight-lop_norm","28",0.796448669947163,29.113884057971,0.843675695717375,45.8571428571429,0.485714285714286,0.980952380952381,108
"FluSight-lop_norm","29",0.788455330618569,82.1703519668737,0.870377168430074,124.095238095238,0.485714285714286,0.942857142857143,108
"FluSight-lop_norm","30",0.755752253317336,13.4515652173913,0.85137547394418,21.1428571428571,0.542857142857143,0.980952380952381,108
"FluSight-lop_norm","31",0.686654808575461,16.9526086956522,0.753123602318286,26.0857142857143,0.571428571428571,0.990476190476191,108
"FluSight-lop_norm","32",0.826516871108463,24.6727163561077,0.873086500544168,36.1619047619048,0.619047619047619,0.971428571428571,108
"FluSight-lop_norm","33",0.612568380641618,19.8335113871636,0.737204201625012,29.647619047619,0.6,0.942857142857143,108
"FluSight-lop_norm","34",0.560950016797709,123.476091097308,0.726714718907749,197.87619047619,0.542857142857143,0.980952380952381,108
"FluSight-lop_norm","35",0.664942650459757,32.4037101449275,0.770498234355766,48.6285714285714,0.542857142857143,0.952380952380952,108
"FluSight-lop_norm","36",0.53233836037916,281.524600414079,0.733718416157218,442.866666666667,0.571428571428571,1,108
"FluSight-lop_norm","37",0.587716143211186,183.54601242236,0.716758914368825,268.504761904762,0.638095238095238,0.942857142857143,108
"FluSight-lop_norm","38",0.57148142891925,11.2914575569358,0.669545755420228,17.0285714285714,0.580952380952381,0.961904761904762,108
"FluSight-lop_norm","39",0.714858453205112,158.174236024845,0.85997392780395,252.085714285714,0.552380952380952,1,108
"FluSight-lop_norm","40",0.804422111830794,33.3509026915114,0.842629011342845,53.6761904761905,0.542857142857143,0.980952380952381,108
"FluSight-lop_norm","41",0.675140886169683,39.9236397515528,0.727281493079914,60.2571428571429,0.523809523809524,0.952380952380952,108
"FluSight-lop_norm","42",0.623728280627989,216.410414078675,0.797422910584293,356.638095238095,0.466666666666667,1,108
"FluSight-lop_norm","44",0.596232770512797,20.5005879917184,0.788115701457624,31.647619047619,0.542857142857143,0.952380952380952,108
"FluSight-lop_norm","45",0.698388875813841,78.7750351966874,0.857783943003841,123.580952380952,0.419047619047619,0.952380952380952,108
"FluSight-lop_norm","46",0.797058513552396,9.03346169772257,0.807657174864995,13.2952380952381,0.685714285714286,0.961904761904762,108
"FluSight-lop_norm","47",0.698805113501358,72.2598095238095,0.799878004781356,110.142857142857,0.60952380952381,0.961904761904762,108
"FluSight-lop_norm","48",0.681152938877836,181.563697722567,0.767830526666728,287.561904761905,0.628571428571429,1,108
"FluSight-lop_norm","49",0.638084531022881,21.0384265010352,0.796803899628302,34.9428571428571,0.457142857142857,0.990476190476191,108
"FluSight-lop_norm","50",0.908315953009605,5.2207784679089,0.921948999502602,7.56190476190476,0.733333333333333,0.980952380952381,108
"FluSight-lop_norm","51",0.621686651557599,77.8750931677019,0.757520069843911,123.27619047619,0.571428571428571,0.980952380952381,108
"FluSight-lop_norm","53",0.630289637201907,24.4150310559006,0.619642598124058,37.0095238095238,0.647619047619048,1,108
"FluSight-lop_norm","54",0.786106339152858,21.7288364389234,0.798016612846724,32.0666666666667,0.60952380952381,0.971428571428571,108
"FluSight-lop_norm","55",0.640847555486119,77.9418385093168,0.777005056773608,119.504761904762,0.619047619047619,0.961904761904762,108
"FluSight-lop_norm","56",0.823410737351427,6.1944265010352,0.887331599128317,10.0857142857143,0.552380952380952,1,108
"FluSight-lop_norm","72",0.859345995629375,30.5879296066253,0.799959037568626,44.6952380952381,0.685714285714286,1,108
"FluSight-trained_mean","01",0.770585493062861,59.127788559267,0.872819927443936,91.1752897931594,0.333333333333333,0.895238095238095,108
"FluSight-trained_mean","02",0.820997435307486,7.38916410902678,0.899137671021186,11.0018151140932,0.371428571428571,0.828571428571429,108
"FluSight-trained_mean","04",0.828115839468245,44.4861716184379,0.869709599678729,72.094535440761,0.495238095238095,0.980952380952381,108
"FluSight-trained_mean","05",0.752375499326411,26.6769793993483,0.794019161868898,42.0789792972577,0.352380952380952,0.971428571428571,108
"FluSight-trained_mean","06",0.563527310136365,125.333189505152,0.58072726079414,197.192337498123,0.647619047619048,1,108
"FluSight-trained_mean","08",0.53474316311833,53.821716294578,0.672070576425264,83.6855255276018,0.447619047619048,0.895238095238095,108
"FluSight-trained_mean","09",0.54161446758835,57.1193428168137,0.648762996839782,79.7656458563955,0.457142857142857,0.838095238095238,108
"FluSight-trained_mean","10",0.709888569594995,19.4410938044368,0.724606146560553,25.7878092052809,0.447619047619048,0.847619047619048,108
"FluSight-trained_mean","11",0.674092476234101,7.45993190504236,0.746014176800189,11.6324142404497,0.495238095238095,0.80952380952381,108
"FluSight-trained_mean","12",0.587730490430972,211.246218193255,0.694571448719884,332.128859297638,0.466666666666667,0.952380952380952,108
"FluSight-trained_mean","13",0.685838380279155,117.410850758756,0.792138776597006,173.1637354586,0.371428571428571,0.876190476190476,108
"FluSight-trained_mean","15",0.842618431424671,10.4384845413075,0.909414472604542,16.0882719398993,0.380952380952381,0.885714285714286,108
"FluSight-trained_mean","16",0.671265073244873,16.0622300514327,0.710236361397872,24.4745343002783,0.476190476190476,0.952380952380952,108
"FluSight-trained_mean","17",0.78659704357054,157.041409608385,0.877024761944726,226.992048914602,0.438095238095238,0.895238095238095,108
"FluSight-trained_mean","18",0.751513377720383,71.2420236308781,0.851912961338173,111.825430086902,0.552380952380952,0.914285714285714,108
"FluSight-trained_mean","19",0.704036027779581,27.8911486002595,0.743658225720648,39.6194915219881,0.504761904761905,0.904761904761905,108
"FluSight-trained_mean","20",0.752020208637299,28.9398249905301,0.746434099403904,39.273188444365,0.552380952380952,0.885714285714286,108
"FluSight-trained_mean","21",0.840395230941258,52.2095933964438,0.906675465197752,77.0928577237112,0.380952380952381,0.904761904761905,108
"FluSight-trained_mean","22",0.638720693026319,50.6274606784532,0.778739064382578,82.5824332892312,0.40952380952381,0.933333333333333,108
"FluSight-trained_mean","23",0.646976801255799,16.4710562531779,0.760148024224937,25.1283726377559,0.457142857142857,0.942857142857143,108
"FluSight-trained_mean","24",0.563599290567943,51.5746473310483,0.692523132507071,79.8372520146713,0.476190476190476,0.866666666666667,108
"FluSight-trained_mean","25",0.670930681473222,97.0623518558575,0.801218783928054,142.011068039496,0.476190476190476,0.857142857142857,108
"FluSight-trained_mean","26",0.732158889933331,99.3693247642975,0.819848518731244,146.956822786911,0.6,0.904761904761905,108
"FluSight-trained_mean","27",0.535962673350554,73.7984455771845,0.617247196615723,103.290524079625,0.476190476190476,0.895238095238095,108
"FluSight-trained_mean","28",0.886999796187773,32.1876926657642,0.939063137346186,50.7439201327647,0.323809523809524,0.885714285714286,108
"FluSight-trained_mean","29",0.801938372733509,83.2258417119612,0.841301853224652,119.360009558249,0.447619047619048,0.923809523809524,108
"FluSight-trained_mean","30",0.720511330359462,12.8431465902353,0.775945538874868,19.2772583730183,0.476190476190476,0.895238095238095,108
"FluSight-trained_mean","31",0.682690899266248,16.818643343708,0.738506440901477,25.4485049787853,0.438095238095238,0.885714285714286,108
"FluSight-trained_mean","32",0.839985839423769,24.9920360212398,0.881291036932813,36.523270442525,0.476190476190476,0.866666666666667,108
"FluSight-trained_mean","33",0.599627186104291,19.5382413547937,0.705126974127756,28.3528616207811,0.457142857142857,0.895238095238095,108
"FluSight-trained_mean","34",0.537786160898947,118.715325212189,0.651595910825772,177.470975743518,0.514285714285714,0.838095238095238,108
"FluSight-trained_mean","35",0.639273225065554,31.2256046933956,0.710118966905421,44.8747860785283,0.4,0.904761904761905,108
"FluSight-trained_mean","36",0.490903566251184,264.559061091291,0.642992841596718,390.557700386126,0.457142857142857,0.838095238095238,108
"FluSight-trained_mean","37",0.597714834115172,187.252249395033,0.681963901471112,255.058643817977,0.514285714285714,0.866666666666667,108
"FluSight-trained_mean","38",0.538465576581315,10.6518289973848,0.634785484898551,16.1088612602409,0.476190476190476,0.933333333333333,108
"FluSight-trained_mean","39",0.753915775152302,167.191677695663,0.846091891039229,248.743241468099,0.533333333333333,0.838095238095238,108
"FluSight-trained_mean","40",0.73087041674834,29.9047282836538,0.763603312076496,47.9803051456207,0.466666666666667,0.923809523809524,108
"FluSight-trained_mean","41",0.639840780684287,38.0431791474331,0.686806073634448,57.0348645201549,0.371428571428571,0.885714285714286,108
"FluSight-trained_mean","42",0.625841495988011,217.966769687238,0.780774074343887,350.785748944786,0.39047619047619,0.952380952380952,108
"FluSight-trained_mean","44",0.594731441563122,20.6029511025224,0.728904061363434,29.3969008962814,0.419047619047619,0.866666666666667,108
"FluSight-trained_mean","45",0.748293689000603,84.5752944285562,0.854887634499253,122.942082953541,0.342857142857143,0.847619047619048,108
"FluSight-trained_mean","46",0.701752601650731,7.93773271918892,0.727667018348712,11.9258095252862,0.552380952380952,0.923809523809524,108
"FluSight-trained_mean","47",0.730916492450365,75.4969181834019,0.820737687870806,112.871872362088,0.495238095238095,0.904761904761905,108
"FluSight-trained_mean","48",0.647270299530743,173.084006445504,0.748226351574033,280.890439387961,0.59047619047619,0.990476190476191,108
"FluSight-trained_mean","49",0.621294794446516,20.4705538417556,0.73904426260708,32.36097537335,0.333333333333333,0.923809523809524,108
"FluSight-trained_mean","50",0.79829913310247,4.59725629351888,0.820863811973215,6.74103750556354,0.495238095238095,0.80952380952381,108
"FluSight-trained_mean","51",0.596342377375647,74.6073711300321,0.704140684558741,114.139603652059,0.428571428571429,0.876190476190476,108
"FluSight-trained_mean","53",0.574648708356904,22.4705084582705,0.563405977065053,33.9341306809396,0.580952380952381,1,108
"FluSight-trained_mean","54",0.740346685354875,20.5039988131053,0.760193071975859,30.6038756819464,0.504761904761905,0.933333333333333,108
"FluSight-trained_mean","55",0.616286157049352,75.1862816603088,0.68095153475729,104.443245764454,0.571428571428571,0.876190476190476,108
"FluSight-trained_mean","56",0.782052451915255,5.90165704996385,0.838376354994858,9.55474385538805,0.419047619047619,0.933333333333333,108
"FluSight-trained_mean","72",1.18564469306224,42.0011081714916,1.18197256698344,65.455740119158,0.542857142857143,0.990476190476191,108
"FluSight-trained_med","01",0.766986560857518,59.495415479675,0.860432836274142,90.8185009034848,0.419047619047619,0.885714285714286,108
"FluSight-trained_med","02",0.846413164692555,7.64443905902293,0.915287812964813,11.1813826056633,0.457142857142857,0.895238095238095,108
"FluSight-trained_med","04",0.850098672412428,45.506651424155,0.873204542459736,71.9845135133166,0.504761904761905,1,108
"FluSight-trained_med","05",0.813393463121437,28.7459728398626,0.880248337043288,46.6036527917084,0.428571428571429,0.980952380952381,108
"FluSight-trained_med","06",0.617404225843171,137.472434481305,0.618640836732557,211.691520244984,0.6,1,108
"FluSight-trained_med","08",0.576813717515331,57.8792972242251,0.736811853460032,91.6068110828245,0.485714285714286,0.914285714285714,108
"FluSight-trained_med","09",0.577732524987973,60.8092815616446,0.702541455436135,86.0262222610648,0.514285714285714,0.79047619047619,108
"FluSight-trained_med","10",0.734219189443793,19.9839248097756,0.787623773474499,27.7732514582253,0.504761904761905,0.847619047619048,108
"FluSight-trained_med","11",0.6798935129875,7.53168344647118,0.79977068759657,12.4929287234747,0.504761904761905,0.952380952380952,108
"FluSight-trained_med","12",0.602335977681173,214.285672973295,0.729605691193751,345.832011815495,0.438095238095238,0.961904761904762,108
"FluSight-trained_med","13",0.68947759319188,118.289966423015,0.817437313139379,178.989334480757,0.40952380952381,0.876190476190476,108
"FluSight-trained_med","15",0.74288986961253,9.19894513532942,0.829962641691793,14.6650307054527,0.4,0.904761904761905,108
"FluSight-trained_med","16",0.703867816977665,16.8373511869637,0.787297635546194,27.1483013463434,0.580952380952381,0.980952380952381,108
"FluSight-trained_med","17",0.711589488007097,141.597454488085,0.828008365920113,213.430573122467,0.476190476190476,0.923809523809524,108
"FluSight-trained_med","18",0.723224781883805,68.3320942699732,0.847516569797649,110.814949437483,0.571428571428571,0.952380952380952,108
"FluSight-trained_med","19",0.73640013653528,29.3180414533667,0.779871028739502,41.6733408402251,0.59047619047619,0.923809523809524,108
"FluSight-trained_med","20",0.768695502228622,29.6700690638256,0.806023195254549,42.4693861410639,0.552380952380952,0.885714285714286,108
"FluSight-trained_med","21",0.820807053882763,51.016396410775,0.880032151916868,74.6985969107919,0.485714285714286,0.904761904761905,108
"FluSight-trained_med","22",0.662050602886335,52.4924683286729,0.806717039067727,85.6698885267244,0.40952380952381,0.914285714285714,108
"FluSight-trained_med","23",0.655316554705227,16.703718835592,0.779067624254646,25.769510715371,0.59047619047619,0.942857142857143,108
"FluSight-trained_med","24",0.587555284226309,54.0493631061157,0.726594832852057,84.2604804755799,0.457142857142857,0.914285714285714,108
"FluSight-trained_med","25",0.673126382502385,97.4788005075739,0.804940690062033,142.795122433998,0.542857142857143,0.838095238095238,108
"FluSight-trained_med","26",0.721241604368587,97.7109363495845,0.813254054410918,145.63272317466,0.638095238095238,0.895238095238095,108
"FluSight-trained_med","27",0.567144705384103,77.5987845484136,0.69556959931748,115.885350400812,0.495238095238095,0.885714285714286,108
"FluSight-trained_med","28",0.77892138350033,28.5690662785527,0.824481669884532,44.9644346779376,0.4,0.895238095238095,108
"FluSight-trained_med","29",0.80611563485683,84.1299206410064,0.868453341462113,123.588573598646,0.419047619047619,0.904761904761905,108
"FluSight-trained_med","30",0.764408241351297,13.6327060306295,0.870101997013307,21.6253352758648,0.523809523809524,0.923809523809524,108
"FluSight-trained_med","31",0.701053708394081,17.3958205652005,0.758517283357976,26.3810225330791,0.428571428571429,0.942857142857143,108
"FluSight-trained_med","32",0.820261321596962,24.4815579239885,0.863149659404867,35.7758588322018,0.523809523809524,0.857142857142857,108
"FluSight-trained_med","33",0.614972943653558,20.0446256320206,0.715385207460038,28.74927141448,0.533333333333333,0.904761904761905,108
"FluSight-trained_med","34",0.544411592711288,120.427872993327,0.673517116942366,183.813687452539,0.514285714285714,0.885714285714286,108
"FluSight-trained_med","35",0.676636932044865,32.9499494288058,0.768430992834623,48.4694564674323,0.466666666666667,0.914285714285714,108
"FluSight-trained_med","36",0.512533652214316,275.179264228858,0.674252720311434,409.14674452241,0.533333333333333,0.857142857142857,108
"FluSight-trained_med","37",0.618285542163696,192.879204676513,0.74112375036505,276.09887636571,0.571428571428571,0.866666666666667,108
"FluSight-trained_med","38",0.59027903448201,11.6916625825954,0.692715040675468,17.6287332599682,0.504761904761905,0.933333333333333,108
"FluSight-trained_med","39",0.692258009234901,152.980817697986,0.833716671238048,244.121003574645,0.533333333333333,0.876190476190476,108
"FluSight-trained_med","40",0.849425444686161,35.1412692746251,0.863752805414785,54.9800205935429,0.466666666666667,0.904761904761905,108
"FluSight-trained_med","41",0.689418982342223,40.9847680497984,0.719875106079569,59.6996895872358,0.428571428571429,0.904761904761905,108
"FluSight-trained_med","42",0.582685946057447,202.335663169658,0.740098292073125,331.371896564042,0.447619047619048,0.961904761904762,108
"FluSight-trained_med","44",0.615727530042882,21.3175303508964,0.760827979176297,30.6293829835673,0.447619047619048,0.857142857142857,108
"FluSight-trained_med","45",0.725526155798745,81.9527372777476,0.872904413358422,125.640412007774,0.342857142857143,0.828571428571429,108
"FluSight-trained_med","46",0.799491023967064,9.10546069348457,0.798497207138136,13.1689414160381,0.552380952380952,0.933333333333333,108
"FluSight-trained_med","47",0.709796939106809,73.4357717363232,0.81925317583882,112.800440141502,0.533333333333333,0.904761904761905,108
"FluSight-trained_med","48",0.630976679051249,167.937357561227,0.71800918587051,268.334792676738,0.59047619047619,0.980952380952381,108
"FluSight-trained_med","49",0.642175373233097,21.1900416701868,0.790621237935148,34.6771136329604,0.352380952380952,0.914285714285714,108
"FluSight-trained_med","50",0.866530272085474,5.0101749008051,0.911481780673118,7.51426027686263,0.571428571428571,0.933333333333333,108
"FluSight-trained_med","51",0.609270292833556,76.3037426008758,0.720377775713513,117.010422524318,0.476190476190476,0.914285714285714,108
"FluSight-trained_med","53",0.59854423127084,23.3027558925978,0.59061368060015,35.3919293527607,0.6,1,108
"FluSight-trained_med","54",0.777118793154321,21.5101459009047,0.784196065735535,31.5337087995693,0.533333333333333,0.942857142857143,108
"FluSight-trained_med","55",0.633551660430615,77.4461303566713,0.723337476412999,111.144705958991,0.6,0.847619047619048,108
"FluSight-trained_med","56",0.809409065015457,6.10611242959912,0.875474381704066,9.98178791200882,0.419047619047619,0.980952380952381,108
"FluSight-trained_med","72",0.812928800036753,28.912274009286,0.841132761375655,46.7012272472732,0.6,0.990476190476191,108
"Gatech-ensemble_prob","01",1.04380227267973,80.7379710144928,1.05304644478086,110.819047619048,0.40952380952381,0.752380952380952,108
"Gatech-ensemble_prob","02",1.18481525539356,18.1464130434783,1.10458160896635,22.4545454545455,0.272727272727273,0.659090909090909,44
"Gatech-ensemble_prob","04",0.884430956805609,43.2427790228597,0.904818946735114,68.319587628866,0.711340206185567,1,100
"Gatech-ensemble_prob","05",1.52523999433771,78.1924703557312,1.46287282282486,112.181818181818,0.181818181818182,0.681818181818182,44
"Gatech-ensemble_prob","06",0.780691218778899,175.997888198758,0.783988458841008,271.161904761905,0.552380952380952,0.904761904761905,108
"Gatech-ensemble_prob","08",0.883564435041712,89.1479378881988,0.982795853047639,122.057142857143,0.485714285714286,0.79047619047619,108
"Gatech-ensemble_prob","09",0.939515486223334,97.6599089026915,1.02448068021426,124.590476190476,0.504761904761905,0.695238095238095,108
"Gatech-ensemble_prob","10",0.952675065165868,25.6395155279503,0.98105210660142,34.3714285714286,0.457142857142857,0.79047619047619,108
"Gatech-ensemble_prob","11",1.09924623547901,12.1425341614907,1.15409684064266,17.9333333333333,0.40952380952381,0.828571428571429,108
"Gatech-ensemble_prob","12",0.765212037471054,272.777527950311,0.835530801373737,396.028571428571,0.352380952380952,0.742857142857143,108
"Gatech-ensemble_prob","13",0.82192816299312,142.856699792961,0.879645983015483,194.095238095238,0.476190476190476,0.771428571428571,108
"Gatech-ensemble_prob","15",0.885160567556268,10.9396935817805,0.942381669262503,16.6095238095238,0.361904761904762,0.780952380952381,108
"Gatech-ensemble_prob","16",0.930075246069791,22.5092339544513,0.979972517932597,34.1333333333333,0.561904761904762,0.904761904761905,108
"Gatech-ensemble_prob","17",0.866210002514887,173.536761904762,0.936629939545112,241.761904761905,0.476190476190476,0.857142857142857,108
"Gatech-ensemble_prob","18",0.93212394440404,88.5420207039337,1.00759402451692,132.209523809524,0.495238095238095,0.866666666666667,108
"Gatech-ensemble_prob","19",1.06837766371249,42.8023271221532,1.11314952194735,60.2190476190476,0.466666666666667,0.838095238095238,108
"Gatech-ensemble_prob","20",0.990192973321681,38.4471925465838,1.03333704792078,55.1238095238095,0.419047619047619,0.866666666666667,108
"Gatech-ensemble_prob","21",1.28348032179893,81.9548944099379,1.32246582782594,115.114285714286,0.514285714285714,0.857142857142857,108
"Gatech-ensemble_prob","22",0.924058801863238,73.5147287784679,1.00322652060884,106.466666666667,0.380952380952381,0.761904761904762,108
"Gatech-ensemble_prob","23",0.959718121655107,24.6666004140787,1.00584323212347,33.4952380952381,0.552380952380952,0.819047619047619,108
"Gatech-ensemble_prob","24",1.08768733515509,100.512360248447,1.1478077364455,133.4,0.495238095238095,0.771428571428571,108
"Gatech-ensemble_prob","25",0.860666003283694,124.280708074534,0.962782116430965,170.838095238095,0.561904761904762,0.742857142857143,108
"Gatech-ensemble_prob","26",1.08381439700599,148.053275362319,1.1230541672016,201.990476190476,0.533333333333333,0.8,108
"Gatech-ensemble_prob","27",0.964786632359947,131.379606625259,1.04002335502849,172.838095238095,0.504761904761905,0.8,108
"Gatech-ensemble_prob","28",0.85984284869485,31.6654368530021,0.856100025777588,46.7238095238095,0.40952380952381,0.8,108
"Gatech-ensemble_prob","29",0.985382163588772,103.530616977226,1.02354002981827,146.72380952381,0.438095238095238,0.847619047619048,108
"Gatech-ensemble_prob","30",0.896550904968555,16.075933747412,0.971930593189342,24.247619047619,0.428571428571429,0.876190476190476,108
"Gatech-ensemble_prob","31",0.871256036244341,21.7618219461698,0.934352597974539,32.6285714285714,0.4,0.885714285714286,108
"Gatech-ensemble_prob","32",1.03299851888413,30.6046542443064,1.03699848973914,42.8666666666667,0.504761904761905,0.866666666666667,108
"Gatech-ensemble_prob","33",0.823451135106099,26.8823933747412,0.878185589964045,35.2190476190476,0.504761904761905,0.80952380952381,108
"Gatech-ensemble_prob","34",0.866001697123388,191.427979296066,0.936694961385056,255.952380952381,0.504761904761905,0.742857142857143,108
"Gatech-ensemble_prob","35",0.896467413590408,43.6709813664596,0.950006875267921,59.8857142857143,0.533333333333333,0.828571428571429,108
"Gatech-ensemble_prob","36",1.06471558605773,567.017424430642,1.17991909398133,713.780952380952,0.552380952380952,0.704761904761905,108
"Gatech-ensemble_prob","37",0.936931855681718,291.133093167702,0.999253340549474,370.238095238095,0.552380952380952,0.761904761904762,108
"Gatech-ensemble_prob","38",0.797902891457612,15.9371635610766,0.852793201732562,21.7904761904762,0.39047619047619,0.8,108
"Gatech-ensemble_prob","39",1.33186906175454,333.484593350384,1.35546348362246,442.270588235294,0.494117647058824,0.752941176470588,88
"Gatech-ensemble_prob","40",0.984238163927038,41.7483975155279,0.975468155982554,63.3809523809524,0.438095238095238,0.857142857142857,108
"Gatech-ensemble_prob","41",0.740861674073493,44.1212795031056,0.758924570767687,62.9714285714286,0.447619047619048,0.876190476190476,108
"Gatech-ensemble_prob","42",0.708802425369517,250.089585921325,0.809466795973053,367.695238095238,0.39047619047619,0.828571428571429,108
"Gatech-ensemble_prob","44",0.92923527561617,31.7199378881988,1.01442507973076,40.5047619047619,0.447619047619048,0.714285714285714,108
"Gatech-ensemble_prob","45",0.807128928575736,91.8849151138716,0.849516339208768,122.238095238095,0.40952380952381,0.8,108
"Gatech-ensemble_prob","46",0.883790905513217,10.1737888198758,0.874461420483296,14.5714285714286,0.561904761904762,0.904761904761905,108
"Gatech-ensemble_prob","47",0.823330994203229,85.3913167701863,0.859458118763088,118.2,0.514285714285714,0.819047619047619,108
"Gatech-ensemble_prob","48",1.4202669711368,385.173706004141,1.42003767279764,538.895238095238,0.504761904761905,0.838095238095238,108
"Gatech-ensemble_prob","49",0.80152333922657,26.7397432712215,0.882490020138885,38.8571428571429,0.361904761904762,0.828571428571429,108
"Gatech-ensemble_prob","50",1.12944975855049,6.64547412008282,1.15153410378242,9.63809523809524,0.561904761904762,0.895238095238095,108
"Gatech-ensemble_prob","51",0.713814811603844,89.7396894409938,0.753320266446223,122.47619047619,0.466666666666667,0.828571428571429,108
"Gatech-ensemble_prob","53",0.653075257572626,25.9073416149068,0.662402349497521,40.3714285714286,0.6,0.952380952380952,108
"Gatech-ensemble_prob","54",1.01504781531683,28.8874824016563,0.988813694699595,40.9238095238095,0.561904761904762,0.866666666666667,108
"Gatech-ensemble_prob","55",0.968094818198869,117.950438923395,1.00453144886479,153.647619047619,0.59047619047619,0.771428571428571,108
"Gatech-ensemble_prob","56",0.969134029822909,7.30250931677019,0.984578146139401,11.1714285714286,0.447619047619048,0.876190476190476,108
"Gatech-ensemble_prob","72",1.33139133161834,46.5575320910973,1.26543088353226,69.5238095238095,0.419047619047619,0.895238095238095,108
"Gatech-ensemble_stat","01",0.830851444607315,65.0416617397163,0.803012752123148,85.4104629470438,0.457142857142857,0.752380952380952,108
"Gatech-ensemble_stat","02",0.832889442922339,7.64981720409721,0.806276064783296,10.017248638611,0.561904761904762,0.895238095238095,108
"Gatech-ensemble_stat","04",1.84941180678217,99.3452340017471,1.69738411774944,139.862615346846,0.39047619047619,0.8,108
"Gatech-ensemble_stat","05",0.958696767241797,33.9262762953773,0.933260424905972,49.7166229337236,0.40952380952381,0.847619047619048,108
"Gatech-ensemble_stat","06",0.790303969280224,173.717992648121,0.730657769103755,246.766542533507,0.40952380952381,0.79047619047619,108
"Gatech-ensemble_stat","08",0.791087465848227,80.4109845587877,0.820202344627267,102.649716438394,0.514285714285714,0.761904761904762,108
"Gatech-ensemble_stat","09",0.808692581106751,84.9785799607771,0.821441924335588,102.094594357866,0.59047619047619,0.714285714285714,108
"Gatech-ensemble_stat","10",0.724634643779255,19.8722984656926,0.740110344990724,26.3862145224909,0.514285714285714,0.876190476190476,108
"Gatech-ensemble_stat","11",0.851872140765824,9.41500499017562,0.909520959327226,14.19888431097,0.533333333333333,0.895238095238095,108
"Gatech-ensemble_stat","12",0.772917003976108,277.967983136673,0.823097325916871,395.465030501148,0.352380952380952,0.742857142857143,108
"Gatech-ensemble_stat","13",0.746489924188329,129.730391706792,0.746512208120036,165.170498976462,0.542857142857143,0.79047619047619,108
"Gatech-ensemble_stat","15",0.914577359375992,11.4035755716143,0.951741939485729,16.8567049312967,0.314285714285714,0.79047619047619,108
"Gatech-ensemble_stat","16",0.649764228123617,16.1131039211969,0.679060347590348,24.2528238408952,0.552380952380952,0.876190476190476,108
"Gatech-ensemble_stat","17",0.784615620935936,158.876868037676,0.786020878950357,205.32639755996,0.580952380952381,0.771428571428571,108
"Gatech-ensemble_stat","18",0.921808448177724,87.8495087702849,0.91325047411874,120.189086776877,0.552380952380952,0.819047619047619,108
"Gatech-ensemble_stat","19",0.72205190930885,28.8828993327022,0.762343386038373,40.6631359449963,0.580952380952381,0.923809523809524,108
"Gatech-ensemble_stat","20",0.748694561500002,29.0010353127513,0.780434332802732,41.4138383243439,0.495238095238095,0.876190476190476,108
"Gatech-ensemble_stat","21",0.756870570528669,47.4795966711018,0.771778155982079,65.9226023238332,0.523809523809524,0.847619047619048,108
"Gatech-ensemble_stat","22",0.762591549881376,61.459048602471,0.804288210075212,86.7041854608326,0.4,0.780952380952381,108
"Gatech-ensemble_stat","23",0.87677927878013,22.5843648692027,0.889070099612258,29.6192060002911,0.542857142857143,0.828571428571429,108
"Gatech-ensemble_stat","24",0.847512103048075,78.2632009785477,0.856496220811574,99.8505051162507,0.533333333333333,0.742857142857143,108
"Gatech-ensemble_stat","25",0.827337243985425,120.16249331665,0.859860109775621,153.857220889628,0.580952380952381,0.771428571428571,108
"Gatech-ensemble_stat","26",0.847516568864654,115.870956775239,0.841136547528546,151.541466305669,0.580952380952381,0.79047619047619,108
"Gatech-ensemble_stat","27",0.792492895852454,108.913687386819,0.799227318206378,133.795590789736,0.580952380952381,0.771428571428571,108
"Gatech-ensemble_stat","28",0.903848330447035,33.1363512662237,0.863418235170314,47.2044287170979,0.314285714285714,0.733333333333333,108
"Gatech-ensemble_stat","29",0.826911494352806,86.244091160132,0.828123996039779,117.593195246991,0.466666666666667,0.828571428571429,108
"Gatech-ensemble_stat","30",0.822286251410875,14.8886089350349,0.821002605527414,20.7106369333833,0.504761904761905,0.876190476190476,108
"Gatech-ensemble_stat","31",0.705812840846381,17.6021830785204,0.750422870966851,26.1358304747163,0.447619047619048,0.914285714285714,108
"Gatech-ensemble_stat","32",0.833056440690829,25.0980839243647,0.779811124259353,32.5785060915722,0.495238095238095,0.838095238095238,108
"Gatech-ensemble_stat","33",0.799863902266387,26.1770489516883,0.836290755446783,33.7058195447113,0.6,0.8,108
"Gatech-ensemble_stat","34",0.820894362103521,181.031168384876,0.823135366349985,224.970890775916,0.561904761904762,0.79047619047619,108
"Gatech-ensemble_stat","35",0.768099901069595,38.0878336069335,0.761372157535516,48.6547501635549,0.542857142857143,0.79047619047619,108
"Gatech-ensemble_stat","36",0.782233515389443,423.778782189178,0.806259734943746,499.469755750699,0.6,0.723809523809524,108
"Gatech-ensemble_stat","37",0.797678235342668,248.255256664838,0.814305367791385,301.814691592079,0.6,0.742857142857143,108
"Gatech-ensemble_stat","38",0.759165727555066,15.1540018774825,0.780455680177289,19.9390060886433,0.495238095238095,0.819047619047619,108
"Gatech-ensemble_stat","39",0.839003348054023,187.260713305373,0.887148338932065,261.140124477087,0.542857142857143,0.80952380952381,108
"Gatech-ensemble_stat","40",1.13040939506349,46.8252828474608,0.994908298155292,63.0835331821868,0.371428571428571,0.733333333333333,108
"Gatech-ensemble_stat","41",0.820142410377345,49.6771249486888,0.764805975148723,64.2887039460661,0.39047619047619,0.771428571428571,108
"Gatech-ensemble_stat","42",0.897548565542002,314.220463216547,0.913128032340173,413.370717835782,0.523809523809524,0.79047619047619,108
"Gatech-ensemble_stat","44",0.838937271871654,28.8331968592413,0.876380851122745,35.3942350661857,0.59047619047619,0.752380952380952,108
"Gatech-ensemble_stat","45",0.820443644354318,92.8152359025496,0.850167461033159,121.935235454022,0.466666666666667,0.8,108
"Gatech-ensemble_stat","46",0.851177277828696,9.69293133887004,0.833666021098613,13.6759818787211,0.457142857142857,0.866666666666667,108
"Gatech-ensemble_stat","47",0.734406809548346,76.3093856142972,0.74106945113217,102.05481818052,0.59047619047619,0.80952380952381,108
"Gatech-ensemble_stat","48",0.859949132554283,231.409836547902,0.827706524187836,312.370618635937,0.476190476190476,0.80952380952381,108
"Gatech-ensemble_stat","49",0.806458703358481,26.735826542381,0.828544703417144,36.357894312136,0.4,0.771428571428571,108
"Gatech-ensemble_stat","50",0.88148249647113,5.10735569614681,0.86434160949317,7.10057711319218,0.571428571428571,0.866666666666667,108
"Gatech-ensemble_stat","51",0.788506703208874,100.999466476814,0.811236343399486,134.431844010851,0.428571428571429,0.780952380952381,108
"Gatech-ensemble_stat","53",1.00708647445977,38.3066390687863,0.910291026013864,53.2757612982787,0.361904761904762,0.742857142857143,108
"Gatech-ensemble_stat","54",0.887481956752951,24.686594452745,0.887791646648473,35.7258872410089,0.504761904761905,0.847619047619048,108
"Gatech-ensemble_stat","55",0.828676817836911,101.690866004663,0.834473419700528,128.090906780829,0.666666666666667,0.771428571428571,108
"Gatech-ensemble_stat","56",0.973867407749261,7.31813538180735,0.913400681052681,10.3449456616594,0.447619047619048,0.80952380952381,108
"Gatech-ensemble_stat","72",1.37249093638379,49.1759936337767,1.35481978782025,75.8751416356924,0.352380952380952,0.866666666666667,108
"Google_SAI-FluEns","01",0.736648874844134,57.4679764379849,0.791580774893111,83.7051887926888,0.457142857142857,0.876190476190476,108
"Google_SAI-FluEns","02",0.74279613431969,6.68398454385992,0.828051403987505,10.089341029341,0.476190476190476,0.904761904761905,108
"Google_SAI-FluEns","04",0.884099346501784,47.8165685834667,0.881745429996246,73.8994540644541,0.628571428571429,0.980952380952381,108
"Google_SAI-FluEns","05",0.773195161345692,27.6321126342436,0.804626828167781,43.0704377104377,0.552380952380952,0.952380952380952,108
"Google_SAI-FluEns","06",0.565328906099794,127.512879861373,0.54416423545264,189.818953823954,0.752380952380952,1,108
"Google_SAI-FluEns","08",0.52300741169406,52.5219250572887,0.683050797848322,84.9839442039442,0.495238095238095,0.971428571428571,108
"Google_SAI-FluEns","09",0.630017208899825,65.9203554724157,0.783279409158896,95.5789953102453,0.457142857142857,0.828571428571429,108
"Google_SAI-FluEns","10",0.649608530251437,17.6907638983128,0.708738059648806,25.263734968735,0.466666666666667,0.876190476190476,108
"Google_SAI-FluEns","11",0.634168420931127,7.03785527779346,0.721899781902789,11.3035028860029,0.447619047619048,0.942857142857143,108
"Google_SAI-FluEns","12",0.564912287547609,202.757622752034,0.671681267408758,321.965966209716,0.580952380952381,0.971428571428571,108
"Google_SAI-FluEns","13",0.640505799883986,110.493836058878,0.751945264709721,165.71117965368,0.4,0.923809523809524,108
"Google_SAI-FluEns","15",0.692186965200525,8.53669860740427,0.702545567133744,12.4697162097162,0.466666666666667,0.904761904761905,108
"Google_SAI-FluEns","16",0.673160702795015,16.2342893665381,0.755164329021595,26.1431673881674,0.552380952380952,0.990476190476191,108
"Google_SAI-FluEns","17",0.622091145247747,124.260900748434,0.729288465155808,189.05674963925,0.4,0.942857142857143,108
"Google_SAI-FluEns","18",0.656901340199357,62.1828834941156,0.783839981067599,102.512480759981,0.485714285714286,0.961904761904762,108
"Google_SAI-FluEns","19",0.686338727499231,27.1839639168287,0.773823859557304,41.2393915343915,0.60952380952381,0.933333333333333,108
"Google_SAI-FluEns","20",0.674028519841531,25.9479372140975,0.756686321951418,40.0564598364598,0.60952380952381,0.952380952380952,108
"Google_SAI-FluEns","21",0.719361405614689,44.6253943288187,0.810081882137731,68.8413882876383,0.495238095238095,0.961904761904762,108
"Google_SAI-FluEns","22",0.56270104772695,44.6289377344694,0.687903371090364,73.1471392496393,0.523809523809524,0.971428571428571,108
"Google_SAI-FluEns","23",0.589487639310013,14.9960336571251,0.729284741181545,24.0790103415103,0.533333333333333,0.990476190476191,108
"Google_SAI-FluEns","24",0.554497516850123,51.0030456312321,0.691346197390179,80.0157130832131,0.485714285714286,0.895238095238095,108
"Google_SAI-FluEns","25",0.645032607726018,93.2748330184767,0.790354130154777,140.382636483886,0.514285714285714,0.885714285714286,108
"Google_SAI-FluEns","26",0.675017625428867,91.3697703296892,0.776702608197573,139.294826238576,0.59047619047619,0.971428571428571,108
"Google_SAI-FluEns","27",0.558151372366706,76.1823027869299,0.697224175312293,115.970834535835,0.466666666666667,0.904761904761905,108
"Google_SAI-FluEns","28",0.733761421713128,26.8374288936675,0.783635560133627,42.6584163059163,0.504761904761905,0.942857142857143,108
"Google_SAI-FluEns","29",0.737791562927025,76.7671147908432,0.820683870226052,116.769796777297,0.438095238095238,0.933333333333333,108
"Google_SAI-FluEns","30",0.670005807974336,11.9650920140614,0.782412453140652,19.4887157287157,0.495238095238095,0.961904761904762,108
"Google_SAI-FluEns","31",0.65801593959754,16.2456389557636,0.752209016645591,25.9752525252525,0.466666666666667,0.923809523809524,108
"Google_SAI-FluEns","32",0.762640861303221,22.6496114275388,0.854227725220987,35.2712938912939,0.580952380952381,0.980952380952381,108
"Google_SAI-FluEns","33",0.544647271949267,17.5975015588363,0.698720232971724,27.9398581048581,0.485714285714286,0.971428571428571,108
"Google_SAI-FluEns","34",0.584756611745372,129.178134701074,0.715410108060206,194.214936868687,0.523809523809524,0.866666666666667,108
"Google_SAI-FluEns","35",0.586281557678521,28.5171978633227,0.693390627312952,43.7272474747475,0.542857142857143,0.952380952380952,108
"Google_SAI-FluEns","36",0.56140597507972,300.733197861493,0.738971685219711,446.243232924483,0.580952380952381,0.847619047619048,108
"Google_SAI-FluEns","37",0.557264874323381,175.206667836423,0.679205555437838,255.22596019721,0.495238095238095,0.933333333333333,108
"Google_SAI-FluEns","38",0.542863968619358,10.7344913702815,0.654596677277978,16.5856024531025,0.466666666666667,0.961904761904762,108
"Google_SAI-FluEns","39",0.660781264149795,146.789035749678,0.768568840416312,225.951430976431,0.485714285714286,0.876190476190476,108
"Google_SAI-FluEns","40",0.777449372826816,32.3525567882003,0.813592163738215,51.9661147186147,0.514285714285714,0.923809523809524,108
"Google_SAI-FluEns","41",0.636767014708226,38.4713833510885,0.645977761793672,54.6569011544012,0.552380952380952,0.895238095238095,108
"Google_SAI-FluEns","42",0.600087051930297,207.869640604696,0.757706241207638,337.74621993747,0.361904761904762,0.952380952380952,108
"Google_SAI-FluEns","44",0.582612526209867,20.1123147799423,0.759963516995082,30.5064129389129,0.40952380952381,0.885714285714286,108
"Google_SAI-FluEns","45",0.663817028082078,74.8941282133054,0.775374034747171,111.696637806638,0.342857142857143,0.828571428571429,108
"Google_SAI-FluEns","46",0.758260527721112,8.57332889988393,0.802602001915092,13.1270418470418,0.59047619047619,0.952380952380952,108
"Google_SAI-FluEns","47",0.62154194957654,64.4082823785186,0.715505203918487,98.9263720538721,0.580952380952381,0.961904761904762,108
"Google_SAI-FluEns","48",0.637360315393535,170.82144765095,0.725233009383762,274.143232323232,0.59047619047619,1,108
"Google_SAI-FluEns","49",0.601951041779176,19.995008752805,0.725256181681597,31.9330375180375,0.380952380952381,0.971428571428571,108
"Google_SAI-FluEns","50",0.848174804796794,4.86595740816812,0.928536377135135,7.6138936988937,0.466666666666667,0.980952380952381,108
"Google_SAI-FluEns","51",0.56487518396979,70.9692734820383,0.675765260720721,110.037709235209,0.533333333333333,0.876190476190476,108
"Google_SAI-FluEns","53",0.617269783945228,24.014136986417,0.602886800946972,35.9407154882155,0.666666666666667,1,108
"Google_SAI-FluEns","54",0.702408843739928,19.3737554674619,0.744361622275236,29.7741678691679,0.533333333333333,0.971428571428571,108
"Google_SAI-FluEns","55",0.616164369688801,75.154837888421,0.745269706563087,114.368344757095,0.542857142857143,0.914285714285714,108
"Google_SAI-FluEns","56",0.746024575107396,5.6225324493564,0.798672490702799,9.10020202020202,0.419047619047619,0.980952380952381,108
"Google_SAI-FluEns","72",0.73162743757386,26.0633052370313,0.674042660189111,37.6082852332852,0.685714285714286,0.990476190476191,108
"JHU_CSSE-CSSE_Ensemble","01",0.716922214963704,144.01364111577,0.792620187940804,227.058142237589,0.25,0.75,4
"JHU_CSSE-CSSE_Ensemble","02",0.972540942155805,20.342601716297,1.11153582947427,33.0151841359122,0.25,0.75,4
"JHU_CSSE-CSSE_Ensemble","04",0.512467733665254,75.1564428358927,0.524017584181651,115.925,0,0.75,4
"JHU_CSSE-CSSE_Ensemble","05",0.374263655287627,40.4428697806434,0.424043778638118,70.0902759412819,0,1,4
"JHU_CSSE-CSSE_Ensemble","06",0.36502057068868,136.991240272805,0.416239134893671,212.915916475102,0.75,1,4
"JHU_CSSE-CSSE_Ensemble","08",0.500829997145146,163.618261535623,0.662380082013989,270.42462530406,0,0.5,4
"JHU_CSSE-CSSE_Ensemble","09",0.593667424438852,173.352982715722,0.741334561975235,267.020659258852,0,0.5,4
"JHU_CSSE-CSSE_Ensemble","10",0.824624756557609,46.969010117411,1.0664009548064,85.578950471433,0.25,1,4
"JHU_CSSE-CSSE_Ensemble","11",0.524142921640376,13.9551398675994,0.616781320019472,23.4077095084351,0,1,4
"JHU_CSSE-CSSE_Ensemble","12",0.542106486536769,245.84002962622,0.626343248388928,390.206689346861,0.5,1,4
"JHU_CSSE-CSSE_Ensemble","13",0.724304300980277,410.892871822888,0.861121810065678,626.184592792649,0,0.5,4
"JHU_CSSE-CSSE_Ensemble","15",0.542539266562522,11.9208692065811,0.578730795274486,19.3040564610838,0,1,4
"JHU_CSSE-CSSE_Ensemble","16",0.723291375936701,47.2957962970443,0.890800944396042,80.5064893797154,0,1,4
"JHU_CSSE-CSSE_Ensemble","17",0.742907503396478,481.6750036707,0.905085923478746,765.087957671495,0.25,0.5,4
"JHU_CSSE-CSSE_Ensemble","18",0.570893371556485,149.05236527523,0.625172573056632,233.515248197988,0.25,0.75,4
"JHU_CSSE-CSSE_Ensemble","19",0.607442687525823,47.7652855295412,0.684730184216324,71.7032779607365,0.25,1,4
"JHU_CSSE-CSSE_Ensemble","20",0.528038251257113,47.9293057840314,0.685302412615109,85.9732689975862,0.25,1,4
"JHU_CSSE-CSSE_Ensemble","21",0.657197833848241,106.5332210739,0.788388730151723,182.156040885907,0,1,4
"JHU_CSSE-CSSE_Ensemble","22",0.606679349168649,75.8145986563317,0.613380017333096,105.918976204028,0.25,0.75,4
"JHU_CSSE-CSSE_Ensemble","23",0.70078363788678,41.709442351036,0.80263488978415,63.9125,0,0.75,4
"JHU_CSSE-CSSE_Ensemble","24",0.614253960264639,162.903762271935,0.699368954222637,243.058836189049,0.25,0.75,4
"JHU_CSSE-CSSE_Ensemble","25",0.581229169272803,249.645993497091,0.698355545878829,383.381526569371,0.25,0.75,4
"JHU_CSSE-CSSE_Ensemble","26",0.752352650829499,274.212704130119,0.885544509884512,450.955959657016,0.25,1,4
"JHU_CSSE-CSSE_Ensemble","27",0.628059901299227,219.650836141813,0.845879391405427,368.569217232153,0,0.5,4
"JHU_CSSE-CSSE_Ensemble","28",0.596193840905467,46.9616540506865,0.6869087708069,81.0023993627652,0.25,1,4
"JHU_CSSE-CSSE_Ensemble","29",0.548858600553427,128.801750591664,0.660000450912397,228.12347131056,0,0.75,4
"JHU_CSSE-CSSE_Ensemble","30",0.627783554584532,25.6020840268293,0.732429001391609,42.175,0.25,1,4
"JHU_CSSE-CSSE_Ensemble","31",0.585047181013217,23.884099345382,0.686312381800418,36.6286829979181,0.5,1,4
"JHU_CSSE-CSSE_Ensemble","32",0.839208702355,75.5181323649107,0.957740792387339,121.748628709235,0.25,0.5,4
"JHU_CSSE-CSSE_Ensemble","33",0.707321589258507,43.5627483162184,0.900160084599171,72.1302587335788,0.25,1,4
"JHU_CSSE-CSSE_Ensemble","34",0.664185357579854,388.954472746687,0.781383304664009,595.245117179629,0,0.5,4
"JHU_CSSE-CSSE_Ensemble","35",0.666121651055977,93.3012417268751,0.845367602963318,157.283823614992,0,0.75,4
"JHU_CSSE-CSSE_Ensemble","36",0.639067646664943,800.295098879056,0.831980908110602,1233.24137178171,0,0.5,4
"JHU_CSSE-CSSE_Ensemble","37",0.889936224179876,995.106878453837,1.07486705722483,1466.87420918783,0,0.5,4
"JHU_CSSE-CSSE_Ensemble","38",0.607843322022279,21.2373818002631,0.704343191422255,30.5338881697132,0.5,0.75,4
"JHU_CSSE-CSSE_Ensemble","39",0.651483340579119,447.563729580581,0.822856929425062,755.161803058242,0,1,4
"JHU_CSSE-CSSE_Ensemble","40",0.530680027480164,37.9421745651141,0.531947754016995,59.0233425226214,0.5,0.75,4
"JHU_CSSE-CSSE_Ensemble","42",0.675653230745813,567.028390586831,0.91298950512765,997.281878224588,0,1,4
"JHU_CSSE-CSSE_Ensemble","44",0.79809246093732,61.3136031085669,0.97764469882447,95.6483087469427,0.25,0.25,4
"JHU_CSSE-CSSE_Ensemble","45",0.643177205267935,258.795424149307,0.771303705739992,394.628607423164,0.25,0.5,4
"JHU_CSSE-CSSE_Ensemble","46",0.70533653773322,14.8825671752899,0.722207615742008,21.6228953857224,0.25,1,4
"JHU_CSSE-CSSE_Ensemble","47",0.751171717643815,315.690600743928,0.883694582749126,492.636380447331,0.25,0.25,4
"JHU_CSSE-CSSE_Ensemble","48",0.857605246025577,855.037261700045,0.961033079234196,1331.38608534848,0,0.75,4
"JHU_CSSE-CSSE_Ensemble","49",0.571529302755616,63.8386782825305,0.692963437209062,102.806789733468,0,0.5,4
"JHU_CSSE-CSSE_Ensemble","50",0.61157563771409,8.28128625952045,0.661358160365134,13.0181141075145,0.25,1,4
"JHU_CSSE-CSSE_Ensemble","51",0.631608059322308,218.909050631782,0.771129661997444,357.921022333501,0.25,0.75,4
"JHU_CSSE-CSSE_Ensemble","53",0.727220089023768,40.6688396436461,0.863399547902847,63.9537013960272,0.25,1,4
"JHU_CSSE-CSSE_Ensemble","54",0.585379797160103,34.162850812734,0.698136716883425,58.0478047042348,0,1,4
"JHU_CSSE-CSSE_Ensemble","55",0.655969418408356,210.81157411078,0.84093632174121,361.092804178502,0,1,4
"JHU_CSSE-CSSE_Ensemble","56",0.561836048494837,9.72766817834932,0.674411255719165,16.9605297121443,0,1,4
"LUcompUncertLab-chimera","01",0.99718364231872,130.561956521739,1.06594410179339,189,0.107142857142857,0.714285714285714,28
"LUcompUncertLab-chimera","02",0.878079268038808,19.6962888198758,0.896931864360405,26.3928571428571,0.428571428571429,0.75,28
"LUcompUncertLab-chimera","04",1.20164402678542,88.0203726708074,1.10050571118236,122.75,0.535714285714286,0.964285714285714,28
"LUcompUncertLab-chimera","05",1.10851607187089,68.7754347826087,1.20962040250351,112.035714285714,0.214285714285714,0.714285714285714,28
"LUcompUncertLab-chimera","06",1.40867565351682,415.578245341615,1.09685501282479,484.571428571429,0.25,0.428571428571429,28
"LUcompUncertLab-chimera","08",0.829532053914558,186.138649068323,1.10770762880054,305.071428571429,0.25,0.785714285714286,28
"LUcompUncertLab-chimera","09",0.781963579623997,209.261645962733,0.896697499224028,269.214285714286,0.107142857142857,0.464285714285714,28
"LUcompUncertLab-chimera","10",0.983194013919795,67.7817236024845,0.99450839430514,84.8571428571429,0.178571428571429,0.571428571428571,28
"LUcompUncertLab-chimera","11",0.991670342045499,24.6279968944099,1.03592100927614,36.5,0.178571428571429,0.714285714285714,28
"LUcompUncertLab-chimera","12",0.986039867674047,488.553524844721,1.02291439704133,680.464285714286,0.142857142857143,0.5,28
"LUcompUncertLab-chimera","13",0.964491800465113,386.321459627329,1.00553919559524,491.928571428571,0.142857142857143,0.392857142857143,28
"LUcompUncertLab-chimera","15",1.03183084806604,20.8493788819876,1.1327552990936,32.0714285714286,0.357142857142857,0.857142857142857,28
"LUcompUncertLab-chimera","16",0.931672834394002,42.6903416149068,1.02674836988009,65.6071428571429,0.535714285714286,1,28
"LUcompUncertLab-chimera","17",1.00626654379238,461.381677018634,1.05590144079412,599.071428571429,0.107142857142857,0.607142857142857,28
"LUcompUncertLab-chimera","18",0.975778546702678,179.117639751553,1.15472605198855,285.214285714286,0.0714285714285714,0.714285714285714,28
"LUcompUncertLab-chimera","19",0.935638226270374,79.9975310559006,1.07252877114013,116.428571428571,0.214285714285714,0.785714285714286,28
"LUcompUncertLab-chimera","20",1.04834991848221,86.8376397515528,0.943061421379886,102.535714285714,0.214285714285714,0.821428571428571,28
"LUcompUncertLab-chimera","21",1.00166506398456,137.017546583851,1.19207797879694,213.107142857143,0.25,0.892857142857143,28
"LUcompUncertLab-chimera","22",0.955348829304084,144.68751552795,1.00000881785933,198.535714285714,0.25,0.75,28
"LUcompUncertLab-chimera","23",0.833347578935844,45.2355590062112,0.928424182320799,63.4285714285714,0.178571428571429,0.607142857142857,28
"LUcompUncertLab-chimera","24",0.906493836939976,175.015869565217,1.10911796880931,268.892857142857,0.107142857142857,0.642857142857143,28
"LUcompUncertLab-chimera","25",1.00678082021851,336.929829192547,1.04648360881487,415.285714285714,0.142857142857143,0.285714285714286,28
"LUcompUncertLab-chimera","26",0.973066548991371,282.839891304348,1.03965114379069,386.535714285714,0.142857142857143,0.785714285714286,28
"LUcompUncertLab-chimera","27",0.915185034144358,296.881692546584,0.951133672165787,367.285714285714,0.0714285714285714,0.357142857142857,28
"LUcompUncertLab-chimera","28",0.902108986383348,53.7019099378882,0.886670946164422,75.25,0.285714285714286,0.714285714285714,28
"LUcompUncertLab-chimera","29",0.949505151114289,220.975217391304,0.97112390047681,288.678571428571,0.178571428571429,0.392857142857143,28
"LUcompUncertLab-chimera","30",0.95853858359385,33.8702950310559,1.02355949686093,48.8214285714286,0.107142857142857,0.642857142857143,28
"LUcompUncertLab-chimera","31",0.928017799904839,43.0184782608696,0.993952825539499,62.25,0.25,0.821428571428571,28
"LUcompUncertLab-chimera","32",1.16783835286797,76.0269875776398,1.05388508783,93.6785714285714,0.285714285714286,0.571428571428571,28
"LUcompUncertLab-chimera","33",0.864526365969878,66.5154968944099,1.02310885314776,94.2857142857143,0.107142857142857,0.464285714285714,28
"LUcompUncertLab-chimera","34",0.814095089057341,401.47152173913,0.927004589871076,547.178571428571,0.25,0.464285714285714,28
"LUcompUncertLab-chimera","35",0.914288306568968,103.349052795031,1.00145652152337,141.392857142857,0.178571428571429,0.642857142857143,28
"LUcompUncertLab-chimera","36",0.862214137451116,1225.15402173913,1.03663306902161,1701.625,0.25,0.5625,16
"LUcompUncertLab-chimera","37",0.791469207184239,676.09498447205,0.896339194214162,882.357142857143,0.0714285714285714,0.285714285714286,28
"LUcompUncertLab-chimera","38",0.842640382364346,33.8294875776398,1.08647715166528,52.8571428571429,0.25,0.821428571428571,28
"LUcompUncertLab-chimera","39",0.893932153779055,417.422562111801,0.992401700068358,591.928571428571,0.142857142857143,0.535714285714286,28
"LUcompUncertLab-chimera","40",1.00378696214949,59.8221273291925,0.943835976041059,83.1428571428571,0.214285714285714,0.75,28
"LUcompUncertLab-chimera","41",0.903812823550504,42.6603571428571,0.858795005296748,59,0.321428571428571,0.857142857142857,28
"LUcompUncertLab-chimera","42",1.09282841723702,718.580760869565,1.13880575215266,944.571428571429,0.107142857142857,0.321428571428571,28
"LUcompUncertLab-chimera","44",0.803036556609099,65.5389906832298,0.972916802191902,88.4285714285714,0.214285714285714,0.464285714285714,28
"LUcompUncertLab-chimera","45",0.861726192501505,227.902888198758,0.924629606145739,298.321428571429,0.25,0.571428571428571,28
"LUcompUncertLab-chimera","46",1.13650378447612,24.6994254658385,0.958440741832246,28.8928571428571,0.321428571428571,0.678571428571429,28
"LUcompUncertLab-chimera","47",0.832585756339116,203.311599378882,0.929170558982671,289.464285714286,0.142857142857143,0.678571428571429,28
"LUcompUncertLab-chimera","48",0.865644121270377,520.296677018634,0.962129160948719,799.785714285714,0.178571428571429,0.857142857142857,28
"LUcompUncertLab-chimera","49",1.39828213387412,86.9914285714286,1.53800019112371,127.214285714286,0.0714285714285714,0.535714285714286,28
"LUcompUncertLab-chimera","50",1.4285047039582,17.3017391304348,1.24397493579582,20.9285714285714,0.142857142857143,0.392857142857143,28
"LUcompUncertLab-chimera","51",1.07654024023695,286.186754658385,1.1836331801034,400.5,0.142857142857143,0.428571428571429,28
"LUcompUncertLab-chimera","53",1.27301468524687,57.5791149068323,0.988521612794625,67.1785714285714,0.357142857142857,0.857142857142857,28
"LUcompUncertLab-chimera","54",1.10758403068781,57.9718633540373,1.04687674602747,76.9642857142857,0.178571428571429,0.642857142857143,28
"LUcompUncertLab-chimera","55",0.99876850723519,275.715962732919,1.07110526639564,359.892857142857,0.0714285714285714,0.392857142857143,28
"LUcompUncertLab-chimera","56",1.13175103261751,14.2832919254658,1.09190102259099,20.7857142857143,0.142857142857143,0.785714285714286,28
"LUcompUncertLab-chimera","72",1.17379113253558,68.2036801242236,1.30178919463699,116.964285714286,0.178571428571429,0.928571428571429,28
"LUcompUncertLab-puca","01",0.81522136745648,51.6695652173913,0.811858380294682,70.4,0.728571428571429,0.9,70
"LUcompUncertLab-puca","02",0.836897377111613,3.59614285714286,0.755902409309751,4.78571428571429,0.9,1,70
"LUcompUncertLab-puca","04",1.12915729757597,55.2974720496894,1.11960271181947,85.4428571428571,0.571428571428571,0.942857142857143,70
"LUcompUncertLab-puca","05",0.854937433154672,24.2458074534161,0.744125545837511,31.5857142857143,0.814285714285714,0.914285714285714,70
"LUcompUncertLab-puca","06",0.707668118625935,148.026956521739,0.643078734965423,211.628571428571,0.514285714285714,0.885714285714286,70
"LUcompUncertLab-puca","08",0.716269357317747,39.5038322981366,0.90061822151554,62.5285714285714,0.885714285714286,1,70
"LUcompUncertLab-puca","09",0.716785980106791,33.4350248447205,0.899931618846355,52.1142857142857,0.8,1,70
"LUcompUncertLab-puca","10",0.866391475652437,10.5465776397516,0.822462886200959,14.5857142857143,0.842857142857143,1,70
"LUcompUncertLab-puca","11",0.919524994429972,5.75840372670807,0.98311926229226,8.72857142857143,0.814285714285714,0.971428571428571,70
"LUcompUncertLab-puca","12",0.821446410771383,276.098919254658,0.799586637103058,363.171428571429,0.628571428571429,0.842857142857143,70
"LUcompUncertLab-puca","13",0.742993360565927,70.3678385093168,0.769395533992564,100.828571428571,0.885714285714286,1,70
"LUcompUncertLab-puca","15",0.770571509161374,7.2442049689441,0.853807083918291,11.5571428571429,0.528571428571429,0.9,70
"LUcompUncertLab-puca","16",0.899724549461155,15.4330434782609,0.930882398078373,23.7428571428571,0.628571428571429,0.957142857142857,70
"LUcompUncertLab-puca","17",0.980471644417031,111.786074534162,1.09874455820899,176.414285714286,0.8,0.985714285714286,70
"LUcompUncertLab-puca","18",1.27746120023922,87.6167639751553,1.40885811956835,136.9,0.471428571428571,0.914285714285714,70
"LUcompUncertLab-puca","19",1.02823666012426,26.2859130434783,1.15588412050599,42.4714285714286,0.6,0.957142857142857,70
"LUcompUncertLab-puca","20",0.843299927377421,20.4116335403727,0.903222833038103,32.2714285714286,0.642857142857143,1,70
"LUcompUncertLab-puca","21",1.1945689075678,44.1385900621118,1.30550097840093,70.9,0.7,0.985714285714286,70
"LUcompUncertLab-puca","22",0.689135322274969,38.5162298136646,0.705020755446101,54.2714285714286,0.685714285714286,0.957142857142857,70
"LUcompUncertLab-puca","23",1.27071811495637,19.9343291925466,1.35314143242819,28.5428571428571,0.657142857142857,0.957142857142857,70
"LUcompUncertLab-puca","24",1.01191494782667,57.8636397515528,1.08833431949661,79.4428571428571,0.742857142857143,0.914285714285714,70
"LUcompUncertLab-puca","25",1.18146015593723,93.9024223602485,1.38344943889829,140.128571428571,0.542857142857143,0.9,70
"LUcompUncertLab-puca","26",1.44417652548847,121.252416149068,1.56761517323381,181.3,0.714285714285714,0.914285714285714,70
"LUcompUncertLab-puca","27",1.01743850535556,69.5920869565217,1.17645131888608,103.542857142857,0.757142857142857,0.957142857142857,70
"LUcompUncertLab-puca","28",0.921634922414412,28.4316335403727,0.880247626372077,41.4714285714286,0.5,0.857142857142857,70
"LUcompUncertLab-puca","29",0.942321350946749,61.1479192546584,0.998589492924708,96.0571428571429,0.728571428571429,0.942857142857143,70
"LUcompUncertLab-puca","30",0.89980513153084,11.3163229813665,0.836394901003199,15.2571428571429,0.757142857142857,0.928571428571429,70
"LUcompUncertLab-puca","31",0.6729464108371,12.1864223602484,0.710914579167844,18.9,0.714285714285714,1,70
"LUcompUncertLab-puca","32",1.26092567571335,22.3172360248447,1.20976716849332,30.4571428571429,0.385714285714286,0.828571428571429,70
"LUcompUncertLab-puca","33",0.857135346081091,13.9499068322981,0.973235033175692,20.8857142857143,0.828571428571429,0.971428571428571,70
"LUcompUncertLab-puca","34",1.12047735369193,141.008211180124,1.24927972865987,201.457142857143,0.728571428571429,0.885714285714286,70
"LUcompUncertLab-puca","35",0.770971423486112,20.468801242236,0.869854078490646,31.9,0.7,1,70
"LUcompUncertLab-puca","36",1.05623526780617,214.331111801242,1.43700501255864,348.657142857143,0.7,0.971428571428571,70
"LUcompUncertLab-puca","37",0.757522540844498,92.5179378881988,0.575713732502644,95.1428571428571,1,1,70
"LUcompUncertLab-puca","38",0.674105208181305,8.27464596273292,0.754572311508153,12.6142857142857,0.7,0.957142857142857,70
"LUcompUncertLab-puca","39",1.17488094770742,168.985968944099,1.30042282554749,259.214285714286,0.728571428571429,0.957142857142857,70
"LUcompUncertLab-puca","40",0.923145338737875,35.811149068323,0.829877081167291,50.5428571428571,0.657142857142857,0.871428571428571,70
"LUcompUncertLab-puca","41",0.792682340634908,54.3686211180124,0.734542680288069,70.2714285714286,0.642857142857143,0.828571428571429,70
"LUcompUncertLab-puca","42",1.19559910317911,305.771627140975,1.27266516672379,430.272727272727,0.696969696969697,0.939393939393939,66
"LUcompUncertLab-puca","44",0.739204359253592,12.7107577639752,0.794350692030321,17.2428571428571,0.828571428571429,1,70
"LUcompUncertLab-puca","45",0.774399393911549,48.4408260869565,0.815959518876775,70.4857142857143,0.842857142857143,1,70
"LUcompUncertLab-puca","46",1.17329994569057,9.2665900621118,1.10625204769288,13.3857142857143,0.714285714285714,0.942857142857143,70
"LUcompUncertLab-puca","47",0.841821849787041,47.5018571428571,0.875405976948245,70.2571428571429,0.885714285714286,1,70
"LUcompUncertLab-puca","48",0.921353222917318,142.677726708075,0.964867833415146,217.342857142857,0.757142857142857,0.985714285714286,70
"LUcompUncertLab-puca","49",0.87793263934036,20.5517453416149,0.894844404030008,28.1142857142857,0.571428571428571,0.885714285714286,70
"LUcompUncertLab-puca","50",1.33805493155573,4.94685714285714,1.38845192541217,7.5,0.657142857142857,0.942857142857143,70
"LUcompUncertLab-puca","51",0.704860591128494,56.2374161490683,0.784685939984102,84.7714285714286,0.885714285714286,1,70
"LUcompUncertLab-puca","53",0.733115597718921,27.8185652173913,0.736404152735578,44.0428571428571,0.414285714285714,0.928571428571429,70
"LUcompUncertLab-puca","54",0.821267167287483,16.7940124223603,0.866160522632566,26.9571428571429,0.685714285714286,0.971428571428571,70
"LUcompUncertLab-puca","55",1.13197930633383,78.7553664596273,1.15932630831568,105,0.885714285714286,0.957142857142857,70
"LUcompUncertLab-puca","56",1.03905237554212,6.28809316770186,1.12452485961302,10.3,0.514285714285714,0.914285714285714,70
"LUcompUncertLab-puca","72",0.878178270656846,23.8208385093168,0.86349373998626,36.7285714285714,0.671428571428571,0.985714285714286,70
"LosAlamos-DoSiDo","01",0.876537883037065,68.4824389233954,0.977744407787155,106.028571428571,0.495238095238095,0.942857142857143,108
"LosAlamos-DoSiDo","02",1.14537212867598,10.4759378881988,1.16206655319948,14.4761904761905,0.504761904761905,0.828571428571429,108
"LosAlamos-DoSiDo","04",0.81980966711782,44.3997971014493,0.718539560115702,60.247619047619,0.495238095238095,1,108
"LosAlamos-DoSiDo","05",0.993824448868499,35.9675031055901,1.00904851816856,54.9428571428571,0.495238095238095,0.980952380952381,108
"LosAlamos-DoSiDo","06",0.879298875448463,193.180621118012,0.814175127034148,272.457142857143,0.561904761904762,0.980952380952381,108
"LosAlamos-DoSiDo","08",1.26106297607876,130.1293126294,1.58198218982954,201.8,0.447619047619048,0.933333333333333,108
"LosAlamos-DoSiDo","09",1.09968224075014,116.635101449275,1.41452256394684,174.866666666667,0.438095238095238,0.819047619047619,108
"LosAlamos-DoSiDo","10",1.28698897222178,35.5071759834369,1.37071562969354,49.8571428571429,0.39047619047619,0.847619047619048,108
"LosAlamos-DoSiDo","11",1.2907253392353,14.586049689441,1.44443000554949,22.9428571428571,0.457142857142857,1,108
"LosAlamos-DoSiDo","12",1.50975668932152,572.563701863354,1.57211071248466,794.647619047619,0.504761904761905,0.895238095238095,108
"LosAlamos-DoSiDo","13",0.951391570444295,165.986873706004,1.12649776624033,253.666666666667,0.6,0.885714285714286,108
"LosAlamos-DoSiDo","15",1.37377974684158,17.2789813664596,1.6077511633233,28.952380952381,0.438095238095238,0.942857142857143,108
"LosAlamos-DoSiDo","16",1.15128836501928,28.6115859213251,1.16055421297435,42.1047619047619,0.380952380952381,0.971428571428571,108
"LosAlamos-DoSiDo","17",1.0257991896192,209.596964803313,1.24303799383661,332.580952380952,0.571428571428571,0.933333333333333,108
"LosAlamos-DoSiDo","18",1.09888019667101,106.313863354037,1.23592310545893,166.342857142857,0.523809523809524,0.952380952380952,108
"LosAlamos-DoSiDo","19",1.15343155167357,46.2012795031056,1.22808416500259,66.447619047619,0.514285714285714,0.914285714285714,108
"LosAlamos-DoSiDo","20",1.04731124197978,40.7191469979296,0.992643588440137,52.8,0.666666666666667,0.885714285714286,108
"LosAlamos-DoSiDo","21",1.18307050587552,74.6041863354037,1.19996133691266,104.952380952381,0.485714285714286,0.933333333333333,108
"LosAlamos-DoSiDo","22",0.906935410644684,72.6813002070393,1.07154075244047,115.819047619048,0.485714285714286,0.961904761904762,108
"LosAlamos-DoSiDo","23",1.10320846257413,28.6789026915114,1.25179871860355,42.2095238095238,0.504761904761905,0.942857142857143,108
"LosAlamos-DoSiDo","24",1.15789184696499,109.439068322981,1.45506575362799,173.647619047619,0.361904761904762,0.971428571428571,108
"LosAlamos-DoSiDo","25",1.04131874801707,153.768501035197,1.259947854329,228.885714285714,0.466666666666667,0.923809523809524,108
"LosAlamos-DoSiDo","26",1.04613843930306,143.6576563147,1.18606778142041,216.542857142857,0.476190476190476,0.942857142857143,108
"LosAlamos-DoSiDo","27",1.22158016383952,169.724070393375,1.52701041510385,259.666666666667,0.447619047619048,0.876190476190476,108
"LosAlamos-DoSiDo","28",0.987819025145551,36.474314699793,1.01705385528567,57.3428571428571,0.419047619047619,0.838095238095238,108
"LosAlamos-DoSiDo","29",0.955450898223986,99.969569358178,0.943370245047394,134.780952380952,0.504761904761905,0.847619047619048,108
"LosAlamos-DoSiDo","30",1.05710412771674,19.1368695652174,1.13164658813929,28.6857142857143,0.466666666666667,0.971428571428571,108
"LosAlamos-DoSiDo","31",1.09676916364387,27.3153498964803,1.10640280286816,38.8095238095238,0.552380952380952,0.876190476190476,108
"LosAlamos-DoSiDo","32",1.14042694023335,34.5995155279503,1.09125189739601,47.3619047619048,0.447619047619048,0.838095238095238,108
"LosAlamos-DoSiDo","33",1.13091287939737,37.1428488612836,1.31123819028572,53.447619047619,0.571428571428571,0.961904761904762,108
"LosAlamos-DoSiDo","34",1.17048667015905,260.590679089027,1.45277691607224,401.590476190476,0.504761904761905,0.885714285714286,108
"LosAlamos-DoSiDo","35",1.04605164733179,52.4079751552795,1.18873760750981,77.4952380952381,0.39047619047619,0.914285714285714,108
"LosAlamos-DoSiDo","36",1.20381897243017,651.147213250518,1.66419861681917,1023.8,0.495238095238095,0.914285714285714,108
"LosAlamos-DoSiDo","37",0.95329900095774,304.883971014493,1.24325689545419,482.666666666667,0.561904761904762,1,108
"LosAlamos-DoSiDo","38",1.0839781753433,21.8611428571429,1.2642117295905,32.9238095238095,0.40952380952381,0.876190476190476,108
"LosAlamos-DoSiDo","39",1.10114849618725,250.352881987578,1.2817145277142,388.838095238095,0.457142857142857,0.990476190476191,108
"LosAlamos-DoSiDo","40",0.907517212878148,37.5813623188406,0.797921955629086,50.5714285714286,0.552380952380952,0.876190476190476,108
"LosAlamos-DoSiDo","41",0.734491798637565,42.6694948240166,0.751371371010943,61.6095238095238,0.419047619047619,0.952380952380952,108
"LosAlamos-DoSiDo","42",1.01319643899491,357.774335403727,1.25768105798952,586.428571428571,0.504761904761905,0.904761904761905,108
"LosAlamos-DoSiDo","44",1.13841093886062,39.4658799171843,1.48112300771656,60.0761904761905,0.447619047619048,0.876190476190476,108
"LosAlamos-DoSiDo","45",0.940979949752106,107.872004140787,1.01834645943905,151.190476190476,0.533333333333333,0.914285714285714,108
"LosAlamos-DoSiDo","46",1.06791031728751,12.2194451345756,0.929296095117443,15.352380952381,0.59047619047619,0.857142857142857,108
"LosAlamos-DoSiDo","47",0.891861374571349,93.2956935817805,0.961301913053505,135.057142857143,0.59047619047619,0.904761904761905,108
"LosAlamos-DoSiDo","48",1.09568863181394,299.558389233954,1.26228845405337,489.971428571429,0.514285714285714,0.971428571428571,108
"LosAlamos-DoSiDo","49",1.14492204210596,38.7258923395445,1.37980477781966,61.8761904761905,0.371428571428571,0.971428571428571,108
"LosAlamos-DoSiDo","50",1.17922786473603,6.93823602484472,1.19812848140113,10.1809523809524,0.552380952380952,0.980952380952381,108
"LosAlamos-DoSiDo","51",0.945207804128817,120.5816563147,1.11672333151136,186.27619047619,0.514285714285714,0.933333333333333,108
"LosAlamos-DoSiDo","53",0.832503077096823,32.1254741200828,0.794459907335381,47.0095238095238,0.447619047619048,0.980952380952381,108
"LosAlamos-DoSiDo","54",1.10190967587756,31.1964886128364,1.0062976337788,41.9904761904762,0.504761904761905,0.942857142857143,108
"LosAlamos-DoSiDo","55",1.07899455486713,135.08166873706,1.25542306560202,197.171428571429,0.514285714285714,0.885714285714286,108
"LosAlamos-DoSiDo","56",1.1961111707598,9.1483933747412,1.26360509024693,14.6190476190476,0.466666666666667,0.942857142857143,108
"LosAlamos-DoSiDo","72",1.57256986227251,57.1795527950311,1.65095752217055,93.9619047619048,0.428571428571429,0.980952380952381,108
"LosAlamos-ThinMint","01",0.94592609804787,73.6944057971015,0.960013224207824,101.695238095238,0.438095238095238,0.780952380952381,108
"LosAlamos-ThinMint","02",0.949724474249631,8.52386749482402,1.05622619464317,12.8857142857143,0.4,0.885714285714286,108
"LosAlamos-ThinMint","04",0.933974867887029,50.1744016563147,0.903841870916504,75.0095238095238,0.466666666666667,0.904761904761905,108
"LosAlamos-ThinMint","05",0.851649191570571,30.5398964803313,0.872231894455075,46.8380952380952,0.485714285714286,0.971428571428571,108
"LosAlamos-ThinMint","06",0.893785001277095,197.346269151139,0.883312315071166,298.219047619048,0.533333333333333,0.876190476190476,108
"LosAlamos-ThinMint","08",0.764751941280529,77.9728778467909,0.95663366603531,120.342857142857,0.457142857142857,0.866666666666667,108
"LosAlamos-ThinMint","09",0.826026005712203,86.8384306418219,0.965803189663154,118.12380952381,0.638095238095238,0.780952380952381,108
"LosAlamos-ThinMint","10",0.953138839302969,25.920066252588,0.998859599748603,35.3809523809524,0.40952380952381,0.838095238095238,108
"LosAlamos-ThinMint","11",0.877147655387297,9.80178467908903,0.996791335876441,15.7047619047619,0.342857142857143,0.914285714285714,108
"LosAlamos-ThinMint","12",0.940467672569586,337.318161490683,1.12153380938788,537.504761904762,0.438095238095238,0.857142857142857,108
"LosAlamos-ThinMint","13",0.876799542341767,151.76666252588,0.982952119449895,216.466666666667,0.466666666666667,0.780952380952381,108
"LosAlamos-ThinMint","15",0.999800288845341,12.5890766045549,1.04981393831758,18.8761904761905,0.4,0.771428571428571,108
"LosAlamos-ThinMint","16",1.01191625133156,24.4765217391304,1.09649163500628,38.4380952380952,0.495238095238095,0.895238095238095,108
"LosAlamos-ThinMint","17",1.0180898595044,205.548737060041,1.07627161773699,281.542857142857,0.428571428571429,0.8,108
"LosAlamos-ThinMint","18",1.04867047714268,101.386380952381,1.11296077304015,148.67619047619,0.428571428571429,0.79047619047619,108
"LosAlamos-ThinMint","19",1.0184052363495,41.3485051759834,1.03191415746982,56.5809523809524,0.476190476190476,0.857142857142857,108
"LosAlamos-ThinMint","20",0.972439761711372,37.859619047619,0.985084260755678,52.5809523809524,0.504761904761905,0.847619047619048,108
"LosAlamos-ThinMint","21",1.0601719525981,66.9887908902692,1.08386031288826,93.4666666666667,0.352380952380952,0.80952380952381,108
"LosAlamos-ThinMint","22",0.84801253577639,67.2507577639752,1.0260059254712,108.990476190476,0.39047619047619,0.904761904761905,108
"LosAlamos-ThinMint","23",1.0097960413747,26.1379213250518,1.08785953150037,36.3714285714286,0.457142857142857,0.80952380952381,108
"LosAlamos-ThinMint","24",0.866426793579819,81.2375196687371,1.02490854807131,120.542857142857,0.457142857142857,0.80952380952381,108
"LosAlamos-ThinMint","25",0.943872447421317,137.428948240166,1.04354558429995,185.380952380952,0.542857142857143,0.742857142857143,108
"LosAlamos-ThinMint","26",1.03548652726364,142.453706004141,1.10191466503618,199.838095238095,0.466666666666667,0.79047619047619,108
"LosAlamos-ThinMint","27",0.853646484117106,117.638289855072,0.964498483108248,161.514285714286,0.476190476190476,0.8,108
"LosAlamos-ThinMint","28",0.86335560831221,32.1824927536232,0.876180224326624,48.7333333333333,0.4,0.923809523809524,108
"LosAlamos-ThinMint","29",1.0628167832204,112.645432712215,1.0717293895708,154.809523809524,0.457142857142857,0.828571428571429,108
"LosAlamos-ThinMint","30",1.07265916214338,19.3184099378882,1.17394424364983,29.5428571428571,0.4,0.838095238095238,108
"LosAlamos-ThinMint","31",0.937797272579525,23.5656438923395,0.990249955871007,34.8190476190476,0.428571428571429,0.866666666666667,108
"LosAlamos-ThinMint","32",1.02290583039707,30.672248447205,1.06042123280216,44.1238095238095,0.485714285714286,0.847619047619048,108
"LosAlamos-ThinMint","33",0.920915631084773,30.4018136645963,1.06111352088999,43.2380952380952,0.485714285714286,0.838095238095238,108
"LosAlamos-ThinMint","34",0.84684665884013,189.518915113872,0.944793294536039,260.438095238095,0.542857142857143,0.79047619047619,108
"LosAlamos-ThinMint","35",0.927652997736682,45.5535445134576,1.01914767312716,64.8,0.438095238095238,0.79047619047619,108
"LosAlamos-ThinMint","36",0.740650362488945,402.289929606625,0.98216312796097,597.638095238095,0.533333333333333,0.857142857142857,108
"LosAlamos-ThinMint","37",0.833974302909431,259.361486542443,0.954053758760673,355.628571428571,0.552380952380952,0.8,108
"LosAlamos-ThinMint","38",0.851761499140696,17.1172836438923,0.989589769317628,25.5238095238095,0.457142857142857,0.857142857142857,108
"LosAlamos-ThinMint","39",1.00959557744621,227.562956521739,1.07295285400702,320.009523809524,0.457142857142857,0.771428571428571,108
"LosAlamos-ThinMint","40",0.912032036963316,38.5318219461698,0.897774416116627,58.552380952381,0.419047619047619,0.866666666666667,108
"LosAlamos-ThinMint","41",0.859207454888797,49.8911552795031,0.889686839977606,72.5619047619048,0.428571428571429,0.838095238095238,108
"LosAlamos-ThinMint","42",0.890896464862058,316.119937888199,1.00061741384939,457.847619047619,0.485714285714286,0.838095238095238,108
"LosAlamos-ThinMint","44",0.873775506948993,30.1606583850932,1.02515980065765,41.2,0.457142857142857,0.771428571428571,108
"LosAlamos-ThinMint","45",0.980930326252542,110.838020703934,1.08208287137012,155.961904761905,0.323809523809524,0.79047619047619,108
"LosAlamos-ThinMint","46",1.06828261563854,12.2712380952381,1.01973968394834,16.9238095238095,0.40952380952381,0.866666666666667,108
"LosAlamos-ThinMint","47",0.958050782392643,98.7571055900621,1.04747697929123,143.790476190476,0.466666666666667,0.876190476190476,108
"LosAlamos-ThinMint","48",0.786431345531394,214.169358178054,0.887576691416877,338.238095238095,0.561904761904762,0.933333333333333,108
"LosAlamos-ThinMint","49",0.944023588850291,31.6987743271222,1.05760662334498,46.9142857142857,0.323809523809524,0.771428571428571,108
"LosAlamos-ThinMint","50",1.13695401167729,6.63168115942029,1.189812436508,9.93333333333333,0.40952380952381,0.895238095238095,108
"LosAlamos-ThinMint","51",1.00056195569223,127.794277432712,1.08061020763929,178.52380952381,0.476190476190476,0.761904761904762,108
"LosAlamos-ThinMint","53",1.00048087125756,38.6844472049689,1.00786361573538,59.9428571428571,0.40952380952381,0.885714285714286,108
"LosAlamos-ThinMint","54",1.19544932799553,33.8457888198758,1.21352923820145,49.9142857142857,0.342857142857143,0.79047619047619,108
"LosAlamos-ThinMint","55",1.01132827005894,124.859855072464,1.06849892778117,165.219047619048,0.561904761904762,0.742857142857143,108
"LosAlamos-ThinMint","56",1.12031148961406,8.58263354037267,1.18130334964572,13.6952380952381,0.257142857142857,0.857142857142857,108
"LosAlamos-ThinMint","72",1.17826808427105,43.1583933747412,1.15410694363224,66.0952380952381,0.466666666666667,0.876190476190476,108
"LosAlamos_NAU-CModel_Flu","01",1.25439562255603,99.1726714906832,1.01674982276873,108.828571428571,0.219047619047619,0.428571428571429,108
"LosAlamos_NAU-CModel_Flu","02",1.14449341553175,10.4625624192854,1.0953971938915,13.5148514851485,0.148514851485149,0.336633663366337,104
"LosAlamos_NAU-CModel_Flu","04",1.41316854604579,78.4619397722567,1.05659899439107,89.7714285714286,0.19047619047619,0.533333333333333,108
"LosAlamos_NAU-CModel_Flu","05",1.48806715571,54.5962474741201,1.20374419550962,65.9238095238095,0.123809523809524,0.40952380952381,108
"LosAlamos_NAU-CModel_Flu","06",1.99018774726457,446.467153084886,1.35347901762608,463.138095238095,0.0476190476190476,0.123809523809524,108
"LosAlamos_NAU-CModel_Flu","08",1.06982831483904,106.801362277433,1.00979416796191,124.5,0.285714285714286,0.40952380952381,108
"LosAlamos_NAU-CModel_Flu","09",0.753954262672951,78.7791206625259,0.779265864374405,94.3714285714286,0.133333333333333,0.342857142857143,108
"LosAlamos_NAU-CModel_Flu","10",1.43260644020832,38.9724234575569,1.39557823202294,49.6571428571429,0.152380952380952,0.371428571428571,108
"LosAlamos_NAU-CModel_Flu","11",1.08887983920552,12.3925800414079,0.924861183106192,14.6571428571429,0.257142857142857,0.476190476190476,108
"LosAlamos_NAU-CModel_Flu","12",2.12998993654751,743.25969494824,1.63283721432337,760.942857142857,0.0380952380952381,0.0476190476190476,108
"LosAlamos_NAU-CModel_Flu","13",1.05611348888987,182.200844244306,0.95640737342415,209.009523809524,0.0761904761904762,0.447619047619048,108
"LosAlamos_NAU-CModel_Flu","15",1.02502931699968,13.0848100414079,0.953572057504243,17.1619047619048,0.19047619047619,0.504761904761905,108
"LosAlamos_NAU-CModel_Flu","16",1.03647242283389,25.3667115942029,0.972364110499907,34.1142857142857,0.257142857142857,0.676190476190476,108
"LosAlamos_NAU-CModel_Flu","17",0.965050132712016,193.761880186335,0.878080045903847,226.857142857143,0.228571428571429,0.571428571428571,108
"LosAlamos_NAU-CModel_Flu","18",1.35942937218799,130.867519565217,1.08001423513378,143.442857142857,0.171428571428571,0.457142857142857,108
"LosAlamos_NAU-CModel_Flu","19",1.26049610026422,51.0680057349897,1.12684021164685,61.4190476190476,0.342857142857143,0.628571428571429,108
"LosAlamos_NAU-CModel_Flu","20",1.55097016803195,60.5324772049689,1.33521884771492,70.9904761904762,0.171428571428571,0.552380952380952,108
"LosAlamos_NAU-CModel_Flu","21",1.59836802867641,101.036450351967,1.3364350723575,115.952380952381,0.257142857142857,0.438095238095238,108
"LosAlamos_NAU-CModel_Flu","22",1.17256651496665,94.0796935610766,0.981793872286895,105.142857142857,0.104761904761905,0.361904761904762,108
"LosAlamos_NAU-CModel_Flu","23",0.95974588127114,24.5400585714286,0.922720833638992,30.4,0.323809523809524,0.580952380952381,108
"LosAlamos_NAU-CModel_Flu","24",1.07056086100663,99.8795447619048,0.973068582842579,113.828571428571,0.142857142857143,0.495238095238095,108
"LosAlamos_NAU-CModel_Flu","25",0.988684433526485,142.593965300207,0.884051519550086,155.495238095238,0.114285714285714,0.314285714285714,108
"LosAlamos_NAU-CModel_Flu","26",1.22989395541641,166.811662236025,1.00180893137503,179.2,0.247619047619048,0.457142857142857,108
"LosAlamos_NAU-CModel_Flu","27",0.811794463180239,110.225050559006,0.787027044591195,130.214285714286,0.285714285714286,0.466666666666667,108
"LosAlamos_NAU-CModel_Flu","28",1.40044573110058,53.4677216770186,1.04575779704657,59.1047619047619,0.228571428571429,0.4,108
"LosAlamos_NAU-CModel_Flu","29",1.33569752802502,139.596963602484,1.18755022179537,169.685714285714,0.123809523809524,0.438095238095238,108
"LosAlamos_NAU-CModel_Flu","30",1.38453352924507,25.0541302484472,1.21152448355743,30.4285714285714,0.161904761904762,0.485714285714286,108
"LosAlamos_NAU-CModel_Flu","31",1.272837549481,32.8195972877847,1.11851348649622,40.0095238095238,0.285714285714286,0.561904761904762,108
"LosAlamos_NAU-CModel_Flu","32",1.44250229784602,45.1080011180124,1.15831988063188,50.5,0.114285714285714,0.257142857142857,108
"LosAlamos_NAU-CModel_Flu","33",0.87864354740159,28.0098204554865,1.00406949061184,39.6333333333333,0.171428571428571,0.447619047619048,108
"LosAlamos_NAU-CModel_Flu","34",0.769915952418468,169.798791863354,0.708108222735303,191.871428571429,0.2,0.504761904761905,108
"LosAlamos_NAU-CModel_Flu","35",1.20303460565057,59.338023436853,1.21893126018786,77.7523809523809,0.219047619047619,0.542857142857143,108
"LosAlamos_NAU-CModel_Flu","36",1.12650088225244,586.433065590062,1.03754333119421,613.780952380952,0.104761904761905,0.2,108
"LosAlamos_NAU-CModel_Flu","37",0.67093941653295,211.428452732919,0.633042614105262,235.942857142857,0.361904761904762,0.628571428571429,108
"LosAlamos_NAU-CModel_Flu","38",1.27119782420237,24.9104195859213,1.36179332083584,34.352380952381,0.104761904761905,0.352380952380952,108
"LosAlamos_NAU-CModel_Flu","39",1.05826455843572,232.993307908903,0.920636581628448,266.647619047619,0.0666666666666667,0.419047619047619,108
"LosAlamos_NAU-CModel_Flu","40",1.65786880097212,70.7030687784679,1.18235479954636,76.8380952380952,0.123809523809524,0.276190476190476,108
"LosAlamos_NAU-CModel_Flu","41",1.17558963581145,68.2693220910973,0.946353392289468,76.9714285714286,0.114285714285714,0.285714285714286,108
"LosAlamos_NAU-CModel_Flu","42",1.64379048185566,565.539687246377,1.31740480967694,586.061904761905,0.019047619047619,0.0285714285714286,108
"LosAlamos_NAU-CModel_Flu","44",0.713214596514475,24.9032305797101,0.740648741775148,30.0238095238095,0.133333333333333,0.380952380952381,108
"LosAlamos_NAU-CModel_Flu","45",1.00456925190459,115.306823975155,0.898623241023994,131,0.123809523809524,0.447619047619048,108
"LosAlamos_NAU-CModel_Flu","46",1.46891596361835,17.1826100207039,1.21669928920412,20.4095238095238,0.247619047619048,0.561904761904762,108
"LosAlamos_NAU-CModel_Flu","47",0.923293531670494,98.016887805383,0.825129845205427,114.942857142857,0.295238095238095,0.657142857142857,108
"LosAlamos_NAU-CModel_Flu","48",1.72496961406351,471.046319151139,1.32160867178748,502.628571428571,0.133333333333333,0.361904761904762,108
"LosAlamos_NAU-CModel_Flu","49",1.41721721177873,48.3699082401656,1.37324592455605,62.1904761904762,0.238095238095238,0.495238095238095,108
"LosAlamos_NAU-CModel_Flu","50",2.16100481981914,12.3755055072464,2.16110176398748,17.5428571428571,0.0952380952380952,0.39047619047619,108
"LosAlamos_NAU-CModel_Flu","51",0.890522653628283,112.232820186335,0.80761480278603,131.504761904762,0.228571428571429,0.533333333333333,108
"LosAlamos_NAU-CModel_Flu","53",1.02005800652148,39.4943480745342,0.819162560917169,48.7333333333333,0.161904761904762,0.466666666666667,108
"LosAlamos_NAU-CModel_Flu","54",1.84632591785374,52.6283035610766,1.4506669610675,59.7047619047619,0.171428571428571,0.4,108
"LosAlamos_NAU-CModel_Flu","55",0.856674016764651,103.124340372671,0.833587834027385,125.114285714286,0.171428571428571,0.39047619047619,108
"LosAlamos_NAU-CModel_Flu","56",1.38685366847414,10.4527993374741,1.16235134439481,13.2,0.142857142857143,0.361904761904762,108
"LosAlamos_NAU-CModel_Flu","72",1.51940019058254,55.2216008281573,1.14701248267589,65.1428571428571,0.142857142857143,0.342857142857143,108
"MDPredict-SIRS","01",1.30636960669436,225.17547826087,1.24133897916387,286.55,0.15,0.5,20
"MDPredict-SIRS","02",1.28413915532383,36.4939130434783,1.27419644091201,47.15,0.1,0.3,20
"MDPredict-SIRS","04",1.67530633551127,165.762826086957,1.44227713287823,216.7,0.6,0.85,20
"MDPredict-SIRS","05",2.73625794495217,218.148065217391,2.14937186584066,268.4,0.7,0.8,20
"MDPredict-SIRS","06",1.56187813942127,605.043891304348,1.33665622368237,789.95,0.6,0.85,20
"MDPredict-SIRS","08",2.68191488568254,729.068826086957,3.19947061815004,1068.35,0.5,0.65,20
"MDPredict-SIRS","09",1.612473553936,516.385282608696,1.81738519450398,670.3,0.65,0.75,20
"MDPredict-SIRS","10",0.948931551263275,81.9783695652174,1.18701054610801,126.9,0.3,0.4,20
"MDPredict-SIRS","11",1.73466501036953,48.9255652173913,1.68399583070648,68.75,0.2,0.65,20
"MDPredict-SIRS","12",1.46066843425226,870.065043478261,1.29864191899845,1055.2,0.55,0.85,20
"MDPredict-SIRS","13",1.99255778729723,1079.60458695652,2.01203481195923,1349.75,0.65,0.7,20
"MDPredict-SIRS","15",4.57367412614414,97.8215652173913,4.55234449368502,140.65,0.55,0.75,20
"MDPredict-SIRS","16",2.12476974393809,132.915,1.97467926139396,170.95,0.65,0.7,20
"MDPredict-SIRS","17",1.63442886815359,1048.8337826087,1.83954302492771,1437.45,0.55,0.7,20
"MDPredict-SIRS","18",1.1764722208043,286.692717391304,1.26214325815044,416.9,0.65,0.8,20
"MDPredict-SIRS","19",0.737826903775656,83.5513043478261,0.905241559373351,129.85,0.4,0.75,20
"MDPredict-SIRS","20",1.30656510977882,147.280239130435,1.39963811107266,202.95,0.6,0.7,20
"MDPredict-SIRS","21",1.71035970730908,319.989347826087,1.85865109903248,448.05,0.6,0.85,20
"MDPredict-SIRS","22",1.93557232397811,374.828195652174,2.04579962698936,518.95,0.65,0.75,20
"MDPredict-SIRS","23",1.57023144997977,112.502195652174,1.7582294848993,157.3,0.3,0.75,20
"MDPredict-SIRS","24",1.81353484827577,431.951108695652,1.92392893400074,585,0.55,0.75,20
"MDPredict-SIRS","25",0.492862103635012,207.420173913043,0.725573406107967,362.7,0.5,0.95,20
"MDPredict-SIRS","26",2.03959630019581,815.055760869565,2.29445022547813,1159.5,0.35,0.75,20
"MDPredict-SIRS","27",1.34962331115041,546.404173913043,1.61025725570635,778.1,0.65,0.8,20
"MDPredict-SIRS","28",1.65469281652807,128.04402173913,1.57777960354056,173.25,0.5,0.75,20
"MDPredict-SIRS","29",1.00351144495691,308.233434782609,1.26035140432031,491.75,0.5,0.8,20
"MDPredict-SIRS","30",1.3687593453526,62.8135217391304,1.27654909242539,79,0.45,0.65,20
"MDPredict-SIRS","31",1.01289540868777,60.2821739130435,1.21045328951699,96.45,0.1,0.75,20
"MDPredict-SIRS","32",1.74757212952773,150.409347826087,1.64221577010871,190.75,0.25,0.5,20
"MDPredict-SIRS","33",2.14949533365961,214.257304347826,2.09791898734437,250.35,0.05,0.15,20
"MDPredict-SIRS","34",0.560801021256492,309.52902173913,0.696909587348127,480.45,0.75,0.95,20
"MDPredict-SIRS","35",1.94089406082231,303.019543478261,2.02694675649095,384.85,0.3,0.55,20
"MDPredict-SIRS","36",0.51976106120775,827.288347826087,0.582372692099411,1039.6,0.3,0.55,20
"MDPredict-SIRS","37",0.818816443064442,873.607,0.844624553724178,1038.3,0.1,0.35,20
"MDPredict-SIRS","38",1.45007475209604,76.3565869565217,1.59554609630227,102.25,0.15,0.35,20
"MDPredict-SIRS","39",2.06686142051839,1316.31104347826,2.18396055801231,1781.7,0.5,0.75,20
"MDPredict-SIRS","40",1.30143063984717,101.460195652174,1.23067055894018,140.3,0.3,0.7,20
"MDPredict-SIRS","41",1.13950680958347,70.6520869565217,0.949994762633239,86.45,0.55,0.75,20
"MDPredict-SIRS","42",1.01160638716768,840.651739130435,0.993892848327277,1056.4,0.55,0.8,20
"MDPredict-SIRS","44",0.676479192659125,63.3036739130435,0.88674947501698,94.85,0.65,0.7,20
"MDPredict-SIRS","45",1.42497216428471,515.831913043478,1.60162856054447,704.45,0.55,0.8,20
"MDPredict-SIRS","46",1.97168805330747,57.5972391304348,1.90631430666141,76.25,0.05,0.3,20
"MDPredict-SIRS","47",1.5431264919015,517.531086956522,1.71082739921463,723.95,0.35,0.7,20
"MDPredict-SIRS","48",2.81262697145573,2167.3467173913,2.53890980487936,2734.85,0.55,0.65,20
"MDPredict-SIRS","49",0.773012126759214,60.1626304347826,0.666892475897895,68.55,0.65,0.9,20
"MDPredict-SIRS","50",1.87419606882917,29.3358260869565,1.64251976693086,35.6,0.1,0.15,20
"MDPredict-SIRS","51",0.774871513148053,265.717304347826,0.766700553016342,331.2,0.45,0.6,20
"MDPredict-SIRS","53",1.57195645497675,91.1288043478261,1.3716896948982,118.55,0.65,0.8,20
"MDPredict-SIRS","54",2.85508041697338,194.889847826087,2.40960355587243,230.55,0.05,0.1,20
"MDPredict-SIRS","55",0.923885028216405,329.389695652174,1.17107241078796,508.95,0.45,0.8,20
"MDPredict-SIRS","56",1.96862606885832,29.5925652173913,1.64288279583158,37.35,0.5,0.7,20
"MDPredict-SIRS","72",3.29227503339697,211.288869565217,3.6250013296231,363.05,0.35,0.5,20
"MIGHTE-Joint","01",0.710408637521378,53.8044522026197,0.763098542453779,78.3829400983324,0.550561797752809,0.910112359550562,92
"MIGHTE-Joint","02",0.768819270738422,5.41858951176569,0.647774612531015,6.59188067443555,0.685393258426966,0.898876404494382,92
"MIGHTE-Joint","04",0.817335036287715,44.9579229820181,0.819602444852919,69.7553381946627,0.595505617977528,0.98876404494382,92
"MIGHTE-Joint","05",0.844061860093635,28.4786007361379,0.846275245098459,43.0394951177255,0.528089887640449,1,92
"MIGHTE-Joint","06",0.588996665114665,132.874048554231,0.544565908607354,193.574210820596,0.764044943820225,1,92
"MIGHTE-Joint","08",0.630570428016134,53.5027942659328,0.738661918051694,77.9170430013597,0.606741573033708,0.98876404494382,92
"MIGHTE-Joint","09",0.598578942840981,45.223038400101,0.69889493537462,66.027813949571,0.651685393258427,0.98876404494382,92
"MIGHTE-Joint","10",0.885812549477504,18.9211743420953,0.878310782671754,25.9013215852043,0.629213483146067,0.955056179775281,92
"MIGHTE-Joint","11",0.961987847297761,9.11980805752789,1.00538054174761,13.4432720040202,0.49438202247191,0.910112359550562,92
"MIGHTE-Joint","12",0.682055181870095,238.707067762858,0.782539118907222,366.857598516522,0.651685393258427,0.97752808988764,92
"MIGHTE-Joint","13",0.631989826451364,93.9583199150569,0.733263748859673,141.583587216503,0.595505617977528,0.932584269662921,92
"MIGHTE-Joint","15",0.824483437195206,9.05851291354631,0.858530653924789,13.5509658393658,0.48314606741573,0.966292134831461,92
"MIGHTE-Joint","16",0.661028842268711,15.612437004979,0.562021782666585,19.553417022909,0.775280898876405,0.955056179775281,92
"MIGHTE-Joint","17",0.742541105501941,136.151914275564,0.79253718279738,191.874940600304,0.539325842696629,0.955056179775281,92
"MIGHTE-Joint","18",0.7159564977386,64.6571595361028,0.755890853000901,94.8204236433572,0.685393258426966,0.97752808988764,92
"MIGHTE-Joint","19",0.740034260000858,27.7659786116146,0.718992182272573,37.439331531434,0.719101123595506,0.98876404494382,92
"MIGHTE-Joint","20",0.771592698311221,28.0000332725845,0.730120213940576,37.5171095219743,0.617977528089888,0.966292134831461,92
"MIGHTE-Joint","21",0.766272428241145,42.6698164503435,0.776475552710569,61.2600076192462,0.606741573033708,0.97752808988764,92
"MIGHTE-Joint","22",0.705915314785423,49.8513241016743,0.797385014724082,76.1060259489492,0.528089887640449,0.955056179775281,92
"MIGHTE-Joint","23",0.718316440869281,16.4116193275223,0.771879603220436,23.2298275558317,0.685393258426966,0.97752808988764,92
"MIGHTE-Joint","24",0.907721518461322,72.9019100988151,1.04683190285084,106.420474194141,0.51685393258427,0.898876404494382,92
"MIGHTE-Joint","25",0.715785828499487,86.8250590577724,0.824088709422973,125.697306094818,0.640449438202247,0.943820224719101,92
"MIGHTE-Joint","26",0.856600658419627,102.974154863919,0.94891393169306,154.753748726593,0.617977528089888,0.955056179775281,92
"MIGHTE-Joint","27",0.514634220427139,53.732265691049,0.547622267998663,73.2856794567624,0.786516853932584,1,92
"MIGHTE-Joint","28",0.677590878411093,23.7801708619838,0.677072746432681,35.9705124131206,0.539325842696629,0.966292134831461,92
"MIGHTE-Joint","29",0.70849508556337,68.1367758026424,0.771833923516996,103.269341084804,0.51685393258427,0.955056179775281,92
"MIGHTE-Joint","30",0.736632155187781,12.8046494052131,0.728020517996955,17.7254495442474,0.696629213483146,0.966292134831461,92
"MIGHTE-Joint","31",0.715819153616298,16.2111498459858,0.702394461134993,22.6977267970004,0.606741573033708,1,92
"MIGHTE-Joint","32",0.66264522143758,17.230510013147,0.658161391281767,24.5543881548828,0.651685393258427,0.98876404494382,92
"MIGHTE-Joint","33",0.721357371869387,19.770789518223,0.799813413523892,27.7150737001437,0.617977528089888,0.966292134831461,92
"MIGHTE-Joint","34",0.780897949387807,134.229667419544,0.836533038660911,183.341922944527,0.640449438202247,0.921348314606742,92
"MIGHTE-Joint","35",0.64978888929596,27.5959298462345,0.708145443050274,39.6879441558001,0.584269662921348,0.97752808988764,92
"MIGHTE-Joint","36",0.738187221709228,273.104222245655,0.857472826543923,372.843321975904,0.696629213483146,0.966292134831461,92
"MIGHTE-Joint","37",0.633969521381893,152.722666507643,0.741171205891265,221.850728133233,0.674157303370786,1,92
"MIGHTE-Joint","38",0.586293258530345,10.126680755867,0.623591925842755,14.2158472852939,0.741573033707865,1,92
"MIGHTE-Joint","39",0.846488617618897,173.285336465359,0.913686313037337,251.281119008426,0.640449438202247,0.955056179775281,92
"MIGHTE-Joint","40",0.83198901077746,35.2744130228161,0.85058133924168,55.7716145942039,0.460674157303371,0.966292134831461,92
"MIGHTE-Joint","41",0.816016135844886,52.3462930918855,0.826799478129679,73.9621498214655,0.415730337078652,0.842696629213483,92
"MIGHTE-Joint","42",0.833936061634048,271.458343505884,0.888009586912594,374.718249557564,0.651685393258427,0.97752808988764,92
"MIGHTE-Joint","44",0.62412419796036,15.6086977425994,0.771413489950602,23.8587721316177,0.662921348314607,1,92
"MIGHTE-Joint","45",0.707614151695468,71.0374471904422,0.795370163838188,104.108569144939,0.51685393258427,0.955056179775281,92
"MIGHTE-Joint","46",0.769562113075701,8.40687589186345,0.720047276169053,11.6106360495988,0.662921348314607,0.955056179775281,92
"MIGHTE-Joint","47",0.635871115295303,58.2834037199922,0.675988945540962,84.6001116084475,0.764044943820225,0.98876404494382,92
"MIGHTE-Joint","48",0.688251048478283,162.116376626826,0.752110302126702,248.225851276901,0.629213483146067,1,92
"MIGHTE-Joint","49",0.56406232091333,17.0525828275072,0.647898913246042,26.1798888114583,0.415730337078652,0.98876404494382,92
"MIGHTE-Joint","50",0.941602774394404,5.023870062219,0.873244647158451,6.77680215119723,0.651685393258427,0.97752808988764,92
"MIGHTE-Joint","51",0.648198436472871,75.9501691057713,0.735924399484317,112.202941029339,0.584269662921348,0.97752808988764,92
"MIGHTE-Joint","53",0.638504902670095,25.6860341401088,0.611060117257666,38.0437866581305,0.617977528089888,0.98876404494382,92
"MIGHTE-Joint","54",0.885164438697798,23.1541747203731,0.774945355492547,29.9163631522874,0.696629213483146,1,92
"MIGHTE-Joint","55",0.684245364612347,73.5422416527956,0.711807070644951,97.9737695248278,0.752808988764045,0.97752808988764,92
"MIGHTE-Joint","56",0.98848465266111,7.0264280259928,0.935585317272381,9.9745663018025,0.550561797752809,0.955056179775281,92
"MIGHTE-Joint","72",1.0444126664899,34.3683947954597,0.989115831207146,51.2541389044398,0.561797752808989,1,92
"MIGHTE-Nsemble","01",0.762479614762701,59.8759999165444,0.832397151010179,88.2268097905552,0.4,0.876190476190476,108
"MIGHTE-Nsemble","02",0.835272250963107,7.6225537600101,0.749789832732083,9.40588549576474,0.533333333333333,0.80952380952381,108
"MIGHTE-Nsemble","04",0.873941559312278,47.2123626836005,0.903374837070868,74.8322951748365,0.457142857142857,0.971428571428571,108
"MIGHTE-Nsemble","05",0.961729018230945,34.4889862415549,0.950807158179963,51.1164185063575,0.476190476190476,0.980952380952381,108
"MIGHTE-Nsemble","06",0.610245686678199,137.196118096619,0.551653489320246,192.644462523823,0.79047619047619,1,108
"MIGHTE-Nsemble","08",0.618587389629457,63.0598906764552,0.718755676178727,90.3396861051223,0.495238095238095,0.914285714285714,108
"MIGHTE-Nsemble","09",0.594618246943034,62.4453694831939,0.652321039109602,81.0455561295292,0.542857142857143,0.885714285714286,108
"MIGHTE-Nsemble","10",0.903132951503896,24.7052243978468,0.884821885468941,31.8130947034844,0.466666666666667,0.819047619047619,108
"MIGHTE-Nsemble","11",1.02032076664768,11.2735200134203,1.08824315404397,17.0742356657713,0.419047619047619,0.876190476190476,108
"MIGHTE-Nsemble","12",0.722516702130942,259.359592044577,0.765759624259074,372.283859008848,0.561904761904762,0.971428571428571,108
"MIGHTE-Nsemble","13",0.719162334126978,124.278805330077,0.852514500493287,187.477665351783,0.438095238095238,0.904761904761905,108
"MIGHTE-Nsemble","15",0.889341440581555,11.1001010362368,0.847202152527014,15.2951329952134,0.466666666666667,0.914285714285714,108
"MIGHTE-Nsemble","16",0.701753134206713,17.063331111915,0.649824251092686,23.3134278808823,0.647619047619048,0.971428571428571,108
"MIGHTE-Nsemble","17",0.776189989542616,155.310508755687,0.919918929574331,239.084886506174,0.466666666666667,0.923809523809524,108
"MIGHTE-Nsemble","18",0.750240939636702,71.5426681460988,0.81860225447672,108.027331134592,0.552380952380952,0.990476190476191,108
"MIGHTE-Nsemble","19",0.786880482145866,31.3842979513688,0.82055566182449,44.9363478937911,0.6,0.971428571428571,108
"MIGHTE-Nsemble","20",0.834529358330485,32.3062768176222,0.815074524137557,43.7515143234438,0.533333333333333,0.914285714285714,108
"MIGHTE-Nsemble","21",0.864373504381365,53.8173934403543,0.975055501051218,83.3561522975629,0.476190476190476,0.971428571428571,108
"MIGHTE-Nsemble","22",0.738118964588637,58.4862310917214,0.896909127035344,95.0930016807306,0.39047619047619,0.923809523809524,108
"MIGHTE-Nsemble","23",0.716112251392124,18.2383815058453,0.816442863129929,27.0234543701966,0.619047619047619,0.961904761904762,108
"MIGHTE-Nsemble","24",0.839124155664848,77.7945884723634,0.957324816597458,111.045152239785,0.438095238095238,0.828571428571429,108
"MIGHTE-Nsemble","25",0.710503577078972,103.042718373178,0.82464685216792,145.668845050245,0.466666666666667,0.885714285714286,108
"MIGHTE-Nsemble","26",0.868284453118256,117.41811678177,0.996779398933202,177.533935420973,0.495238095238095,0.923809523809524,108
"MIGHTE-Nsemble","27",0.508222958787854,68.5087755619159,0.598561677504734,100.236407180752,0.571428571428571,0.952380952380952,108
"MIGHTE-Nsemble","28",0.745303172740141,27.4358513806222,0.750781932468389,41.1821159585785,0.476190476190476,0.952380952380952,108
"MIGHTE-Nsemble","29",0.720550097170395,74.5271464183447,0.794084941027367,113.176600430143,0.466666666666667,0.961904761904762,108
"MIGHTE-Nsemble","30",0.835137352172698,14.9665882070454,0.857880524974584,21.4091892694996,0.619047619047619,0.923809523809524,108
"MIGHTE-Nsemble","31",0.703611009479681,17.3593026176348,0.650846792717868,22.8108212561115,0.59047619047619,0.933333333333333,108
"MIGHTE-Nsemble","32",0.749979677834789,22.5212959513744,0.761295608957808,31.7606032945633,0.552380952380952,0.866666666666667,108
"MIGHTE-Nsemble","33",0.682270792441611,22.1842016961518,0.758817655415973,30.4931863123801,0.514285714285714,0.904761904761905,108
"MIGHTE-Nsemble","34",0.806369616238454,179.558534354325,0.872631992772997,239.357885951595,0.523809523809524,0.866666666666667,108
"MIGHTE-Nsemble","35",0.615896959344736,29.8619877904756,0.703326174331552,44.36414413848,0.485714285714286,0.933333333333333,108
"MIGHTE-Nsemble","36",0.657862508831111,352.063987527025,0.743824433805598,452.665706123301,0.571428571428571,0.895238095238095,108
"MIGHTE-Nsemble","37",0.663839618537214,207.932359408829,0.787545224810734,294.925726799022,0.476190476190476,0.923809523809524,108
"MIGHTE-Nsemble","38",0.595609907723127,11.7775693682916,0.626756277973457,15.9222126700707,0.60952380952381,0.933333333333333,108
"MIGHTE-Nsemble","39",0.888991148258967,201.460171398097,1.01362885290361,302.25627438554,0.580952380952381,0.904761904761905,108
"MIGHTE-Nsemble","40",0.836643516940331,34.9813594004753,0.863570928176988,55.4901421054942,0.457142857142857,0.961904761904762,108
"MIGHTE-Nsemble","41",0.761713034054261,45.3033914980724,0.782293268688591,65.1317780491856,0.457142857142857,0.847619047619048,108
"MIGHTE-Nsemble","42",0.842720490436193,298.1330458871,0.94741084903421,428.697685899144,0.580952380952381,0.923809523809524,108
"MIGHTE-Nsemble","44",0.649208845857178,22.4828000676135,0.74736683405339,30.1011495041351,0.533333333333333,0.914285714285714,108
"MIGHTE-Nsemble","45",0.818658124798776,93.7253708469578,0.886266408474599,128.473373796433,0.428571428571429,0.904761904761905,108
"MIGHTE-Nsemble","46",0.770437217837908,8.63113229179888,0.76326230563259,12.4440278793623,0.647619047619048,0.952380952380952,108
"MIGHTE-Nsemble","47",0.728548902551782,76.2751118387666,0.800981370593669,111.735701537412,0.552380952380952,0.942857142857143,108
"MIGHTE-Nsemble","48",0.83177881321742,224.001178382817,0.951487199678314,358.296190134212,0.457142857142857,0.971428571428571,108
"MIGHTE-Nsemble","49",0.599838261329784,19.9309108569168,0.697532168758364,30.6878502414272,0.40952380952381,0.952380952380952,108
"MIGHTE-Nsemble","50",0.958328135942223,5.52393653897823,0.97060533383973,8.04433879553573,0.514285714285714,0.971428571428571,108
"MIGHTE-Nsemble","51",0.623217534971704,78.3759376782364,0.752318927829039,122.350918070914,0.533333333333333,0.933333333333333,108
"MIGHTE-Nsemble","53",0.6346593901473,24.5536992703846,0.573479101230713,34.2334129210578,0.561904761904762,1,108
"MIGHTE-Nsemble","54",0.950990705960919,26.2349960541811,0.924117270817976,36.9563807509601,0.6,0.961904761904762,108
"MIGHTE-Nsemble","55",0.701160057293132,84.4935010862469,0.779797462204512,118.146436411054,0.628571428571429,0.923809523809524,108
"MIGHTE-Nsemble","56",1.08800824300122,8.26944491038726,1.08635206404063,12.4241576101888,0.428571428571429,0.933333333333333,108
"MIGHTE-Nsemble","72",1.36583415133841,48.6802934313642,1.26856710719546,71.1887604283744,0.533333333333333,0.961904761904762,108
"MOBS-EpyStrain_Flu","01",1.47141908082803,117.402509451796,1.38258144486059,150.25,0.456521739130435,0.684782608695652,95
"MOBS-EpyStrain_Flu","02",1.35316743749823,12.1298062381853,1.41451917380214,16.9782608695652,0.402173913043478,0.815217391304348,95
"MOBS-EpyStrain_Flu","04",1.59412591801861,90.5159827898551,1.42671369871675,124.114583333333,0.270833333333333,0.802083333333333,99
"MOBS-EpyStrain_Flu","05",1.53120597859668,57.8816824196597,1.40301242677442,79.9021739130435,0.33695652173913,0.75,95
"MOBS-EpyStrain_Flu","06",1.0789215143871,243.694316123188,0.990408163867463,341.96875,0.395833333333333,0.8125,99
"MOBS-EpyStrain_Flu","08",0.721837422343772,69.8469187145558,0.800145823555282,94.804347826087,0.391304347826087,0.804347826086957,95
"MOBS-EpyStrain_Flu","09",0.811686344492887,73.6552693761815,0.89946289524322,93.2391304347826,0.260869565217391,0.739130434782609,95
"MOBS-EpyStrain_Flu","10",1.02110131327031,27.7106838768116,1.13118182735796,40.0729166666667,0.208333333333333,0.697916666666667,99
"MOBS-EpyStrain_Flu","11",0.553138216260798,5.68468297101449,0.585837152326469,8.54166666666667,0.625,0.885416666666667,99
"MOBS-EpyStrain_Flu","12",0.666234375964439,254.453392210145,0.675307662921175,336.541666666667,0.59375,0.84375,99
"MOBS-EpyStrain_Flu","13",1.112607720902,198.697441123188,1.13312467080193,255.208333333333,0.395833333333333,0.697916666666667,99
"MOBS-EpyStrain_Flu","15",0.930242119911957,9.81786749482402,0.892260795611959,13.5595238095238,0.511904761904762,0.75,87
"MOBS-EpyStrain_Flu","16",1.57980713308995,39.643455615942,1.48738143208098,53.3958333333333,0.385416666666667,0.739583333333333,99
"MOBS-EpyStrain_Flu","17",1.34318749131559,274.045267210145,1.35872141441323,355.197916666667,0.322916666666667,0.677083333333333,99
"MOBS-EpyStrain_Flu","18",1.22084835240101,115.462934782609,1.20464866703672,155.65625,0.322916666666667,0.75,99
"MOBS-EpyStrain_Flu","19",1.40013612566935,58.0086277173913,1.46076174057385,81.625,0.354166666666667,0.833333333333333,99
"MOBS-EpyStrain_Flu","20",1.58198043349891,64.308152173913,1.5642722044178,87.0729166666667,0.489583333333333,0.78125,99
"MOBS-EpyStrain_Flu","21",1.4451172774407,92.4571648550725,1.42012803880797,124.28125,0.291666666666667,0.677083333333333,99
"MOBS-EpyStrain_Flu","22",0.845498163058096,70.3587092391304,0.831425555060616,92.5104166666667,0.479166666666667,0.75,99
"MOBS-EpyStrain_Flu","23",1.11415819679607,28.6127445652174,1.21305329937255,39.8541666666667,0.3125,0.770833333333333,99
"MOBS-EpyStrain_Flu","24",0.942022875967627,81.3628170289855,0.993365154651404,107.604166666667,0.333333333333333,0.770833333333333,99
"MOBS-EpyStrain_Flu","25",0.889228149223025,124.551788949275,0.962468423440765,163.46875,0.28125,0.75,99
"MOBS-EpyStrain_Flu","26",1.44222032176899,194.684791666667,1.43174994242525,251.666666666667,0.395833333333333,0.71875,99
"MOBS-EpyStrain_Flu","27",0.811740928408293,92.893354743083,0.928893323132039,126.977272727273,0.204545454545455,0.625,91
"MOBS-EpyStrain_Flu","28",1.6102190472242,61.6066349637681,1.43199756804997,81.0416666666667,0.302083333333333,0.71875,99
"MOBS-EpyStrain_Flu","29",1.47497992544061,160.729764492754,1.38603236442515,204.395833333333,0.34375,0.59375,99
"MOBS-EpyStrain_Flu","30",1.26802233732769,23.1893251811594,1.25182210670087,31.6875,0.479166666666667,0.78125,99
"MOBS-EpyStrain_Flu","31",1.34860257514729,34.7267074275362,1.36387386980845,49.28125,0.447916666666667,0.802083333333333,99
"MOBS-EpyStrain_Flu","32",2.16007705952393,68.1068976449275,2.03209477876559,89.1354166666667,0.21875,0.604166666666667,99
"MOBS-EpyStrain_Flu","33",0.770924936569998,24.7458559782609,0.930876241697709,36.6458333333333,0.395833333333333,0.84375,99
"MOBS-EpyStrain_Flu","34",0.76258019791707,160.590874094203,0.83299648782892,215.635416666667,0.239583333333333,0.708333333333333,99
"MOBS-EpyStrain_Flu","35",1.04509221479026,52.9258242753623,1.1021617443559,71.9791666666667,0.3125,0.708333333333333,99
"MOBS-EpyStrain_Flu","36",0.41981333428685,208.802554347826,0.554020476093385,313.614583333333,0.260416666666667,0.75,99
"MOBS-EpyStrain_Flu","37",0.765453751506089,240.09294384058,0.848986757523773,314.010416666667,0.4375,0.739583333333333,99
"MOBS-EpyStrain_Flu","38",0.696099834021821,14.1311820652174,0.844367925409225,21.9791666666667,0.427083333333333,0.885416666666667,99
"MOBS-EpyStrain_Flu","39",1.11332866849575,250.944664855072,1.1364015996218,334.4375,0.34375,0.6875,99
"MOBS-EpyStrain_Flu","40",1.3113178387038,56.3164990942029,1.16194760358124,75.78125,0.302083333333333,0.697916666666667,99
"MOBS-EpyStrain_Flu","41",0.725583354140692,40.7459782608696,0.722762997541666,56.59375,0.302083333333333,0.864583333333333,99
"MOBS-EpyStrain_Flu","42",0.792369544213599,279.172576992754,0.900828841582729,407.979166666667,0.25,0.6875,99
"MOBS-EpyStrain_Flu","44",0.689917270771965,21.4554962192817,0.879125516457414,31.7717391304348,0.260869565217391,0.782608695652174,95
"MOBS-EpyStrain_Flu","45",1.16999949106357,139.608532608696,1.20363428479496,181.416666666667,0.385416666666667,0.645833333333333,99
"MOBS-EpyStrain_Flu","46",1.40978060344989,16.5564628623188,1.42362386212683,24.2291666666667,0.34375,0.802083333333333,99
"MOBS-EpyStrain_Flu","47",1.36460800406964,148.685348731884,1.34441059841205,192.572916666667,0.479166666666667,0.739583333333333,99
"MOBS-EpyStrain_Flu","48",1.14755181402277,319.75852807971,1.10553369097099,430.208333333333,0.583333333333333,0.770833333333333,99
"MOBS-EpyStrain_Flu","49",1.15333043663068,40.0869112318841,1.12679211167439,51.6145833333333,0.427083333333333,0.760416666666667,99
"MOBS-EpyStrain_Flu","50",1.58150703181275,9.2063134057971,1.65385677347904,13.6666666666667,0.479166666666667,0.916666666666667,99
"MOBS-EpyStrain_Flu","51",1.03733035013301,126.662576992754,1.08252618878228,169.15625,0.385416666666667,0.770833333333333,99
"MOBS-EpyStrain_Flu","53",0.767381968313136,30.2337545289855,0.742271014018358,44.59375,0.5625,0.927083333333333,99
"MOBS-EpyStrain_Flu","54",1.31333238748345,37.0839538043478,1.27708459529461,52.3229166666667,0.333333333333333,0.770833333333333,99
"MOBS-EpyStrain_Flu","55",0.991251115027549,121.707327898551,1.08794710358759,164.708333333333,0.333333333333333,0.75,99
"MOBS-EpyStrain_Flu","56",1.25340787801506,8.94892210144928,1.25551764168497,13.4791666666667,0.354166666666667,0.854166666666667,99
"MOBS-GLEAM_RL_FLUH","01",1.17684675964603,88.66021897683,1.12965352416666,116.369818904612,0.207920792079208,0.564356435643564,104
"MOBS-GLEAM_RL_FLUH","02",0.79641772142357,7.31774795761057,0.777274874699433,9.6348310981478,0.257142857142857,0.657142857142857,108
"MOBS-GLEAM_RL_FLUH","04",1.00565451313179,54.4899535780486,0.894768840945732,74.9744987306141,0.228571428571429,0.6,108
"MOBS-GLEAM_RL_FLUH","05",1.3149939070533,49.2704994596458,1.23748687345069,69.1869375138056,0.104761904761905,0.523809523809524,108
"MOBS-GLEAM_RL_FLUH","06",0.76031704962648,170.599716518394,0.693416329370617,237.833091009231,0.333333333333333,0.714285714285714,108
"MOBS-GLEAM_RL_FLUH","08",0.48762698486629,47.9364437790297,0.57981285258101,70.3243872642517,0.266666666666667,0.647619047619048,108
"MOBS-GLEAM_RL_FLUH","09",0.347687038820133,36.7048796807204,0.448392047842914,54.7945334797814,0.228571428571429,0.542857142857143,108
"MOBS-GLEAM_RL_FLUH","10",0.793944625761482,21.9840033802609,0.734627394893872,26.673220038414,0.180952380952381,0.466666666666667,108
"MOBS-GLEAM_RL_FLUH","11",0.568031489160962,6.30420012223146,0.561030552958396,8.71934173618044,0.323809523809524,0.695238095238095,108
"MOBS-GLEAM_RL_FLUH","12",0.842099435459799,305.179188347447,0.869302320669095,416.236833263579,0.20952380952381,0.723809523809524,108
"MOBS-GLEAM_RL_FLUH","13",0.731384991304841,125.486334015647,0.813220846251289,177.464896719796,0.171428571428571,0.533333333333333,108
"MOBS-GLEAM_RL_FLUH","15",0.722670185746197,8.92919383617706,0.738222589323195,13.046049944245,0.237623762376238,0.633663366336634,104
"MOBS-GLEAM_RL_FLUH","16",0.999984085025788,24.1328384037995,0.999176451335357,34.626950768062,0.238095238095238,0.676190476190476,108
"MOBS-GLEAM_RL_FLUH","17",0.952565413491505,190.610475747529,0.962246262620234,249.478230031331,0.285714285714286,0.514285714285714,108
"MOBS-GLEAM_RL_FLUH","18",1.01514548754937,96.8309990096122,0.986694560326032,129.540689777193,0.257142857142857,0.571428571428571,108
"MOBS-GLEAM_RL_FLUH","19",0.933567655423746,37.2748429720637,0.937511945503225,50.1509004013879,0.266666666666667,0.666666666666667,108
"MOBS-GLEAM_RL_FLUH","20",1.34869926039694,51.6011457322361,1.34463300429651,70.3413617701758,0.304761904761905,0.6,108
"MOBS-GLEAM_RL_FLUH","21",1.19500590859906,75.1233579175704,1.11250723150553,95.2112901596796,0.20952380952381,0.561904761904762,108
"MOBS-GLEAM_RL_FLUH","22",0.755702352120008,60.8302549512993,0.810494797425993,87.2282054174514,0.304761904761905,0.666666666666667,108
"MOBS-GLEAM_RL_FLUH","23",0.837946901379606,21.3131342302084,0.928683193108085,30.4366944335756,0.266666666666667,0.657142857142857,108
"MOBS-GLEAM_RL_FLUH","24",0.491905495577765,45.2246210224653,0.576501995716408,66.6601871944609,0.342857142857143,0.638095238095238,108
"MOBS-GLEAM_RL_FLUH","25",0.626019564583241,91.1883705782288,0.695614746465969,122.955895305815,0.171428571428571,0.619047619047619,108
"MOBS-GLEAM_RL_FLUH","26",1.09923162454357,147.017082933592,1.09644262370944,193.886358733404,0.39047619047619,0.666666666666667,108
"MOBS-GLEAM_RL_FLUH","27",0.582939043275881,77.345079069541,0.699763281733639,114.141918223245,0.161904761904762,0.485714285714286,108
"MOBS-GLEAM_RL_FLUH","28",1.37196371965575,50.087530399668,1.23196816675406,66.9642306191581,0.171428571428571,0.476190476190476,108
"MOBS-GLEAM_RL_FLUH","29",1.25936980140132,130.887111180071,1.22767612860881,173.35989599682,0.0952380952380952,0.419047619047619,108
"MOBS-GLEAM_RL_FLUH","30",1.03973913703885,18.5218252693262,1.04777760592865,25.9192306502944,0.285714285714286,0.561904761904762,108
"MOBS-GLEAM_RL_FLUH","31",0.672403200951582,16.6564972679842,0.748648306579456,25.9779568263463,0.257142857142857,0.79047619047619,108
"MOBS-GLEAM_RL_FLUH","32",0.933910844119776,28.3351062487944,0.966594221062191,40.5789841878982,0.285714285714286,0.60952380952381,108
"MOBS-GLEAM_RL_FLUH","33",0.666493915519431,21.4176645895643,0.722678288435462,28.5107652630125,0.20952380952381,0.533333333333333,108
"MOBS-GLEAM_RL_FLUH","34",0.469081096847244,105.153047207937,0.512430263811825,140.882930137998,0.20952380952381,0.60952380952381,108
"MOBS-GLEAM_RL_FLUH","35",0.639011477186422,31.415880134078,0.71988498646865,46.0340027286893,0.276190476190476,0.676190476190476,108
"MOBS-GLEAM_RL_FLUH","36",0.252244233463379,129.001402381589,0.344511470038298,202.503826286679,0.266666666666667,0.714285714285714,108
"MOBS-GLEAM_RL_FLUH","37",0.536227318917063,168.133397839994,0.604147117546893,225.158967762902,0.247619047619048,0.619047619047619,108
"MOBS-GLEAM_RL_FLUH","38",0.5641796966008,11.1809284908162,0.606129224189581,15.2697189580827,0.323809523809524,0.60952380952381,108
"MOBS-GLEAM_RL_FLUH","39",0.937583817915316,205.923512032444,0.978803647454905,284.472691608611,0.247619047619048,0.59047619047619,108
"MOBS-GLEAM_RL_FLUH","40",1.16469279652878,47.8977369145962,1.02645555818781,64.7593221119472,0.0952380952380952,0.361904761904762,108
"MOBS-GLEAM_RL_FLUH","41",0.784473401994844,45.728772008286,0.719111259521722,58.7746620541527,0.228571428571429,0.580952380952381,108
"MOBS-GLEAM_RL_FLUH","42",0.713203328458115,250.463494511543,0.774193102138771,352.038098725818,0.171428571428571,0.60952380952381,108
"MOBS-GLEAM_RL_FLUH","44",0.47888768403981,16.5958159523677,0.543485049294902,21.9965456639017,0.19047619047619,0.485714285714286,108
"MOBS-GLEAM_RL_FLUH","45",0.740171816393019,82.3692905030261,0.816567766486704,116.070915712629,0.0761904761904762,0.428571428571429,108
"MOBS-GLEAM_RL_FLUH","46",1.0651666760385,11.9843922519576,1.04823805973918,17.0017845802364,0.2,0.638095238095238,108
"MOBS-GLEAM_RL_FLUH","47",1.00667501078693,104.687412409038,1.03823837204895,142.803593590146,0.19047619047619,0.561904761904762,108
"MOBS-GLEAM_RL_FLUH","48",0.638374186212466,170.263349352471,0.730721320452563,272.188525971912,0.228571428571429,0.780952380952381,108
"MOBS-GLEAM_RL_FLUH","49",0.670074876043018,22.105348535358,0.71778920683354,31.4029103233701,0.314285714285714,0.628571428571429,108
"MOBS-GLEAM_RL_FLUH","50",1.38105477160229,8.05121641411997,1.29148716726108,10.6736388045944,0.207920792079208,0.594059405940594,104
"MOBS-GLEAM_RL_FLUH","51",0.678718494090017,83.87921726893,0.770441084163323,123.116790916806,0.2,0.504761904761905,108
"MOBS-GLEAM_RL_FLUH","53",0.650164688507734,24.9905915289853,0.625599965465659,37.0659032730829,0.476190476190476,0.866666666666667,108
"MOBS-GLEAM_RL_FLUH","54",1.07894952464199,30.5820820059904,1.06033190687157,43.4985056301155,0.257425742574257,0.564356435643564,104
"MOBS-GLEAM_RL_FLUH","55",0.640265164131053,77.9950480531674,0.724412630739792,109.548194063277,0.161904761904762,0.60952380952381,108
"MOBS-GLEAM_RL_FLUH","56",1.10882006694927,8.39181830985802,1.0310440841789,11.6904133149556,0.171428571428571,0.523809523809524,108
"NAU-FourCAT","01",0.772094831380638,58.1001291433491,0.889314352130995,91.0891089108911,0.336633663366337,0.95049504950495,104
"NAU-FourCAT","02",0.95536370213985,7.82407662505381,0.951754149324162,10.8118811881188,0.465346534653465,0.881188118811881,104
"NAU-FourCAT","04",1.25599129253775,67.766982350409,1.31944637121889,110.09900990099,0.366336633663366,0.97029702970297,104
"NAU-FourCAT","05",0.883882671938271,30.7696857511838,0.969871491242034,50.5049504950495,0.316831683168317,0.97029702970297,104
"NAU-FourCAT","06",1.06958358784466,237.052983211365,1.10021281245893,371.178217821782,0.465346534653465,0.99009900990099,104
"NAU-FourCAT","08",0.473964275213182,45.5352173913044,0.610625046187828,72.9306930693069,0.336633663366337,0.97029702970297,104
"NAU-FourCAT","09",0.514874027738114,51.7501334481274,0.679750738461329,79.4851485148515,0.138613861386139,0.871287128712871,104
"NAU-FourCAT","10",0.669924428707532,17.118738699957,0.649342511003079,21.9306930693069,0.376237623762376,0.920792079207921,104
"NAU-FourCAT","11",0.784344568727605,8.36423590185106,0.877808559760757,13.1782178217822,0.465346534653465,0.930693069306931,104
"NAU-FourCAT","12",0.675090107524619,243.129143349118,0.789375562481759,380.881188118812,0.366336633663366,0.96039603960396,104
"NAU-FourCAT","13",0.555741199737999,92.1167929401636,0.682470772668955,144.871287128713,0.396039603960396,0.98019801980198,104
"NAU-FourCAT","15",0.75817064303918,9.20177356866121,0.826640197721859,14.2673267326733,0.376237623762376,0.910891089108911,104
"NAU-FourCAT","16",0.801155181799395,19.0940551011623,0.874481971168281,29.950495049505,0.435643564356436,0.97029702970297,104
"NAU-FourCAT","17",0.658620148317845,127.907184674989,0.793307299508385,200.188118811881,0.514851485148515,0.98019801980198,104
"NAU-FourCAT","18",0.806025278657261,74.9434093844167,0.933044262110701,120.108910891089,0.504950495049505,1,104
"NAU-FourCAT","19",0.844042821097602,32.8470770555316,0.871526629315302,46.2376237623762,0.514851485148515,0.940594059405941,104
"NAU-FourCAT","20",0.862416189420392,32.2476495910461,0.86254055118422,44.7722772277228,0.485148514851485,0.930693069306931,104
"NAU-FourCAT","21",0.941381848551511,56.1012483857081,1.03187274523024,84.6633663366337,0.405940594059406,0.96039603960396,104
"NAU-FourCAT","22",0.649707214619589,49.0349935428325,0.77476968902386,78.6831683168317,0.386138613861386,0.97029702970297,104
"NAU-FourCAT","23",0.546341902801858,13.5811708996987,0.653472036623101,21.0693069306931,0.564356435643564,0.99009900990099,104
"NAU-FourCAT","24",0.493732204085294,44.2133491175205,0.612711762178832,69.6237623762376,0.396039603960396,1,104
"NAU-FourCAT","25",0.640128389921974,86.2623461041756,0.820071868308167,137.178217821782,0.346534653465347,0.99009900990099,104
"NAU-FourCAT","26",0.793122416091189,103.97340077486,0.88934483436478,155.425742574257,0.643564356435644,0.95049504950495,104
"NAU-FourCAT","27",0.449182153141296,57.9739001291434,0.565372117181383,89.960396039604,0.445544554455446,0.98019801980198,104
"NAU-FourCAT","28",1.02430997031261,36.2116616444253,1.06600444018928,56.3366336633663,0.247524752475248,0.900990099009901,104
"NAU-FourCAT","29",0.845902421161944,84.8854713732243,0.896165877233673,123.207920792079,0.534653465346535,0.920792079207921,104
"NAU-FourCAT","30",0.761123486337018,13.4385363753767,0.848152426056949,20.950495049505,0.475247524752475,0.96039603960396,104
"NAU-FourCAT","31",0.844373770496766,20.2899095996556,0.868679309731296,29.6237623762376,0.425742574257426,0.910891089108911,104
"NAU-FourCAT","32",0.910170050883098,25.3567369780456,0.93053140995611,36.6336633663366,0.495049504950495,0.871287128712871,104
"NAU-FourCAT","33",0.49689192746681,15.3381919931124,0.612153773167579,23.5742574257426,0.504950495049505,0.97029702970297,104
"NAU-FourCAT","34",0.445712061581837,91.871997417133,0.566724737592145,145.514851485149,0.396039603960396,0.99009900990099,104
"NAU-FourCAT","35",0.65192615527814,30.7542746448558,0.760389439097479,46.5742574257426,0.415841584158416,0.940594059405941,104
"NAU-FourCAT","36",0.414911044724802,198.514347826087,0.583395495261188,320.465346534653,0.326732673267327,0.98019801980198,104
"NAU-FourCAT","37",0.395109794523168,113.608148945329,0.5173668114065,181.267326732673,0.534653465346535,0.99009900990099,104
"NAU-FourCAT","38",0.635459345298027,12.2384330606974,0.680164234370781,16.7524752475248,0.465346534653465,0.891089108910891,104
"NAU-FourCAT","39",0.704654575493225,151.249268187688,0.859209977135413,245.613861386139,0.425742574257426,1,104
"NAU-FourCAT","40",1.14431004348132,46.9228497632372,1.13416397928051,71.4158415841584,0.356435643564356,0.920792079207921,104
"NAU-FourCAT","41",0.838250489024816,49.8721179509255,0.938968072826691,78.3861386138614,0.346534653465347,0.940594059405941,104
"NAU-FourCAT","42",0.61420170160203,210.289203616014,0.73850388613793,327.029702970297,0.445544554455446,0.99009900990099,104
"NAU-FourCAT","44",0.433935679137321,13.8705079638399,0.577684157247186,21.8811881188119,0.336633663366337,0.97029702970297,104
"NAU-FourCAT","45",0.607272573134704,65.9922169608265,0.762041386103963,105.970297029703,0.346534653465347,0.97029702970297,104
"NAU-FourCAT","46",0.935402002278721,10.4727034007749,0.84959375849027,13.7722772277228,0.524752475247525,0.891089108910891,104
"NAU-FourCAT","47",0.64751222140543,63.8511622901421,0.749132450536199,98.9405940594059,0.534653465346535,0.97029702970297,104
"NAU-FourCAT","48",0.584309299257322,150.626379681446,0.687692796822062,248.752475247525,0.475247524752475,1,104
"NAU-FourCAT","49",0.553883340213447,17.9423073611709,0.670937590031876,28.990099009901,0.396039603960396,0.95049504950495,104
"NAU-FourCAT","50",1.06013947850879,5.93031855359449,1.03469041262485,8.30693069306931,0.594059405940594,0.920792079207921,104
"NAU-FourCAT","51",0.492718225156403,60.6927077055532,0.593227587865215,95.2871287128713,0.524752475247525,1,104
"NAU-FourCAT","53",0.993252647957562,39.5903529918209,1.02519139844931,62.6732673267327,0.475247524752475,0.99009900990099,104
"NAU-FourCAT","54",0.972306549893021,26.5216401205338,0.933297410179692,37.4158415841584,0.524752475247525,0.930693069306931,104
"NAU-FourCAT","55",0.511353198888792,61.1696125699526,0.630169036192625,94.6138613861386,0.623762376237624,0.97029702970297,104
"NAU-FourCAT","56",0.945081119015359,6.94801549720189,0.954738079731657,10.5940594059406,0.445544554455446,0.940594059405941,104
"NAU-FourCAT","72",1.08544715986418,38.9671889797675,1.09845488272162,61.7920792079208,0.405940594059406,0.99009900990099,104
"NAU-epymorph","01",1.09893117401865,84.3424513457557,1.06847396165038,111.780952380952,0.333333333333333,0.685714285714286,108
"NAU-epymorph","02",1.38221427274323,12.4432629399586,1.44890867889431,17.6857142857143,0.342857142857143,0.80952380952381,108
"NAU-epymorph","04",1.52546496426409,82.6176563146998,1.37602937119693,114.542857142857,0.39047619047619,0.780952380952381,108
"NAU-epymorph","05",1.12814065632963,40.2389192546584,1.09416110753041,58.5238095238095,0.219047619047619,0.723809523809524,108
"NAU-epymorph","06",1.39175453367242,306.118501035197,1.36162787288513,459.047619047619,0.228571428571429,0.771428571428571,108
"NAU-epymorph","08",0.700004157571508,69.338099378882,0.784782113450065,95.9904761904762,0.333333333333333,0.79047619047619,108
"NAU-epymorph","09",0.473349162100574,49.1832753623188,0.57849185634037,70.152380952381,0.276190476190476,0.742857142857143,108
"NAU-epymorph","10",0.735402080969623,19.9137060041408,0.765360111757448,26.9714285714286,0.295238095238095,0.714285714285714,108
"NAU-epymorph","11",0.664926371799833,7.36884472049689,0.73698596089981,11.5047619047619,0.438095238095238,0.828571428571429,108
"NAU-epymorph","12",0.745396530052103,265.216252587992,0.810452112697724,383.971428571429,0.352380952380952,0.80952380952381,108
"NAU-epymorph","13",1.07249881111849,182.700741200828,1.10336290531216,239.504761904762,0.238095238095238,0.657142857142857,108
"NAU-epymorph","15",1.0843689319796,13.600380952381,1.09708810488094,19.8,0.361904761904762,0.761904761904762,108
"NAU-epymorph","16",1.26423348832132,29.9724472049689,1.25023151394242,42.7809523809524,0.257142857142857,0.723809523809524,108
"NAU-epymorph","17",1.19509628470457,237.677917184265,1.2179887467699,314,0.247619047619048,0.657142857142857,108
"NAU-epymorph","18",1.09080531060513,102.630505175983,1.10661292064551,144.171428571429,0.380952380952381,0.695238095238095,108
"NAU-epymorph","19",1.37282329892594,53.4061697722567,1.40072859712409,73.6,0.323809523809524,0.752380952380952,108
"NAU-epymorph","20",1.62411925340052,61.3634824016563,1.54681021431954,80.2476190476191,0.352380952380952,0.685714285714286,108
"NAU-epymorph","21",1.21185714350581,74.2754037267081,1.21923489286612,102.552380952381,0.266666666666667,0.742857142857143,108
"NAU-epymorph","22",0.893767458731421,71.0278757763975,0.940275988753731,99.5047619047619,0.285714285714286,0.723809523809524,108
"NAU-epymorph","23",0.798436205259825,20.3126045548654,0.899191989698473,29.6,0.4,0.847619047619048,108
"NAU-epymorph","24",0.869504934687294,79.3033706004141,0.92866870170603,106.228571428571,0.361904761904762,0.733333333333333,108
"NAU-epymorph","25",0.741952235420924,106.350194616977,0.821609100483683,143.828571428571,0.285714285714286,0.723809523809524,108
"NAU-epymorph","26",1.1667222547577,156.696298136646,1.20609062017592,214.285714285714,0.152380952380952,0.780952380952381,108
"NAU-epymorph","27",0.618747094023029,83.6342194616977,0.724038150893168,119.67619047619,0.314285714285714,0.723809523809524,108
"NAU-epymorph","28",1.36209515846742,49.1369026915114,1.29137074937085,69.352380952381,0.161904761904762,0.638095238095238,108
"NAU-epymorph","29",1.2575926451263,129.800596273292,1.18246735849072,166.32380952381,0.247619047619048,0.628571428571429,108
"NAU-epymorph","30",1.07984812327783,19.1746832298137,1.13615585086925,28.0190476190476,0.314285714285714,0.771428571428571,108
"NAU-epymorph","31",1.18481132980647,28.7289482401656,1.24447832916045,42.3809523809524,0.295238095238095,0.838095238095238,108
"NAU-epymorph","32",1.58572411627167,46.7249440993789,1.54787354401303,63.6571428571429,0.285714285714286,0.733333333333333,108
"NAU-epymorph","33",0.61480505105293,19.8024679089027,0.744188940871784,29.6190476190476,0.352380952380952,0.819047619047619,108
"NAU-epymorph","34",0.512494077843546,113.197055900621,0.590325607712216,160.72380952381,0.323809523809524,0.723809523809524,108
"NAU-epymorph","35",0.83514648225093,40.4576107660455,0.899146852000558,56.5904761904762,0.314285714285714,0.685714285714286,108
"NAU-epymorph","36",0.441905783238864,237.557387163561,0.531708652149027,325.695238095238,0.40952380952381,0.685714285714286,108
"NAU-epymorph","37",0.619255506554535,190.573548654244,0.691373129426461,254.542857142857,0.257142857142857,0.695238095238095,108
"NAU-epymorph","38",0.579325587005019,11.3602567287785,0.659506467796777,16.5047619047619,0.438095238095238,0.828571428571429,108
"NAU-epymorph","39",0.935761727412382,206.108335403727,0.98800006559908,288.352380952381,0.228571428571429,0.60952380952381,108
"NAU-epymorph","40",1.36163370110432,54.8552339544513,1.23761765542532,76.552380952381,0.219047619047619,0.657142857142857,108
"NAU-epymorph","41",0.754837897543292,44.0034285714286,0.824539618714918,67.552380952381,0.2,0.714285714285714,108
"NAU-epymorph","42",0.635887414819317,225.14065010352,0.710586979209351,322.533333333333,0.247619047619048,0.628571428571429,108
"NAU-epymorph","44",0.507292545983581,17.4741076604555,0.632294534744191,25.6190476190476,0.361904761904762,0.771428571428571,108
"NAU-epymorph","45",0.956124539109183,108.169047619048,0.975147703616478,140.4,0.20952380952381,0.542857142857143,108
"NAU-epymorph","46",1.22941089448135,13.8080372670807,1.24861542887793,20.3428571428571,0.380952380952381,0.847619047619048,108
"NAU-epymorph","47",1.13396315726444,118.210430641822,1.11128332239724,153.961904761905,0.447619047619048,0.742857142857143,108
"NAU-epymorph","48",1.10802422964655,295.568554865424,1.12986058411219,421.609523809524,0.342857142857143,0.79047619047619,108
"NAU-epymorph","49",1.10249779860381,37.0862525879917,1.12639987165533,50.1047619047619,0.276190476190476,0.704761904761905,108
"NAU-epymorph","50",1.5976239093163,9.19549068322981,1.60762673168129,13.1619047619048,0.59047619047619,0.857142857142857,108
"NAU-epymorph","51",0.96329175279011,119.710637681159,1.01953799487063,163.857142857143,0.342857142857143,0.723809523809524,108
"NAU-epymorph","53",1.14646340420449,44.7899213250518,1.13413425123397,68.3047619047619,0.428571428571429,0.819047619047619,108
"NAU-epymorph","54",1.04643839500447,28.5401200828157,1.05505656607546,41.8190476190476,0.266666666666667,0.771428571428571,108
"NAU-epymorph","55",0.772930775565711,94.127718426501,0.850763936410258,129.8,0.371428571428571,0.685714285714286,108
"NAU-epymorph","56",0.977219444534893,7.40405797101449,0.987626822356607,11.2666666666667,0.419047619047619,0.885714285714286,108
"NAU-epymorph","72",1.06543084094365,38.8416397515528,1.0351699755129,58.752380952381,0.323809523809524,0.828571428571429,108
"NAU-vulPES","01",0.769830221361238,59.5833747412008,0.864257613797534,90.6285714285714,0.352380952380952,0.904761904761905,108
"NAU-vulPES","02",0.866927207991162,7.82886128364389,0.913739762815294,11.1333333333333,0.447619047619048,0.857142857142857,108
"NAU-vulPES","04",0.924909418592301,49.3533581780538,0.953844839452693,78.4761904761905,0.40952380952381,0.980952380952381,108
"NAU-vulPES","05",0.923404158026226,32.8747577639752,0.995691967567521,53.1047619047619,0.285714285714286,0.933333333333333,108
"NAU-vulPES","06",0.62446459197598,138.604405797101,0.626601678562077,213.92380952381,0.571428571428571,1,108
"NAU-vulPES","08",0.507131235956461,50.1420289855072,0.686420658701937,84.1619047619048,0.419047619047619,0.971428571428571,108
"NAU-vulPES","09",0.553264564978056,58.2453167701863,0.717753569936594,87.4857142857143,0.323809523809524,0.847619047619048,108
"NAU-vulPES","10",0.750318138425394,20.4212463768116,0.78669267886181,27.6952380952381,0.466666666666667,0.857142857142857,108
"NAU-vulPES","11",0.660809804526756,7.29925465838509,0.731824838271451,11.352380952381,0.457142857142857,0.904761904761905,108
"NAU-vulPES","12",0.563347368548586,201.050766045549,0.66522055905135,317.142857142857,0.542857142857143,1,108
"NAU-vulPES","13",0.644289185179923,109.932563146998,0.78237608250821,170.466666666667,0.342857142857143,0.952380952380952,108
"NAU-vulPES","15",0.731032071515727,9.10266666666667,0.792438851405324,14.0380952380952,0.361904761904762,0.885714285714286,108
"NAU-vulPES","16",0.900037549751112,21.3530559006211,0.976774975177149,33.3714285714286,0.438095238095238,0.942857142857143,108
"NAU-vulPES","17",0.726152419479546,144.18885300207,0.856845706447803,220.819047619048,0.419047619047619,0.952380952380952,108
"NAU-vulPES","18",0.751096753359692,70.5149606625259,0.886897431139456,115.133333333333,0.561904761904762,0.971428571428571,108
"NAU-vulPES","19",0.842135293666179,33.3669979296066,0.880899326551261,46.7714285714286,0.485714285714286,0.904761904761905,108
"NAU-vulPES","20",0.829395887384004,31.8424554865424,0.901191171626166,47.3904761904762,0.514285714285714,0.933333333333333,108
"NAU-vulPES","21",0.855113601481434,53.0769151138716,0.917869303955345,77.7523809523809,0.428571428571429,0.914285714285714,108
"NAU-vulPES","22",0.602054174618005,47.5839585921325,0.735671014419169,77.8571428571429,0.438095238095238,0.942857142857143,108
"NAU-vulPES","23",0.62437621228778,15.8863561076605,0.749063416716774,24.7047619047619,0.523809523809524,0.952380952380952,108
"NAU-vulPES","24",0.543702194800846,49.7289316770186,0.718852263679122,82.9904761904762,0.419047619047619,0.961904761904762,108
"NAU-vulPES","25",0.647305547199375,93.7502111801242,0.816669127654913,144.390476190476,0.40952380952381,0.923809523809524,108
"NAU-vulPES","26",0.748811000650948,101.345544513458,0.862366790078364,154.333333333333,0.533333333333333,0.923809523809524,108
"NAU-vulPES","27",0.529037101440972,72.5964554865424,0.655162480598924,109.390476190476,0.476190476190476,0.904761904761905,108
"NAU-vulPES","28",0.794711945985449,28.9114451345756,0.854166749899465,46.2,0.333333333333333,0.923809523809524,108
"NAU-vulPES","29",0.813210211788384,84.6145383022774,0.879413774005242,124.647619047619,0.4,0.904761904761905,108
"NAU-vulPES","30",0.796841997334033,14.1409026915114,0.910646188297539,22.4761904761905,0.4,0.961904761904762,108
"NAU-vulPES","31",0.765721104868643,18.8877929606625,0.840260280860848,29.0380952380952,0.438095238095238,0.914285714285714,108
"NAU-vulPES","32",0.859002385621927,25.6300248447205,0.914534940188413,37.7904761904762,0.504761904761905,0.885714285714286,108
"NAU-vulPES","33",0.568283743352539,18.4801780538302,0.684173735735092,27.5428571428571,0.466666666666667,0.914285714285714,108
"NAU-vulPES","34",0.496255084699302,109.132434782609,0.654065378010583,177.752380952381,0.466666666666667,0.961904761904762,108
"NAU-vulPES","35",0.665615146682301,32.3214202898551,0.775353828819544,48.8190476190476,0.40952380952381,0.923809523809524,108
"NAU-vulPES","36",0.438056688726073,232.682372670807,0.630667898238414,380.495238095238,0.419047619047619,0.980952380952381,108
"NAU-vulPES","37",0.604498159276879,188.576091097308,0.760990819315817,282.67619047619,0.495238095238095,0.914285714285714,108
"NAU-vulPES","38",0.562001703833347,11.0909233954451,0.641407474162133,16.247619047619,0.476190476190476,0.942857142857143,108
"NAU-vulPES","39",0.722907489686732,159.523755693582,0.861054178948349,251.838095238095,0.438095238095238,0.895238095238095,108
"NAU-vulPES","40",0.922348870436957,37.8323354037267,0.940727519178048,59.3142857142857,0.333333333333333,0.857142857142857,108
"NAU-vulPES","41",0.702877535977272,41.0971180124224,0.768713740370746,63.152380952381,0.323809523809524,0.904761904761905,108
"NAU-vulPES","42",0.56543077581329,195.694724637681,0.723822166969962,322.657142857143,0.476190476190476,0.971428571428571,108
"NAU-vulPES","44",0.507433548331152,17.5455155279503,0.670946476527603,27.0095238095238,0.419047619047619,0.923809523809524,108
"NAU-vulPES","45",0.693781397324918,77.8615859213251,0.864575208102977,123.704761904762,0.323809523809524,0.904761904761905,108
"NAU-vulPES","46",0.870458208499831,9.87591304347826,0.884845833722042,14.5619047619048,0.504761904761905,0.923809523809524,108
"NAU-vulPES","47",0.684583328077551,70.7293623188406,0.782222968080135,107.333333333333,0.495238095238095,0.961904761904762,108
"NAU-vulPES","48",0.594504511149711,157.720973084886,0.6894675424871,255.638095238095,0.6,1,108
"NAU-vulPES","49",0.606674447406,19.8784099378882,0.762472314061952,33.1904761904762,0.333333333333333,0.923809523809524,108
"NAU-vulPES","50",0.901150439739521,5.19991304347826,0.980208040829186,8.03809523809524,0.580952380952381,0.933333333333333,108
"NAU-vulPES","51",0.592266094727916,73.8616066252588,0.741979971590016,119.933333333333,0.485714285714286,0.952380952380952,108
"NAU-vulPES","53",0.652516504314703,25.4328447204969,0.64979044049997,39.0761904761905,0.561904761904762,1,108
"NAU-vulPES","54",0.799999092999267,22.1485879917184,0.823048449721625,33.0952380952381,0.504761904761905,0.914285714285714,108
"NAU-vulPES","55",0.584472283289629,71.5650931677019,0.705950287931122,108.514285714286,0.533333333333333,0.895238095238095,108
"NAU-vulPES","56",0.829330336908894,6.26900207039337,0.866087456526996,9.86666666666667,0.419047619047619,0.895238095238095,108
"NAU-vulPES","72",0.918273835511449,32.5888530020704,0.89813617941807,49.7142857142857,0.571428571428571,0.990476190476191,108
"NEU_ISI-AdaptiveEnsemble","01",0.943977540999783,62.1408742402992,1.07905328191736,100.05376344086,0.43010752688172,0.881720430107527,95
"NEU_ISI-AdaptiveEnsemble","02",0.793587113451004,7.35916487300904,0.800700571650134,10.0792079207921,0.247524752475248,0.623762376237624,103
"NEU_ISI-AdaptiveEnsemble","04",1.15204184849233,62.2873599282833,1.15925430724643,96.6907216494845,0.608247422680412,0.948453608247423,99
"NEU_ISI-AdaptiveEnsemble","05",0.707743894679742,25.0301894102454,0.725372856534687,38.5148514851485,0.485148514851485,0.851485148514851,103
"NEU_ISI-AdaptiveEnsemble","06",0.717427866194974,163.422923395445,0.728372201037314,254.504761904762,0.619047619047619,0.990476190476191,107
"NEU_ISI-AdaptiveEnsemble","08",0.554368336363035,56.5092854068016,0.620591113063119,78.6138613861386,0.247524752475248,0.722772277227723,103
"NEU_ISI-AdaptiveEnsemble","09",0.433860749307511,41.7532931554025,0.570063114441905,63.3663366336634,0.158415841584158,0.722772277227723,103
"NEU_ISI-AdaptiveEnsemble","10",0.711712364477899,16.5427808867843,0.664363922196648,20.5148514851485,0.277227722772277,0.613861386138614,103
"NEU_ISI-AdaptiveEnsemble","11",0.71168520987875,8.27395338413268,0.662457594343621,10.8041237113402,0.505154639175258,0.680412371134021,99
"NEU_ISI-AdaptiveEnsemble","12",0.807121117643984,290.280612836439,0.80830139071315,384.914285714286,0.419047619047619,0.704761904761905,107
"NEU_ISI-AdaptiveEnsemble","13",0.750688077091276,129.393229813665,0.790500734681139,173.314285714286,0.238095238095238,0.676190476190476,107
"NEU_ISI-AdaptiveEnsemble","15",0.72571241059056,9.37430488459474,0.768496426423566,14.0987654320988,0.222222222222222,0.530864197530864,83
"NEU_ISI-AdaptiveEnsemble","16",0.766325471350428,18.7756392595781,0.729293351337854,25.9108910891089,0.297029702970297,0.762376237623762,103
"NEU_ISI-AdaptiveEnsemble","17",0.975121586460714,202.780865082922,1.01634735503173,274.690721649485,0.350515463917526,0.65979381443299,99
"NEU_ISI-AdaptiveEnsemble","18",0.995174437400727,94.3330641821946,1.07700278332118,142.285714285714,0.371428571428571,0.8,107
"NEU_ISI-AdaptiveEnsemble","19",0.885113369498622,35.1172793801119,1.02525983223529,54.9306930693069,0.465346534653465,0.871287128712871,103
"NEU_ISI-AdaptiveEnsemble","20",0.731130212515287,28.1207748600947,0.849417850039047,44.7128712871287,0.405940594059406,0.910891089108911,103
"NEU_ISI-AdaptiveEnsemble","21",0.959765450175282,60.5917821782178,1.04989164852885,91.5940594059406,0.376237623762376,0.831683168316832,103
"NEU_ISI-AdaptiveEnsemble","22",0.798273761194358,63.3947867494824,0.839098749810504,88.7238095238095,0.323809523809524,0.657142857142857,107
"NEU_ISI-AdaptiveEnsemble","23",0.569323428933637,14.4194575569358,0.629133390346107,20.6666666666667,0.40952380952381,0.819047619047619,107
"NEU_ISI-AdaptiveEnsemble","24",0.534536996877749,50.2544080929832,0.598900217593075,71.2772277227723,0.217821782178218,0.643564356435644,103
"NEU_ISI-AdaptiveEnsemble","25",0.691911816552495,99.3727122153209,0.767220278328621,134.152380952381,0.419047619047619,0.723809523809524,107
"NEU_ISI-AdaptiveEnsemble","26",0.979861462858184,137.499552303056,1.06876220936247,198.356435643564,0.435643564356436,0.752475247524752,103
"NEU_ISI-AdaptiveEnsemble","27",0.54700382458957,70.0738861497087,0.690602202340952,107.309278350515,0.237113402061856,0.783505154639175,99
"NEU_ISI-AdaptiveEnsemble","28",1.03294810260015,34.403514119229,0.947517887133135,47.2474226804124,0.350515463917526,0.711340206185567,99
"NEU_ISI-AdaptiveEnsemble","29",0.907814253388662,95.3840609592111,0.904318069533981,126.989690721649,0.45360824742268,0.855670103092783,99
"NEU_ISI-AdaptiveEnsemble","30",0.729849316096338,12.9390434782609,0.770835229836399,18.9714285714286,0.39047619047619,0.714285714285714,107
"NEU_ISI-AdaptiveEnsemble","31",0.769280758590743,18.2351472650771,0.917625844162902,30.258064516129,0.451612903225806,0.806451612903226,95
"NEU_ISI-AdaptiveEnsemble","32",0.979246338943142,29.202007400555,1.04077173191858,42.7872340425532,0.276595744680851,0.702127659574468,95
"NEU_ISI-AdaptiveEnsemble","33",0.629440762759434,20.2944057971015,0.699512677919738,27.8095238095238,0.314285714285714,0.704761904761905,107
"NEU_ISI-AdaptiveEnsemble","34",0.443673727472584,102.194042186827,0.567819811728355,159.752475247525,0.217821782178218,0.821782178217822,103
"NEU_ISI-AdaptiveEnsemble","35",0.644491472021827,31.3436066252588,0.66890379272291,42.1047619047619,0.295238095238095,0.695238095238095,107
"NEU_ISI-AdaptiveEnsemble","36",0.408595421369153,213.081014492754,0.57532155720641,343.904761904762,0.171428571428571,0.638095238095238,107
"NEU_ISI-AdaptiveEnsemble","37",0.512593609743001,160.407565217391,0.572387446947705,213.209523809524,0.285714285714286,0.723809523809524,107
"NEU_ISI-AdaptiveEnsemble","38",0.53191711914116,9.9811020232458,0.589839216544207,14.2475247524752,0.277227722772277,0.673267326732673,103
"NEU_ISI-AdaptiveEnsemble","39",0.731056182200549,163.899220835127,0.799642713858596,237.980198019802,0.326732673267327,0.841584158415842,103
"NEU_ISI-AdaptiveEnsemble","40",1.2427429467424,49.9308874943971,1.09863655383105,68.2474226804124,0.371134020618557,0.65979381443299,99
"NEU_ISI-AdaptiveEnsemble","41",0.853009752738029,52.1641110632802,0.804105074888936,68.6039603960396,0.386138613861386,0.722772277227723,103
"NEU_ISI-AdaptiveEnsemble","42",0.684669903291965,247.737073061407,0.780799208893582,367.577319587629,0.185567010309278,0.701030927835051,99
"NEU_ISI-AdaptiveEnsemble","44",0.499560570117892,16.3847377857463,0.604545519718455,23.3092783505155,0.237113402061856,0.639175257731959,99
"NEU_ISI-AdaptiveEnsemble","45",0.772255410855323,78.2764095371669,0.866557367352957,112.10752688172,0.32258064516129,0.666666666666667,95
"NEU_ISI-AdaptiveEnsemble","46",0.718346173726747,7.98741819811744,0.758845760620007,12.1855670103093,0.525773195876289,0.927835051546392,99
"NEU_ISI-AdaptiveEnsemble","47",0.871836908831281,68.8370730614074,0.840820618326948,88.1237113402062,0.556701030927835,0.804123711340206,99
"NEU_ISI-AdaptiveEnsemble","48",0.614776795991939,154.482191842223,0.642139138164505,224.567010309278,0.474226804123711,0.896907216494845,99
"NEU_ISI-AdaptiveEnsemble","49",0.929007518085676,21.6909034443817,0.859244222375463,26.5454545454545,0.194805194805195,0.480519480519481,79
"NEU_ISI-AdaptiveEnsemble","50",1.26410455776282,7.14582804103566,1.40249891443357,11.3595505617978,0.359550561797753,0.741573033707865,91
"NEU_ISI-AdaptiveEnsemble","51",0.742539634092075,98.1676764843385,0.803053258872751,137.043010752688,0.387096774193548,0.838709677419355,95
"NEU_ISI-AdaptiveEnsemble","53",0.860251936041035,33.1587774429617,0.922440782556135,55.4950495049505,0.485148514851485,0.881188118811881,103
"NEU_ISI-AdaptiveEnsemble","54",0.890234596706251,23.5010757507844,0.878552631126634,33.5773195876289,0.298969072164948,0.77319587628866,99
"NEU_ISI-AdaptiveEnsemble","55",0.580315368129755,73.7835296867695,0.714389657818633,112.870967741935,0.376344086021505,0.838709677419355,95
"NEU_ISI-AdaptiveEnsemble","56",0.802284716543474,6.54736384439359,0.783964961582628,9.64210526315789,0.336842105263158,0.726315789473684,96
"NEU_ISI-FluBcast","01",1.32890072336607,88.0122277005827,1.1819845769148,110.690721649485,0.134020618556701,0.412371134020619,100
"NEU_ISI-FluBcast","02",1.10262526903726,8.82409114719749,1.04321821873631,11.6024096385542,0.27710843373494,0.602409638554217,84
"NEU_ISI-FluBcast","04",1.63966920455532,90.2435686612139,1.4289714148886,121.613861386139,0.168316831683168,0.504950495049505,104
"NEU_ISI-FluBcast","05",1.28084375097515,47.4377873439518,1.18384719784051,66.009900990099,0.198019801980198,0.554455445544555,104
"NEU_ISI-FluBcast","06",1.15883637021775,232.666880322725,0.987405667231448,304.670103092784,0.11340206185567,0.443298969072165,100
"NEU_ISI-FluBcast","08",0.77096611408382,76.9382608695652,0.90672745788543,111.989690721649,0.185567010309278,0.536082474226804,100
"NEU_ISI-FluBcast","09",0.717032535656866,63.0043074854325,0.684184448192544,72.9587628865979,0.144329896907216,0.381443298969072,100
"NEU_ISI-FluBcast","10",0.858200830319824,24.8946141304348,0.845743041680353,32.775,0.1625,0.5625,80
"NEU_ISI-FluBcast","11",1.03108827115833,18.7453532608696,1.11437390102633,28.5833333333333,0.270833333333333,0.666666666666667,48
"NEU_ISI-FluBcast","12",0.823610516410705,299.924977225673,0.817164067538232,395.238095238095,0.257142857142857,0.580952380952381,108
"NEU_ISI-FluBcast","13",0.948405051316768,129.133047960556,0.942131711942012,162.701030927835,0.216494845360825,0.494845360824742,100
"NEU_ISI-FluBcast","15",0.828564742669203,8.80148253741982,0.848468375367069,12.8032786885246,0.278688524590164,0.688524590163934,64
"NEU_ISI-FluBcast","16",0.944975127833462,22.8899958592133,0.946704261916246,33.1904761904762,0.266666666666667,0.695238095238095,108
"NEU_ISI-FluBcast","17",1.00440692411431,202.675805383023,1.00761334735256,263.980952380952,0.161904761904762,0.514285714285714,108
"NEU_ISI-FluBcast","18",1.19101735745762,113.179436853002,1.28666811431462,168.790476190476,0.171428571428571,0.542857142857143,108
"NEU_ISI-FluBcast","19",1.08755267187371,45.7608882655447,1.13926073774225,64.3440860215054,0.344086021505376,0.645161290322581,96
"NEU_ISI-FluBcast","20",1.31608578020051,44.0125946704067,1.23122175068894,57.1935483870968,0.344086021505376,0.741935483870968,96
"NEU_ISI-FluBcast","21",1.55895519226432,98.6872080136402,1.50474804039102,130.71568627451,0.127450980392157,0.46078431372549,104
"NEU_ISI-FluBcast","22",0.918416308928159,72.5867080745342,0.903857553362638,95.8666666666667,0.238095238095238,0.504761904761905,108
"NEU_ISI-FluBcast","23",1.00128135392769,22.0658243650452,1.0008070105855,28.3465346534653,0.287128712871287,0.653465346534653,104
"NEU_ISI-FluBcast","24",0.988976486660476,94.2793671975893,0.995620420898832,119.445544554455,0.099009900990099,0.366336633663366,104
"NEU_ISI-FluBcast","25",0.970187286960147,139.738459627329,0.981616219757138,172.228571428571,0.142857142857143,0.4,108
"NEU_ISI-FluBcast","26",1.13184315577469,155.315333333333,1.12864157879283,204.314285714286,0.304761904761905,0.647619047619048,108
"NEU_ISI-FluBcast","27",0.859586328605601,97.2904862085087,0.89333544726596,124.387096774194,0.161290322580645,0.473118279569892,96
"NEU_ISI-FluBcast","28",1.37047717475817,49.2803788204907,1.20975863392122,64.4554455445545,0.158415841584158,0.425742574257426,104
"NEU_ISI-FluBcast","29",1.43408720509841,138.392346104176,1.27909664636881,170.108910891089,0.237623762376238,0.485148514851485,104
"NEU_ISI-FluBcast","30",1.02328563085336,19.1823756163156,1.03208287098743,26.8659793814433,0.381443298969072,0.649484536082474,100
"NEU_ISI-FluBcast","31",1.01149939462032,22.6366096726917,1.00894397229063,32.4606741573034,0.235955056179775,0.617977528089888,92
"NEU_ISI-FluBcast","32",1.36968880243448,40.3910483091787,1.24211923799939,51.3333333333333,0.344444444444444,0.611111111111111,92
"NEU_ISI-FluBcast","33",0.838052946329351,28.4850108695652,0.861442776043894,36.3625,0.2125,0.6,80
"NEU_ISI-FluBcast","34",0.866890895433927,203.698148812192,0.87134256252212,253.329896907216,0.144329896907216,0.350515463917526,100
"NEU_ISI-FluBcast","35",0.882479852394485,43.9695320910973,0.831689087449149,53.8380952380952,0.19047619047619,0.59047619047619,108
"NEU_ISI-FluBcast","36",0.886430052337366,477.894330606974,0.968922497720792,595.207920792079,0.0693069306930693,0.207920792079208,104
"NEU_ISI-FluBcast","37",0.751054658575394,235.872041407867,0.823281022251419,309.419047619048,0.2,0.542857142857143,108
"NEU_ISI-FluBcast","38",0.8433902786092,10.1163636363636,0.848407373171591,13.6883116883117,0.272727272727273,0.662337662337662,80
"NEU_ISI-FluBcast","39",1.18877975436468,269.482884201464,1.18281889917031,354.950495049505,0.128712871287129,0.336633663366337,104
"NEU_ISI-FluBcast","40",1.28859703762383,60.0028502415459,1.11489510932636,79.7777777777778,0.234567901234568,0.518518518518518,84
"NEU_ISI-FluBcast","41",0.981288519432171,51.4943264433357,0.95188397104221,72.1967213114754,0.180327868852459,0.508196721311475,64
"NEU_ISI-FluBcast","42",0.749533047227498,271.995437023756,0.76507991269224,357.432989690722,0.103092783505155,0.34020618556701,100
"NEU_ISI-FluBcast","44",0.730092905872589,27.1770068649886,0.817798107373245,35.3684210526316,0.157894736842105,0.368421052631579,96
"NEU_ISI-FluBcast","45",1.07831348256,132.330744060959,1.07657774993424,167.969072164948,0.123711340206186,0.360824742268041,100
"NEU_ISI-FluBcast","46",0.957477785855149,8.19580463015246,0.951599449601607,12.4025974025974,0.454545454545455,0.844155844155844,80
"NEU_ISI-FluBcast","47",1.08812066698798,113.802314699793,1.04880737692551,145.638095238095,0.228571428571429,0.6,108
"NEU_ISI-FluBcast","48",1.3578063690789,368.251639751553,1.34294650632731,509.866666666667,0.304761904761905,0.638095238095238,108
"NEU_ISI-FluBcast","49",1.16820211073933,38.4958372793801,1.14436298124699,50,0.257425742574257,0.554455445544555,104
"NEU_ISI-FluBcast","50",1.50683940703544,7.53704225352113,1.41115342712703,10.3380281690141,0.633802816901408,0.873239436619718,72
"NEU_ISI-FluBcast","51",0.987054251050565,125.890182194617,1.02120754484424,168.457142857143,0.19047619047619,0.485714285714286,108
"NEU_ISI-FluBcast","53",1.41551175035138,55.0140644846116,1.35266784444817,79.5056179775281,0.224719101123595,0.629213483146067,92
"NEU_ISI-FluBcast","54",1.07696497084118,28.5549420289855,0.974396732906231,37.9222222222222,0.366666666666667,0.644444444444444,92
"NEU_ISI-FluBcast","55",1.05580846552778,135.851184088807,1.05054763393094,169.329787234043,0.191489361702128,0.648936170212766,96
"NEU_ISI-FluBcast","56",1.42221117641781,11.0612669471716,1.33960649676078,15.6021505376344,0.344086021505376,0.67741935483871,96
"NIH-Flu_ARIMA","01",1.08973003542256,85.5968396446938,1.00104265105365,106.161290322581,0.225806451612903,0.623655913978495,96
"NIH-Flu_ARIMA","02",1.02872758783404,9.45866292660122,0.985385610034013,12.2258064516129,0.247311827956989,0.806451612903226,96
"NIH-Flu_ARIMA","04",0.963311254542895,41.6483017902813,0.905614597153244,60.7882352941176,0.364705882352941,0.870588235294118,88
"NIH-Flu_ARIMA","05",1.08874292176123,36.7591818606826,1.0323697490809,53.0430107526882,0.139784946236559,0.591397849462366,96
"NIH-Flu_ARIMA","06",0.791281795078518,171.693361383824,0.787225307131456,260.677419354839,0.279569892473118,0.913978494623656,96
"NIH-Flu_ARIMA","08",0.759127653126309,79.3418326320711,0.799026055629297,102.763440860215,0.182795698924731,0.559139784946237,96
"NIH-Flu_ARIMA","09",0.768171713580502,82.0209770920991,0.82886991515962,102.989247311828,0.21505376344086,0.688172043010753,96
"NIH-Flu_ARIMA","10",0.886146493776582,24.7073398784479,0.851112481375295,30.6129032258065,0.258064516129032,0.602150537634409,96
"NIH-Flu_ARIMA","11",1.18961901360816,13.2421084618981,1.05733231454753,16.5483870967742,0.247311827956989,0.537634408602151,96
"NIH-Flu_ARIMA","12",0.934303158340966,327.16407199626,0.883675360424154,412.47311827957,0.182795698924731,0.602150537634409,96
"NIH-Flu_ARIMA","13",0.894196837570543,158.462678821879,0.880821863339112,197.967741935484,0.290322580645161,0.580645161290323,96
"NIH-Flu_ARIMA","15",0.950656688789484,11.9268443197756,0.854337692062582,15.2795698924731,0.182795698924731,0.419354838709677,96
"NIH-Flu_ARIMA","16",0.905516583028938,22.6512108461898,0.856137698538749,30.8172043010753,0.279569892473118,0.827956989247312,96
"NIH-Flu_ARIMA","17",0.890435401111507,187.896942496494,0.876829607053462,238.086021505376,0.21505376344086,0.688172043010753,96
"NIH-Flu_ARIMA","18",1.00013667732889,98.960074801309,0.98997976423083,135.215053763441,0.236559139784946,0.731182795698925,96
"NIH-Flu_ARIMA","19",0.972144705140047,40.0853295932679,0.96679154187145,53.4301075268817,0.279569892473118,0.752688172043011,96
"NIH-Flu_ARIMA","20",0.85919802483754,34.446582515194,0.844676309720967,45.8494623655914,0.290322580645161,0.806451612903226,96
"NIH-Flu_ARIMA","21",0.99329480099057,63.9157176250584,0.938005280959833,81.9354838709677,0.354838709677419,0.817204301075269,96
"NIH-Flu_ARIMA","22",0.903795810641948,72.3453997194951,0.88590778500949,95,0.21505376344086,0.612903225806452,96
"NIH-Flu_ARIMA","23",0.888395238304115,23.416432912576,0.88387347918815,30.1290322580645,0.236559139784946,0.580645161290323,96
"NIH-Flu_ARIMA","24",0.914249619338931,86.0987143525012,0.920188841249131,108.451612903226,0.290322580645161,0.655913978494624,96
"NIH-Flu_ARIMA","25",0.836183415051955,126.231276297335,0.894868715254493,164.290322580645,0.21505376344086,0.623655913978495,96
"NIH-Flu_ARIMA","26",1.02658914085276,149.98288715193,1.00728675559871,193.067415730337,0.247191011235955,0.696629213483146,92
"NIH-Flu_ARIMA","27",0.750523763184107,104.93366058906,0.782685203416952,133.161290322581,0.182795698924731,0.655913978494624,96
"NIH-Flu_ARIMA","28",0.857067487339222,31.4443899018233,0.786233405390182,42.7849462365591,0.333333333333333,0.709677419354839,96
"NIH-Flu_ARIMA","29",0.923248574417562,97.60703599813,0.886390297741182,126.236559139785,0.247311827956989,0.838709677419355,96
"NIH-Flu_ARIMA","30",1.03556208585386,19.1018232819074,0.978294924091854,24.9677419354839,0.225806451612903,0.559139784946237,96
"NIH-Flu_ARIMA","31",0.831875307148735,20.3603973819542,0.785542047773841,26.9032258064516,0.236559139784946,0.666666666666667,96
"NIH-Flu_ARIMA","32",1.05860976626292,33.1270733987845,0.998286185306989,43.4516129032258,0.311827956989247,0.709677419354839,96
"NIH-Flu_ARIMA","33",0.826305662571913,27.6843384759233,0.853110442535151,34.9677419354839,0.258064516129032,0.688172043010753,96
"NIH-Flu_ARIMA","34",0.874336776731336,191.743132304815,0.917789059973389,250.129032258065,0.258064516129032,0.634408602150538,96
"NIH-Flu_ARIMA","35",0.879791271942904,44.8400981767181,0.865543328784392,56.9139784946237,0.204301075268817,0.602150537634409,96
"NIH-Flu_ARIMA","36",0.771277592925929,410.199167835437,0.854190679863128,517.172043010753,0.333333333333333,0.731182795698925,96
"NIH-Flu_ARIMA","37",0.727442706286399,238.78355773726,0.804880702173989,313.365591397849,0.193548387096774,0.720430107526882,96
"NIH-Flu_ARIMA","38",0.747042146353494,14.8012435717625,0.782900748630819,19.7634408602151,0.247311827956989,0.698924731182796,96
"NIH-Flu_ARIMA","39",0.863972304222422,201.049121084619,0.894835697358366,274.05376344086,0.225806451612903,0.752688172043011,96
"NIH-Flu_ARIMA","40",1.01319346047397,41.6871294997662,0.914345659262255,57.5806451612903,0.204301075268817,0.666666666666667,96
"NIH-Flu_ARIMA","41",1.06488381637149,58.7358625525947,0.943330097428018,73.258064516129,0.161290322580645,0.548387096774194,96
"NIH-Flu_ARIMA","42",0.991292046794152,351.358307620383,1.00105597002734,455.408602150538,0.311827956989247,0.623655913978495,96
"NIH-Flu_ARIMA","44",0.94433126859336,32.7444179523142,0.992357393036942,40.5376344086022,0.172043010752688,0.612903225806452,96
"NIH-Flu_ARIMA","45",1.00484220742881,119.669724170173,1.02082217025009,153.688172043011,0.150537634408602,0.505376344086022,96
"NIH-Flu_ARIMA","46",1.08610996226667,12.564623655914,1.01962380231159,16.989247311828,0.279569892473118,0.709677419354839,96
"NIH-Flu_ARIMA","47",0.863560602870669,93.4760448807854,0.839308944076438,120.043010752688,0.279569892473118,0.720430107526882,96
"NIH-Flu_ARIMA","48",0.844500756716279,229.915268817204,0.827674565023413,312.612903225806,0.354838709677419,0.78494623655914,96
"NIH-Flu_ARIMA","49",1.10636946228917,37.7886115007013,1.04286555791907,47.0967741935484,0.0967741935483871,0.408602150537634,96
"NIH-Flu_ARIMA","50",1.22118915597785,7.34527816736793,1.11028999553898,9.48387096774194,0.279569892473118,0.655913978494624,96
"NIH-Flu_ARIMA","51",1.02411813749926,134.801065918654,1.03378399840065,175.645161290323,0.161290322580645,0.709677419354839,96
"NIH-Flu_ARIMA","53",0.872312506311886,31.8488519785051,0.804411850641683,44.9662921348315,0.359550561797753,0.808988764044944,92
"NIH-Flu_ARIMA","54",0.972829161003469,24.0610112359551,0.910213597423071,32.8876404494382,0.314606741573034,0.842696629213483,92
"NIH-Flu_ARIMA","55",0.888573450887613,114.127218326321,0.905742997233954,145.709677419355,0.333333333333333,0.741935483870968,96
"NIH-Flu_ARIMA","56",1.06175026536116,8.10272089761571,0.966327796120576,11.1505376344086,0.193548387096774,0.580645161290323,96
"NU-PGF_FLUH","06",1.24025613329459,273.418273291925,1.2245681987743,413.2,0.361904761904762,0.876190476190476,108
"NU-PGF_FLUH","23",0.845631308975798,21.4083229813665,1.01689709664613,33.2857142857143,0.419047619047619,0.885714285714286,108
"NU-PGF_FLUH","25",0.759041398378231,107.916745341615,0.88294842123808,153.72380952381,0.428571428571429,0.828571428571429,108
"NU-PGF_FLUH","72",0.942880605833504,33.7343354037267,0.945437491939423,53.0571428571429,0.438095238095238,0.914285714285714,108
"OHT_JHU-nbxd","01",0.971110700120111,75.2029526708074,1.0174634620428,107.13180952381,0.447619047619048,0.80952380952381,108
"OHT_JHU-nbxd","02",0.814263823697696,7.35837002070393,0.903360744968228,11.117619047619,0.219047619047619,0.685714285714286,108
"OHT_JHU-nbxd","04",0.871053520276622,47.6523832298137,0.906918083307257,76.5729523809524,0.304761904761905,0.923809523809524,108
"OHT_JHU-nbxd","05",0.718833439240502,26.7507604140787,0.72998802688974,40.5621904761905,0.438095238095238,0.847619047619048,108
"OHT_JHU-nbxd","06",0.691671968698067,158.762249979296,0.678892327938117,241.24980952381,0.60952380952381,0.980952380952381,108
"OHT_JHU-nbxd","08",0.545559316979023,54.434135320911,0.617828873051619,76.0334285714286,0.4,0.904761904761905,108
"OHT_JHU-nbxd","09",0.444412314323955,46.1668158178054,0.54603416457759,66.57,0.371428571428571,0.80952380952381,108
"OHT_JHU-nbxd","10",0.702864969577111,19.4537995859213,0.700582782159272,25.5511428571429,0.4,0.761904761904762,108
"OHT_JHU-nbxd","11",0.588362381763193,6.61433080745342,0.637185341779753,10.0920952380952,0.323809523809524,0.685714285714286,108
"OHT_JHU-nbxd","12",0.964749739009003,341.458492215321,1.17109853336184,555.127523809524,0.533333333333333,0.952380952380952,108
"OHT_JHU-nbxd","13",0.506738723727095,86.5979004140787,0.612094381077939,133.14819047619,0.447619047619048,0.866666666666667,108
"OHT_JHU-nbxd","15",1.89331608037028,23.6487453416149,2.00166045406512,35.7360952380952,0.238095238095238,0.666666666666667,108
"OHT_JHU-nbxd","16",0.552376693470998,13.5140997515528,0.597671615765174,21.0488571428571,0.485714285714286,0.914285714285714,108
"OHT_JHU-nbxd","17",0.890718956034568,179.691240828157,1.07412869741628,280.879904761905,0.352380952380952,0.819047619047619,108
"OHT_JHU-nbxd","18",0.59712123453881,57.4670386335404,0.671948534244759,89.254380952381,0.638095238095238,0.914285714285714,108
"OHT_JHU-nbxd","19",0.623623244623477,24.8248008281574,0.639320321666985,34.1971428571429,0.485714285714286,0.819047619047619,108
"OHT_JHU-nbxd","20",0.549351524599943,21.4105540372671,0.597270733949868,32.0859047619048,0.552380952380952,0.895238095238095,108
"OHT_JHU-nbxd","21",0.558009896921864,34.517030310559,0.663109079397979,56.0728571428571,0.476190476190476,0.990476190476191,108
"OHT_JHU-nbxd","22",1.00319720082653,82.6029379296066,1.17944798870819,130.207619047619,0.333333333333333,0.876190476190476,108
"OHT_JHU-nbxd","23",0.555107175551125,13.978423436853,0.658105529242731,21.489619047619,0.485714285714286,0.904761904761905,108
"OHT_JHU-nbxd","24",0.426778110927833,38.4254388405797,0.539768104088213,60.9095238095238,0.39047619047619,0.828571428571429,108
"OHT_JHU-nbxd","25",0.640236677622834,93.9168802484472,0.789437557752331,141.28180952381,0.542857142857143,0.847619047619048,108
"OHT_JHU-nbxd","26",0.525189621094697,70.8593570600414,0.625043398783275,111.290095238095,0.561904761904762,0.923809523809524,108
"OHT_JHU-nbxd","27",0.51934883242445,71.0655753623188,0.557057975130153,92.7912380952381,0.39047619047619,0.847619047619048,108
"OHT_JHU-nbxd","28",1.19015972729936,43.33266,1.21139247157133,65.623619047619,0.352380952380952,0.828571428571429,108
"OHT_JHU-nbxd","29",0.606891685150893,62.4885088612836,0.684884218252797,96.0357142857143,0.580952380952381,0.904761904761905,108
"OHT_JHU-nbxd","30",0.580429078654291,10.5311490269151,0.625628211252074,15.7690476190476,0.4,0.819047619047619,108
"OHT_JHU-nbxd","31",0.523846694499904,12.9022593374741,0.596479185425586,20.5417142857143,0.419047619047619,0.876190476190476,108
"OHT_JHU-nbxd","32",0.834334098889622,25.2209906832298,0.92076029023462,38.79,0.4,0.838095238095238,108
"OHT_JHU-nbxd","33",0.661737010215891,21.2922998757764,0.689986159896001,27.3378095238095,0.371428571428571,0.80952380952381,108
"OHT_JHU-nbxd","34",0.382166118040616,82.6560761904762,0.509924628582269,136.660285714286,0.447619047619048,0.904761904761905,108
"OHT_JHU-nbxd","35",0.505117562531438,24.7303519668737,0.573396064250397,36.3249523809524,0.447619047619048,0.80952380952381,108
"OHT_JHU-nbxd","36",0.471015736799669,244.989397598344,0.582283092084682,346.285619047619,0.457142857142857,0.885714285714286,108
"OHT_JHU-nbxd","37",0.467960418822589,144.952616853002,0.565025238111635,208.003047619048,0.4,0.819047619047619,108
"OHT_JHU-nbxd","38",0.504266438342867,10.0758655900621,0.62811474120256,16.1044761904762,0.371428571428571,0.876190476190476,108
"OHT_JHU-nbxd","39",0.626314971555848,140.420818302277,0.74892426434369,221.784476190476,0.542857142857143,0.828571428571429,108
"OHT_JHU-nbxd","40",0.737175811729848,31.3281182194617,0.712612719635965,45.9512380952381,0.40952380952381,0.8,108
"OHT_JHU-nbxd","41",0.719445364419629,43.4797080745342,0.695591721020561,58.2889523809524,0.342857142857143,0.780952380952381,108
"OHT_JHU-nbxd","42",0.788893497123779,280.983910062112,0.903499197971369,416.991714285714,0.523809523809524,0.904761904761905,108
"OHT_JHU-nbxd","44",0.660865897040734,22.5238865838509,0.713488873802448,28.5255238095238,0.352380952380952,0.714285714285714,108
"OHT_JHU-nbxd","45",0.617338629862289,68.1794031884058,0.712141736444566,100.420095238095,0.428571428571429,0.771428571428571,108
"OHT_JHU-nbxd","46",0.941318885350809,10.7029363146998,0.867139599587994,14.2478095238095,0.228571428571429,0.60952380952381,108
"OHT_JHU-nbxd","47",0.7005891036916,72.9432407039338,0.753661751622861,104.275238095238,0.542857142857143,0.914285714285714,108
"OHT_JHU-nbxd","48",1.0734313509605,291.765856811594,1.20421525676798,459.765142857143,0.6,0.952380952380952,108
"OHT_JHU-nbxd","49",0.624354732688489,20.6264201242236,0.728951107387848,31.8326666666667,0.247619047619048,0.733333333333333,108
"OHT_JHU-nbxd","50",0.750394855820971,4.41847660455487,0.71555793192354,5.97447619047619,0.333333333333333,0.704761904761905,108
"OHT_JHU-nbxd","51",0.466664315323635,58.674160952381,0.579454398934245,94.0566666666667,0.466666666666667,0.923809523809524,108
"OHT_JHU-nbxd","53",0.604333336876986,23.8343987991718,0.618714238285358,37.9178095238095,0.495238095238095,0.990476190476191,108
"OHT_JHU-nbxd","54",0.811710578822001,22.9141458385093,0.78832163566184,32.2746666666667,0.371428571428571,0.752380952380952,108
"OHT_JHU-nbxd","55",0.435483330138738,52.7741411180124,0.500048677673029,76.1487619047619,0.542857142857143,0.914285714285714,108
"OHT_JHU-nbxd","56",0.667872119703243,5.04044865424431,0.685440326059766,7.76447619047619,0.314285714285714,0.752380952380952,108
"OHT_JHU-nbxd","72",4.25828634240741,153.475127619048,4.15507722128573,234.226285714286,0.4,0.838095238095238,108
"PSI-PROF","01",0.879817039386184,68.39836563147,0.905835393670945,96.1078095238095,0.504761904761905,0.952380952380952,108
"PSI-PROF","02",0.952178219470738,8.55946542443064,1.0627545378542,12.9706666666667,0.504761904761905,0.971428571428571,108
"PSI-PROF","04",1.10615378792403,59.7398209937888,1.06271178926946,88.4987619047619,0.514285714285714,0.971428571428571,108
"PSI-PROF","05",1.08574278595251,38.9556917184265,1.0805203105203,57.8853333333333,0.419047619047619,0.971428571428571,108
"PSI-PROF","06",0.921227314601395,206.416595238095,0.899358740951834,307.066761904762,0.533333333333333,0.980952380952381,108
"PSI-PROF","08",0.833542388081161,82.8481639337474,0.942977192354037,117.290380952381,0.704761904761905,0.942857142857143,108
"PSI-PROF","09",0.671653060293285,69.3952299792961,0.864990327029875,105.510857142857,0.542857142857143,0.990476190476191,108
"PSI-PROF","10",0.891428192019533,24.0720267908903,0.944914743788619,33.3615238095238,0.580952380952381,0.904761904761905,108
"PSI-PROF","11",0.867921687249712,9.58773527950311,1.0044228710712,15.6775238095238,0.495238095238095,0.980952380952381,108
"PSI-PROF","12",0.724216026089254,257.507743395445,0.780885808546939,367.300285714286,0.514285714285714,0.980952380952381,108
"PSI-PROF","13",0.866173547744355,147.854144637681,1.00639260596892,219.424761904762,0.542857142857143,0.933333333333333,108
"PSI-PROF","15",0.987054880805096,12.2137506832298,0.959796818049833,16.9504761904762,0.523809523809524,0.971428571428571,108
"PSI-PROF","16",1.21757605271603,29.1514,1.25540057164978,43.1052380952381,0.504761904761905,0.942857142857143,108
"PSI-PROF","17",0.944822624651684,187.023999917184,1.00866396676673,257.883333333333,0.60952380952381,0.961904761904762,108
"PSI-PROF","18",0.989719504871385,93.0784772256729,1.0812313125522,140.828476190476,0.495238095238095,0.952380952380952,108
"PSI-PROF","19",0.994456815548765,39.3042222774327,0.919297231144018,48.8607619047619,0.59047619047619,0.942857142857143,108
"PSI-PROF","20",1.43024448832161,54.7501257971014,1.25730743373888,66.438380952381,0.542857142857143,0.904761904761905,108
"PSI-PROF","21",1.21190856633637,75.0589930434783,1.23542091516257,105.075142857143,0.485714285714286,0.895238095238095,108
"PSI-PROF","22",0.936007105914801,73.5389248861284,1.00054609165479,105.232857142857,0.476190476190476,0.885714285714286,108
"PSI-PROF","23",0.864994999996122,22.0649328364389,0.929356329767011,30.9454285714286,0.628571428571429,0.990476190476191,108
"PSI-PROF","24",0.869010627196844,79.4044684886128,0.984653634050087,114.549238095238,0.580952380952381,0.895238095238095,108
"PSI-PROF","25",0.788955242806696,112.752912008282,0.934063565357526,164.290952380952,0.59047619047619,0.961904761904762,108
"PSI-PROF","26",0.795908267766632,107.714758012422,0.854458271842395,155.728285714286,0.59047619047619,0.971428571428571,108
"PSI-PROF","27",0.837970093020771,113.812215693582,0.983760667348612,164.978952380952,0.533333333333333,0.961904761904762,108
"PSI-PROF","28",1.02293751838926,37.3046478674948,0.93819843788791,51.2686666666667,0.428571428571429,0.980952380952381,108
"PSI-PROF","29",1.1652189614639,119.898884761905,1.11781585418618,158.020285714286,0.39047619047619,0.895238095238095,108
"PSI-PROF","30",1.0621574911368,18.9825419047619,1.11347972638426,27.746380952381,0.561904761904762,0.961904761904762,108
"PSI-PROF","31",0.960027217356302,23.607255610766,0.898947533126625,31.1975238095238,0.514285714285714,0.971428571428571,108
"PSI-PROF","32",1.07080645805455,31.7863129606625,1.01482248560332,42.107619047619,0.60952380952381,0.980952380952381,108
"PSI-PROF","33",0.764367119961675,24.5341462939959,0.942479185017663,37.550380952381,0.485714285714286,0.990476190476191,108
"PSI-PROF","34",0.752214894035869,165.000006583851,0.890760311877768,244.982095238095,0.552380952380952,0.971428571428571,108
"PSI-PROF","35",0.829815141198409,40.2321996687371,0.920676510859379,58.1540952380952,0.619047619047619,0.990476190476191,108
"PSI-PROF","36",0.560950818427536,289.358975569358,0.792839032343329,472.771238095238,0.523809523809524,0.990476190476191,108
"PSI-PROF","37",0.795959518216465,244.969145258799,0.907087563139601,341.715714285714,0.676190476190476,0.942857142857143,108
"PSI-PROF","38",0.803097452778755,15.9265122981366,0.960183167947792,24.7026666666667,0.533333333333333,1,108
"PSI-PROF","39",0.895186067445452,196.797441325052,0.994128709570779,290.175714285714,0.514285714285714,0.933333333333333,108
"PSI-PROF","40",1.03986126349417,42.9506428571429,0.975688767331528,62.3429523809524,0.361904761904762,0.961904761904762,108
"PSI-PROF","41",0.825615690094116,48.7185312215321,0.868454699089496,71.7122857142857,0.495238095238095,0.952380952380952,108
"PSI-PROF","42",0.74741655805371,260.736680538302,0.848691303810036,382.580761904762,0.542857142857143,1,108
"PSI-PROF","44",0.728844923991248,24.8741771014493,0.981397530865586,39.211619047619,0.514285714285714,1,108
"PSI-PROF","45",0.900789118540403,102.090990393375,1.04502523905262,151.212380952381,0.466666666666667,0.942857142857143,108
"PSI-PROF","46",1.05947776533256,12.0634304347826,0.941210102406984,15.6070476190476,0.666666666666667,0.980952380952381,108
"PSI-PROF","47",0.927969069682099,95.8832955279503,0.973305189541783,134.397714285714,0.628571428571429,0.990476190476191,108
"PSI-PROF","48",0.894034346045956,237.77323689441,0.938288457969396,349.06219047619,0.685714285714286,0.990476190476191,108
"PSI-PROF","49",0.782244001476627,25.8098933333333,0.846448821182524,36.9260952380952,0.495238095238095,0.980952380952381,108
"PSI-PROF","50",1.0523441605263,6.10999242236025,0.987005329311278,8.17685714285714,0.704761904761905,0.961904761904762,108
"PSI-PROF","51",0.850802912225142,106.946625175983,0.950001637812461,154.655904761905,0.619047619047619,0.971428571428571,108
"PSI-PROF","53",0.870704168922152,34.3626213250518,0.705513454265711,42.3379047619048,0.638095238095238,0.980952380952381,108
"PSI-PROF","54",0.953608151668004,26.4435275362319,0.858705468532181,35.3046666666667,0.571428571428571,0.990476190476191,108
"PSI-PROF","55",0.885891985755179,107.072895776398,0.94901926415474,144.621619047619,0.580952380952381,0.914285714285714,108
"PSI-PROF","56",1.04954540784545,7.90941089026915,1.03419286670753,11.7847619047619,0.466666666666667,0.961904761904762,108
"PSI-PROF","72",1.07715135343725,38.3255022774327,0.941775701991258,52.6888571428571,0.580952380952381,0.990476190476191,108
"PSI-PROF_MOA","01",0.859639242840286,66.2737794616977,0.844221947191509,88.8281904761905,0.514285714285714,0.742857142857143,108
"PSI-PROF_MOA","02",0.973451437436875,8.7670867494824,1.04522275942024,12.7507619047619,0.447619047619048,0.847619047619048,108
"PSI-PROF_MOA","04",0.968036417541935,51.9784894409938,0.906743410103781,75.0072380952381,0.40952380952381,0.876190476190476,108
"PSI-PROF_MOA","05",0.927639385513258,32.776893126294,0.898347496366546,47.6698095238095,0.361904761904762,0.80952380952381,108
"PSI-PROF_MOA","06",0.66197194222514,147.233746832298,0.677441644329191,229.37419047619,0.552380952380952,0.971428571428571,108
"PSI-PROF_MOA","08",0.984199790061819,97.956219378882,0.986338336688357,121.423619047619,0.533333333333333,0.685714285714286,108
"PSI-PROF_MOA","09",0.78957062218533,81.1541698136646,0.810326263246394,97.5248571428571,0.533333333333333,0.752380952380952,108
"PSI-PROF_MOA","10",1.00779940080322,27.1050423602484,0.9907255022138,34.7537142857143,0.4,0.733333333333333,108
"PSI-PROF_MOA","11",0.825315368588402,9.07676517598344,0.844143497886905,13.0711428571429,0.638095238095238,0.847619047619048,108
"PSI-PROF_MOA","12",0.796778531814135,279.904408198758,0.829850742556926,391.369238095238,0.380952380952381,0.685714285714286,108
"PSI-PROF_MOA","13",0.986604955285105,168.762411097309,0.953336743376846,207.359904761905,0.428571428571429,0.742857142857143,108
"PSI-PROF_MOA","15",0.847336095963653,10.4747836853002,0.930093358932358,16.4408571428571,0.39047619047619,0.866666666666667,108
"PSI-PROF_MOA","16",1.18235951841766,27.9248637267081,1.16225701149157,39.6364761904762,0.40952380952381,0.80952380952381,108
"PSI-PROF_MOA","17",1.16419387567666,232.658177225673,1.08656607825039,280.549047619048,0.4,0.695238095238095,108
"PSI-PROF_MOA","18",1.1064524922659,105.488785962733,1.06786321249369,141.621142857143,0.457142857142857,0.8,108
"PSI-PROF_MOA","19",0.910207596588628,36.0285773084886,0.958256314807478,51.1420952380952,0.504761904761905,0.828571428571429,108
"PSI-PROF_MOA","20",1.1370572209561,43.573293747412,1.07208126457692,56.364380952381,0.40952380952381,0.723809523809524,108
"PSI-PROF_MOA","21",1.21846951026635,75.9758213664596,1.17890059413867,100.818666666667,0.39047619047619,0.752380952380952,108
"PSI-PROF_MOA","22",0.933316119607945,73.4315465424431,0.930288157155012,98.1550476190476,0.371428571428571,0.714285714285714,108
"PSI-PROF_MOA","23",0.746657863866819,18.8996758178054,0.801899797506765,26.3430476190476,0.580952380952381,0.857142857142857,108
"PSI-PROF_MOA","24",0.860362210404272,78.476592505176,0.877300068692121,100.965523809524,0.447619047619048,0.8,108
"PSI-PROF_MOA","25",0.968863911895439,138.701787329193,0.934718609895775,164.33,0.523809523809524,0.733333333333333,108
"PSI-PROF_MOA","26",0.920601768642936,124.06120505176,0.885839314688005,157.419523809524,0.504761904761905,0.761904761904762,108
"PSI-PROF_MOA","27",0.935278160327915,126.669806459627,0.923579247634218,152.634285714286,0.504761904761905,0.685714285714286,108
"PSI-PROF_MOA","28",1.04542666872047,37.976602194617,0.980211418421379,53.1116190476191,0.333333333333333,0.685714285714286,108
"PSI-PROF_MOA","29",0.957763881540184,99.3891438509317,0.904686614566316,127.62819047619,0.342857142857143,0.742857142857143,108
"PSI-PROF_MOA","30",0.941396575508801,16.6435354451346,0.992389452625194,24.4494285714286,0.485714285714286,0.828571428571429,108
"PSI-PROF_MOA","31",0.868584545377502,21.3421221532091,0.885564170274096,30.4082857142857,0.380952380952381,0.761904761904762,108
"PSI-PROF_MOA","32",1.08269529070502,31.8131252173913,1.03253800720621,42.3508571428571,0.457142857142857,0.828571428571429,108
"PSI-PROF_MOA","33",0.898548699878332,29.0194530434783,0.964595334442217,38.4284761904762,0.485714285714286,0.742857142857143,108
"PSI-PROF_MOA","34",0.936774395676993,202.907596066253,0.913820369282684,245.308666666667,0.533333333333333,0.714285714285714,108
"PSI-PROF_MOA","35",1.04369839950684,50.4132462111801,1.01725691156942,63.7646666666667,0.419047619047619,0.761904761904762,108
"PSI-PROF_MOA","36",0.935070370650493,489.984064554865,1.00317661372176,597.294476190476,0.504761904761905,0.685714285714286,108
"PSI-PROF_MOA","37",0.939451478690646,292.112142981366,0.879707728353405,332.312285714286,0.619047619047619,0.742857142857143,108
"PSI-PROF_MOA","38",0.864089034800119,17.2668060041408,0.930731979202602,23.846380952381,0.419047619047619,0.79047619047619,108
"PSI-PROF_MOA","39",1.04800811669031,231.34158,1.00201609357068,293.01780952381,0.428571428571429,0.685714285714286,108
"PSI-PROF_MOA","40",0.847276942245695,34.9526115942029,0.791824943936226,50.106380952381,0.352380952380952,0.79047619047619,108
"PSI-PROF_MOA","41",0.763598376933054,45.8067357349897,0.721062035390913,60.0305714285714,0.380952380952381,0.780952380952381,108
"PSI-PROF_MOA","42",0.90927927713655,315.245987122153,0.902394143513483,405.590095238095,0.428571428571429,0.761904761904762,108
"PSI-PROF_MOA","44",0.81794423222123,27.9424792132505,0.937266681058813,37.4009523809524,0.495238095238095,0.761904761904762,108
"PSI-PROF_MOA","45",0.928093649189227,105.361322939959,0.933148751105564,133.998095238095,0.371428571428571,0.685714285714286,108
"PSI-PROF_MOA","46",0.949365266156241,10.7985599585921,0.869718666717685,14.2127619047619,0.514285714285714,0.876190476190476,108
"PSI-PROF_MOA","47",0.933354625349572,96.4894080331263,0.889584224511951,122.103619047619,0.523809523809524,0.752380952380952,108
"PSI-PROF_MOA","48",0.811244625348838,215.29176173913,0.803302085859761,299.465904761905,0.580952380952381,0.866666666666667,108
"PSI-PROF_MOA","49",0.823940518535389,27.2017657971015,0.881332161550736,38.6266666666667,0.257142857142857,0.742857142857143,108
"PSI-PROF_MOA","50",1.0543531142694,6.05931739130435,1.00727431903997,8.246,0.657142857142857,0.866666666666667,108
"PSI-PROF_MOA","51",0.79265608133823,98.113525921325,0.831578779154191,133.359904761905,0.40952380952381,0.780952380952381,108
"PSI-PROF_MOA","53",0.716144756365279,28.4521217805383,0.717316265857469,43.4732380952381,0.523809523809524,0.904761904761905,108
"PSI-PROF_MOA","54",0.822070394378947,22.8503825258799,0.833601633634702,33.6268571428571,0.447619047619048,0.885714285714286,108
"PSI-PROF_MOA","55",0.920113109359013,111.664838136646,0.884447340780406,134.582,0.485714285714286,0.704761904761905,108
"PSI-PROF_MOA","56",0.851911946283944,6.3849601242236,0.868541785557811,9.84923809523809,0.504761904761905,0.895238095238095,108
"PSI-PROF_MOA","72",1.17990953924885,41.9633634782609,1.10702467261705,61.9839047619048,0.438095238095238,0.885714285714286,108
"SigSci-TSENS","01",0.866623416515221,62.072537084399,0.923184558574812,91.2588235294118,0.517647058823529,0.882352941176471,88
"SigSci-TSENS","02",0.875408914923725,6.24306790425012,0.85629628989639,8.61797752808989,0.730337078651685,0.943820224719101,92
"SigSci-TSENS","04",0.866600756567067,48.0904787493893,0.886547955015373,75.9213483146067,0.629213483146067,0.98876404494382,92
"SigSci-TSENS","05",1.00252414095034,33.529184171959,0.917220571751075,46.6292134831461,0.561797752808989,0.797752808988764,92
"SigSci-TSENS","06",0.90510870870169,199.542105520274,0.911238428013368,310.910112359551,0.595505617977528,0.932584269662921,92
"SigSci-TSENS","08",1.0081707788557,84.5291060087934,0.972997101530114,102.168539325843,0.584269662921348,0.820224719101124,92
"SigSci-TSENS","09",1.11839785443534,84.9137469467513,1.01004396944264,95.3932584269663,0.707865168539326,0.786516853932584,92
"SigSci-TSENS","10",0.976179581231932,20.9621836834392,0.936974496401722,27.6179775280899,0.50561797752809,0.752808988764045,92
"SigSci-TSENS","12",0.847808566680005,294.724665363947,0.918257229612175,430.168539325843,0.348314606741573,0.820224719101124,92
"SigSci-TSENS","13",1.02277798651114,150.884167073766,0.963322655444638,185.52808988764,0.528089887640449,0.730337078651685,92
"SigSci-TSENS","15",0.851280606128596,9.40063507572057,0.911162249246313,14.3483146067416,0.426966292134831,0.842696629213483,92
"SigSci-TSENS","16",0.930364856876903,21.774411333659,0.894098839073492,30.2584269662921,0.460674157303371,0.808988764044944,92
"SigSci-TSENS","17",0.980622178820031,177.913365901319,0.918506358128339,218.775280898876,0.48314606741573,0.797752808988764,92
"SigSci-TSENS","18",1.07058201991261,95.0056368286445,0.990135907352425,123.270588235294,0.505882352941176,0.776470588235294,88
"SigSci-TSENS","19",0.916860669395226,34.1408597948217,0.867862370723865,44.3370786516854,0.539325842696629,0.808988764044944,92
"SigSci-TSENS","20",1.02951503542755,36.7573326819736,0.958582950325126,48.1910112359551,0.449438202247191,0.752808988764045,92
"SigSci-TSENS","21",1.02274703557203,56.4568930141671,0.996949837453357,77.1573033707865,0.561797752808989,0.842696629213483,92
"SigSci-TSENS","22",0.898691855872114,63.0756424035173,0.901881746894277,86.3370786516854,0.438202247191011,0.797752808988764,92
"SigSci-TSENS","23",0.987514568797821,22.6384758182706,0.932006368338586,27.9887640449438,0.674157303370786,0.797752808988764,92
"SigSci-TSENS","24",0.966155941977765,75.819094629156,0.924143598591226,92.2588235294118,0.670588235294118,0.788235294117647,88
"SigSci-TSENS","25",1.08914771983585,138.858345567476,0.985218878516028,157.818181818182,0.675324675324675,0.753246753246753,80
"SigSci-TSENS","26",1.08452474198829,129.460488519785,1.0017774867473,163.123595505618,0.584269662921348,0.797752808988764,92
"SigSci-TSENS","27",1.08578144426922,113.494899853444,1.0398374902554,138.179775280899,0.471910112359551,0.808988764044944,92
"SigSci-TSENS","28",0.905640569120394,31.6430776746458,0.885425454754339,47.1685393258427,0.426966292134831,0.764044943820225,92
"SigSci-TSENS","29",1.17427423730546,112.599599413776,1.05750277411665,141.325842696629,0.528089887640449,0.685393258426966,92
"SigSci-TSENS","30",0.769911696173372,13.4268050806058,0.777315084518491,18.8426966292135,0.651685393258427,0.921348314606742,92
"SigSci-TSENS","31",0.947332325057929,21.3025549584758,0.893440164828607,28.8314606741573,0.49438202247191,0.741573033707865,92
"SigSci-TSENS","32",0.972556411448145,24.9477479237909,0.885068314314209,32.5730337078652,0.629213483146067,0.820224719101124,92
"SigSci-TSENS","33",1.01963490505251,28.2404592085979,0.946937770657322,33.0561797752809,0.584269662921348,0.730337078651685,92
"SigSci-TSENS","34",1.07757926769887,183.327015144113,0.990228535308811,215.842696629213,0.595505617977528,0.797752808988764,92
"SigSci-TSENS","35",1.1470528480591,48.2279335613092,1.05469568761735,58.8089887640449,0.539325842696629,0.707865168539326,92
"SigSci-TSENS","36",0.917794453184036,356.349424054207,0.909085894360595,410.220779220779,0.675324675324675,0.805194805194805,80
"SigSci-TSENS","37",0.900865832577397,216.579936492428,1.09715730371912,328.191011235955,0.629213483146067,0.921348314606742,92
"SigSci-TSENS","38",0.791880458338516,13.6597117733268,0.826995565203293,18.8988764044944,0.662921348314607,0.876404494382023,92
"SigSci-TSENS","39",1.06828870112363,215.228644501279,0.972869479392742,264.905882352941,0.482352941176471,0.811764705882353,88
"SigSci-TSENS","40",0.97081401108545,42.3494821690278,0.919267446170156,61.7415730337079,0.561797752808989,0.775280898876405,92
"SigSci-TSENS","41",1.00738971385765,65.4468539325843,0.932359357999903,83.5168539325843,0.471910112359551,0.719101123595506,92
"SigSci-TSENS","42",0.8981755926946,287.009193942355,0.9735850792603,408.348314606742,0.550561797752809,0.865168539325843,92
"SigSci-TSENS","44",1.05873523500121,26.5691402051783,1.0214851620217,31.6516853932584,0.606741573033708,0.764044943820225,92
"SigSci-TSENS","45",1.07785395770438,107.789692232535,1.01611001445735,131.730337078652,0.51685393258427,0.730337078651685,92
"SigSci-TSENS","46",0.852993212003996,9.43346360527601,0.838424752109306,13.4831460674157,0.707865168539326,0.966292134831461,92
"SigSci-TSENS","47",0.833962716676959,75.6340156326331,0.91462855842971,113.213483146067,0.584269662921348,0.932584269662921,92
"SigSci-TSENS","48",0.834574999716799,192.724870542257,0.855205966410031,278.910112359551,0.573033707865168,0.898876404494382,92
"SigSci-TSENS","49",0.914708677822998,26.8406291560102,0.888697903227926,35.0705882352941,0.552941176470588,0.788235294117647,88
"SigSci-TSENS","50",0.871641599932322,4.68413287738153,0.852971110616675,6.58426966292135,0.831460674157303,0.932584269662921,92
"SigSci-TSENS","51",1.00865153728281,118.119066927211,0.943852946414404,144,0.584269662921348,0.797752808988764,92
"SigSci-TSENS","53",0.950490355371296,38.5903028822667,0.890701949655068,55.3258426966292,0.51685393258427,0.831460674157303,92
"SigSci-TSENS","54",1.08172990894359,28.4396775769419,1.03064201409634,40.3707865168539,0.415730337078652,0.775280898876405,92
"SigSci-TSENS","55",1.2037591553006,130.714992672203,1.07833737137317,148.898876404494,0.595505617977528,0.741573033707865,92
"SigSci-TSENS","56",0.929960866532297,6.63857289002558,0.920479640618635,9.75294117647059,0.8,1,88
"UGA_CEID-Walk","01",1.04570789108774,84.9929998402839,0.970786081675402,107.881275510204,0.551020408163265,0.744897959183674,99
"UGA_CEID-Walk","02",1.19868826978673,11.2888735714286,1.07816211368965,13.7571428571429,0.540816326530612,0.744897959183674,99
"UGA_CEID-Walk","04",1.13892459818814,62.7928389219166,1.02346290345207,87.5314693877551,0.306122448979592,0.755102040816326,99
"UGA_CEID-Walk","05",1.15207561041358,42.4356226131322,1.065509442903,59.0717040816327,0.479591836734694,0.795918367346939,99
"UGA_CEID-Walk","06",1.33203125442951,302.474328367347,1.13998661901871,399.20556122449,0.397959183673469,0.693877551020408,99
"UGA_CEID-Walk","08",1.06519178388961,107.670828615794,1.02327666833958,127.309704081633,0.561224489795918,0.724489795918367,99
"UGA_CEID-Walk","09",0.993168525568941,106.245433496007,1.02722922656371,127.48137755102,0.469387755102041,0.76530612244898,99
"UGA_CEID-Walk","10",1.17725476794571,33.4590849245785,1.12260725651018,41.5366428571429,0.5,0.704081632653061,99
"UGA_CEID-Walk","11",1.24667881275576,13.7967464685004,1.0899690972586,17.1026326530612,0.581632653061224,0.76530612244898,99
"UGA_CEID-Walk","12",1.08716002255243,392.887606761313,1.06254277240847,514.665397959184,0.561224489795918,0.724489795918367,99
"UGA_CEID-Walk","13",1.07665638538418,190.159227759539,1.01312192671533,226.645918367347,0.602040816326531,0.724489795918367,99
"UGA_CEID-Walk","15",1.09154871552281,13.4094350443656,1.12719567596564,19.7330510204082,0.418367346938776,0.816326530612245,99
"UGA_CEID-Walk","16",1.19467864567317,29.7201480567879,1.04117012751518,37.1363673469388,0.561224489795918,0.795918367346939,99
"UGA_CEID-Walk","17",1.12472693227471,233.340015403727,0.982079608536479,261.64187755102,0.561224489795918,0.744897959183674,99
"UGA_CEID-Walk","18",1.20786212077873,119.378306947649,1.03337050427032,140.424979591837,0.561224489795918,0.755102040816326,99
"UGA_CEID-Walk","19",1.39980707380155,57.7199703371783,1.14254422379983,63.1473571428571,0.510204081632653,0.663265306122449,99
"UGA_CEID-Walk","20",1.33717882913615,53.5383350177462,1.13196510973574,61.9619387755102,0.540816326530612,0.714285714285714,99
"UGA_CEID-Walk","21",1.31873251153614,86.4438302085182,1.10758336044831,98.7930102040816,0.581632653061224,0.724489795918367,99
"UGA_CEID-Walk","22",1.1546696094233,93.3052905944987,1.08446867877945,116.990071428571,0.622448979591837,0.785714285714286,99
"UGA_CEID-Walk","23",1.14648697144052,29.9996401419698,1.04605731751508,35.2094693877551,0.530612244897959,0.775510204081633,99
"UGA_CEID-Walk","24",1.07362972747828,100.657858007986,1.02619379818962,120.28487755102,0.520408163265306,0.76530612244898,99
"UGA_CEID-Walk","25",1.09608366202845,164.19952391748,1.10249711716007,202.129602040816,0.530612244897959,0.755102040816326,99
"UGA_CEID-Walk","26",1.17732741305344,165.044330186335,1.04447311737201,191.643602040816,0.510204081632653,0.76530612244898,99
"UGA_CEID-Walk","27",1.03881043214571,144.922551952085,1.0098917750164,170.603744897959,0.489795918367347,0.76530612244898,99
"UGA_CEID-Walk","28",1.24763930774071,47.9605403061225,1.11647829121132,64.0804183673469,0.408163265306122,0.744897959183674,99
"UGA_CEID-Walk","29",1.26037419055862,136.047620882875,1.12736953660821,164.635336734694,0.459183673469388,0.704081632653061,99
"UGA_CEID-Walk","30",1.18584501616104,21.8108163043478,1.0751923654403,27.4799897959184,0.520408163265306,0.76530612244898,99
"UGA_CEID-Walk","31",1.36400020959111,34.6066602972493,1.19167141250818,42.2418571428571,0.540816326530612,0.704081632653061,99
"UGA_CEID-Walk","32",1.21348764831937,38.2588780124224,1.02315055989786,44.6881530612245,0.489795918367347,0.755102040816326,99
"UGA_CEID-Walk","33",1.08847086497584,36.3723518278616,1.04273291150142,42.9597244897959,0.683673469387755,0.785714285714286,99
"UGA_CEID-Walk","34",1.04349392953349,231.682994520852,1.01684534743736,277.803224489796,0.581632653061224,0.744897959183674,99
"UGA_CEID-Walk","35",1.13914614162763,58.2880991393079,1.03632934168873,68.3546836734694,0.448979591836735,0.775510204081633,99
"UGA_CEID-Walk","36",1.00512633150895,535.22556066992,1.09879162298019,663.731755102041,0.530612244897959,0.795918367346939,99
"UGA_CEID-Walk","37",1.03285125265707,334.035556929902,1.07750060264229,413.275357142857,0.469387755102041,0.795918367346939,99
"UGA_CEID-Walk","38",1.07227410906914,21.8658753726708,1.08415817437977,28.2696734693878,0.36734693877551,0.76530612244898,99
"UGA_CEID-Walk","39",1.20531397913296,276.572184449867,1.11701679592956,337.520867346939,0.448979591836735,0.704081632653061,99
"UGA_CEID-Walk","40",1.28537302756868,55.3828466503993,1.11225728228676,73.7717857142857,0.387755102040816,0.663265306122449,99
"UGA_CEID-Walk","41",1.17819544758194,71.7212670319432,1.05850742149989,90.7660816326531,0.469387755102041,0.642857142857143,99
"UGA_CEID-Walk","42",1.15759392723992,411.432695665484,1.047500641138,478.942428571429,0.510204081632653,0.673469387755102,99
"UGA_CEID-Walk","44",1.02094386561116,35.4484329281278,1.07305592674969,43.4128979591837,0.489795918367347,0.775510204081633,99
"UGA_CEID-Walk","45",1.07116580048688,125.724395319432,0.963357074067126,141.640714285714,0.489795918367347,0.714285714285714,99
"UGA_CEID-Walk","46",1.32301639573224,15.4421409627329,1.12671498810579,18.9119183673469,0.448979591836735,0.724489795918367,99
"UGA_CEID-Walk","47",1.05006324272289,112.730249356699,0.962070582027964,136.487285714286,0.459183673469388,0.775510204081633,99
"UGA_CEID-Walk","48",1.20540712762054,334.070697062999,1.05872483077826,408.83456122449,0.612244897959184,0.76530612244898,99
"UGA_CEID-Walk","49",1.01066154622431,34.5922358074534,0.978103575568318,43.9950306122449,0.448979591836735,0.785714285714286,99
"UGA_CEID-Walk","50",1.342648908196,8.00311674356699,1.21105646169276,10.2971734693878,0.561224489795918,0.775510204081633,99
"UGA_CEID-Walk","51",1.16839607028121,150.939702759539,1.08481902315969,180.569091836735,0.5,0.76530612244898,99
"UGA_CEID-Walk","53",1.2556011423327,49.8333030035492,1.1460342875844,70.2584081632653,0.316326530612245,0.73469387755102,99
"UGA_CEID-Walk","54",1.53178631836806,43.7865423824312,1.32242490252092,54.8574795918367,0.5,0.683673469387755,99
"UGA_CEID-Walk","55",1.05361969797823,130.830455829636,0.97428987042984,149.980795918367,0.530612244897959,0.775510204081633,99
"UGA_CEID-Walk","56",1.16419012187478,9.06539765749778,1.02786942613834,12.0813979591837,0.520408163265306,0.775510204081633,99
"UGA_CEID-Walk","72",1.14206708207454,40.9165836157941,1.0848870509287,61.3761428571429,0.448979591836735,0.877551020408163,99
"UGA_CEID-auto_AVG_LB","01",1.07695997854089,86.7856991848669,1.09980148267859,119.921198137146,0.414141414141414,0.818181818181818,100
"UGA_CEID-auto_AVG_LB","02",1.05720763656684,9.94095202648622,1.03464024967695,13.1245097063652,0.353535353535354,0.747474747474748,100
"UGA_CEID-auto_AVG_LB","04",1.00638563621813,56.3578772668704,0.968175865673739,83.7907073794056,0.555555555555556,0.919191919191919,100
"UGA_CEID-auto_AVG_LB","05",1.18619338061983,42.8550843976313,1.21099202703579,65.8347637782935,0.434343434343434,0.848484848484849,100
"UGA_CEID-auto_AVG_LB","06",0.919467804924218,212.80059581956,0.895774713620385,318.478759201614,0.404040404040404,0.858585858585859,100
"UGA_CEID-auto_AVG_LB","08",0.882795388585145,90.570375416313,1.01087099911427,127.349116842273,0.444444444444444,0.848484848484849,100
"UGA_CEID-auto_AVG_LB","09",0.85035507284998,90.7786332302866,0.972726741822274,120.613402417861,0.212121212121212,0.707070707070707,100
"UGA_CEID-auto_AVG_LB","10",0.847258570990432,24.2571872064309,0.802296186744846,29.846763430989,0.474747474747475,0.777777777777778,100
"UGA_CEID-auto_AVG_LB","11",1.08912807692538,12.107908756913,1.07284812703391,16.9838374048284,0.181818181818182,0.616161616161616,100
"UGA_CEID-auto_AVG_LB","12",0.866867366058461,314.446182663729,0.972787519108743,469.431143965733,0.272727272727273,0.717171717171717,100
"UGA_CEID-auto_AVG_LB","13",1.00267910148227,180.398269949693,1.13369104761614,258.630699967811,0.373737373737374,0.818181818181818,100
"UGA_CEID-auto_AVG_LB","15",1.11493744787932,13.4435946477508,1.20871108561606,20.866763341288,0.313131313131313,0.737373737373737,100
"UGA_CEID-auto_AVG_LB","16",0.909161099492795,22.7565238345346,0.963331205366225,34.6248086738239,0.454545454545455,0.898989898989899,100
"UGA_CEID-auto_AVG_LB","17",0.850408307716339,179.559845096799,0.8769291511806,237.781189527333,0.252525252525253,0.757575757575758,100
"UGA_CEID-auto_AVG_LB","18",1.02723733427117,101.53680519362,1.05275708553537,143.040510044343,0.454545454545455,0.808080808080808,100
"UGA_CEID-auto_AVG_LB","19",0.989496699430464,41.6984797282705,1.05146415533038,59.7642313661073,0.383838383838384,0.858585858585859,100
"UGA_CEID-auto_AVG_LB","20",0.887943506459925,36.5071933115913,0.910987590027664,51.5545731486225,0.313131313131313,0.757575757575758,100
"UGA_CEID-auto_AVG_LB","21",1.15150029072602,74.425920434474,1.18136852281915,103.757815517896,0.535353535353535,0.848484848484849,100
"UGA_CEID-auto_AVG_LB","22",0.972133740345776,79.0818969676464,1.15907947590535,126.332820930529,0.494949494949495,0.888888888888889,100
"UGA_CEID-auto_AVG_LB","23",0.836406064386087,22.2202323379239,0.929883678032445,31.8126735475129,0.474747474747475,0.898989898989899,100
"UGA_CEID-auto_AVG_LB","24",1.31073560198806,122.690069776788,1.49763012816398,175.730486755577,0.303030303030303,0.676767676767677,100
"UGA_CEID-auto_AVG_LB","25",0.971599270197111,145.142351430961,1.14801472543786,208.760657648723,0.363636363636364,0.848484848484849,100
"UGA_CEID-auto_AVG_LB","26",0.885757611589352,125.703978855237,0.90844311970929,169.213107499692,0.383838383838384,0.797979797979798,100
"UGA_CEID-auto_AVG_LB","27",0.83844417873871,118.223707493317,0.895153659136196,153.732026802823,0.535353535353535,0.888888888888889,100
"UGA_CEID-auto_AVG_LB","28",0.79104996089951,30.4575715864758,0.811396104582771,46.4848397837619,0.383838383838384,0.858585858585859,100
"UGA_CEID-auto_AVG_LB","29",0.975210985555249,106.42553283449,0.996763400720423,147.736122934864,0.262626262626263,0.676767676767677,100
"UGA_CEID-auto_AVG_LB","30",0.788331282746096,14.7817069941035,0.809844069409471,21.2342529528217,0.444444444444444,0.858585858585859,100
"UGA_CEID-auto_AVG_LB","31",1.04326570877165,26.8915141497483,1.09696796316283,39.4645538034745,0.292929292929293,0.797979797979798,100
"UGA_CEID-auto_AVG_LB","32",1.12174008970672,34.8270456433299,1.14877712474593,49.3766232613968,0.454545454545455,0.838383838383838,100
"UGA_CEID-auto_AVG_LB","33",0.757069299834903,25.8830213303772,0.767400544668329,32.0381173638877,0.393939393939394,0.737373737373737,100
"UGA_CEID-auto_AVG_LB","34",0.76881931975362,171.889619018686,0.928082496026907,257.155475757253,0.535353535353535,0.919191919191919,100
"UGA_CEID-auto_AVG_LB","35",0.819743238658583,42.0149755649491,0.873744329540896,57.4671024066944,0.424242424242424,0.818181818181818,100
"UGA_CEID-auto_AVG_LB","36",1.30724697902375,688.189538674595,1.63685895778531,983.366495216632,0.464646464646465,0.808080808080808,100
"UGA_CEID-auto_AVG_LB","37",0.862092580983806,273.441601399254,1.05349012573404,399.899623038103,0.616161616161616,0.98989898989899,100
"UGA_CEID-auto_AVG_LB","38",0.636301959203525,13.3158284390129,0.651182381341739,17.2673017360893,0.454545454545455,0.878787878787879,100
"UGA_CEID-auto_AVG_LB","39",0.909276878147754,211.936825461619,0.934938369033944,286.348120765065,0.434343434343434,0.787878787878788,100
"UGA_CEID-auto_AVG_LB","40",0.938697292474575,40.7971265276891,0.933790537815212,62.164980854857,0.393939393939394,0.767676767676768,100
"UGA_CEID-auto_AVG_LB","41",0.9940302343914,61.0670563059898,1.01264835667764,87.1631572910977,0.303030303030303,0.757575757575758,100
"UGA_CEID-auto_AVG_LB","42",0.737787485424762,268.583728700675,0.791014720897116,370.79062056587,0.505050505050505,0.858585858585859,100
"UGA_CEID-auto_AVG_LB","44",0.774356971870633,27.8571985395115,0.842373591567365,35.0595561650802,0.333333333333333,0.787878787878788,100
"UGA_CEID-auto_AVG_LB","45",0.93337486388198,110.202475981666,1.05825189852666,158.316230189155,0.363636363636364,0.747474747474748,100
"UGA_CEID-auto_AVG_LB","46",0.858756310591159,10.2607313191876,0.863928852700032,14.9313705737742,0.515151515151515,0.888888888888889,100
"UGA_CEID-auto_AVG_LB","47",0.778047660962899,84.7489910357129,0.806695428423738,115.938392960517,0.484848484848485,0.818181818181818,100
"UGA_CEID-auto_AVG_LB","48",1.13924722018267,312.559050140089,1.12188567178164,429.743344362299,0.767676767676768,1,100
"UGA_CEID-auto_AVG_LB","49",0.964500023213909,33.0443000330609,1.0810305388778,48.9676542122245,0.272727272727273,0.707070707070707,100
"UGA_CEID-auto_AVG_LB","50",0.987321626300892,6.00024809398702,0.919691189611187,7.93977866358838,0.424242424242424,0.747474747474748,100
"UGA_CEID-auto_AVG_LB","51",0.983495819537904,128.144574013987,1.04442630759251,175.662239961017,0.383838383838384,0.696969696969697,100
"UGA_CEID-auto_AVG_LB","53",0.878800505343061,35.7696387715591,0.847141647807173,54.1764936485751,0.494949494949495,0.96969696969697,100
"UGA_CEID-auto_AVG_LB","54",1.03402132250288,30.0020502275206,0.959412922277681,40.2527608270371,0.393939393939394,0.787878787878788,100
"UGA_CEID-auto_AVG_LB","55",0.781259399223654,99.6605910948981,0.813446936923852,129.03494678143,0.454545454545455,0.787878787878788,100
"UGA_CEID-auto_AVG_LB","56",0.96577113377357,7.44884440359576,0.972311674364543,11.2900995700209,0.464646464646465,0.878787878787879,100
"UGA_CEID-auto_AVG_LB","72",0.88216099637803,31.8144737443176,0.786142780447041,44.4569783984582,0.707070707070707,0.98989898989899,100
"UGA_flucast-Copycat","01",1.00220380389715,77.2491925465839,1.03560786506206,108.504761904762,0.352380952380952,0.752380952380952,108
"UGA_flucast-Copycat","02",0.963336713257949,8.69865424430642,1.02332888938977,12.4666666666667,0.4,0.819047619047619,108
"UGA_flucast-Copycat","04",1.14505615418657,61.3592049689441,1.07438073802656,88.7523809523809,0.39047619047619,0.80952380952381,108
"UGA_flucast-Copycat","05",1.17503675157737,41.7971262939959,1.23509545726803,65.8190476190476,0.276190476190476,0.8,108
"UGA_flucast-Copycat","06",0.643022155815422,145.188708074534,0.66029216243232,227.87619047619,0.485714285714286,0.942857142857143,108
"UGA_flucast-Copycat","08",0.730777812526695,71.3455362318841,0.963869963866237,116.780952380952,0.39047619047619,0.914285714285714,108
"UGA_flucast-Copycat","09",0.60388441099492,63.2285258799172,0.78129876917677,95.1714285714286,0.428571428571429,0.819047619047619,108
"UGA_flucast-Copycat","10",0.92352543675463,24.8762857142857,1.02713904653442,35.9238095238095,0.40952380952381,0.79047619047619,108
"UGA_flucast-Copycat","11",0.771179162341303,8.49206625258799,0.860115302378101,13.3428571428571,0.39047619047619,0.876190476190476,108
"UGA_flucast-Copycat","12",0.710258932885199,250.614836438923,0.841907501265197,395.257142857143,0.4,0.904761904761905,108
"UGA_flucast-Copycat","13",0.918317677815596,156.538699792961,1.06924184260693,232.8,0.247619047619048,0.780952380952381,108
"UGA_flucast-Copycat","15",0.84843056151906,10.6003354037267,0.930468808986921,16.6190476190476,0.39047619047619,0.780952380952381,108
"UGA_flucast-Copycat","16",1.41192456347304,33.6624306418219,1.44966328197768,49.8,0.39047619047619,0.80952380952381,108
"UGA_flucast-Copycat","17",1.07653168807911,213.21180952381,1.22823807319617,316.028571428571,0.257142857142857,0.771428571428571,108
"UGA_flucast-Copycat","18",1.08591597101874,101.566973084886,1.1887391448482,153.942857142857,0.457142857142857,0.780952380952381,108
"UGA_flucast-Copycat","19",1.03210240218591,40.5467991718427,1.09314093399063,57.5904761904762,0.40952380952381,0.79047619047619,108
"UGA_flucast-Copycat","20",0.989072649892448,37.745817805383,1.06209059489738,55.5333333333333,0.333333333333333,0.752380952380952,108
"UGA_flucast-Copycat","21",1.0084783083211,62.3624306418219,1.07450765058613,90.8857142857143,0.333333333333333,0.780952380952381,108
"UGA_flucast-Copycat","22",0.846245222166751,67.1846418219462,0.957659678531832,101.819047619048,0.371428571428571,0.80952380952381,108
"UGA_flucast-Copycat","23",0.84371515174557,21.4302857142857,0.993690992662137,32.647619047619,0.380952380952381,0.866666666666667,108
"UGA_flucast-Copycat","24",0.786937270539823,71.5699710144928,1.00081605845436,115.161904761905,0.39047619047619,0.828571428571429,108
"UGA_flucast-Copycat","25",0.817989868198946,117.898385093168,1.01480801343178,179.104761904762,0.371428571428571,0.857142857142857,108
"UGA_flucast-Copycat","26",1.04488504910537,141.308575569358,1.19459563677139,213.038095238095,0.295238095238095,0.828571428571429,108
"UGA_flucast-Copycat","27",0.60111828309847,81.434099378882,0.740577136858217,122.295238095238,0.419047619047619,0.80952380952381,108
"UGA_flucast-Copycat","28",0.968464525023257,35.7337805383023,0.923415353477297,50.3809523809524,0.285714285714286,0.752380952380952,108
"UGA_flucast-Copycat","29",0.991616726212134,102.595403726708,1.01866113228341,143.67619047619,0.257142857142857,0.714285714285714,108
"UGA_flucast-Copycat","30",0.985292763868947,17.4080455486542,1.10315448820932,27.0952380952381,0.304761904761905,0.819047619047619,108
"UGA_flucast-Copycat","31",0.890241402234646,21.9166086956522,0.971144555006885,33.2952380952381,0.314285714285714,0.866666666666667,108
"UGA_flucast-Copycat","32",1.09032623515468,32.5810434782609,1.12627071338328,46.6095238095238,0.361904761904762,0.838095238095238,108
"UGA_flucast-Copycat","33",0.715556106248161,23.1797888198758,0.851566654201627,33.9809523809524,0.323809523809524,0.838095238095238,108
"UGA_flucast-Copycat","34",0.628296524219483,137.807432712215,0.826659402030318,224.019047619048,0.4,0.885714285714286,108
"UGA_flucast-Copycat","35",0.878869157783042,42.3558716356108,1.02978418028949,64.4761904761905,0.304761904761905,0.752380952380952,108
"UGA_flucast-Copycat","36",0.469077018748899,246.589763975155,0.677903501950335,405.752380952381,0.438095238095238,0.933333333333333,108
"UGA_flucast-Copycat","37",0.870255375653944,268.97747826087,1.05132286571112,387.571428571429,0.380952380952381,0.752380952380952,108
"UGA_flucast-Copycat","38",0.707079013033515,14.1060869565217,0.777413627889293,19.8952380952381,0.361904761904762,0.780952380952381,108
"UGA_flucast-Copycat","39",1.0965115313247,242.844720496894,1.26324821327129,371.104761904762,0.323809523809524,0.780952380952381,108
"UGA_flucast-Copycat","40",1.06242908656457,44.4246376811594,0.976345552388661,62.352380952381,0.238095238095238,0.619047619047619,108
"UGA_flucast-Copycat","41",0.791558476438728,46.1511759834369,0.811523742409392,66.6571428571429,0.304761904761905,0.771428571428571,108
"UGA_flucast-Copycat","42",0.739763489450759,254.6113126294,0.896993324029101,399.304761904762,0.4,0.885714285714286,108
"UGA_flucast-Copycat","44",0.641638738815666,21.9165134575569,0.842659921637727,33.5619047619048,0.361904761904762,0.838095238095238,108
"UGA_flucast-Copycat","45",0.935789388401367,104.573751552795,1.1418835293488,163.390476190476,0.219047619047619,0.714285714285714,108
"UGA_flucast-Copycat","46",1.01106414365591,11.5338095238095,0.980351998278129,16.2285714285714,0.39047619047619,0.828571428571429,108
"UGA_flucast-Copycat","47",0.859554660194749,89.0764099378882,0.927970009743771,127.27619047619,0.438095238095238,0.79047619047619,108
"UGA_flucast-Copycat","48",0.846185829112364,224.129946169772,0.979969660580235,363.771428571429,0.371428571428571,0.942857142857143,108
"UGA_flucast-Copycat","49",0.838583773080165,27.2978964803313,1.0311457207469,44.5714285714286,0.276190476190476,0.819047619047619,108
"UGA_flucast-Copycat","50",1.09366433784591,6.3356066252588,1.10459161574183,9.06666666666667,0.419047619047619,0.838095238095238,108
"UGA_flucast-Copycat","51",0.90877512011683,112.848385093168,1.0897790312786,175.438095238095,0.40952380952381,0.847619047619048,108
"UGA_flucast-Copycat","53",0.75927239457644,29.5608405797101,0.7471833138297,45.1142857142857,0.428571428571429,0.942857142857143,108
"UGA_flucast-Copycat","54",0.908106444965853,25.2287204968944,0.923086845609431,37,0.4,0.80952380952381,108
"UGA_flucast-Copycat","55",0.742495948490028,90.281917184265,0.922434792101271,139.838095238095,0.419047619047619,0.828571428571429,108
"UGA_flucast-Copycat","56",0.957371783119808,7.27074948240166,0.956009231719363,10.8857142857143,0.361904761904762,0.79047619047619,108
"UGA_flucast-Copycat","72",1.31124661837684,46.4344099378882,1.3386675624536,74.1047619047619,0.266666666666667,0.866666666666667,108
"UGA_flucast-INFLAenza","01",0.777272283713857,53.4276470192739,0.816005639912039,75.6082474226804,0.412371134020619,0.88659793814433,100
"UGA_flucast-INFLAenza","02",0.896051848022915,7.21532660242044,0.864461943586567,9.27319587628866,0.556701030927835,0.835051546391753,100
"UGA_flucast-INFLAenza","04",0.726785903969361,34.3083489018377,0.7577194702365,55.2164948453608,0.484536082474227,1,100
"UGA_flucast-INFLAenza","05",0.777913842515855,24.1291244060959,0.826558036663904,37.7783505154639,0.422680412371134,0.88659793814433,100
"UGA_flucast-INFLAenza","06",0.709757455295207,147.727296077992,0.77591352780905,247.381443298969,0.536082474226804,1,100
"UGA_flucast-INFLAenza","08",0.504214412193985,42.6692736665173,0.662759517633452,69.2164948453608,0.443298969072165,0.938144329896907,100
"UGA_flucast-INFLAenza","09",0.634991591540017,57.6782692066338,0.776017094430101,80.7835051546392,0.381443298969072,0.783505154639175,100
"UGA_flucast-INFLAenza","10",0.762007428306414,18.7926211116091,0.748863622780404,23.4587628865979,0.484536082474227,0.804123711340206,100
"UGA_flucast-INFLAenza","11",0.655399684113414,6.19260479605558,0.74650493242767,9.92783505154639,0.474226804123711,0.927835051546392,100
"UGA_flucast-INFLAenza","12",0.530445867595771,182.867685768714,0.619913307482257,280.675257731959,0.54639175257732,1,100
"UGA_flucast-INFLAenza","13",0.619335443639302,84.853462841775,0.750271810602664,131.025773195876,0.360824742268041,0.948453608247423,100
"UGA_flucast-INFLAenza","15",0.740262346586598,8.57817740923353,0.806000832565742,13.319587628866,0.45360824742268,0.896907216494845,100
"UGA_flucast-INFLAenza","16",0.665584558353337,13.7718266024204,0.689854557273858,20.6340206185567,0.56701030927835,0.948453608247423,100
"UGA_flucast-INFLAenza","17",0.662112707050144,109.079408493949,0.669656801349821,142.412371134021,0.525773195876289,0.917525773195876,100
"UGA_flucast-INFLAenza","18",0.634754173589907,51.4656990587181,0.68550043612149,76.2680412371134,0.65979381443299,0.88659793814433,100
"UGA_flucast-INFLAenza","19",0.78989112185317,26.9958914388167,0.828389399472883,38.1185567010309,0.484536082474227,0.917525773195876,100
"UGA_flucast-INFLAenza","20",0.804252645511841,26.7988626400717,0.826387373041689,37.6340206185567,0.56701030927835,0.88659793814433,100
"UGA_flucast-INFLAenza","21",0.803334197151887,42.5305847377857,0.78819307583133,56.6907216494845,0.494845360824742,0.896907216494845,100
"UGA_flucast-INFLAenza","22",0.540293457118719,39.4110647691618,0.6568410846201,63.4226804123711,0.525773195876289,0.917525773195876,100
"UGA_flucast-INFLAenza","23",0.588357532772903,13.0971746750336,0.612737470728184,17.7319587628866,0.649484536082474,0.938144329896907,100
"UGA_flucast-INFLAenza","24",0.577270807389063,45.5280963021067,0.731279732022747,72.1030927835052,0.278350515463918,0.824742268041237,100
"UGA_flucast-INFLAenza","25",0.642249700443388,80.6464228372927,0.731142808463693,111.072164948454,0.474226804123711,0.845360824742268,100
"UGA_flucast-INFLAenza","26",0.641007689112141,73.8457192962797,0.667530669916445,101.051546391753,0.680412371134021,0.927835051546392,100
"UGA_flucast-INFLAenza","27",0.60166176831903,72.4655183549978,0.673434972021166,97.5773195876289,0.515463917525773,0.824742268041237,100
"UGA_flucast-INFLAenza","28",0.708969688483274,23.2735142312864,0.764313486941316,37.2216494845361,0.443298969072165,0.927835051546392,100
"UGA_flucast-INFLAenza","29",0.832984736596031,72.3677510533393,0.831389991313917,99.1701030927835,0.34020618556701,0.845360824742268,100
"UGA_flucast-INFLAenza","30",0.683653198425483,10.0410263334827,0.699168615127767,14.4536082474227,0.54639175257732,0.907216494845361,100
"UGA_flucast-INFLAenza","31",0.774474075825583,17.5264587404751,0.816734294488433,26.0103092783505,0.402061855670103,0.896907216494845,100
"UGA_flucast-INFLAenza","32",0.783849866702095,19.7685372254594,0.784093298072626,27.3247422680412,0.54639175257732,0.855670103092783,100
"UGA_flucast-INFLAenza","33",0.630398223268264,17.7423757956074,0.700965774461692,23.9381443298969,0.505154639175258,0.907216494845361,100
"UGA_flucast-INFLAenza","34",0.553235856032795,106.895408112954,0.707429901334528,166.845360824742,0.43298969072165,0.927835051546392,100
"UGA_flucast-INFLAenza","35",0.645530164040248,26.5936065217391,0.698554244129905,37.2268041237113,0.536082474226804,0.855670103092783,100
"UGA_flucast-INFLAenza","36",0.529430569485854,255.806278529807,0.718852059940919,388.355670103093,0.45360824742268,0.835051546391753,100
"UGA_flucast-INFLAenza","37",0.600431755169994,151.72771550874,0.71509381275005,215.29381443299,0.443298969072165,0.896907216494845,100
"UGA_flucast-INFLAenza","38",0.598498811900756,10.6965329448678,0.66602923244998,15.2680412371134,0.525773195876289,0.917525773195876,100
"UGA_flucast-INFLAenza","39",0.664372776304284,122.932063267593,0.68436519451756,167.309278350515,0.608247422680412,0.814432989690722,100
"UGA_flucast-INFLAenza","40",0.859332672267303,32.7021783056925,0.835942911685801,49.4123711340206,0.422680412371134,0.77319587628866,100
"UGA_flucast-INFLAenza","41",0.85570873901833,48.9919921783953,0.849850551156688,67.6340206185567,0.309278350515464,0.793814432989691,100
"UGA_flucast-INFLAenza","42",0.533162139554908,162.124506521739,0.662244825023075,258.824742268041,0.463917525773196,0.958762886597938,100
"UGA_flucast-INFLAenza","44",0.600737370347153,18.9084037651277,0.72443854055937,26.1855670103093,0.43298969072165,0.855670103092783,100
"UGA_flucast-INFLAenza","45",0.677196336913895,62.4325522411475,0.76479724339746,89.1958762886598,0.463917525773196,0.835051546391753,100
"UGA_flucast-INFLAenza","46",0.772777288188556,7.75211472433886,0.759393092740516,10.979381443299,0.577319587628866,0.917525773195876,100
"UGA_flucast-INFLAenza","47",0.635382012860136,51.5945672120125,0.695347955855774,74.9690721649485,0.54639175257732,0.948453608247423,100
"UGA_flucast-INFLAenza","48",0.596126198724022,125.620008583595,0.682129768727504,200.963917525773,0.618556701030928,1,100
"UGA_flucast-INFLAenza","49",0.619671597335905,17.4796545719408,0.717055229690759,26.6185567010309,0.288659793814433,0.77319587628866,100
"UGA_flucast-INFLAenza","50",0.792010058708669,3.90384921559839,0.767843043812867,5.35051546391753,0.639175257731959,0.938144329896907,100
"UGA_flucast-INFLAenza","51",0.571994533039841,60.5564539444195,0.672507856608433,92.1701030927835,0.443298969072165,0.845360824742268,100
"UGA_flucast-INFLAenza","53",0.648463380643246,24.0205266024204,0.661504558227454,37.9432989690722,0.639175257731959,1,100
"UGA_flucast-INFLAenza","54",0.957034358823945,23.5855367548185,0.921933309929579,32.7216494845361,0.422680412371134,0.845360824742268,100
"UGA_flucast-INFLAenza","55",0.603348322836675,62.2517041012999,0.602699059797582,77.659793814433,0.587628865979381,0.835051546391753,100
"UGA_flucast-INFLAenza","56",0.62510826092845,4.23243431196773,0.686903123124539,7.01030927835052,0.43298969072165,0.969072164948454,100
"UGA_flucast-INFLAenza","72",0.862384450949323,28.4637523532048,0.779638350861697,40.0773195876289,0.762886597938144,0.989690721649485,100
"UGA_flucast-Scenariocast","01",0.756502025287054,62.9059614522636,0.842808561672286,94.680412371134,0.494845360824742,0.896907216494845,100
"UGA_flucast-Scenariocast","02",0.946586053274797,8.8905378753922,1.05190468334702,13.3917525773196,0.443298969072165,0.845360824742268,100
"UGA_flucast-Scenariocast","04",0.999898063103259,57.6263245181533,0.968724636638196,86.2886597938144,0.474226804123711,0.88659793814433,100
"UGA_flucast-Scenariocast","05",1.13011894495304,43.0012505602869,1.17383856402195,67.1752577319588,0.298969072164948,0.865979381443299,100
"UGA_flucast-Scenariocast","06",0.617033587172085,147.840744060959,0.522931350291865,193.113402061856,0.824742268041237,1,100
"UGA_flucast-Scenariocast","08",0.48644885146041,49.369515912147,0.659424690237946,82.7216494845361,0.43298969072165,0.969072164948454,100
"UGA_flucast-Scenariocast","09",0.60853470893348,65.6076199013895,0.775832166066186,97.5463917525773,0.350515463917526,0.865979381443299,100
"UGA_flucast-Scenariocast","10",0.893875273187176,25.3803630658897,0.983968956603747,36.2886597938144,0.288659793814433,0.855670103092783,100
"UGA_flucast-Scenariocast","11",0.762083639311859,8.54868220528911,0.84225558217821,13.4123711340206,0.391752577319588,0.88659793814433,100
"UGA_flucast-Scenariocast","12",0.553795277744054,210.478740475123,0.599002977882511,308.628865979381,0.649484536082474,1,100
"UGA_flucast-Scenariocast","13",0.628530592767447,114.120528910802,0.766811585651065,178.103092783505,0.412371134020619,0.917525773195876,100
"UGA_flucast-Scenariocast","15",0.993732405318379,12.4191080233079,1.11726888038597,19.979381443299,0.278350515463918,0.742268041237113,100
"UGA_flucast-Scenariocast","16",1.19993445755605,30.1178798744957,1.24481989743888,44.9896907216495,0.443298969072165,0.855670103092783,100
"UGA_flucast-Scenariocast","17",0.737890158138175,156.166382787987,0.893261699904515,245.680412371134,0.484536082474227,0.907216494845361,100
"UGA_flucast-Scenariocast","18",0.739955120237166,74.4869699686239,0.89897709739322,124.701030927835,0.494845360824742,0.958762886597938,100
"UGA_flucast-Scenariocast","19",0.992425179174122,41.8419856566562,1.00349804092555,56.639175257732,0.463917525773196,0.814432989690722,100
"UGA_flucast-Scenariocast","20",0.957302373272003,39.3166965486329,1.10065359893915,61.9381443298969,0.505154639175258,0.927835051546392,100
"UGA_flucast-Scenariocast","21",0.914906066591053,60.3835051546392,1.02029914975155,92.1134020618557,0.43298969072165,0.896907216494845,100
"UGA_flucast-Scenariocast","22",0.589377098538712,49.5338547736441,0.696126116019398,78.4432989690722,0.525773195876289,0.938144329896907,100
"UGA_flucast-Scenariocast","23",0.66971358457132,18.0683505154639,0.82517101135788,28.8762886597938,0.54639175257732,0.938144329896907,100
"UGA_flucast-Scenariocast","24",0.525875891414248,50.0067637830569,0.702224003780663,84.2577319587629,0.45360824742268,0.927835051546392,100
"UGA_flucast-Scenariocast","25",0.625882862488359,95.6534827431645,0.803818845807165,149.762886597938,0.350515463917526,0.907216494845361,100
"UGA_flucast-Scenariocast","26",0.721320833186261,104.154679515912,0.879439690040736,167.824742268041,0.484536082474227,0.927835051546392,100
"UGA_flucast-Scenariocast","27",0.596491294256681,84.8162841774989,0.75824211017447,131.556701030928,0.412371134020619,0.88659793814433,100
"UGA_flucast-Scenariocast","28",0.779829502772692,30.233998207082,0.847006723143652,49.0103092783505,0.43298969072165,0.948453608247423,100
"UGA_flucast-Scenariocast","29",0.835196963255755,92.9968758404303,0.96043815966285,146.298969072165,0.402061855670103,0.917525773195876,100
"UGA_flucast-Scenariocast","30",0.991688257789101,18.6780591662931,1.14977305435368,30.0721649484536,0.309278350515464,0.896907216494845,100
"UGA_flucast-Scenariocast","31",0.788158968806598,20.5603854773644,0.909325180964565,33.0927835051546,0.45360824742268,0.938144329896907,100
"UGA_flucast-Scenariocast","32",1.01451100283209,31.914343343792,1.11874706230122,48.7319587628866,0.505154639175258,0.855670103092783,100
"UGA_flucast-Scenariocast","33",0.604758581032527,20.658623935455,0.761475202502047,31.9381443298969,0.34020618556701,0.896907216494845,100
"UGA_flucast-Scenariocast","34",0.509054815327852,115.461470192739,0.68300513238356,192.546391752577,0.391752577319588,0.989690721649485,100
"UGA_flucast-Scenariocast","35",0.655105463217965,33.8468579112506,0.791839274583421,53.0103092783505,0.391752577319588,0.907216494845361,100
"UGA_flucast-Scenariocast","36",0.434583417782542,229.655230838189,0.629220036217968,381.773195876289,0.360824742268041,0.938144329896907,100
"UGA_flucast-Scenariocast","37",0.707072427447742,232.948126400717,0.901220298297101,352.938144329897,0.257731958762887,0.855670103092783,100
"UGA_flucast-Scenariocast","38",0.555567221300771,11.5128462572837,0.648800420353542,17.1443298969072,0.556701030927835,0.948453608247423,100
"UGA_flucast-Scenariocast","39",0.698007091572375,164.579623487225,0.849579610670991,265.226804123711,0.505154639175258,0.88659793814433,100
"UGA_flucast-Scenariocast","40",1.03898127534683,45.3631645002241,1.0624454558562,71.5051546391753,0.288659793814433,0.845360824742268,100
"UGA_flucast-Scenariocast","41",0.604649332507462,38.0140519946212,0.658058643383221,58.2061855670103,0.422680412371134,0.865979381443299,100
"UGA_flucast-Scenariocast","42",0.634026702808878,230.197252353205,0.798569068895461,370.525773195876,0.587628865979381,0.969072164948454,100
"UGA_flucast-Scenariocast","44",0.507815723030072,18.0602689376961,0.686108762691933,28.6185567010309,0.412371134020619,0.907216494845361,100
"UGA_flucast-Scenariocast","45",0.717468946138906,86.3047019273868,0.904577191038808,139.041237113402,0.257731958762887,0.855670103092783,100
"UGA_flucast-Scenariocast","46",1.1833175022051,14.3926759300762,1.27843041051333,22.4845360824742,0.412371134020619,0.876288659793814,100
"UGA_flucast-Scenariocast","47",0.778278508734241,86.033863738234,0.920855488064604,136.030927835052,0.556701030927835,0.927835051546392,100
"UGA_flucast-Scenariocast","48",0.642839092209888,181.565571492604,0.698089509044813,275.432989690722,0.742268041237113,1,100
"UGA_flucast-Scenariocast","49",0.640023032090172,22.1148408785298,0.793893385118578,36.3711340206186,0.391752577319588,0.855670103092783,100
"UGA_flucast-Scenariocast","50",1.14378676090064,6.98729269385926,1.32629765377771,11.4742268041237,0.463917525773196,0.896907216494845,100
"UGA_flucast-Scenariocast","51",0.572850043072941,75.698341550874,0.717950028149789,122.690721649485,0.54639175257732,0.958762886597938,100
"UGA_flucast-Scenariocast","53",0.584920445830353,24.3991618108472,0.492607338479684,31.6907216494845,0.721649484536082,1,100
"UGA_flucast-Scenariocast","54",0.897244209421664,26.4524204392649,0.983068246992646,41.979381443299,0.402061855670103,0.88659793814433,100
"UGA_flucast-Scenariocast","55",0.630646807246952,80.8007664724339,0.812396016405428,130.340206185567,0.391752577319588,0.927835051546392,100
"UGA_flucast-Scenariocast","56",0.97742100612545,7.73342895562528,0.996423104952536,11.8350515463918,0.371134020618557,0.804123711340206,100
"UGA_flucast-Scenariocast","72",1.46880116703291,52.9723621694308,1.48599391430561,84.0103092783505,0.525773195876289,0.938144329896907,100
"UGuelph-CompositeCurve","01",2.01104308632338,290.703342391304,1.70481858192739,344.875,0,0.1875,16
"UGuelph-CompositeCurve","02",1.43381886225867,29.2724456521739,1.57569315550557,40,0.125,0.4375,16
"UGuelph-CompositeCurve","04",2.21169575121609,214.108125,1.70525518842587,256.4375,0,0,16
"UGuelph-CompositeCurve","05",2.44833314102838,178.16035326087,1.86052972160859,198.5,0,0,16
"UGuelph-CompositeCurve","06",1.24653853352006,496.635597826087,1.06294404850478,638.9375,0.1875,0.375,16
"UGuelph-CompositeCurve","08",2.22544686662871,527.741793478261,2.04637831406595,591.75,0,0.125,16
"UGuelph-CompositeCurve","09",1.49963069839029,427.65464673913,1.60293816969422,507.875,0,0,16
"UGuelph-CompositeCurve","10",1.33166025749518,84.9398913043478,1.3289893727494,103.6875,0.125,0.1875,16
"UGuelph-CompositeCurve","11",1.8858067294005,44.7107880434783,1.67047943773903,57.5625,0,0.125,16
"UGuelph-CompositeCurve","12",2.12937155829566,1204.94714673913,1.95179611499963,1497.0625,0,0.5,16
"UGuelph-CompositeCurve","13",1.91584953464675,812.978559782609,1.77417844813672,920.6875,0,0,16
"UGuelph-CompositeCurve","15",2.45257522275209,56.2053532608696,2.0419607809443,69.125,0,0.25,16
"UGuelph-CompositeCurve","16",2.73149193682161,117.037989130435,2.27052682961275,140.5,0,0.25,16
"UGuelph-CompositeCurve","17",1.82999827357055,820.4775,1.66225322966387,948.3125,0,0.25,16
"UGuelph-CompositeCurve","18",2.11764817853723,422.738614130435,1.83442393578612,491.875,0,0,16
"UGuelph-CompositeCurve","19",1.91593290503516,154.33875,1.74076220762661,182.6875,0,0.25,16
"UGuelph-CompositeCurve","20",1.63627351277551,138.430923913043,1.53037624839459,171.9375,0.0625,0.1875,16
"UGuelph-CompositeCurve","21",1.6221758971359,199.953967391304,1.52347745693358,248.125,0.125,0.375,16
"UGuelph-CompositeCurve","22",1.90253524372932,335.551032608696,1.76043240724608,416.375,0,0.1875,16
"UGuelph-CompositeCurve","23",1.85363388693005,119.694782608696,1.70637175255328,140.5625,0.0625,0.25,16
"UGuelph-CompositeCurve","24",1.55364737029606,368.326576086957,1.54401888607545,450.125,0,0.125,16
"UGuelph-CompositeCurve","25",1.5310070924412,604.510434782609,1.46684895283967,681.3125,0,0.0625,16
"UGuelph-CompositeCurve","26",1.70052990255901,612.587065217391,1.5358962982065,699.8125,0,0.0625,16
"UGuelph-CompositeCurve","27",1.56616947984608,568.13777173913,1.57788895728436,663.4375,0,0.25,16
"UGuelph-CompositeCurve","28",1.8849360422976,119.23535326087,1.6101329994358,147.8125,0.0625,0.3125,16
"UGuelph-CompositeCurve","29",1.61153713837629,368.856847826087,1.40115687568838,429.25,0.125,0.125,16
"UGuelph-CompositeCurve","30",2.26926721677429,74.1217934782609,1.94764157803417,88.5625,0,0.125,16
"UGuelph-CompositeCurve","31",1.63292297773465,87.898125,1.40745288409719,105,0.125,0.125,16
"UGuelph-CompositeCurve","32",2.16816404332646,136.568097826087,1.88625179307424,159.4375,0,0.25,16
"UGuelph-CompositeCurve","33",1.38474584262721,100.564918478261,1.44423897282095,124.6875,0.0625,0.3125,16
"UGuelph-CompositeCurve","34",1.53598312915469,890.664619565217,1.56557095538543,1105.1875,0,0.0625,16
"UGuelph-CompositeCurve","35",1.74531408839464,194.20472826087,1.64258478354861,231.1875,0,0.25,16
"UGuelph-CompositeCurve","36",1.34006079283317,1692.02192934783,1.10952725493015,1640.625,0,0.125,16
"UGuelph-CompositeCurve","37",1.65665402551916,1372.60307065217,1.60217005185605,1554.1875,0,0.25,16
"UGuelph-CompositeCurve","38",1.39818448397807,64.9726902173913,1.35068495252154,79,0,0.25,16
"UGuelph-CompositeCurve","39",1.89719007677966,978.097608695652,1.68658393621411,1113.625,0,0.25,16
"UGuelph-CompositeCurve","40",1.44386383375203,109.121304347826,1.26364898113508,147.3125,0.0625,0.375,16
"UGuelph-CompositeCurve","41",0.807284174385798,75.3326630434783,0.751985178919185,99.9375,0.0625,0.3125,16
"UGuelph-CompositeCurve","42",1.93258115506415,1576.36076086957,1.77470355105999,1830.75,0.0625,0.1875,16
"UGuelph-CompositeCurve","44",1.65876068024657,161.176114130435,1.64543767231994,181.75,0,0.0625,16
"UGuelph-CompositeCurve","45",1.66158575005532,439.912690217391,1.65442140784161,539.125,0,0.3125,16
"UGuelph-CompositeCurve","46",1.92655842109774,44.0270923913044,1.57637012873503,51.875,0,0.0625,16
"UGuelph-CompositeCurve","47",1.92062484451354,463.456141304348,1.76675667746585,551.6875,0,0.25,16
"UGuelph-CompositeCurve","48",1.76716807969044,978.586168478261,1.21527065221037,961.375,0.1875,0.1875,16
"UGuelph-CompositeCurve","49",2.02683504158235,148.930516304348,1.81737262793606,171.8125,0,0.25,16
"UGuelph-CompositeCurve","50",2.01742784264418,24.3188043478261,1.66762835522052,27.9375,0,0.125,16
"UGuelph-CompositeCurve","51",1.81611726234764,509.967581521739,1.64605384529948,591.8125,0,0.0625,16
"UGuelph-CompositeCurve","53",2.18153293237977,136.658342391304,1.70650269675552,169.375,0,0.125,16
"UGuelph-CompositeCurve","54",1.36822187363695,74.9266304347826,1.30600777521368,99.9375,0.1875,0.375,16
"UGuelph-CompositeCurve","55",1.81796864741978,543.332065217391,1.67115560252636,621,0,0.125,16
"UGuelph-CompositeCurve","56",1.89022602415989,27.3336684782609,1.58470627394538,34.8125,0,0.1875,16
"UGuelph-CompositeCurve","72",2.97027421515114,186.690407608696,2.64085421465751,259.0625,0,0.125,16
"UI_CompEpi-EpiGen","01",0.961079673876698,87.4756945917285,0.858543808840349,105.768292682927,0.341463414634146,0.573170731707317,84
"UI_CompEpi-EpiGen","02",0.989083844284302,10.1204559915164,0.925359079224259,12.7317073170732,0.426829268292683,0.719512195121951,84
"UI_CompEpi-EpiGen","04",0.85694594846244,53.526882290562,0.784390964165309,75.6585365853659,0.621951219512195,0.926829268292683,84
"UI_CompEpi-EpiGen","05",1.22971853058909,49.3152279957582,1.05030344192242,63.7439024390244,0.353658536585366,0.695121951219512,84
"UI_CompEpi-EpiGen","06",1.25102229985132,308.868197242842,1.03361483027374,390.451219512195,0.341463414634146,0.585365853658537,84
"UI_CompEpi-EpiGen","08",0.773687430938276,87.4171580063627,0.770128772228008,107.658536585366,0.365853658536585,0.658536585365854,84
"UI_CompEpi-EpiGen","09",0.72727739762209,85.5617974549311,0.717660153280005,99.9390243902439,0.560975609756098,0.682926829268293,84
"UI_CompEpi-EpiGen","10",1.08561536580244,35.1783032873807,0.997728094850044,42.0487804878049,0.341463414634146,0.634146341463415,84
"UI_CompEpi-EpiGen","11",1.53622106364841,19.2566436903499,1.36012892313316,24.1341463414634,0.463414634146341,0.695121951219512,84
"UI_CompEpi-EpiGen","12",1.01831788648912,398.54453340403,0.914005321021746,477.865853658537,0.304878048780488,0.536585365853659,84
"UI_CompEpi-EpiGen","13",0.95481340640163,190.07756097561,0.881862611971941,222.329268292683,0.304878048780488,0.597560975609756,84
"UI_CompEpi-EpiGen","15",1.17356117499094,15.3102173913043,1.06284725812078,19.9024390243902,0.207317073170732,0.51219512195122,84
"UI_CompEpi-EpiGen","16",0.714080655946064,20.0266861081654,0.658601908845907,26.2926829268293,0.5,0.792682926829268,84
"UI_CompEpi-EpiGen","17",0.942882659768517,227.033700954401,0.845419713110405,260.817073170732,0.317073170731707,0.609756097560976,84
"UI_CompEpi-EpiGen","18",0.913885221569175,103.873446447508,0.823289024019622,129.024390243902,0.353658536585366,0.670731707317073,84
"UI_CompEpi-EpiGen","19",0.980760297917392,46.6941145281018,0.915205741922467,58.4756097560976,0.390243902439024,0.646341463414634,84
"UI_CompEpi-EpiGen","20",0.693957497793077,32.5665323435843,0.61818340679322,39.4268292682927,0.51219512195122,0.780487804878049,84
"UI_CompEpi-EpiGen","21",0.936409004935636,69.6549575821845,0.856759498129296,87.3048780487805,0.463414634146341,0.682926829268293,84
"UI_CompEpi-EpiGen","22",0.892418489244552,80.2557688229056,0.819230704731209,98.2926829268293,0.390243902439024,0.634146341463415,84
"UI_CompEpi-EpiGen","23",0.915422451795266,27.5781707317073,0.875049596597996,34.109756097561,0.573170731707317,0.719512195121951,84
"UI_CompEpi-EpiGen","24",1.01298650133696,107.178796394486,0.93408816198012,124.646341463415,0.463414634146341,0.634146341463415,84
"UI_CompEpi-EpiGen","25",1.02290415704871,174.215360551432,0.991960799393257,206.768292682927,0.414634146341463,0.621951219512195,84
"UI_CompEpi-EpiGen","26",1.16441080842828,189.444172852598,1.05122264159446,225.219512195122,0.329268292682927,0.634146341463415,84
"UI_CompEpi-EpiGen","27",0.704958227855724,109.719893955461,0.699734424969277,133.09756097561,0.463414634146341,0.719512195121951,84
"UI_CompEpi-EpiGen","28",1.04580680198032,42.3725238600212,0.881763734043525,53.1829268292683,0.390243902439024,0.597560975609756,84
"UI_CompEpi-EpiGen","29",0.899622366962871,111.962730646872,0.796398250614394,133.646341463415,0.451219512195122,0.646341463414634,84
"UI_CompEpi-EpiGen","30",0.860114117737957,17.8987910922587,0.798174471878458,23.0487804878049,0.390243902439024,0.74390243902439,84
"UI_CompEpi-EpiGen","31",0.741508961669735,21.2502173913043,0.657277178338071,26.219512195122,0.51219512195122,0.74390243902439,84
"UI_CompEpi-EpiGen","32",0.89845805637327,30.9288706256628,0.842415066689511,40.1951219512195,0.365853658536585,0.75609756097561,84
"UI_CompEpi-EpiGen","33",0.88956958441102,33.4453605514316,0.865193447175862,39.9024390243902,0.304878048780488,0.670731707317073,84
"UI_CompEpi-EpiGen","34",1.08107686448307,264.178181336161,0.992796216696967,303.69512195122,0.378048780487805,0.634146341463415,84
"UI_CompEpi-EpiGen","35",0.852314395406,48.9283881230117,0.801385401067172,59.3414634146341,0.451219512195122,0.719512195121951,84
"UI_CompEpi-EpiGen","36",0.900709760800542,506.538319194062,0.897002868021479,577.975609756098,0.402439024390244,0.585365853658537,84
"UI_CompEpi-EpiGen","37",0.971230055206697,361.820275715801,0.910271017274108,406.036585365854,0.5,0.634146341463415,84
"UI_CompEpi-EpiGen","38",0.728531862997145,16.5770360551432,0.697142476618692,20.219512195122,0.414634146341463,0.719512195121951,84
"UI_CompEpi-EpiGen","39",1.11837311949818,299.504374337222,0.990902790277121,349.548780487805,0.329268292682927,0.548780487804878,84
"UI_CompEpi-EpiGen","40",0.888056816383316,42.4223700954401,0.807479387479501,59.0487804878049,0.341463414634146,0.768292682926829,84
"UI_CompEpi-EpiGen","41",0.759435844935026,51.5617126193001,0.688834369928586,65.1463414634146,0.5,0.731707317073171,84
"UI_CompEpi-EpiGen","42",1.23264438956312,504.287428419936,1.10587629704546,585.609756097561,0.231707317073171,0.573170731707317,84
"UI_CompEpi-EpiGen","44",0.918787244383336,34.9684941675504,0.911904618789248,41.0243902439024,0.439024390243902,0.609756097560976,84
"UI_CompEpi-EpiGen","45",0.930638571287325,124.670662778367,0.904287917190284,152.829268292683,0.341463414634146,0.695121951219512,84
"UI_CompEpi-EpiGen","46",1.02272158931138,13.9315164369035,0.904663653355361,17.7926829268293,0.353658536585366,0.719512195121951,84
"UI_CompEpi-EpiGen","47",0.796270858098258,99.04164369035,0.726688554622663,119.865853658537,0.439024390243902,0.707317073170732,84
"UI_CompEpi-EpiGen","48",1.13040108002404,346.855455991516,0.945934685770912,405.878048780488,0.341463414634146,0.658536585365854,84
"UI_CompEpi-EpiGen","49",0.754066647341967,28.9305991516437,0.716546489934038,36.390243902439,0.365853658536585,0.695121951219512,84
"UI_CompEpi-EpiGen","50",1.29676328507561,8.92370625662778,1.16284274628258,11.3414634146341,0.365853658536585,0.695121951219512,84
"UI_CompEpi-EpiGen","51",0.836696396848281,125.570227995758,0.780464394302773,151.317073170732,0.5,0.719512195121951,84
"UI_CompEpi-EpiGen","53",0.752239385255481,33.1852067868505,0.689337938693992,47.2439024390244,0.463414634146341,0.853658536585366,84
"UI_CompEpi-EpiGen","54",0.997195080876142,32.7069989395546,0.891910172302392,42.4268292682927,0.402439024390244,0.719512195121951,84
"UI_CompEpi-EpiGen","55",0.990108994256313,141.490355249205,0.915231663759991,163.30487804878,0.426829268292683,0.682926829268293,84
"UI_CompEpi-EpiGen","56",1.29893701621444,10.8897030752916,1.07851922185266,13.5975609756098,0.463414634146341,0.731707317073171,84
"UM-DeepOutbreak","01",1.05243113218448,84.0621852718533,1.03640794469242,113.315815353046,0.494845360824742,0.896907216494845,100
"UM-DeepOutbreak","02",1.10630596924765,10.4744919632013,1.04605712197835,13.417887724657,0.494845360824742,0.824742268041237,100
"UM-DeepOutbreak","04",1.69794173757783,95.0979441344986,1.51759704198178,132.143562414826,0.618556701030928,0.979381443298969,100
"UM-DeepOutbreak","05",1.29201048749281,47.6629760123389,1.18563151673191,65.7600969608168,0.536082474226804,0.855670103092783,100
"UM-DeepOutbreak","06",1.29131583563393,293.963563230522,1.13869510363848,398.604504065779,0.54639175257732,0.917525773195876,100
"UM-DeepOutbreak","08",0.633872438614899,67.4705686157189,0.645239157808591,84.3129201082161,0.587628865979381,0.814432989690722,100
"UM-DeepOutbreak","09",0.727065617380931,80.0280728230901,0.689494725079669,89.5873573416472,0.618556701030928,0.721649484536082,100
"UM-DeepOutbreak","10",0.867117646282491,24.6799840643301,0.831129626392114,30.7307834082479,0.536082474226804,0.77319587628866,100
"UM-DeepOutbreak","11",0.74724269063469,8.60316718557326,0.728173058592582,11.7884981736662,0.618556701030928,0.927835051546392,100
"UM-DeepOutbreak","12",0.951407656532159,348.770081029935,0.940743329837467,462.148494707134,0.494845360824742,0.793814432989691,100
"UM-DeepOutbreak","13",0.900833986277734,162.470507784171,0.894957839332797,205.698959633264,0.515463917525773,0.824742268041237,100
"UM-DeepOutbreak","15",0.696683205830718,9.08834069333475,0.726792494490749,13.4766116180881,0.494845360824742,0.927835051546392,100
"UM-DeepOutbreak","16",1.09588899376347,27.489567670021,1.09252028104403,39.4047069849141,0.515463917525773,0.865979381443299,100
"UM-DeepOutbreak","17",1.02540921136408,214.720277399995,1.01680166610727,275.465977666723,0.484536082474227,0.793814432989691,100
"UM-DeepOutbreak","18",0.978627137326532,97.3589704394135,0.984030429071115,135.398582932109,0.536082474226804,0.88659793814433,100
"UM-DeepOutbreak","19",1.15743211370602,48.0630550801244,1.1447053203393,64.0037545711389,0.536082474226804,0.814432989690722,100
"UM-DeepOutbreak","20",1.18620836893456,47.7688920688401,1.1648044000926,64.6383443054038,0.515463917525773,0.896907216494845,100
"UM-DeepOutbreak","21",1.08436464076547,70.5573366115014,1.0807189656292,96.0446801141351,0.577319587628866,0.896907216494845,100
"UM-DeepOutbreak","22",0.883382430245829,73.7176231878664,0.903822991773712,100.958377375473,0.525773195876289,0.835051546391753,100
"UM-DeepOutbreak","23",0.71196047540012,19.0610026927975,0.697326034813646,24.2082239194532,0.628865979381443,0.814432989690722,100
"UM-DeepOutbreak","24",0.680344775645192,65.953821611449,0.6595941833721,80.2061713202489,0.56701030927835,0.804123711340206,100
"UM-DeepOutbreak","25",0.895610345064248,134.890805868453,0.846108916858476,157.693095121767,0.618556701030928,0.742268041237113,100
"UM-DeepOutbreak","26",0.916313923767117,129.895357753666,0.879451203899262,164.800569451987,0.608247422680412,0.814432989690722,100
"UM-DeepOutbreak","27",0.750876573878417,107.676008059324,0.766057985900205,134.242084036833,0.525773195876289,0.762886597938144,100
"UM-DeepOutbreak","28",1.31053012623212,49.7725440969977,1.23551910974424,69.556795523815,0.505154639175258,0.865979381443299,100
"UM-DeepOutbreak","29",1.01699019367369,108.327376547149,1.00048336507567,146.115043383756,0.536082474226804,0.88659793814433,100
"UM-DeepOutbreak","30",1.12418560629831,20.8774296463941,1.07817597100737,27.9633366442891,0.556701030927835,0.762886597938144,100
"UM-DeepOutbreak","31",1.15779028682509,29.5295806774472,1.08816038349353,38.8750669701467,0.494845360824742,0.783505154639175,100
"UM-DeepOutbreak","32",1.26641191534002,38.94667217656,1.2553878056809,53.9549999329292,0.484536082474227,0.907216494845361,100
"UM-DeepOutbreak","33",0.749514956584111,25.4169217230897,0.717680496891466,30.0805204451704,0.597938144329897,0.783505154639175,100
"UM-DeepOutbreak","34",0.776654149260502,180.689938609704,0.748331610883808,214.68354831213,0.608247422680412,0.77319587628866,100
"UM-DeepOutbreak","35",1.05601936618437,53.2583758669751,1.04466777103231,68.1806318568073,0.463917525773196,0.804123711340206,100
"UM-DeepOutbreak","36",0.653483500069893,366.480466476438,0.645406057787839,414.085241566993,0.587628865979381,0.762886597938144,100
"UM-DeepOutbreak","37",0.861344314969839,279.720173110287,0.820880425928308,321.231272542035,0.56701030927835,0.762886597938144,100
"UM-DeepOutbreak","38",0.917202801246889,19.1973736009627,0.905062002206332,24.3722488750297,0.474226804123711,0.742268041237113,100
"UM-DeepOutbreak","39",1.05817338249321,245.012230740974,1.00358381438478,306.225027728328,0.515463917525773,0.77319587628866,100
"UM-DeepOutbreak","40",1.24458102194884,52.0924245934127,1.19583884864274,76.4812350241558,0.587628865979381,0.948453608247423,100
"UM-DeepOutbreak","41",1.02896258033469,62.2252607313121,0.954841126836793,80.7276598079852,0.556701030927835,0.88659793814433,100
"UM-DeepOutbreak","42",0.85427252232343,310.198053827946,0.835398466360727,391.638757964413,0.505154639175258,0.762886597938144,100
"UM-DeepOutbreak","44",0.885093053990964,32.0753427017311,0.828844105440091,35.4332871502182,0.525773195876289,0.701030927835051,100
"UM-DeepOutbreak","45",0.982877420957716,113.699642335118,0.963515241514591,144.147819186807,0.525773195876289,0.845360824742268,100
"UM-DeepOutbreak","46",1.30117093438818,15.4127953249648,1.22979545041489,21.1328787934666,0.443298969072165,0.824742268041237,100
"UM-DeepOutbreak","47",1.13915283377799,123.884288351525,1.10683528529714,159.736363217613,0.525773195876289,0.845360824742268,100
"UM-DeepOutbreak","48",1.01684810231177,286.141254363573,0.962529177459692,380.816884225849,0.54639175257732,0.824742268041237,100
"UM-DeepOutbreak","49",0.984324129889699,33.7067083712079,0.984942834313351,44.7770861632426,0.505154639175258,0.855670103092783,100
"UM-DeepOutbreak","50",1.22413933167397,7.39077949494646,1.18607603750912,10.2374242552607,0.525773195876289,0.824742268041237,100
"UM-DeepOutbreak","51",0.783769030079583,102.606009243775,0.784150800840606,133.119657737021,0.525773195876289,0.793814432989691,100
"UM-DeepOutbreak","53",1.19040065193431,44.5518661876471,1.10399496746434,63.3306126980978,0.474226804123711,0.938144329896907,100
"UM-DeepOutbreak","54",1.21386580714615,34.6729973243965,1.16349355312798,48.4102780252225,0.556701030927835,0.855670103092783,100
"UM-DeepOutbreak","55",0.972317056097115,123.667448719135,0.898040887339764,144.41059939058,0.54639175257732,0.752577319587629,100
"UM-DeepOutbreak","56",1.33488382235457,10.2773561472471,1.17658088986193,13.6334806184819,0.536082474226804,0.855670103092783,100
"UM-DeepOutbreak","72",1.06324944120573,39.4724938739184,0.946953484953608,55.0971392253619,0.494845360824742,0.927835051546392,100
"UMass-AR2","01",0.984888009724408,76.58273578205,0.935325340954935,98.6705557448556,0.471153846153846,0.769230769230769,107
"UMass-AR2","02",0.948357950443718,8.67707014821205,0.913321992314142,11.298709383758,0.471153846153846,0.846153846153846,107
"UMass-AR2","04",0.939648357857363,50.145291045477,0.939076288449964,77.1735139176406,0.557692307692308,0.951923076923077,107
"UMass-AR2","05",0.954810883622389,33.6682256872767,0.924749115240307,48.987860938503,0.509615384615385,0.865384615384615,107
"UMass-AR2","06",0.861890627405945,190.362953780972,0.830222082824794,283.004242061906,0.480769230769231,0.807692307692308,107
"UMass-AR2","08",0.832661654920263,82.9908376541953,0.943482326320828,116.132413287599,0.423076923076923,0.75,107
"UMass-AR2","09",0.78034995871754,81.3372177434497,0.880891459300629,106.609888354978,0.509615384615385,0.75,107
"UMass-AR2","10",0.861811535468556,23.6311458299774,0.832393287828398,29.6260446095203,0.471153846153846,0.817307692307692,107
"UMass-AR2","11",0.917665649943348,10.0592543435589,0.951054745132627,14.6523784468001,0.509615384615385,0.875,107
"UMass-AR2","12",0.899947176237127,318.041061376022,0.936734070898781,443.600681201949,0.413461538461538,0.769230769230769,107
"UMass-AR2","13",0.913896898767458,157.35540822363,0.957686739169401,209.287774508655,0.423076923076923,0.759615384615385,107
"UMass-AR2","15",0.959406717690024,11.8838751092001,1.00851678743729,17.7262259394535,0.317307692307692,0.75,107
"UMass-AR2","16",0.927391637356424,22.4888611545502,0.957967082118242,33.5496385090697,0.451923076923077,0.903846153846154,107
"UMass-AR2","17",1.08097752321306,212.333323107863,1.14060483706594,289.858384091714,0.25,0.75,107
"UMass-AR2","18",1.03190316531069,96.6024668004202,1.07041617139166,138.01302767694,0.375,0.788461538461538,107
"UMass-AR2","19",0.9336910816566,37.1232603557878,0.962658400124842,51.5624501584853,0.432692307692308,0.855769230769231,107
"UMass-AR2","20",0.95346578190996,36.9386625115744,0.987348386105239,52.2933891341327,0.432692307692308,0.875,107
"UMass-AR2","21",1.00135255857541,62.1972851488606,1.00911560800124,85.618929569891,0.480769230769231,0.855769230769231,107
"UMass-AR2","22",0.916942347248627,73.3283731837482,0.965175986778646,103.586156382553,0.403846153846154,0.817307692307692,107
"UMass-AR2","23",0.889106317353621,22.5091624411361,0.946544450238032,30.9904894587368,0.5,0.875,107
"UMass-AR2","24",0.813094382334247,73.1816816583867,0.89972220601442,101.889130431967,0.442307692307692,0.778846153846154,107
"UMass-AR2","25",0.920315803272289,129.621117199309,1.00634233439343,173.223309831009,0.423076923076923,0.759615384615385,107
"UMass-AR2","26",1.0218552208228,136.561494511797,1.09390328045073,192.429108648091,0.423076923076923,0.788461538461538,107
"UMass-AR2","27",0.795130142051559,108.294198017973,0.891300861650465,147.004942452585,0.471153846153846,0.788461538461538,107
"UMass-AR2","28",0.89177411173479,32.9726505684095,0.865194307741927,47.6482162736925,0.413461538461538,0.807692307692308,107
"UMass-AR2","29",1.12774097578468,116.798236549647,1.09868128006137,155.432661097665,0.461538461538462,0.788461538461538,107
"UMass-AR2","30",0.954054981384511,17.1831180525271,0.955272389537109,23.9392554010602,0.384615384615385,0.855769230769231,107
"UMass-AR2","31",0.920329614235037,22.7785747872428,0.914564281632248,31.7648771798452,0.384615384615385,0.855769230769231,107
"UMass-AR2","32",0.975499956117594,29.2713947259571,0.975292492257968,40.6820490819293,0.451923076923077,0.846153846153846,107
"UMass-AR2","33",0.791403363905565,25.5713547681336,0.843494751181187,33.500498117257,0.442307692307692,0.817307692307692,107
"UMass-AR2","34",0.772561339118574,167.314321324283,0.874972066290131,232.907513038339,0.394230769230769,0.759615384615385,107
"UMass-AR2","35",0.894589012729786,43.8933626642954,0.959391813804273,60.8818471310361,0.403846153846154,0.836538461538462,107
"UMass-AR2","36",0.722468769481777,378.532682671007,0.86500836771975,513.808714151556,0.307692307692308,0.605769230769231,107
"UMass-AR2","37",0.856679412111543,264.009995433006,0.930658322418958,340.336365266709,0.509615384615385,0.769230769230769,107
"UMass-AR2","38",0.846340820518568,16.7353827971359,0.904540750643551,22.8597912322839,0.442307692307692,0.798076923076923,107
"UMass-AR2","39",0.877454048306374,193.588244513646,0.923652579588223,268.702073210967,0.538461538461538,0.855769230769231,107
"UMass-AR2","40",0.965293228084287,40.2001399424614,0.91780821406498,59.0419224833498,0.490384615384615,0.846153846153846,107
"UMass-AR2","41",0.870726640578349,48.1651663752836,0.838899920994997,65.402994477237,0.528846153846154,0.798076923076923,107
"UMass-AR2","42",0.971260603523284,338.591312551617,1.07345570890443,483.284983205163,0.355769230769231,0.769230769230769,107
"UMass-AR2","44",0.904956221416688,31.0633681155453,0.996527887356785,39.7784644118623,0.394230769230769,0.730769230769231,107
"UMass-AR2","45",0.927290556922528,103.812249256844,0.997199093169875,141.301475566827,0.278846153846154,0.798076923076923,107
"UMass-AR2","46",1.00733688749974,11.4481516389206,0.939119177782727,15.4119579015533,0.480769230769231,0.875,107
"UMass-AR2","47",0.948561585537765,97.5871248978925,0.99326325116307,135.597528899543,0.480769230769231,0.836538461538462,107
"UMass-AR2","48",0.915652319367215,242.299974348047,0.926711536899179,344.818981906216,0.490384615384615,0.836538461538462,107
"UMass-AR2","49",0.936268855870468,31.2389681110897,0.973675312613265,43.0248674020047,0.346153846153846,0.682692307692308,107
"UMass-AR2","50",1.02880180349683,5.97499566242091,0.941783459496979,7.8091868497185,0.576923076923077,0.875,107
"UMass-AR2","51",0.892380734737487,110.15504635176,0.960150987309609,152.820911523349,0.442307692307692,0.836538461538462,107
"UMass-AR2","53",0.870276919846392,33.1468103384941,0.853027957755485,49.9150447546041,0.509615384615385,0.923076923076923,107
"UMass-AR2","54",1.12747175541743,31.2988989175935,1.12120856568226,45.3609619194468,0.403846153846154,0.826923076923077,107
"UMass-AR2","55",1.0325157652401,124.487465092289,1.08912874337247,165.162691007444,0.423076923076923,0.769230769230769,107
"UMass-AR2","56",0.946950059466577,7.07485380033145,0.939097486825415,10.5374152152771,0.423076923076923,0.903846153846154,107
"UMass-AR2","72",0.916762568345959,32.4251379489985,0.937074767300495,51.9884351170122,0.423076923076923,0.942307692307692,107
"UMass-flusion","01",0.81306388369217,64.2194547749707,0.840296368206122,89.9530977446243,0.306930693069307,0.772277227722772,104
"UMass-flusion","02",0.821322467678769,7.43816817404492,0.882550322652895,10.8624979267697,0.336633663366337,0.851485148514851,104
"UMass-flusion","04",0.958168478259316,51.4224639831045,0.988072648224557,81.9456815820019,0.405940594059406,0.861386138613861,104
"UMass-flusion","05",0.841908993553852,30.0449924547198,0.884037648966981,47.441831480635,0.326732673267327,0.831683168316832,104
"UMass-flusion","06",0.58428001108892,128.155070101152,0.575686306645663,195.33447754948,0.475247524752475,0.900990099009901,104
"UMass-flusion","08",0.515274873247453,50.6739387476708,0.638896429189018,77.3806511874329,0.287128712871287,0.772277227722772,104
"UMass-flusion","09",0.557092657094947,56.810395278728,0.662493443892305,77.3104719153631,0.198019801980198,0.752475247524752,104
"UMass-flusion","10",0.656896588606538,17.8064075498263,0.669712681563524,23.6568927846396,0.356435643564356,0.792079207920792,104
"UMass-flusion","11",0.62589951463902,6.60714094450659,0.698889906404366,10.4285310843797,0.396039603960396,0.861386138613861,104
"UMass-flusion","12",0.586422233374498,210.229596606007,0.667857894296453,316.5875439709,0.316831683168317,0.821782178217822,104
"UMass-flusion","13",0.665572879709952,113.693743478909,0.745084829085839,161.191591042075,0.247524752475248,0.772277227722772,104
"UMass-flusion","15",0.72217946003174,8.57884939598017,0.788408036751939,13.2478129926428,0.346534653465347,0.792079207920792,104
"UMass-flusion","16",0.708849587505654,16.9353009898693,0.760070219796156,26.2568447983049,0.336633663366337,0.891089108910891,104
"UMass-flusion","17",0.634743266902003,124.034587964962,0.686635158920049,172.434301772407,0.316831683168317,0.762376237623762,104
"UMass-flusion","18",0.683290694891331,62.4364682065076,0.762170739363575,95.7471026661041,0.386138613861386,0.801980198019802,104
"UMass-flusion","19",0.618212851170374,24.3130948370143,0.673258097152143,35.8685220096167,0.405940594059406,0.900990099009901,104
"UMass-flusion","20",0.676691897671087,26.1923461851912,0.744288996537234,39.5221000855871,0.366336633663366,0.851485148514851,104
"UMass-flusion","21",0.776000730921126,48.0882859910097,0.865426571335838,73.609086186752,0.227722772277228,0.792079207920792,104
"UMass-flusion","22",0.650208874635758,51.8360762433534,0.743352142861844,79.5942154034322,0.297029702970297,0.752475247524752,104
"UMass-flusion","23",0.559441094493057,13.7695407855479,0.671677801069017,21.2183374186537,0.435643564356436,0.900990099009901,104
"UMass-flusion","24",0.525535143615306,44.5486228907597,0.635503549318689,67.7143842798257,0.356435643564356,0.772277227722772,104
"UMass-flusion","25",0.602580816556361,82.8602481586401,0.705840157024471,117.613961334308,0.287128712871287,0.801980198019802,104
"UMass-flusion","26",0.675003911082249,87.5169800367625,0.766232845379087,129.959873233366,0.415841584158416,0.831683168316832,104
"UMass-flusion","27",0.521354674956297,70.4840123396174,0.627328890101891,102.428035030655,0.346534653465347,0.782178217821782,104
"UMass-flusion","28",0.84492695704504,31.3091406816268,0.839641676865596,46.1834302307942,0.267326732673267,0.752475247524752,104
"UMass-flusion","29",0.79281799530908,83.5127183816606,0.814990485784475,116.840674883151,0.297029702970297,0.762376237623762,104
"UMass-flusion","30",0.666476264948981,11.6956554724542,0.719864550337646,17.6031560028507,0.445544554455446,0.831683168316832,104
"UMass-flusion","31",0.606205415705403,15.0479286594745,0.687646054201156,24.0506215224566,0.257425742574257,0.900990099009901,104
"UMass-flusion","32",0.823360594497559,24.9218119209662,0.839827701626225,35.5169743829201,0.346534653465347,0.752475247524752,104
"UMass-flusion","33",0.569278827664974,17.9111485669747,0.671842161335826,25.8160972372829,0.316831683168317,0.821782178217822,104
"UMass-flusion","34",0.538737336373803,113.022231677232,0.622319777690611,159.576327815857,0.277227722772277,0.742574257425743,104
"UMass-flusion","35",0.627338210038662,30.6052268279288,0.694700648584549,43.8550862403945,0.366336633663366,0.732673267326733,104
"UMass-flusion","36",0.55611817903279,295.508904166689,0.664319396763013,394.25937926811,0.297029702970297,0.722772277227723,104
"UMass-flusion","37",0.571850847143876,178.222866122889,0.647255315361508,236.016262011304,0.376237623762376,0.732673267326733,104
"UMass-flusion","38",0.512836809257712,10.132467694458,0.597023738503227,15.1154670777071,0.346534653465347,0.881188118811881,104
"UMass-flusion","39",0.621296541652449,133.352338092827,0.703265139740078,198.90444466909,0.386138613861386,0.801980198019802,104
"UMass-flusion","40",0.79494581268259,32.8318744006738,0.830354253982282,52.5008051197827,0.376237623762376,0.831683168316832,104
"UMass-flusion","41",0.58324030496609,32.0049659126329,0.587231098103465,44.9706408224988,0.396039603960396,0.871287128712871,104
"UMass-flusion","42",0.581943230092937,201.141718871878,0.670083336858552,298.396155848192,0.247524752475248,0.772277227722772,104
"UMass-flusion","44",0.575784542214965,19.405948922857,0.697987409161018,27.1082139786691,0.316831683168317,0.762376237623762,104
"UMass-flusion","45",0.676548262130248,75.1193713233458,0.765773334983905,107.729667203864,0.277227722772277,0.683168316831683,104
"UMass-flusion","46",0.707611183609618,7.98643905132062,0.739026959893288,12.127949298478,0.386138613861386,0.881188118811881,104
"UMass-flusion","47",0.648009259182081,67.2934925068417,0.721676908304109,99.3460956724225,0.425742574257426,0.861386138613861,104
"UMass-flusion","48",0.681273551362921,181.426921647799,0.769506056117174,289.562501062943,0.287128712871287,0.861386138613861,104
"UMass-flusion","49",0.578929885199104,18.9334789913116,0.66890319100348,29.0366676075255,0.277227722772277,0.752475247524752,104
"UMass-flusion","50",0.810349673069728,4.58634281327976,0.868432080434516,6.98187957101929,0.396039603960396,0.871287128712871,104
"UMass-flusion","51",0.552841961754678,65.324123876051,0.629585397050911,95.9680615184014,0.346534653465347,0.772277227722772,104
"UMass-flusion","53",0.627606525588413,23.8301815374873,0.652545823317125,38.0922077041821,0.495049504950495,0.98019801980198,104
"UMass-flusion","54",0.663887955035756,18.079464517537,0.67286123440689,26.6576339657479,0.445544554455446,0.881188118811881,104
"UMass-flusion","55",0.557898438429837,66.9221179685874,0.635486804383393,94.4101095790554,0.435643564356436,0.821782178217822,104
"UMass-flusion","56",0.823599025702902,5.7680007661956,0.871289792107027,9.2126665633488,0.336633663366337,0.871287128712871,104
"UMass-flusion","72",0.81716142359465,28.3287004237167,0.8137733310046,44.0519942273317,0.514851485148515,0.96039603960396,104
"UMass-trends_ensemble","01",1.13830486981392,87.5771842650104,1.08435643599283,113.690476190476,0.361904761904762,0.60952380952381,108
"UMass-trends_ensemble","02",1.13707495665968,10.2282608695652,1.07281087653807,13.0714285714286,0.419047619047619,0.704761904761905,108
"UMass-trends_ensemble","04",1.21955912626793,65.2386211180124,1.08044770089511,89.4380952380952,0.266666666666667,0.628571428571429,108
"UMass-trends_ensemble","05",1.04386990560796,36.8885507246377,1.01386921497161,53.8761904761905,0.428571428571429,0.742857142857143,108
"UMass-trends_ensemble","06",0.999812372442968,223.68766873706,0.839930517668167,287.195238095238,0.457142857142857,0.628571428571429,108
"UMass-trends_ensemble","08",1.02317682837502,102.482879917184,1.05666061790622,130.871428571429,0.380952380952381,0.6,108
"UMass-trends_ensemble","09",0.980991837409818,102.970144927536,1.07512163187513,131.109523809524,0.380952380952381,0.657142857142857,108
"UMass-trends_ensemble","10",1.07186428930245,29.0135320910973,1.06769235075566,37.5666666666667,0.361904761904762,0.657142857142857,108
"UMass-trends_ensemble","11",1.11354971620447,12.308867494824,1.01878116809509,15.852380952381,0.466666666666667,0.685714285714286,108
"UMass-trends_ensemble","12",1.0178931952575,360.212155279503,1.01565465146449,481.933333333333,0.39047619047619,0.628571428571429,108
"UMass-trends_ensemble","13",1.09713948095592,188.413995859213,1.08156287780592,236.642857142857,0.419047619047619,0.60952380952381,108
"UMass-trends_ensemble","15",0.961995180915376,11.9399420289855,0.984581031071362,17.4142857142857,0.371428571428571,0.771428571428571,108
"UMass-trends_ensemble","16",1.17324014272358,28.2518861283644,1.129674353334,39.2809523809524,0.39047619047619,0.723809523809524,108
"UMass-trends_ensemble","17",1.12483270708534,225.978583850932,1.08555314254309,281.87619047619,0.314285714285714,0.647619047619048,108
"UMass-trends_ensemble","18",1.18319650726566,113.003567287785,1.10289570648053,145.295238095238,0.419047619047619,0.657142857142857,108
"UMass-trends_ensemble","19",1.1162442599531,44.9409772256729,1.02832171032281,55.5666666666667,0.380952380952381,0.619047619047619,108
"UMass-trends_ensemble","20",1.17365057766082,45.5304616977226,1.07555545705678,57.0238095238095,0.428571428571429,0.676190476190476,108
"UMass-trends_ensemble","21",1.2493577637087,78.500149068323,1.14118004037096,97.6952380952381,0.333333333333333,0.619047619047619,108
"UMass-trends_ensemble","22",1.07465208978427,85.5739855072464,1.07520514852528,114.366666666667,0.342857142857143,0.647619047619048,108
"UMass-trends_ensemble","23",1.11430431006089,28.7576997929607,1.10199106980646,36.7,0.4,0.685714285714286,108
"UMass-trends_ensemble","24",1.05153679740351,97.0570517598344,1.03008617949471,119.428571428571,0.428571428571429,0.542857142857143,108
"UMass-trends_ensemble","25",1.06873071483086,156.061710144928,1.07817498944621,191.880952380952,0.419047619047619,0.647619047619048,108
"UMass-trends_ensemble","26",1.1810960408203,161.436772256729,1.11426120169963,200.671428571429,0.39047619047619,0.647619047619048,108
"UMass-trends_ensemble","27",1.03263266038,140.447683229814,1.05483889415972,174.504761904762,0.361904761904762,0.619047619047619,108
"UMass-trends_ensemble","28",1.24981986617603,45.7110351966874,1.11303157063001,60.4238095238095,0.285714285714286,0.580952380952381,108
"UMass-trends_ensemble","29",1.13696575045701,120.126097308489,1.05753195009789,151.042857142857,0.333333333333333,0.628571428571429,108
"UMass-trends_ensemble","30",1.14190311084424,20.5362008281574,1.07715259445864,26.9428571428571,0.40952380952381,0.685714285714286,108
"UMass-trends_ensemble","31",1.08561052217976,26.9896480331263,1.0275109938768,35.6761904761905,0.447619047619048,0.704761904761905,108
"UMass-trends_ensemble","32",1.23652207308679,36.9492463768116,1.10560670855057,45.852380952381,0.371428571428571,0.542857142857143,108
"UMass-trends_ensemble","33",1.01740026526439,33.0984968944099,1.07035007656864,42.8428571428571,0.428571428571429,0.733333333333333,108
"UMass-trends_ensemble","34",1.04488109467459,229.438604554865,1.05782507021674,286.257142857143,0.361904761904762,0.59047619047619,108
"UMass-trends_ensemble","35",1.09719271529,53.6340041407868,1.08438884907081,68.4523809523809,0.352380952380952,0.619047619047619,108
"UMass-trends_ensemble","36",0.932055157724056,496.905093167702,1.02272873945065,617.161904761905,0.438095238095238,0.695238095238095,108
"UMass-trends_ensemble","37",0.983082546613392,308.165329192547,1.0198804170994,380.680952380952,0.447619047619048,0.714285714285714,108
"UMass-trends_ensemble","38",0.992792353693344,19.9397577639752,1.06105705740671,27.3857142857143,0.371428571428571,0.657142857142857,108
"UMass-trends_ensemble","39",1.16712169113938,259.968875776398,1.12203961017233,330.171428571429,0.342857142857143,0.628571428571429,108
"UMass-trends_ensemble","40",1.1411752340523,48.2603850931677,0.948148954892084,61.5952380952381,0.342857142857143,0.6,108
"UMass-trends_ensemble","41",1.06037063812007,61.6249068322981,0.950297536266804,77.7380952380952,0.361904761904762,0.533333333333333,108
"UMass-trends_ensemble","42",1.1221712347661,395.38466252588,1.10855086359485,503.361904761905,0.276190476190476,0.542857142857143,108
"UMass-trends_ensemble","44",1.03432961295156,35.378933747412,1.09397302950765,43.7047619047619,0.371428571428571,0.628571428571429,108
"UMass-trends_ensemble","45",1.12608225973366,127.921039337474,1.11610175974589,160.571428571429,0.333333333333333,0.59047619047619,108
"UMass-trends_ensemble","46",1.09264802025625,12.5487122153209,0.9708175675473,16.0809523809524,0.466666666666667,0.685714285714286,108
"UMass-trends_ensemble","47",1.13437615810245,117.378973084886,1.08558278529879,149.157142857143,0.40952380952381,0.638095238095238,108
"UMass-trends_ensemble","48",1.10156079675068,295.005950310559,1.0509485637434,392.695238095238,0.304761904761905,0.666666666666667,108
"UMass-trends_ensemble","49",1.07309008604041,35.4836728778468,1.05992002626019,46.6333333333333,0.333333333333333,0.60952380952381,108
"UMass-trends_ensemble","50",1.18691381584968,6.92623395445135,1.09140042811206,9.04761904761905,0.466666666666667,0.771428571428571,108
"UMass-trends_ensemble","51",1.05748850322834,134.57433747412,1.03421460761209,169.509523809524,0.428571428571429,0.676190476190476,108
"UMass-trends_ensemble","53",0.97689950476372,38.0911014492754,0.923830362229291,55.4761904761905,0.323809523809524,0.714285714285714,108
"UMass-trends_ensemble","54",1.07007457840755,30.2468260869565,0.973102727895528,39.7619047619048,0.476190476190476,0.752380952380952,108
"UMass-trends_ensemble","55",1.07739083730335,133.045358178054,1.07816358557419,165.704761904762,0.457142857142857,0.685714285714286,108
"UMass-trends_ensemble","56",1.18652231081298,8.95432712215321,1.08548736303001,12.3619047619048,0.4,0.695238095238095,108
"UMass-trends_ensemble","72",0.915921705143651,32.6631759834369,0.890638400413706,49.752380952381,0.466666666666667,0.838095238095238,108
"UNC_IDD-InfluPaint","01",0.830456931654953,64.4776818482708,0.866205162622112,91.2191512052669,0.438095238095238,0.828571428571429,108
"UNC_IDD-InfluPaint","02",0.85174870236473,7.56661968391384,0.945135461225068,11.3658935219098,0.523809523809524,0.876190476190476,108
"UNC_IDD-InfluPaint","04",0.887878159412884,48.1138026400818,0.876376233178116,73.1250258587757,0.495238095238095,0.933333333333333,108
"UNC_IDD-InfluPaint","05",1.0555058836137,37.2837911893976,1.04574599624739,55.5465737407951,0.40952380952381,0.885714285714286,108
"UNC_IDD-InfluPaint","06",0.813391123828497,183.560034792409,0.823202454271643,282.967334465017,0.533333333333333,0.923809523809524,108
"UNC_IDD-InfluPaint","08",0.831826114793798,83.4430602550737,0.93494458437197,115.218050582271,0.285714285714286,0.8,108
"UNC_IDD-InfluPaint","09",0.722250645701489,75.0577739143255,0.826214024883724,100.419719902566,0.619047619047619,0.79047619047619,108
"UNC_IDD-InfluPaint","10",0.824849358620216,22.5279227494808,0.862860024640316,30.7235558101241,0.476190476190476,0.885714285714286,108
"UNC_IDD-InfluPaint","11",0.874534218661358,9.6218662606895,0.857087583380147,13.6838336950608,0.533333333333333,0.828571428571429,108
"UNC_IDD-InfluPaint","12",0.881038696778712,319.35063649381,0.912063689547603,438.875232044349,0.285714285714286,0.704761904761905,108
"UNC_IDD-InfluPaint","13",0.922818202336372,158.907394106704,0.962945655769508,211.404965477689,0.457142857142857,0.79047619047619,108
"UNC_IDD-InfluPaint","15",0.909912888293513,11.0787489527311,1.0110356718025,17.6035982428776,0.59047619047619,1,108
"UNC_IDD-InfluPaint","16",1.13950372096092,27.7664883253226,1.22157961684299,42.6364556090515,0.371428571428571,0.866666666666667,108
"UNC_IDD-InfluPaint","17",0.908498350272107,181.998538903924,0.952542215013351,246.665928712117,0.276190476190476,0.838095238095238,108
"UNC_IDD-InfluPaint","18",1.03965304655538,98.9329376452143,1.10547111107816,144.641388215086,0.371428571428571,0.847619047619048,108
"UNC_IDD-InfluPaint","19",0.978315860063734,38.8552461243942,1.04895348995603,56.0182856011366,0.485714285714286,0.866666666666667,108
"UNC_IDD-InfluPaint","20",0.846135695240849,33.0149992306476,0.91736860775608,49.2138902976716,0.619047619047619,0.923809523809524,108
"UNC_IDD-InfluPaint","21",1.00469106492355,62.4601887114295,1.0692484834546,90.8976512313945,0.380952380952381,0.895238095238095,108
"UNC_IDD-InfluPaint","22",0.861509540106778,69.0364854451119,0.951121243469952,102.164336790352,0.447619047619048,0.857142857142857,108
"UNC_IDD-InfluPaint","23",1.00136340145242,25.237892106241,1.09154384041896,35.6621021147095,0.514285714285714,0.895238095238095,108
"UNC_IDD-InfluPaint","24",0.830212941206554,76.3966772772475,0.927458785298482,106.639968367096,0.314285714285714,0.819047619047619,108
"UNC_IDD-InfluPaint","25",0.792620560522606,114.117697547505,0.866352776229084,151.581243189584,0.285714285714286,0.771428571428571,108
"UNC_IDD-InfluPaint","26",1.10822922769496,150.347203421948,1.10093246903725,197.223021601542,0.485714285714286,0.771428571428571,108
"UNC_IDD-InfluPaint","27",0.762632767260187,105.163570585589,0.806012894978094,134.951605654484,0.514285714285714,0.80952380952381,108
"UNC_IDD-InfluPaint","28",1.03417605666419,37.4661901658697,1.07361738163983,57.9706854702777,0.419047619047619,0.914285714285714,108
"UNC_IDD-InfluPaint","29",1.12825792370169,117.599935997669,1.16411002557613,165.2779312924,0.247619047619048,0.79047619047619,108
"UNC_IDD-InfluPaint","30",1.10450689556376,19.4959274631729,1.24277382983513,30.5259739966598,0.4,0.885714285714286,108
"UNC_IDD-InfluPaint","31",1.01738256984014,24.7764330239018,1.05618484212591,35.9761217614395,0.504761904761905,0.857142857142857,108
"UNC_IDD-InfluPaint","32",1.0243905946994,30.3237191180925,1.11518012711977,45.8546265759726,0.495238095238095,0.923809523809524,108
"UNC_IDD-InfluPaint","33",0.778389513555762,25.4373457942223,0.84464370558869,34.1582440532333,0.438095238095238,0.847619047619048,108
"UNC_IDD-InfluPaint","34",0.744907753520554,161.587052168587,0.812451326794679,216.039700802122,0.380952380952381,0.742857142857143,108
"UNC_IDD-InfluPaint","35",0.888331665787677,43.9289225273848,0.961553001285023,61.3201924226011,0.361904761904762,0.80952380952381,108
"UNC_IDD-InfluPaint","36",0.779696309280611,417.257926760599,0.879859433411433,528.797811915056,0.380952380952381,0.723809523809524,108
"UNC_IDD-InfluPaint","37",0.79074417687137,249.246878981244,0.830472882378504,308.178921596136,0.314285714285714,0.733333333333333,108
"UNC_IDD-InfluPaint","38",0.611238728716428,11.9773019107804,0.703390180397777,17.8261095448853,0.695238095238095,0.952380952380952,108
"UNC_IDD-InfluPaint","39",1.0957313953301,242.78781801459,1.07703168848373,314.677808843279,0.266666666666667,0.638095238095238,108
"UNC_IDD-InfluPaint","40",0.928148482954374,38.6819064282463,0.934231070250953,59.9158792958621,0.4,0.866666666666667,108
"UNC_IDD-InfluPaint","41",0.835849419520369,49.1592832143848,0.837747261162148,68.8833280821214,0.4,0.819047619047619,108
"UNC_IDD-InfluPaint","42",0.988932884807392,342.580513995935,1.03853242535482,463.224658146286,0.152380952380952,0.59047619047619,108
"UNC_IDD-InfluPaint","44",0.853282608694447,29.2505085791068,0.976203806504353,38.89599306216,0.514285714285714,0.80952380952381,108
"UNC_IDD-InfluPaint","45",0.91971551408004,103.082712188249,0.982523132059961,139.228741097236,0.295238095238095,0.723809523809524,108
"UNC_IDD-InfluPaint","46",1.0077229336579,11.4606541542858,1.07717799979783,17.7319815113971,0.533333333333333,0.923809523809524,108
"UNC_IDD-InfluPaint","47",1.0355040501813,106.339660926926,1.07248621102648,146.079358144265,0.266666666666667,0.8,108
"UNC_IDD-InfluPaint","48",0.979689202012604,262.451174536136,1.0767639301776,403.993039535151,0.39047619047619,0.847619047619048,108
"UNC_IDD-InfluPaint","49",0.859379435685521,28.0415808645774,1.01129167935131,43.8161344273739,0.371428571428571,0.857142857142857,108
"UNC_IDD-InfluPaint","50",1.13897851511279,6.45572468124984,1.15780930780406,9.28806363786058,0.666666666666667,0.866666666666667,108
"UNC_IDD-InfluPaint","51",0.954815715597769,119.549714167592,1.00059853270682,162.246735441853,0.380952380952381,0.8,108
"UNC_IDD-InfluPaint","53",0.554730901642169,21.5188609421212,0.564850331920458,33.8395353897253,0.695238095238095,1,108
"UNC_IDD-InfluPaint","54",0.955123634256439,26.2142571575434,1.00447768368061,40.0474951265199,0.466666666666667,0.923809523809524,108
"UNC_IDD-InfluPaint","55",0.843252442623039,103.018365301115,0.89041066690754,135.54430220776,0.40952380952381,0.771428571428571,108
"UNC_IDD-InfluPaint","56",0.823253741120065,6.13856372027095,0.8429658567172,9.54487824610772,0.6,1,108
"UVAFluX-CESGCN","01",0.993804572912098,172.464222104572,0.793649109007945,184.175662994385,0,0.125,8
"UVAFluX-CESGCN","02",0.820099440327729,27.0081987185603,0.668901293562792,28.8407065868378,0,0.125,8
"UVAFluX-CESGCN","04",1.46575160002771,122.756898522368,1.78157148909738,228.638412475586,0.25,1,8
"UVAFluX-CESGCN","05",0.839231603667468,55.403827837689,0.841469685074873,86.144006729126,0.125,0.75,8
"UVAFluX-CESGCN","06",0.669674729425965,265.97194683978,0.55209656079142,328.216365814209,0.125,0.5,8
"UVAFluX-CESGCN","08",1.14179044172825,304.347278267607,0.937665022388715,312.919721603394,0.125,0.125,8
"UVAFluX-CESGCN","09",1.04925753111847,400.967810241128,0.986652355698957,413.416188001633,0.125,0.125,8
"UVAFluX-CESGCN","10",0.902054746707198,114.32825499628,0.817264343141087,119.629681408405,0.125,0.125,8
"UVAFluX-CESGCN","11",0.442156462245786,12.3801613476048,0.385214467558769,15.8683838844299,0.5,0.875,8
"UVAFluX-CESGCN","12",0.815292776239531,608.270083567694,0.718653564246138,714.721252441406,0.125,0.375,8
"UVAFluX-CESGCN","13",0.964964133342688,512.078276078666,0.851662779490425,537.061609268188,0.125,0.125,8
"UVAFluX-CESGCN","15",2.52675920744641,48.2863796393918,2.01209635295102,53.8296719193459,0,0,8
"UVAFluX-CESGCN","16",0.778548923056997,56.4557912051709,0.630453065587875,62.1560349464417,0,0.25,8
"UVAFluX-CESGCN","17",0.683530950527133,511.143514111227,0.649962613577061,563.633829116821,0.125,0.375,8
"UVAFluX-CESGCN","18",0.822111109389124,218.997406663517,0.762239817570002,263.871108055115,0.125,0.25,8
"UVAFluX-CESGCN","19",0.849982255409977,125.029274021309,0.792773570770091,141.324620485306,0.125,0.375,8
"UVAFluX-CESGCN","20",0.882571502235154,123.760299642602,0.796165528383938,137.646372795105,0,0.25,8
"UVAFluX-CESGCN","21",0.880296357704163,193.055211010974,0.777427909970402,214.746832847595,0.125,0.25,8
"UVAFluX-CESGCN","22",1.08143866009115,255.86401623782,0.88715024832814,267.564113616943,0.125,0.125,8
"UVAFluX-CESGCN","23",0.837649121857407,75.2739256212126,0.728787754421673,81.0519227981567,0,0.25,8
"UVAFluX-CESGCN","24",0.848139348802763,198.098311306624,0.735401611655763,220.93133354187,0.125,0.25,8
"UVAFluX-CESGCN","25",0.792657943359467,382.183348470228,0.715963779317382,412.084270477295,0.125,0.25,8
"UVAFluX-CESGCN","26",1.07303251656553,485.136881646411,0.9314674856679,518.285387039185,0.125,0.125,8
"UVAFluX-CESGCN","27",0.915854110823898,429.408905953278,0.774285800561794,435.530097961426,0.125,0.125,8
"UVAFluX-CESGCN","28",0.835801684605557,63.0595531187628,0.68212730650801,72.8976182937622,0.125,0.375,8
"UVAFluX-CESGCN","29",0.900181144772313,313.279193637981,0.799446003609401,343.095468521118,0.125,0.25,8
"UVAFluX-CESGCN","30",0.96287424309414,44.1971783771459,0.796183182350656,49.3489921092987,0.125,0.375,8
"UVAFluX-CESGCN","31",0.901174877943193,66.441309482975,0.759764790079943,75.3729517459869,0,0.25,8
"UVAFluX-CESGCN","32",1.0689547636504,87.5711408989098,0.83772791057211,95.9278721809387,0.125,0.25,8
"UVAFluX-CESGCN","33",0.886786636131436,111.87757559009,0.778731005655833,114.407905101776,0.125,0.125,8
"UVAFluX-CESGCN","34",0.952151832231257,526.968602211822,0.775608682724877,542.122413635254,0.125,0.125,8
"UVAFluX-CESGCN","35",0.87416219196262,160.759319532247,0.771137492693479,168.706167221069,0,0,8
"UVAFluX-CESGCN","36",1.10709417926672,1730.63830070235,1.01809697686563,1796.52506256104,0,0,8
"UVAFluX-CESGCN","37",0.875211098191281,998.008769544091,0.761814271996572,1016.10751914978,0,0.125,8
"UVAFluX-CESGCN","38",0.814576466921338,56.1058112070182,0.713311730894546,58.5736359357834,0,0.125,8
"UVAFluX-CESGCN","39",0.869399412753254,573.106832000117,0.797462621412559,659.004945755005,0.125,0.25,8
"UVAFluX-CESGCN","40",0.797149087440657,66.1642576317797,0.835118456072136,100.490822315216,0.25,0.625,8
"UVAFluX-CESGCN","41",0.790723702303504,43.8349800188894,0.783844081225621,64.4552664756775,0,0.375,8
"UVAFluX-CESGCN","42",0.71705911646378,674.211906375868,0.633215654896034,738.221794128418,0.125,0.375,8
"UVAFluX-CESGCN","44",1.04009210382295,111.301912510834,0.936105534755742,113.491550207138,0,0,8
"UVAFluX-CESGCN","45",0.764337771582871,307.992343101321,0.727855373926766,339.500606536865,0,0.25,8
"UVAFluX-CESGCN","46",0.81557656445836,30.4129193298136,0.74485121688268,36.1411908864975,0,0.375,8
"UVAFluX-CESGCN","47",0.926870574855928,292.276319111296,0.780111415495315,310.247669219971,0,0.125,8
"UVAFluX-CESGCN","48",0.642587140926736,436.983788842591,0.518529311671115,486.193321228027,0.125,0.375,8
"UVAFluX-CESGCN","49",0.672830580967502,48.8466734992022,0.538546049268856,53.2120428085327,0.25,0.5,8
"UVAFluX-CESGCN","50",1.42199813461167,23.8789201791214,1.39801857350293,32.5126758813858,0.125,0.375,8
"UVAFluX-CESGCN","51",0.772866600005297,304.599101970503,0.654534342372267,319.331796646118,0.125,0.375,8
"UVAFluX-CESGCN","53",0.565103276629687,39.016572791014,0.539150338354774,57.0796327590942,0.375,0.75,8
"UVAFluX-CESGCN","54",0.732910709459668,60.3221425602928,0.70695924903651,78.4276640415192,0,0.625,8
"UVAFluX-CESGCN","55",0.782303840715632,324.540786491562,0.69287683091957,345.288485527039,0.125,0.25,8
"UVAFluX-CESGCN","56",0.733168432812829,10.8034227304005,0.540403548893141,12.4819744825363,0.125,0.375,8
"UVAFluX-CESGCN","72",1.20072198044377,84.4641238874498,1.39062893711848,152.547727584839,0,0.875,8
"UVAFluX-Ensemble","01",0.917392299526388,69.2972449832776,0.881283006381902,90.8173076923077,0.432692307692308,0.75,107
"UVAFluX-Ensemble","02",0.950250498978324,8.14020903010034,0.981625003046563,11.5673076923077,0.432692307692308,0.759615384615385,107
"UVAFluX-Ensemble","04",1.02300475551599,54.206224916388,1.0171613810279,83.875,0.548076923076923,0.932692307692308,107
"UVAFluX-Ensemble","05",0.920762566262652,31.5468102006689,0.911437576184194,47.2115384615385,0.490384615384615,0.846153846153846,107
"UVAFluX-Ensemble","06",0.872719429055499,189.663879598662,0.853792099516415,285.798076923077,0.461538461538462,0.826923076923077,107
"UVAFluX-Ensemble","08",0.826269110729988,79.9873954849498,0.883111857071891,105.903846153846,0.365384615384615,0.711538461538462,107
"UVAFluX-Ensemble","09",0.867107143464895,84.1206647157191,0.876992609674602,100.528846153846,0.403846153846154,0.576923076923077,107
"UVAFluX-Ensemble","10",1.03691499629771,26.1965510033445,1.02354379084324,34.2884615384615,0.471153846153846,0.740384615384615,107
"UVAFluX-Ensemble","11",0.946224089707746,10.0445986622074,0.973850523952228,14.6538461538462,0.5,0.730769230769231,107
"UVAFluX-Ensemble","12",0.768024488698815,266.684084448161,0.805368261313346,375.076923076923,0.403846153846154,0.730769230769231,107
"UVAFluX-Ensemble","13",0.823766557694985,134.683118729097,0.858061335665418,179.615384615385,0.423076923076923,0.778846153846154,107
"UVAFluX-Ensemble","15",0.868830578098168,10.5561496655518,0.893925566152588,15.5480769230769,0.326923076923077,0.701923076923077,107
"UVAFluX-Ensemble","16",0.745359741043547,17.2510994983278,0.7256495184671,24.2596153846154,0.519230769230769,0.875,107
"UVAFluX-Ensemble","17",0.877069751520728,165.39375,0.894819965330328,219.865384615385,0.413461538461538,0.759615384615385,107
"UVAFluX-Ensemble","18",0.839641510161939,75.6258821070234,0.823770238278833,102.903846153846,0.576923076923077,0.807692307692308,107
"UVAFluX-Ensemble","19",0.859450407686145,32.3127508361204,0.840748355526844,42.8076923076923,0.528846153846154,0.836538461538462,107
"UVAFluX-Ensemble","20",0.861577787866679,31.595627090301,0.834507487792893,42.1826923076923,0.5,0.865384615384615,107
"UVAFluX-Ensemble","21",1.01019147038963,59.8381730769231,0.988212073882696,80.4230769230769,0.538461538461538,0.846153846153846,107
"UVAFluX-Ensemble","22",0.871501995182955,67.4491011705686,0.898222214582842,93.1634615384615,0.326923076923077,0.769230769230769,107
"UVAFluX-Ensemble","23",0.831546137267562,19.6590802675585,0.836247936982054,25.8076923076923,0.538461538461538,0.807692307692308,107
"UVAFluX-Ensemble","24",0.749203380128482,65.8837918060201,0.810933237079681,89.7788461538462,0.423076923076923,0.701923076923077,107
"UVAFluX-Ensemble","25",0.850875409649538,114.643678929766,0.886653007136386,147.009615384615,0.307692307692308,0.730769230769231,107
"UVAFluX-Ensemble","26",0.877267856474819,111.164038461538,0.82310192691011,138.951923076923,0.557692307692308,0.798076923076923,107
"UVAFluX-Ensemble","27",0.793971841290658,101.533081103679,0.818498185421812,128.096153846154,0.403846153846154,0.711538461538462,107
"UVAFluX-Ensemble","28",0.947649585111957,33.8802090301003,0.892337357323854,47.75,0.355769230769231,0.778846153846154,107
"UVAFluX-Ensemble","29",0.870073336631425,86.2103302675585,0.838269067921652,113.442307692308,0.567307692307692,0.855769230769231,107
"UVAFluX-Ensemble","30",0.926664335838829,15.811889632107,0.897038800824831,21.4038461538462,0.461538461538462,0.798076923076923,107
"UVAFluX-Ensemble","31",0.74253358969528,17.6536204013378,0.727312611024648,24.3653846153846,0.480769230769231,0.865384615384615,107
"UVAFluX-Ensemble","32",0.977675812821801,28.051860367893,0.938645183401145,37.5865384615385,0.451923076923077,0.769230769230769,107
"UVAFluX-Ensemble","33",0.873811088649327,26.2231897993311,0.889287172931145,33.2692307692308,0.423076923076923,0.711538461538462,107
"UVAFluX-Ensemble","34",0.887835765819034,187.072671404682,0.883852675682811,230.134615384615,0.471153846153846,0.711538461538462,107
"UVAFluX-Ensemble","35",0.895659328876746,40.9242349498328,0.893615647933003,53.2596153846154,0.432692307692308,0.740384615384615,107
"UVAFluX-Ensemble","36",6.70455383969328,4177.30801421405,6.60567156988571,4593.85576923077,0.403846153846154,0.75,107
"UVAFluX-Ensemble","37",0.877252473868943,255.950066889632,0.906427198978265,315.778846153846,0.461538461538462,0.740384615384615,107
"UVAFluX-Ensemble","38",0.794336484664935,14.7680476588629,0.810718762542695,19.6730769230769,0.432692307692308,0.778846153846154,107
"UVAFluX-Ensemble","39",0.898964658634327,188.247328595318,0.897577627528729,250.951923076923,0.480769230769231,0.759615384615385,107
"UVAFluX-Ensemble","40",1.03964000288452,42.4280643812709,1.00876583144897,63.4423076923077,0.461538461538462,0.817307692307692,107
"UVAFluX-Ensemble","41",0.884991733263511,51.5272115384615,0.835661865296699,68.2307692307692,0.480769230769231,0.730769230769231,107
"UVAFluX-Ensemble","42",0.908814224756231,302.611751672241,0.923719769056497,399.663461538462,0.423076923076923,0.730769230769231,107
"UVAFluX-Ensemble","44",0.910055606903151,28.9479765886288,0.941374321505924,35.5288461538462,0.461538461538462,0.682692307692308,107
"UVAFluX-Ensemble","45",0.856065863367053,91.8230392976589,0.874053047338404,119.211538461538,0.451923076923077,0.788461538461538,107
"UVAFluX-Ensemble","46",0.91606386692717,9.94280518394649,0.879194831517747,13.8653846153846,0.471153846153846,0.826923076923077,107
"UVAFluX-Ensemble","47",0.882302130601327,86.821868729097,0.87950835295184,115.432692307692,0.451923076923077,0.846153846153846,107
"UVAFluX-Ensemble","48",0.869011941116406,225.946492474916,0.91321060490082,333.096153846154,0.451923076923077,0.846153846153846,107
"UVAFluX-Ensemble","49",0.722667654820267,23.0645526755853,0.763659525727498,32.4326923076923,0.355769230769231,0.711538461538462,107
"UVAFluX-Ensemble","50",0.975945542171661,5.34684782608696,0.912197045970834,7.08653846153846,0.596153846153846,0.884615384615385,107
"UVAFluX-Ensemble","51",0.799262841947796,95.1948244147157,0.84744520002266,131.317307692308,0.375,0.769230769230769,107
"UVAFluX-Ensemble","53",0.783663604359642,29.6925501672241,0.770238779608706,45.0480769230769,0.480769230769231,0.932692307692308,107
"UVAFluX-Ensemble","54",1.01410597128765,26.8966262541806,1.01024123616224,39.2980769230769,0.413461538461538,0.817307692307692,107
"UVAFluX-Ensemble","55",0.910114972192151,103.659209866221,0.880732197695587,126.057692307692,0.528846153846154,0.759615384615385,107
"UVAFluX-Ensemble","56",0.893973619893169,6.62361204013378,0.913940809860408,10.2692307692308,0.519230769230769,0.836538461538462,107
"UVAFluX-Ensemble","72",1.02323604576102,35.9568227424749,1.02773060220061,56.6057692307692,0.384615384615385,0.817307692307692,107
"UVAFluX-FS_OptimWISE","01",0.890367336971328,66.135163654128,0.945397014266803,96.247191011236,0.348314606741573,0.842696629213483,92
"UVAFluX-FS_OptimWISE","02",0.840985202333674,5.85657059110894,0.912071717755729,8.98876404494382,0.415730337078652,0.842696629213483,92
"UVAFluX-FS_OptimWISE","04",0.853987992248143,46.7317489008305,0.866252623518235,73.4606741573034,0.415730337078652,0.898876404494382,92
"UVAFluX-FS_OptimWISE","05",0.89982223748826,30.2217195896434,0.909218695275686,46.0898876404494,0.382022471910112,0.831460674157303,92
"UVAFluX-FS_OptimWISE","06",0.813316840224554,185.972315583781,0.772340377524964,270.179775280899,0.449438202247191,0.898876404494382,92
"UVAFluX-FS_OptimWISE","08",0.583678364832563,48.3971079628725,0.685954620026343,71.2584269662921,0.471910112359551,0.853932584269663,92
"UVAFluX-FS_OptimWISE","09",0.57943462974561,43.3677381533952,0.663236765597275,61.5056179775281,0.426966292134831,0.808988764044944,92
"UVAFluX-FS_OptimWISE","10",0.687583765263708,14.4014802149487,0.704587694667136,20.2359550561798,0.415730337078652,0.921348314606742,92
"UVAFluX-FS_OptimWISE","11",0.680041883831608,6.35547142159257,0.739900603847454,9.69662921348315,0.528089887640449,0.865168539325843,92
"UVAFluX-FS_OptimWISE","12",0.728671145660116,255.961333659013,0.777083351011061,364.707865168539,0.280898876404494,0.786516853932584,92
"UVAFluX-FS_OptimWISE","13",0.690836148161965,102.271187103078,0.774834714768653,149.539325842697,0.348314606741573,0.876404494382023,92
"UVAFluX-FS_OptimWISE","15",0.826138529539749,9.05572056668295,0.872081181827891,13.6404494382022,0.359550561797753,0.752808988764045,92
"UVAFluX-FS_OptimWISE","16",0.732241303490807,17.1078016609673,0.778770274378863,26.0898876404494,0.449438202247191,0.943820224719101,92
"UVAFluX-FS_OptimWISE","17",0.739963836649533,135.092046897899,0.823666013093384,197.404494382022,0.426966292134831,0.910112359550562,92
"UVAFluX-FS_OptimWISE","18",0.745070270360803,66.5314020517831,0.841927858052534,105.348314606742,0.449438202247191,0.898876404494382,92
"UVAFluX-FS_OptimWISE","19",0.735216459695226,27.4183048363459,0.823182909118901,42.0224719101124,0.438202247191011,0.910112359550562,92
"UVAFluX-FS_OptimWISE","20",0.790286956305297,28.182286272594,0.858255373410974,42.9550561797753,0.528089887640449,0.910112359550562,92
"UVAFluX-FS_OptimWISE","21",0.88176282603061,48.8176160234489,0.944723235473714,73.2022471910112,0.471910112359551,0.943820224719101,92
"UVAFluX-FS_OptimWISE","22",0.726287008955913,51.4565217391304,0.81470159277646,77.9775280898876,0.348314606741573,0.831460674157303,92
"UVAFluX-FS_OptimWISE","23",0.598540453207218,13.5179824132877,0.673378228573495,19.9325842696629,0.550561797752809,0.898876404494382,92
"UVAFluX-FS_OptimWISE","24",0.564097086968386,44.5251978505129,0.642254011283784,64.3483146067416,0.426966292134831,0.820224719101124,92
"UVAFluX-FS_OptimWISE","25",0.586430981485508,70.4211577918906,0.703691527474212,106.505617977528,0.51685393258427,0.831460674157303,92
"UVAFluX-FS_OptimWISE","26",0.72262693091785,86.2132388861749,0.808841032347422,131.52808988764,0.595505617977528,0.910112359550562,92
"UVAFluX-FS_OptimWISE","27",0.548376944021225,56.9140889106009,0.670315472584025,88.6966292134831,0.471910112359551,0.865168539325843,92
"UVAFluX-FS_OptimWISE","28",1.00523780688833,34.9373375671715,0.987951632199842,51.8202247191011,0.280898876404494,0.820224719101124,92
"UVAFluX-FS_OptimWISE","29",0.812543139791464,77.6223742061554,0.821959878146116,109.044943820225,0.449438202247191,0.831460674157303,92
"UVAFluX-FS_OptimWISE","30",0.777802113673664,13.4444650708354,0.816637506720344,19.6741573033708,0.471910112359551,0.808988764044944,92
"UVAFluX-FS_OptimWISE","31",0.659580318502461,14.9089252564729,0.734235869155607,23.6741573033708,0.415730337078652,0.955056179775281,92
"UVAFluX-FS_OptimWISE","32",0.879688865448372,22.7125793844651,0.916598250216722,33.7415730337079,0.460674157303371,0.808988764044944,92
"UVAFluX-FS_OptimWISE","33",0.581172201864402,15.7974303859306,0.662308660119782,22.752808988764,0.50561797752809,0.887640449438202,92
"UVAFluX-FS_OptimWISE","34",0.435106944091832,74.0351929653151,0.519084762517769,112.865168539326,0.449438202247191,0.887640449438202,92
"UVAFluX-FS_OptimWISE","35",0.686327970408943,28.9336687835857,0.730504432014112,40.7191011235955,0.438202247191011,0.808988764044944,92
"UVAFluX-FS_OptimWISE","36",0.889377376068887,339.813414753297,1.0139491283726,443.707865168539,0.51685393258427,0.910112359550562,92
"UVAFluX-FS_OptimWISE","37",0.501726614656513,120.211949193942,0.577256507012911,170.932584269663,0.528089887640449,0.898876404494382,92
"UVAFluX-FS_OptimWISE","38",0.48889094527118,8.38247679531021,0.593863687333666,13.4157303370787,0.438202247191011,0.966292134831461,92
"UVAFluX-FS_OptimWISE","39",0.788813653207673,159.486194430874,0.86281053504005,235.269662921348,0.449438202247191,0.820224719101124,92
"UVAFluX-FS_OptimWISE","40",1.0122865461961,42.7361016121153,0.957293689065795,62.0224719101124,0.393258426966292,0.752808988764045,92
"UVAFluX-FS_OptimWISE","41",0.861994385591972,56.0489252564729,0.818860556739103,73.6741573033708,0.303370786516854,0.786516853932584,92
"UVAFluX-FS_OptimWISE","42",0.627128697066896,202.72856863703,0.744008567231185,313.224719101124,0.303370786516854,0.820224719101124,92
"UVAFluX-FS_OptimWISE","44",0.52232921829402,12.9180947728383,0.660002029526969,20.1685393258427,0.449438202247191,0.910112359550562,92
"UVAFluX-FS_OptimWISE","45",0.825389786725409,84.4720224719101,0.920356206603182,121.966292134831,0.325842696629214,0.831460674157303,92
"UVAFluX-FS_OptimWISE","46",0.836140296820887,9.16594528578407,0.829108329959574,13.3820224719101,0.426966292134831,0.910112359550562,92
"UVAFluX-FS_OptimWISE","47",0.693734050432918,63.9453541768442,0.753645956546135,94.2134831460674,0.49438202247191,0.898876404494382,92
"UVAFluX-FS_OptimWISE","48",0.701098995331269,166.224767953102,0.770634751229396,256.359550561798,0.50561797752809,0.910112359550562,92
"UVAFluX-FS_OptimWISE","49",0.68998539363353,20.9779921836834,0.755022634833927,30.7640449438202,0.359550561797753,0.842696629213483,92
"UVAFluX-FS_OptimWISE","50",0.932318346758146,4.89975085490962,0.983600375765446,7.44943820224719,0.573033707865168,0.853932584269663,92
"UVAFluX-FS_OptimWISE","51",0.624613616804631,72.488334147533,0.697034914304313,105.449438202247,0.460674157303371,0.865168539325843,92
"UVAFluX-FS_OptimWISE","53",0.720733914266512,28.8630972154372,0.71977733042662,44.2584269662921,0.382022471910112,0.898876404494382,92
"UVAFluX-FS_OptimWISE","54",0.768872910275254,19.7074108451392,0.79195262953833,30.1460674157303,0.539325842696629,0.921348314606742,92
"UVAFluX-FS_OptimWISE","55",0.605289185492696,64.8494333170493,0.66523505407687,91.1685393258427,0.49438202247191,0.853932584269663,92
"UVAFluX-FS_OptimWISE","56",0.78960429693173,5.57148021494871,0.821554869365751,8.69662921348315,0.449438202247191,0.876404494382023,92
"UVAFluX-FS_OptimWISE","72",0.72602339191559,23.6390327308256,0.72949010362647,37.6067415730337,0.48314606741573,0.97752808988764,92
"VTSanghani-PRIME","01",0.914469486658403,67.7057539315449,0.908078869876784,93.6170212765958,0.563829787234043,0.75531914893617,96
"VTSanghani-PRIME","02",1.24007218634163,12.5373913043478,1.20642807664082,16.4719101123596,0.48314606741573,0.674157303370786,91
"VTSanghani-PRIME","04",1.86098800251344,98.8274181981174,1.83960789276979,151.525773195876,0.65979381443299,0.783505154639175,100
"VTSanghani-PRIME","05",1.25001569099814,45.1292090656799,1.20527104225441,65.1808510638298,0.5,0.765957446808511,96
"VTSanghani-PRIME","06",1.97432252165103,300.369722638681,2.0186728301206,463.068965517241,0.637931034482759,0.844827586206897,60
"VTSanghani-PRIME","08",0.564490594786875,62.5753145235893,0.727845375300625,98.6489361702128,0.542553191489362,0.861702127659574,96
"VTSanghani-PRIME","09",0.698707898594779,77.9298162259077,0.822299941341488,105.59793814433,0.56701030927835,0.721649484536082,100
"VTSanghani-PRIME","10",0.922307749243386,27.1235892691952,0.925208680228851,34.8829787234043,0.446808510638298,0.691489361702128,96
"VTSanghani-PRIME","11",0.9634247830779,13.7864257481649,0.905239950812812,18.1428571428571,0.376623376623377,0.519480519480519,79
"VTSanghani-PRIME","12",1.80712070120791,402.127460869565,1.87945878174718,560.88,0.26,0.58,52
"VTSanghani-PRIME","13",0.988141558458004,139.251718907988,1.05848996655397,187.5,0.488372093023256,0.686046511627907,88
"VTSanghani-PRIME","15",0.727466249131325,9.58973534971645,0.722892376906743,13.6304347826087,0.576086956521739,0.75,95
"VTSanghani-PRIME","16",1.13202718665704,28.4887927844588,1.14672766966405,41.4042553191489,0.585106382978723,0.808510638297872,96
"VTSanghani-PRIME","17",1.08109682194856,168.499713554987,1.12222880221193,219.894117647059,0.447058823529412,0.647058823529412,88
"VTSanghani-PRIME","18",0.922182982022641,89.4294531600179,0.945578732593334,126.453608247423,0.515463917525773,0.690721649484536,100
"VTSanghani-PRIME","19",1.03357762133172,43.3271646623497,1.07480985591159,60.2978723404255,0.606382978723404,0.787234042553192,96
"VTSanghani-PRIME","20",0.915190742380899,36.5748632900045,0.91780569640624,49.6082474226804,0.628865979381443,0.793814432989691,100
"VTSanghani-PRIME","21",1.21173269522399,78.50034513671,1.20402729439921,106.185567010309,0.484536082474227,0.711340206185567,100
"VTSanghani-PRIME","22",0.800214205563682,69.7004106280193,0.883107713930555,102.066666666667,0.577777777777778,0.811111111111111,92
"VTSanghani-PRIME","23",0.814143301056368,22.468793828892,0.907647882406408,32.0537634408602,0.473118279569892,0.720430107526882,96
"VTSanghani-PRIME","24",0.636884055459012,62.5303899596593,0.710438018896932,86.8350515463918,0.381443298969072,0.628865979381443,100
"VTSanghani-PRIME","25",1.2071281389771,169.967664307381,1.39187823870764,240.139534883721,0.511627906976744,0.651162790697674,88
"VTSanghani-PRIME","26",1.13011085774926,142.207410628019,1.16633188545308,192.233333333333,0.666666666666667,0.8,92
"VTSanghani-PRIME","27",0.679791873753792,90.7837342995169,0.777551330322859,124.1,0.511111111111111,0.788888888888889,92
"VTSanghani-PRIME","28",0.956521494382344,35.3891905642923,0.914778238052229,50.2340425531915,0.521276595744681,0.765957446808511,96
"VTSanghani-PRIME","29",1.09059502251338,121.561073080481,1.05268740838847,157.265957446808,0.5,0.659574468085106,96
"VTSanghani-PRIME","30",1.15350206556105,22.0735893719807,1.15287760592398,30.4888888888889,0.544444444444444,0.755555555555556,92
"VTSanghani-PRIME","31",1.04051750698955,26.4012191842223,1.0505655533406,36.9896907216495,0.54639175257732,0.721649484536082,100
"VTSanghani-PRIME","32",1.33459107954759,40.1637604070305,1.28620343167571,53.6702127659574,0.691489361702128,0.797872340425532,96
"VTSanghani-PRIME","33",1.54075417157306,55.8488647342995,1.90891341034766,86.0555555555556,0.6,0.711111111111111,92
"VTSanghani-PRIME","34",0.912363328714152,144.464632107023,1.04647179818769,198.089743589744,0.512820512820513,0.807692307692308,80
"VTSanghani-PRIME","35",0.792070706895679,42.1984458834413,0.799048229286707,54.7978723404255,0.48936170212766,0.74468085106383,96
"VTSanghani-PRIME","36",1.0839653031829,299.214645962733,1.35990151924373,403.871428571429,0.7,0.814285714285714,72
"VTSanghani-PRIME","37",0.83375660367841,200.62285546416,0.923803124120049,248,0.581081081081081,0.797297297297297,76
"VTSanghani-PRIME","38",0.838228854330383,16.4796683101748,0.936019954756819,23.2577319587629,0.54639175257732,0.742268041237113,100
"VTSanghani-PRIME","39",1.02745573574374,178.982200424178,1.00068961918307,225.756097560976,0.390243902439024,0.634146341463415,84
"VTSanghani-PRIME","40",1.26650997115098,54.0007631822387,1.16430913179962,76.0425531914894,0.446808510638298,0.659574468085106,96
"VTSanghani-PRIME","41",0.908839260819265,46.525656656208,0.795317518713036,58.5051546391753,0.505154639175258,0.670103092783505,100
"VTSanghani-PRIME","42",1.65906508917059,416.977468731388,1.92866524362241,623.534246575342,0.301369863013699,0.561643835616438,76
"VTSanghani-PRIME","44",0.940908944212367,35.5211470860315,1.21845442344065,53.4468085106383,0.468085106382979,0.723404255319149,96
"VTSanghani-PRIME","45",0.729762528496323,86.5344912595249,0.8023554167239,118.494845360825,0.412371134020619,0.77319587628866,100
"VTSanghani-PRIME","46",1.42424013055022,16.9825797101449,1.4629856529476,24.9444444444444,0.544444444444444,0.755555555555556,92
"VTSanghani-PRIME","47",1.03206796219812,112.228871415356,1.11328687244705,159.521276595745,0.574468085106383,0.75531914893617,96
"VTSanghani-PRIME","48",1.69755865847658,300.162795986622,1.75371580664834,426.030769230769,0.538461538461538,0.769230769230769,68
"VTSanghani-PRIME","49",0.644273097237977,22.6322201665125,0.723043944155262,33.531914893617,0.521276595744681,0.74468085106383,96
"VTSanghani-PRIME","50",2.32902799295036,15.6469088016967,2.44135670090033,23.5487804878049,0.524390243902439,0.646341463414634,84
"VTSanghani-PRIME","51",0.737465097432727,88.3746570048309,0.822724742407217,126.333333333333,0.477777777777778,0.755555555555556,92
"VTSanghani-PRIME","53",1.23616733372758,48.8608157776782,1.11933424550433,69.298969072165,0.77319587628866,0.88659793814433,100
"VTSanghani-PRIME","54",1.35625403553454,40.2887777777778,1.37127744110225,58.7,0.422222222222222,0.655555555555556,92
"VTSanghani-PRIME","55",0.911797379572022,100.245455820477,0.985678187107231,133.086021505376,0.612903225806452,0.763440860215054,96
"VTSanghani-PRIME","56",1.24446828853721,9.80061855670103,1.2748620737645,15.1237113402062,0.474226804123711,0.65979381443299,100
"VTSanghani-PRIME","72",1.57096464268517,62.6686570048309,1.56622625443342,98.5333333333333,0.811111111111111,0.933333333333333,92
