"model_id","reference_date","wis_scaled_relative_skill","wis_scaled_relative_skill__log","wis","wis__log","ae_median_scaled_relative_skill","ae_median_scaled_relative_skill__log","ae_median","ae_median__log","interval_coverage_50","interval_coverage_95","n"
"CADPH-FluCAT_Ensemble",2023-10-14,0.778073438097565,0.685467977400545,15.4763394028806,0.239870462827984,1.13850186464831,1.23276658760919,22.8553040157338,0.35329717690257,0.25,0.75,4
"CADPH-FluCAT_Ensemble",2023-10-21,0.995414049139565,0.669497630336887,43.1524134665442,0.353135294762202,0.817075970405993,0.760182967554337,51.6365281427942,0.453953052199725,0.25,0.5,4
"CADPH-FluCAT_Ensemble",2023-10-28,1.66886582971728,1.59476223279064,136.019654525125,1.02326581901322,1.16350515532514,1.41000714679792,146.012845236636,1.18283023054686,0,0,4
"CADPH-FluCAT_Ensemble",2023-11-04,1.45730779376121,1.16358309671255,198.794146429306,1.01265790888325,0.967503107149325,0.895699725750048,209.399969329991,1.12247346792364,0,0.25,4
"CADPH-FluCAT_Ensemble",2023-11-11,1.31516279895737,1.05574578231224,284.453674427199,0.999813091706585,0.92762816771482,0.816933168120149,304.797273487757,1.12342167207022,0,0,4
"CADPH-FluCAT_Ensemble",2023-11-18,0.699040571759259,0.512686510747661,134.234462110086,0.233116867360637,0.636606447609499,0.503819212790404,184.248979594418,0.330443256907343,0,0.25,4
"CADPH-FluCAT_Ensemble",2023-11-25,0.603997360108812,0.504549376481487,114.194849491134,0.144089333397254,0.624311187307246,0.539705854904385,167.28326109369,0.216232231938567,0,0.5,4
"CADPH-FluCAT_Ensemble",2023-12-02,1.1001154074313,1.08988704860568,441.786339471885,0.467971257443818,0.869448133308918,0.851535284264685,496.739036351622,0.545355476266041,0,0,4
"CADPH-FluCAT_Ensemble",2023-12-09,0.731363018505546,0.654621718687423,334.951512897228,0.249756061340412,0.695609033904547,0.618827481333261,423.860118913546,0.32793474621331,0,0,4
"CADPH-FluCAT_Ensemble",2023-12-16,0.708794740341796,0.631615776604136,310.382235083868,0.216621142686403,0.677889223245153,0.618389122028849,386.83065596238,0.276198193325033,0,0.25,4
"CADPH-FluCAT_Ensemble",2023-12-23,0.644127896610403,0.574480228442938,314.517020929244,0.211891295367431,0.71107720026366,0.610617822837817,435.53162313452,0.295325988511387,0.25,0.5,4
"CADPH-FluCAT_Ensemble",2023-12-30,3.71653417617267,2.57602325276518,1372.77596239735,0.707119672586522,3.08507085603528,2.03554058221474,1574.22779111757,0.778555561206645,0,0,4
"CADPH-FluCAT_Ensemble",2024-01-06,0.919308266261291,0.930829261868202,292.754889345666,0.2351225870478,1.25187896957669,1.29542062772816,503.475220058657,0.40678946725482,0,0.5,4
"CADPH-FluCAT_Ensemble",2024-01-13,0.342574109093647,0.731873530277549,93.9702216009805,0.210990221223962,0.153081977545813,0.164317732012408,58.8394528136205,0.0632735631647898,1,1,4
"CADPH-FluCAT_Ensemble",2024-01-20,1.38023078244183,1.30026414259536,204.436421212816,0.266706614633851,1.86947401409131,1.86487385831381,388.534342924332,0.491040058717714,0.25,1,4
"CADPH-FluCAT_Ensemble",2024-01-27,4.00574737569803,3.46413923756053,422.054223954103,0.548630498813305,4.76080175008161,4.03748985294411,716.10657652732,0.899761962630575,0,0.75,4
"CADPH-FluCAT_Ensemble",2024-02-03,1.7662285488011,5.60887394839935,113.590668729918,0.793040054252092,1.6850687787942,3.22201827407313,133.099803844266,0.523497742606876,1,1,4
"CADPH-FluCAT_Ensemble",2024-02-10,2.54942568440735,4.66574192693116,112.77855500214,0.637441974434319,0.40283263635127,0.399573637664395,22.5644503031085,0.063334275224598,1,1,4
"CADPH-FluCAT_Ensemble",2024-02-17,2.99284133379441,4.39635460277213,111.919686962047,0.61031588561077,1.46067581100589,1.47536539460834,65.3443679156928,0.219438437919045,1,1,4
"CADPH-FluCAT_Ensemble",2024-02-24,4.2059481752446,5.3353507291963,174.37988993051,0.900202639685535,1.67510906922815,1.62109893634611,84.472408788395,0.311353761157395,1,1,4
"CADPH-FluCAT_Ensemble",2024-03-02,2.97313680750454,4.50227529968423,104.430350039866,0.703912184849846,1.34661353550384,1.58625243115378,45.5711886423065,0.208434304223383,1,1,4
"CADPH-FluCAT_Ensemble",2024-03-09,2.71037411358606,3.86041680019295,143.279222711277,0.839952105706556,1.63051204353804,1.77478801362865,98.271511656626,0.420533720927546,1,1,4
"CADPH-FluCAT_Ensemble",2024-03-16,0.8008552329264,1.0844378938679,37.20555111028,0.271982742383341,0.805604118949123,0.884188051779646,36.1831408444965,0.187842281466591,1,1,4
"CADPH-FluCAT_Ensemble",2024-03-23,1.24674588301129,2.66669845134791,49.2782788993628,0.668047271673163,2.27597330065122,4.06933422548669,95.0758810248243,0.934437953410445,0,1,4
"CADPH-FluCAT_Ensemble",2024-03-30,1.06990688208904,1.35100095071998,35.800318618469,0.315766624276339,1.48644835918224,1.98853633305554,62.702295751874,0.496277810437918,0,1,4
"CADPH-FluCAT_Ensemble",2024-04-06,0.500469754287034,0.654102151576331,20.5393694628572,0.153732804319125,0.828565368112371,1.13587482553722,35.707760321739,0.255636060947079,0.25,1,4
"CADPH-FluCAT_Ensemble",2024-04-13,0.688548177773807,1.15051892741273,33.3742252506993,0.386355887610169,0.76934249816335,1.06769011305921,54.5387839080996,0.484778787882366,0.25,0.75,4
"CADPH-FluCAT_Ensemble",2024-04-27,0.755747530054328,1.01916413287975,45.1832504026591,0.482375135836345,0.645105102884871,0.812917810217215,66.8456222851922,0.681139421360558,0.25,0.5,4
"CADPH-FluCAT_Ensemble",2024-05-04,1.15431289290794,1.44205100168825,71.7209390393462,0.808373287884132,0.878631585079461,0.975730676070902,95.1977338914183,1.00422797592071,0,0,4
"CEPH-Rtrend_fluH",2023-10-14,0.762702780637594,0.876651355958437,7.6823316680602,0.424932723577596,0.818127868561582,1.21009798813865,10.5096153846154,0.68263039959722,0.870192307692308,1,208
"CEPH-Rtrend_fluH",2023-10-21,0.755982640295122,0.865723056385772,9.34523492892977,0.435070811596754,0.797526728817258,1.17836052939963,14.6995192307692,0.726813742154352,0.783653846153846,0.995192307692308,208
"CEPH-Rtrend_fluH",2023-10-28,0.674705035204022,0.742882304609072,10.7170751358696,0.379420063309943,0.690394519810323,0.790532545570358,17.3701923076923,0.568969623328434,0.644230769230769,0.975961538461538,208
"CEPH-Rtrend_fluH",2023-11-04,0.742316209928601,0.777546307916335,15.0186900397157,0.407525738076713,0.618560325635405,0.72612764057851,19.78125,0.579611666058331,0.865384615384615,1,208
"CEPH-Rtrend_fluH",2023-11-11,0.642598005582021,0.672186770077384,17.3704571174749,0.36392926952238,0.630070390957309,0.691724225034975,26.9495192307692,0.576823042478383,0.620192307692308,0.975961538461538,208
"CEPH-Rtrend_fluH",2023-11-18,0.662189618460605,0.664754835840189,22.8797223035117,0.356901998400692,0.67427294819747,0.71027529785795,35.8918269230769,0.56934788778155,0.495192307692308,0.913461538461538,208
"CEPH-Rtrend_fluH",2023-11-25,0.570638415297831,0.610659787657587,27.3383994565217,0.356337314615929,0.563025484048075,0.609484563809357,40.2235576923077,0.545067696539784,0.451923076923077,0.875,208
"CEPH-Rtrend_fluH",2023-12-02,0.739580205948833,0.697122048007669,60.0565541283445,0.439347676479846,0.742588275330834,0.70401053999459,81.1274038461538,0.641726646261441,0.326923076923077,0.701923076923077,208
"CEPH-Rtrend_fluH",2023-12-09,0.491217840121764,0.504180235960089,59.8552264005017,0.329471993840727,0.545450933672201,0.544786002398999,83.8076923076923,0.491309652871079,0.384615384615385,0.802884615384615,208
"CEPH-Rtrend_fluH",2023-12-16,0.606386154088518,0.569488391819487,91.3124973557692,0.398387707591285,0.646887677170948,0.607633055134624,120.776442307692,0.567924085879403,0.317307692307692,0.649038461538462,208
"CEPH-Rtrend_fluH",2023-12-23,0.585345025276139,0.631010900253368,72.6446889318562,0.32581384718917,0.673015880559742,0.72386418249309,105.867788461538,0.495868785326023,0.293269230769231,0.701923076923077,208
"CEPH-Rtrend_fluH",2023-12-30,1.47844105498709,1.12995159721092,97.4443438754181,0.298721445131308,1.55737535138914,1.1810211488334,139.96875,0.430736653143853,0.326923076923077,0.701923076923077,208
"CEPH-Rtrend_fluH",2024-01-06,1.11892560894735,1.14440417992157,100.015827351589,0.306820386195003,1.23081941630049,1.26919449897323,147.817307692308,0.457116478441015,0.235576923076923,0.721153846153846,208
"CEPH-Rtrend_fluH",2024-01-13,0.696941655027343,1.18653408246005,62.0222507629599,0.391816338378699,0.778502962900169,1.36112608705261,93.7403846153846,0.598462155352615,0.355769230769231,0.822115384615385,208
"CEPH-Rtrend_fluH",2024-01-20,1.16486418640633,1.79302010523446,64.6971961329431,0.450774478899195,1.21941433311774,2.01259027029454,99.7596153846154,0.719926720464519,0.230769230769231,0.807692307692308,208
"CEPH-Rtrend_fluH",2024-01-27,2.39704914323605,4.30649665081282,124.585587019231,1.02149266857216,2.07091503593677,4.21942270266401,156.641826923077,1.45381073602865,0.100961538461538,0.346153846153846,208
"CEPH-Rtrend_fluH",2024-02-03,1.20511264580951,1.68444685259191,54.6249845004181,0.393423664772434,1.26416644780642,1.85299225598336,84.4302884615385,0.622827529269946,0.341346153846154,0.822115384615385,208
"CEPH-Rtrend_fluH",2024-02-10,1.75181408851661,2.33119948258378,62.2323277487458,0.482561601089664,1.79284844200344,2.46914028784675,95.0288461538462,0.736460628286525,0.25,0.759615384615385,208
"CEPH-Rtrend_fluH",2024-02-17,1.51353447438607,2.16701196508227,50.3285510242475,0.440412120362979,1.69039209696966,2.59721252451357,82.0961538461538,0.719228793787493,0.254807692307692,0.836538461538462,208
"CEPH-Rtrend_fluH",2024-02-24,1.16796778365089,1.40894957120591,35.8279425271739,0.284840420717857,1.19363857827916,1.50024356352101,54.5552884615385,0.429711354712876,0.538461538461538,0.932692307692308,208
"CEPH-Rtrend_fluH",2024-03-02,1.10322105541843,1.68430675300283,36.5593971780936,0.364921621335245,1.06709572958153,1.96107928394585,51.5288461538462,0.573104129715131,0.370192307692308,0.860576923076923,208
"CEPH-Rtrend_fluH",2024-03-09,0.471306862303464,0.821663575344169,21.2219894439799,0.235030283803863,0.483233711140161,0.84827775045579,32.4663461538462,0.349974376457994,0.581730769230769,0.956730769230769,208
"CEPH-Rtrend_fluH",2024-03-16,0.473891801563159,0.833342200085859,19.2797068248328,0.246015498125676,0.506551103921748,0.870885456457289,30.2115384615385,0.364624664055239,0.567307692307692,0.956730769230769,208
"CEPH-Rtrend_fluH",2024-03-23,0.908125512988343,1.20779082390856,23.8158012123746,0.340906542728413,0.925173352422347,1.388329777412,35.8076923076923,0.552856839445799,0.4375,0.903846153846154,208
"CEPH-Rtrend_fluH",2024-03-30,0.946504742964406,1.27838250096579,19.6297554034281,0.368895568397176,1.04543032828084,1.48153243129898,32.2692307692308,0.608380190842429,0.379807692307692,0.927884615384615,208
"CEPH-Rtrend_fluH",2024-04-06,0.518974059221735,0.767595005856797,12.0786006688963,0.280745355254227,0.537070035831709,0.8005775714238,19.1225961538462,0.440058858646265,0.605769230769231,0.995192307692308,208
"CEPH-Rtrend_fluH",2024-04-13,0.53266347506161,0.714524707020312,14.7106742892977,0.326085978131362,0.544178842288664,0.726490528659879,23.0552884615385,0.496456087870504,0.5625,0.951923076923077,208
"CEPH-Rtrend_fluH",2024-04-20,0.412278676700021,0.637116309705552,10.6616776651338,0.362921949894139,0.394217335275107,0.628430039244322,16.46875,0.579827196114502,0.649038461538462,0.975961538461538,208
"CEPH-Rtrend_fluH",2024-04-27,0.452580820792423,0.680054755790008,8.65150959265513,0.456701084168422,0.410629176332992,0.638366173507185,12.8300970873786,0.707534419803061,0.645631067961165,0.961165048543689,206
"CEPH-Rtrend_fluH",2024-05-04,0.542617832303327,0.768065338494611,9.65390160912191,0.564688017835202,0.492968616910099,0.714123136094441,14.4019607843137,0.911802708280089,0.549019607843137,0.946078431372549,204
"CMU-TimeSeries",2023-10-14,0.80042991829229,0.684215856897593,8.25260936517849,0.327193115217269,0.973130783943534,0.900683041535867,12.453732475006,0.489969326498043,0.466346153846154,0.942307692307692,208
"CMU-TimeSeries",2023-10-21,0.894035036339417,0.680030388783612,10.019142857288,0.329745926486829,0.931382638213879,0.830504125101567,15.3560189356808,0.488867071081154,0.468085106382979,0.962765957446808,188
"CMU-TimeSeries",2023-10-28,0.956338349303183,0.722382165167877,15.5757266299293,0.367578845376145,0.950184745309949,0.784041494897781,24.4755994565506,0.562874350948811,0.408653846153846,0.947115384615385,208
"CMU-TimeSeries",2023-11-04,1.00114271886125,0.840648845053443,15.842067151733,0.435770763122726,0.959341640403247,0.852174774483152,24.3804174758372,0.677892688561014,0.319148936170213,0.962765957446808,188
"CMU-TimeSeries",2023-11-11,1.19028525527002,1.10143768247617,32.7391672620562,0.586890113071961,1.15670915323015,1.10720933196269,50.4255277628449,0.9021975557288,0.191176470588235,0.862745098039216,204
"CMU-TimeSeries",2023-11-18,0.918961641511843,0.900362937371218,28.0083259257693,0.487342879051888,0.93565347842854,0.921426235151125,44.4289453054884,0.747238192313497,0.228260869565217,0.83695652173913,184
"CMU-TimeSeries",2023-11-25,0.889597498677994,0.880243688854971,37.3760714627798,0.515880782936199,0.917327010950733,0.890831782850606,57.3250754477432,0.799488943742051,0.179347826086957,0.771739130434783,184
"CMU-TimeSeries",2023-12-02,0.883910760721207,0.88685287040666,73.6191147701934,0.568835162128498,0.999661766041613,0.946621324709205,112.313803151338,0.87671606600371,0.180851063829787,0.75531914893617,188
"CMU-TimeSeries",2023-12-09,0.852514751401435,0.863179770169799,104.502713971763,0.563023451406799,1.01264307820871,0.9713014509722,156.381355369546,0.872229142249403,0.197115384615385,0.706730769230769,208
"CMU-TimeSeries",2023-12-16,0.805404800284945,0.806050753307409,120.322253513107,0.55772704745568,0.965342846948239,0.904569201123664,177.878868070506,0.831214656356005,0.127906976744186,0.691860465116279,172
"CMU-TimeSeries",2023-12-23,0.696324324994282,0.756018912505386,78.9477837205488,0.40667201236616,0.899940466019034,0.876349828456888,129.488575740171,0.623848289294161,0.196428571428571,0.833333333333333,168
"CMU-TimeSeries",2023-12-30,0.953498975331792,0.810979333577847,67.1804458460607,0.208623001827357,0.964217542290819,0.843205379240909,91.2146159575151,0.294758587684134,0.688775510204082,0.954081632653061,196
"CMU-TimeSeries",2024-01-06,1.69027122669891,1.29598258591304,156.471981763946,0.349768416964302,2.30894112176609,1.85645558719568,286.756334078363,0.671327792787805,0.32,1,200
"CMU-TimeSeries",2024-01-13,1.35701329529279,1.07594926771152,114.856770585313,0.348305927974109,1.78516406371181,1.49827331947825,204.92655441429,0.645891716036487,0.39375,0.99375,160
"CMU-TimeSeries",2024-01-20,0.848034287865013,0.913000576289926,46.7839161031553,0.226300386812785,0.647917487798828,0.869312285528783,52.5003932430428,0.306579082764747,0.793478260869565,0.994565217391304,184
"CMU-TimeSeries",2024-01-27,1.02802750172656,1.17139278258598,51.9919312189319,0.266240481932652,1.05897936981922,1.21011142631711,78.3442091105334,0.399070875050422,0.64,0.99,200
"CMU-TimeSeries",2024-02-03,0.980096303949893,0.980046466405551,43.388966642241,0.226016653857416,1.01950413255936,1.05880999450759,66.9609589471213,0.351967849536097,0.5625,0.990384615384615,208
"CMU-TimeSeries",2024-02-10,1.13870077614292,1.12070612199568,40.1857438633588,0.234000252521128,1.21963871383008,1.22098649551667,64.7784098014968,0.368866408280153,0.466346153846154,0.990384615384615,208
"CMU-TimeSeries",2024-02-24,0.907006011728972,0.94979394966227,27.8314968125398,0.190526633507054,0.777031047266528,0.918073756210449,36.1694868392468,0.264691328242383,0.67156862745098,0.995098039215686,204
"CMU-TimeSeries",2024-03-02,0.872473757160044,0.895203196501088,26.1481249905713,0.183931412347413,0.782415378839628,0.93551698943713,34.7614441233219,0.260703506117478,0.744791666666667,0.984375,192
"CMU-TimeSeries",2024-03-09,0.677114809530521,0.719730669615359,29.7016884608848,0.200269383427768,0.711107808604064,0.813272492995973,46.3283798637521,0.323379143439275,0.610576923076923,0.985576923076923,208
"CMU-TimeSeries",2024-03-16,0.633026304877119,0.677231352574799,25.936599195298,0.201915893337692,0.644817558904077,0.759694957872565,39.2215023848466,0.325605465587483,0.528846153846154,0.995192307692308,208
"CMU-TimeSeries",2024-03-30,0.702068589991087,0.725476528797597,14.3081061741656,0.207303894648232,0.659994328994854,0.781502893578794,20.2003633331064,0.319635053702082,0.625,0.990384615384615,208
"CMU-TimeSeries",2024-04-06,0.610954378533271,0.67896957408565,13.8665323157721,0.241799701374492,0.58292401764222,0.722230094861623,20.301423241143,0.385887891055238,0.490384615384615,0.990384615384615,208
"CMU-TimeSeries",2024-04-13,0.66690454920152,0.760612947762273,18.6442409193217,0.347783007035824,0.658308778191104,0.836805014471471,28.2692884831229,0.573113932147355,0.409574468085106,0.99468085106383,188
"CMU-TimeSeries",2024-04-20,0.59480854736307,0.792555464472117,15.6977889352982,0.447889131505694,0.579839753715276,0.755120970988208,24.7275299414678,0.68983338997164,0.345,0.92,200
"CMU-TimeSeries",2024-04-27,0.633219653736234,0.883271942193298,12.4335600429112,0.581740634846802,0.628182599545617,0.818947958189381,20.1474921722965,0.884859532016054,0.257731958762887,0.824742268041237,194
"CMU-TimeSeries",2024-05-04,0.637341153741675,0.942015470396441,11.4625250832123,0.678726377513554,0.615875617620509,0.815272473934282,18.0946217943214,1.00740198682165,0.239583333333333,0.776041666666667,192
"CU-ensemble",2023-10-14,1.02526003000687,0.838088142650852,10.5510090175585,0.403971761273525,1.20394817655351,1.03758232872225,15.0352403846154,0.556306042337265,0.302884615384615,0.639423076923077,208
"CU-ensemble",2023-10-21,1.01395650321249,0.802540265162389,12.4599251651338,0.392748045319387,0.940265089434418,0.964116592970763,17.1978653846154,0.577593483424098,0.331730769230769,0.730769230769231,208
"CU-ensemble",2023-10-28,0.936651800027149,0.70982089945072,15.1410707253344,0.361404499793702,0.851470881772169,0.731039908387161,21.7533365384615,0.524116597512785,0.389423076923077,0.740384615384615,208
"CU-ensemble",2023-11-04,1.16687283775421,0.85212073475094,23.275853208612,0.426389080371263,0.946367684497301,0.782016531795963,30.6252980769231,0.601917588194728,0.331730769230769,0.706730769230769,208
"CU-ensemble",2023-11-11,0.980261971146943,0.684253156300747,26.4204492819816,0.362715281620013,0.781149515246573,0.592509235274174,33.4501586538462,0.481378278357499,0.192307692307692,0.495192307692308,208
"CU-ensemble",2023-11-18,0.721175690468192,0.580383680712177,25.0937840008361,0.307278824343139,0.701612698457116,0.585550608835657,37.5917355769231,0.461439887253053,0.274038461538462,0.769230769230769,208
"CU-ensemble",2023-11-25,0.670691108239433,0.493527899880974,32.1425441011706,0.279816702585015,0.693811846128044,0.507387478435463,49.2225096153846,0.438106325293639,0.370192307692308,0.846153846153846,208
"CU-ensemble",2023-12-02,0.531369839455761,0.509511383310275,43.5188611099498,0.328220471887087,0.557261676592054,0.525544989676104,61.3429230769231,0.488855329657317,0.346153846153846,0.774038461538462,208
"CU-ensemble",2023-12-09,0.603932834481885,0.532524805939209,74.7251042621238,0.352643464766623,0.661334202379459,0.564916025507827,102.833956730769,0.51444478471052,0.259615384615385,0.701923076923077,208
"CU-ensemble",2023-12-16,0.665830633355558,0.652381609594592,100.985007464465,0.458989536131574,0.709567242410039,0.684708404251257,132.862206730769,0.638648853920872,0.1875,0.557692307692308,208
"CU-ensemble",2023-12-23,0.596925173683972,0.570232055037093,75.0714061413044,0.295763524486572,0.707717995041994,0.669867471806522,112.439701923077,0.458588845208624,0.25,0.75,208
"CU-ensemble",2023-12-30,1.32189407571879,1.02587825235894,87.7114167746656,0.271423661124418,1.36321890134714,1.08955356847179,123.129264423077,0.399305902515129,0.326923076923077,0.706730769230769,208
"CU-ensemble",2024-01-06,2.16428166701125,1.84260841672998,195.283819751254,0.493587898440369,2.0808885849951,1.76532953409455,251.694942307692,0.634520822626617,0.100961538461538,0.375,208
"CU-ensemble",2024-01-13,0.983097975631111,1.00809837612612,87.7490623307002,0.332118024152746,1.17023520486402,1.18537881069919,141.993552884615,0.522485943507567,0.230769230769231,0.807692307692308,208
"CU-ensemble",2024-01-20,0.644834332922075,0.764812590368528,35.6502141743311,0.192625306740166,0.670783312747521,0.835051744178039,54.5135961538462,0.298041712682307,0.567307692307692,0.975961538461538,208
"CU-ensemble",2024-01-27,0.89876870865937,0.943313253865519,43.9063807399666,0.213025243566903,0.961969557239382,0.982386042732681,68.7311490384615,0.322663420981148,0.524038461538462,0.927884615384615,208
"CU-ensemble",2024-02-03,0.886239415576644,0.946702469194769,39.0999046404682,0.217355847435574,0.916212315854909,0.996502687287432,59.5006778846154,0.328158661024997,0.524038461538462,0.9375,208
"CU-ensemble",2024-02-10,1.10925402188518,0.999164904144834,39.1226074393813,0.207328569490967,1.14549085128787,1.05202075128211,60.3461153846154,0.314362499770468,0.466346153846154,0.932692307692308,208
"CU-ensemble",2024-02-17,1.02574818573341,0.967208853216898,33.0353719523411,0.194808572923809,1.09200608169158,1.07646584294114,51.1749230769231,0.292018469719507,0.605769230769231,0.951923076923077,208
"CU-ensemble",2024-02-24,1.07738474724034,0.984972824730415,32.1964375480769,0.197394000425895,1.08718310626914,0.991633038351945,48.8044278846154,0.282358542260798,0.644230769230769,0.947115384615385,208
"CU-ensemble",2024-03-02,0.918774901158527,0.933345181760651,28.7845340426421,0.193472919513265,0.937900857475287,0.952382635831445,43.1133076923077,0.264698286676576,0.725961538461538,0.966346153846154,208
"CU-ensemble",2024-03-09,0.544930512790035,0.671315288349393,23.3973234782609,0.184068401064949,0.590409256183885,0.720452346813045,37.4531057692308,0.280772662723069,0.725961538461538,0.990384615384615,208
"CU-ensemble",2024-03-16,0.640773148148918,0.752104194579896,25.981829354097,0.22240438543742,0.708310959533905,0.893360397240132,42.4569230769231,0.377135410475077,0.548076923076923,1,208
"CU-ensemble",2024-03-23,0.99799639040348,0.899929674911205,26.4687992077759,0.253880341086388,1.03055944404344,0.942774176401588,42.4475288461538,0.394608248561788,0.533653846153846,0.990384615384615,208
"CU-ensemble",2024-03-30,0.714616439965878,0.693779881756532,14.7156732107023,0.196795993585271,0.7217043811983,0.739088582090756,22.1502788461538,0.298604575008628,0.677884615384615,0.985576923076923,208
"CU-ensemble",2024-04-06,0.565651016002592,0.605476984728452,12.9793117976589,0.214585277483265,0.592652644731259,0.636185376655631,20.8366105769231,0.338054596226941,0.572115384615385,0.990384615384615,208
"CU-ensemble",2024-04-13,0.479773523233749,0.599244921609194,13.3507763942308,0.27646842541429,0.509769654088691,0.626956918542239,21.7712403846154,0.436052102000585,0.567307692307692,0.947115384615385,208
"CU-ensemble",2024-04-20,0.523606244723611,0.726048591509785,13.4617066785117,0.412704853945599,0.53016166274762,0.687355420886738,22.0308701923077,0.634170519066334,0.461538461538462,0.875,208
"CU-ensemble",2024-04-27,0.613401884433682,0.79976360000346,11.6515152912621,0.532234847622784,0.584105358337501,0.715706090856979,18.1697524271845,0.785311921557456,0.398058252427184,0.776699029126214,206
"CU-ensemble",2024-05-04,0.689074634377384,0.859389339706639,12.0171601193521,0.618990874859492,0.678282627551708,0.73905135275196,19.364181372549,0.918393092939511,0.284313725490196,0.691176470588235,204
"FluSight-baseline",2023-10-14,1,1,9.86008931163266,0.463299355965893,1,1,12.5528852163522,0.535951224343117,0.889423076923077,1,208
"FluSight-baseline",2023-10-21,1,1,12.2101462601465,0.483118332646398,1,1,18.2451887379451,0.595615347891399,0.778846153846154,1,208
"FluSight-baseline",2023-10-28,1,1,16.2375781403439,0.504950597989,1,1,25.5961509134322,0.717095509243023,0.740384615384615,0.980769230769231,208
"FluSight-baseline",2023-11-04,1,1,20.2839404545294,0.511750920356206,1,1,32.5817307692308,0.784318855202829,0.399038461538462,0.971153846153846,208
"FluSight-baseline",2023-11-11,1,1,27.1330247870277,0.533611866348952,1,1,42.9855777644315,0.820728444799978,0.298076923076923,0.971153846153846,208
"FluSight-baseline",2023-11-18,1,1,34.2415276089622,0.519353944605172,1,1,52.9230769230769,0.778814199279853,0.225961538461538,0.947115384615385,208
"FluSight-baseline",2023-11-25,1,1,46.9785284497454,0.556635550254256,1,1,69.7163461538462,0.85302149784149,0.129807692307692,0.923076923076923,208
"FluSight-baseline",2023-12-02,1,1,81.1831712398096,0.627550523913747,1,1,109.216346153846,0.909360531682206,0.0961538461538462,0.807692307692308,208
"FluSight-baseline",2023-12-09,1,1,122.56891737762,0.650508205189869,1,1,154.360576923077,0.897999204182533,0.0673076923076923,0.634615384615385,208
"FluSight-baseline",2023-12-16,1,1,149.0928857635,0.684476718332711,1,1,184.240384615385,0.911715781405561,0.0480769230769231,0.504807692307692,208
"FluSight-baseline",2023-12-23,1,1,125.67815815835,0.51410224673902,1,1,158.600961538462,0.678992122810791,0.0576923076923077,0.528846153846154,208
"FluSight-baseline",2023-12-30,1,1,68.5045343012368,0.271811402080284,1,1,92.5673076923077,0.372409393661356,0.153846153846154,0.75,208
"FluSight-baseline",2024-01-06,1,1,88.9182666468216,0.266085488080171,1,1,119.1875,0.356968158656132,0.125,0.764423076923077,208
"FluSight-baseline",2024-01-13,1,1,88.7817449714407,0.328111380982721,1,1,120.043269230769,0.436678141587804,0.125,0.673076923076923,208
"FluSight-baseline",2024-01-20,1,1,54.812927004127,0.24883509596329,1,1,80.7019230769231,0.353621163026213,0.163461538461538,0.894230769230769,208
"FluSight-baseline",2024-01-27,1,1,48.6218694882748,0.224572279639548,1,1,71.3894230769231,0.327849175057212,0.153846153846154,0.947115384615385,208
"FluSight-baseline",2024-02-03,1,1,43.8484378192815,0.22723750732101,1,1,64.7115384615385,0.326684395171186,0.192307692307692,0.932692307692308,208
"FluSight-baseline",2024-02-10,1,1,34.5824044078226,0.205872949313076,1,1,51.625,0.297992667509502,0.254807692307692,0.961538461538462,208
"FluSight-baseline",2024-02-17,1,1,32.1570969653536,0.199457040277521,1,1,47.0913461538462,0.273468677568558,0.331730769230769,0.942307692307692,208
"FluSight-baseline",2024-02-24,1,1,30.2659923650726,0.201617254580771,1,1,45.5576923076923,0.28907838215965,0.307692307692308,0.971153846153846,208
"FluSight-baseline",2024-03-02,1,1,31.7469443570419,0.207383476510198,1,1,47,0.283210658785529,0.355769230769231,0.966346153846154,208
"FluSight-baseline",2024-03-09,1,1,44.5617876972335,0.278534160072742,1,1,66.3365384615385,0.402566741572092,0.235576923076923,0.923076923076923,208
"FluSight-baseline",2024-03-16,1,1,41.6715792469295,0.298246590399944,1,1,62.3557692307692,0.435578538461001,0.1875,0.9375,208
"FluSight-baseline",2024-03-23,1,1,26.8613863551003,0.285316718715714,1,1,41.4855769230769,0.423814742182586,0.245192307692308,0.975961538461538,208
"FluSight-baseline",2024-03-30,1,1,20.6531452930495,0.285221108750202,1,1,32.125,0.427062178975405,0.399038461538462,0.990384615384615,208
"FluSight-baseline",2024-04-06,1,1,23.2051150584828,0.354917307475964,1,1,36.4615384615385,0.550839784128101,0.269230769230769,1,208
"FluSight-baseline",2024-04-13,1,1,28.2496766722104,0.462386417295855,1,1,44.1778846153846,0.710775067927875,0.278846153846154,0.995192307692308,208
"FluSight-baseline",2024-04-20,1,1,25.5856313012426,0.566148866230148,1,1,41.4134615384615,0.919382596945288,0.331730769230769,1,208
"FluSight-baseline",2024-04-27,1,1,19.1156082018092,0.664513278588558,1,1,31.4077669902913,1.10360497539051,0.33495145631068,1,206
"FluSight-baseline",2024-05-04,1,1,17.2659924631169,0.712493207764344,1,1,28.406862745098,1.2422791601196,0.372549019607843,1,204
"FluSight-ensemble",2023-10-14,0.734494812432561,0.632303782310976,7.5358971299516,0.302838110109683,0.899476589237014,0.81434909890026,11.4505867039741,0.441733376246011,0.730769230769231,0.995192307692308,208
"FluSight-ensemble",2023-10-21,0.773526687298512,0.600760860528965,9.58190400297184,0.297005387847083,0.834306989168992,0.715044464466777,15.4129913818634,0.431571119689367,0.644230769230769,0.966346153846154,208
"FluSight-ensemble",2023-10-28,0.769579257143401,0.604444218648066,12.3186203321496,0.304598009092754,0.773119418180806,0.661709996944299,19.620658305429,0.47014584577754,0.514423076923077,0.951923076923077,208
"FluSight-ensemble",2023-11-04,0.862632824290928,0.678859704203408,17.1872040565072,0.343691614856919,0.843820854192533,0.716368501029373,27.3112202415128,0.557186837024933,0.423076923076923,0.947115384615385,208
"FluSight-ensemble",2023-11-11,0.893970211834569,0.736029892842946,24.0080540355135,0.390423470115096,0.861246508081547,0.763912222934557,36.880983150903,0.62343951471234,0.331730769230769,0.884615384615385,208
"FluSight-ensemble",2023-11-18,0.69999541765109,0.682761967796725,24.0414604316346,0.360262715356472,0.761142216957033,0.728234828973727,40.4452960430327,0.573125414232635,0.355769230769231,0.908653846153846,208
"FluSight-ensemble",2023-11-25,0.646214632913363,0.628223311615736,30.9339616582892,0.362592639644262,0.680632868307394,0.66057412136282,48.4609036902202,0.585327903657822,0.399038461538462,0.884615384615385,208
"FluSight-ensemble",2023-12-02,0.706962050763069,0.681678883690762,57.4886349427692,0.432235874455926,0.777063319889575,0.723057006383421,84.884115974998,0.661105614158526,0.259615384615385,0.769230769230769,208
"FluSight-ensemble",2023-12-09,0.629764208469279,0.618580033029499,77.5442152933397,0.407098516882981,0.735191079616278,0.664410443989669,114.01327788217,0.602235880425697,0.278846153846154,0.711538461538462,208
"FluSight-ensemble",2023-12-16,0.635500820635736,0.59525732705832,95.1090302602876,0.410075974803622,0.744656509680491,0.67324312435067,137.630675318412,0.616320603678348,0.216346153846154,0.701923076923077,208
"FluSight-ensemble",2023-12-23,0.574797109837386,0.546042197390297,71.5519846212306,0.280174467945424,0.691262119442115,0.624483528712648,108.944631859601,0.423660077823047,0.331730769230769,0.75,208
"FluSight-ensemble",2023-12-30,0.95842732870528,0.787790782893312,64.0041348564176,0.209038765241925,1.12766117324981,0.910283922258152,101.524642772584,0.329806046889489,0.519230769230769,0.908653846153846,208
"FluSight-ensemble",2024-01-06,1.19207998033157,1.14131143251647,106.999762589334,0.30663144246321,1.51140311245415,1.41936573496432,181.711092334932,0.509759004621726,0.288461538461538,0.889423076923077,208
"FluSight-ensemble",2024-01-13,0.661091772285542,0.723522413780436,59.1510010741339,0.239953003156686,0.767562188801557,0.899829173499692,92.9738165450624,0.396985073353841,0.365384615384615,0.980769230769231,208
"FluSight-ensemble",2024-01-20,0.604788203177276,0.668239170240043,33.6578628583722,0.168904366996141,0.614643833492423,0.667716772698311,50.9997241534021,0.242659464772361,0.706730769230769,0.990384615384615,208
"FluSight-ensemble",2024-01-27,1.00489084115771,1.12297077640838,50.0173276549113,0.257258215914995,1.1198790824494,1.23177702547485,81.5010280668192,0.408324287788326,0.447115384615385,0.927884615384615,208
"FluSight-ensemble",2024-02-03,0.996798399431903,1.10478817429196,45.4449594842565,0.260304300195471,0.997181755974787,1.1428491202715,68.6687883398338,0.395675403016027,0.456730769230769,0.927884615384615,208
"FluSight-ensemble",2024-02-10,1.18322917686798,1.14512314637162,42.4277636720897,0.240897908929006,1.1903526977848,1.19016289581567,65.5191772482465,0.370328205957526,0.4375,0.951923076923077,208
"FluSight-ensemble",2024-02-17,0.990056121204653,1.09651893159817,33.5841444485654,0.230906048678391,0.982751419128264,1.12773805011676,54.5068000768979,0.357245476758076,0.466346153846154,0.966346153846154,208
"FluSight-ensemble",2024-02-24,0.83641105146123,0.88265911148917,25.4915471882432,0.180022739829297,0.779653248341193,0.84155983985269,36.1722098874341,0.247810830061619,0.634615384615385,0.975961538461538,208
"FluSight-ensemble",2024-03-02,0.698356397976202,0.828595627940372,22.4224497050048,0.174983576786584,0.67389618207555,0.831204524143905,32.8988189262363,0.245558423580166,0.673076923076923,0.980769230769231,208
"FluSight-ensemble",2024-03-09,0.538712835622701,0.637530467554,23.9331638145948,0.179284530310058,0.587014894771518,0.703975375795674,39.0484430204121,0.28526238837668,0.663461538461538,0.995192307692308,208
"FluSight-ensemble",2024-03-16,0.499983545504227,0.598346154712054,20.745517931901,0.179358344792795,0.50927302874815,0.636103542018467,32.3657307563883,0.283291627025177,0.615384615384615,1,208
"FluSight-ensemble",2024-03-23,0.566979241507276,0.6371414261092,15.0200723815212,0.181486629065168,0.532013032685621,0.627254546058977,21.2671247926898,0.259254639996758,0.759615384615385,1,208
"FluSight-ensemble",2024-03-30,0.615184528720526,0.669632170827458,12.7128086203689,0.191989243250031,0.580471085717033,0.691174633545775,18.0395302997314,0.285049106961204,0.740384615384615,1,208
"FluSight-ensemble",2024-04-06,0.524958466592301,0.604287665472338,12.0982277880411,0.216803314444997,0.489397314371858,0.619125179113893,17.930745480533,0.346927811751776,0.725961538461538,0.995192307692308,208
"FluSight-ensemble",2024-04-13,0.516412532861441,0.621104342596185,14.4810114325957,0.288173123234782,0.562147193328433,0.689523229938315,24.2142339338626,0.482250496877471,0.533653846153846,0.995192307692308,208
"FluSight-ensemble",2024-04-20,0.543324382202592,0.744631396252234,13.9316402376019,0.422224383511001,0.547949602070353,0.728423194479701,22.7174574534995,0.669938561864772,0.466346153846154,0.927884615384615,208
"FluSight-ensemble",2024-04-27,0.598421330676009,0.829917679405848,11.3482686580805,0.554117588734071,0.589666672758031,0.77093945387498,18.3042405610549,0.848034176220037,0.398058252427184,0.87378640776699,206
"FluSight-ensemble",2024-05-04,0.655885297507834,0.9056860424452,11.2760963190838,0.649864921894738,0.637159958400834,0.80792876316146,17.924910290922,1.00148323128133,0.323529411764706,0.838235294117647,204
"FluSight-lop_norm",2023-10-14,0.849041235027355,0.687924820999097,8.61772396879589,0.32802263931611,0.908158160730881,0.804050580125385,11.5963993298795,0.436911338747265,0.764423076923077,1,208
"FluSight-lop_norm",2023-10-21,0.812484243606674,0.648723548682887,10.1006152852433,0.32082305726379,0.864953617342114,0.732076523778435,16.051196086509,0.442615456072995,0.725961538461538,1,208
"FluSight-lop_norm",2023-10-28,0.798472664513828,0.653920929933749,12.8708881389763,0.330636047218294,0.86038491577745,0.716166768471414,21.92280749851,0.508053124705983,0.552884615384615,1,208
"FluSight-lop_norm",2023-11-04,0.818936566888873,0.666864369133741,16.4372839390625,0.339354144156581,0.839622374621066,0.697945537872508,27.1888186835739,0.542507573997787,0.528846153846154,1,208
"FluSight-lop_norm",2023-11-11,0.837756199584899,0.71332058334364,22.628635358563,0.379610493627375,0.877273461632811,0.759007381700305,37.6420356947735,0.619643206652302,0.408653846153846,0.985576923076923,208
"FluSight-lop_norm",2023-11-18,0.696184638885678,0.683929933552647,23.9287452555107,0.358780444501529,0.776190959423552,0.73492512455077,41.130274909501,0.576256322602756,0.509615384615385,1,208
"FluSight-lop_norm",2023-11-25,0.642997522690557,0.628714594009108,30.440699576322,0.357533820007799,0.6724552059027,0.650847495134948,47.8883055415693,0.576449937158155,0.432692307692308,0.975961538461538,208
"FluSight-lop_norm",2023-12-02,0.625187216322129,0.647523264418177,50.9611327759293,0.412076636248114,0.770845918589462,0.728423846940251,84.28667597883,0.668062735273489,0.298076923076923,0.975961538461538,208
"FluSight-lop_norm",2023-12-09,0.562854225000318,0.589545511617469,69.2406950281529,0.387243758602825,0.734919977305726,0.671114907553518,113.838740081915,0.607355598767578,0.346153846153846,0.942307692307692,208
"FluSight-lop_norm",2023-12-16,0.576619263939971,0.556801211796992,85.9923871445217,0.381976130090096,0.747120959276656,0.665761510016492,138.481728012338,0.611016035782812,0.283653846153846,0.947115384615385,208
"FluSight-lop_norm",2023-12-23,0.563370789498717,0.535919685013482,70.1455905040051,0.274495636719676,0.693047644856765,0.616744637155701,109.295755658838,0.418395571902386,0.418269230769231,0.956730769230769,208
"FluSight-lop_norm",2023-12-30,1.00333592885747,0.812684114862296,67.1683784364573,0.215743061713739,1.08904764402793,0.881750531405621,98.2449528595971,0.319186576423148,0.600961538461538,0.990384615384615,208
"FluSight-lop_norm",2024-01-06,1.15207323931065,1.08302924157757,103.387123736708,0.291040233770022,1.40370446279195,1.36284696620588,168.434599563416,0.489150380393165,0.413461538461538,1,208
"FluSight-lop_norm",2024-01-13,0.734341084834343,0.761236136963295,65.6174390899463,0.251754739498529,0.781544351473349,0.911857619720295,94.8404120499626,0.402562897509892,0.5,0.995192307692308,208
"FluSight-lop_norm",2024-01-20,0.725408669072163,0.810786117691448,40.2957856628136,0.20405379387215,0.615040252554655,0.676018837938552,51.1533017497825,0.246704679347314,0.788461538461538,1,208
"FluSight-lop_norm",2024-01-27,1.01868832634345,1.23194769094215,50.6708780734373,0.282221429127281,1.15185263746076,1.27429827375765,84.2375046765271,0.423942726985662,0.538461538461538,0.990384615384615,208
"FluSight-lop_norm",2024-02-03,1.00030283599418,1.18798066222031,45.4787031709025,0.278131444958133,1.03838015708799,1.1985672680362,72.0667166220881,0.417419873538006,0.519230769230769,0.980769230769231,208
"FluSight-lop_norm",2024-02-10,1.18537803892004,1.22237379132544,42.4610818340473,0.256530716050909,1.2087882322974,1.21788250446858,66.9368686424893,0.381253845090474,0.490384615384615,0.995192307692308,208
"FluSight-lop_norm",2024-02-17,1.0327224218986,1.17332931925241,34.6374017740716,0.243405377392874,1.04930105113366,1.21936810883806,55.4794416628839,0.37100795192997,0.509615384615385,0.995192307692308,208
"FluSight-lop_norm",2024-02-24,0.894101324432005,0.968199138693444,27.1899905689095,0.19676927739791,0.813788289367943,0.878583584373209,38.178123010483,0.261432836148751,0.673076923076923,1,208
"FluSight-lop_norm",2024-03-02,0.759521419723014,0.921711503684906,24.3485628168539,0.1940497918201,0.682853589251618,0.83666282866732,33.6473614908002,0.249480074948208,0.798076923076923,0.995192307692308,208
"FluSight-lop_norm",2024-03-09,0.541314886101905,0.663463466230521,24.0634020840096,0.186592651030558,0.526375390671169,0.648651191389924,35.3215567164616,0.265578791563615,0.735576923076923,1,208
"FluSight-lop_norm",2024-03-16,0.518683696856894,0.633719592171634,21.4015629967557,0.188811925057358,0.457766338197517,0.583507827949007,28.9594013425683,0.258800983158935,0.730769230769231,1,208
"FluSight-lop_norm",2024-03-23,0.628273487104135,0.693834518593613,16.5632941681507,0.19632603413171,0.498486445268516,0.600349438957751,19.5977666024861,0.243717825291761,0.831730769230769,1,208
"FluSight-lop_norm",2024-03-30,0.663063997817878,0.722950521271942,13.6509612531299,0.206334086616232,0.574394707013419,0.670014212209453,17.6643705119155,0.27256847016068,0.8125,1,208
"FluSight-lop_norm",2024-04-06,0.539296768187575,0.621672051729149,12.3748787264068,0.221705469922523,0.452850408530248,0.578970962014392,16.2592118500822,0.318393628534173,0.769230769230769,1,208
"FluSight-lop_norm",2024-04-13,0.503379970507305,0.615228399679255,14.0640940434841,0.284280613190257,0.506030312790875,0.63739036094744,21.6837210301648,0.444216049092814,0.639423076923077,1,208
"FluSight-lop_norm",2024-04-20,0.531175708559551,0.708605988933931,13.6186403018104,0.401739284409735,0.520992121692115,0.705178678431692,21.5913804537411,0.648475700043862,0.533653846153846,1,208
"FluSight-lop_norm",2024-04-27,0.580779363674378,0.770160670199015,11.0035335414064,0.512635547518851,0.552411659590769,0.755059409017928,17.144177739932,0.831133012859472,0.441747572815534,0.995145631067961,206
"FluSight-lop_norm",2024-05-04,0.639048337749439,0.846232410426795,10.9901440133052,0.606631022580528,0.61261340261488,0.799156123307755,17.2417592406336,0.991610308534872,0.372549019607843,0.980392156862745,204
"GH-model",2023-10-28,2.04115301725902,2.00806428668568,33.2657848453177,1.01221387352252,1.44880782578546,1.69753976297864,37.3293269230769,1.20595750432814,0.0817307692307692,0.115384615384615,208
"GH-model",2023-11-04,2.26373040111711,2.44530635533919,46.4866851588629,1.25300491324334,1.52802201240096,1.84981769983173,50.5865384615385,1.45062690247995,0.0480769230769231,0.0673076923076923,208
"GH-model",2023-11-11,2.3078420372706,2.78286633901537,63.3154952341137,1.48491529179948,1.56485471584997,2.05910015340338,68.0576923076923,1.68224408718426,0.0288461538461538,0.0336538461538462,208
"GH-model",2023-11-18,2.44261755742448,3.28806896158076,83.7629983277592,1.69045147702614,1.6753065818742,2.45574851557396,89.0432692307692,1.88900800707504,0.0240384615384615,0.0336538461538462,208
"GH-model",2023-12-02,2.02719709501519,3.38736176663986,164.808492934783,2.11699474002451,1.56583999615823,2.56738470467081,171.740384615385,2.32140779994988,0.0336538461538462,0.0384615384615385,208
"GH-model",2023-12-09,1.93456924370976,3.59376267770209,235.871859991639,2.3278816016945,1.58536169141265,2.83967846686515,244.153846153846,2.53768432810039,0.0336538461538462,0.0336538461538462,208
"GH-model",2023-12-16,1.95655228870014,3.6222919335755,288.627001881271,2.4389124546853,1.63242218507214,2.96056426656066,298.490384615385,2.65759702055291,0.0144230769230769,0.0240384615384615,208
"GH-model",2023-12-23,2.45122578544539,4.70741482141083,306.503731960702,2.40857307578983,2.02070281251396,3.8976494987369,319.055288461538,2.63324552550565,0.00480769230769231,0.0144230769230769,208
"GH-model",2024-01-06,2.45451066674737,6.47914013456797,221.354520861204,1.75695701330928,1.98980266787236,5.44791464623316,241.163461538462,1.9812980042801,0.0336538461538462,0.0721153846153846,208
"GT-FluFNP",2023-10-14,1.30199822646396,1.29927545352486,13.0323108671739,0.597259701867576,1.63008206772072,1.80606577396348,19.264851,0.919025232087711,0.535,0.835,200
"GT-FluFNP",2023-10-21,1.02757293179591,0.888895193232197,12.5824692455634,0.423111466567439,1.01931897889753,0.950996371891576,18.2211423469388,0.554933272153128,0.61734693877551,0.877551020408163,196
"GT-FluFNP",2023-10-28,1.16978850741969,1.03084743624434,18.8698425,0.513756700973846,1.08035958033404,1.1030302413774,27.2765418367347,0.77693507070567,0.443877551020408,0.852040816326531,196
"GT-FluFNP",2023-11-04,1.0963209636485,0.928222110440766,22.056125496087,0.468186461764214,0.920159137087411,0.836913297890591,29.70508,0.647162319391229,0.36,0.77,200
"GT-FluFNP",2023-11-11,1.29758285197151,1.17987993750871,35.4598408354348,0.632837112237971,1.06118820918194,1.03687816858432,45.94112,0.854074647194868,0.215,0.565,200
"GT-FluFNP",2023-11-18,1.41432461596891,1.3889776099877,48.2682490747826,0.717234978152912,1.13170882212211,1.2254262490149,59.7857285,0.947849563613263,0.135,0.425,200
"GT-FluFNP",2023-11-25,1.40167168509369,1.31510693529054,66.7506182293478,0.734336762190037,1.11650879719916,1.09596645393737,78.9617075,0.935199476182133,0.095,0.275,200
"GT-FluFNP",2023-12-02,1.13633847335552,1.15674681615372,94.2587107658696,0.7377210519555,0.94958553853683,0.982075719864423,106.107872,0.907361761934406,0.045,0.195,200
"GT-FluFNP",2023-12-09,1.20251412192388,1.22965604371817,152.39855348913,0.815436121806793,1.02993066448514,1.04661261855645,164.6095525,0.956946626607787,0.02,0.105,200
"GT-FluFNP",2023-12-16,1.16389832719834,1.09422352929091,179.284961096957,0.759705206557947,1.00250366379626,0.92710174389121,191.238111,0.858453160300168,0.03,0.065,200
"GT-FluFNP",2023-12-23,1.02186162239077,0.84855886303003,134.410344861187,0.443413036531611,0.881179332903342,0.726655194611915,146.612141145833,0.50261216911641,0.09375,0.177083333333333,192
"GT-FluFNP",2024-01-06,1.47125141075919,1.6582029659848,136.738467248696,0.453467866655693,1.30849013509752,1.42431833519004,163.380712,0.523513641137679,0.115,0.235,200
"GT-FluFNP",2024-01-13,1.16036304532089,1.27338358526213,98.7795118004163,0.405556708070925,1.09284745297757,1.14509214779994,126.428806914894,0.489964418721787,0.122340425531915,0.297872340425532,188
"GT-FluFNP",2024-01-20,1.03911136152209,1.1215506896784,57.7676198855368,0.279788782420519,1.0105248025217,1.06328111113396,82.468062755102,0.375498026727919,0.188775510204082,0.545918367346939,196
"GT-FluFNP",2024-01-27,1.23104213888981,1.62277960523748,63.9691083619565,0.369242169239275,1.23283185217555,1.43842980652723,93.9022335,0.482498144303499,0.39,0.82,200
"GT-FluFNP",2024-02-03,1.70097069711552,2.56256108613386,80.2088118221739,0.583784011417468,1.68147108344392,2.31229524212024,116.933431,0.772687007922098,0.245,0.675,200
"GT-FluFNP",2024-02-10,1.89963846578426,2.40777387706357,70.87780559,0.493031985201666,1.85699587639725,2.18731440758998,104.14379,0.659836079990233,0.27,0.715,200
"GT-FluFNP",2024-02-24,0.977204132921064,1.10127333513581,30.3730828086957,0.221512140515013,0.896515527628059,0.966511370715209,42.445379,0.284713479140943,0.575,0.9,200
"GT-FluFNP",2024-03-02,0.787838320991126,0.854280223262934,25.8095026182609,0.174841740939973,0.777372244892027,0.849076717389618,37.901675,0.240864861138379,0.515,0.865,200
"GT-FluFNP",2024-03-09,1.00377319100101,1.03384422065479,46.063330026087,0.286127334996507,1.01300579528078,1.02757641589967,69.012392,0.409176987484076,0.255,0.65,200
"GT-FluFNP",2024-03-16,0.882012802502802,0.901844297249475,37.4288772258696,0.265523049347688,0.878006026439212,0.87827399184667,56.4295715,0.386586757784157,0.325,0.735,200
"GT-FluFNP",2024-03-23,0.949301141332501,0.907321364481365,25.8122188095652,0.253013595063001,0.934273003104925,0.895670406064084,38.9600365,0.370303833545442,0.475,0.86,200
"GT-FluFNP",2024-04-06,0.650390442058035,0.798997834049965,15.1738523536957,0.277818933467564,0.596563437582079,0.721214728977027,22.0779785,0.396500723946224,0.66,0.97,200
"GT-FluFNP",2024-04-13,0.532716045464113,0.736197502246341,15.1291394734783,0.334766653389169,0.531814251922778,0.679950615589025,23.457824,0.480081493710332,0.63,0.98,200
"GT-FluFNP",2024-04-20,0.621209647085742,0.79806041335687,16.3822489608696,0.459700737095693,0.635491233385705,0.812760549376834,27.141137,0.760897026226057,0.605,0.995,200
"GT-FluFNP",2024-04-27,0.719951173791244,0.823729416677405,14.0563195889328,0.54794969163177,0.696517626217289,0.821770011531836,22.6356080808081,0.931302517166964,0.742424242424242,0.994949494949495,198
"GT-FluFNP",2024-05-04,0.744994672702013,0.893914627973994,13.1153148342946,0.641239184484136,0.76692504248161,0.893045619019215,22.1316780612245,1.11739349484573,0.505102040816326,0.979591836734694,196
"ISU_NiemiLab-ENS",2023-10-28,1.26001217193366,0.931187130018213,20.2249268624232,0.467258423297326,1.00310988614446,0.924129459412104,25.5710625949519,0.656776700441817,0.269230769230769,0.663461538461538,208
"ISU_NiemiLab-ENS",2023-11-04,1.40870921448374,1.02851584533403,24.4849667549815,0.519575771601746,1.05173910329797,0.919165296693266,29.7336160294118,0.716501805059614,0.25,0.598039215686274,204
"ISU_NiemiLab-ENS",2023-11-11,1.54890054662071,1.3077860251002,41.9625649715201,0.692023792072179,1.17737069256389,1.14466983216902,50.758105828125,0.93251894148796,0.158653846153846,0.456730769230769,208
"ISU_NiemiLab-ENS",2023-11-18,1.53300586574588,1.41929827490951,51.9171258952224,0.727433081865811,1.20930765191757,1.29258525786563,63.7195361274038,0.997036901884706,0.149038461538462,0.461538461538462,208
"ISU_NiemiLab-ENS",2023-12-02,1.22180908570963,1.42643070965215,99.4236507291995,0.906353712277432,1.09551523443075,1.26808600999121,120.395418149038,1.16726980789822,0.0625,0.288461538461538,208
"ISU_NiemiLab-ENS",2023-12-09,1.23705353880896,1.46729694187127,151.986408746028,0.96253920772192,1.1531016034283,1.35397990467536,178.956266790865,1.22777171900772,0.0336538461538462,0.240384615384615,208
"ISU_NiemiLab-ENS",2023-12-16,1.14722916088161,1.302649112642,171.345388878206,0.893625545310751,1.11714547946111,1.26408627412513,206.673268629808,1.15715148830072,0.0240384615384615,0.221153846153846,208
"ISU_NiemiLab-ENS",2024-01-06,0.907056749929225,1.26551978120201,83.100933379591,0.349552380149446,0.977577407734301,1.35287165617065,119.592400456731,0.499157996083172,0.331730769230769,0.783653846153846,208
"ISU_NiemiLab-ENS",2024-01-13,0.905088497081795,1.05205363900423,80.2719475450905,0.346531505365747,0.973792680777956,1.13773049084678,116.259907427885,0.497801980425194,0.350961538461538,0.788461538461538,208
"ISU_NiemiLab-ENS",2024-01-20,0.999784845077805,1.06185728276876,55.6627432169124,0.267308473984463,1.04419925934984,1.12510331420703,85.8211912740385,0.403488704381561,0.471153846153846,0.971153846153846,208
"ISU_NiemiLab-ENS",2024-01-27,1.0199350633835,1.12279484176463,51.0647878962571,0.258899662296422,1.12245692186567,1.16552544641309,82.6802170913462,0.391456397705119,0.528846153846154,0.990384615384615,208
"ISU_NiemiLab-ENS",2024-02-10,1.87487194156112,1.84714611889015,68.0750865173556,0.384960323088294,1.81133174237423,1.84530920385019,97.8111925240385,0.559565620292031,0.389423076923077,0.778846153846154,208
"ISU_NiemiLab-ENS",2024-02-17,1.96924901428518,2.27704537828248,67.4277657086685,0.45980165204015,1.97808950041729,2.27018366157203,98.6974269951923,0.642021148702399,0.389423076923077,0.735576923076923,208
"ISU_NiemiLab-ENS",2024-02-24,1.43678973356688,1.24613485072786,42.7553131124703,0.248124479862408,1.4966730800677,1.32608948338026,66.9408899278846,0.375854716517616,0.442307692307692,0.903846153846154,208
"ISU_NiemiLab-ENS",2024-03-02,1.09384095419777,1.2516117499473,34.5514091331579,0.261201502303022,1.10242664390717,1.30627369304664,52.831351004902,0.381545224792143,0.46078431372549,0.911764705882353,204
"ISU_NiemiLab-ENS",2024-03-09,0.508621740195558,0.780381407352859,22.4373129444165,0.216984452204384,0.488230403751041,0.710462663597555,32.7406016706731,0.292814797014273,0.615384615384615,0.980769230769231,208
"ISU_NiemiLab-ENS",2024-03-16,0.89505562529448,1.32154204081877,37.9882461320135,0.395287655701626,0.608682476841596,0.981293000256777,37.4748484122596,0.425167029416034,0.75,0.990384615384615,208
"ISU_NiemiLab-ENS",2024-03-30,0.734592623584828,0.889528475177902,14.926587981275,0.24725677567316,0.730760590162823,0.748558209926715,22.1352073088942,0.297155325274958,0.783653846153846,1,208
"ISU_NiemiLab-NLH",2023-10-14,1.04717768189715,0.785028709069189,10.9904472534007,0.379327544029931,1.12157791691073,1.04552303873957,14.2243055641827,0.567729142194522,0.307692307692308,0.822115384615385,208
"ISU_NiemiLab-NLH",2023-10-21,1.32967421015817,0.930779044451806,16.5766259797767,0.458918340151924,1.11341501909511,1.09818456626387,20.6074879189904,0.664225376419117,0.264423076923077,0.740384615384615,208
"ISU_NiemiLab-NLH",2023-10-28,1.18206952424661,0.89034103515373,18.9295358350068,0.446999093739109,0.962082212272151,0.913365258006724,24.4329213173077,0.649241595225278,0.278846153846154,0.740384615384615,208
"ISU_NiemiLab-NLH",2023-11-04,1.49740140771003,1.11523458371768,30.3567135361073,0.56693794521442,1.08192883264275,0.970538529334938,35.4021686081731,0.759714457587971,0.177884615384615,0.466346153846154,208
"ISU_NiemiLab-NLH",2023-11-11,1.45017756568499,1.2078033278395,39.3135398349183,0.640129672460853,1.14876114283828,1.09910496925712,49.5731045769231,0.89675515662326,0.163461538461538,0.567307692307692,208
"ISU_NiemiLab-NLH",2023-11-18,1.58484395763025,1.49760059567847,54.1613919231994,0.758504674746646,1.269350359272,1.36908803292497,67.5652338475,1.04310194307851,0.13,0.46,200
"ISU_NiemiLab-NLH",2023-12-02,1.18884153376479,1.39781189125558,96.8955801927436,0.889939716698215,1.07593455895642,1.2586918896117,118.399283004808,1.16047603820817,0.105769230769231,0.341346153846154,208
"ISU_NiemiLab-NLH",2023-12-09,1.26283535805873,1.49217985419913,153.850522068301,0.957696459620231,1.19878753745267,1.40487297155675,184.683357884615,1.24799937791364,0.0576923076923077,0.307692307692308,208
"ISU_NiemiLab-NLH",2023-12-16,0.741814870308745,0.900743971818293,112.141829954322,0.633622092827876,0.829300731233425,0.961887056507698,154.894689783654,0.899230091276288,0.115384615384615,0.586538461538462,208
"ISU_NiemiLab-NLH",2024-01-06,0.930526780726883,1.28156422757586,88.0372085466835,0.362221584281412,0.991071180677537,1.37313923916866,125.942232572115,0.521986569671275,0.375,0.822115384615385,208
"ISU_NiemiLab-NLH",2024-01-13,0.920730919724491,1.07998342512186,84.7869840425029,0.36568852121918,0.980569825761181,1.17974318370798,121.449352283654,0.529258318086683,0.350961538461538,0.841346153846154,208
"ISU_NiemiLab-NLH",2024-01-20,1.14057419449242,1.27024946775885,64.5223251444724,0.325820532944752,1.26665776037646,1.49381954265673,105.5392471875,0.548771433246381,0.427884615384615,0.9375,208
"ISU_NiemiLab-NLH",2024-01-27,1.14328158012005,1.90237776495353,58.3754487505968,0.449858498777525,1.23181923151072,2.07912780766537,92.1394481617647,0.71573032646497,0.357843137254902,0.897058823529412,204
"ISU_NiemiLab-NLH",2024-02-03,1.5448637055983,1.95760864070395,69.7264024901089,0.459209628864011,1.53854951105442,1.9776224205905,102.100544591346,0.664412136928412,0.307692307692308,0.764423076923077,208
"ISU_NiemiLab-NLH",2024-02-10,2.68646373923576,2.70583284564249,96.9952994275699,0.578886162795273,2.32294233623866,2.50070134997663,124.815291470588,0.783562607500072,0.323529411764706,0.632352941176471,204
"ISU_NiemiLab-NLH",2024-02-24,1.81828337148007,1.42940547286492,53.0646760981203,0.279254027537797,1.82209836357841,1.4647880159749,80.1891357211538,0.409971111994302,0.375,0.850961538461538,208
"ISU_NiemiLab-NLH",2024-03-02,1.05248697284596,1.21575191575729,33.3030484845382,0.253510236262714,1.0936224230269,1.28160903017003,52.2444040931373,0.372071729369639,0.475490196078431,0.936274509803922,204
"ISU_NiemiLab-NLH",2024-03-09,0.649120483607984,0.798229914313802,28.8595718969003,0.221708494140173,0.674253229407138,0.772656113479369,44.858208125,0.313051314970829,0.615384615384615,0.961538461538462,208
"ISU_NiemiLab-NLH",2024-03-16,1.9699080289999,1.532629888328,85.8713620237432,0.46195218797948,1.45598245116232,1.40690930233814,92.2931167788462,0.615979676883002,0.682692307692308,0.956730769230769,208
"ISU_NiemiLab-NLH",2024-03-23,0.982674365661453,1.00957084984392,26.1878060444099,0.282847467802619,1.05091632501823,1.03160290810257,41.5838637259615,0.414557015262746,0.524038461538462,0.956730769230769,208
"ISU_NiemiLab-NLH",2024-03-30,1.13756891147342,0.935176147021492,23.7577878283131,0.262338097740992,1.10399492525115,0.898181701660478,34.2778205528846,0.362182867346214,0.653846153846154,0.971153846153846,208
"ISU_NiemiLab-NLH",2024-04-06,0.792890706315074,0.803794371170429,17.6899487017479,0.280942463434778,0.783486567267217,0.782385782370879,26.7224759855769,0.410086310605462,0.644230769230769,0.990384615384615,208
"ISU_NiemiLab-NLH",2024-04-13,0.516464790012784,0.766498169801305,14.4889247049164,0.352036081973535,0.518208506414371,0.744473853857855,22.5215416348504,0.528957956120793,0.625,0.990384615384615,208
"ISU_NiemiLab-NLH",2024-04-20,0.597800287473626,0.850469632433485,15.3109535166245,0.482669088499991,0.596689316528559,0.844763912347181,24.7270438860171,0.780140922239148,0.509615384615385,0.980769230769231,208
"ISU_NiemiLab-SIR",2023-10-28,1.44328954651445,1.0293396151472,19.9028406140695,0.517477384534506,1.07445930405865,0.978352740524448,23.4242925661765,0.696812634547745,0.220588235294118,0.534313725490196,204
"ISU_NiemiLab-SIR",2023-11-04,1.40870921448374,1.02851584533403,24.4849667549815,0.519575771601746,1.05173910329797,0.919165296693266,29.7336160294118,0.716501805059614,0.25,0.598039215686274,204
"ISU_NiemiLab-SIR",2023-11-11,1.70194827549843,1.48350590937473,42.4198122433256,0.791572983227311,1.19915562635947,1.2105907414578,47.4241969240196,0.993867721002682,0.122549019607843,0.303921568627451,204
"ISU_NiemiLab-SIR",2023-11-18,1.73564063400981,1.56522683406534,55.0002406196661,0.809086807541712,1.27626021203866,1.33373982974859,62.6760916789216,1.03677748735073,0.117647058823529,0.294117647058824,204
"ISU_NiemiLab-SIR",2023-12-02,1.13824607512868,1.38524235878982,91.0330576539255,0.897120915683306,1.04277130598333,1.23122914751373,112.213858897059,1.15130434996828,0.0637254901960784,0.333333333333333,204
"ISU_NiemiLab-SIR",2023-12-09,0.997094617467267,1.26777227223305,121.476974974667,0.858539626143586,0.996457808306228,1.19792127451099,152.411404460784,1.11554393941279,0.0245098039215686,0.352941176470588,204
"ISU_NiemiLab-SIR",2023-12-16,0.851746857632244,1.06280736875843,125.340767404031,0.756093132320945,0.894425885053829,1.05209009483079,161.643112867647,0.991568705244167,0.0392156862745098,0.348039215686274,204
"ISU_NiemiLab-SIR",2024-01-06,1.39201620675336,1.31816390172834,118.27452992267,0.350181947489862,1.55984091847388,1.39766574790529,177.51861877451,0.497587839606665,0.377450980392157,0.774509803921569,204
"ISU_NiemiLab-SIR",2024-01-13,0.97064660364127,1.36121760770515,82.1343924166206,0.457364255503834,0.979947700420126,1.40865977760181,112.344473919118,0.630535919153868,0.215686274509804,0.553921568627451,204
"ISU_NiemiLab-SIR",2024-01-20,1.16548956171451,1.21609240217796,63.0471387355337,0.304523123890993,1.17577662965902,1.15978627512354,94.1665971078431,0.418020022486494,0.495098039215686,0.833333333333333,204
"ISU_NiemiLab-SIR",2024-01-27,1.81608111266034,1.6612595139724,93.3765283736897,0.393727546086039,1.73061857839572,1.63854991641572,130.5395525,0.567325236730984,0.303921568627451,0.735294117647059,204
"ISU_NiemiLab-SIR",2024-02-10,1.87487194156112,1.84714611889015,68.0750865173556,0.384960323088294,1.81133174237423,1.84530920385019,97.8111925240385,0.559565620292031,0.389423076923077,0.778846153846154,208
"ISU_NiemiLab-SIR",2024-02-17,2.99550673314775,3.5069172577584,103.001697576069,0.734894631233311,2.62693435841627,3.34665148569236,129.162929387255,0.970115506504939,0.230392156862745,0.544117647058823,204
"ISU_NiemiLab-SIR",2024-03-02,2.09730572573571,2.95243314768891,67.5466523265919,0.628516905247222,1.88786891072723,2.81460297837842,90.7109372303922,0.833912137641906,0.284313725490196,0.642156862745098,204
"ISU_NiemiLab-SIR",2024-03-09,0.936029517570602,1.51833645016346,40.9544953841587,0.43108307419462,0.917073257024435,1.4159970800381,61.3334269362745,0.598404405352272,0.436274509803922,0.82843137254902,204
"ISU_NiemiLab-SIR",2024-03-16,1.03449414923843,2.40625175805495,41.89671064984,0.717361416866204,1.06304152715604,2.46326778705562,63.8332155122549,1.07493346412661,0.303921568627451,0.715686274509804,204
"ISU_NiemiLab-SIR",2024-03-30,1.42261542792778,2.30669280655373,28.6477104761247,0.658222690643646,1.47491513228315,2.40679424616255,44.3533382230392,0.990913921028574,0.465686274509804,0.838235294117647,204
"ISU_NiemiLab-SIR",2024-04-20,0.964674838878651,1.07517112760915,24.571876028621,0.607353000824927,0.927877106587222,1.01216234718115,38.2362140693213,0.930060933302047,0.466346153846154,0.923076923076923,208
"JHU_CSSE-CSSE_Ensemble",2024-01-13,0.487881909456076,0.619953047436365,46.3227802228261,0.212495891014622,0.556506386874888,0.685933494319002,71.95125,0.313296917564378,0.295,0.78,200
"JHU_CSSE-CSSE_Ensemble",2024-01-20,1.02872975410766,1.15405940023271,59.0927253967391,0.292198391470541,0.938540726283041,1.13445968371906,79.218125,0.407097008243116,0.315,0.645,200
"JHU_CSSE-CSSE_Ensemble",2024-01-27,1.52585235615217,1.6525398007161,80.103100263587,0.386460859388378,1.31814971748092,1.53965059958536,101.191875,0.52478043630402,0.22,0.525,200
"JHU_CSSE-CSSE_Ensemble",2024-02-03,1.25138280473063,1.22397780935039,58.6840997988556,0.287819236577425,1.2011679047745,1.25824877100282,83.018,0.42563291084923,0.29,0.74,200
"JHU_CSSE-CSSE_Ensemble",2024-02-10,1.00161453399768,0.965129106918296,36.5376295948487,0.202203158382839,1.00885235877108,1.01703009415657,54.893,0.307207039089068,0.315,0.805,200
"JHU_CSSE-CSSE_Ensemble",2024-02-17,0.958622199404133,1.12330238266754,34.2964232186906,0.239966368074979,0.993562228471389,1.21874604522409,53.33875,0.365447883590766,0.33,0.81,200
"JHU_CSSE-CSSE_Ensemble",2024-02-24,0.845385672369711,0.901650498441524,26.9082226367173,0.186566930528306,0.853651884839808,0.930294772371679,41.502375,0.27916569572086,0.44,0.82,200
"JHU_CSSE-CSSE_Ensemble",2024-03-02,0.845651395381709,0.92477108281536,28.5102714116673,0.199086975495186,0.86998142405754,1.01465723062684,43.44275,0.298109855405996,0.345,0.87,200
"JHU_CSSE-CSSE_Ensemble",2024-03-09,0.892234080114827,0.927412758912062,41.3379744809783,0.259825998142004,0.922889296241196,0.981351644523208,63.22525,0.393906765649091,0.375,0.81,200
"JHU_CSSE-CSSE_Ensemble",2024-03-16,0.660909992050979,0.74491104342431,28.0369695652174,0.221996868109345,0.700052600675986,0.790543062911866,43.79,0.337793677204211,0.54,0.935,200
"JHU_CSSE-CSSE_Ensemble",2024-03-23,0.721947617351169,0.90724632941265,19.4372108695652,0.253717237846195,0.760571584346584,0.95164425214947,30.165,0.376434196232497,0.525,0.95,200
"JHU_CSSE-CSSE_Ensemble",2024-03-30,0.752574740738407,0.917948866251881,16.0131869565217,0.266760782248654,0.763047227562694,0.976969897214487,24.785,0.416086600362061,0.575,0.955,200
"JHU_CSSE-CSSE_Ensemble",2024-04-06,0.780497580572891,0.842510436102134,18.5588,0.305253074589928,0.794348631674858,0.886240677516306,29.005,0.482434994489977,0.52,0.94,200
"JHU_CSSE-CSSE_Ensemble",2024-04-13,0.873078637316497,0.916887021029661,25.3620956521739,0.426943291840823,0.873011250014982,0.916545082426332,39.04,0.650261016441669,0.375,0.87,200
"JHU_CSSE-CSSE_Ensemble",2024-04-20,0.655623386869151,0.804102804196112,17.3229173913043,0.465092967882282,0.632052134580143,0.791600231636549,27.035,0.743754376556884,0.45,0.93,200
"JHU_CSSE-CSSE_Ensemble",2024-04-27,0.554253712018775,0.86205757922267,10.8573781291173,0.588433996014745,0.531623610025397,0.790881364507266,16.989898989899,0.885384564249488,0.52020202020202,0.904040404040404,198
"JHU_CSSE-CSSE_Ensemble",2024-05-04,0.653622181490517,0.836337711714155,11.3968389529725,0.604568959252482,0.634998763056539,0.752126985320747,18.1020408163265,0.938400937698186,0.505102040816326,0.923469387755102,196
"LUcompUncertLab-chimera",2023-10-14,5.69363442991169,2.31815267088491,43.2304105721187,0.997683332987596,5.95047658516506,2.66362187935448,55.8950506477682,1.29715815506114,0.0897435897435897,0.397435897435897,156
"LUcompUncertLab-chimera",2023-10-21,1.63407825977518,1.54524677098251,16.0126241035123,0.678308138259588,1.57440625712593,1.94798350995429,22.3384089856153,1.04118199349473,0.583333333333333,0.846153846153846,156
"LUcompUncertLab-chimera",2023-10-28,2.38084559922306,1.76902712996362,28.741379365098,0.821698634707309,2.20920443850511,1.74753319289935,42.2242729805658,1.1372991987583,0.0705128205128205,0.429487179487179,156
"LUcompUncertLab-chimera",2023-11-04,1.29981147858876,0.993860318502746,21.4924161510591,0.47428343538962,1.16901190300574,1.02510731388795,31.0512820512821,0.749207438975858,0.294871794871795,0.833333333333333,156
"LUcompUncertLab-chimera",2023-11-11,1.25902142629163,1.0285864445042,25.5572400641026,0.474682636660721,1.00677636171593,1.01049722827923,32.7371794871795,0.725766052499473,0.371794871794872,0.75,156
"LUcompUncertLab-chimera",2023-11-18,1.11524292398454,0.937561289746291,28.1689045707915,0.418234842058818,0.957975748713021,0.953997134571362,38.0769230769231,0.644676229469428,0.326923076923077,0.743589743589744,156
"LUcompUncertLab-chimera",2023-11-25,0.787753851359096,0.80410230829226,26.1144805462653,0.389807159590556,0.7200430525223,0.764091047680605,36.1346153846154,0.572929682196296,0.282051282051282,0.692307692307692,156
"LUcompUncertLab-chimera",2023-12-02,0.70554866591237,0.681872096472913,57.4008249268395,0.432871451289265,0.742669426710659,0.650121548264879,81.1201923076923,0.592015694008004,0.192307692307692,0.605769230769231,208
"LUcompUncertLab-chimera",2023-12-09,0.596037150321518,0.674825195673823,73.3533320756688,0.448056759645531,0.635216410993839,0.590223144306295,98.2572115384615,0.535283416645235,0.283653846153846,0.576923076923077,208
"LUcompUncertLab-chimera",2023-12-16,0.627183464976013,0.835523949327064,93.3275233904682,0.569535585341657,0.675101472736327,0.724303903763007,123.663461538462,0.663023230442026,0.206730769230769,0.591346153846154,208
"LUcompUncertLab-chimera",2023-12-23,0.660283895615517,0.565774964533769,81.7786504076087,0.287176942374013,0.767619720880959,0.617591690977133,120.329326923077,0.41418799899109,0.288461538461538,0.677884615384615,208
"LUcompUncertLab-chimera",2023-12-30,2.05363584259916,1.99680749668796,134.895217757107,0.517010738076847,2.27099804938748,1.40521309743024,201.355769230769,0.506135808958393,0.528846153846154,0.798076923076923,208
"LUcompUncertLab-chimera",2024-01-06,1.93298686987098,1.96589318902324,174.530170150502,0.516508541788751,2.19224837838296,1.67036000238327,277.283653846154,0.618801582340685,0.384615384615385,0.850961538461538,208
"LUcompUncertLab-chimera",2024-01-13,1.03959308160896,1.2922013485546,94.0862871028428,0.413328261508188,1.1444649193277,1.04389847282876,139.84375,0.450586744134135,0.5625,0.9375,208
"LUcompUncertLab-chimera",2024-01-20,0.816137371465529,1.31846659638729,45.0279585597827,0.322153262078744,0.738787926232874,0.998157133561511,60.1850961538462,0.355717599935736,0.668269230769231,0.975961538461538,208
"LUcompUncertLab-chimera",2024-01-27,1.18017145039108,1.80480373720817,58.199917715301,0.40859439127872,1.26226434871296,1.62575695528894,91.6442307692308,0.541796872276534,0.495192307692308,0.903846153846154,208
"LUcompUncertLab-chimera",2024-02-03,1.05249566078808,1.60028146481937,47.6989566367056,0.366941578819098,1.04562523468706,1.38864728584583,71.0889423076923,0.472725614226726,0.519230769230769,0.899038461538462,208
"LUcompUncertLab-chimera",2024-02-10,1.27666752611616,1.68258339945188,45.1975928929766,0.348390743607035,1.33694899629734,1.51238744665425,70.6971153846154,0.451720313254501,0.427884615384615,0.947115384615385,208
"LUcompUncertLab-chimera",2024-02-17,1.20664558740818,1.76427202002622,39.6562765886287,0.354592166958747,1.28772547012241,1.75196348542792,61.7548076923077,0.476777273744476,0.480769230769231,0.956730769230769,208
"LUcompUncertLab-chimera",2024-02-24,1.06751379286258,1.53971518948963,32.8967482441471,0.31545935896944,0.987983434813902,1.28191523140158,45.4519230769231,0.374930710795059,0.5625,0.951923076923077,208
"LUcompUncertLab-chimera",2024-03-02,0.935676337359117,1.56537890684667,30.261762520903,0.331065468647276,0.850933545463084,1.33554987176607,40.3894230769231,0.383520685104522,0.634615384615385,0.947115384615385,208
"LUcompUncertLab-chimera",2024-03-09,0.609878089994654,1.08345466997192,27.5142002926421,0.305591365521231,0.534533959850745,0.839790904942959,36.4278846153846,0.350522549395599,0.605769230769231,0.980769230769231,208
"LUcompUncertLab-chimera",2024-03-16,0.561446805457338,1.05633157720103,23.1293547031772,0.312176309840756,0.523869666041705,0.847250138764584,31.6033653846154,0.3578875896134,0.605769230769231,0.975961538461538,208
"LUcompUncertLab-chimera",2024-03-23,0.721543257128214,1.11639456304244,18.7149175062709,0.311317293582946,0.712873401743973,0.93220171713671,27.2884615384615,0.365107537277891,0.653846153846154,0.990384615384615,208
"LUcompUncertLab-chimera",2024-03-30,0.771657413791823,1.08637627425001,15.7462601484114,0.308196373650799,0.759180238353437,0.921155626193697,23.0216346153846,0.368581446780633,0.682692307692308,0.990384615384615,208
"LUcompUncertLab-chimera",2024-04-06,0.599910512095702,0.944940605787782,13.6293304556856,0.332826371615821,0.499343219549316,0.714947485100753,17.3221153846154,0.37803212428121,0.721153846153846,0.990384615384615,208
"LUcompUncertLab-chimera",2024-04-13,0.500546976501234,0.800305414219247,13.9645441889632,0.372458972694201,0.463271282069401,0.703271839573256,19.8269230769231,0.493328531462626,0.668269230769231,0.990384615384615,208
"LUcompUncertLab-chimera",2024-04-20,0.473272968466476,0.814178377641564,12.1223180497492,0.462113299294599,0.43692609417817,0.743263413726605,18.0913461538462,0.683926879258338,0.625,0.966346153846154,208
"LUcompUncertLab-chimera",2024-04-27,0.481891206399022,0.830216850613199,8.51887257525084,0.460815957394593,0.403840999879226,0.715935436892577,11.6634615384615,0.652359895980678,0.647435897435897,0.948717948717949,156
"LUcompUncertLab-chimera",2024-05-04,0.494840628185221,0.855619659452766,7.76904057274248,0.490003616587164,0.457080202401349,0.748994163808532,11.7211538461538,0.72988826721918,0.653846153846154,0.961538461538462,104
"LosAlamos_NAU-CModel_Flu",2023-10-21,1.20798396116685,1.061481704198,14.9065276053369,0.524500662193237,0.993072489896317,1.13253519283252,18.0865704626928,0.679591725409001,0.235576923076923,0.524038461538462,208
"LosAlamos_NAU-CModel_Flu",2023-10-28,1.29432778716804,0.921004563646223,20.9333272775116,0.462327084066823,0.943977439461743,0.874367496871996,24.0774921481851,0.620416352717971,0.283653846153846,0.572115384615385,208
"LosAlamos_NAU-CModel_Flu",2023-11-04,1.6020543152392,1.14820245306114,32.7255891733716,0.583739941629517,1.1064755581883,0.9733191190463,36.3722773220479,0.759904382556311,0.201923076923077,0.475961538461538,208
"LosAlamos_NAU-CModel_Flu",2023-11-11,1.57791172758738,1.24796147106591,42.9914217005777,0.660501482819085,1.13147964153555,1.02590054314685,48.9459005707947,0.834760921346899,0.115384615384615,0.355769230769231,208
"LosAlamos_NAU-CModel_Flu",2023-11-18,1.93143576158525,1.77535018184665,66.0183472189171,0.907058928040876,1.36481038487422,1.42882707484871,72.3569032762159,1.09550518903728,0.0673076923076923,0.177884615384615,208
"LosAlamos_NAU-CModel_Flu",2023-11-25,1.67903983560062,1.50950814026913,78.4111821258845,0.830613237343285,1.27164293997603,1.19571622858471,88.5207949098562,1.00497214084537,0.0528846153846154,0.201923076923077,208
"LosAlamos_NAU-CModel_Flu",2023-12-02,1.16505066411522,1.33437906202388,97.0896269911251,0.887878459037701,0.994961534629064,1.12218289935891,110.386332872945,1.06711514160028,0.0913461538461538,0.201923076923077,208
"LosAlamos_NAU-CModel_Flu",2023-12-09,0.509035990093796,0.912930765463499,64.146147928427,0.620799139204336,0.500233852477937,0.788980259501483,79.3025423100655,0.73810741547608,0.269607843137255,0.588235294117647,204
"LosAlamos_NAU-CModel_Flu",2023-12-16,0.578023905364563,0.735493870233008,85.5744394876538,0.509166157659288,0.611970854654861,0.701837452681853,112.18695119449,0.644828462090001,0.1875,0.610576923076923,208
"LosAlamos_NAU-CModel_Flu",2023-12-23,0.952115352309841,0.918403019803673,119.181896284418,0.477142210871829,0.976570897529086,0.882032126919833,154.50219448229,0.603708560012865,0.173076923076923,0.495192307692308,208
"LosAlamos_NAU-CModel_Flu",2023-12-30,4.54333833196625,2.53072317430058,305.260148138001,0.672144357297142,3.93875948322876,2.12981055469847,360.22255376571,0.779306716513361,0.120192307692308,0.360576923076923,208
"LosAlamos_NAU-CModel_Flu",2024-01-06,6.31303646445549,4.07518600712069,565.047507461946,1.08678151540064,5.32841210884063,3.36088506896659,642.125075533039,1.20681522798956,0.0480769230769231,0.144230769230769,208
"LosAlamos_NAU-CModel_Flu",2024-01-13,7.46119667046237,3.94509346875254,663.566954474432,1.29067114151634,6.64573241974196,3.30126398348144,801.598026641798,1.44263053115809,0.00961538461538462,0.0432692307692308,208
"LosAlamos_NAU-CModel_Flu",2024-01-20,9.94100337466479,4.80249605806417,548.09540593982,1.19425122758572,8.61738379841456,3.97177357545072,701.685477826804,1.40703938935782,0.00961538461538462,0.0721153846153846,208
"LosAlamos_NAU-CModel_Flu",2024-02-03,1.48005949446339,2.08505754325428,69.7552339376753,0.509267760861544,1.23013603222867,1.83939316774168,85.8166803626941,0.649124138451628,0.163461538461538,0.413461538461538,208
"LosAlamos_NAU-CModel_Flu",2024-02-10,1.96120670762139,2.34085350564297,73.0343209112262,0.508561445250836,1.6509266559884,2.12647010752011,90.9486686985159,0.661333698102261,0.134615384615385,0.365384615384615,208
"LosAlamos_NAU-CModel_Flu",2024-02-17,1.90485310978477,2.43980714302749,67.786801675167,0.534603400226379,1.67648223442018,2.37558043051223,85.5643461232893,0.695484225887312,0.105769230769231,0.394230769230769,208
"LosAlamos_NAU-CModel_Flu",2024-02-24,1.60266184246666,1.99745596225932,49.6367908647635,0.411559731292956,1.47718612517342,1.95382434044657,68.0315180383869,0.568402754040788,0.100961538461538,0.490384615384615,208
"LosAlamos_NAU-CModel_Flu",2024-03-02,1.12243504546226,1.6449530326819,35.9002636969165,0.344325115923283,1.10541769003406,1.76017178235546,51.8467763961784,0.496607662233967,0.149038461538462,0.605769230769231,208
"LosAlamos_NAU-CModel_Flu",2024-03-09,0.698122825344281,1.11211964365842,31.0354562128687,0.314698842706243,0.684975571085404,1.13135772694596,44.9977465971895,0.456462097830581,0.230769230769231,0.615384615384615,208
"LosAlamos_NAU-CModel_Flu",2024-03-16,0.850835243653758,0.956596528192625,34.5127903108501,0.279410851966656,0.779484137291034,0.963967268086137,46.3529098187544,0.400801981018816,0.3125,0.668269230769231,208
"LosAlamos_NAU-CModel_Flu",2024-03-23,1.12940079091033,1.05148968556311,27.2052526114189,0.287965193855053,1.06693329121629,1.0975404655814,37.6362747825041,0.423053720804719,0.32843137254902,0.642156862745098,204
"LosAlamos_NAU-CModel_Flu",2024-03-30,1.88982433463451,1.25058242274584,39.5119495132861,0.35283022125113,1.69510080234475,1.22906745648741,52.7427905674311,0.491450785620792,0.3125,0.600961538461538,208
"LosAlamos_NAU-CModel_Flu",2024-04-06,1.02611681523449,0.967608924799566,23.1604514250239,0.332998640164274,0.962823455606491,0.926952224302217,33.1590241809781,0.475184153094273,0.322115384615385,0.649038461538462,208
"LosAlamos_NAU-CModel_Flu",2024-04-13,1.16605332166357,1.13007863057654,32.496056409607,0.514908480973098,1.01384984956389,0.992327212983162,43.1689041052432,0.675792099272587,0.254807692307692,0.495192307692308,208
"LosAlamos_NAU-CModel_Flu",2024-04-20,1.72777366301165,1.55949664424747,44.0290768882426,0.880205873148005,1.34435587730011,1.16397315912188,55.4489565026745,1.06736926034137,0.158653846153846,0.322115384615385,208
"LosAlamos_NAU-CModel_Flu",2024-04-27,1.13884995782936,1.20910198930976,22.392750089504,0.822075160593475,0.922305503876927,0.928952634759215,29.3384217771663,1.02914199695298,0.218446601941748,0.427184466019417,206
"LosAlamos_NAU-CModel_Flu",2024-05-04,1.09585658487774,1.29626281829204,19.9445634538107,0.968464128302965,0.88363629917507,0.93252839694045,26.3940335582014,1.20460694878848,0.186274509803922,0.377450980392157,204
"MIGHTE-Nsemble",2023-10-14,1.17382867958632,0.817642555247143,11.7661131573362,0.387449140855554,1.41649505628122,1.10138375037043,17.5258939328138,0.596549084130182,0.600961538461538,0.956730769230769,208
"MIGHTE-Nsemble",2023-10-21,0.875345307642743,0.726776905545146,10.8798356551336,0.36376767047252,0.860432614710392,0.866822523129766,16.1690746853366,0.536962153074919,0.615384615384615,0.947115384615385,208
"MIGHTE-Nsemble",2023-10-28,0.801350586145702,0.627465662592774,13.2010512660416,0.323266840328058,0.784855631195507,0.660486621119301,20.3641465568634,0.480679657289434,0.625,0.971153846153846,208
"MIGHTE-Nsemble",2023-11-04,0.671249020803679,0.612808924023068,13.7622522049381,0.317243067161117,0.683185973584244,0.617840746573682,22.3332642150722,0.487887563988509,0.596153846153846,0.990384615384615,208
"MIGHTE-Nsemble",2023-11-11,0.688274110562849,0.648810703381396,18.6764575314336,0.3482254285128,0.727270290712019,0.666214200943745,31.067704783412,0.546211677313775,0.495192307692308,0.956730769230769,208
"MIGHTE-Nsemble",2023-11-18,0.646203624324105,0.637652072778105,22.2205552586529,0.335348604576117,0.67594282548961,0.675529870408921,35.7377641794357,0.529640689966295,0.5,0.9375,208
"MIGHTE-Nsemble",2023-11-25,0.567873751700205,0.495904723636093,26.5965937850506,0.276573635912645,0.582380792936736,0.483058655122225,40.3593066391863,0.409483901569032,0.615384615384615,0.932692307692308,208
"MIGHTE-Nsemble",2023-12-02,0.510480643061685,0.459247389318676,42.3801043818728,0.297536491209539,0.563989912285799,0.461761368425834,63.1733430174797,0.434718534694423,0.5625,0.903846153846154,208
"MIGHTE-Nsemble",2023-12-09,0.502230714810247,0.444890096246058,62.2670667584956,0.296583786900798,0.58462191261238,0.476056644204237,91.8029939314037,0.439314691977429,0.524038461538462,0.875,208
"MIGHTE-Nsemble",2023-12-16,0.506462128312958,0.430338811925592,75.877707218157,0.299164820867135,0.600147432666987,0.480964410175731,112.015023275548,0.446298423184428,0.447115384615385,0.855769230769231,208
"MIGHTE-Nsemble",2023-12-23,0.580102416542087,0.464347342247212,73.6034760071782,0.242237286218065,0.700424973865392,0.53933170022036,112.078072682649,0.37016517722026,0.495192307692308,0.884615384615385,208
"MIGHTE-Nsemble",2023-12-30,1.01026904498109,0.892617768478764,69.2099595255319,0.242166425066963,1.19129850297861,1.05816690484805,110.430324673865,0.39240023102928,0.4375,0.927884615384615,208
"MIGHTE-Nsemble",2024-01-06,0.820528131955853,1.02140828042047,73.9305405734829,0.276693727442904,0.991687962788319,1.24483122621287,120.019650216081,0.451812416334104,0.379807692307692,0.899038461538462,208
"MIGHTE-Nsemble",2024-01-13,0.749717434911091,0.814424675397424,67.3727372576774,0.270562857496515,0.872221827109753,0.980882500732245,106.247246912967,0.43451704429016,0.418269230769231,0.908653846153846,208
"MIGHTE-Nsemble",2024-01-20,0.95270297275856,0.971230496052908,53.1234500652387,0.244970373323969,1.02556106734742,1.11208961359441,84.4749091788174,0.399686696161873,0.442307692307692,0.942307692307692,208
"MIGHTE-Nsemble",2024-01-27,0.884229719297061,0.987691241181953,43.0651318520342,0.222911992658673,0.922709743482229,1.05342892776629,65.773875679154,0.347021975105614,0.552884615384615,0.956730769230769,208
"MIGHTE-Nsemble",2024-02-03,0.895357490956224,1.11904068767043,40.197696313554,0.260631330046887,0.898612270716446,1.1128429015991,59.9040548890981,0.375136475074879,0.548076923076923,0.942307692307692,208
"MIGHTE-Nsemble",2024-02-10,1.34278463141309,1.70087173616008,47.9825186360209,0.354202567109425,1.36070963344352,1.65442669956158,73.7460538353201,0.505991142494983,0.456730769230769,0.899038461538462,208
"MIGHTE-Nsemble",2024-02-17,1.56248995508884,1.83512778711429,50.5846248507362,0.361315730857695,1.65060754172721,2.06165351289388,79.2394070353071,0.559355162067365,0.370192307692308,0.894230769230769,208
"MIGHTE-Nsemble",2024-02-24,1.39557856682763,1.38889078529491,41.9469973372269,0.279571509975142,1.48978889535866,1.5381035713254,67.3893182482942,0.440710083452729,0.480769230769231,0.932692307692308,208
"MIGHTE-Nsemble",2024-03-02,1.05130602949436,1.35338823037737,33.5858209084739,0.286777173236095,1.07478316972086,1.45726821645625,51.1038497725486,0.422130669375619,0.548076923076923,0.923076923076923,208
"MIGHTE-Nsemble",2024-03-09,0.649155039679629,0.785427334059206,28.2623551157735,0.218801236587697,0.657939148733952,0.834550251228343,42.3961902232408,0.331569325784911,0.605769230769231,0.971153846153846,208
"MIGHTE-Nsemble",2024-03-16,0.620834168363105,0.685991383801047,25.2644610784014,0.20329599934891,0.609388328852595,0.706829624355084,36.8657223734708,0.301579318474673,0.692307692307692,0.985576923076923,208
"MIGHTE-Nsemble",2024-03-23,0.700114348658786,0.739573461012042,18.3474903491677,0.210484916157158,0.597293060635524,0.706517354083689,23.6024560430275,0.289218916216023,0.730769230769231,0.980769230769231,208
"MIGHTE-Nsemble",2024-03-30,0.75807221379406,0.808892253799708,15.4743700453437,0.230788877877472,0.661323437378408,0.796329452881961,21.0632314112344,0.337759516985228,0.716346153846154,0.990384615384615,208
"MIGHTE-Nsemble",2024-04-06,0.617993795680558,0.661435424535647,14.1026266391985,0.233494241267086,0.514586470255918,0.607720012768274,18.4327271161254,0.331280365112884,0.725961538461538,0.985576923076923,208
"MIGHTE-Nsemble",2024-04-13,0.587889965346592,0.681206622382197,16.3209038607263,0.312093017766402,0.563810549634111,0.684806671483925,24.0452584963101,0.474110435512448,0.620192307692308,0.951923076923077,208
"MIGHTE-Nsemble",2024-04-20,0.575479498911332,0.741063750758365,14.7642191541455,0.419881067704487,0.538280869256423,0.691683241563851,22.3076218288062,0.635309640712198,0.552884615384615,0.918269230769231,208
"MIGHTE-Nsemble",2024-04-27,0.625303656053374,0.799904291174086,11.8608700377007,0.534650442088527,0.561815937686971,0.74314558749624,17.4707696898265,0.817423930951424,0.475728155339806,0.902912621359223,206
"MIGHTE-Nsemble",2024-05-04,0.774451595737492,0.960298178185626,13.3260748725116,0.68585899280021,0.726692911773687,0.861886228074073,20.4458961276318,1.06024543625049,0.372549019607843,0.857843137254902,204
"MOBS-GLEAM_FLUH",2023-10-14,2.66255101675569,1.2198369824354,24.7770609398977,0.566095714569409,2.24153528923255,1.69386328229041,24.7847990196078,0.880709893181522,0.416666666666667,0.862745098039216,204
"MOBS-GLEAM_FLUH",2023-10-21,1.13652980913576,0.851980410430777,12.9013903729753,0.409974378031252,1.1777146554536,1.06987256339469,19.8883431372549,0.631635024587581,0.411764705882353,0.833333333333333,204
"MOBS-GLEAM_FLUH",2023-10-28,0.734192883859637,0.658782464208831,11.3526352557545,0.334400432598486,0.661689511178997,0.709845364092471,16.1331862745098,0.507315154313791,0.446078431372549,0.857843137254902,204
"MOBS-GLEAM_FLUH",2023-11-04,0.947197359039581,0.869486297429003,18.3948810763001,0.443521439468957,0.762108959787512,0.835043561170957,23.8564852941176,0.654786055750673,0.343137254901961,0.71078431372549,204
"MOBS-GLEAM_FLUH",2023-11-11,0.761670116837329,0.750706262063845,20.8945772271952,0.416870869268271,0.765668272878514,0.760068345976073,32.9216274509804,0.640520708735817,0.318627450980392,0.794117647058823,204
"MOBS-GLEAM_FLUH",2023-11-18,0.714384893060488,0.822655978551806,24.5599002237852,0.441828376001336,0.677854115188546,0.800054434639389,35.9875931372549,0.641223479289395,0.333333333333333,0.725490196078431,204
"MOBS-GLEAM_FLUH",2023-11-25,0.761399510214743,0.808017392417833,35.1596063448423,0.45922014357576,0.81481376346324,0.782963664878921,56.0470784313725,0.675819315034602,0.259803921568627,0.740196078431373,204
"MOBS-GLEAM_FLUH",2023-12-02,0.558956463452486,0.699690749129486,47.1977111530264,0.46541073001107,0.586639203318058,0.67553946480475,67.1344362745098,0.650790517055093,0.191176470588235,0.549019607843137,204
"MOBS-GLEAM_FLUH",2023-12-09,0.384315755766273,0.54270192086828,48.1189981393862,0.366941193898333,0.457972543627367,0.546672310419817,72.18225,0.50698594932966,0.318627450980392,0.715686274509804,204
"MOBS-GLEAM_FLUH",2023-12-16,0.456239805780133,0.397416714175963,67.4326175413044,0.27088742185642,0.537825486509289,0.446879860049839,101.359775,0.415629926471506,0.47,0.875,200
"MOBS-GLEAM_FLUH",2023-12-23,0.568535190577604,0.526798242074782,75.0602839396628,0.274596065538235,0.728531974717104,0.618834359766185,121.602040816327,0.425997532377619,0.413265306122449,0.897959183673469,196
"MOBS-GLEAM_FLUH",2023-12-30,1.02462161426025,0.912979715139191,72.2460571184996,0.250457482416223,1.2279637470983,1.04515412992913,117.81862745098,0.393725546565346,0.470588235294118,0.941176470588235,204
"MOBS-GLEAM_FLUH",2024-01-06,1.27876165717094,1.30064444878219,116.458098891731,0.353175846459809,1.52604435296958,1.5547693968067,186.338235294118,0.566222257139195,0.352941176470588,0.882352941176471,204
"MOBS-GLEAM_FLUH",2024-01-13,0.816374767028837,0.839228080618068,72.6623849104859,0.276190049188078,0.975420854012791,1.04455340050571,117.730392156863,0.459197979596773,0.416666666666667,0.965686274509804,204
"MOBS-GLEAM_FLUH",2024-01-20,0.966006429389098,0.929179204924607,55.2588554987212,0.237590020487871,0.958745442579594,0.98736583716582,80.9754901960784,0.359735800623061,0.553921568627451,0.92156862745098,204
"MOBS-GLEAM_FLUH",2024-01-27,1.13258653059386,1.09239591128111,56.8068678218244,0.2489448122982,1.14755394933051,1.15806185764647,83.7991666666667,0.383572655703825,0.333333333333333,0.78921568627451,204
"MOBS-GLEAM_FLUH",2024-02-03,1.13648592320304,1.18563236650327,51.7801971824382,0.277362071992872,1.11338071398134,1.23044601888929,74.6509411764706,0.412749118331708,0.352941176470588,0.764705882352941,204
"MOBS-GLEAM_FLUH",2024-02-10,1.70185448510365,1.7236158207277,63.1071604497016,0.371099691592956,1.57361016662619,1.73459981989467,86.9841568627451,0.538784771927995,0.245098039215686,0.666666666666667,204
"MOBS-GLEAM_FLUH",2024-02-17,1.99676858038487,2.17380313671697,74.3137896824382,0.497895641410601,1.72070818171209,2.12097026990397,96.6865392156863,0.684479486787173,0.176470588235294,0.514705882352941,204
"MOBS-GLEAM_FLUH",2024-02-24,2.26872874250572,2.51810431656817,73.4994501278772,0.53806362053244,1.99282884462109,2.48271993878793,97.0392156862745,0.759349376600427,0.107843137254902,0.436274509803922,204
"MOBS-GLEAM_FLUH",2024-03-02,1.27474546905118,1.69938533223225,39.847327173913,0.372055288241379,1.35484885441954,1.92031441099604,64.19625,0.584191845478014,0.19,0.795,200
"MOBS-GLEAM_FLUH",2024-03-09,0.404024961127802,0.673701525605013,18.2187522591645,0.193876836300813,0.378938717067651,0.676867656399417,25.5098039215686,0.282173374747785,0.656862745098039,0.970588235294118,204
"MOBS-GLEAM_FLUH",2024-03-16,0.361294814455434,0.564198064866424,15.1711261253197,0.170607779732801,0.385821125251953,0.608523751174514,23.8911764705882,0.263546802016222,0.338235294117647,0.838235294117647,204
"MOBS-GLEAM_FLUH",2024-03-23,0.620825087988372,0.766616746083637,16.4156318115942,0.21787102341363,0.635211784978607,0.818720437321927,24.8793970588235,0.327616504523429,0.28921568627451,0.759803921568627,204
"MOBS-GLEAM_FLUH",2024-03-30,0.750627500318919,0.789907512274034,15.5410430200341,0.22495313080987,0.718093957962405,0.819330843171702,22.2077745098039,0.33305302873811,0.308823529411765,0.700980392156863,204
"MOBS-GLEAM_FLUH",2024-04-06,0.489311557307697,0.545615691340757,11.0478828005115,0.189956285100258,0.478434801864531,0.562789404409653,16.5366568627451,0.293820197715123,0.397058823529412,0.852941176470588,204
"MOBS-GLEAM_FLUH",2024-04-13,0.307990283637988,0.462534960584,8.53617807971014,0.213489181623836,0.30660396615507,0.474540304678412,13.0818970588235,0.331021483101666,0.495098039215686,0.872549019607843,204
"MOBS-GLEAM_FLUH",2024-04-20,0.403078836854434,0.690590545167238,10.5301600170503,0.396252680151267,0.366401024911568,0.587003503397118,15.4977401960784,0.547430715696738,0.392156862745098,0.803921568627451,204
"MOBS-GLEAM_FLUH",2024-04-27,0.547657009094116,0.799144275799818,10.5596340895394,0.538924207579942,0.473078977933201,0.646342819323753,14.891504950495,0.717710173031233,0.381188118811881,0.707920792079208,202
"MOBS-GLEAM_FLUH",2024-05-04,0.707844160712503,0.956381201160534,12.353757373913,0.68850236745235,0.609892298361989,0.72625449813132,17.419835,0.904438750766399,0.27,0.62,200
"NIH-Flu_ARIMA",2023-10-14,0.85774836890404,0.655340419874491,7.41268096952411,0.30161976863587,0.633052574837558,0.746991378671646,6.06197231401632,0.380427377425946,0.727272727272727,0.977272727272727,44
"NIH-Flu_ARIMA",2023-10-21,0.787802921504361,0.584342034202436,9.02315287810718,0.287890748337321,0.713465538454354,0.700436848263435,11.6071782333469,0.411737152067074,0.6875,1,48
"NIH-Flu_ARIMA",2023-10-28,0.781844407104339,0.685062745330451,15.2152863390919,0.383911327774924,0.83085935482365,0.81095563274574,25.0418427698348,0.635826539008808,0.4375,1,48
"NIH-Flu_ARIMA",2023-11-04,0.9399251738831,0.874614687157759,26.9405581957894,0.527658183827943,0.951729474126275,0.950523008377391,42.8044543928151,0.853567229612561,0.354166666666667,0.916666666666667,48
"NIH-Flu_ARIMA",2023-11-11,1.00559738856473,0.871464083230848,44.4843519038458,0.534341054597467,1.0339431529789,0.989662089645015,70.1055672785551,0.895177659312752,0.270833333333333,0.979166666666667,48
"NIH-Flu_ARIMA",2023-11-18,1.06209589959365,1.02357066470974,56.7332938245386,0.59140575731147,1.14026215287531,1.15904531146113,92.3524530433543,0.976599303075443,0.125,0.895833333333333,48
"NIH-Flu_ARIMA",2023-12-16,0.839521337777771,1.02886571077201,174.85697602079,0.63197676775776,1.09445788650482,1.27949404518244,280.146548374122,1.04297347577235,0,0.875,48
"NIH-Flu_ARIMA",2023-12-23,1.03118953050041,1.13757261593951,169.746752168417,0.448803524484977,1.34975850272031,1.48319324408334,281.130053228232,0.778002163612412,0.291666666666667,1,48
"NIH-Flu_ARIMA",2023-12-30,1.20878074687507,1.21009132856582,124.4030488326,0.292455624544479,1.27206408851818,1.43507245309529,183.116085417108,0.483260707363896,0.520833333333333,1,48
"NIH-Flu_ARIMA",2024-01-06,0.740478656238668,1.10567192695518,91.3225698179109,0.290234601009118,0.759917119999155,1.28037462444457,131.95403531541,0.477647396695518,0.458333333333333,1,48
"NIH-Flu_ARIMA",2024-01-13,0.748097636966117,1.0109500892819,85.6405466632523,0.296008858207514,0.905523126918879,1.25564265851157,140.514083989315,0.485854142307451,0.583333333333333,1,48
"NIH-Flu_ARIMA",2024-01-20,0.799377374043489,0.849339577346772,62.0471110792993,0.197401458578219,0.903877493153235,0.995472464459023,102.64984018896,0.317415726919322,0.5,1,48
"NIH-Flu_ARIMA",2024-01-27,1.06187266053741,1.13838690562179,82.9615900533285,0.27542524601881,1.24416128699889,1.34901998719657,143.346690684214,0.471651840622882,0.431818181818182,0.977272727272727,44
"NIH-Flu_ARIMA",2024-02-03,1.08829604526415,1.19804482220954,73.4479020283147,0.250687970986415,1.10674342384826,1.23968467724178,109.009562761161,0.366086992769248,0.5625,0.958333333333333,48
"NIH-Flu_ARIMA",2024-02-10,1.3733560331622,1.21045432314654,84.4202107794014,0.26777494427133,1.33921867023627,1.2902618581494,123.842801562143,0.410344394798106,0.520833333333333,0.895833333333333,48
"NIH-Flu_ARIMA",2024-02-17,1.29642169143184,1.04623321145615,48.4807223949635,0.145241411737495,0.438326961517007,0.531126082323611,19.608867364628,0.0789970255972392,1,1,4
"NIH-Flu_ARIMA",2024-02-24,1.36238857341048,1.19971811099922,60.5255498188568,0.221162794288614,1.43343733997198,1.26390423454936,100.154113714862,0.339909411900555,0.522727272727273,0.977272727272727,44
"NIH-Flu_ARIMA",2024-03-02,0.909579420585595,0.983728308705878,42.3860375191149,0.189301771711398,0.908203460956554,1.07803202751018,63.1606650473537,0.279343285945452,0.6875,0.979166666666667,48
"NIH-Flu_ARIMA",2024-03-09,0.577079656638982,0.667478765493332,47.7682952643552,0.18782663095756,0.540323905950518,0.697294095492671,67.8508325768302,0.290146885195527,0.666666666666667,1,36
"NIH-Flu_ARIMA",2024-03-16,0.485511817355715,0.645943807669581,31.4072235051891,0.198210593158701,0.388605957782734,0.637870648329863,37.9186060190572,0.282995424325486,0.604166666666667,1,48
"NIH-Flu_ARIMA",2024-03-23,0.668335884964996,0.71588702691715,26.5451942590777,0.188712996386332,0.695228667639996,0.771606159520651,41.289524505388,0.276615705301842,0.770833333333333,1,48
"NIH-Flu_ARIMA",2024-04-06,0.672065263506723,0.702664900811815,23.3504753554906,0.214722780650535,0.561668270109708,0.687514907812131,30.005234707188,0.306185151665127,0.583333333333333,1,48
"NIH-Flu_ARIMA",2024-04-13,0.567417009014815,0.684967059160845,26.5779915922511,0.313220643885956,0.535432490525248,0.732012990339385,38.9861857258748,0.507467729555425,0.291666666666667,1,48
"NIH-Flu_ARIMA",2024-04-20,0.644228191693968,0.818931991014191,26.3950109808699,0.457945869702466,0.597318584377782,0.798730265122534,40.2045132108387,0.713369696368905,0.270833333333333,0.958333333333333,48
"NIH-Flu_ARIMA",2024-04-27,0.791873206636108,0.872149905992359,19.7265396603145,0.494643697473653,0.709043063073508,0.823159334394356,28.8456890187453,0.758938797977442,0.319148936170213,0.957446808510638,47
"NIH-Flu_ARIMA",2024-05-04,0.927037888833862,1.03634881064434,21.1607479132115,0.644526191007918,0.818678464396112,0.89432579547641,31.1333536537101,0.963170963452042,0.217391304347826,0.91304347826087,46
"NU_UCSD-GLEAM_AI_FLUH",2023-12-02,0.833583943914304,0.776567313851054,68.1401990110827,0.488897360197148,0.932206435618375,0.820982749757791,102.137480392157,0.744048745875556,0.318627450980392,0.823529411764706,204
"NU_UCSD-GLEAM_AI_FLUH",2023-12-09,0.656619265930839,0.704210016250341,81.3877763064791,0.462422243766216,0.804040500159433,0.766898636171214,125.250862745098,0.691424319228334,0.269607843137255,0.740196078431373,204
"NU_UCSD-GLEAM_AI_FLUH",2023-12-16,0.625250182058521,0.57338855617117,94.5473364002558,0.400089860911791,0.701632098849121,0.633169381485956,131.747799019608,0.590225961353169,0.323529411764706,0.696078431372549,204
"NU_UCSD-GLEAM_AI_FLUH",2023-12-23,0.65429474222912,0.570828413365369,82.0615986082694,0.293046960945487,0.757275875900946,0.635497037144619,119.669759803922,0.429877917426255,0.274509803921569,0.637254901960784,204
"NU_UCSD-GLEAM_AI_FLUH",2023-12-30,1.39613156346394,1.03614431035004,97.0160527493606,0.27780126732248,1.55143280701848,1.13311682877808,146.577549019608,0.418650360227898,0.318627450980392,0.764705882352941,204
"NU_UCSD-GLEAM_AI_FLUH",2024-01-06,2.42719097140237,2.17364850426291,220.245968448423,0.588764161589058,2.58232826356194,2.18518707228265,315.408166666667,0.797321690448357,0.117647058823529,0.431372549019608,204
"NU_UCSD-GLEAM_AI_FLUH",2024-01-13,1.01509888887563,1.02336742358014,89.6684525277067,0.334991230327895,1.17564210170539,1.17950076780856,140.844147058824,0.51584884682963,0.205882352941176,0.764705882352941,204
"NU_UCSD-GLEAM_AI_FLUH",2024-01-20,0.994199369559646,1.16150573336201,56.3181270396419,0.293263982546976,1.06915115095492,1.28196978645775,89.1887009803922,0.461095903522379,0.372549019607843,0.882352941176471,204
"NU_UCSD-GLEAM_AI_FLUH",2024-01-27,1.50409118077805,1.76244875929283,78.5415944479966,0.416161546481761,1.41176806564387,1.75675470283861,109.926524509804,0.616650170711164,0.25,0.656862745098039,204
"NU_UCSD-GLEAM_AI_FLUH",2024-02-03,1.45956317093435,1.60803474336529,68.6197400937766,0.384497167018326,1.39679094395359,1.65023062549137,98.5662647058823,0.577700199244758,0.220588235294118,0.700980392156863,204
"NU_UCSD-GLEAM_AI_FLUH",2024-02-10,1.89386128905002,1.8749044345918,69.2859809953112,0.398538656101345,1.83391337116693,1.96042937641118,100.249147058824,0.601429241231357,0.191176470588235,0.725490196078431,204
"NU_UCSD-GLEAM_AI_FLUH",2024-02-17,1.37054230647996,1.51298061508127,46.2553120481671,0.318845323973149,1.48737964652162,1.7132304335338,74.2316176470588,0.493677997854236,0.28921568627451,0.794117647058823,204
"NU_UCSD-GLEAM_AI_FLUH",2024-02-24,1.12655922495022,1.23141095378474,34.7708696867008,0.252583954301198,1.1922196316404,1.33052663280855,55.559112745098,0.390735890515523,0.411764705882353,0.867647058823529,204
"NU_UCSD-GLEAM_AI_FLUH",2024-03-02,0.756833877293736,0.977469310962556,24.6863008653026,0.2074826651737,0.756094827737258,1.07013514508357,37.7684754901961,0.32075650918706,0.558823529411765,0.950980392156863,204
"NU_UCSD-GLEAM_AI_FLUH",2024-03-09,0.60927010490259,0.691631100344371,27.3673598081841,0.194800288284283,0.64633176090703,0.737565277169117,44.0012647058824,0.303706130299241,0.598039215686274,0.975490196078431,204
"NU_UCSD-GLEAM_AI_FLUH",2024-03-16,0.606502340976302,0.717219618643543,24.069849923913,0.208384881242033,0.490418063511679,0.644521669846194,28.1514,0.263971787498328,0.84,1,200
"NU_UCSD-GLEAM_AI_FLUH",2024-03-23,0.766634206910212,0.732802965346453,19.8520755647911,0.20598939134812,0.612028122492058,0.696785695890717,23.1121715686274,0.273587061766169,0.808823529411765,0.995098039215686,204
"NU_UCSD-GLEAM_AI_FLUH",2024-03-30,0.841790322840599,0.770258550051959,17.1872543435635,0.219903676487579,0.738028183224313,0.789389352848567,22.4209901960784,0.320018484979033,0.764705882352941,0.995098039215686,204
"NU_UCSD-GLEAM_AI_FLUH",2024-04-06,0.770047663870203,0.750942324950964,16.2330096902529,0.231053439053284,0.694971110647869,0.756030903170817,22.0352352941176,0.343554271951697,0.73202614379085,0.980392156862745,153
"NU_UCSD-GLEAM_AI_FLUH",2024-04-13,1.02026605535834,1.02294247686547,28.4964264236999,0.475628470150906,1.10498052357497,1.12969949257406,47.4096470588235,0.78961284981944,0.313725490196078,0.946078431372549,204
"NU_UCSD-GLEAM_AI_FLUH",2024-04-20,0.661829821042979,0.934498058079792,17.1794067114237,0.53651789289522,0.65615664235769,0.875433764345774,27.5755539215686,0.816028452495184,0.382352941176471,0.906862745098039,204
"NU_UCSD-GLEAM_AI_FLUH",2024-04-27,1.05667576749246,1.15731537645048,20.2611908544985,0.781936214144607,1.03390729455881,1.03343075700051,32.357896039604,1.14433252534509,0.316831683168317,0.806930693069307,202
"NU_UCSD-GLEAM_AI_FLUH",2024-05-04,1.30937838947387,1.41204041082744,22.6272182695652,1.02055980435571,1.27641909408546,1.17779639696429,36.165155,1.4671664391473,0.145,0.695,200
"PSI-PROF",2023-10-14,0.986859345543593,0.771309115930615,9.68865633361204,0.368877567047028,0.864742557083725,0.912920253017708,11.0361538461538,0.500562629910172,0.418269230769231,0.8125,208
"PSI-PROF",2023-10-21,0.898904933114386,0.73783681134225,11.1578455267559,0.369076805324407,0.883548626634013,0.89824580745399,16.2980769230769,0.544816824072056,0.418269230769231,0.822115384615385,208
"PSI-PROF",2023-10-28,0.826377451521469,0.803734916826344,13.089450083612,0.402333974700234,0.739725997735998,0.855262616161561,18.3594711538462,0.600006784965767,0.389423076923077,0.831730769230769,208
"PSI-PROF",2023-11-04,0.957142034100961,0.878455635808139,19.6573900919732,0.458985519683421,0.884024540267865,0.922202427722883,28.8454326923077,0.729621700504631,0.375,0.894230769230769,208
"PSI-PROF",2023-11-11,0.881147779310039,0.854460628694557,24.0225066680602,0.462244179036472,0.9074212244507,0.827603055496781,38.9538461538462,0.677599326285619,0.524038461538462,0.769230769230769,208
"PSI-PROF",2023-11-18,0.629793079290885,0.699793635968328,22.1442350961538,0.380939838362998,0.588895608532212,0.622632857187256,33.0929326923077,0.516875336329756,0.682692307692308,0.903846153846154,208
"PSI-PROF",2023-11-25,0.685438941919261,0.815218529684151,32.1179675167224,0.469664746883338,0.730404647159589,0.762933403756983,51.3085576923077,0.670140247451219,0.495192307692308,0.822115384615385,208
"PSI-PROF",2023-12-02,0.601400041240547,0.747913137964532,49.5492862876254,0.485283754866053,0.718890902794627,0.785179251281366,80.1389903846154,0.743902612715525,0.322115384615385,0.879807692307692,208
"PSI-PROF",2023-12-09,0.622946679646853,0.798530725577257,76.7673330267558,0.52994313420174,0.790039413978509,0.851637156184725,122.937259615385,0.781012562958092,0.293269230769231,0.759615384615385,208
"PSI-PROF",2023-12-16,0.580352204872536,0.669588513195403,86.3765493938127,0.460082589328344,0.782571746818818,0.822382674579722,143.896634615385,0.752632495782329,0.288461538461538,0.918269230769231,208
"PSI-PROF",2023-12-23,0.633581682401917,0.733960506456389,78.1058279682274,0.376362680172906,0.780353495975345,0.868706379633883,121.969807692308,0.587941645014684,0.336538461538462,0.870192307692308,208
"PSI-PROF",2023-12-30,1.13343421854133,0.934261561501259,75.2997140886288,0.246968234675041,1.32491418129923,1.04088043147777,118.894951923077,0.376216070707882,0.5,0.951923076923077,208
"PSI-PROF",2024-01-06,1.32051215950056,0.989522084983931,117.922295631271,0.263458597244012,1.51458404960156,1.19944175310991,181.255961538462,0.426500580684927,0.485576923076923,0.927884615384615,208
"PSI-PROF",2024-01-13,1.12207543585926,0.914854757183449,103.392391847826,0.305245207049205,0.913099322121436,0.945395203959486,114.611153846154,0.42336594249718,0.543269230769231,0.956730769230769,208
"PSI-PROF",2024-01-20,0.779850414273956,0.961817123159177,43.7935526128763,0.243440139683424,0.750496596967583,0.883964723185638,62.7755769230769,0.321745119401985,0.697115384615385,0.947115384615385,208
"PSI-PROF",2024-01-27,0.925400664668854,1.25657874296451,46.3735401128763,0.29017163893168,0.983376397103045,1.24486699507723,74.2766346153846,0.426254913055493,0.620192307692308,0.980769230769231,208
"PSI-PROF",2024-02-03,0.94707534276877,1.14305509161708,42.7314797449833,0.268128893857737,0.865058302246136,1.05765641796258,61.4607692307692,0.380882361730451,0.524038461538462,0.875,208
"PSI-PROF",2024-02-10,1.0380819250872,1.13259697348824,36.7655841137124,0.236723578915204,0.931911075710031,1.09180022192018,51.3784134615385,0.345199913837414,0.442307692307692,0.855769230769231,208
"PSI-PROF",2024-02-17,0.995170698388511,1.26298200176868,33.3818251045151,0.264679844175245,0.964108662459312,1.35472978875058,48.4884615384615,0.395806313425082,0.384615384615385,0.793269230769231,208
"PSI-PROF",2024-02-24,0.92616465128661,1.01668757798822,28.3966107859532,0.20853886034827,0.809703458119891,0.935391545900434,38.6047115384615,0.285098119170351,0.533653846153846,0.841346153846154,208
"PSI-PROF",2024-03-02,0.927421337565261,0.948276610921686,30.1055424540134,0.201970191601613,0.886463415156405,0.948740116153636,44.2103365384615,0.286747784068573,0.576923076923077,0.884615384615385,208
"PSI-PROF",2024-03-09,0.705240365706206,0.758815560386035,31.9135071906354,0.216380474787418,0.819043015261876,0.83771590768128,56.5590865384615,0.349993975627398,0.572115384615385,0.899038461538462,208
"PSI-PROF",2024-03-16,0.602777066769752,0.653042989721343,25.2082633361204,0.197511868550897,0.776166733779667,0.804454095652896,49.9846634615385,0.361342050979175,0.586538461538462,0.990384615384615,208
"PSI-PROF",2024-03-23,0.57468537511066,0.712638193678124,15.3102444188963,0.206171362028841,0.572792639124216,0.712022082492428,23.1020192307692,0.297133292151474,0.692307692307692,0.932692307692308,208
"PSI-PROF",2024-03-30,0.660753971841946,0.799171566817918,13.7237251045151,0.231870313118801,0.679874765906889,0.809635738534995,21.4284134615385,0.339372975906879,0.610576923076923,0.913461538461538,208
"PSI-PROF",2024-04-06,0.611985317493778,0.749115046063239,14.2134254389632,0.271909184976734,0.623032589471701,0.766604915291651,22.7419711538462,0.428039648592607,0.485576923076923,0.918269230769231,208
"PSI-PROF",2024-04-13,0.672153597775125,0.810294050711947,19.1115230769231,0.381291519126496,0.721389605963717,0.806704425975226,31.4975,0.568946764454978,0.408653846153846,0.783653846153846,208
"PSI-PROF",2024-04-20,0.686766704641845,0.908684614320185,17.6478304138796,0.516043199982007,0.641917919348714,0.810766412269569,26.6898076923077,0.748210506193236,0.375,0.783653846153846,208
"PSI-PROF",2024-04-27,0.65222871197195,0.892594727158481,12.4948467496834,0.60010011569138,0.583532740630275,0.772035391770911,18.1255825242718,0.850452427866336,0.427184466019417,0.786407766990291,206
"PSI-PROF",2024-05-04,0.690177362034141,0.864276054738872,11.9789154944587,0.621093265431763,0.631226398184438,0.752984602400721,17.735,0.929222588963609,0.450980392156863,0.838235294117647,204
"PSI-PROF_beta",2023-12-09,0.763836211111252,0.890059767124478,94.4285430392977,0.592905940826496,0.83513712441687,0.89378946281219,130.209759615385,0.819361362335062,0.206730769230769,0.576923076923077,208
"PSI-PROF_beta",2023-12-16,0.748247368920881,0.82698809763897,114.163015886288,0.5834346617058,0.841082380263427,0.891138889504083,158.144230769231,0.833908233181036,0.144230769230769,0.490384615384615,208
"PSI-PROF_beta",2023-12-23,0.640858542725563,0.719049950737009,80.0087825459866,0.373472685586802,0.798279014847063,0.863653532187656,126.793269230769,0.595588650955242,0.298076923076923,0.850961538461538,208
"PSI-PROF_beta",2023-12-30,0.995461646020394,0.898779616449581,66.2599744356187,0.238989537285839,1.12754747695903,0.98223422885787,101.500865384615,0.357793805754412,0.471153846153846,0.879807692307692,208
"PSI-PROF_beta",2024-01-06,1.34436968293699,1.02425544576313,120.825151672241,0.273784332081268,1.61921529177725,1.24735879751099,195.263701923077,0.445425106148033,0.447115384615385,0.899038461538462,208
"PSI-PROF_beta",2024-01-20,0.732748297685098,0.897226185329518,40.9906843854515,0.226393930963769,0.711174923850776,0.850476952353393,59.0531730769231,0.307614976545148,0.701923076923077,0.995192307692308,208
"PSI-PROF_beta",2024-01-27,0.901092968035504,1.15838709712122,45.2477112458194,0.267909537674762,0.948533748307626,1.12417689916101,71.3490384615385,0.385454183249458,0.5625,0.975961538461538,208
"PSI-PROF_beta",2024-02-03,0.927172164433276,1.1275314061237,41.8180093436455,0.264576190267507,0.814201490067436,1.02695505916624,56.9139423076923,0.363429047404933,0.504807692307692,0.894230769230769,208
"PSI-PROF_beta",2024-02-10,1.05590323439766,1.17908454938526,37.4295788461538,0.246849885939881,0.947742904755075,1.1321088906886,52.1129807692308,0.357184045958403,0.456730769230769,0.860576923076923,208
"PSI-PROF_beta",2024-02-17,0.998467721459075,1.26073235842177,33.473212583612,0.264183731009088,0.962440853628984,1.3442427960129,48.6985096153846,0.395440044013466,0.389423076923077,0.788461538461538,208
"PSI-PROF_beta",2024-02-24,0.932504974064952,1.01229787779892,28.5730472826087,0.207409093472806,0.806018811035238,0.933741995733867,38.0751923076923,0.281764681166942,0.538461538461538,0.826923076923077,208
"PSI-PROF_beta",2024-03-02,0.915561105061874,0.939129552107672,29.7175422240803,0.200319546790943,0.875594627414758,0.941212628646438,43.7425,0.284437557877318,0.576923076923077,0.884615384615385,208
"PSI-PROF_beta",2024-03-09,0.692125837803127,0.749755424241834,31.2876280936455,0.213650237186089,0.816549955427005,0.836041080019697,56.1502884615385,0.347868394480556,0.581730769230769,0.913461538461538,208
"PSI-PROF_beta",2024-03-16,0.586470635722811,0.641687608045606,24.4795340719064,0.193725462345935,0.7624185058081,0.794759016649034,49.2693269230769,0.358558373742846,0.600961538461538,0.995192307692308,208
"PSI-PROF_beta",2024-03-23,0.570047749879886,0.706376675401321,15.1856461747492,0.204521653194774,0.567762456199329,0.708992734191905,22.9599519230769,0.296528975427276,0.706730769230769,0.932692307692308,208
"PSI-PROF_beta",2024-03-30,0.654081394071243,0.791863858209557,13.597866764214,0.229890691430274,0.681340453847065,0.80780794035883,21.4898076923077,0.338770793029788,0.610576923076923,0.918269230769231,208
"PSI-PROF_beta",2024-04-06,0.605423497114205,0.74946555194139,14.0577178302676,0.272078660634592,0.622878543311875,0.768745474824577,22.6658173076923,0.427982339594208,0.480769230769231,0.899038461538462,208
"PSI-PROF_beta",2024-04-13,0.66833248417637,0.802990854464791,18.9900713419732,0.377645097085439,0.713300319465333,0.803641299021977,31.1298557692308,0.566712261279894,0.418269230769231,0.783653846153846,208
"PSI-PROF_beta",2024-04-20,0.688265119733438,0.911017543922079,17.6889581103679,0.51732928566569,0.641625993883128,0.810960378003713,26.6821634615385,0.7483439763197,0.365384615384615,0.774038461538462,208
"PSI-PROF_beta",2024-04-27,0.651780536563519,0.898030303502613,12.4950594765724,0.604456269694911,0.585186310708929,0.773946295697446,18.1988349514563,0.853305571890474,0.393203883495146,0.776699029126214,206
"SGroup-RandomForest",2023-10-14,0.840033170836401,0.775060508582946,8.62545045986622,0.3639093225228,1.00857464423052,0.964578887305345,12.8043269230769,0.5236474527312,0.668269230769231,0.975961538461538,208
"SGroup-RandomForest",2023-10-21,0.887704841418819,0.757290079842005,11.082377090301,0.375693235790618,0.920851872595361,0.911782456032412,17.2192307692308,0.565036468621149,0.576923076923077,0.971153846153846,208
"SGroup-RandomForest",2023-10-28,0.836486595968169,0.802344536150019,13.5321446488294,0.413364611452561,0.87240011424091,0.901535047859006,22.5331730769231,0.659246332811989,0.447115384615385,0.951923076923077,208
"SGroup-RandomForest",2023-11-04,1.01638841811191,0.922366396069298,20.5888216973244,0.472188652054616,0.990462825163112,0.961849830093529,32.4884615384615,0.756143286469208,0.408653846153846,0.9375,208
"SGroup-RandomForest",2023-11-11,1.21798493933055,1.1796017839776,33.0974193143813,0.630420974812279,1.12112325835947,1.16753682611281,48.4485576923077,0.958155491914371,0.25,0.817307692307692,208
"SGroup-RandomForest",2023-11-18,1.30584245296109,1.35701758740027,44.4041028428094,0.702666556294475,1.20143845712022,1.34971026622584,63.5826923076923,1.05148536279715,0.173076923076923,0.735576923076923,208
"SGroup-RandomForest",2023-11-25,1.10102625910501,1.1221087197895,51.4575631270903,0.622359834977887,1.12719969231504,1.10067271455157,78.4644230769231,0.932731955789269,0.201923076923077,0.788461538461538,208
"SGroup-RandomForest",2023-12-02,0.998510385447054,1.12815889675879,81.2142587792642,0.713597090688963,1.10166850242025,1.17689915083599,120.672596153846,1.07624257756106,0.158653846153846,0.716346153846154,208
"SGroup-RandomForest",2023-12-09,1.09792562227112,1.26377346646082,134.783036162207,0.820878162436054,1.2171181975139,1.31544514393062,187.9875,1.17821886261917,0.149038461538462,0.615384615384615,208
"SGroup-RandomForest",2023-12-16,0.989411207835388,1.09388623807732,146.643631061873,0.738133091470998,1.1641591779602,1.23031978055468,213.265384615385,1.10535839127535,0.0721153846153846,0.644230769230769,208
"SGroup-RandomForest",2023-12-23,0.821110640083117,0.905039177204991,103.253086956522,0.469816960250962,0.981592749945669,1.01976266328326,156.620673076923,0.699877205661571,0.163461538461538,0.634615384615385,208
"SGroup-RandomForest",2023-12-30,0.946376913164127,0.960386976773247,65.524393812709,0.262648450862556,1.08991692535055,1.07696489544653,103.74375,0.410247366660267,0.432692307692308,0.879807692307692,208
"SGroup-RandomForest",2024-01-13,0.537722672236159,0.602818294207969,47.4191971153846,0.198825514886473,0.598571259414959,0.698424944079138,71.6692307692308,0.307477192817211,0.524038461538462,0.956730769230769,208
"SGroup-RandomForest",2024-01-20,0.780745462038099,0.867139725859898,44.2280681438127,0.222078908938232,0.834941896892597,0.93776526561158,70.5461538461538,0.346926249467743,0.5625,0.966346153846154,208
"SGroup-RandomForest",2024-01-27,1.01753572027276,1.27759196667443,51.6462713210702,0.299826515586423,1.05689733895587,1.34553116363713,79.5918269230769,0.466948162172663,0.408653846153846,0.879807692307692,208
"SGroup-RandomForest",2024-02-03,1.07958652658106,1.27575302256726,49.1562150919732,0.300519760817193,1.15918354636508,1.39464816145762,78.5120192307692,0.474722874340064,0.399038461538462,0.899038461538462,208
"SGroup-RandomForest",2024-02-10,1.16158081747331,1.17749653488201,41.9262029682274,0.249720841739169,1.20118990876674,1.2412853255547,66.3278846153846,0.388968589788686,0.461538461538462,0.951923076923077,208
"SGroup-RandomForest",2024-02-17,1.01182104694063,1.08831334780273,34.1067901337793,0.226729583630532,1.0356654073146,1.16988025638166,53.2778846153846,0.345880004573797,0.552884615384615,0.971153846153846,208
"SGroup-RandomForest",2024-02-24,0.847409649549312,0.875142194401192,25.9089966555184,0.178586504899686,0.788902095585903,0.866170583088007,36.0110576923077,0.251755427734015,0.639423076923077,0.985576923076923,208
"SGroup-RandomForest",2024-03-02,1.06806555644696,0.950597527292849,34.7553683110368,0.201176958501817,1.05493597254058,0.972085208832441,51.3947115384615,0.282251762635761,0.711538461538462,0.990384615384615,208
"SGroup-RandomForest",2024-03-09,0.663001354158434,0.732138281494953,29.30902090301,0.204378062900129,0.715506342805198,0.794726395097758,46.7826923076923,0.31695991887886,0.576923076923077,0.990384615384615,208
"SGroup-RandomForest",2024-03-16,0.715127992447439,0.759340433665369,29.7555378344482,0.227064643100393,0.769820721530252,0.83710826141625,47.5384615384615,0.360065396839597,0.456730769230769,0.990384615384615,208
"SGroup-RandomForest",2024-03-23,0.674485090821083,0.705219393696177,17.8983745819398,0.20021459929432,0.677623563443822,0.73834795035158,26.9423076923077,0.300745054950017,0.610576923076923,0.995192307692308,208
"SGroup-RandomForest",2024-03-30,0.716454057667569,0.75803745943571,14.8829109531773,0.219644555144889,0.720549033442447,0.817987313830961,22.7307692307692,0.343886095814947,0.596153846153846,0.985576923076923,208
"SGroup-RandomForest",2024-04-06,0.642359155739523,0.70451879639408,15.0504151337793,0.256017617745805,0.644484652921904,0.732820346171085,23.5620192307692,0.407217435048494,0.528846153846154,0.980769230769231,208
"SGroup-RandomForest",2024-04-13,0.759606495586686,0.810510431827496,21.6834347826087,0.381274661116968,0.789129843789031,0.844014654020864,34.7028846153846,0.598859054840867,0.331730769230769,0.966346153846154,208
"SGroup-RandomForest",2024-04-20,0.798030930923401,0.945311041831561,20.425593645485,0.535968626533102,0.785271522740315,0.890728753004079,32.4908653846154,0.819881666865992,0.278846153846154,0.894230769230769,208
"SGroup-RandomForest",2024-04-27,0.827729338934184,0.965534370371083,15.7005970873786,0.64164905872562,0.792923196277599,0.886139760936854,24.6757281553398,0.973724307721441,0.223300970873786,0.932038834951456,206
"SGroup-RandomForest",2024-05-04,0.796995506156963,0.986074126288955,13.6924106990622,0.705049076938629,0.770067144989558,0.895341850294718,21.7808823529412,1.11327092816496,0.264705882352941,0.931372549019608,204
"SigSci-CREG",2023-10-14,0.892751767644589,0.744485576938377,9.12862608695652,0.354886617069509,1.0624530191328,1.06659516891635,13.145,0.573759052647098,0.585,0.945,200
"SigSci-CREG",2023-10-21,1.08796901687993,0.803201335397796,13.4188130434783,0.391265543773752,1.04572645912231,1.04286205261629,18.965,0.619152553694365,0.585,0.905,200
"SigSci-CREG",2023-10-28,1.24681933174303,0.879921956406426,20.2151543478261,0.439690443605047,1.06689817850612,0.975023558687378,27.22,0.687888417178132,0.495,0.845,200
"SigSci-CREG",2023-11-04,1.31422502946064,0.983687166338148,27.7345696539485,0.508390277145872,1.15786460615273,0.984998904473025,39.0051020408163,0.777813430238121,0.403061224489796,0.821428571428571,196
"SigSci-CREG",2023-11-11,1.46877504383825,1.21817713008342,41.359434338953,0.654399916464694,1.26764979064646,1.23127154173411,56.234693877551,1.0099261084335,0.23469387755102,0.698979591836735,196
"SigSci-CREG",2023-11-18,1.48877183251257,1.44832907757882,40.244962944664,0.755131803789385,1.30341792597056,1.49460128432214,54.0852272727273,1.16821301839798,0.164772727272727,0.596590909090909,176
"SigSci-CREG",2023-11-25,1.30873751501428,1.36535517747306,34.5525031055901,0.858786573580199,1.1728995192303,1.34360017007754,46.0214285714286,1.29405888557983,0.128571428571429,0.55,140
"SigSci-CREG",2023-12-02,1.36327414860194,1.60451720105864,60.8092505720824,1.0744608722633,1.23706707720011,1.56179639194651,74.4934210526316,1.52435537364501,0.0855263157894737,0.361842105263158,152
"SigSci-CREG",2023-12-09,1.23140636767896,1.52076295805434,81.1670764617691,1.13183324262089,1.16463899592257,1.49380475269392,97.3189655172414,1.53435765865567,0.0775862068965517,0.327586206896552,116
"SigSci-CREG",2023-12-16,1.08846358012752,1.50918490550254,108.83199905482,1.15420103672467,1.05489582230322,1.51466805328354,127.554347826087,1.54861462168557,0.0326086956521739,0.217391304347826,92
"SigSci-CREG",2023-12-23,0.992529427903006,1.33939325284506,79.6429710144928,0.901715686492773,0.995875377275693,1.39634426202239,99.2916666666667,1.21489502428486,0.166666666666667,0.291666666666667,48
"SigSci-CREG",2023-12-30,1.15963054217305,1.40350540462265,65.3171273291925,0.340345282093676,1.22098302414938,1.50597935979545,95,0.493807383524891,0.285714285714286,0.642857142857143,28
"SigSci-CREG",2024-01-06,1.46964455717877,1.21583619747525,159.259411231884,0.364446650439855,1.53802887298519,1.25175050889033,216.083333333333,0.483810251578014,0.3125,0.604166666666667,48
"SigSci-CREG",2024-01-13,1.62167837597593,1.41222431044949,179.083590982287,0.508828986512372,1.58788035515447,1.41386977231319,236.138888888889,0.675040621833811,0.212962962962963,0.518518518518518,108
"SigSci-CREG",2024-01-20,2.57883899179652,1.83396015708076,148.064368206522,0.460394312416427,2.37150034001427,1.74072071941719,199.0546875,0.619454365936899,0.1953125,0.5546875,128
"SigSci-CREG",2024-01-27,1.44438895213956,1.48381615681567,61.5446992753623,0.353528044919439,1.46645719450115,1.5163539629971,92.7166666666667,0.530406957470922,0.308333333333333,0.758333333333333,120
"SigSci-CREG",2024-02-03,1.41440041878882,1.54612903541543,60.59133960047,0.361482807667562,1.48896710300416,1.62240385708398,93.4391891891892,0.542108976061798,0.25,0.709459459459459,148
"SigSci-CREG",2024-02-10,1.5483722915348,1.47955422020781,45.2631719367589,0.308390989223777,1.63251923142079,1.58145499193909,69.5833333333333,0.472891819183214,0.333333333333333,0.818181818181818,132
"SigSci-CREG",2024-02-17,1.39831925453255,1.31707721742459,37.0533831521739,0.278572024342472,1.4165121688557,1.46281273717038,54.6015625,0.41976573134372,0.4140625,0.8046875,128
"SigSci-CREG",2024-02-24,1.05470937688129,1.2474228234947,28.3672966339411,0.258823920964983,1.06100674298359,1.34454157182612,42.75,0.391596143675264,0.467741935483871,0.870967741935484,124
"SigSci-CREG",2024-03-02,0.997084953758631,1.10945013373095,24.0875856389987,0.237375151942336,1.07036871103845,1.28486178296093,37.1818181818182,0.36739611916862,0.492424242424242,0.924242424242424,132
"SigSci-CREG",2024-03-09,0.833850516111129,0.978434031368721,26.0128894927536,0.267218859262354,0.911188529149828,1.10612636217667,40.7152777777778,0.422364473907777,0.444444444444444,0.930555555555556,144
"SigSci-CREG",2024-03-16,0.778100619759396,0.857373157360237,25.4536878881988,0.253713114540998,0.826069687445971,0.959417963997099,39.1071428571429,0.399593250656485,0.452380952380952,0.93452380952381,168
"SigSci-CREG",2024-03-23,0.879584799223223,0.849079822718707,21.8015571833648,0.241781401061087,0.917439841541,0.934269771865609,33.2336956521739,0.370992592964399,0.543478260869565,0.940217391304348,184
"SigSci-CREG",2024-03-30,0.805261157905643,0.812343726449439,13.9479100790514,0.232236013609813,0.821444302012756,0.871426655630533,21.0738636363636,0.355688222225369,0.642045454545455,0.971590909090909,176
"SigSci-CREG",2024-04-06,0.697260030941538,0.741807970683678,14.4454000925069,0.267644466823743,0.700711270102027,0.759006516124313,22.0585106382979,0.409664668989405,0.590425531914894,0.946808510638298,188
"SigSci-CREG",2024-04-13,0.599778368134772,0.762564155214844,14.1589661274014,0.3562375584717,0.594893548079739,0.771676339666773,21.406976744186,0.539207347701824,0.558139534883721,0.924418604651163,172
"SigSci-CREG",2024-04-20,0.599052671604269,0.890002847976622,14.2944449583719,0.508029318736806,0.563881974343511,0.794434207438579,21.7021276595745,0.734636314867039,0.478723404255319,0.888297872340426,188
"SigSci-CREG",2024-04-27,0.749927891343508,0.982435048620032,14.1886665172568,0.670729822314616,0.701883798696834,0.868353165032798,21.7268041237113,0.972703465754078,0.407216494845361,0.84020618556701,194
"SigSci-CREG",2024-05-04,0.774775637793266,1.05744690773706,13.3292255434783,0.777753517910649,0.722138806035775,0.900710493335331,20.3229166666667,1.13944198086776,0.380208333333333,0.822916666666667,192
"SigSci-TSENS",2023-10-14,1.30894859017704,1.19932070757857,12.6468891304348,0.555952240400559,1.13850591764288,1.05904369253808,13.92,0.577212783244539,0.95,0.99,200
"SigSci-TSENS",2023-10-21,1.16350934349797,1.13973013174432,14.0966739130435,0.550983660755293,0.903831849643518,0.880929346610617,16.51,0.534811044917173,0.92,0.98,200
"SigSci-TSENS",2023-10-28,1.05241822544843,1.09614963383371,17.0742934782609,0.551811706030292,0.864482215067673,0.710331239628689,22.215,0.509196023924851,0.865,0.97,200
"SigSci-TSENS",2023-11-04,0.911465055960373,1.00255248780955,18.7345347826087,0.515719722677192,0.844028293582487,0.700869486013878,27.88,0.551935697557529,0.745,0.96,200
"SigSci-TSENS",2023-11-11,0.864967013314148,0.940298867018676,23.6819130434783,0.501585825860051,0.81654616415762,0.637410067017161,35.415,0.518323197725047,0.68,0.915,200
"SigSci-TSENS",2023-11-18,0.787338971899933,0.897589946772003,27.2245695652174,0.458595458658475,0.82147956990504,0.69403266438942,43.915,0.526936113098349,0.615,0.91,200
"SigSci-TSENS",2023-11-25,0.793760406950498,0.840385774823022,38.179602173913,0.464991999872255,0.828726237608473,0.700426244287113,59.03,0.588562273813087,0.53,0.885,200
"SigSci-TSENS",2023-12-02,0.828983269335168,0.804964113313941,68.8190217391304,0.502702987819386,0.867770482476129,0.745093854701367,96.91,0.673067154324156,0.33,0.77,200
"SigSci-TSENS",2023-12-09,0.800628871256883,0.763672943843586,101.009569565217,0.499010746662058,0.856973851212754,0.74693239140608,136.085,0.671716408533149,0.265,0.675,200
"SigSci-TSENS",2023-12-16,0.817296560962564,0.82196330384028,122.40458296362,0.547453054914142,0.892494379335781,0.83233981080002,165.928571428571,0.740328021771487,0.153061224489796,0.510204081632653,196
"SigSci-TSENS",2023-12-23,0.761993632090715,0.789448011541999,94.8928615794144,0.399439105715717,0.85441341826348,0.807511521765345,134.632653061224,0.540878196630991,0.188775510204082,0.566326530612245,196
"SigSci-TSENS",2023-12-30,0.868303174243728,0.92150591158536,59.0208740942029,0.253481987767661,0.955211206690584,0.956016243572498,87.7395833333333,0.359632773924271,0.390625,0.739583333333333,192
"SigSci-TSENS",2024-01-06,1.28876948392404,1.17776557960081,121.606636956522,0.321080692744938,1.35700049075617,1.22182909390025,171.73,0.447810980063262,0.25,0.71,200
"SigSci-TSENS",2024-01-13,0.826987560413687,0.904042852914595,77.4196543478261,0.301481709210745,0.932870220450637,0.942367093385024,118.73,0.420066596022593,0.35,0.735,200
"SigSci-TSENS",2024-01-20,0.997695271664368,1.09666173558463,56.5347956521739,0.276617757197524,1.11746128005987,1.12395135285572,93.13,0.400976934683576,0.365,0.87,200
"SigSci-TSENS",2024-01-27,1.1839805714812,1.36879841489263,59.0626760869565,0.309747747982297,1.29210759516281,1.36145677353166,94.44,0.448503041371887,0.41,0.88,200
"SigSci-TSENS",2024-02-03,0.905387574208805,1.11531869052696,41.9120413043478,0.261263752614581,0.960614375118014,1.06902652930635,66.18,0.364632879880613,0.5,0.895,200
"SigSci-TSENS",2024-02-10,1.01592571662792,1.14174609806287,36.3007934782609,0.234487875336464,1.03088853506476,1.03478179017948,54.725,0.305166779571291,0.58,0.935,200
"SigSci-TSENS",2024-02-17,0.917919337708437,1.18451692022742,30.4647673913043,0.236703179744844,0.915370418330641,1.09948313583714,45.045,0.304119430551743,0.585,0.945,200
"SigSci-TSENS",2024-02-24,1.04224147674032,1.13617667237064,32.8102,0.228929608651633,0.970618128198217,0.980905809866776,46.415,0.28860653819939,0.645,0.91,200
"SigSci-TSENS",2024-03-02,1.25940024099964,1.28604531176646,39.451657054126,0.264079359195163,1.19091913354795,1.16296105710638,55.6632653061224,0.329886153370813,0.596938775510204,0.908163265306122,196
"SigSci-TSENS",2024-03-09,0.96802276707479,1.04819418817077,44.7479586956522,0.288322829336012,0.975197582053798,0.975144276294214,68.15,0.396967866007946,0.49,0.855,200
"SigSci-TSENS",2024-03-16,0.751057185870927,0.965705732613211,31.5824304347826,0.283935645792612,0.734652101111919,0.818755196141251,48.84,0.37197850126088,0.57,0.925,200
"SigSci-TSENS",2024-03-23,1.02172399249745,1.23294573777515,27.7315282608696,0.34797776324889,1.01100058176011,1.16847635850862,41.75,0.48170816638566,0.62,0.95,200
"SigSci-TSENS",2024-03-30,0.92142862403414,1.15879825213554,19.4272,0.334173991302296,0.847313666992326,0.924168541359673,27.59,0.394107990954331,0.785,0.985,200
"SigSci-TSENS",2024-04-06,0.802047353716431,1.00367009074207,18.8372565217391,0.356845726191765,0.757694436513125,0.85989157867615,27.65,0.470507215906026,0.77,0.99,200
"SigSci-TSENS",2024-04-13,0.763891286132606,0.973579473932732,21.9587673913043,0.449660558544194,0.798958216057619,0.947050007688072,35.955,0.675973920708605,0.645,0.985,200
"SigSci-TSENS",2024-04-20,0.630133802971983,0.868840855449866,16.6967,0.501086358864304,0.586204933955045,0.760528525820889,25.19,0.71422526808455,0.8,1,200
"SigSci-TSENS",2024-04-27,0.686960032039514,0.893770336856341,12.2898041089345,0.593206933687595,0.593336321252288,0.845593066181275,17.467032967033,0.93592459127293,0.873626373626374,1,182
"SigSci-TSENS",2024-05-04,0.719042639618633,0.874520438017846,12.619751552795,0.627924764065426,0.614499908443474,0.796047366703673,17.5867346938776,0.994751971680485,0.872448979591837,1,196
"Stevens-GBR",2023-10-21,2.6763011577813,3.03702177661831,33.3369749187503,1.46740738911709,1.86177576805048,2.84255930025949,34.3588268227802,1.67853351537465,0.0192307692307692,0.125,208
"Stevens-GBR",2023-10-28,1.12917587272532,0.777123441267309,18.58885552348,0.397234948245657,0.941556031538247,0.817837604312935,24.4237782132039,0.592092744006667,0.317307692307692,0.826923076923077,208
"Stevens-GBR",2023-11-04,1.11725062402775,0.880004015442985,22.448101602233,0.442531205884983,0.829259650779768,0.789811466252819,26.8140033406058,0.611070949753886,0.269230769230769,0.759615384615385,208
"Stevens-GBR",2023-11-11,1.16384342742553,0.928262624465704,31.4955395628191,0.492875263122917,0.906469360420485,0.832729529583195,38.9224478116427,0.680701627073086,0.139423076923077,0.663461538461538,208
"Stevens-GBR",2023-11-18,1.00764084657021,0.835630321836859,35.2977745412433,0.440492684653806,0.831317023900117,0.753427762781881,44.3695991316697,0.591238898187645,0.221153846153846,0.668269230769231,208
"Stevens-GBR",2023-11-25,0.981010138771923,0.78097698315499,47.3090411778467,0.443547602969406,0.815707161166592,0.67274516832959,57.6260497132098,0.580621829809165,0.216346153846154,0.663461538461538,208
"Stevens-GBR",2023-12-02,0.997907668028146,0.827431591748726,81.9976906896796,0.521828580405164,0.869539681817774,0.736020709922052,95.7837317227709,0.671734331307124,0.163461538461538,0.533653846153846,208
"Stevens-GBR",2023-12-09,0.98758299653115,0.816933323652012,120.538513740646,0.526505172490008,0.883029424502436,0.717641073424435,136.011999234715,0.638958637680863,0.197115384615385,0.519230769230769,208
"Stevens-GBR",2023-12-16,1.10767943559799,0.866442917829745,158.43789453913,0.563097595375061,0.986706374199571,0.777305325303401,176.11269599098,0.679921960631735,0.0882352941176471,0.401960784313726,204
"Stevens-GBR",2023-12-23,1.19114588092069,0.908214009713715,146.646164645001,0.452926241601103,1.04699411874759,0.81003409415904,163.470540831769,0.537289375160491,0.139423076923077,0.480769230769231,208
"Stevens-GBR",2023-12-30,1.40047518148858,1.10113989506965,96.2244430485366,0.290818259759369,1.22895492291944,1.04611401102388,114.48786922664,0.383477466131977,0.298076923076923,0.649038461538462,208
"Stevens-GBR",2024-01-06,0.746355041785327,0.925332281848377,68.1954979455803,0.248677680714871,0.849790686829041,1.11500525562114,106.408741597481,0.413226696668909,0.394230769230769,0.884615384615385,208
"Stevens-GBR",2024-01-13,0.614699690169533,0.733037907803282,55.2838874602199,0.242153548414486,0.625441165061376,0.839891171925609,77.7656015421385,0.380437296712467,0.331730769230769,0.870192307692308,208
"Stevens-GBR",2024-01-20,1.06782384725784,0.920432440549508,59.3641902591052,0.227872655994419,0.87216174542561,0.876448821359409,72.1115453273485,0.31392683269259,0.350961538461538,0.798076923076923,208
"Stevens-GBR",2024-01-27,1.63575241310603,1.64459313566393,86.1030078650414,0.388638205006403,1.35651106042691,1.53234120063036,105.901331325138,0.539865955927937,0.177884615384615,0.788461538461538,208
"Stevens-GBR",2024-02-03,1.94405447905252,1.95274815271546,89.4392794477957,0.453692828378922,1.64937544627051,1.89930773686574,112.177154541357,0.638993026154734,0.134615384615385,0.778846153846154,208
"Stevens-GBR",2024-02-10,2.3986854137797,2.18067321080729,86.8352517143606,0.45732806440118,2.01044565641975,2.12265050637,108.799955589224,0.64574728328903,0.0913461538461538,0.807692307692308,208
"Stevens-GBR",2024-02-17,2.02341478835635,1.82724626041858,68.8040286192088,0.377316233462244,1.71870612613795,1.83717010305263,86.1315134371615,0.52421553747121,0.129807692307692,0.807692307692308,208
"Stevens-GBR",2024-02-24,1.54048312676252,1.31229787830741,47.4130567008224,0.266611884530984,1.29534920427397,1.2600261870302,60.2957932989283,0.36891157834336,0.201923076923077,0.841346153846154,208
"Stevens-GBR",2024-03-02,1.05024890732651,1.06276916933899,34.6402495901251,0.227708140022965,0.949315349050845,1.12015810755246,46.1917748414287,0.32742630039652,0.3125,0.894230769230769,208
"Stevens-GBR",2024-03-09,0.463943976701783,0.606731813482265,21.4114629638667,0.176132454650041,0.495432345596902,0.656095051173786,34.2722788253378,0.276186142258118,0.389423076923077,0.9375,208
"Stevens-GBR",2024-03-16,0.455925148822656,0.58291109085786,18.8704542279913,0.174448667797502,0.508688267156978,0.656191409835114,31.176954887133,0.282104156149788,0.346153846153846,0.956730769230769,208
"Stevens-GBR",2024-03-23,0.649757868122327,0.722453430505431,17.2878008884612,0.207060070669172,0.705668755678247,0.79218776424755,28.0533186303249,0.322806308800272,0.399038461538462,0.913461538461538,208
"Stevens-GBR",2024-03-30,0.848949879582209,0.861790929156949,17.5438920732619,0.247065175072266,0.864378180898835,0.929724968838867,26.8071525241781,0.382411783770772,0.302884615384615,0.923076923076923,208
"Stevens-GBR",2024-04-06,0.637857835413247,0.75690135337477,15.1086216077442,0.279562360316026,0.661702422596368,0.761049901643434,24.1303834542937,0.422454936696522,0.25,0.846153846153846,208
"Stevens-GBR",2024-04-13,0.652834035858599,0.834333084739954,18.1941065688429,0.388332275896572,0.688469715111089,0.806012701133752,29.5810482512056,0.56389749841835,0.163461538461538,0.759615384615385,208
"Stevens-GBR",2024-04-20,0.716796737971108,1.02738462020717,18.3504803549768,0.583162891295167,0.711666262893031,0.844174614437742,29.4482720908792,0.775899033639124,0.173076923076923,0.6875,208
"Stevens-GBR",2024-04-27,0.810775372717121,1.17148644735987,15.4982789337054,0.790155411069026,0.725655666905955,0.890472738293996,22.5698768720471,0.981613044145575,0.135922330097087,0.548543689320388,206
"Stevens-GBR",2024-05-04,0.849668871154472,1.28990584324548,14.7268948819552,0.937148238220895,0.757497436935154,0.921645253737827,21.4278533850188,1.14796892271826,0.112745098039216,0.416666666666667,204
"UGA_flucast-Copycat",2023-11-04,0.965989251396198,0.743074628026363,19.6594105351171,0.381252133976135,0.79238458905684,0.738430610901739,25.7115384615385,0.579836570327138,0.543269230769231,0.9375,208
"UGA_flucast-Copycat",2023-11-11,0.84446956324617,0.790667048250623,22.8381605351171,0.420478232405294,0.760850020170409,0.756659948873358,32.6826923076923,0.61717702981723,0.278846153846154,0.740384615384615,208
"UGA_flucast-Copycat",2023-11-18,0.711682231973677,0.739151026787471,25.0317433110368,0.399920330128613,0.704363129971131,0.72745476271284,38.1346153846154,0.585385946194118,0.307692307692308,0.759615384615385,208
"UGA_flucast-Copycat",2023-11-25,0.786054234712308,0.845447168603113,37.2681877090301,0.481263147447329,0.760434266393498,0.779510350319081,53.4615384615385,0.674021963228989,0.240384615384615,0.673076923076923,208
"UGA_flucast-Copycat",2023-12-02,0.932229899615904,0.93219530652205,75.4859030100334,0.583896581775553,0.926414852940685,0.883891185071208,101.158653846154,0.799840895808001,0.144230769230769,0.543269230769231,208
"UGA_flucast-Copycat",2023-12-09,0.871317458688027,0.855336714775025,105.567153010033,0.55034579880985,0.931288203373888,0.86875679705061,142.701923076923,0.771319883188353,0.153846153846154,0.576923076923077,208
"UGA_flucast-Copycat",2023-12-16,0.895025431070007,0.886758257551637,132.444306020067,0.606255886010558,0.977502193747197,0.922174480319512,178.605769230769,0.834640419182855,0.0865384615384615,0.447115384615385,208
"UGA_flucast-Copycat",2023-12-23,0.762592916433639,0.809939984915576,95.1180748327759,0.414195569142571,0.883261682252886,0.891333441841988,139.3125,0.601412489550485,0.163461538461538,0.605769230769231,208
"UGA_flucast-Copycat",2023-12-30,1.02556393021075,0.902420450732401,69.1461810200669,0.243205561512103,1.15030187196472,0.99831059477718,104.163461538462,0.36526846445013,0.423076923076923,0.826923076923077,208
"UGA_flucast-Copycat",2024-01-06,1.14999347188895,0.959948301912573,104.019581939799,0.257386082264031,1.29052455533107,1.12627101634129,156.057692307692,0.403783672146122,0.341346153846154,0.850961538461538,208
"UGA_flucast-Copycat",2024-01-13,0.599404261545815,0.612761924685072,54.6602236622074,0.205007220685222,0.666302011146795,0.699921722550241,82.4951923076923,0.31217664163598,0.4375,0.899038461538462,208
"UGA_flucast-Copycat",2024-01-20,0.613399856795711,0.702079047813525,34.610614548495,0.180718563664323,0.648980366181111,0.7683128343113,54.4134615384615,0.283347055731442,0.456730769230769,0.932692307692308,208
"UGA_flucast-Copycat",2024-01-27,1.1724960854275,1.23359812900667,58.740025083612,0.28244218466972,1.12862229025859,1.253809602313,82.5961538461538,0.417464747998051,0.288461538461538,0.706730769230769,208
"UGA_flucast-Copycat",2024-02-03,1.05395354325572,1.08291209808488,48.861852006689,0.259154493539522,1.02341950588385,1.09922130583177,70.0961538461538,0.377718055949435,0.350961538461538,0.759615384615385,208
"UGA_flucast-Copycat",2024-02-10,1.16519270270648,1.1718905723585,42.6078929765886,0.252565067485834,1.17091036507259,1.22168758972206,63.9711538461538,0.379250204860171,0.259615384615385,0.778846153846154,208
"UGA_flucast-Copycat",2024-02-17,0.966563683390147,1.02075835679761,33.804347826087,0.221011655393503,1.02845454228425,1.11791202524687,53.3173076923077,0.33203659288929,0.259615384615385,0.798076923076923,208
"UGA_flucast-Copycat",2024-02-24,0.920876553577756,0.977395711786744,28.318743729097,0.201336255880172,0.878904112287349,0.997281512467964,41.1634615384615,0.29743638901852,0.629807692307692,0.990384615384615,208
"UGA_flucast-Copycat",2024-03-09,0.611772113520836,0.678780222641672,27.4588210702341,0.192030946317767,0.594361809909584,0.719937249109317,39.9711538461538,0.294922329235313,0.716346153846154,0.990384615384615,208
"UGA_flucast-Copycat",2024-03-16,0.530983998959559,0.618860023553155,22.1372805183947,0.186202499221892,0.490360017793751,0.650540177762087,30.8846153846154,0.287150665960371,0.697115384615385,1,208
"UGA_flucast-Copycat",2024-03-23,0.627252341865121,0.68031379003426,16.7561831103679,0.196178516178824,0.546776002781851,0.678392638754792,21.8942307692308,0.281602430213253,0.764423076923077,0.995192307692308,208
"UGA_flucast-Copycat",2024-03-30,0.714325359670754,0.741174963331457,14.8254222408027,0.213822270918102,0.652998706051327,0.761808027277047,20.3701923076923,0.315513651278785,0.725961538461538,0.995192307692308,208
"UGA_flucast-Copycat",2024-04-06,0.647604226927643,0.709099439584928,15.0978553511706,0.256970709612042,0.604812496354015,0.723672722330269,22.4471153846154,0.408890372258457,0.610576923076923,0.990384615384615,208
"UGA_flucast-Copycat",2024-04-13,0.657947213345408,0.753376806611475,18.5770944816054,0.351108227502549,0.674750519774043,0.795997579771255,29.1682692307692,0.556976355309801,0.471153846153846,0.9375,208
"UGA_flucast-Copycat",2024-04-20,0.722819415030413,0.919913332517458,18.5315468227425,0.521652580557607,0.689786613356749,0.83887209134094,28.5913461538462,0.772506145600246,0.394230769230769,0.841346153846154,208
"UGA_flucast-Copycat",2024-04-27,0.770798796940696,0.999987733034768,14.738335832084,0.649954800658068,0.714254911620808,0.857013017714197,22.3251231527094,0.917526298767648,0.374384236453202,0.778325123152709,203
"UGA_flucast-Copycat",2024-05-04,0.708565152744551,0.920905422851826,12.277378516624,0.663839004689943,0.670373690985821,0.789819533111031,19.0098039215686,0.980976193408723,0.323529411764706,0.852941176470588,204
"UGA_flucast-INFLAenza",2023-10-28,0.735265402880233,0.574691784656493,11.9411705685619,0.293846136512927,0.710091570518142,0.617410103684963,18.1346153846154,0.442603712170669,0.528846153846154,0.932692307692308,208
"UGA_flucast-INFLAenza",2023-11-04,0.622840108445486,0.481722144943184,12.7599122073579,0.250378592083091,0.577933838389812,0.505326218844622,18.7932692307692,0.400622945315011,0.576923076923077,0.971153846153846,208
"UGA_flucast-INFLAenza",2023-11-11,0.604227283339319,0.438015968519818,16.7012102842809,0.235959107085921,0.590777448540095,0.4556894775133,25.6778846153846,0.374571474237914,0.581730769230769,0.971153846153846,208
"UGA_flucast-INFLAenza",2023-11-18,0.539733714093796,0.442376045233161,19.1871948160535,0.237164741004296,0.531652539600405,0.462102663494529,29.0384615384615,0.370259841339413,0.567307692307692,0.980769230769231,208
"UGA_flucast-INFLAenza",2023-11-25,0.529544602622375,0.42972375945244,25.3550501672241,0.246128778777354,0.55166619711778,0.448950027831125,39.5528846153846,0.397071111185423,0.548076923076923,0.942307692307692,208
"UGA_flucast-INFLAenza",2023-12-02,0.606080754245057,0.527835151667734,49.5219188963211,0.335848035530602,0.699602812214249,0.581125435554822,76.7355769230769,0.533412639252464,0.365384615384615,0.879807692307692,208
"UGA_flucast-INFLAenza",2023-12-09,0.725192233461525,0.684716548947994,89.1565029264214,0.448832788756605,0.842184530995126,0.74484202106443,130.331730769231,0.671505420544103,0.264423076923077,0.701923076923077,208
"UGA_flucast-INFLAenza",2023-12-16,0.836766783744167,0.837852306673817,125.569561036789,0.57732126513641,0.966136891234811,0.924311349396625,178.370192307692,0.843345382204016,0.144230769230769,0.514423076923077,208
"UGA_flucast-INFLAenza",2023-12-23,0.990868200768579,1.06506513345664,124.878357023411,0.549566004103414,1.16635937136226,1.20581546763189,184.865384615385,0.818508530711858,0.0769230769230769,0.538461538461538,208
"UGA_flucast-INFLAenza",2023-12-30,1.29928467426402,1.52505206758215,91.686268812709,0.420618480992337,1.51223379265608,1.746825154267,144.581730769231,0.660928960073099,0.134615384615385,0.75,208
"UGA_flucast-INFLAenza",2024-01-06,0.698282905181135,1.10600066053685,64.6522261705686,0.306307042998958,0.83032804961213,1.32723675940018,102.908653846154,0.491830856493297,0.293269230769231,0.899038461538462,208
"UGA_flucast-INFLAenza",2024-01-13,0.508213359822053,0.553584605669669,45.053731187291,0.18281547245459,0.523855669966033,0.635849231087519,63.1105769230769,0.279857498730517,0.716346153846154,0.980769230769231,208
"UGA_flucast-INFLAenza",2024-01-20,0.906250254598503,1.00383842199416,51.2620798494983,0.256988141738099,0.978316342411554,1.11204047559035,82.0817307692308,0.40911194293951,0.485576923076923,0.951923076923077,208
"UGA_flucast-INFLAenza",2024-01-27,1.11373012212222,1.21116397101785,56.204402173913,0.280320633473075,1.20836690224123,1.33115748923995,89.4086538461538,0.447394753155445,0.4375,0.932692307692308,208
"UGA_flucast-INFLAenza",2024-02-03,1.03305588128917,1.06634942922029,47.0139381270903,0.250965397719126,1.11758393965409,1.16651623749219,75.8461538461538,0.397330010879464,0.485576923076923,0.942307692307692,208
"UGA_flucast-INFLAenza",2024-02-10,1.16003994486662,1.08495517615092,41.4838775083612,0.229113172019515,1.26892271576833,1.22178565633656,68.4086538461538,0.374042401807153,0.456730769230769,0.975961538461538,208
"UGA_flucast-INFLAenza",2024-02-17,1.03463827240596,0.992932349705336,34.3397136287625,0.205558755307923,1.12975946918079,1.14812098471496,55.8221153846154,0.325816258919075,0.543269230769231,0.990384615384615,208
"UGA_flucast-INFLAenza",2024-02-24,0.908624725025325,0.845142158326471,27.5083904682274,0.171366729970153,0.901292967170002,0.900172990269101,41.0144230769231,0.260135588126392,0.663461538461538,0.995192307692308,208
"UGA_flucast-INFLAenza",2024-03-09,0.595912871793038,0.651923807871776,26.1907692307692,0.181444566085855,0.606169749032309,0.728437733809508,39.4663461538462,0.290218628773615,0.649038461538462,0.990384615384615,208
"UGA_flucast-INFLAenza",2024-03-16,0.57422577700019,0.624132490000598,23.7188315217391,0.187206758475088,0.597567061914132,0.722109330841993,36.5,0.310279548847621,0.552884615384615,1,208
"UGA_flucast-INFLAenza",2024-03-23,0.611073448799522,0.637735980171216,16.3238482441472,0.184413924375068,0.543936465132505,0.672491259192038,22.1057692307692,0.281771364541688,0.701923076923077,0.980769230769231,208
"UGA_flucast-INFLAenza",2024-03-30,0.624438018677868,0.654676773619478,12.9460367892977,0.189501701998789,0.546382198751664,0.670068665384826,17.1730769230769,0.280911513781946,0.706730769230769,0.985576923076923,208
"UGA_flucast-INFLAenza",2024-04-06,0.581812421406075,0.652947108191001,13.5176484113712,0.23626565529488,0.539184737350192,0.670184726775222,19.625,0.37204529786079,0.557692307692308,0.961538461538462,208
"UGA_flucast-INFLAenza",2024-04-13,0.571353229878383,0.714689059194115,16.1470652173913,0.335669989585238,0.588566204887362,0.744436646151487,25.5432692307692,0.524961930665936,0.413461538461538,0.903846153846154,208
"UGA_flucast-INFLAenza",2024-04-20,0.619937283963399,0.867511396992151,15.8692663043478,0.491203841854779,0.590965689495878,0.769924185231562,24.4567307692308,0.706959420085469,0.355769230769231,0.822115384615385,208
"UGA_flucast-INFLAenza",2024-04-27,0.68980526808268,0.954037024283396,13.172325875897,0.640553552793926,0.643946944464069,0.808756035654595,20.1067961165049,0.89211106383453,0.315533980582524,0.718446601941748,206
"UGA_flucast-INFLAenza",2024-05-04,0.725256552093641,1.06340054767358,12.4798593350384,0.766115734097282,0.650744066144442,0.839133175637597,18.3137254901961,1.04247127283369,0.269607843137255,0.612745098039216,204
"UGA_flucast-OKeeffe",2023-10-14,1.26169103552646,1.11802996470538,12.9867625745951,0.551401913989831,1.48485420312861,1.55754259384365,18.2990196078431,0.857331095728074,0.519607843137255,0.887254901960784,204
"UGA_flucast-OKeeffe",2023-10-21,1.68414700298269,1.29143512359389,20.8171035805627,0.648690702438182,1.58727379271524,1.57037356609134,28.9656862745098,0.960145441212544,0.450980392156863,0.818627450980392,204
"UGA_flucast-OKeeffe",2023-10-28,1.12568380867849,1.11022719897167,18.1199680306905,0.58149614092149,1.02708130519993,1.23680563652888,26,0.913938209703855,0.534313725490196,0.92156862745098,204
"UGuelph-CompositeCurve",2023-10-28,2.41891214278859,0.978921126126438,34.0741283939663,0.508981137023664,2.11939561735962,0.990532356389933,47.140306122449,0.727168382257071,0.346938775510204,0.683673469387755,196
"UGuelph-CompositeCurve",2023-11-04,1.38046747268701,0.774455198071324,28.2606702550167,0.39150707054878,1.13816898879267,0.713388564389061,38.09375,0.554910760882545,0.697115384615385,0.9375,208
"UGuelph-CompositeCurve",2023-11-11,1.26947644635656,0.814726988048142,36.6065016304348,0.443540359892137,1.09118654987309,0.771649824489366,49.5120192307692,0.640649840840645,0.634615384615385,0.884615384615385,208
"UGuelph-CompositeCurve",2023-11-18,1.15696485958216,0.785317105340036,42.1706242788462,0.426358209249832,0.948825294339079,0.713634287333549,53.0961538461538,0.57876751580076,0.668269230769231,0.865384615384615,208
"UGuelph-CompositeCurve",2023-11-25,1.13955536393595,0.850969980288735,55.1515167746656,0.493608995033515,1.01261797214119,0.753819566143015,73.4951923076923,0.673371569753135,0.639423076923077,0.855769230769231,208
"UGuelph-CompositeCurve",2023-12-02,0.793604978402141,0.669316302397264,65.7975033235786,0.432894289907062,0.800517928815719,0.655477880051964,89.2692307692308,0.610016738504279,0.591346153846154,0.908653846153846,208
"UGuelph-CompositeCurve",2023-12-09,0.803113860438853,0.788284998182534,98.8660063649666,0.525827835399292,0.847661185755558,0.745011776306748,130.855769230769,0.679028821204868,0.466346153846154,0.774038461538462,208
"UGuelph-CompositeCurve",2023-12-16,0.807446976003065,0.803518072519339,119.857604964465,0.553658509911423,0.810234210094345,0.761359365305923,147.8125,0.694249252084512,0.461538461538462,0.697115384615385,208
"UGuelph-CompositeCurve",2023-12-23,0.717092638184089,0.567188416108313,89.1090653779168,0.290653738249342,0.842301300820272,0.587145029814053,132.459437958287,0.3986498180197,0.485576923076923,0.783653846153846,208
"UGuelph-CompositeCurve",2023-12-30,1.72468022651629,1.23204941683322,116.470994631151,0.329656385851543,1.90543814757636,1.30959690908847,173.554738614751,0.478931264930313,0.394230769230769,0.822115384615385,208
"UGuelph-CompositeCurve",2024-01-06,1.9807548318118,1.78543872801577,181.007635376627,0.487819279444168,2.29829669880544,1.90479879706893,281.240591457359,0.693707143270797,0.230769230769231,0.673076923076923,208
"UGuelph-CompositeCurve",2024-01-13,2.55220257281839,2.37592926746389,232.507836986431,0.802364916446059,2.23155651021846,2.09234060267008,274.148679629566,0.939263597711154,0.129807692307692,0.278846153846154,208
"UGuelph-CompositeCurve",2024-01-20,1.61762907312807,2.47149812639403,92.4730350815541,0.624076994844185,1.47652655822019,2.03531707233006,123.185022181762,0.73176971009533,0.365384615384615,0.711538461538462,208
"UGuelph-CompositeCurve",2024-01-27,1.8898822678752,3.3790159675087,95.7039467053654,0.771807766071791,1.82230496787565,2.77113313256371,135.060120475223,0.927323028424335,0.423076923076923,0.711538461538462,208
"UGuelph-CompositeCurve",2024-02-03,2.23740453370979,3.85374969965356,103.07836161135,0.894081068225707,2.12321942469194,3.32537770486903,144.152474706112,1.12637799720721,0.403846153846154,0.6875,208
"UGuelph-CompositeCurve",2024-02-10,2.25526514371631,2.73767026744876,83.2039236517289,0.587435362396198,1.9744704344398,2.217904421312,109.642843837653,0.695858190485279,0.567307692307692,0.831730769230769,208
"UGuelph-CompositeCurve",2024-02-17,7.03084960238798,2.68985897645838,247.338187743176,0.561965284529407,5.41988836950786,2.07139914282917,275.374193209525,0.582558761972636,0.528846153846154,0.783653846153846,208
"UGuelph-CompositeCurve",2024-02-24,1.82961318671931,1.77546806062296,56.4106605665787,0.368849954194146,1.5570056301532,1.39168421761568,72.4580724374405,0.411014413093853,0.600961538461538,0.899038461538462,208
"UGuelph-CompositeCurve",2024-03-02,1.63204627172677,2.38395726289112,54.5448765621738,0.524944143695496,1.94654364138569,3.15653666174641,96.4853260875306,0.949034389592496,0.211538461538462,1,208
"UGuelph-CompositeCurve",2024-03-09,0.954522322044314,1.69997460506457,44.3655669939675,0.504723661568635,1.05676975523037,1.99581017270414,75.6686348101536,0.881703138781064,0.245192307692308,1,208
"UGuelph-CompositeCurve",2024-03-16,0.910532460217161,1.64672907774059,39.2103627810451,0.518915394997153,0.98771273322357,1.91613008016012,64.4446470070426,0.887455974121219,0.216346153846154,1,208
"UGuelph-CompositeCurve",2024-03-23,1.32710940659789,1.78068840887211,36.8991521349822,0.536783254026601,1.39058738354917,2.03533188876349,57.9479005806764,0.877944200060084,0.139423076923077,0.995192307692308,208
"UGuelph-CompositeCurve",2024-03-30,1.52664697488464,1.71764209161161,33.2598777549228,0.524135851514621,1.52211935819769,1.8794683278042,49.6099665133449,0.821136720485636,0.120192307692308,0.971153846153846,208
"UGuelph-CompositeCurve",2024-04-06,1.10165202662564,1.25955378784513,26.5478869298041,0.471077855958775,1.0466686256645,1.27161615352558,38.5757092785623,0.713458792120559,0.139423076923077,0.899038461538462,208
"UGuelph-CompositeCurve",2024-04-13,0.62503275649672,0.817214073386867,17.894040422803,0.389522625431595,0.600669616828464,0.818412957617508,26.4038178653599,0.587278204954001,0.192307692307692,0.831730769230769,208
"UGuelph-CompositeCurve",2024-04-20,0.479658298208844,0.791783942444391,12.3976315178932,0.451975930043592,0.450174779624939,0.702926527481572,18.7989700921885,0.650631676089847,0.192307692307692,0.75,208
"UGuelph-CompositeCurve",2024-04-27,0.551881453374441,0.84237298209236,10.443034972161,0.560274314054024,0.506644407578504,0.702748848272787,15.6917079399372,0.770924521466279,0.184466019417476,0.650485436893204,206
"UGuelph-CompositeCurve",2024-05-04,0.594246789455528,0.987364847298649,10.0991270028504,0.703922475649496,0.532412740729439,0.754216243007857,14.8596958639895,0.931290212377703,0.191176470588235,0.558823529411765,204
"UM-DeepOutbreak",2023-10-14,0.730901984410457,0.806994348097492,7.47804427950033,0.383246016144678,0.870492038375273,0.958264855336518,11.2560742037946,0.535863424163395,0.350961538461538,0.870192307692308,208
"UM-DeepOutbreak",2023-10-21,1.4507034198481,0.946718628338846,17.536862819202,0.46460555609049,1.31802105543888,1.0522289996389,23.3597208837705,0.624760675791044,0.1875,0.572115384615385,208
"UM-DeepOutbreak",2023-10-28,0.791742413874374,0.690329318457294,12.6375226472599,0.352899536631811,0.689150205231811,0.682289617833867,17.3828539354004,0.490161322270349,0.245192307692308,0.730769230769231,208
"UM-DeepOutbreak",2023-11-04,1.00763709049866,1.00393906698695,20.0910184402658,0.513070894269631,0.817346171816611,0.913100250004335,26.4014948871314,0.716770761921796,0.3125,0.634615384615385,208
"UM-DeepOutbreak",2023-11-11,1.10086398011817,1.0215915572958,29.8211393948694,0.54180617171093,0.862484088518696,0.863427591431054,36.9618225224063,0.699088973604737,0.239583333333333,0.494791666666667,192
"UM-DeepOutbreak",2023-11-18,0.887547154360741,0.963044515472178,29.5061984872844,0.498475926551567,0.741175897597145,0.821897291023443,38.2812403030663,0.636870334569955,0.290816326530612,0.581632653061224,196
"UM-DeepOutbreak",2023-11-25,0.669362854568269,0.662786452713601,31.5017086916443,0.38170569524079,0.608261117124314,0.564976645302782,42.3273856851167,0.491805990086421,0.355769230769231,0.5625,208
"UM-DeepOutbreak",2023-12-02,0.857327941124299,0.847189064729181,70.0778208314697,0.540642392549143,0.768345542509177,0.707648993038743,84.2467298220391,0.648441058479314,0.298076923076923,0.394230769230769,208
"UM-DeepOutbreak",2023-12-09,0.70509470639248,0.736255003179865,87.1316704966378,0.476796158686879,0.658924008097053,0.615656869415094,103.717649994513,0.568163414928785,0.331730769230769,0.451923076923077,208
"UM-DeepOutbreak",2023-12-16,0.685981912664085,0.757290826866219,102.284917435579,0.514414378788835,0.662195293422306,0.619286407990306,124.394807264965,0.582428302101106,0.336538461538462,0.5,208
"UM-DeepOutbreak",2023-12-23,0.670589625805819,0.649929038122379,83.7030522020519,0.335156274762444,0.709312871107755,0.611509338634114,111.453440199262,0.412680931068927,0.350961538461538,0.389423076923077,208
"UM-DeepOutbreak",2023-12-30,1.53715997974615,1.44544044986157,102.360012787228,0.379602819257389,1.61816736502221,1.21225108927576,145.397746177382,0.434328140150501,0.673076923076923,0.769230769230769,208
"UM-DeepOutbreak",2024-01-06,1.44627447726594,1.82743981118602,110.372677339726,0.46574473400213,1.40249267364842,1.36870509462136,147.427680381676,0.4758989824734,0.712765957446808,0.781914893617021,188
"UM-DeepOutbreak",2024-01-13,0.757524993122542,1.18395535819251,67.0741195325491,0.383015770723358,0.568010670779135,0.733809986255064,69.0929574873791,0.325610641342182,0.870192307692308,0.913461538461538,208
"UM-DeepOutbreak",2024-01-20,1.28339863397768,2.45954530069587,70.6778609718055,0.604085836076047,0.687614660440315,0.837748692965176,58.1375079534163,0.311744931365471,0.923076923076923,0.961538461538462,208
"UM-DeepOutbreak",2024-01-27,1.64009062579742,3.46079630844213,79.8135022050658,0.776201481756394,1.28497666476176,1.59472943779372,92.7335264033799,0.531158688932323,0.9375,0.956730769230769,208
"UM-DeepOutbreak",2024-02-03,1.07335647582324,1.64872544129185,47.6165799124808,0.375574958650851,0.8931817717914,1.02603818547492,59.5787101720657,0.346992951106444,0.663461538461538,0.947115384615385,208
"UM-DeepOutbreak",2024-02-10,1.24714092482561,1.8914503664004,43.6422270351952,0.385899604104772,0.981689074461622,1.13414247020008,53.1930844630747,0.353159893454582,0.706730769230769,0.966346153846154,208
"UM-DeepOutbreak",2024-02-17,1.40907325681342,1.99656284792372,44.5061713284778,0.391770886151987,1.13797655220855,1.28424349251106,53.8127753735339,0.353948031426907,0.697115384615385,0.947115384615385,208
"UM-DeepOutbreak",2024-02-24,1.35907642761417,1.66274300914463,40.5215422152909,0.329769644309597,1.05216868114937,1.13118814025475,47.334146264542,0.324488931808055,0.759615384615385,0.966346153846154,208
"UM-DeepOutbreak",2024-03-02,1.23651177440704,1.75924622216531,38.5336120332931,0.360248288630366,0.980722461308426,1.00976140739739,46.2856901827222,0.288739704389666,0.841346153846154,0.990384615384615,208
"UM-DeepOutbreak",2024-03-09,0.977044771451535,1.23709627669263,42.9972652126335,0.339520738163463,0.923894729664522,0.931738242892815,61.6341202986324,0.376967388830454,0.730769230769231,0.966346153846154,208
"UM-DeepOutbreak",2024-03-16,1.04366394155552,1.26722938130655,42.6737685413732,0.369462876631684,0.985073320122604,0.974795973949265,60.7619000395671,0.416727925580491,0.658653846153846,0.956730769230769,208
"UM-DeepOutbreak",2024-03-23,1.16263574579946,1.41124539051775,30.2433351108136,0.390717973345702,0.954809602497838,0.982431847974624,37.1929411292166,0.389627472528697,0.759615384615385,0.990384615384615,208
"UM-DeepOutbreak",2024-03-30,1.29999569180404,1.64973977593706,26.2955780088963,0.463885658664424,0.809857608703879,0.964337861149903,24.5447957239051,0.387973047202883,0.875,0.995192307692308,208
"UM-DeepOutbreak",2024-04-06,1.10853353291694,1.2751255338183,25.2937601620009,0.446253754840425,0.716269548273998,0.817315782992343,25.7967998137375,0.44696222574586,0.908653846153846,1,208
"UM-DeepOutbreak",2024-04-13,1.02649952571369,1.14181413815234,28.4048919931626,0.519907033372598,0.833281611012797,0.951913708545283,37.0444420356966,0.683033379467154,0.865384615384615,0.995192307692308,208
"UM-DeepOutbreak",2024-04-20,0.877987790113125,0.997861402432782,22.4963541200314,0.564738386568966,0.636854829992898,0.749227650201834,26.3562341153357,0.688476091941188,0.913461538461538,1,208
"UM-DeepOutbreak",2024-04-27,1.02495145173705,0.941102367390042,19.1435865032545,0.613095912161638,0.65118903722627,0.761911518035606,19.7933907167064,0.827789341262124,0.927184466019418,1,206
"UM-DeepOutbreak",2024-05-04,1.03615084394725,0.9486340725918,17.8937684773658,0.670586839905748,0.743961068763351,0.807295211352475,21.1323705640548,1.00782161982277,0.887254901960784,1,204
"UMass-flusion",2023-10-14,1.17153239119165,0.865466174174698,11.3369499050132,0.405102206952937,1.4088443929774,1.27166397621281,16.5241726285065,0.669691300996769,0.6875,1,208
"UMass-flusion",2023-10-21,0.806627371224846,0.655287674899925,9.82242361012654,0.326003342833229,0.779205921940512,0.828926426786548,14.1301662588171,0.502813662461028,0.629807692307692,0.961538461538462,208
"UMass-flusion",2023-10-28,0.656247774587957,0.603696326421814,10.680612189664,0.31375783405772,0.574310513577379,0.632723359181419,14.6839861348448,0.467685160574916,0.682692307692308,0.971153846153846,208
"UMass-flusion",2023-11-04,0.619572203544812,0.564074146342412,12.6301642584396,0.295353663419263,0.545366143247562,0.547970548688196,17.6601832738284,0.4378965687633,0.668269230769231,0.980769230769231,208
"UMass-flusion",2023-11-11,0.587548725048784,0.510442787947581,16.0153194718743,0.275689087797318,0.58414775256728,0.517134934221412,25.0067483730174,0.427193831430804,0.682692307692308,0.985576923076923,208
"UMass-flusion",2023-11-18,0.498597993120831,0.466830437037947,17.4846425438299,0.250757422634191,0.430944643963976,0.44340313133386,23.4714155258982,0.359891278782499,0.673076923076923,0.980769230769231,208
"UMass-flusion",2023-11-25,0.447477883039115,0.39143058293442,20.9751953758656,0.221115577585375,0.419869629892125,0.365796440620531,29.5925490209554,0.318760362704574,0.764423076923077,0.990384615384615,208
"UMass-flusion",2023-12-02,0.370175996866238,0.343744457652155,30.5344187975267,0.221732101632021,0.41142860083273,0.350353185433002,46.1145334522151,0.330481561172789,0.658653846153846,0.985576923076923,208
"UMass-flusion",2023-12-09,0.378504675459597,0.366957838816189,46.8682885108007,0.243077046093326,0.46938651236974,0.413783446699283,73.3773700338766,0.380117740140216,0.567307692307692,0.956730769230769,208
"UMass-flusion",2023-12-16,0.408911998859176,0.351831578289546,59.5081532872241,0.237760379134508,0.487833452575898,0.396412565026755,88.8958651465325,0.36045695332864,0.480392156862745,0.92156862745098,204
"UMass-flusion",2023-12-23,0.43913114814843,0.40855715151356,54.6581455091216,0.209135720261786,0.51801045345684,0.452559621346206,81.4970722789408,0.306050206907251,0.466346153846154,0.884615384615385,208
"UMass-flusion",2023-12-30,0.852825639712144,0.780196764021927,57.3287684923672,0.20909124868942,1.0003150192341,0.90847790910044,90.6974334782679,0.332848814737966,0.605769230769231,0.9375,208
"UMass-flusion",2024-01-06,0.800160002575798,0.844481527465889,71.8243226498697,0.227339150048641,0.945349087497149,1.02119956154204,113.759553808702,0.367456438810806,0.456730769230769,0.9375,208
"UMass-flusion",2024-01-13,0.546475744080775,0.626312068656794,49.063393546974,0.208540028702313,0.587478677883299,0.75053560340309,71.6756906946576,0.333339045618132,0.466346153846154,0.985576923076923,208
"UMass-flusion",2024-01-20,0.562295443024756,0.645066651019706,31.373635999493,0.163800601188556,0.570074289358242,0.682273387086808,47.4541843402919,0.25034765028279,0.610576923076923,0.995192307692308,208
"UMass-flusion",2024-01-27,0.999683912306086,1.14980091839434,50.2416339803283,0.265820965480841,1.06220374096768,1.2595014620804,78.1579908542705,0.423504043542035,0.331730769230769,0.966346153846154,208
"UMass-flusion",2024-02-03,1.02793203121226,1.1900066287734,47.5139511768595,0.282642920662916,1.04690649208798,1.27366625505525,72.1174289483156,0.440253866692394,0.360576923076923,0.899038461538462,208
"UMass-flusion",2024-02-10,1.31846537350362,1.41070638427773,47.8170762515522,0.298639931960366,1.36912136979715,1.5562285662852,74.4632007550004,0.478755489589449,0.326923076923077,0.9375,208
"UMass-flusion",2024-02-17,1.09421084033551,1.23306604176698,38.0161969564159,0.263554228787327,1.15849395367652,1.38075147018358,61.4773601966573,0.42265676671732,0.350961538461538,0.923076923076923,208
"UMass-flusion",2024-02-24,0.850002431328334,0.927758877725539,26.1358543316349,0.190934449558657,0.842761829735548,0.951484136591984,39.7226783837863,0.285852034080306,0.552884615384615,0.923076923076923,208
"UMass-flusion",2024-03-02,0.691674056213097,0.832028506628741,22.4373370801227,0.177218753222992,0.674872379971017,0.889567453750953,32.6857756777404,0.261944849735048,0.644230769230769,0.947115384615385,208
"UMass-flusion",2024-03-09,0.474219050753143,0.609464338447518,21.1559404093917,0.171690258379207,0.514060878972744,0.663021576099355,34.1264538437987,0.268089956253589,0.639423076923077,0.990384615384615,208
"UMass-flusion",2024-03-16,0.423194717591095,0.568568768729948,17.5330247598706,0.170049994123688,0.401992179638518,0.536928180160957,25.6409253454479,0.240238903545825,0.721153846153846,0.995192307692308,208
"UMass-flusion",2024-03-23,0.568557907418798,0.692375102486457,15.03548518319,0.196447473734812,0.533068915571847,0.672868538059686,21.1195276326713,0.275459139433157,0.730769230769231,1,208
"UMass-flusion",2024-03-30,0.689721524440745,0.80432642056585,14.3160733654021,0.230679420692064,0.712906754122794,0.844257696018049,22.3306331216944,0.350168489914713,0.605769230769231,0.995192307692308,208
"UMass-flusion",2024-04-06,0.460695466164214,0.606380828560272,10.6074182088188,0.217603848292896,0.401225516794863,0.551763807421922,14.3949582087277,0.306028944470651,0.711538461538462,0.990384615384615,208
"UMass-flusion",2024-04-13,0.375847984806913,0.543210479986527,10.4483712400468,0.25075564908478,0.372717096030018,0.554251316185648,15.8649379927652,0.386073772029656,0.610576923076923,0.995192307692308,208
"UMass-flusion",2024-04-20,0.425406472829837,0.62703578812305,10.9281468030474,0.356144610317184,0.405102190714827,0.613683669723516,16.8258644739404,0.565466040161218,0.514423076923077,0.995192307692308,208
"UMass-flusion",2024-04-27,0.481801282110658,0.698616634347931,9.12299119067688,0.464679536256314,0.43756617173569,0.666217531697292,13.4966493629375,0.730544097662054,0.485436893203884,0.970873786407767,206
"UMass-flusion",2024-05-04,0.64183398944256,0.805225720871959,11.0399273627603,0.575041726643484,0.59752635763692,0.729918122181328,16.7937093177458,0.901934050514517,0.426470588235294,0.906862745098039,204
"UMass-trends_ensemble",2023-10-14,0.835583823206893,0.785930895681824,8.52134824414716,0.375152462504357,0.97655133473557,0.957491831604396,12.25,0.514442349523891,0.778846153846154,0.971153846153846,208
"UMass-trends_ensemble",2023-10-21,0.801453853710025,0.76233078917432,9.88581835284281,0.379110678830329,0.855560692140285,0.884276410162534,15.6682692307692,0.53378236223607,0.730769230769231,0.980769230769231,208
"UMass-trends_ensemble",2023-10-28,0.787787303046292,0.80328318648222,12.4248170986622,0.401795827449644,0.789579088867351,0.83566337181305,19.7692307692308,0.586417481679025,0.711538461538462,0.980769230769231,208
"UMass-trends_ensemble",2023-11-04,0.916363890625327,0.895480371276724,18.284695861204,0.458119964888628,0.941177753879875,0.921305312797054,30.625,0.722226827058531,0.625,0.947115384615385,208
"UMass-trends_ensemble",2023-11-11,0.900741645643729,0.830901662009467,24.1795255016722,0.442548586583671,0.868497740085768,0.874382718717947,37.2403846153846,0.718860792996164,0.557692307692308,0.899038461538462,208
"UMass-trends_ensemble",2023-11-18,0.764306489365391,0.785603901036325,25.9570558110368,0.411096622612547,0.846633345590063,0.866258510641836,44.7091346153846,0.678861429008547,0.581730769230769,0.9375,208
"UMass-trends_ensemble",2023-11-25,0.785088615951686,0.766027735763386,36.8398118729097,0.429929074009711,0.842146152845862,0.834598714970028,58.75,0.716618010360061,0.442307692307692,0.855769230769231,208
"UMass-trends_ensemble",2023-12-02,0.808319459208723,0.771926283785049,65.3529431438127,0.485249475351225,0.872877510208519,0.849183237766174,95.3533653846154,0.775220032757617,0.350961538461538,0.716346153846154,208
"UMass-trends_ensemble",2023-12-09,0.761135850388334,0.747268072913267,93.1319868311037,0.487252721316846,0.876758682170667,0.841331514561542,135.540865384615,0.758749132547349,0.3125,0.649038461538462,208
"UMass-trends_ensemble",2023-12-16,0.759031413281173,0.721416413457753,109.687188832055,0.481139209040573,0.892191748868743,0.849569663198733,160.394607843137,0.757022210200758,0.191176470588235,0.647058823529412,204
"UMass-trends_ensemble",2023-12-23,0.700338707989962,0.700459918828204,87.5379483695652,0.359623532000891,0.824597086307509,0.82646392758662,130.769230769231,0.56262094407946,0.302884615384615,0.706730769230769,208
"UMass-trends_ensemble",2023-12-30,1.06490201665575,0.936348329212024,70.6535075250836,0.248176874288613,1.15723819866351,0.983792287839127,104.545673076923,0.35859530525739,0.552884615384615,0.860576923076923,208
"UMass-trends_ensemble",2024-01-06,1.384761411506,1.18871750768069,123.942736204013,0.317848423361999,1.62053179198815,1.37271921664015,194.377403846154,0.490345590692488,0.370192307692308,0.9375,208
"UMass-trends_ensemble",2024-01-13,1.00206984721978,0.929185360268756,89.400010451505,0.306475723497266,1.20519985861545,1.16152703187795,145.620192307692,0.509781698047362,0.490384615384615,0.995192307692308,208
"UMass-trends_ensemble",2024-01-20,0.957253317377898,1.00915145775663,52.8240656354515,0.2530779747488,1.00005047455289,1.03605786507312,80.9495192307692,0.367335736820285,0.735576923076923,0.985576923076923,208
"UMass-trends_ensemble",2024-01-27,0.864130353411763,1.1519652039508,42.4754191053512,0.263747383410079,0.821567748120272,0.884655167801562,58.7355769230769,0.290605468552612,0.788461538461538,0.980769230769231,208
"UMass-trends_ensemble",2024-02-03,0.880559167086038,1.08101062364152,39.356533235786,0.250176517167162,0.831489691777672,0.871283605761831,55.1129807692308,0.290736981455303,0.764423076923077,0.980769230769231,208
"UMass-trends_ensemble",2024-02-10,0.959088027104859,1.21194782652532,33.96310409699,0.253925148997462,0.915619891812129,0.971106598359848,49.1177884615385,0.298974915741703,0.8125,0.990384615384615,208
"UMass-trends_ensemble",2024-02-17,0.948438918250471,1.19676635889233,31.9237134197324,0.246925875063403,0.819090852663623,0.933994726988042,44.6466346153846,0.293743412552815,0.774038461538462,0.971153846153846,208
"UMass-trends_ensemble",2024-02-24,0.971664977241748,1.10913592169257,29.9985660535117,0.227627030468973,0.82405993938871,0.909343692264593,40.53125,0.284871492882627,0.730769230769231,0.975961538461538,208
"UMass-trends_ensemble",2024-03-02,1.02168082276704,1.14020342674092,33.2194826505017,0.243752681014568,0.954032109853257,0.990581091892687,47.0600961538462,0.294371038098464,0.725961538461538,0.971153846153846,208
"UMass-trends_ensemble",2024-03-09,0.89214498407774,0.941176568907401,40.1517286789298,0.266461313225581,0.976766733440912,1.00154311106908,64.9927884615385,0.403974954998081,0.625,0.971153846153846,208
"UMass-trends_ensemble",2024-03-16,0.808234240138807,0.893348361123036,33.8695265468227,0.268964373865176,0.884672558878593,0.909163187068784,56.8317307692308,0.407927922014732,0.596153846153846,0.956730769230769,208
"UMass-trends_ensemble",2024-03-23,1.51645586291611,1.20305794853474,41.1967506270903,0.344980912948815,1.6661827593523,1.2831311568157,69.2620192307692,0.538971443704364,0.615384615384615,0.9375,208
"UMass-trends_ensemble",2024-03-30,0.93161897513041,1.03774248048242,19.3087918060201,0.298738409321156,0.820863551908887,0.916818984687475,25.8052884615385,0.383685247217018,0.884615384615385,1,208
"UMass-trends_ensemble",2024-04-06,0.852903272662668,0.91883674991069,19.9114820234114,0.331458726124628,0.834297793973301,0.895178120077085,30.5528846153846,0.496509271011748,0.836538461538462,0.995192307692308,208
"UMass-trends_ensemble",2024-04-13,0.833228469485001,0.878112679252844,23.7772543896321,0.412915796325362,0.927947903742866,0.94700328196089,40.7283653846154,0.669689605239892,0.677884615384615,0.980769230769231,208
"UMass-trends_ensemble",2024-04-20,0.805634152032328,0.844768090626051,20.6273327759197,0.479417327972873,0.90571949793956,0.942227953214629,37.4951923076923,0.866789185404658,0.701923076923077,0.971153846153846,208
"UMass-trends_ensemble",2024-04-27,0.77196804565761,0.840563617472152,14.8062494723512,0.561260488708708,0.778281381920933,0.897070301076672,24.3519417475728,0.990464456941084,0.742718446601942,0.990291262135922,206
"UMass-trends_ensemble",2024-05-04,0.861763188606571,0.881213398172295,14.866386402387,0.627095922157557,0.824434016618376,0.889744039495578,23.3259803921569,1.10259778524947,0.715686274509804,0.955882352941177,204
"UNC_IDD-InfluPaint",2023-11-11,1.15109371141031,0.878536604726384,30.8352922548889,0.467725344621612,0.895900898517722,0.806255410213436,38.189270218516,0.662621295683406,0.240196078431373,0.57843137254902,204
"UNC_IDD-InfluPaint",2023-11-18,0.948212268247384,0.813974700510648,32.6472194483242,0.430452876519982,0.850879296767496,0.809381024066195,45.2736748385294,0.640857350894805,0.254901960784314,0.691176470588235,204
"UNC_IDD-InfluPaint",2023-11-25,0.743761059263341,0.637523245422136,36.8067825328326,0.380974347188951,0.686459143619396,0.62659147199341,51.9184218396719,0.585045395895872,0.25,0.774509803921569,204
"UNC_IDD-InfluPaint",2023-12-09,0.422526844194344,0.401344358951283,53.8983029262391,0.271551623021061,0.537685663858925,0.456226226924,86.8499107272285,0.426601169647697,0.401960784313726,0.892156862745098,204
"UNC_IDD-InfluPaint",2023-12-16,0.482611107629606,0.396507511180275,74.8919826905256,0.280494672150778,0.551899898654392,0.436847107017111,105.516358934891,0.410756149197141,0.392156862745098,0.769607843137255,204
"UNC_IDD-InfluPaint",2023-12-23,0.610646538809305,0.468322441402565,77.4903023107159,0.238526408750237,0.701060005586172,0.528208973316461,112.422865453611,0.356676619751555,0.343137254901961,0.784313725490196,204
"UNC_IDD-InfluPaint",2023-12-30,2.12970862554209,1.46395512079155,144.961388030305,0.38853709719335,2.35935570929557,1.51907959772853,216.401492250922,0.551159642073691,0.147058823529412,0.558823529411765,204
"UNC_IDD-InfluPaint",2024-01-06,3.11496427361345,2.6282712926329,288.579289374193,0.72202644534754,3.13784546519773,2.48454093069105,387.317265748023,0.910397940519292,0.0343137254901961,0.245098039215686,204
"UNC_IDD-InfluPaint",2024-01-13,1.47466968218678,1.51544338476135,135.494539083234,0.510024603922011,1.54778965378316,1.55326690998369,192.236102524034,0.695930686834813,0.0588235294117647,0.416666666666667,204
"UNC_IDD-InfluPaint",2024-01-20,0.928605533967627,1.0403880377098,52.7765889893535,0.265883216355191,0.934644855690271,1.11251792319307,78.3853072170446,0.404469311552026,0.313725490196078,0.78921568627451,204
"UNC_IDD-InfluPaint",2024-01-27,1.6749431570986,1.92463970502876,87.3117106004998,0.456407181037493,1.47737783660014,1.9155908216177,112.525583116369,0.660591425279745,0.21078431372549,0.598039215686274,204
"UNC_IDD-InfluPaint",2024-02-03,1.80681948213035,2.23100167838417,87.6987475331763,0.553711466277188,1.52359647561189,2.1416501250606,110.464963892034,0.774408734828206,0.142156862745098,0.455882352941176,204
"UNC_IDD-InfluPaint",2024-02-10,1.57288980607125,1.30851672819311,55.4475583695907,0.269807127151975,1.53683923705989,1.32772143908704,81.0469292288924,0.396969603797543,0.362745098039216,0.720588235294118,204
"UNC_IDD-InfluPaint",2024-02-17,0.959864011806262,1.29727578184722,34.5691829929491,0.292453079060104,0.957334647124037,1.41452593436399,51.6396484924336,0.444116441705695,0.299019607843137,0.764705882352941,204
"UNC_IDD-InfluPaint",2024-02-24,0.91792542784668,0.999501098513403,29.6504187231342,0.214111603372269,0.926876519832706,1.0599153764094,45.3538102659462,0.327477611804672,0.348039215686274,0.848039215686274,204
"UNC_IDD-InfluPaint",2024-03-02,0.943091884040594,0.892861731929334,32.1660829097068,0.196749472618712,0.916136551092143,0.982106298214357,46.7573781776998,0.299956596531981,0.436274509803922,0.877450980392157,204
"UNC_IDD-InfluPaint",2024-03-09,0.749728549620325,0.818234336875078,35.2230716037167,0.238925141135118,0.744739513232023,0.857004266402781,51.9937908807976,0.360008766081737,0.294117647058824,0.779411764705882,204
"UNC_IDD-InfluPaint",2024-03-16,0.537287116595249,0.677767067869565,23.1839348077247,0.210037126836113,0.554657453584418,0.738018419126793,35.5350524634004,0.329981414360915,0.343137254901961,0.857843137254902,204
"UNC_IDD-InfluPaint",2024-03-23,0.80555623628236,0.825746787960271,21.5612328748701,0.235105307189006,0.783040115655228,0.900935644143609,30.9241335919643,0.361308246314536,0.338235294117647,0.867647058823529,204
"UNC_IDD-InfluPaint",2024-03-30,1.24533455177839,1.19661473806484,26.2287358727257,0.345376028604193,1.11667632598188,1.23236367629792,34.9649793796744,0.506596991639903,0.245098039215686,0.686274509803922,204
"UNC_IDD-InfluPaint",2024-04-13,0.377250268234469,0.54911846694299,10.5401729982117,0.256262788119201,0.393411114026128,0.567016583456817,16.9369109010885,0.398942549923528,0.436274509803922,0.926470588235294,204
"UNC_IDD-InfluPaint",2024-04-20,0.413748178646486,0.613390142763513,10.649118310261,0.351884470151508,0.390084665425856,0.552920442799666,16.2576831401164,0.515444632227629,0.470588235294118,0.862745098039216,204
"UNC_IDD-InfluPaint",2024-04-27,0.414227540913559,0.634940056996623,7.81813899589871,0.423137939021911,0.390947406209218,0.563812990831827,12.1030148114462,0.622124413430769,0.420792079207921,0.816831683168317,202
"UNC_IDD-InfluPaint",2024-05-04,0.458904150037621,0.712071801605394,7.70581066262569,0.50141710051478,0.424916021497647,0.604728430026629,11.7504051607291,0.742518700262931,0.35,0.735,200
"UVAFluX-Ensemble",2023-10-14,0.897152402767018,0.743798338995179,9.63000227596443,0.368980970485114,0.983380550497697,0.93033041725289,12.6164335083647,0.510654466817016,0.288461538461538,0.620192307692308,208
"UVAFluX-Ensemble",2023-10-21,1.01857002131151,0.687142893980264,12.6852509220294,0.338840461892701,0.890099070410565,0.803675037698016,16.4429035498159,0.483706169290105,0.3125,0.701923076923077,208
"UVAFluX-Ensemble",2023-10-28,0.988059363930923,0.772431018966002,15.7644857859532,0.385779462578973,0.799438724406195,0.756248762135822,20.2115384615385,0.534696281899513,0.350961538461538,0.677884615384615,208
"UVAFluX-Ensemble",2023-11-04,1.1178423437656,0.799299847805071,22.5644617694468,0.40800695942701,0.875347173776467,0.729164721342001,28.5911150326443,0.572310497500795,0.230769230769231,0.5625,208
"UVAFluX-Ensemble",2023-11-11,0.999786959203045,0.773569512110105,26.8457378762542,0.40951220410059,0.809685077535199,0.699657177552535,34.5769230769231,0.569093155152608,0.326923076923077,0.591346153846154,208
"UVAFluX-Ensemble",2023-11-18,0.818832623710611,0.795882296502011,28.1869093620391,0.422121123151484,0.703595983393354,0.725257067111202,37.3227908614996,0.573327979018002,0.278846153846154,0.5625,208
"UVAFluX-Ensemble",2023-11-25,0.802868294447258,0.808550044866003,39.144387541806,0.474635118575284,0.64986062750884,0.662691599015401,47.7115384615385,0.604294208322409,0.230769230769231,0.466346153846154,208
"UVAFluX-Ensemble",2023-12-02,0.799158788840662,0.792803726258075,65.0915259197324,0.506198350231887,0.701214842108539,0.666495302887089,77.0336538461538,0.615202245173232,0.163461538461538,0.355769230769231,208
"UVAFluX-Ensemble",2023-12-09,0.605905064970888,0.674894073754044,75.1631626254181,0.451123196974062,0.619538933470655,0.608142899823427,96.4759615384615,0.556400583330248,0.225961538461538,0.456730769230769,208
"UVAFluX-Ensemble",2023-12-16,0.538020222848697,0.534076633762872,81.2407692307692,0.374867574952895,0.613190238210895,0.588869791216134,114.379807692308,0.549678692772205,0.269230769230769,0.759615384615385,208
"UVAFluX-Ensemble",2023-12-23,0.574050884995032,0.555378340345305,71.053108277592,0.284965953425795,0.665389901327722,0.619461158680789,104.153846153846,0.419542245243829,0.346153846153846,0.793269230769231,208
"UVAFluX-Ensemble",2023-12-30,2.02133214059063,1.15983035528352,133.766231187291,0.302224243851048,2.14358626372013,1.23285920060382,192.879807692308,0.442951714393323,0.336538461538462,0.783653846153846,208
"UVAFluX-Ensemble",2024-01-06,2.95536714636644,2.03233545031501,264.467564799331,0.539773447566845,3.03090475160807,2.03330175536441,364.697115384615,0.72665088147455,0.158653846153846,0.480769230769231,208
"UVAFluX-Ensemble",2024-01-13,1.20883913163315,1.10986229415196,108.927171822742,0.367702468027298,1.42215033390387,1.29709015198661,173.533653846154,0.572071939696264,0.100961538461538,0.75,208
"UVAFluX-Ensemble",2024-01-20,0.814343403678712,0.841223028090341,45.5061099498328,0.212828424358332,0.843378385002172,0.877609281452273,69.9182692307692,0.318474099402734,0.567307692307692,0.947115384615385,208
"UVAFluX-Ensemble",2024-01-27,0.971390608341929,1.17083112083403,47.2506981605351,0.264652055158726,1.04092734991252,1.2171541197942,73.9182692307692,0.398964833854815,0.471153846153846,0.961538461538462,208
"UVAFluX-Ensemble",2024-02-03,0.860300068311918,1.04153277630429,39.2864318561873,0.242582311033868,0.809007186627613,0.968760103471488,55.8894230769231,0.336768767264411,0.697115384615385,0.951923076923077,208
"UVAFluX-Ensemble",2024-02-10,1.00450306429805,1.13861687894157,35.8289088628763,0.24008104710118,0.992247338147165,1.22432939317053,53.5144230769231,0.377491995227404,0.509615384615385,0.947115384615385,208
"UVAFluX-Ensemble",2024-02-17,0.996570214953328,1.11355606136047,33.584402173913,0.233004314764906,1.00088854462881,1.1906177069807,50.7644230769231,0.349234919453939,0.475961538461538,0.918269230769231,208
"UVAFluX-Ensemble",2024-02-24,1.04491148625828,1.11394549066529,32.1045150501672,0.226527149260377,1.02204563810421,1.08968170968592,47.5865384615385,0.320260670339617,0.596153846153846,0.942307692307692,208
"UVAFluX-Ensemble",2024-03-02,1.18840014245804,1.15438139539187,38.4315363712375,0.239600864270847,1.16800758975158,1.12917445421047,56.5048076923077,0.326370334902723,0.629807692307692,0.899038461538462,208
"UVAFluX-Ensemble",2024-03-09,1.03092878694052,0.963937206758056,47.6557775919732,0.276750361188467,1.03874820313765,0.98461244418383,73.2259615384615,0.417150917344827,0.403846153846154,0.850961538461538,208
"UVAFluX-Ensemble",2024-03-16,0.932284834591902,0.901213378838176,39.7125898829431,0.274998673364914,0.955870533684378,0.966260906671766,60.7451923076923,0.427812061580163,0.408653846153846,0.841346153846154,208
"UVAFluX-Ensemble",2024-03-23,0.77781169801245,0.78593351127594,21.130010451505,0.228817849438045,0.809357691357535,0.857352124895948,33.3990384615385,0.362029876532025,0.543269230769231,0.985576923076923,208
"UVAFluX-Ensemble",2024-03-30,0.798033229415112,0.859688838434384,16.6680058528428,0.249623487265831,0.801128153150854,0.909332636532792,25.2740384615385,0.380803696926607,0.596153846153846,0.971153846153846,208
"UVAFluX-Ensemble",2024-04-06,0.657637507599644,0.77039519428643,15.2589548494983,0.279164075077624,0.675800751260006,0.837195869193764,24.3269230769231,0.460673978477398,0.509615384615385,0.995192307692308,208
"UVAFluX-Ensemble",2024-04-13,0.733192134609386,0.795662734149981,20.5103093645485,0.368755920311126,0.794408895699639,0.862364695014665,34.125,0.600757496565119,0.427884615384615,0.995192307692308,208
"UVAFluX-Ensemble",2024-04-27,0.816621249395935,0.957556495779432,15.4080962431406,0.634527451222215,0.800690888987193,0.878202337888626,24.8495145631068,0.964158026244957,0.344660194174757,0.946601941747573,206
"UVAFluX-Ensemble",2024-05-04,0.825754692464513,1.02463418868095,14.3587020460358,0.740857447723567,0.820939869262687,0.924999477851379,23.3774509803922,1.1530511232754,0.245098039215686,0.950980392156863,204
"VTSanghani-Ensemble",2023-10-14,3.79854402236714,2.12808168439926,37.6887567516722,1.00452216971278,4.23392506682828,2.91771685548933,51.793125,1.57671448852862,0.298076923076923,0.668269230769231,208
"VTSanghani-Ensemble",2023-10-21,1.65591718254728,0.988871146982679,19.9854682274248,0.486771702636475,1.40201862656452,1.10736482102099,24.8505288461538,0.665444505836532,0.110576923076923,0.625,208
"VTSanghani-Ensemble",2023-10-28,1.64886692145184,1.38086741718681,29.019331166388,0.753531649255969,1.24236296784359,1.37596261467303,33.8347596153846,1.06340005844489,0.1875,0.639423076923077,208
"VTSanghani-Ensemble",2023-11-04,1.71702824248652,1.06327539980532,36.104689485786,0.555127662564265,1.22739103844827,0.938993977540854,41.2809134615385,0.752170873510177,0.1875,0.629807692307692,208
"VTSanghani-Ensemble",2023-11-11,1.30291879822853,1.16901001280284,35.7103651337793,0.625330208119325,1.18466574917965,1.14313553976988,51.5635576923077,0.942456063681267,0.5625,0.908653846153846,208
"VTSanghani-Ensemble",2023-11-18,1.36309317806421,1.2870650390474,46.7789078177258,0.664551401043138,1.25109654096326,1.13396940749937,66.699375,0.880891961247306,0.716346153846154,0.894230769230769,208
"VTSanghani-Ensemble",2023-11-25,1.48512633429992,1.13468864704995,69.8764594481605,0.622405827173728,1.28883302587074,1.09484550958251,90.069375,0.921725453130986,0.341346153846154,0.701923076923077,208
"VTSanghani-Ensemble",2023-12-02,1.0015000712423,0.998888324630755,81.3070242892977,0.634302874551947,0.870122060996638,0.850614158631835,95.0970913461538,0.77933845328835,0.115384615384615,0.278846153846154,208
"VTSanghani-Ensemble",2023-12-09,1.08496649936412,1.10169319025209,133.149759819189,0.71912736258893,0.973941601991779,0.952669104905663,150.652319711538,0.856567251179645,0.0913461538461538,0.192307692307692,208
"VTSanghani-Ensemble",2023-12-16,0.908355077640594,0.87909636253176,135.944867516722,0.603374297023848,0.851556545849587,0.79080118114112,157.453581730769,0.721488170114631,0.0673076923076923,0.225961538461538,208
"VTSanghani-Ensemble",2023-12-23,1.06486596674785,1.01195698429365,135.65711972199,0.525396643935865,0.991885344959841,0.93279387000337,159.088774038462,0.637894847061463,0.0817307692307692,0.201923076923077,208
"VTSanghani-Ensemble",2023-12-30,1.26595720846023,1.10395140616995,86.1748183423913,0.295556862620605,1.20742941557434,1.05283053570547,111.138653846154,0.38653115084563,0.206730769230769,0.466346153846154,208
"VTSanghani-Ensemble",2024-01-06,0.94597304985619,1.10145026264707,82.5732506270903,0.290616434115376,1.00182355706712,1.12124298459511,117.737331730769,0.398516540453015,0.192307692307692,0.509615384615385,208
"VTSanghani-Ensemble",2024-01-13,1.85307719738818,1.64343384087469,161.113071613712,0.534332087253015,1.81944249336641,1.54794883752987,215.412091346154,0.673581764496699,0.0432692307692308,0.245192307692308,208
"VTSanghani-Ensemble",2024-01-27,1.5565391353331,1.55679404858397,75.6109411998328,0.350114199649381,1.41269065200921,1.35933241026464,100.939639423077,0.446912833877928,0.129807692307692,0.355769230769231,208
"VTSanghani-Ensemble",2024-02-10,1.59378828615005,1.4256449652121,55.9763504180602,0.29575292788686,1.385127483041,1.2937524999906,72.0146634615385,0.384951703359926,0.269230769230769,0.524038461538462,208
"VTSanghani-Ensemble",2024-02-17,1.66878420041464,1.44905455859498,55.2386502821906,0.298442868737046,1.50765312999162,1.45617828906976,72.3114182692308,0.404806109560088,0.240384615384615,0.519230769230769,208
"VTSanghani-Ensemble",2024-02-24,1.39414955110442,1.21444909871881,41.8959773620401,0.244974053441331,1.29188364221119,1.19668996405428,57.9401442307692,0.3413607391405,0.235576923076923,0.514423076923077,208
"VTSanghani-Ensemble",2024-03-02,1.15387951997477,1.16369284518856,36.3827324205686,0.242214832185796,1.09440283608912,1.18010682103125,50.3169951923077,0.329507293274685,0.283653846153846,0.596153846153846,208
"VTSanghani-Ensemble",2024-03-16,1.84078162321739,1.67765699766108,74.8327831208194,0.495161440086951,1.57937742141733,1.44400617330621,94.0255769230769,0.605850543776062,0.0673076923076923,0.182692307692308,208
"VTSanghani-Ensemble",2024-03-23,3.29279800431047,2.27972113867301,85.8899281563545,0.64069580225044,2.86440575117848,2.0250834103496,109.781730769231,0.797388975442166,0.0817307692307692,0.216346153846154,208
"VTSanghani-Ensemble",2024-04-06,1.10554019204725,1.08516405241035,24.5251954326923,0.377602806890899,1.13169541624736,1.0717217389338,38.4276442307692,0.557146746470452,0.264423076923077,0.653846153846154,208
"VTSanghani-Ensemble",2024-04-13,1.08715204340499,1.07628574167279,30.50846465301,0.501544544374155,1.00995828041068,0.998710092417451,43.2188221153846,0.693184282027053,0.235576923076923,0.543269230769231,208
"VTSanghani-Ensemble",2024-04-20,1.21516970911328,1.34653646676776,31.1600296195652,0.762466581892247,1.01195836489188,1.05785398383476,41.9721634615385,0.97134314435926,0.105769230769231,0.336538461538462,208
"VTSanghani-Ensemble",2024-04-27,1.29808361704046,1.40825396285639,24.5276195124525,0.934333837127787,1.07746342406756,1.04672145271648,33.3312621359223,1.14496125773845,0.101941747572816,0.300970873786408,206
"VTSanghani-Ensemble",2024-05-04,1.28498665935665,1.43744511613555,22.1600765505115,1.02706863995155,1.03376334079615,1.04354359968622,29.4746200980392,1.29965829847984,0.0735294117647059,0.28921568627451,204
"cfa-flumech",2023-10-14,1.31520475160236,0.890196986595855,11.1919763842127,0.408047730148857,1.29114757549732,1.18908321873601,13.5193453150131,0.609159127530744,0.314102564102564,0.801282051282051,156
"cfa-flumech",2023-10-21,1.1924662198815,0.782971060699803,14.8175262652189,0.393701486361007,0.843309357091665,0.802073733363886,15.6499092222636,0.490348073538299,0.793269230769231,0.980769230769231,208
"cfa-flumech",2023-10-28,1.13223075996469,0.921455621939127,16.6310814720739,0.472985360518183,0.965885968653573,0.962957946877667,22.4510063489187,0.698198979566807,0.26530612244898,0.826530612244898,196
"cfa-flumech",2023-11-04,1.09781987234661,0.810725456156129,22.2157784822004,0.416142503481127,0.943359625491779,0.799593096706442,30.9841911012497,0.630512662612925,0.302884615384615,0.822115384615385,208
"cfa-flumech",2023-11-11,1.10147762891647,0.803469424079565,29.8376668226409,0.42654305695175,0.946417725071458,0.749614494794224,40.9480452181691,0.612209666435851,0.25,0.682692307692308,208
"cfa-flumech",2023-11-18,1.18562174691604,0.782455470138369,42.7635933943863,0.421114308085934,1.10526254308164,0.740436366867629,61.6946600889125,0.596710445230855,0.307692307692308,0.697115384615385,208
"cfa-flumech",2023-11-25,1.89485578401795,0.817330666630896,91.0283022394956,0.456231453535836,1.67775175008159,0.750985206816538,119.468692678746,0.64121469278484,0.216346153846154,0.658653846153846,208
"cfa-flumech",2023-12-02,0.867566952919824,0.685624468794276,70.0723848304356,0.435210836380643,0.967650840893125,0.658803822366801,104.507787309413,0.599676514180282,0.399038461538462,0.860576923076923,208
"cfa-flumech",2023-12-09,0.439749617364639,0.41038616233498,54.1676550167224,0.270981733864099,0.540503969700026,0.455937532146774,84.1850961538462,0.414528956234212,0.370192307692308,0.836538461538462,208
"cfa-flumech",2023-12-16,0.529450407264972,0.37379829421729,79.9958921613712,0.25833711692317,0.654721913678634,0.449001955227413,123.194711538462,0.416565176802821,0.495192307692308,0.975961538461538,208
"cfa-flumech",2023-12-23,0.691431813925733,0.565622866959544,85.8374991847826,0.285646098798222,0.753810419980326,0.619537092689717,118.379807692308,0.414427532547007,0.442307692307692,0.778846153846154,208
"cfa-flumech",2023-12-30,1.62821265578193,1.10274697293482,110.685539161789,0.293168285860479,1.84383602523149,1.26326851297986,169.692307692308,0.458795997241599,0.384615384615385,0.8125,208
"cfa-flumech",2024-01-06,2.17937170711682,1.73530565563792,196.797966144501,0.462954917527714,2.50757853416066,1.94591407633941,304.696078431373,0.6995223592892,0.21078431372549,0.71078431372549,204
"cfa-flumech",2024-01-13,2.02195663580717,1.48475739485288,180.6522,0.486278216138023,2.33200386306029,1.70143231274818,283.274509803922,0.745585934719488,0.151960784313725,0.676470588235294,204
"cfa-flumech",2024-01-20,1.19275532925186,1.63846304140918,66.3272515154682,0.410200045392356,1.14960568607698,1.69953691192197,93.8365384615385,0.604010576633594,0.288461538461538,0.735576923076923,208
"cfa-flumech",2024-01-27,1.79480647977002,2.5318443317392,91.531548860786,0.589926736688859,1.60390152270978,2.42817167185098,119.081730769231,0.820104158677617,0.149038461538462,0.533653846153846,208
"cfa-flumech",2024-02-03,1.87442905884772,2.41306386445713,87.6751190635452,0.579508347443615,1.68819052053308,2.35781317443063,116.175480769231,0.814716150256074,0.182692307692308,0.533653846153846,208
"cfa-flumech",2024-02-10,2.24952360499666,2.57634242765425,68.8691882540761,0.537065199565813,2.08826150225339,2.57311109300548,95.7456625,0.767381414400889,0.125,0.525,160
"cfa-flumech",2024-02-17,1.97758898489644,2.11783668103926,66.9868439782609,0.448515690995101,1.83439760497231,2.33217639134462,94.9875,0.695617176399732,0.48,0.905,200
"cfa-flumech",2024-03-02,1.3700588300257,1.75047789539335,44.2324718586957,0.369582330240906,1.37621059010347,1.92183549432025,67.8325,0.56876421675136,0.52,0.955,200
"cfa-flumech",2024-03-09,0.612125700868269,0.848004183255997,26.6359969690635,0.237906888774883,0.599605062505325,0.863953111981598,38.9038461538462,0.34738294023326,0.697115384615385,0.990384615384615,208
"cfa-flumech",2024-03-16,0.506141216075224,0.666642371007449,20.7166382002508,0.199403802945778,0.553054449030809,0.748579778874527,33.5192307692308,0.321291188214117,0.548076923076923,0.995192307692308,208
"cfa-flumech",2024-03-23,0.723644788417178,0.793848563685614,16.3612117709438,0.230418505433025,0.755030787938142,0.84861221969182,25.4573170731707,0.350466881186802,0.554878048780488,0.951219512195122,164
"cfa-flumech",2024-03-30,0.961741962900531,1.05142445149675,16.0118794335722,0.297651046735165,0.963516034434223,1.12497832461629,23.9954658317585,0.4633493901671,0.52027027027027,0.959459459459459,148
"cfa-flumech",2024-04-13,0.742212030907411,0.773231598525743,21.1752266513378,0.364552186731661,0.732407180557274,0.777724198489056,31.9759615384615,0.54965672414085,0.384615384615385,0.807692307692308,208
"cfa-flumech",2024-04-20,0.64512973423561,0.826548085954789,15.1751800567108,0.462783318179111,0.597324204990984,0.726088395417869,22.8016304347826,0.665247543150383,0.33695652173913,0.766304347826087,184
"cfa-flumech",2024-04-27,0.694904677490629,0.917616408995069,13.4515295831466,0.604725428540522,0.607037500214007,0.766241891398997,19.1417525773196,0.829352118304178,0.324742268041237,0.685567010309278,194
"cfa-flumech",2024-05-04,0.850300312435834,0.984468055594861,14.4541186446318,0.689400542989889,0.746092777060367,0.799197043326331,20.7372448979592,0.973332234334401,0.275510204081633,0.714285714285714,196
"cfarenewal-cfaepimlight",2023-10-14,1.92453802403136,1.02358163519566,20.9912535012542,0.510478803702791,1.46365854323429,1.45400233856131,18.84375,0.813319866266185,0.615384615384615,0.975961538461538,208
"cfarenewal-cfaepimlight",2023-10-21,0.938789455782018,0.771555012710771,11.3713600752508,0.382373655357555,0.894506704378228,0.985176999015623,16.5528846153846,0.598241495839222,0.567307692307692,0.966346153846154,208
"cfarenewal-cfaepimlight",2023-10-28,0.885948810454097,0.780501964918077,14.0827266931438,0.391529715259124,0.782658506844917,0.881305818863414,19.8149038461538,0.624388051123495,0.485576923076923,0.966346153846154,208
"cfarenewal-cfaepimlight",2023-11-04,1.00597622475297,0.953064679116633,20.1368839987458,0.490075868334063,0.89372940392145,0.974317332151508,28.9903846153846,0.767521763517686,0.408653846153846,0.918269230769231,208
"cfarenewal-cfaepimlight",2023-11-11,0.927751482759341,0.825394771513792,25.3688068875418,0.450175424849874,0.792408987459671,0.860356506450641,33.9110576923077,0.716198249726753,0.480769230769231,0.942307692307692,208
"cfarenewal-cfaepimlight",2023-11-18,0.834427648483358,0.710405478274373,28.5696245296823,0.380036297301129,0.787807966255155,0.76922390800342,41.7524038461538,0.615592152049106,0.485576923076923,0.975961538461538,208
"cfarenewal-cfaepimlight",2023-11-25,0.786057339249491,0.64543769184601,36.6603434887124,0.363077577642567,0.78168262498352,0.661086278021689,54.2668269230769,0.564404731707229,0.528846153846154,0.956730769230769,208
"cfarenewal-cfaepimlight",2023-12-02,0.597609288536199,0.62025197645817,48.427209395903,0.391589056726157,0.710343347195529,0.696519416416233,77.2572115384615,0.63325863628679,0.413461538461538,0.951923076923077,208
"cfarenewal-cfaepimlight",2023-12-09,0.57161065459513,0.589355451213119,70.8678998327759,0.392950912488505,0.676814071617592,0.659112822818652,106.194711538462,0.60943077609815,0.442307692307692,0.899038461538462,208
"cfarenewal-cfaepimlight",2023-12-16,0.661818953949412,0.593448515794554,96.8010879285117,0.398441543438975,0.830149151890203,0.700307128590213,150.492788461538,0.625894294885301,0.336538461538462,0.875,208
"cfarenewal-cfaepimlight",2023-12-23,0.574776908950818,0.591494264972437,71.1842681020067,0.306891451897977,0.634889864395284,0.69595193256499,99.7740384615385,0.480621925388033,0.403846153846154,0.903846153846154,208
"cfarenewal-cfaepimlight",2023-12-30,1.47421867676248,1.06738580556103,96.8313361935619,0.281209460874013,1.61327225307923,1.20120425803492,143.1875,0.434162564848718,0.466346153846154,0.918269230769231,208
"cfarenewal-cfaepimlight",2024-01-06,1.48200033993353,1.32246500648958,138.131716638796,0.363021568109881,1.66014529980673,1.5256133165222,210.538461538462,0.570362894162464,0.322115384615385,0.850961538461538,208
"cfarenewal-cfaepimlight",2024-01-13,0.662858023796339,0.958229584586073,58.8977175794314,0.311990376877206,0.802705370411243,1.15775860139207,96.4927884615385,0.501347213389511,0.509615384615385,0.985576923076923,208
"cfarenewal-cfaepimlight",2024-01-20,1.29259942858114,1.98376937539554,72.0646783653846,0.497838920573905,1.41859842700951,2.28904951340817,116.264423076923,0.815756272177561,0.240384615384615,0.889423076923077,208
"cfarenewal-cfaepimlight",2024-01-27,1.64760201232464,2.60757254583108,81.9020695861204,0.605939102469126,1.72727384060312,2.82461297906616,126.362980769231,0.954606615855405,0.158653846153846,0.778846153846154,208
"cfarenewal-cfaepimlight",2024-02-03,1.20209031534641,1.70908846237396,55.1731856709866,0.404051408214572,1.23480075261611,1.87194235539306,83.6346153846154,0.638316892793128,0.394230769230769,0.908653846153846,208
"cfarenewal-cfaepimlight",2024-02-10,1.50655042903036,1.86410778425124,54.0540235994983,0.390067628985776,1.69350622597218,2.10808691647026,90.6875,0.637329660385907,0.360576923076923,0.932692307692308,208
"cfarenewal-cfaepimlight",2024-02-17,1.34884076058001,1.89069054722903,45.0177375434783,0.381468171548755,1.53380603402986,2.24473330896541,74.8525,0.615651533844105,0.32,0.93,200
"cfarenewal-cfaepimlight",2024-02-24,1.35236233151253,1.49885570453976,41.4863950773411,0.303373341660053,1.43459301319507,1.67253830957922,65.6875,0.480263127085471,0.466346153846154,0.923076923076923,208
"cfarenewal-cfaepimlight",2024-03-02,0.945394508210041,1.4585337406275,31.1608129880213,0.308773945948509,0.997118537847784,1.72730778475346,48.6352040816327,0.499375312033788,0.479591836734694,0.954081632653061,196
"cfarenewal-cfaepimlight",2024-03-09,0.559554600721176,0.7893030699632,27.3661883454106,0.226369127608473,0.543183857042781,0.812739388978817,40.2861111111111,0.343432159260379,0.572222222222222,0.983333333333333,180
"cfarenewal-cfaepimlight",2024-03-16,0.529823755164495,0.812249872882082,21.5535463419732,0.237868154899976,0.565467603755389,0.881391219474678,33.7211538461538,0.366986505083999,0.605769230769231,0.975961538461538,208
"cfarenewal-cfaepimlight",2024-03-23,0.822326160560524,0.997838309037016,21.7430475020903,0.282265031227529,0.868113701838223,1.14248782925413,33.8365384615385,0.455236077969589,0.533653846153846,0.985576923076923,208
"cfarenewal-cfaepimlight",2024-03-30,0.925308381577227,1.08418975414905,19.5213255434783,0.312101369839554,1.02896380257307,1.27065484455059,32.3382352941176,0.520576126773119,0.372549019607843,0.965686274509804,204
"cfarenewal-cfaepimlight",2024-04-06,0.499355197561106,0.625134243634409,11.905939673913,0.221092265728788,0.477895572154692,0.628536084383624,17.7225,0.338437710064042,0.595,0.985,200
"cfarenewal-cfaepimlight",2024-04-13,0.505695560393303,0.562371125166556,14.2104953324808,0.253661858342228,0.507101402515239,0.596922781372759,21.8553921568627,0.404689058224532,0.573529411764706,0.985294117647059,204
"cfarenewal-cfaepimlight",2024-04-20,0.415919568449065,0.565802340103605,11.0635528913043,0.323513374315112,0.393112371048868,0.543038145804547,16.8875,0.500777564110648,0.55,0.975,200
"cfarenewal-cfaepimlight",2024-04-27,0.442478293078594,0.632454081619847,8.4534125591907,0.421102937501949,0.398009809500893,0.574461263342444,12.4282178217822,0.629426520437813,0.53960396039604,0.935643564356436,202
"cfarenewal-cfaepimlight",2024-05-04,0.485265448863493,0.66301713076604,8.67889571872227,0.480010541006362,0.436161375663569,0.569976034117421,12.7678571428571,0.710714714714916,0.454081632653061,0.877551020408163,196
"fjordhest-ensemble",2023-10-14,1.14182761692507,0.951172470246604,11.2055408026756,0.444222641469784,1.00096326237779,1.0078817960164,12.8140384615385,0.553110160615134,0.836538461538462,0.951923076923077,208
"fjordhest-ensemble",2023-10-21,0.85062738446871,0.66461621382575,10.4956629180602,0.326330951759591,0.906182471310544,0.807094359752786,16.64125,0.483068056744117,0.673076923076923,0.9375,208
"fjordhest-ensemble",2023-10-28,0.724449107472198,0.600758035772582,11.5167618102007,0.301478864896016,0.766425855895555,0.688727152748109,19.3360576923077,0.487352206581756,0.543269230769231,0.966346153846154,208
"fjordhest-ensemble",2023-11-04,0.862619146716554,0.717226536354033,17.220701985786,0.36387528524893,0.890530320964144,0.798387202415234,28.8487019230769,0.62134372783112,0.370192307692308,0.942307692307692,208
"fjordhest-ensemble",2023-11-11,0.884406162431176,0.768812737470395,23.8427140050167,0.409028797856074,0.882771023342574,0.825150061253842,37.8127884615385,0.673330811846447,0.326923076923077,0.870192307692308,208
"fjordhest-ensemble",2023-11-18,0.682942533330898,0.71439311044986,23.6481837583612,0.381289449391707,0.74007675774003,0.785726955029806,39.7001442307692,0.627666959134556,0.389423076923077,0.889423076923077,208
"fjordhest-ensemble",2023-11-25,0.67812969690985,0.666536736634053,32.2869108277592,0.38468561815839,0.695476665853855,0.694827042257561,50.4102884615385,0.627208321198972,0.346153846153846,0.875,208
"fjordhest-ensemble",2023-12-02,0.657454571961141,0.678266132152238,53.510902069398,0.430910040807052,0.798660124953845,0.750687358020624,87.3364423076923,0.687566555769822,0.240384615384615,0.846153846153846,208
"fjordhest-ensemble",2023-12-09,0.617114028759746,0.639135118004785,75.9322772575251,0.420705289411765,0.789025208122808,0.718010908231241,122.220576923077,0.64970639092614,0.245192307692308,0.802884615384615,208
"fjordhest-ensemble",2023-12-16,0.649517237554076,0.634578285663544,97.1453987249164,0.439775160191489,0.784786650469093,0.721742344876414,144.638461538462,0.66185737542323,0.211538461538462,0.725961538461538,208
"fjordhest-ensemble",2023-12-23,0.574150306957627,0.570285852291434,71.2971456312709,0.293388915738666,0.706897923149951,0.663991262821608,111.299615384615,0.452212304949423,0.341346153846154,0.8125,208
"fjordhest-ensemble",2023-12-30,1.37876854459843,0.977985223480138,91.4886176839465,0.257844446679986,1.54791616111572,1.10193545004846,139.373509615385,0.399581184188497,0.394230769230769,0.850961538461538,208
"fjordhest-ensemble",2024-01-06,2.17319403636976,1.78795538316962,195.780200188127,0.481862905434544,2.48501836108833,2.02871475099335,300.990384615385,0.733626276789499,0.192307692307692,0.653846153846154,208
"fjordhest-ensemble",2024-01-13,1.0309589057512,1.04362191146611,91.9629002090301,0.345269763341011,1.16081514833924,1.22228541339532,140.456730769231,0.539250619963979,0.173076923076923,0.745192307692308,208
"fjordhest-ensemble",2024-01-20,0.737398375811895,0.856741281383879,40.6488510242475,0.215873791776941,0.804177496841812,0.964256608301766,65.1243269230769,0.344120684205286,0.432692307692308,0.913461538461538,208
"fjordhest-ensemble",2024-01-27,0.847895854551208,0.966170465604672,41.6143033026756,0.219654480927535,0.94135079332353,1.05945755422629,67.5635096153846,0.349813200952704,0.451923076923077,0.9375,208
"fjordhest-ensemble",2024-02-03,0.83273852449296,0.922088801274512,36.8996899247492,0.212964969565684,0.862384727562635,0.934468430166405,56.4380288461538,0.309392576927748,0.615384615384615,0.942307692307692,208
"fjordhest-ensemble",2024-02-10,0.920036125429581,0.984363534038769,32.577360409699,0.205650274170174,0.968376957773267,0.989645441889268,51.6308653846154,0.30114377960006,0.581730769230769,0.985576923076923,208
"fjordhest-ensemble",2024-02-17,0.828691826522306,1.02917396003009,27.1294900292642,0.205762062094964,0.861669166522282,1.06755453605092,42.6393269230769,0.304456846808425,0.596153846153846,0.975961538461538,208
"fjordhest-ensemble",2024-02-24,0.910396228596943,0.928489128546068,27.5281993938127,0.187085408715388,0.836394546951393,0.872799068286074,38.7233653846154,0.256005921625657,0.653846153846154,0.9375,208
"fjordhest-ensemble",2024-03-02,0.907802027153731,1.01641512195265,29.0429275292642,0.213057340512858,0.878803087675306,1.01763156822882,42.8852403846154,0.300639838409642,0.605769230769231,0.961538461538462,208
"fjordhest-ensemble",2024-03-09,0.678146393995419,0.728367950165244,30.3247674540134,0.205024764879107,0.7509299314663,0.823514748376218,50.1691346153846,0.333598353625959,0.485576923076923,0.966346153846154,208
"fjordhest-ensemble",2024-03-16,0.545693581503946,0.70653228839404,22.594718791806,0.209815173200106,0.563992270247407,0.75020943392468,34.3744230769231,0.318982518279971,0.514423076923077,0.932692307692308,208
"fjordhest-ensemble",2024-03-23,0.59370592789431,0.70743782992108,15.5442266722408,0.199483556394809,0.523667256801837,0.668457923716892,21.1378365384615,0.278115579040204,0.692307692307692,0.980769230769231,208
"fjordhest-ensemble",2024-03-30,0.775387038098696,0.790099302297542,16.0374991429766,0.22580094599011,0.864758070832956,0.906655909074336,26.6971153846154,0.369043963988301,0.471153846153846,0.980769230769231,208
"fjordhest-ensemble",2024-04-06,0.523800386631136,0.606879941525284,12.0434277801003,0.216922445216601,0.556407922214504,0.650937334843455,19.5625,0.347607214058923,0.509615384615385,0.980769230769231,208
"fjordhest-ensemble",2024-04-13,0.541952655484157,0.64613376662107,15.1013606814381,0.298108543189241,0.560044220351729,0.696875968035637,23.9088942307692,0.483502226282077,0.543269230769231,0.990384615384615,208
"fjordhest-ensemble",2024-04-20,0.569847148688897,0.78827263023832,14.5867783026756,0.447081521982143,0.555432153232035,0.734283124692556,22.9865384615385,0.674680828032358,0.365384615384615,0.860576923076923,208
"fjordhest-ensemble",2024-04-27,0.585933398476703,0.869006847920126,11.0640808357957,0.579528545141189,0.537513997310676,0.725911575994037,16.6370873786408,0.797143138398343,0.213592233009709,0.728155339805825,206
"fjordhest-ensemble",2024-05-04,0.560456647301253,0.899274626947272,9.52933503836317,0.643856843478026,0.50952474598364,0.725858331773415,14.1898039215686,0.897202309787583,0.230392156862745,0.700980392156863,204
