"model_id","location","wis_scaled_relative_skill","wis_scaled_relative_skill__log","wis","wis__log","ae_median_scaled_relative_skill","ae_median_scaled_relative_skill__log","ae_median","ae_median__log","interval_coverage_50","interval_coverage_95","n"
"CADPH-FluCAT_Ensemble","06",0.345686731402987,0.233441867996297,15.4815945073961,0.104572495329426,1.17476263422752,1.17353626155771,18.3812260901571,0.127719689150169,1,1,8
"CEPH-Rtrend_fluH","01",0.604768827669213,0.945246914594593,5.47728260869565,0.479464362547492,2.38356437055767,3.89826257858174,9.375,0.855465709762055,0.75,1,8
"CEPH-Rtrend_fluH","02",0.986457203166156,1.40049494519192,1.14755434782609,0.521134336570819,1,1,1.625,0.794513457586986,0.375,0.75,8
"CEPH-Rtrend_fluH","04",0.628550682287214,0.948887903720161,11.4217934782609,0.456221083016314,1.09300208392715,1.83923195610406,14.75,0.681074419002536,1,1,8
"CEPH-Rtrend_fluH","05",0.499028864957563,0.823368857493909,3.46010869565217,0.522086735797123,1.11313276317967,1.0400030216098,5.125,0.926422954484629,0.25,1,8
"CEPH-Rtrend_fluH","06",1.09416003587713,1.85636868550745,50.454347826087,0.880500724871353,5.70057729031541,13.5601500139152,92,1.58071476250888,0.125,1,8
"CEPH-Rtrend_fluH","08",0.304599770043249,0.808046332873166,2.36282608695652,0.448629140261162,0.810110171196969,1.49281295010756,3.375,0.776826012302774,1,1,8
"CEPH-Rtrend_fluH","09",0.260878467198558,0.591440661960735,1.50940217391304,0.33460741545104,0.855209134792046,1.27390800820198,1.25,0.446387052307194,0.875,1,8
"CEPH-Rtrend_fluH","10",0.520019865391528,0.931933185124144,1.26554347826087,0.439195391484184,0.920432934858234,0.888056750778133,1.625,0.677012550275553,0.625,1,8
"CEPH-Rtrend_fluH","11",0.610299327281741,0.625008815044108,1.10211956521739,0.296328308361843,0.540613232386433,0.35300843783801,1.25,0.387636598651477,0.875,1,8
"CEPH-Rtrend_fluH","12",1.07235299902515,1.41547712230321,42.5074456521739,0.765930351357751,4.16834534554851,8.00738943472357,82,1.39191624341355,0,1,8
"CEPH-Rtrend_fluH","13",0.317827729176622,0.62832886270333,4.9129347826087,0.380850790626814,0.592536786419472,0.91611105537659,7.5,0.62946437231166,0.875,1,8
"CEPH-Rtrend_fluH","15",1.03591828501292,2.00129021310618,4.36478260869565,0.867406158517229,1.00055222596065,2.3230239597778,6.375,1.3753273070875,0,0.625,8
"CEPH-Rtrend_fluH","16",0.333437998716763,0.584052871868517,1.33945652173913,0.296855106425723,0.673545154244701,0.730026109353197,1.875,0.444418507686177,0.625,1,8
"CEPH-Rtrend_fluH","17",0.565750579038562,0.966562987526978,11.6165760869565,0.693259720197423,1.29775954355791,2.20448253045568,20,1.34942379508646,0.5,1,8
"CEPH-Rtrend_fluH","18",0.346766044329884,0.584180843658204,4.615,0.351723979372473,0.350816962830924,0.510419379728919,2.375,0.299684288598072,1,1,8
"CEPH-Rtrend_fluH","19",0.319477396890184,0.896885667489767,1.40548913043478,0.492438853238689,1.11168380591416,1.32187773089919,2.375,1.06916652975401,0.625,1,8
"CEPH-Rtrend_fluH","20",0.380648959074176,0.628488037429102,1.69788043478261,0.321854099629859,0.506789961135227,0.548552847481372,1,0.265032942025011,0.875,1,8
"CEPH-Rtrend_fluH","21",0.658187660135644,1.11422430964316,7.1479347826087,0.734269377620546,1.62410342146363,2.2867167983455,13.5,1.43787235343045,0,1,8
"CEPH-Rtrend_fluH","22",1.46056667460582,2.39921949210607,14.3892391304348,1.14100470239983,3.33010434058733,6.95259021236907,22.125,1.89988414891388,0,0.625,8
"CEPH-Rtrend_fluH","23",0.22752543750534,0.508655605523921,0.6025,0.229532178905499,0.549475246298584,0.653283306489684,1,0.469177246906438,1,1,8
"CEPH-Rtrend_fluH","24",0.576737928195925,0.619985645898509,4.90146739130435,0.31895410966139,2.57606549507268,2.57252830782825,5.375,0.389026230259278,0.875,1,8
"CEPH-Rtrend_fluH","25",0.183672848523476,0.465612719334551,2.49896739130435,0.319593369348215,0.0999087474869865,0.177399385208181,0.875,0.203432052242097,1,1,8
"CEPH-Rtrend_fluH","26",0.273224823739424,0.648377315710288,4.72315217391304,0.43309426785672,0.319523702673815,0.633621557794683,3,0.476557270295862,0.875,1,8
"CEPH-Rtrend_fluH","27",0.255288849044167,0.542084194848571,2.32739130434783,0.315675407130338,0.201260832721434,0.463545004142493,1.75,0.439285237067123,1,1,8
"CEPH-Rtrend_fluH","28",0.456454544565519,1.05558693676846,2.61684782608696,0.544477918520711,1.8094353730913,3.19485230462769,4.625,0.95656821158674,0.25,1,8
"CEPH-Rtrend_fluH","29",0.371276023913724,0.589057092167854,4.30364130434783,0.362326247059483,1.18829519463804,1.44969653818801,5.625,0.50387526256581,1,1,8
"CEPH-Rtrend_fluH","30",0.965307921867518,1.52387594415005,2.3104347826087,0.691585164202509,1.84060885943571,1.62125648259415,3.5,1.0377522262189,0,1,8
"CEPH-Rtrend_fluH","31",0.545600892942217,1.07193667268439,1.49288043478261,0.518105200221758,NA,NA,1.875,0.845196596100507,0.625,1,8
"CEPH-Rtrend_fluH","32",0.930403233129397,1.72167013098405,6.28994565217391,0.577290503945236,1.73034798373229,3.21234745573122,11.375,1.03079049840804,0.25,1,8
"CEPH-Rtrend_fluH","33",1.10901426184567,1.45011601325229,2.69217391304348,0.681983360032738,2.65714832466302,1.74535311105441,4,1.07057828058136,0.5,0.75,8
"CEPH-Rtrend_fluH","34",0.302080236539897,0.673322894155324,5.93586956521739,0.390094856043182,0.581021470777995,1.14841904942002,8.625,0.616104488935028,0.75,1,8
"CEPH-Rtrend_fluH","35",0.228077697322752,0.713840376482207,1.01320652173913,0.377202994082324,1.04182591096286,1.63313030458317,1.75,0.78644614244479,0.625,1,8
"CEPH-Rtrend_fluH","36",0.316360811636178,0.635801036882228,10.0255434782609,0.449809589655525,0.816076433208535,1.402814738106,13.625,0.709252076659098,1,1,8
"CEPH-Rtrend_fluH","37",0.277153531217831,0.582468160325993,4.64945652173913,0.383128596182284,1.09700309604842,1.3319962928032,4.25,0.464339484699245,1,1,8
"CEPH-Rtrend_fluH","38",0.525814987313567,0.662879219550181,1.39304347826087,0.259154487626322,0.657713279270731,0.77124337554935,2,0.414688980205263,0.875,1,8
"CEPH-Rtrend_fluH","39",0.360615216281618,0.682178017125831,7.50152173913043,0.472733339135583,2.27304113169743,2.68938626002033,8.125,0.694838412088976,0.875,1,8
"CEPH-Rtrend_fluH","40",0.45875234370241,0.651226359887131,4.01652173913044,0.388800913098624,1.25723550951417,1.53890922674183,6.25,0.633857479486419,1,1,8
"CEPH-Rtrend_fluH","41",0.280958971917985,0.725555313249073,1.97858695652174,0.441910562958503,0.672618923651304,1.07740318069165,2.75,0.792960642587167,0.625,1,8
"CEPH-Rtrend_fluH","42",1.38711022582459,1.93049956894255,57.1021195652174,0.783082767134866,5.0869254542627,10.2773303202697,106.125,1.39836387422794,0.25,1,8
"CEPH-Rtrend_fluH","44",0.994722916508133,1.19126597575164,3.09277173913043,0.660645609208021,1.18576435107104,1.08526407747291,4.75,1.11277837433149,0.375,0.875,8
"CEPH-Rtrend_fluH","45",0.34284898101305,0.782201007864464,3.05233695652174,0.461314790363349,1.02569871575112,1.6571009445942,4,0.853263911242703,0.875,1,8
"CEPH-Rtrend_fluH","46",0.528850965018857,0.910574058912068,1.2404347826087,0.466334362014142,0.932612428048242,1.28321638497182,2,0.900425690135387,0.625,1,8
"CEPH-Rtrend_fluH","47",0.546413093155418,1.08154786387283,7.37755434782609,0.504387472164753,1.58723162805329,3.08687514246926,12.875,0.881124676508725,0.625,1,8
"CEPH-Rtrend_fluH","48",0.674020649143676,0.97168458065186,28.9620108695652,0.593278481411328,5.8263767548174,10.7970042471201,53.875,1.06647953730425,0.375,1,8
"CEPH-Rtrend_fluH","49",0.708463725185081,1.01939968461502,2.38994565217391,0.472383045785881,1.51945050610453,1.94054516966657,4.25,0.913180024971417,0.25,0.875,8
"CEPH-Rtrend_fluH","50",0.846749730738942,1.22180395107001,0.801467391304348,0.379570671139389,1.4517389287831,1.69926590074796,0.75,0.483900126363486,0.625,0.875,8
"CEPH-Rtrend_fluH","51",0.480640032505455,1.3013584926206,6.18771739130435,0.780199043964193,2.28863434911494,4.88606277832166,10.5,1.47017578738489,0.375,1,8
"CEPH-Rtrend_fluH","53",0.358983192828245,0.714851047378218,3.62086956521739,0.39084519962855,0.573189883747389,1.15534258332919,5.875,0.698548192035642,0.625,1,8
"CEPH-Rtrend_fluH","54",0.399446864269054,0.62050071452807,1.89755434782609,0.3384299383132,1.61949329553507,1.6768888929798,2.5,0.611606532304984,0.875,1,8
"CEPH-Rtrend_fluH","55",0.250019377891158,0.55893891780573,2.0658152173913,0.349899141585652,0.406880881855275,0.550268223317007,1.25,0.471315430394306,1,1,8
"CEPH-Rtrend_fluH","56",0.651114391193184,0.934264458324794,2.03233695652174,0.56021012874039,0.689630848806928,0.754504800981034,3.375,0.917117114213452,0.125,1,8
"CEPH-Rtrend_fluH","72",0.967876452050699,1.75149176682651,17.6266847826087,0.581844706291604,1.32348020102975,2.56672679179996,31.625,1.04468565228067,0.25,1,8
"CFA_Pyrenew-Pyrenew_HE_Flu","01",0.675705849183596,0.858228589934341,5.0304347826087,0.337635357272224,2.74515812561617,3.63450684096002,8.375,0.561501261565448,0,0.75,4
"CFA_Pyrenew-Pyrenew_HE_Flu","02",0.612487297190872,0.842697606308129,0.693709239130435,0.311522929465725,0.790442633459413,0.711544110653801,1.25,0.549306144334055,0.5,1,4
"CFA_Pyrenew-Pyrenew_HE_Flu","04",0.250737388509604,0.25804698628618,3.94377934782609,0.0870408987624719,0.517432434871953,0.541875645905223,5.75,0.126055706011901,0.75,1,4
"CFA_Pyrenew-Pyrenew_HE_Flu","05",0.431098624681146,0.849064155925724,2.01671630434783,0.247585190067782,0.882391463281039,0.942518248679993,2.5,0.303067901785158,1,1,2
"CFA_Pyrenew-Pyrenew_HE_Flu","06",0.299573268685945,0.268352264086447,10.8203391304348,0.0816795724783656,1.49373944576191,1.87381269046206,12.5,0.0937993069473992,1,1,2
"CFA_Pyrenew-Pyrenew_HE_Flu","08",0.455767763986453,0.597729950977885,3.21027608695652,0.232128575988987,1.65531131806844,1.54192354679735,5,0.396496257764831,0.5,1,2
"CFA_Pyrenew-Pyrenew_HE_Flu","09",0.266928841017824,0.58494319342873,1.50707173913043,0.330319513232485,1.7683580011757,1.70918308166133,2.75,0.618121032447361,0.5,1,4
"CFA_Pyrenew-Pyrenew_HE_Flu","10",0.175749493019027,0.415573202971821,0.388152173913043,0.172469833748972,0,0,0.25,0.173286795139986,1,1,4
"CFA_Pyrenew-Pyrenew_HE_Flu","11",0.480589169157337,0.698137332783651,0.770176630434782,0.308015151152955,0.605754179529499,0.445943606264302,1.25,0.447939867307014,0.5,1,4
"CFA_Pyrenew-Pyrenew_HE_Flu","12",0.657888672901937,0.527266823886563,24.5039929347826,0.241057110040226,2.40986996671364,2.87351977780062,47.25,0.44821807623617,0,1,4
"CFA_Pyrenew-Pyrenew_HE_Flu","13",0.294320853414149,0.441136572072304,4.82130869565217,0.259174026868944,0.526261852993267,0.594350917923047,7.5,0.404692309965746,0.5,0.75,4
"CFA_Pyrenew-Pyrenew_HE_Flu","16",0.566625412431171,0.911560079426448,1.86361847826087,0.358630037026659,1.42189837848052,1.3880615724439,3,0.591780903532904,0.5,1,4
"CFA_Pyrenew-Pyrenew_HE_Flu","17",0.869200498103959,1.11411348467552,25.7579369565217,0.916203429072874,1.33841641211421,1.78737005847911,31,1.23082332098528,0,0.25,4
"CFA_Pyrenew-Pyrenew_HE_Flu","18",0.319138472679464,0.79588672781037,3.55337173913043,0.357572225943189,1.11690065837341,1.5135808593287,6,0.601360619608438,0.25,1,4
"CFA_Pyrenew-Pyrenew_HE_Flu","20",0.277195734101315,0.696480769211022,1.18467608695652,0.321948573682337,1.13222232273249,1.45379761189602,2.25,0.601986402162968,0.5,1,4
"CFA_Pyrenew-Pyrenew_HE_Flu","21",0.84971340896001,1.15781974152702,11.6669565217391,0.934989643062543,1.35922023233135,1.5656705741328,15,1.26571333271145,0,0,2
"CFA_Pyrenew-Pyrenew_HE_Flu","22",1.58492906205534,1.81773608723336,10.5591619565217,0.52663292983551,4.22358922790285,5.97533268354819,16,0.823589120208474,0,0.5,2
"CFA_Pyrenew-Pyrenew_HE_Flu","23",0.289707812024649,0.678444228537672,0.672176086956522,0.247912334256329,0.631079549588863,0.750592899808008,1,0.418494108392918,0.75,1,4
"CFA_Pyrenew-Pyrenew_HE_Flu","25",0.141192767133675,0.406934698048515,1.50686576086957,0.167641677617721,0.187373062487468,0.271994056032654,1.25,0.169469927107289,1,1,4
"CFA_Pyrenew-Pyrenew_HE_Flu","26",0.599087057797715,1.7864450291283,6.92869565217391,0.538633843909267,2.11633435586081,3.71098728288093,10.5,0.845838005335536,0,0.5,2
"CFA_Pyrenew-Pyrenew_HE_Flu","27",0.203171350462847,0.422159140748977,1.5308152173913,0.155411312122339,0.209245883514687,0.302191394325603,1.5,0.164194884097268,1,1,4
"CFA_Pyrenew-Pyrenew_HE_Flu","28",0.343476767942719,0.467448502278898,1.56458315217391,0.170964475514578,1.12136167325021,1.41290265586892,2,0.248312943252571,0.75,1,4
"CFA_Pyrenew-Pyrenew_HE_Flu","29",0.657350599339503,1.16853141497787,7.55054347826087,0.678197821865905,2.10034635825473,2.97812469569764,10.25,0.983056428186416,0.25,0.25,4
"CFA_Pyrenew-Pyrenew_HE_Flu","30",0.332909571303846,0.577879612917472,0.419241304347826,0.179961400563131,0.599170898816842,0.693179766246963,0.5,0.274653072167027,1,1,4
"CFA_Pyrenew-Pyrenew_HE_Flu","31",0.244394854706429,0.64760148133106,0.447828260869565,0.263340349557513,NA,NA,0.75,0.519860385419959,0.75,1,4
"CFA_Pyrenew-Pyrenew_HE_Flu","32",0.483841318588016,0.491419912992486,3.20973043478261,0.139108604117881,0.658880951290549,0.699310774689565,4.5,0.199681756750432,0.75,1,4
"CFA_Pyrenew-Pyrenew_HE_Flu","33",0.566414629458172,1.03401323112631,1.48836956521739,0.565283798183834,1.5565409854105,1.38606692048125,2.75,1.03379163918559,0.25,1,4
"CFA_Pyrenew-Pyrenew_HE_Flu","34",0.200246949667132,0.373929958126498,3.03601413043478,0.166223806935906,0.314487822293509,0.458680679900834,3.5,0.183621947643984,1,1,2
"CFA_Pyrenew-Pyrenew_HE_Flu","35",0.299245230127138,0.518865685863382,1.23413043478261,0.240427177781698,1.03035399159295,0.895903660025609,1.5,0.346573590279973,0.75,1,4
"CFA_Pyrenew-Pyrenew_HE_Flu","36",0.471721279830209,0.580495291668592,15.2694065217391,0.386305452402611,1.21710346995413,1.12643886962165,23.5,0.581488853392168,0.25,0.5,4
"CFA_Pyrenew-Pyrenew_HE_Flu","39",0.159850074360944,0.361474343929212,2.95398913043478,0.202378733690384,1.54611687894415,1.67675111164649,5,0.319211140435349,1,1,2
"CFA_Pyrenew-Pyrenew_HE_Flu","40",0.776571415660747,1.26731693738191,5.5272847826087,0.620449484804275,2.25368288367508,3.16649758993028,8.5,0.982072494473005,0,0.75,4
"CFA_Pyrenew-Pyrenew_HE_Flu","42",2.3278587703732,2.48218063830015,89.7864576086957,0.847685363135299,5.251478241698,8.99081399563836,109,1.10318381521957,0,0,2
"CFA_Pyrenew-Pyrenew_HE_Flu","44",0.293975027013183,0.607382195908522,0.825869565217391,0.282368419486272,0.507944505014354,0.738567048806229,1.75,0.585851771878575,0.75,1,4
"CFA_Pyrenew-Pyrenew_HE_Flu","45",0.17519104297247,0.353582879622567,1.41996358695652,0.18486943829376,0.478658175841035,0.56404616195667,1.75,0.245207313252931,1,1,4
"CFA_Pyrenew-Pyrenew_HE_Flu","46",0.459039345388559,0.701160214654877,1.33097826086957,0.450990977640644,0.709375778745547,0.839392787726814,2,0.761130609430856,0.5,0.75,4
"CFA_Pyrenew-Pyrenew_HE_Flu","47",0.605182214146662,0.910199861030405,7.33329239130435,0.360859233110698,1.53149236352814,2.26864387610972,12.5,0.619329181156913,0,1,2
"CFA_Pyrenew-Pyrenew_HE_Flu","48",0.211487877259616,0.163046371725331,7.942975,0.0787927911016167,0.706558698816518,0.75191786396176,7.25,0.0741727662000682,1,1,4
"CFA_Pyrenew-Pyrenew_HE_Flu","49",0.996719055524479,1.5467629675047,3.93654891304348,0.809898147721988,1.6098876434641,2.3760790335944,5.5,1.26286432215413,0,0.5,2
"CFA_Pyrenew-Pyrenew_HE_Flu","50",0.503993964874419,0.818555359084605,0.649021739130435,0.340748840673561,1.2751605995976,1.32447492509775,1,0.549306144334055,0.5,1,4
"CFA_Pyrenew-Pyrenew_HE_Flu","54",0.18805607171957,0.38366647266513,0.89969402173913,0.207921431749087,0.749057469896047,0.764055592017396,1.25,0.284858570797091,1,1,4
"CFA_Pyrenew-Pyrenew_HE_Flu","55",0.210186928985678,0.610689868957831,1.34425489130435,0.226427796844371,0.916398379928059,0.831730893862069,2.25,0.376019349194069,0.75,1,4
"CFA_Pyrenew-Pyrenew_H_Flu","01",0.414499606241511,0.467217688398868,3.08557934782609,0.183898272069407,1.47302219274315,1.68667662092445,4.5,0.261724507566691,1,1,4
"CFA_Pyrenew-Pyrenew_H_Flu","02",0.91667748662157,1.31819875612172,1.07010869565217,0.502097533626062,1.25933183854139,1.37222995618205,2,1.06916652975401,0.25,1,4
"CFA_Pyrenew-Pyrenew_H_Flu","04",0.513527830627077,0.551435784912191,7.98121576086956,0.18312488540712,0.974152809197732,1.09638784106678,11,0.258959570992883,0.75,1,4
"CFA_Pyrenew-Pyrenew_H_Flu","05",0.456016240972037,0.803204873234729,2.55554782608696,0.333816230644121,0.991141748329744,0.937509951552701,3.75,0.526985762953013,0.75,1,4
"CFA_Pyrenew-Pyrenew_H_Flu","06",0.474463151680691,0.444382661530617,18.6914891304348,0.161000323822174,2.25587144706745,2.97955674866578,30.75,0.263405826280503,0.5,1,4
"CFA_Pyrenew-Pyrenew_H_Flu","08",0.235599124149972,0.536153561554507,1.6047847826087,0.227693356919582,0.829388638592761,1.16529188819802,2.75,0.383119217824493,0.75,1,4
"CFA_Pyrenew-Pyrenew_H_Flu","09",0.10603105439071,0.379537593183366,0.5971875,0.216974294272469,0.47042627666209,0.725073501150213,0.75,0.274653072167027,1,1,4
"CFA_Pyrenew-Pyrenew_H_Flu","10",0.423081631155098,0.780243176969097,0.940869565217392,0.328030077212101,0.921415958948604,0.962482165234493,1.5,0.621226662447,0.75,1,4
"CFA_Pyrenew-Pyrenew_H_Flu","11",0.940771773515314,1.61898977619708,1.505,0.712229691357841,1.08876436142975,1.13349449086962,2.25,1.14108704786696,0,1,4
"CFA_Pyrenew-Pyrenew_H_Flu","12",0.845262053058447,0.688746547705725,31.2593402173913,0.313038718105013,2.36208992101349,3.06200631117205,46.25,0.479020757495844,0.5,0.75,4
"CFA_Pyrenew-Pyrenew_H_Flu","13",0.60924332917618,0.732396561166673,10.1448951086957,0.438466039363941,1.10243247649447,1.0677907910471,16,0.735706880742617,0.25,0.75,4
"CFA_Pyrenew-Pyrenew_H_Flu","15",1.04449641437966,0.921402043552691,5.04231684782609,0.398032812979199,0.970012353117043,1.13350288746208,7,0.658135662148516,0.5,1,4
"CFA_Pyrenew-Pyrenew_H_Flu","16",0.418773457357957,0.654195351873223,1.375,0.255798207167658,0.700268652180672,0.742914663052609,1.5,0.317127831365877,0.75,1,4
"CFA_Pyrenew-Pyrenew_H_Flu","17",0.756508865876971,0.904442744512141,22.2774114130435,0.733527595914297,1.26897418397334,1.56934579176876,29.25,1.06833304129907,0,0.5,4
"CFA_Pyrenew-Pyrenew_H_Flu","18",0.236093569468498,0.407007529993596,2.62739782608696,0.18484420261499,0.601265302369261,0.671933747303288,3.25,0.273013722030488,1,1,4
"CFA_Pyrenew-Pyrenew_H_Flu","19",0.255224365342373,0.69451234623739,1.28815652173913,0.465013957177093,0.766870912627977,0.841141160086593,2,0.866433975699932,0.75,0.75,4
"CFA_Pyrenew-Pyrenew_H_Flu","20",0.324810492280917,0.799400662120042,1.39130652173913,0.372668344315531,0.974429498226954,1.2941124791003,2,0.559511642964119,0.5,1,4
"CFA_Pyrenew-Pyrenew_H_Flu","21",0.817458511147055,1.17493738679167,8.77766956521739,0.738806534438389,1.64543051770528,2.02080301946635,13.5,1.19421333614425,0,0.5,4
"CFA_Pyrenew-Pyrenew_H_Flu","22",0.681280183268923,0.653272887965557,5.59509456521739,0.249030711884379,1.40279801778085,1.65594900858404,8.125,0.376019349194069,0.5,1,4
"CFA_Pyrenew-Pyrenew_H_Flu","23",0.313048038493659,0.676609127907059,0.721526086956522,0.244585091931954,0.48369332329278,0.582380113843002,0.75,0.317127831365877,1,1,4
"CFA_Pyrenew-Pyrenew_H_Flu","24",0.391046013975844,0.478138312618179,2.99184945652174,0.216662057393203,Inf,Inf,4,0.302735368410507,0.75,1,4
"CFA_Pyrenew-Pyrenew_H_Flu","25",0.161687440427881,0.433413339329192,1.72456739130435,0.178142888936709,0.261601108566612,0.344305757910768,1.75,0.211824465096801,1,1,4
"CFA_Pyrenew-Pyrenew_H_Flu","26",0.221965961951863,0.412464293513628,2.91280326086956,0.174906110929988,0.405396723434331,0.50602636747864,2.75,0.209206640129977,0.75,1,4
"CFA_Pyrenew-Pyrenew_H_Flu","27",0.266050523360971,0.463442728238874,1.98235706521739,0.169090635478418,0.338742281691825,0.412166506960076,2.25,0.207440059930469,1,1,4
"CFA_Pyrenew-Pyrenew_H_Flu","28",0.392388954824597,0.663676087940647,1.80272391304348,0.245215868979098,1.66852749102138,2.23570052094112,3,0.399135656112092,0.75,1,4
"CFA_Pyrenew-Pyrenew_H_Flu","29",0.328882061552816,0.494491660284387,3.7807652173913,0.286900449674526,1.38325536533939,1.51631646571903,6.75,0.500620125135927,0.25,1,4
"CFA_Pyrenew-Pyrenew_H_Flu","30",0.412667254535673,0.687204213164791,0.520978260869565,0.213948512403657,0,0,0.25,0.173286795139986,1,1,4
"CFA_Pyrenew-Pyrenew_H_Flu","31",0.333126863870999,0.823459948523503,0.609130434782609,0.334424086488359,NA,NA,1,0.621226662447,0.75,1,4
"CFA_Pyrenew-Pyrenew_H_Flu","32",0.562396386202339,0.633283902717916,3.60248152173913,0.171474851586187,0.810993565393197,0.878432478841414,5.25,0.23450767962764,0.75,1,4
"CFA_Pyrenew-Pyrenew_H_Flu","33",0.355939090483073,0.698485804543536,0.951970108695652,0.386812559439374,0.660228137170877,0.74680645910433,1.25,0.575646273248511,0.75,1,4
"CFA_Pyrenew-Pyrenew_H_Flu","34",0.347733406170953,0.408534053632258,6.40633369565217,0.202188962044391,0.645859679012019,0.683514979910363,9.75,0.339332011157735,0.5,1,4
"CFA_Pyrenew-Pyrenew_H_Flu","35",0.204261150019842,0.417686284244989,0.836960869565218,0.191163839114467,0,0,0.5,0.157152164855594,1,1,4
"CFA_Pyrenew-Pyrenew_H_Flu","36",0.221180820739275,0.327763237884188,7.16427608695652,0.218666659050989,0.543518233409553,0.589866805742109,10.5,0.306221790118702,0.5,1,4
"CFA_Pyrenew-Pyrenew_H_Flu","37",0.170058242754236,0.352194316897833,2.66790489130435,0.213253492436182,0.961960268338098,1.01481203160874,3.875,0.347079151625165,1,1,4
"CFA_Pyrenew-Pyrenew_H_Flu","38",0.606332574904878,0.704836196215391,1.95541195652174,0.294928866510088,0.739969063909098,0.750189364393424,3,0.468661782258456,0.5,1,4
"CFA_Pyrenew-Pyrenew_H_Flu","39",0.213805804576135,0.58101230623266,4.01777826086957,0.346044756310306,2.73292910134635,3.61358798795903,8,0.666214005609225,0.25,1,4
"CFA_Pyrenew-Pyrenew_H_Flu","40",0.386751325170167,0.476379756517852,2.72730923913043,0.232434098148998,0.964082753557852,0.962891786981951,3.75,0.307572528160827,0.75,1,4
"CFA_Pyrenew-Pyrenew_H_Flu","41",0.301550173666886,0.644287782648977,2.13045489130435,0.429606603629049,0.740483610992485,0.879327134825755,3,0.700840095226634,0.5,1,4
"CFA_Pyrenew-Pyrenew_H_Flu","42",0.681386025703946,0.563889950463016,24.1541543478261,0.175423651051278,2.19483532043661,2.68860790827388,40.75,0.29247428682149,0.75,1,4
"CFA_Pyrenew-Pyrenew_H_Flu","44",0.775768013241759,0.958034697049567,2.17296847826087,0.44750707378848,0.875717988720804,0.907235315684225,3,0.712387440843977,0.75,1,4
"CFA_Pyrenew-Pyrenew_H_Flu","45",0.314915064475852,0.584414348507973,2.58925923913044,0.307650789338682,1.14686948784071,1.23215249761265,4.25,0.539183303995371,0.5,1,4
"CFA_Pyrenew-Pyrenew_H_Flu","46",0.474469842171232,0.767209832594423,1.37608913043478,0.496510360267231,0.80172999992623,0.913869703704678,2.25,0.833051127543801,0.25,1,4
"CFA_Pyrenew-Pyrenew_H_Flu","47",0.347083569802551,0.336679075410205,4.07056576086956,0.124340816596084,0.328924022664994,0.379197522362177,2.25,0.0840031430420409,1,1,4
"CFA_Pyrenew-Pyrenew_H_Flu","48",0.388110922993289,0.34176262448909,14.8598858695652,0.168994944792702,2.74976374645846,3.24438423117745,23.75,0.269888610296656,0.5,1,4
"CFA_Pyrenew-Pyrenew_H_Flu","49",0.712510349705557,0.812020918525667,2.43399836956522,0.365298224521635,1.39498395223021,1.37407576189904,4,0.634537791076703,0.5,1,4
"CFA_Pyrenew-Pyrenew_H_Flu","50",0.591136164775596,0.979936145678248,0.761413043478261,0.408050606131177,1.2751605995976,1.32447492509775,1,0.549306144334055,0.5,1,4
"CFA_Pyrenew-Pyrenew_H_Flu","51",0.303031410824632,0.369444999578762,2.89674565217391,0.158934995972726,0.89982838556566,0.901513231902466,2.75,0.166792923539171,1,1,4
"CFA_Pyrenew-Pyrenew_H_Flu","53",0.417915541823518,0.483991637577569,3.98318152173913,0.229452904137354,0.62460924243982,0.688912244727975,6.25,0.371088893574026,0.5,1,4
"CFA_Pyrenew-Pyrenew_H_Flu","54",0.298913832958201,0.759400732635205,1.48478260869565,0.428782994021608,1.42417776065028,1.873001448638,2.5,0.732798438104105,0.25,1,4
"CFA_Pyrenew-Pyrenew_H_Flu","55",0.172224055111752,0.840562740845294,1.11402391304348,0.31954418193496,0.711407988179545,1.04877371092564,1.75,0.484485494851534,0.5,1,4
"CFA_Pyrenew-Pyrenew_H_Flu","56",1.09235352651022,1.23916437844516,2.98894673913043,0.514634807881368,1.05117230383686,1.04374664039351,4.5,0.87412689036662,0.25,1,4
"CMU-TimeSeries","01",0.332555645641991,0.385579906714918,2.99763668259198,0.192418973144008,1.1768114596497,1.29081188066797,4.61420641063195,0.279778634487389,0.5,1,8
"CMU-TimeSeries","02",1.05776703404493,1.5102277956363,1.24893861591464,0.570538181785399,0.992287695013534,0.983669224244481,1.61313572777563,0.782057747979008,0,0.5,8
"CMU-TimeSeries","04",0.361276066190221,0.393390354312071,6.53497776982775,0.183824688957334,0.856470986864872,0.891277091335935,11.3519585988472,0.3148863250886,0.375,1,8
"CMU-TimeSeries","05",0.359815061229131,0.8065865835105,2.49930891840202,0.516233293014689,0.837019651702025,0.892061091751058,3.86305412051988,0.80157502986629,0.25,1,8
"CMU-TimeSeries","06",0.474794981046208,0.468179437660869,21.4633729462451,0.212298532435792,2.53489390144884,3.31046576018654,40.438280519291,0.370309288580942,0.25,1,8
"CMU-TimeSeries","08",0.233633473969602,0.404320501989005,1.83921912933639,0.226769083059592,0.586571129971311,0.676504922907734,2.55485289421245,0.362497067894413,0.5,1,8
"CMU-TimeSeries","09",0.152628979037056,0.365671078558319,0.86949946474217,0.201887733632573,0.766077941173333,0.85520763054584,1.09278056881367,0.283924521091753,0.625,1,8
"CMU-TimeSeries","10",0.210068586022813,0.574130358068034,0.504602630851135,0.27050885263562,0.395339692472761,0.524111303024166,0.701782594977948,0.402997424839808,0.5,0.625,8
"CMU-TimeSeries","11",1.03915761018487,1.72860949972922,1.86390881961932,0.801962907260168,0.987972412410981,0.975133434839135,2.22330998886997,1.03338833599387,0,0.375,8
"CMU-TimeSeries","12",0.402303983291805,0.294695058453416,15.4795717780515,0.151171652070466,1.26884775577796,1.30887037939556,24.1225026161431,0.214127510064343,0.375,1,8
"CMU-TimeSeries","13",0.291122428518087,0.442656966690867,4.50744715782675,0.264489307280622,0.565001545516831,0.637766500036464,7.16868571250949,0.431819686673812,0.25,1,8
"CMU-TimeSeries","15",0.692941058925284,0.848867929915214,2.91231759010123,0.360553420093543,0.651498874383474,0.928946816511732,4.14073568908182,0.54101721565027,0.375,0.75,8
"CMU-TimeSeries","16",0.268792212535499,0.516793659039849,1.0709597275774,0.259347130583314,0.603409447583992,0.731276720554614,1.66134190463542,0.43412001242052,0.5,1,8
"CMU-TimeSeries","17",0.521162988651676,0.567299466946333,10.6352421975429,0.397551532762683,0.996048596620876,1.00185783462548,15.26281956379,0.596608007641835,0.5,0.875,8
"CMU-TimeSeries","18",0.235157726752957,0.45888084637916,3.14244460331768,0.275785282882327,0.740275856823153,0.803141563681834,4.96905977744226,0.459544410422087,0.5,1,8
"CMU-TimeSeries","19",0.269495690507082,0.777385193682599,1.17450468948509,0.42209662225589,0.914361440675209,0.918827428801354,1.94224709740287,0.737694446852665,0,0.875,8
"CMU-TimeSeries","20",0.16927156817996,0.372288125054351,0.744343788387882,0.190273990209573,0.583758236573782,0.637805742893413,1.13500359828013,0.302879984420207,0.625,1,8
"CMU-TimeSeries","21",0.648136944586668,0.866702438395909,6.98151066540724,0.561201704916596,1.35805060922446,1.48453505185542,11.220345723387,0.913546509475226,0,1,8
"CMU-TimeSeries","22",0.453365636841005,0.406184331241383,4.42850831458894,0.188114103037892,1.14769302489844,1.16305422973836,7.64890604786576,0.312327586017956,0.125,1,8
"CMU-TimeSeries","23",0.230481289273888,0.639019087422261,0.614508493935372,0.291776975012489,0.526889593251746,0.641171868875946,0.963922292906628,0.462327013873052,0.25,0.625,8
"CMU-TimeSeries","24",0.270390164013276,0.387208167903642,2.32279247110334,0.199602710672775,1.67381059517802,1.89594933795704,3.58618678602329,0.292273148507044,0.625,1,8
"CMU-TimeSeries","25",0.169843352425017,0.55421907855087,2.36326524903037,0.398312870896972,0.353070036050665,0.54856380533321,3.14904131204705,0.625358834734974,0.375,0.875,8
"CMU-TimeSeries","26",0.271362702330316,0.544380458156801,4.80466243811655,0.363082411246266,0.747815654389422,0.830665602894976,7.15061868845219,0.578358015948953,0.375,1,8
"CMU-TimeSeries","27",0.216673052936778,0.47457498505691,2.02334361294182,0.288279013947403,0.327791760722071,0.48430569070411,2.91878247854875,0.469276124766856,0.625,1,8
"CMU-TimeSeries","28",0.30113189866741,0.381922246556196,1.74547205084887,0.196758569984077,0.894285170980019,0.923230676098893,2.376380731694,0.282311484736594,0.5,1,8
"CMU-TimeSeries","29",0.315266328289177,0.501755516823234,3.58526466285917,0.29773983571361,1.30629406405743,1.45823869708144,5.92453696384833,0.473217113901823,0.375,1,8
"CMU-TimeSeries","30",0.530501483997046,0.915924991115618,1.38537478273531,0.438086578037437,0.985003822084704,1.00983365397531,2.0533914375328,0.684069618151895,0.375,0.875,8
"CMU-TimeSeries","31",0.414394814754275,0.989838213467829,1.16353302881476,0.481341430999116,NA,NA,1.65006074651855,0.749138411528675,0,0.375,8
"CMU-TimeSeries","32",0.393053126619323,0.423481205548219,2.60515844156938,0.136386538135391,0.625873820471253,0.64557327102624,4.04777311054169,0.198901781808197,0.75,1,8
"CMU-TimeSeries","33",0.362778144779681,0.783017799181388,0.881173906118746,0.370029248573085,0.928428367824916,0.960746217095328,1.40277891475045,0.59041981028396,0.25,0.625,8
"CMU-TimeSeries","34",0.147574996524271,0.227459573028821,2.85445738871991,0.126148275376029,0.181960881427061,0.217449035881699,2.56762701774162,0.107434510039894,1,1,8
"CMU-TimeSeries","35",0.214441926688471,0.484175641424345,0.96342225108315,0.254945352132755,0.776643620511699,0.826552233663065,1.33763844556627,0.403449987623631,0.625,1,8
"CMU-TimeSeries","36",0.200700554724905,0.287950669565931,6.2962499312077,0.195620162513304,0.478241328044562,0.527931625120392,7.73211188369522,0.250301202711696,0.75,1,8
"CMU-TimeSeries","37",0.116111694860664,0.278643288717108,1.94081947100684,0.181315488240518,0.538906213282363,0.619804981728761,2.0960667591768,0.215215830111178,0.875,1,8
"CMU-TimeSeries","38",0.444217339040281,0.537374659977252,1.16539702480409,0.205929062717382,0.602295700282116,0.607974245918381,1.81486017812729,0.319103485643206,0.375,1,8
"CMU-TimeSeries","39",0.12387546793967,0.269016226760039,2.59642299813727,0.182607223052681,0.931592774416972,0.92720962217803,3.32104611449943,0.230381282458966,0.875,1,8
"CMU-TimeSeries","40",0.409264982634854,0.54368912793619,3.56560610585267,0.317950438281264,1.25951808460863,1.33931988161141,6.06413747103973,0.523934441830227,0.25,1,8
"CMU-TimeSeries","41",0.211737056575257,0.534687683969311,1.46596120013869,0.317046174472609,0.527647401200731,0.666817002123909,2.09208978371422,0.471096390824498,0.625,1,8
"CMU-TimeSeries","42",0.988526062148441,0.865078020885568,39.8232348460091,0.334944303219019,3.09731726241561,3.98634901762081,63.4084129128756,0.51803942195327,0,1,8
"CMU-TimeSeries","44",0.229887148902775,0.542641841317496,0.717300337628582,0.301136450641465,0.276592010853895,0.459155451755953,1.11472046060133,0.470786484657977,0.5,0.75,8
"CMU-TimeSeries","45",0.215629124323845,0.455412279776297,1.90922471034285,0.266270788792525,0.771148730913447,0.858871993527273,2.96841136227327,0.427998796216739,0.5,1,8
"CMU-TimeSeries","46",0.439806107396374,0.748924506378997,1.01110049891028,0.371963516159633,0.715898078760643,0.795651615532416,1.4902112862639,0.537582794843497,0.5,0.75,8
"CMU-TimeSeries","47",0.191234987724679,0.231040408348093,2.50794469830081,0.102234962379987,0.375520978188841,0.415376728955457,2.90523710262023,0.109949872988619,1,1,8
"CMU-TimeSeries","48",0.240968300682839,0.200565275025183,10.0867043460855,0.115937068848345,1.12132544499175,1.11835519724621,9.86372652762949,0.101671305486582,1,1,8
"CMU-TimeSeries","49",0.662427503737741,0.971205982471092,2.25786407948318,0.452472475471274,1.21809860999965,1.50575990240806,3.42896811226832,0.707254134115776,0.125,0.875,8
"CMU-TimeSeries","50",0.481792687369636,0.784961216382209,0.448434189414406,0.239434250873781,1.02619728500264,1.04699563933949,0.513612352293343,0.288077178921352,0.125,0.75,8
"CMU-TimeSeries","51",0.188335027565446,0.273828810569526,2.41624307554616,0.162370227185143,0.791473837482823,0.822418880700348,3.64660636590508,0.244979749077762,0.625,1,8
"CMU-TimeSeries","53",0.240174713039812,0.347389931531488,2.36229151348252,0.181534136365659,0.323772575170491,0.444741759336692,3.22357792789327,0.254418827297611,0.75,1,8
"CMU-TimeSeries","54",0.195487661285952,0.436564037837705,0.911500240192437,0.232895631454384,1.04947604496409,1.14389895893378,1.5854144181778,0.398051665774712,0.375,1,8
"CMU-TimeSeries","55",0.19315864635766,0.757325523110508,1.59726018370427,0.494450447260967,0.708517689480772,0.835922928724689,2.24402415174997,0.742007480308016,0.5,0.625,8
"CMU-TimeSeries","56",0.359880286729756,0.662581876862163,1.13878736649506,0.403453803386447,0.371237695949239,0.549600018094778,1.84108298522327,0.677685934743381,0.25,0.75,8
"CMU-TimeSeries","72",0.492809478899114,0.520440367309388,8.97150423043403,0.172864867188197,0.623022071619733,0.694027148447908,14.8944533214023,0.282380855531467,0.375,1,8
"CU-ARNB_Net","01",0.311004954480039,0.354180107025061,2.80690217391304,0.177709110123813,0.907979268833501,0.960402097639969,3.625,0.211944185927187,0.875,1,8
"CU-ARNB_Net","02",0.790430370537788,1.10479327351107,0.937282608695652,0.419095994761903,0.908141275970172,0.869931091347707,1.5,0.707870060016993,0.5,1,8
"CU-ARNB_Net","04",0.415939315479353,0.477608517052027,7.59592391304348,0.22512531483285,0.856847424258086,0.934437614631683,11.5,0.334173045253877,0.5,1,8
"CU-ARNB_Net","05",0.22497313247378,0.521099892673175,1.51429347826087,0.324128198692733,0.559253747851218,0.66145731761407,2.5,0.581461275202873,0.5,1,8
"CU-ARNB_Net","06",0.652431610583938,0.766116073435326,30.1892934782609,0.360245860576535,3.53671372977923,5.4596595277458,57.875,0.634745434144618,0.25,1,8
"CU-ARNB_Net","08",0.213919424249029,0.420017057655852,1.63619565217391,0.22876547980034,0.302016202862859,0.338426675062443,1.25,0.170477688158479,1,1,8
"CU-ARNB_Net","09",0.119842190865594,0.425935340142518,0.692934782608696,0.241758009295159,0.495514724882769,0.724823550887389,0.75,0.259930192709979,0.875,1,8
"CU-ARNB_Net","10",0.344670369034291,0.739644618695789,0.815380434782609,0.34318300988302,0.794762822577699,0.845146524236539,1.375,0.635949541904048,0.75,1,8
"CU-ARNB_Net","11",0.844199575397135,1.36794110876019,1.51663043478261,0.635515827129559,1,1,2.25,1.059546399612,0.375,0.625,8
"CU-ARNB_Net","12",0.868189468980094,0.869967493369679,33.8997826086957,0.456178003347471,3.29954753520178,4.78222281055261,64.125,0.806174982434209,0,1,8
"CU-ARNB_Net","13",0.287120652770302,0.43552019120498,4.4529347826087,0.260038545258453,0.496536144579626,0.558693273133896,6.25,0.375187264510307,0.75,1,8
"CU-ARNB_Net","15",0.589806288102775,0.761719024831523,2.4575,0.321158725609307,0.613726849159322,0.8337905817859,3.875,0.480391521193964,0.75,1,8
"CU-ARNB_Net","16",0.293510465853729,0.564197843686786,1.1670652173913,0.283235682436711,0.677151772588175,0.849655080607721,1.875,0.508271710656925,0.625,1,8
"CU-ARNB_Net","17",0.594209689517148,0.757082733899369,12.0691847826087,0.52670650653898,1.17250243952714,1.36610743171056,17.875,0.803505391974627,0.5,0.75,8
"CU-ARNB_Net","18",0.221159682072776,0.426837067134179,2.95994565217391,0.257220133604765,0.681035005687175,0.750222395602926,4.625,0.434691969721492,0.625,1,8
"CU-ARNB_Net","19",0.287726218784976,0.817215033847811,1.26554347826087,0.452171712681353,0.804263169431665,0.868465364399234,1.75,0.722592939474041,0.375,0.875,8
"CU-ARNB_Net","20",0.193513205982387,0.483681072105855,0.843097826086957,0.244548081245059,0.5587055231018,0.698191533801719,1.125,0.338506275137776,0.75,1,8
"CU-ARNB_Net","21",0.694837978691532,1.06260583108624,7.49282608695652,0.688575276422686,1.57315704379639,1.93919510622529,13,1.19463358479853,0,1,8
"CU-ARNB_Net","22",0.815802093693686,0.924944621601561,8.0004347826087,0.432859998531786,2.15601344674441,2.78018748137619,14.375,0.751450719401032,0.125,1,8
"CU-ARNB_Net","23",0.285936096142543,0.666362260933036,0.764673913043478,0.304145261931122,0.538361732892409,0.634162207754729,1,0.461109931764242,0.875,1,8
"CU-ARNB_Net","24",0.251003748601894,0.342313434741135,2.14369565217391,0.174919775946872,0.997213630826996,1.01375941488829,2.125,0.155043570668373,1,1,8
"CU-ARNB_Net","25",0.202971811494389,0.576561674102766,2.78646739130435,0.405625170780474,0.489488576663157,0.646333427856963,4.25,0.714354038855348,0.625,1,8
"CU-ARNB_Net","26",0.181537143826561,0.3843729621291,3.17119565217391,0.253031646691227,0.492569940756869,0.610675913236351,4.625,0.418587312725049,0.75,1,8
"CU-ARNB_Net","27",0.362705147235317,0.640304718857522,3.34016304347826,0.379565680317195,0.6464107453899,0.749905889720421,5.625,0.700900205831303,0.25,1,8
"CU-ARNB_Net","28",0.306050649320144,0.568752620624125,1.74,0.289702232258755,1.07201070427536,1.39050342679133,2.75,0.417438991188374,0.75,1,8
"CU-ARNB_Net","29",0.285183009065389,0.460637191541156,3.24184782608696,0.2733935774236,1.26800797041755,1.40629948018542,5.75,0.456481787591961,0.375,1,8
"CU-ARNB_Net","30",0.495754533021976,0.857239363514177,1.2533152173913,0.400608314208442,1.1038274520589,1.13094890408369,2.25,0.756584653909496,0.5,1,8
"CU-ARNB_Net","31",0.434892455137536,0.938460718651616,1.23989130434783,0.461133625193175,NA,NA,1.625,0.707870060016993,0.625,0.875,8
"CU-ARNB_Net","32",0.721564515037381,1.03281926713158,4.75902173913043,0.331383000835796,1.37483134918404,1.77800271673255,8.875,0.5498320828184,0.375,1,8
"CU-ARNB_Net","33",0.3311767998109,0.705963398168178,0.808804347826087,0.335525397330207,0.897537482383567,0.949097531846425,1.375,0.590369152705559,0.625,1,8
"CU-ARNB_Net","34",0.321667821542036,0.389088518433285,6.22929347826087,0.214861473018137,0.710083337081253,0.739174095988486,10.125,0.368418561369195,0.5,1,8
"CU-ARNB_Net","35",0.175505254358727,0.419704771655267,0.7775,0.217780068346882,0.451700923557711,0.503318343222918,0.75,0.238692813110555,1,1,8
"CU-ARNB_Net","36",0.234514455927242,0.45539493721943,7.31907608695652,0.309431106552129,0.725308388439204,0.919549591472626,11.75,0.438073959983305,0.625,1,8
"CU-ARNB_Net","37",0.158086273808324,0.332455212922992,2.63358695652174,0.214889523438335,0.973784147261137,0.959991342780057,3.75,0.327025778659296,0.75,1,8
"CU-ARNB_Net","38",0.450949689672168,0.590357745790321,1.18853260869565,0.228121862467373,0.582595514544446,0.583996660514244,1.75,0.306251409242173,0.875,1,8
"CU-ARNB_Net","39",0.150692665435246,0.42382814873798,3.13407608695652,0.2870898862672,1.55175113520502,1.81545136336462,5.5,0.449071221747066,0.75,1,8
"CU-ARNB_Net","40",0.384262671778172,0.501875836520304,3.34809782608696,0.29312299702775,1.18974334071975,1.23529499029105,5.75,0.485370752712384,0.375,1,8
"CU-ARNB_Net","41",0.228409987194072,0.593670347180805,1.58695652173913,0.354258746863,0.59738402239203,0.768683665916289,2.375,0.546200514334415,0.75,1,8
"CU-ARNB_Net","42",1.14384624771392,1.21755724592382,46.06625,0.472945554785115,4.10556713360108,6.29402272530041,84.125,0.820841285487027,0.125,1,8
"CU-ARNB_Net","44",0.392988913426654,0.705599736457928,1.23277173913043,0.393517841252631,0.430750929539735,0.608523791425953,1.75,0.627325432968179,0.75,1,8
"CU-ARNB_Net","45",0.206535777642674,0.432614566352737,1.82369565217391,0.252525785801658,0.644130857156876,0.740373071840821,2.5,0.372497989573232,0.75,1,8
"CU-ARNB_Net","46",0.477174385568529,0.773103061835088,1.10451086956522,0.387133225403751,0.782983446495706,0.840966786117265,1.625,0.567022164312642,0.625,1,8
"CU-ARNB_Net","47",0.307030856567487,0.321943534393756,4.04733695652174,0.143070298480316,0.347647983804861,0.385250337061948,2.75,0.103828850987749,1,1,8
"CU-ARNB_Net","48",0.456776296304199,0.504716497991482,19.4924456521739,0.301909521362797,4.123344615838,5.50968475099863,37.875,0.531552037070826,0.375,1,8
"CU-ARNB_Net","49",0.583814503474742,0.866626501228338,1.97201086956522,0.399878442634397,1.24569792654712,1.52918048897227,3.5,0.719071579853204,0.375,1,8
"CU-ARNB_Net","50",0.393562150315188,0.65033879760913,0.369347826086956,0.200227134791031,1,1,0.5,0.274653072167027,0.75,1,8
"CU-ARNB_Net","51",0.207454442201758,0.291416061224024,2.635,0.170866398964326,0.848371546043108,0.871572699831155,3.875,0.257219806148985,0.75,1,8
"CU-ARNB_Net","53",0.330899498316974,0.539219945698699,3.26309782608696,0.286721346646399,0.488066982684171,0.736099260375177,4.875,0.431582977654047,0.75,1,8
"CU-ARNB_Net","54",0.244009316231412,0.618436416925506,1.14048913043478,0.333922030067997,1.47679851704213,1.80346248057668,2.25,0.63949947621926,0.75,1,8
"CU-ARNB_Net","55",0.143914283467528,0.606800362958104,1.16635869565217,0.382617609280529,0.557955824122802,0.755680019102364,1.75,0.65932510499134,0.75,1,8
"CU-ARNB_Net","56",0.447019116642868,0.717315464963834,1.4158152173913,0.436169208198191,0.452590510061422,0.621970864485615,2.25,0.768201903366905,0.375,1,8
"CU-ARNB_Net","72",0.620494091482228,0.661230224818207,11.2900543478261,0.219833285634473,0.732272234697202,0.837152279051825,17.5,0.340726792411851,0.75,1,8
"CU-ensemble","01",1.24472370879696,3.32984944868788,10.9701086956522,1.65137190013827,3.45857671369104,8.45259271054243,13.125,1.77699617570453,0.375,0.5,8
"CU-ensemble","02",0.918791255025526,1.35562650231226,1.0620652173913,0.501838021882591,0.991237301709958,0.98773269898221,1.625,0.794513457586986,0.625,0.75,8
"CU-ensemble","04",1.33256618486158,3.98972605799773,24.636902173913,1.97751513391836,1.81751405485032,5.16053328812157,24.625,1.95461998360402,0.5,0.5,8
"CU-ensemble","05",0.47098231759352,1.57443535542887,3.05510869565217,0.931547531857969,0.760317901703139,1.2315362188971,3.25,1.01018438001713,0.5,0.5,8
"CU-ensemble","06",1.83701933327766,5.72441458460573,82.3063586956522,2.65113626082555,6.02652307662526,24.1249372515809,93.875,2.71349680450957,0.25,0.5,8
"CU-ensemble","08",0.548881062025372,2.17246548702225,4.18467391304348,1.17779202183102,1.0380524021358,2.27613589506246,4.25,1.15129254649702,0.5,0.5,8
"CU-ensemble","09",0.307666285175794,1.39171246811758,1.76945652173913,0.779728436094279,1.21555662957497,2.45382657765609,1.75,0.823959216501082,0.5,0.5,8
"CU-ensemble","10",0.308901337592228,0.94270535128062,0.724130434782609,0.430949774139664,0.437018263257936,0.65320449413713,0.75,0.483900126363486,0.625,0.625,8
"CU-ensemble","11",0.97598731869596,1.70846904130803,1.75201086956522,0.797405754548962,1,1,2.25,1.059546399612,0.375,0.5,8
"CU-ensemble","12",1.97892461898877,4.78174220151308,77.5782608695652,2.61174875627878,4.51113416654849,15.595258454314,87.25,2.69742671735674,0,0.375,8
"CU-ensemble","13",0.666540846173654,2.51130357072714,10.4821195652174,1.55420085493223,0.819022706125207,2.1522752495335,10.5,1.52031367465057,0.5,0.5,8
"CU-ensemble","15",1.33828468625969,3.01759234751395,5.69744565217391,1.30752025260792,0.916050527200288,2.18063944330705,5.875,1.2967512246597,0.5,0.5,8
"CU-ensemble","16",0.542242393077936,1.65656987059977,2.10358695652174,0.812758281068705,0.885523279155606,1.53026385478466,2.375,0.883734266057322,0.5,0.5,8
"CU-ensemble","17",0.975351394280773,2.61386018044879,19.8667934782609,1.86159835446663,1.53695138850006,3.49819010836388,23.5,2.08610931242993,0.25,0.375,8
"CU-ensemble","18",0.523195254124031,2.25307015055544,6.89483695652174,1.36083767458637,1.04030639418514,2.39997136219462,6.875,1.37336819917907,0.5,0.5,8
"CU-ensemble","19",0.424206079577661,1.38187939166006,1.82994565217391,0.744177631957857,1.11902843537479,1.28677741965133,2.375,1.03320627069754,0.5,0.5,8
"CU-ensemble","20",0.486360133654981,1.70362890425409,2.14728260869565,0.876126008277942,1.09060868445976,1.73632686957696,2.125,0.835576465958491,0.5,0.5,8
"CU-ensemble","21",1.31939565479563,3.04453786498168,14.1729347826087,1.98019826551171,1.97336019322046,3.59936632907557,16.25,2.20959561641819,0,0.125,8
"CU-ensemble","22",1.83477416928679,3.96184912298595,18.1345652173913,1.92616959286694,3.12157615502006,7.37365943435681,20.75,2.03565786999757,0,0.5,8
"CU-ensemble","23",0.477395517781901,1.34472155419186,1.24983695652174,0.59801824374715,0.69312939951965,0.914288250616173,1.25,0.642464042046425,0.625,0.625,8
"CU-ensemble","24",1.01349494946437,2.95483924066444,8.70429347826087,1.54216782735878,4.19713941737418,9.92584577294455,8.875,1.53433755629855,0.5,0.5,8
"CU-ensemble","25",0.322860511583436,1.72078056084236,4.34967391304348,1.16752618775105,0.584096581577945,1.28903907095802,5,1.36890343885381,0.375,0.5,8
"CU-ensemble","26",0.440209926858846,2.10874599639358,7.43048913043478,1.36488426151804,0.924930687076613,2.19185338918509,8.25,1.43782092368276,0.5,0.5,8
"CU-ensemble","27",0.529606868606965,2.0551057398369,4.7891847826087,1.19079929837237,0.538446740563882,1.36130916347972,4.625,1.24048478027298,0.5,0.5,8
"CU-ensemble","28",0.852071453514975,2.43603018816665,4.84434782608696,1.23723712531787,2.24170087629553,4.6423896390395,5.625,1.34575762523804,0.5,0.5,8
"CU-ensemble","29",0.830310128636805,2.69065024908585,9.48538043478261,1.62194095786672,2.51476522326087,5.40482610742108,11.375,1.75949865191704,0.25,0.5,8
"CU-ensemble","30",0.710314920610694,1.49415605430884,1.74907608695652,0.683597906381174,1.22788497982868,1.505313267614,2.5,1.00179196716243,0.375,0.625,8
"CU-ensemble","31",0,0,0.6375,0.19320734080898,0,0,0.875,0.259930192709979,0.875,1,8
"CU-ensemble","32",1.96126692099181,5.16573622423871,13.1401630434783,1.70968817171479,2.04939190785061,5.16548471230775,13.375,1.66973318083363,0.375,0.5,8
"CU-ensemble","33",0.572402242197015,1.34405829139763,1.41298913043478,0.646393335881262,1.14912366636786,1.31629787623263,1.75,0.814339086359066,0.5,0.625,8
"CU-ensemble","34",0.703370422439558,2.85338961149935,14.0375,1.71961744449973,0.91252872048056,3.02072990538242,13.5,1.67976835999587,0.5,0.5,8
"CU-ensemble","35",0.422973614355975,1.48336489799373,1.8691847826087,0.77315827342405,1.12936776995242,1.60661151434852,1.875,0.763655947845546,0.5,0.5,8
"CU-ensemble","36",0.595178195194516,2.6170571979585,19.0713586956522,1.87261924817209,1.23174818027724,3.75935192134992,20.25,1.882168874623,0.5,0.5,8
"CU-ensemble","37",0.375196408790176,2.04489561737214,6.33858695652174,1.36245713205229,1.52113310208453,3.63409552548208,6,1.30614769683957,0.5,0.5,8
"CU-ensemble","38",1.21758780294664,2.51109848216165,3.26641304347826,0.995006486077084,1.10113269750907,1.84211490138626,3.375,1.00095140480194,0.375,0.5,8
"CU-ensemble","39",0.433865050381846,2.17147285995918,9.22885869565217,1.54685626395979,2.73716663036701,6.06673790231959,9.75,1.56139424203524,0.5,0.5,8
"CU-ensemble","40",1.07175091417193,2.86949147554838,9.28201086956522,1.67089135879177,2.36665593874475,4.73559111369638,11.25,1.83176776553377,0.25,0.5,8
"CU-ensemble","41",0.381975822676753,1.51939334307582,2.65364130434783,0.911666027243104,0.816366443955679,1.49926491533761,3.25,1.06761371475419,0.375,0.5,8
"CU-ensemble","42",2.506571892332,6.9317696451749,100.386467391304,2.7571931349654,5.5913257595845,21.4142925777097,113,2.82547179824528,0.125,0.5,8
"CU-ensemble","44",0.472073243925304,1.13858085607093,1.46619565217391,0.630609826394675,0.412967014607993,0.689190362833542,1.625,0.690182614732781,0.5,0.625,8
"CU-ensemble","45",0.48606845421208,1.89477270855992,4.3195652173913,1.13350798521868,1.16535208650539,2.29962787352193,4.5,1.16443403625988,0.5,0.5,8
"CU-ensemble","46",0.768980350484629,1.42816280911592,1.80701086956522,0.729148201372753,0.820015444283806,1.05183766302304,1.75,0.727138894995401,0.5,0.625,8
"CU-ensemble","47",1.16957620128446,3.76583691748598,16.024402173913,1.81326518956615,2.05964263887149,6.13040600851957,16.75,1.8085630520892,0.375,0.5,8
"CU-ensemble","48",1.45414363137905,4.20881389279403,61.43625,2.53457184023081,7.81713197400428,26.9434834578633,70,2.58606007202327,0.125,0.5,8
"CU-ensemble","49",1.09189181138188,2.45115210953812,3.70320652173913,1.13505986840665,1.7047979652218,2.98870023954132,4.75,1.37526248015053,0.125,0.5,8
"CU-ensemble","50",0.467702682713457,0.769969055280668,0.43625,0.235070571465481,1,1,0.5,0.274653072167027,0.75,0.875,8
"CU-ensemble","51",0.748817320442544,2.68179696511319,9.56646739130435,1.59518478018165,2.53090254597439,6.04604262562252,11.375,1.75744213021547,0.375,0.5,8
"CU-ensemble","53",0.729661256782088,2.66904333377967,7.22978260869565,1.42417998733849,0.765391736641218,2.41344685039403,7.625,1.41486903636947,0.375,0.5,8
"CU-ensemble","54",0.512777831291863,1.77750549567572,2.38054347826087,0.9451247138552,1.98889196619497,3.2466852512729,3,1.12495241758257,0.25,0.5,8
"CU-ensemble","55",0.364104498137349,1.43198851626723,2.93815217391304,0.863169397790908,0.939749779700087,1.39411311899188,2.875,1.15129254649702,0.625,0.625,8
"CU-ensemble","56",0.535039675925557,1.11155060875999,1.68483695652174,0.67053517658733,0.477014187778606,0.747532641665516,2.375,0.914152548386288,0.5,0.625,8
"CU-ensemble","72",2.02120783383351,5.65975551383442,38.9474456521739,2.20377241563674,1.71856759349018,4.97526524367756,42.5,2.28391494700992,0.375,0.5,8
"Cornell_JHU-hierarchSIR","01",1.03995598255959,2.32720982831449,9.22934782608696,1.14205647977201,4.01069672313109,11.1487881299537,15.375,2.35264244895304,0,0.875,8
"Cornell_JHU-hierarchSIR","02",0.964284313964874,1.27957336086724,1.12358695652174,0.479162172197479,1,1,1.625,0.794513457586986,0.5,1,8
"Cornell_JHU-hierarchSIR","04",0.42751818675333,0.429551133973242,8.08059782608696,0.212157843341329,0.771808292604174,0.813652987886583,11.25,0.320100523936476,0.625,1,8
"Cornell_JHU-hierarchSIR","05",0.248815922465875,0.886491065116507,1.61728260869565,0.526652340268628,0.851910892380278,1.61599139357915,3.625,1.32079771124063,0.625,1,8
"Cornell_JHU-hierarchSIR","06",0.276086810318428,0.191291257122235,12.2085326086957,0.084692509183722,0.822832503990588,0.812497886379889,12.875,0.0883552082891662,1,1,8
"Cornell_JHU-hierarchSIR","08",0.251815323885687,0.859875880360984,1.93619565217391,0.471655462176278,0.616767010766188,1.33977453141423,2.625,0.731245623104285,0.875,1,8
"Cornell_JHU-hierarchSIR","09",0.253451947862075,1.17991734561981,1.47135869565217,0.667347470497377,1.55641020808261,3.47725236156605,2.25,1.17053280678105,0.375,1,8
"Cornell_JHU-hierarchSIR","10",0.25675258762517,0.819564425048831,0.602282608695652,0.375031943874208,0.437018263257936,0.65320449413713,0.75,0.483900126363486,0.375,1,8
"Cornell_JHU-hierarchSIR","11",0.822568041567278,1.40182355801454,1.47141304347826,0.649867668028671,1,1,2.25,1.059546399612,0.125,1,8
"Cornell_JHU-hierarchSIR","12",0.894179725206154,0.740119943782497,34.8457608695652,0.385921084393724,2.8534786123701,3.68699755055444,55.375,0.619387973683221,0,0.625,8
"Cornell_JHU-hierarchSIR","13",0.340872576696107,0.947321266598986,5.23961956521739,0.567551368355624,0.686536079469366,1.23365924966453,8.625,0.844164234422215,0.25,1,8
"Cornell_JHU-hierarchSIR","15",0.771625073761444,1.60344350702198,3.22048913043478,0.678822936193432,1.14010701385372,3.21301207586755,7.25,1.87849626842939,0.625,1,8
"Cornell_JHU-hierarchSIR","16",0.428822000841102,1.32454136933151,1.70364130434783,0.659052007933049,1.12016297851374,2.22795948008193,3,1.28099099485081,0.5,1,8
"Cornell_JHU-hierarchSIR","17",0.719474433377746,1.11287171163202,14.6788586956522,0.78681466036794,1.23849071721012,1.7829294435728,19,1.08234880064648,0.375,0.75,8
"Cornell_JHU-hierarchSIR","18",0.30239520889559,1.38280875641716,3.96146739130435,0.82079177312663,1.27675178887187,3.55317818272651,8.375,1.99265489169943,0.25,1,8
"Cornell_JHU-hierarchSIR","19",0.406212032927524,1.36792073538839,1.77603260869565,0.748906239682343,1.11902843537479,1.28677741965133,2.375,1.03320627069754,0.25,1,8
"Cornell_JHU-hierarchSIR","20",0.500310110220295,1.92159890277061,2.17565217391304,0.971049965356345,1.55962013631043,2.8527480279035,3,1.33419947177903,0,1,8
"Cornell_JHU-hierarchSIR","21",1.10564455287772,2.38688757323283,11.9298913043478,1.54911224186327,2.0594869328243,4.33772738814929,17,2.66263823304023,0,0.25,8
"Cornell_JHU-hierarchSIR","22",1.4966041518545,2.31483833071234,14.5589130434783,1.07284791500224,3.16967308753348,5.62514390221272,20.875,1.50121566929304,0,0.375,8
"Cornell_JHU-hierarchSIR","23",0.413865025126234,1.21740606049314,1.07836956521739,0.539373985394418,0.765008199589428,0.988848465134659,1.375,0.693147180559945,0.375,1,8
"Cornell_JHU-hierarchSIR","24",1.07117790309291,3.22723430908019,9.17195652173913,1.65493518382904,6.10846571026121,17.3126163763805,12.875,2.61350942451176,0,0.375,8
"Cornell_JHU-hierarchSIR","25",0.145452526289362,0.548101384359983,1.9920652173913,0.377565554763748,0.302547285173786,0.386364422010297,2.625,0.415826065583885,1,1,8
"Cornell_JHU-hierarchSIR","26",0.189773783704247,0.727009645013371,3.22576086956522,0.470837001611876,0.639848667978225,1.02335966979877,5.75,0.689273063611434,0.5,1,8
"Cornell_JHU-hierarchSIR","27",0.304144745582171,1.43926176709825,2.73347826086957,0.822603853290528,0.682611520703345,2.00078124520427,5.75,1.77961400067135,0.125,1,8
"Cornell_JHU-hierarchSIR","28",0.324491576248526,0.665897672842258,1.84,0.337616760184194,0.741333048799365,0.815440134671676,1.875,0.237080902112338,1,1,8
"Cornell_JHU-hierarchSIR","29",0.748547000543914,2.25526003976714,8.59891304347826,1.35751073621224,3.08010230557848,8.22308748559705,14,2.67112586188864,0,0.375,8
"Cornell_JHU-hierarchSIR","30",0.730383795187376,1.49273761501294,1.87277173913043,0.709451600150428,1.22788497982868,1.505313267614,2.5,1.00179196716243,0.25,1,8
"Cornell_JHU-hierarchSIR","31",0.191652868582699,0.315070066686787,0.774565217391304,0.230094727111964,0,0,0.875,0.259930192709979,0.875,1,8
"Cornell_JHU-hierarchSIR","32",0.76629960242734,1.15978406774826,5.02179347826087,0.369549296863797,1.49129192809908,1.96842340485028,9.625,0.608218236600611,0.375,1,8
"Cornell_JHU-hierarchSIR","33",0.554358337292432,1.31189857069325,1.36315217391304,0.628083894916771,1.14912366636786,1.31629787623263,1.75,0.814339086359066,0.375,1,8
"Cornell_JHU-hierarchSIR","34",0.321202671635873,0.911914903865217,6.28489130434783,0.513537322550855,0.79998392965988,1.52091109332966,11.5,0.770783387861584,0.25,1,8
"Cornell_JHU-hierarchSIR","35",0.306808706551385,0.968435885509801,1.35347826086957,0.502548879812435,1.51288953823527,2.47675827606146,2.5,1.16091267663904,0.875,1,8
"Cornell_JHU-hierarchSIR","36",0.569707421474891,1.89182710459178,17.963097826087,1.31620820389062,1.43928856618276,3.96778872880387,23.625,1.97140243754465,0,0.25,8
"Cornell_JHU-hierarchSIR","37",0.322988923043853,1.92817417265685,5.43309782608696,1.25863936867639,2.35613816123589,6.65530372284191,9.125,2.28514946940275,0.25,0.75,8
"Cornell_JHU-hierarchSIR","38",1.20154593206459,2.81916395246912,3.16619565217391,1.09038640265595,1.52651810948778,3.04211963792507,4.625,1.61411075210674,0,0.875,8
"Cornell_JHU-hierarchSIR","39",0.518921948452399,2.74420214982021,10.8102173913043,1.86459404457369,3.90302793215963,10.753713457302,13.875,2.66684612855823,0,0.125,8
"Cornell_JHU-hierarchSIR","40",0.696361739830369,1.5341682825279,6.06652173913043,0.899924473117441,2.15713153186181,4.53819789326887,10.5,1.82370045039157,0.25,0.75,8
"Cornell_JHU-hierarchSIR","41",0.362373561651737,1.53532113430944,2.53869565217391,0.924364549647425,0.939173326354642,1.97888767623524,3.75,1.41418730503417,0,1,8
"Cornell_JHU-hierarchSIR","42",1.15440671624145,1.01182948928993,47.0191847826087,0.396908326892405,3.36858244561722,4.54882005248654,69.375,0.596298149926239,0.125,0.375,8
"Cornell_JHU-hierarchSIR","44",0.354737415241802,0.811004871471065,1.08652173913043,0.446910852083079,0.441946962182645,0.764068896165305,1.75,0.776826012302774,0.375,1,8
"Cornell_JHU-hierarchSIR","45",0.256075000684952,0.983285597040226,2.26342391304348,0.577349548997876,0.901860267345229,2.13963265975524,3.625,1.11984966826753,0.625,1,8
"Cornell_JHU-hierarchSIR","46",0.637425979722151,1.28845460445357,1.50527173913043,0.663991762405628,0.994590134769454,1.36283318759827,2.125,0.951108828648907,0.25,1,8
"Cornell_JHU-hierarchSIR","47",0.604089194718357,1.12315793402033,7.97402173913043,0.502944124567339,1.96269523896667,3.25829711165946,15.5,0.888219468236051,0.25,1,8
"Cornell_JHU-hierarchSIR","48",0.643872007698488,0.652801188842262,26.9966847826087,0.379793455305376,4.98907052474086,6.65821552969511,44.875,0.623404100594747,0,1,8
"Cornell_JHU-hierarchSIR","49",0.947065372931192,2.18011599662865,3.1979347826087,0.993579286098378,1.97532631533748,3.98888665233507,5.5,1.82320234745754,0.375,1,8
"Cornell_JHU-hierarchSIR","50",0.611563706198243,0.724728871785817,0.572717391304348,0.22187550676643,1,1,0.5,0.274653072167027,0.875,1,8
"Cornell_JHU-hierarchSIR","51",0.460375704224503,1.30752459012349,5.88179347826087,0.768284595296643,2.21761447246648,4.66260860435305,10.125,1.40083268017228,0.25,1,8
"Cornell_JHU-hierarchSIR","53",0.289845087521599,0.526975484332973,2.86108695652174,0.278104672788714,0.423087717828034,0.635017897861481,4.25,0.366914683700035,0.875,1,8
"Cornell_JHU-hierarchSIR","54",0.479616678749292,1.70232564744977,2.25472826086957,0.91754531085057,2.29921688936457,4.19484609288193,3.5,1.47152600786254,0.125,1,8
"Cornell_JHU-hierarchSIR","55",0.168775332764903,0.677148449138639,1.32766304347826,0.404726851972667,0.839723727654685,1.10827298387299,2.5,0.891362353787043,1,1,8
"Cornell_JHU-hierarchSIR","56",0.350417287627078,0.672077401689773,1.0958152173913,0.399279340247401,0.30676567531307,0.632774440587357,1.5,0.758553198530514,1,1,8
"Cornell_JHU-hierarchSIR","72",0.60248210410924,0.681433361490145,11.0609239130435,0.227752089703162,0.789864471013128,0.928835093559626,19,0.379586746684543,0.375,1,8
"DMAPRIME-DLM","45",0.546803971449931,0.921434249820693,5.02201086956522,0.554027941611169,1.86943396215271,1.52744935086666,7.5,0.782620593555115,0.25,0.625,8
"DMAPRIME-QR","45",0.353370044896232,0.642623190221924,3.12603260869565,0.374416256681985,1.29413841853025,1.17940820874884,5,0.587204426707523,0.25,0.875,8
"Epistorm-Ensemble_Flu","01",0.375826426984958,0.370719702777506,3.35685160499456,0.18339445437016,1.1119872129078,1.12593219175817,4.38066415867884,0.243469228790205,1,1,8
"Epistorm-Ensemble_Flu","02",0.652154601004553,0.928232362274844,0.763404687750995,0.348171612164609,0.767835543578422,0.710834661796686,1.25977631576749,0.570360678797783,0.25,1,8
"Epistorm-Ensemble_Flu","04",0.412420447180286,0.44671537591818,7.41840735583502,0.206916116834129,0.883729416407506,0.910807615558184,11.6307179189928,0.318291158807929,0.5,1,8
"Epistorm-Ensemble_Flu","05",0.349264985167394,0.707205332676982,2.39733093322296,0.446002247496688,0.830272709527402,0.888193316577256,3.8233195976278,0.796854698920122,0.375,1,8
"Epistorm-Ensemble_Flu","06",0.385174996380474,0.357363634391506,17.395821780621,0.161886818624916,1.7783048246983,2.18210574088493,28.6781300472118,0.246707542173033,0.875,1,8
"Epistorm-Ensemble_Flu","08",0.173889968431206,0.331806381624242,1.35553809119546,0.182221447413109,0.339525382402321,0.416782296214622,1.4797985279303,0.223469353823014,1,1,8
"Epistorm-Ensemble_Flu","09",0.344686368232974,0.668829110054637,1.96804836762992,0.369548093508826,1.88505240767942,1.64491654049541,2.74549198822274,0.551058490603323,0.625,1,8
"Epistorm-Ensemble_Flu","10",0.329859038732152,0.703180553758072,0.794523244468352,0.329298923513063,0.588217380358186,0.675909029846966,1.01310068710246,0.507477983306993,0.75,1,8
"Epistorm-Ensemble_Flu","11",0.501680794016706,0.683688594742637,0.916110678393407,0.324511027824403,0.653603035078084,0.494247937556162,1.49763322024134,0.538518017646588,0.375,1,8
"Epistorm-Ensemble_Flu","12",0.420167014594495,0.27062059439871,16.5315238378083,0.141761393501841,0.785986499906864,0.788248471156197,15.1761860156059,0.131171463518862,1,1,8
"Epistorm-Ensemble_Flu","13",0.321559514717199,0.455576593022297,5.00706452615919,0.272756765200203,0.610285440950293,0.680276529375444,7.76831711405766,0.461834777346112,0.5,1,8
"Epistorm-Ensemble_Flu","15",0.587964828853093,0.615525143144316,2.45508665923657,0.259391215538017,0.565461676546123,0.667112892611568,3.57701821282054,0.38509685798472,0.5,0.875,8
"Epistorm-Ensemble_Flu","16",0.258899394484048,0.495579099041771,1.03331887021558,0.248637900069806,0.634099083491912,0.746355500295101,1.73016423537408,0.43979244320176,0.625,1,8
"Epistorm-Ensemble_Flu","17",0.504637159553278,0.546052929846028,10.2904352500215,0.382364266633541,1.01168761142897,1.04411993751981,15.4732911219067,0.619601516684544,0.5,0.875,8
"Epistorm-Ensemble_Flu","18",0.235588374185283,0.438859404841597,3.18070775806656,0.265200807885664,0.706210543066034,0.7737858449223,4.77447005323989,0.446269172593697,0.75,1,8
"Epistorm-Ensemble_Flu","19",0.236252854089702,0.63659543356598,1.02777577399105,0.341925159197151,0.646837472369336,0.621274824748582,1.36694488290747,0.492782168732487,0.5,1,8
"Epistorm-Ensemble_Flu","20",0.196267701633514,0.382429646212142,0.883683410417529,0.198433905211546,0.541082478487689,0.594684406428556,1.04880217786098,0.281393192678206,0.875,1,8
"Epistorm-Ensemble_Flu","21",0.441380450935816,0.536836828176739,4.74598954614502,0.346112074295736,1.01261135831903,0.946817670834626,8.34601579667955,0.579313107713478,0.25,1,8
"Epistorm-Ensemble_Flu","22",0.539738447844356,0.513786927902647,5.24643642635693,0.23708179677945,1.35127912191448,1.40336714230018,8.8972267334387,0.371643614940584,0.125,1,8
"Epistorm-Ensemble_Flu","23",0.257416869455166,0.668347053882041,0.697698271088351,0.308875685954073,0.422893702192548,0.55945115028645,0.803092202489387,0.416043653392408,0.625,1,8
"Epistorm-Ensemble_Flu","24",0.292734710999656,0.406259504183765,2.52336295626638,0.209835364056809,1.39278740046585,1.51071621191,2.9717543287465,0.23324063981524,0.875,1,8
"Epistorm-Ensemble_Flu","25",0.284387056723873,0.782371999362033,3.9602577973492,0.559426146679196,0.778162562627173,0.882428996577408,6.82937196501029,0.981013303364159,0.5,0.875,8
"Epistorm-Ensemble_Flu","26",0.251036329296307,0.498883512133703,4.38623485126476,0.329304610736352,0.716441278024919,0.797880514389775,6.71774291035677,0.546099334686812,0.5,1,8
"Epistorm-Ensemble_Flu","27",0.172897568350085,0.394264051389193,1.63220376301234,0.239035215302239,0.19990529616081,0.33265146336079,1.85485194339198,0.339762637220309,0.75,1,8
"Epistorm-Ensemble_Flu","28",0.428412925537117,0.46671421416975,2.46548726914519,0.2382650070747,1.16389340543299,1.09821378417745,3.05192670453933,0.329776839341928,0.75,1,8
"Epistorm-Ensemble_Flu","29",0.278778288048777,0.369314447883492,3.20383610605451,0.221776230271064,0.861909359666456,0.843043512871894,3.92044665834683,0.274059996136546,0.875,1,8
"Epistorm-Ensemble_Flu","30",0.477890970468768,0.841783281541945,1.21830964671709,0.395427555597648,1.07036106118032,1.08791832495248,2.17517322290811,0.724513733805919,0.375,1,8
"Epistorm-Ensemble_Flu","31",0.526134512440136,1.2817525195091,1.43441939839186,0.615402718414883,NA,NA,2.26630992680073,1.0399732450026,0,1,8
"Epistorm-Ensemble_Flu","32",0.551631416083473,0.640524913661294,3.6223870558978,0.203791182359933,0.930767451017717,0.997643810044232,5.95355187661391,0.303320587343395,0.375,1,8
"Epistorm-Ensemble_Flu","33",0.506720132388554,0.873635432031383,1.24246796820988,0.414150516910153,0.958340606038293,0.9735401788983,1.44131068258454,0.597087012436877,0.5,1,8
"Epistorm-Ensemble_Flu","34",0.174224249172704,0.294067483154033,3.38171030266438,0.16426096751087,0.213390344243683,0.271196848122523,3.0188420406339,0.134829327035284,1,1,8
"Epistorm-Ensemble_Flu","35",0.148369487154743,0.372754693269892,0.654604165096295,0.192755407567024,0.557489695470221,0.607319567252312,0.925356211594629,0.286942893669026,0.875,1,8
"Epistorm-Ensemble_Flu","36",0.240317370261195,0.33853634056739,7.55670478888299,0.230664432767,0.544304943332126,0.595932573799699,8.74635463915488,0.280316650582221,0.875,1,8
"Epistorm-Ensemble_Flu","37",0.151509433540558,0.314012041326806,2.56371277481017,0.205704899728993,0.839568378089374,0.875778542933028,3.23808963118588,0.300559693025575,0.75,1,8
"Epistorm-Ensemble_Flu","38",0.56477228634774,0.703546381337128,1.48213055038215,0.26939362247959,0.705540292721033,0.731197865996823,2.12535327241378,0.383014227163644,0.75,1,8
"Epistorm-Ensemble_Flu","39",0.145587263537067,0.283807506509014,3.07777282721032,0.193762140468146,0.712799566646034,0.70072501859624,2.60438674015629,0.179492065013189,1,1,8
"Epistorm-Ensemble_Flu","40",0.338533031155507,0.432555252029895,2.93479789875519,0.252355045671157,1.03480701674507,1.03251995207002,5.00378899527293,0.40587177655421,0.75,1,8
"Epistorm-Ensemble_Flu","41",0.251731106930613,0.594870703922593,1.74405009209162,0.352835690433259,0.727506686780891,0.859444710750598,2.88109594163908,0.6067475755603,0.625,1,8
"Epistorm-Ensemble_Flu","42",0.591318016501776,0.468387837337049,23.6384477981095,0.1796537315081,1.90509307189515,2.16120712026287,38.6820783615112,0.2777586469482,0.5,1,8
"Epistorm-Ensemble_Flu","44",0.327593006474734,0.608836781556166,1.03278125865025,0.339497323949614,0.322507683703945,0.501662522938928,1.3099259318399,0.515863459569868,0.75,1,8
"Epistorm-Ensemble_Flu","45",0.2944361409241,0.521550646127474,2.63859410232079,0.30766556391287,0.799892937703016,0.860715078358588,3.13824830574596,0.436387153772802,0.625,1,8
"Epistorm-Ensemble_Flu","46",0.458793979945861,0.77177041363222,1.06145373979649,0.385693502721144,0.71382519913076,0.83956798321123,1.51085249766318,0.573738411936891,0.5,0.875,8
"Epistorm-Ensemble_Flu","47",0.299168993493324,0.314579699168172,3.95484442354998,0.140099443668863,0.399096431601581,0.444715378912645,3.13429844657562,0.119199496509019,1,1,8
"Epistorm-Ensemble_Flu","48",0.322754527069225,0.266326046900261,13.6356758011705,0.156866072312315,1.51270206495347,1.56053836947742,13.4785887106981,0.144017421976148,1,1,8
"Epistorm-Ensemble_Flu","49",0.513731029868293,0.689976637471056,1.72277179324703,0.313375592635333,1.16984047077429,1.28475834286119,3.24760189330294,0.589012177742201,0.25,1,8
"Epistorm-Ensemble_Flu","50",0.44513989495714,0.732234315974914,0.420151919817897,0.226549952818941,1.15529136743335,1.24260904278283,0.580762054359562,0.343983642652193,0.5,1,8
"Epistorm-Ensemble_Flu","51",0.214969354970634,0.309404032706619,2.76235088293786,0.18299382705769,0.712454033097386,0.745601064909495,3.31051237414019,0.22393249673976,0.875,1,8
"Epistorm-Ensemble_Flu","53",0.344726981671006,0.43292204450463,3.37014157301417,0.224114032311292,0.515064863899359,0.631264941407024,5.04290514560279,0.353987674988803,0.75,1,8
"Epistorm-Ensemble_Flu","54",0.257882168108088,0.572688877262408,1.22129603060904,0.309511111896111,1.13838520219012,1.31701139690151,1.75244634308977,0.471862289674979,0.5,1,8
"Epistorm-Ensemble_Flu","55",0.252609642356964,0.83016417763428,2.09219182498523,0.538977078060558,0.807612402174184,0.880094266814973,2.54291807253037,0.774741827573782,0.5,0.625,8
"Epistorm-Ensemble_Flu","56",0.377269753709558,0.660353990899544,1.19589237404434,0.402659303970805,0.407403726556235,0.589799310245439,2.02997244281814,0.729796256822886,0.5,0.875,8
"Epistorm-Ensemble_Flu","72",0.739053599518233,0.7030313307307,15.3922525172787,0.275941577264494,0.767867897097946,0.855718092270112,21.8320975618687,0.432978632082309,0.5,1,4
"FluSight-HJudge_ensemble","01",0.294172817372348,0.330062136627421,2.6433152173913,0.164341762158777,0.763264832595717,0.760239151780166,3,0.164497882612072,0.75,1,8
"FluSight-HJudge_ensemble","02",0.633718290851487,0.861986286360771,0.739347826086956,0.322324938056773,0.842395547683895,0.777002380197726,1.375,0.621226662447,0.75,1,8
"FluSight-HJudge_ensemble","04",0.367482161644784,0.393626991601869,6.63625,0.183395264493313,0.851594901305163,0.876919239169996,11.25,0.308409586094502,0.5,1,8
"FluSight-HJudge_ensemble","05",0.323845276966876,0.709488866007335,2.23771739130435,0.450999857962403,0.859395694312114,0.903044683660273,4,0.817628749898738,0.25,1,8
"FluSight-HJudge_ensemble","06",0.317413738332605,0.271468099490627,14.3577717391304,0.123910701385838,1.03177046960265,1.2391834147659,17.875,0.151445525167919,1,1,8
"FluSight-HJudge_ensemble","08",0.205619283528495,0.35576298442816,1.60070652173913,0.196918943178589,0.585432861822571,0.665802514475702,2.5,0.349863253819644,1,1,8
"FluSight-HJudge_ensemble","09",0.20637908681564,0.498847864446402,1.17364130434783,0.275450987584876,1.21322533395903,1.20519926673905,1.75,0.401802684314852,0.75,1,8
"FluSight-HJudge_ensemble","10",0.295319621400818,0.661224094261621,0.702934782608696,0.308248876830764,0.859636908626977,0.904757136936694,1.5,0.686632680417569,0.75,1,8
"FluSight-HJudge_ensemble","11",0.608825043480992,0.908895895007655,1.10211956521739,0.425927206877166,0.655055793030424,0.495808573646717,1.5,0.539686014192039,0.375,1,8
"FluSight-HJudge_ensemble","12",0.347749980870023,0.242758740288961,13.5163586956522,0.125813645577064,0.896057955238953,0.906370016850804,17.25,0.150467662684569,0.875,1,8
"FluSight-HJudge_ensemble","13",0.309462351079114,0.451591821929419,4.81380434782609,0.270502519995337,0.607366999341683,0.674812362943729,7.75,0.459444754801093,0.375,1,8
"FluSight-HJudge_ensemble","15",0.598539471653519,0.617395284312336,2.50771739130435,0.260658736458711,0.572620497514783,0.673129294225842,3.625,0.38890564508448,0.75,1,8
"FluSight-HJudge_ensemble","16",0.280874608134375,0.525795920650946,1.11483695652174,0.263086425436412,0.682997790779029,0.798358948807301,1.875,0.472311451600453,0.75,1,8
"FluSight-HJudge_ensemble","17",0.542907799437752,0.575067914964971,11.0538043478261,0.401877778978275,1.02759922783223,1.06017154647348,15.75,0.631548396610272,0.5,0.75,8
"FluSight-HJudge_ensemble","18",0.229877553797848,0.436209660072485,3.07032608695652,0.262000960304356,0.742121531479454,0.807567124063424,5,0.463507427047971,0.625,1,8
"FluSight-HJudge_ensemble","19",0.232375449767597,0.64371857037975,0.999836956521739,0.345001797333946,0.723171042466988,0.656438888925603,1.5,0.511793070277763,0.75,1,8
"FluSight-HJudge_ensemble","20",0.178755732338098,0.410206207526842,0.792336956521739,0.210435209212057,0.570528698762275,0.622252184434187,1.125,0.300993201081484,1,1,8
"FluSight-HJudge_ensemble","21",0.51024248193277,0.647175459791129,5.49907608695652,0.419169165381619,1.10692685437773,1.07496964753789,9.125,0.658300716930359,0.125,1,8
"FluSight-HJudge_ensemble","22",0.472225714731882,0.429030058506522,4.59027173913043,0.197611001658226,1.18964077837377,1.20547352296075,7.875,0.321257376630248,0.25,1,8
"FluSight-HJudge_ensemble","23",0.277107903733061,0.666709246912659,0.741902173913043,0.304673652049871,0.595104279767366,0.725306241780795,1.125,0.534583264877007,0.875,1,8
"FluSight-HJudge_ensemble","24",0.270119032692493,0.398304327946492,2.31608695652174,0.204989520915133,1.58378465321941,1.76640313677939,3.375,0.270665633264106,0.75,1,8
"FluSight-HJudge_ensemble","25",0.269327306056959,0.764637094613612,3.72548913043478,0.541799295849677,0.760630405530623,0.860771310968867,6.625,0.949748507569254,0.25,1,8
"FluSight-HJudge_ensemble","26",0.237504073458461,0.47655374177401,4.15244565217391,0.314671574368635,0.706371475497954,0.793480470499714,6.625,0.543532471525383,0.5,1,8
"FluSight-HJudge_ensemble","27",0.263491325100699,0.532960058500915,2.4541847826087,0.321643812771754,0.438504293020533,0.593286643258248,3.875,0.566738395745825,0.5,1,8
"FluSight-HJudge_ensemble","28",0.365687268671376,0.427478169930536,2.10010869565217,0.217959276735221,1.09187704242938,1.06078533720118,2.875,0.320447084206196,0.75,1,8
"FluSight-HJudge_ensemble","29",0.257243514416336,0.394725164887319,2.92326086956522,0.23405112446092,1.02438387269169,1.02719001064242,4.625,0.33089101745162,0.625,1,8
"FluSight-HJudge_ensemble","30",0.49135677147447,0.852188596035474,1.24505434782609,0.399244912001027,1.11952772733605,1.14624257201101,2.25,0.756584653909496,0.5,1,8
"FluSight-HJudge_ensemble","31",0.478198516856997,1.10550131019264,1.30722826086957,0.532210849927019,NA,NA,2.25,1.03320627069754,0.5,1,8
"FluSight-HJudge_ensemble","32",0.448061978287715,0.497128505348281,2.9579347826087,0.159528258340294,0.700663325018626,0.716471397055733,4.5,0.218926740460995,0.875,1,8
"FluSight-HJudge_ensemble","33",0.337647704242661,0.702823112534054,0.821358695652174,0.332578693556931,0.748393370261657,0.799125782801347,1.125,0.489002875678518,0.625,1,8
"FluSight-HJudge_ensemble","34",0.194290395901524,0.272340049043961,3.75608695652174,0.151061651213866,0.354511698295847,0.403617027503461,5,0.199214602836896,1,1,8
"FluSight-HJudge_ensemble","35",0.207337400009249,0.463127157887526,0.927826086956522,0.242893691131731,0.723824960255755,0.781948582883062,1.25,0.382533849336445,0.75,1,8
"FluSight-HJudge_ensemble","36",0.204570723226142,0.285867690461695,6.40891304347826,0.19388892700351,0.536345126024561,0.581506593602396,8.625,0.273738511730745,0.625,1,8
"FluSight-HJudge_ensemble","37",0.13712865111099,0.302976543646344,2.30146739130435,0.197668608373067,0.811770610285249,0.848298695167099,3.125,0.290400547524598,0.875,1,8
"FluSight-HJudge_ensemble","38",0.496260013788601,0.631137847665802,1.30451086956522,0.242689696946895,0.664315720657808,0.666364132120941,2,0.348867232613497,0.75,1,8
"FluSight-HJudge_ensemble","39",0.118890745968103,0.255449876683019,2.4904347826087,0.173395279778932,0.845512188152954,0.833437116495706,3,0.20592780135614,0.875,1,8
"FluSight-HJudge_ensemble","40",0.380088913950455,0.506218831915702,3.31201086956522,0.296282321823912,1.19253464493945,1.23868509079363,5.75,0.485370752712384,0.375,1,8
"FluSight-HJudge_ensemble","41",0.30237205623039,0.678326865299275,2.08146739130435,0.39949013910851,0.949655912426166,1.02201443726883,3.75,0.720392698771858,0.625,1,8
"FluSight-HJudge_ensemble","42",0.577236820912741,0.452963522181509,23.0788586956522,0.173760524940106,1.85551245323291,2.08603803314598,37.75,0.268747709548842,0.375,1,8
"FluSight-HJudge_ensemble","44",0.364381643792358,0.673649325597521,1.14135869565217,0.374339062355168,0.455209655621807,0.656362363703147,1.875,0.685079865417749,0.75,1,8
"FluSight-HJudge_ensemble","45",0.210922510498354,0.439018004212555,1.8725,0.257333391732577,0.711966290666516,0.790369822926829,2.75,0.395844977966148,0.5,1,8
"FluSight-HJudge_ensemble","46",0.419846411946316,0.688179070350399,0.96804347826087,0.343319644945721,0.661414842216292,0.744607719093497,1.375,0.503168961341894,0.625,1,8
"FluSight-HJudge_ensemble","47",0.228809940114892,0.246994663414774,3.01021739130435,0.109514676897481,0.351013012861729,0.393570163552974,2.75,0.105234689273409,1,1,8
"FluSight-HJudge_ensemble","48",0.242859499698808,0.187253298342582,10.1747826086957,0.108546718819012,1.08983026861116,1.10796297775314,9.75,0.102555658722318,1,1,8
"FluSight-HJudge_ensemble","49",0.479656307143364,0.648389074222262,1.60711956521739,0.295220844071875,0.952230446710389,0.974336491860589,2.625,0.442449963065159,0.375,1,8
"FluSight-HJudge_ensemble","50",0.411468883772639,0.694452965366745,0.38945652173913,0.215930718248131,1.2446959213657,1.30737371994843,0.625,0.361296469737021,0.75,1,8
"FluSight-HJudge_ensemble","51",0.19891948007418,0.291900747907522,2.54375,0.172197700498597,0.752883756672261,0.787823296767736,3.5,0.236904939961763,0.875,1,8
"FluSight-HJudge_ensemble","53",0.397685332396417,0.491725137099969,3.87809782608696,0.253182745267786,0.698861715270862,0.805003760282462,6.875,0.452287401800034,0.5,1,8
"FluSight-HJudge_ensemble","54",0.213270937651399,0.526301264768945,0.995597826086957,0.28308449133686,0.913305527418402,0.947123268112616,1.375,0.32888614499576,0.875,1,8
"FluSight-HJudge_ensemble","55",0.17198971238016,0.655003190151187,1.40934782608696,0.420416620692699,0.67062613458702,0.803000803274994,2.125,0.713968830538172,0.625,1,8
"FluSight-HJudge_ensemble","56",0.394060569611737,0.654848917370839,1.24989130434783,0.399271199692931,0.475996844230149,0.656157408897463,2.375,0.812786271359247,0.625,1,8
"FluSight-HJudge_ensemble","72",0.632606798639601,0.608410123366912,11.5109239130435,0.202524484111462,0.695488591689308,0.758242902783137,16.625,0.310065527855093,0.625,1,8
"FluSight-baseline","01",1,1,8.99673913043478,0.495094790455251,1,1,3.875,0.211772392611149,1,1,8
"FluSight-baseline","02",1,1,1.18065217391304,0.37613881053802,1,1,1.625,0.794513457586986,1,1,8
"FluSight-baseline","04",1,1,18.7544565217391,0.478527939218091,1,1,14.375,0.38540296081708,1,1,8
"FluSight-baseline","05",1,1,6.8383152173913,0.611769767425872,1,1,4.625,0.89714878104703,1,1,8
"FluSight-baseline","06",1,1,45.6567391304348,0.457547807071423,1,1,15.75,0.109406795835193,1,1,8
"FluSight-baseline","08",1,1,7.90282608695652,0.552520576262202,1,1,4.25,0.520371545885042,1,1,8
"FluSight-baseline","09",1,1,5.87891304347826,0.563969411355017,1,1,1.5,0.346573590279973,1,1,8
"FluSight-baseline","10",1,1,2.42603260869565,0.467978472562784,1,1,1.75,0.758553198530514,1,1,8
"FluSight-baseline","11",1,1,1.82065217391304,0.467481367495122,1,1,2.25,1.059546399612,0.875,1,8
"FluSight-baseline","12",1,1,39.8478260869565,0.529907631770186,1,1,19.125,0.164579079723668,1,1,8
"FluSight-baseline","13",1,1,15.9373369565217,0.605657361075792,1,1,13,0.688735759066621,0.875,1,8
"FluSight-baseline","15",1,1,4.29119565217391,0.42754746589899,1,1,6.625,0.600246968562372,0.625,1,8
"FluSight-baseline","16",1,1,3.99211956521739,0.497955374827029,1,1,2.75,0.591780903532904,1,1,8
"FluSight-baseline","17",1,1,21.194347826087,0.716414803727999,1,1,15.375,0.598706007777434,0.875,1,8
"FluSight-baseline","18",1,1,13.5411413043478,0.599430324904647,1,1,6.75,0.573659505724918,1,1,8
"FluSight-baseline","19",1,1,4.41070652173913,0.544645181771204,1,1,2.125,0.814339086359066,1,1,8
"FluSight-baseline","20",1,1,4.53945652173913,0.515747337909082,1,1,2,0.483900126363486,1,1,8
"FluSight-baseline","21",1,1,10.9627173913043,0.651916064859243,1,1,8.375,0.630084686414928,0.875,1,8
"FluSight-baseline","22",1,1,9.88391304347826,0.467911637237745,1,1,6.75,0.272227002188923,1,1,8
"FluSight-baseline","23",1,1,2.73445652173913,0.45998633015523,1,1,1.875,0.732798438104105,1,1,8
"FluSight-baseline","24",1,1,8.69097826086957,0.517761243593892,1,1,2.125,0.152688803123908,1,1,8
"FluSight-baseline","25",1,1,14.0061413043478,0.691611454974857,1,1,8.75,1.10194328135347,1,1,8
"FluSight-baseline","26",1,1,17.6570652173913,0.654393460746983,1,1,9.375,0.682786223084224,1,1,8
"FluSight-baseline","27",1,1,9.33619565217391,0.586172727430992,1,1,8.75,0.935058813805871,1,1,8
"FluSight-baseline","28",1,1,5.77798913043478,0.507434492674964,1,1,2.625,0.299566338229572,1,1,8
"FluSight-baseline","29",1,1,11.7183152173913,0.602708537000389,1,1,4.5,0.320885678992428,1,1,8
"FluSight-baseline","30",1,1,2.44255434782609,0.459238198962084,1,1,2,0.655218376882455,1,1,8
"FluSight-baseline","31",1,1,2.7291847826087,0.485651732576444,NA,NA,1.75,0.722592939474041,1,1,8
"FluSight-baseline","32",1,1,6.76690217391304,0.326890525472887,1,1,6.625,0.314664809028561,1,1,8
"FluSight-baseline","33",1,1,2.49288043478261,0.477684036481249,1,1,1.5,0.611606532304984,1,1,8
"FluSight-baseline","34",1,1,19.8174456521739,0.563612495832443,1,1,14.375,0.503700807927207,1,1,8
"FluSight-baseline","35",1,1,4.56603260869565,0.526463998516617,1,1,1.75,0.49410562499355,1,1,8
"FluSight-baseline","36",1,1,32.318152173913,0.693406821997016,1,1,16.625,0.485365177574723,1,1,8
"FluSight-baseline","37",1,1,17.0594565217391,0.656491976496111,1,1,3.875,0.34359821661114,1,1,8
"FluSight-baseline","38",1,1,2.69945652173913,0.392922152899336,1,1,3.125,0.544944222352728,1,1,8
"FluSight-baseline","39",1,1,21.5890760869565,0.691050590889064,1,1,3.625,0.253089580248824,1,1,8
"FluSight-baseline","40",1,1,8.8095652173913,0.587559363634466,1,1,4.875,0.398205469438537,1,1,8
"FluSight-baseline","41",1,1,7.03510869565217,0.598865043413601,1,1,4,0.706980194893503,1,1,8
"FluSight-baseline","42",1,1,40.7853260869565,0.390684821936765,1,1,20.125,0.127104667233286,0.875,1,8
"FluSight-baseline","44",1,1,3.18,0.561450630676456,1,1,4.125,1.03986183501239,0.75,1,8
"FluSight-baseline","45",1,1,9.03304347826087,0.587313220038366,1,1,4,0.513345885277582,1,1,8
"FluSight-baseline","46",1,1,2.38260869565217,0.509393827548485,1,1,2.125,0.686661255111944,0.75,1,8
"FluSight-baseline","47",1,1,13.4509239130435,0.451050588593559,1,1,8,0.272974391909062,1,1,8
"FluSight-baseline","48",1,1,42.8283152173913,0.590891036896845,1,1,9.125,0.0944133165401755,1,1,8
"FluSight-baseline","49",1,1,3.4079347826087,0.456598950069639,1,1,2.75,0.453042616622046,1,1,8
"FluSight-baseline","50",1,1,0.980597826086956,0.31736478563978,1,1,0.5,0.274653072167027,1,1,8
"FluSight-baseline","51",1,1,12.8001086956522,0.586347770072141,1,1,4.5,0.291211520584441,1,1,8
"FluSight-baseline","53",1,1,9.86798913043478,0.52129866427141,1,1,10,0.56572546220103,0.875,1,8
"FluSight-baseline","54",1,1,4.78217391304348,0.540756315478613,1,1,1.5,0.346573590279973,1,1,8
"FluSight-baseline","55",1,1,8.26228260869565,0.621213971613373,1,1,3.125,0.866433975699932,1,1,8
"FluSight-baseline","56",1,1,3.18733695652174,0.606157724505828,1,1,5,1.23593882475162,0.625,1,8
"FluSight-baseline","72",1,1,18.1878804347826,0.332138990591407,1,1,24,0.410087806917191,0.75,1,8
"FluSight-ensemble","01",0.324081929511219,0.367694893321419,2.89728260869565,0.1821055837196,0.850337467495551,0.87458067752054,3.375,0.191834032732676,0.875,1,8
"FluSight-ensemble","02",0.617698178165556,0.850885421686162,0.723858695652174,0.319268776125886,0.845162973855697,0.779505209731382,1.375,0.621226662447,0.75,1,8
"FluSight-ensemble","04",0.362204538377952,0.384154834652023,6.60271739130435,0.180795387733527,0.788009778636204,0.82747917248821,10.5,0.294486318253633,0.75,1,8
"FluSight-ensemble","05",0.329997533102361,0.710041530081002,2.26945652173913,0.449138086483557,0.83307834980595,0.88663143385786,3.875,0.80290587044169,0.375,1,8
"FluSight-ensemble","06",0.324563506242988,0.276120754644361,14.6016847826087,0.124961519752588,0.894573532736277,1.0551353067098,15.375,0.127584231658626,1,1,8
"FluSight-ensemble","08",0.235535374302407,0.401530080388595,1.82711956521739,0.221036328697365,0.557157244730683,0.638117365640636,2.375,0.335140374362596,1,1,8
"FluSight-ensemble","09",0.216165934228984,0.493749575834904,1.23385869565217,0.273984488302465,1.05480611258337,1.0797458931766,1.5,0.356222295116364,0.875,1,8
"FluSight-ensemble","10",0.312069096710353,0.656956748570548,0.745326086956522,0.306987306717289,0.780604302630068,0.851086873702279,1.375,0.650672421361096,1,1,8
"FluSight-ensemble","11",0.548916016406378,0.830002277084178,0.995380434782609,0.389538667934182,0.655055793030424,0.495808573646717,1.5,0.539686014192039,0.5,1,8
"FluSight-ensemble","12",0.380441036966493,0.270749059623022,14.8063043478261,0.140398885731855,1.01106371442528,1.0308795009263,19.375,0.170320368884626,0.75,1,8
"FluSight-ensemble","13",0.323667025706756,0.464022007356421,5.0395652173913,0.277780859805857,0.615037748401857,0.684072743049304,7.875,0.467249188668692,0.5,1,8
"FluSight-ensemble","15",0.594781276406071,0.625609695124302,2.48989130434783,0.264000718870151,0.552191726388838,0.642689907823606,3.5,0.372214221006414,0.875,1,8
"FluSight-ensemble","16",0.30493839368499,0.55223599966344,1.20353260869565,0.274833194989297,0.731344137075347,0.848898611722797,2,0.500204395514729,0.875,1,8
"FluSight-ensemble","17",0.515367972494873,0.564819536077157,10.5103804347826,0.395333646428479,1.01356998390436,1.03603344723783,15.5,0.614706822364003,0.625,0.875,8
"FluSight-ensemble","18",0.232821460390035,0.434808722208401,3.10353260869565,0.26084310709192,0.747022844537545,0.808045562199214,5,0.461080166315834,0.625,1,8
"FluSight-ensemble","19",0.240224674014945,0.649929775403159,1.03565217391304,0.34884903264916,0.723171042466988,0.656438888925603,1.5,0.511793070277763,0.75,1,8
"FluSight-ensemble","20",0.201789799986452,0.459728628493011,0.894293478260869,0.235179458388844,0.509001913798784,0.548294450856449,1,0.265032942025011,1,1,8
"FluSight-ensemble","21",0.499699461312145,0.661249965963938,5.37994565217391,0.427976745977002,1.17999961730677,1.1874619659841,9.75,0.730233989494619,0.25,1,8
"FluSight-ensemble","22",0.49168947369864,0.470953023818924,4.79119565217391,0.217786741295928,1.26361986565818,1.30003430365734,8.375,0.347000845700622,0.375,1,8
"FluSight-ensemble","23",0.310471684034976,0.705230007090667,0.834021739130435,0.323176150860181,0.653182876473461,0.785495780102287,1.25,0.585266403390527,0.875,1,8
"FluSight-ensemble","24",0.269924111631001,0.403059537637578,2.31326086956522,0.207379412025961,1.28533178625394,1.3718361532317,2.75,0.210848239955905,0.875,1,8
"FluSight-ensemble","25",0.261686060065879,0.715341423342004,3.61880434782609,0.505688407011129,0.773862755906079,0.871355640981281,6.75,0.962918572026482,0.375,1,8
"FluSight-ensemble","26",0.244318213280874,0.477681926372906,4.27152173913043,0.315231309365211,0.706371475497954,0.793480470499714,6.625,0.543532471525383,0.5,1,8
"FluSight-ensemble","27",0.286634855294698,0.55145251840868,2.64989130434783,0.328691112947589,0.501073698869167,0.632464730379665,4.375,0.594756277201737,0.75,1,8
"FluSight-ensemble","28",0.367637060537813,0.427433152290066,2.10739130434783,0.217309269864634,0.843106828930593,0.8649085701472,2.25,0.26483278185414,0.875,1,8
"FluSight-ensemble","29",0.264349772992505,0.418456523262127,3.0079347826087,0.248554263007794,0.997440431404256,1.00601692829667,4.5,0.324050404990464,0.625,1,8
"FluSight-ensemble","30",0.491690267319974,0.850501848849683,1.23913043478261,0.397591416334338,1.17370314692526,1.21358315456762,2.375,0.807267792423017,0.625,1,8
"FluSight-ensemble","31",0.459626027685455,1.01759040617145,1.26097826086956,0.491552513785037,NA,NA,2.25,1.03320627069754,0.625,1,8
"FluSight-ensemble","32",0.47720547484646,0.547366940280959,3.15130434782609,0.175698937079802,0.737967849774319,0.767115079086772,4.75,0.235343740718631,0.875,1,8
"FluSight-ensemble","33",0.356770441021901,0.721595714469051,0.867771739130435,0.341376426358781,1.00219742154254,1.00164404202092,1.5,0.611606532304984,0.75,1,8
"FluSight-ensemble","34",0.213637024946306,0.294110072201142,4.14108695652174,0.163491242474802,0.371388914634984,0.420952847663825,5.25,0.208152245787991,1,1,8
"FluSight-ensemble","35",0.229882550868889,0.49571019213681,1.02679347826087,0.259504986380815,0.723824960255755,0.781948582883062,1.25,0.382533849336445,1,1,8
"FluSight-ensemble","36",0.224951632403967,0.319397117614577,7.06641304347826,0.217458755876499,0.509972250449134,0.560280130939128,8.25,0.265704988402577,0.875,1,8
"FluSight-ensemble","37",0.151312220328342,0.335306247847069,2.53777173913043,0.21854621003839,0.811770610285249,0.848298695167099,3.125,0.290400547524598,1,1,8
"FluSight-ensemble","38",0.500463181183076,0.655185669432796,1.31875,0.252857568582356,0.581540378718005,0.578070706099343,1.75,0.303286843415009,0.875,1,8
"FluSight-ensemble","39",0.129101063044982,0.283320041629892,2.7083152173913,0.192610313081922,0.804052014640891,0.791283913465836,2.875,0.197406146776902,1,1,8
"FluSight-ensemble","40",0.362689545499551,0.488841179891222,3.16190217391304,0.286348285101828,1.07869722565939,1.09393571052588,5.25,0.433650263847027,0.5,1,8
"FluSight-ensemble","41",0.304088965474966,0.664705107193322,2.09445652173913,0.391986840338077,0.949655912426166,1.02201443726883,3.75,0.720392698771858,0.625,1,8
"FluSight-ensemble","42",0.609003528836621,0.492323333958619,24.3415760869565,0.188845101016588,1.97510262056182,2.2488222354998,40.125,0.289193436851819,0.375,1,8
"FluSight-ensemble","44",0.402376372552195,0.682878657071222,1.26467391304348,0.381043298843243,0.522561274900567,0.701773865871537,2.125,0.727138894995401,0.75,1,8
"FluSight-ensemble","45",0.23036042765924,0.458294516690456,2.0425,0.268240730270404,0.675646003029056,0.756650555161916,2.625,0.381122098509101,0.75,1,8
"FluSight-ensemble","46",0.431387017041276,0.706994239436627,0.998315217391304,0.353560458293775,0.723456020190591,0.800734846271193,1.5,0.539129220398366,0.625,1,8
"FluSight-ensemble","47",0.272973530084739,0.299023746440823,3.59983695652174,0.132946872194333,0.353165179719983,0.395260118287022,2.75,0.105075148728459,1,1,8
"FluSight-ensemble","48",0.284934482598715,0.229846941872961,11.9786956521739,0.133940106892578,1.03117423011185,1.04623647668479,9.25,0.0971033482966051,1,1,8
"FluSight-ensemble","49",0.491578940874794,0.68907220705846,1.64451086956522,0.313144064403713,1.03861835755869,1.09593541053965,2.875,0.501200416720876,0.625,1,8
"FluSight-ensemble","50",0.439944295422893,0.736358239907287,0.419021739130435,0.230271177852086,1.46927982068033,1.59088530447045,0.75,0.447939867307014,0.75,1,8
"FluSight-ensemble","51",0.215207700386559,0.315592560648433,2.7395652173913,0.185400066617417,0.790566089939268,0.81494686644697,3.625,0.241544647831326,0.875,1,8
"FluSight-ensemble","53",0.410180528377408,0.500869244089185,4.00315217391304,0.258119397955898,0.697957630150173,0.789669554740481,6.875,0.443566205480644,0.625,1,8
"FluSight-ensemble","54",0.222353392330017,0.529118378763058,1.03739130434783,0.284327464446189,0.913305527418402,0.947123268112616,1.375,0.32888614499576,0.875,1,8
"FluSight-ensemble","55",0.203785244654927,0.703435886733757,1.66380434782609,0.449269049808409,0.709706223298787,0.816068547798888,2.25,0.724613556580711,0.625,1,8
"FluSight-ensemble","56",0.433023825684732,0.680239577408643,1.37391304347826,0.414294842103278,0.52742199263389,0.695667817889261,2.625,0.85994805025193,0.625,1,8
"FluSight-ensemble","72",0.638788429624251,0.618857785122994,11.6286956521739,0.206116437133769,0.716283360499879,0.776044207970877,17.125,0.317363827027194,0.625,1,8
"FluSight-lop_norm","01",0.376109376555401,0.449682832496908,3.35391304347826,0.222270221281499,0.860874524867859,0.87549230350994,3.375,0.188973496003477,0.875,1,8
"FluSight-lop_norm","02",0.632701044615079,0.846963766983564,0.739728260869565,0.317426065636411,0.845162973855697,0.779505209731382,1.375,0.621226662447,1,1,8
"FluSight-lop_norm","04",0.396923983960018,0.435470810181744,7.24891304347826,0.205342862204804,0.767320567656043,0.802971096717472,10.25,0.287140606520361,1,1,8
"FluSight-lop_norm","05",0.337609657735016,0.674991108493149,2.30570652173913,0.421898476161079,0.781548239052966,0.84821036987482,3.625,0.766945611385217,0.5,1,8
"FluSight-lop_norm","06",0.361582012041261,0.330137545004627,16.3516304347826,0.150650077268225,0.996868047096902,1.19326502603748,17.125,0.144294705497625,1,1,8
"FluSight-lop_norm","08",0.269058090656879,0.438019490567174,2.08614130434783,0.240693331741054,0.527430201504017,0.611921337953327,2.25,0.321970309905368,1,1,8
"FluSight-lop_norm","09",0.272858652392627,0.554755461040995,1.56364130434783,0.308245660046465,1.31207709308188,1.32041127683979,1.875,0.437762943371325,1,1,8
"FluSight-lop_norm","10",0.351404357302269,0.689143462945184,0.838532608695652,0.321358230781028,0.859636908626977,0.904757136936694,1.5,0.686632680417569,1,1,8
"FluSight-lop_norm","11",0.563814221235395,0.828362414062233,1.02016304347826,0.388279076571487,0.655055793030424,0.495808573646717,1.5,0.539686014192039,0.5,1,8
"FluSight-lop_norm","12",0.441097935583131,0.337880707359979,17.2420652173913,0.176467859974113,1.12967710204777,1.16451396706757,21.625,0.192196722882502,1,1,8
"FluSight-lop_norm","13",0.337722623349879,0.490058886659722,5.27472826086956,0.294132004547284,0.607770737711,0.678567886572675,7.75,0.461619210553394,0.625,1,8
"FluSight-lop_norm","15",0.625211319652668,0.691901084108643,2.62005434782609,0.292269781583137,0.533610436831354,0.618688339467901,3.375,0.357504096000681,0.875,1,8
"FluSight-lop_norm","16",0.350293353193205,0.600246851758001,1.3816847826087,0.298333588561676,0.731344137075347,0.848898611722797,2,0.500204395514729,1,1,8
"FluSight-lop_norm","17",0.519518423745221,0.608848623310756,10.6401086956522,0.427686342534591,0.988401579937539,0.993191106913966,15.125,0.590231208972598,0.75,1,8
"FluSight-lop_norm","18",0.257626144297451,0.462508366388793,3.4283152173913,0.276217882914112,0.709622485612012,0.777100740917299,4.75,0.443955466240707,0.875,1,8
"FluSight-lop_norm","19",0.276560636829879,0.676221996391444,1.1966847826087,0.364624910789825,0.652930781838117,0.629834586772886,1.375,0.498623005820534,0.75,1,8
"FluSight-lop_norm","20",0.243913890109407,0.508740410638787,1.08336956521739,0.260537923959107,0.509001913798784,0.548294450856449,1,0.265032942025011,1,1,8
"FluSight-lop_norm","21",0.512777721473014,0.698814899622666,5.52320652173913,0.451845178104196,1.16620229552456,1.16091251719621,9.625,0.711989750416734,0.25,1,8
"FluSight-lop_norm","22",0.535450210665973,0.54513009778019,5.21972826086956,0.252411816442215,1.24508980991509,1.28169877423717,8.25,0.342231874955075,0.625,1,8
"FluSight-lop_norm","23",0.363263639618252,0.722060206899444,0.973478260869565,0.32948782692603,0.730043219947021,0.8303817842772,1.375,0.613159347304804,1,1,8
"FluSight-lop_norm","24",0.333395179298994,0.474241459666843,2.85891304347826,0.243720963095462,1.35072426414941,1.4456663864767,2.875,0.220853578415097,0.875,1,8
"FluSight-lop_norm","25",0.288281866523493,0.70798559508849,3.9883152173913,0.498224486408299,0.728724351507106,0.844602762062963,6.375,0.936711046904367,0.5,1,8
"FluSight-lop_norm","26",0.276103804988305,0.51150657488412,4.82336956521739,0.336099599360713,0.685999506204135,0.779893574375668,6.5,0.53929961512083,0.5,1,8
"FluSight-lop_norm","27",0.322075343489805,0.562783511907905,2.97717391304348,0.333087251004404,0.426792346441541,0.572433890556018,3.75,0.543592582130052,0.875,1,8
"FluSight-lop_norm","28",0.413205856265365,0.488040217294083,2.36635869565217,0.247655139197005,1.10449349408851,1.08702351008114,2.875,0.325164625204051,0.875,1,8
"FluSight-lop_norm","29",0.311761076287006,0.48529041652807,3.56565217391304,0.288605344361639,1.02649882317023,1.04480696501154,4.625,0.335964177466004,0.75,1,8
"FluSight-lop_norm","30",0.507773789783682,0.836734453500857,1.26755434782609,0.389925284924682,1.06475494494783,1.07795066786492,2.125,0.705901515395976,0.625,1,8
"FluSight-lop_norm","31",0.48741354215811,1.01599922757777,1.32896739130435,0.490691831555394,NA,NA,2.375,1.06916652975401,0.75,1,8
"FluSight-lop_norm","32",0.538167569561363,0.62405364581985,3.5595652173913,0.200614471472709,0.756742549606305,0.797197851024967,4.875,0.244783583375723,1,1,8
"FluSight-lop_norm","33",0.419988046600462,0.757603583818669,1.0229347826087,0.358409659945254,1.00219742154254,1.00164404202092,1.5,0.611606532304984,0.875,1,8
"FluSight-lop_norm","34",0.252544162362938,0.353279950810554,4.91320652173913,0.196967034328307,0.337809359480866,0.386418524346417,4.75,0.190299243336222,1,1,8
"FluSight-lop_norm","35",0.271499606022773,0.541864850663206,1.21646739130435,0.283594002970163,0.799921993256946,0.84192717182778,1.375,0.410426793250721,1,1,8
"FluSight-lop_norm","36",0.251571111117925,0.372626512473806,7.93494565217391,0.254596512128369,0.467586394012711,0.509254031392104,7.5,0.239203183014275,0.875,1,8
"FluSight-lop_norm","37",0.184543233388747,0.391357405415454,3.10239130434783,0.255341423804797,0.647617572240913,0.711667398518029,2.5,0.24517679194891,1,1,8
"FluSight-lop_norm","38",0.538126304402509,0.69862457293829,1.42027173913043,0.269826308676948,0.623052928011906,0.622383600610495,1.875,0.326077038014253,0.875,1,8
"FluSight-lop_norm","39",0.174950588739755,0.389125218810901,3.67951086956522,0.264960516378662,0.814508866444521,0.79151908145574,2.875,0.19441199164909,1,1,8
"FluSight-lop_norm","40",0.393717262615118,0.539779176773236,3.42652173913043,0.31547097024031,1.11062461262527,1.12824358799573,5.375,0.444307744340879,0.625,1,8
"FluSight-lop_norm","41",0.334606043883838,0.673375476827382,2.31195652173913,0.398241297800707,0.790413918682251,0.9004413477363,3.125,0.633980997283031,0.75,1,8
"FluSight-lop_norm","42",0.67162271611169,0.58701147021539,26.8909782608696,0.226073090367788,2.27066482837401,2.66862247139204,46.25,0.344293989146885,0.5,1,8
"FluSight-lop_norm","44",0.443506707475849,0.715455648448009,1.39304347826087,0.398665665586422,0.51819718222179,0.698742447318516,2.125,0.727138894995401,0.75,1,8
"FluSight-lop_norm","45",0.284001450313526,0.515014472304525,2.52782608695652,0.301681510765244,0.708891808759713,0.787303628047997,2.75,0.395844977966148,0.875,1,8
"FluSight-lop_norm","46",0.457353036573249,0.711320789595497,1.06179347826087,0.356893798485278,0.723456020190591,0.800734846271193,1.5,0.539129220398366,0.75,1,8
"FluSight-lop_norm","47",0.305504123371791,0.360930467232336,4.03891304347826,0.160992370613004,0.307129514934989,0.344490257549143,2.375,0.0909659646328033,1,1,8
"FluSight-lop_norm","48",0.330702773390029,0.290381174389887,13.9772826086957,0.17072925543738,1.07094698829232,1.11032860569733,9.875,0.106549151986762,1,1,8
"FluSight-lop_norm","49",0.523501938647755,0.717935645579552,1.75461956521739,0.326488075132465,0.904268087238836,0.928836519420911,2.5,0.423181128086752,0.75,1,8
"FluSight-lop_norm","50",0.517170709337098,0.788768311185652,0.495760869565217,0.247940604632113,1.9241307470093,2.16168466637696,1,0.621226662447,1,1,8
"FluSight-lop_norm","51",0.278162282723982,0.395444881037132,3.53913043478261,0.232029144177592,0.787200285273119,0.815014754818594,3.625,0.242467161243529,1,1,8
"FluSight-lop_norm","53",0.437910452941932,0.528227729354512,4.27641304347826,0.272591196961951,0.700496727411152,0.796945685294043,6.875,0.446738142809125,0.625,1,8
"FluSight-lop_norm","54",0.258870805930861,0.566648171834031,1.21228260869565,0.304687555824027,0.913305527418402,0.947123268112616,1.375,0.32888614499576,1,1,8
"FluSight-lop_norm","55",0.247394148858482,0.696661823412707,2.01815217391304,0.440916848375428,0.715007341592547,0.817591028760293,2.25,0.722036145680369,0.875,1,8
"FluSight-lop_norm","56",0.48663397907458,0.71669782176768,1.54467391304348,0.436192686717537,0.52742199263389,0.695667817889261,2.625,0.85994805025193,0.75,1,8
"FluSight-lop_norm","72",0.620445288330183,0.609328982941518,11.2859239130435,0.202604172772691,0.664157116337542,0.728540886909108,15.875,0.297923541461482,0.75,1,8
"FluSight-trained_mean","01",0.299822012118017,0.336504125548914,2.6964741607245,0.167515492538708,0.962767066222494,1.00727111185422,3.78369566482437,0.218545377917519,0.75,1,8
"FluSight-trained_mean","02",0.66809713276651,0.92277988823784,0.781581541124296,0.346314305818688,0.887313653848712,0.822505719790932,1.44185497996926,0.654589227592153,0.25,0.625,8
"FluSight-trained_mean","04",0.352730533408958,0.380245878268975,6.46273467644511,0.180801458205766,0.826505539920855,0.872733229167013,11.1014524793783,0.313862361433184,0.375,1,8
"FluSight-trained_mean","05",0.305684198150123,0.712559389841117,2.10468007906996,0.453537742641241,0.715138833238187,0.803860360846514,3.27116885154094,0.718687146222408,0.25,0.875,8
"FluSight-trained_mean","06",0.273716486946189,0.226318669648956,12.4192847615026,0.103603372761611,0.898104198020083,1.08045301426212,16.0899348225962,0.136810110961355,0.875,1,8
"FluSight-trained_mean","08",0.232247312061157,0.387393633548363,1.81060717419385,0.21505730513475,0.600842994689798,0.678677639872492,2.55117738285066,0.354784500398749,0.625,1,8
"FluSight-trained_mean","09",0.207758791166409,0.475406802298563,1.18462002979925,0.26225478165384,1.1897211219218,1.19765655180349,1.7077909080318,0.398345589320824,0.625,1,8
"FluSight-trained_mean","10",0.30720647602503,0.742292364430748,0.732710319791891,0.347365717562328,0.600965836000655,0.708559863199723,1.04849339111967,0.537249261687113,0.5,0.625,8
"FluSight-trained_mean","11",0.66271239003785,1.00665929160631,1.19815745675829,0.471802065596767,0.892586632464027,0.807954572849818,2.02020029670271,0.863963297140647,0.25,0.875,8
"FluSight-trained_mean","12",0.37238613806861,0.268310630983728,14.4306114328487,0.138672160886365,1.2656922494602,1.33014082056081,24.2477044512859,0.21976409662306,0.625,1,8
"FluSight-trained_mean","13",0.301387842273167,0.448766273050901,4.68392454233445,0.269093866645298,0.57658804203855,0.646977998995831,7.33019152001994,0.439041361709757,0.25,1,8
"FluSight-trained_mean","15",0.649345569487832,0.626370148198535,2.74069467647822,0.266050121051174,0.651818602223757,0.723025129201178,4.18069133873183,0.424520096630349,0.625,1,8
"FluSight-trained_mean","16",0.311782689335375,0.577854042985653,1.23571037192968,0.288806060366756,0.710186474545129,0.827977365840385,1.94931508404435,0.490220114525338,0.375,1,8
"FluSight-trained_mean","17",0.534262985816762,0.551562730932041,10.8833201361028,0.385707157881277,0.981102261229996,0.979362505551555,15.0321382951969,0.5833550168791,0.5,0.75,8
"FluSight-trained_mean","18",0.206391313559739,0.405352431718494,2.74856788233111,0.243221403945229,0.659418423340087,0.733599738851209,4.40532013510438,0.418546693761015,0.625,1,8
"FluSight-trained_mean","19",0.244942409120351,0.677806209040036,1.05298282790327,0.362386371130823,0.827562007537436,0.758175645396059,1.73374945530921,0.598537235055389,0.5,0.75,8
"FluSight-trained_mean","20",0.171437110683137,0.396835779473002,0.754633821336393,0.202634977613764,0.562759486231935,0.616732212116601,1.09269765339393,0.29253901888196,0.625,1,8
"FluSight-trained_mean","21",0.576809495841234,0.726893165594173,6.21414333271981,0.470348830014522,1.21355306880017,1.23480702478736,10.0213666222238,0.758365641776591,0,0.875,8
"FluSight-trained_mean","22",0.485548572964767,0.447093166999796,4.73886722961426,0.20699564195546,1.28027260190642,1.32529870300036,8.47498404661638,0.35349055546671,0.25,1,8
"FluSight-trained_mean","23",0.312150472258575,0.759799778702479,0.838481728189537,0.348346087085257,0.591832269656851,0.719126525963078,1.1045317291845,0.525736522443143,0.5,0.625,8
"FluSight-trained_mean","24",0.268503937936435,0.366011846255478,2.30383242968484,0.188426366218547,1.55268670172678,1.7130594470188,3.31203265698581,0.262625882630596,0.75,1,8
"FluSight-trained_mean","25",0.285256162492009,0.828531790152637,3.95255003512547,0.587981320952654,0.778970293008668,0.875062161182322,6.80001408991326,0.967464507804286,0.125,0.75,8
"FluSight-trained_mean","26",0.219097151784338,0.460355104288691,3.84783755987516,0.305354951271723,0.627712096523899,0.731252011839995,5.93968213399314,0.505209038027911,0.5,1,8
"FluSight-trained_mean","27",0.289508985174215,0.583262864873775,2.68793806056843,0.350583258650693,0.495886229889839,0.635582249932178,4.34329000524286,0.600520629555321,0.375,0.875,8
"FluSight-trained_mean","28",0.322846926490862,0.390028113128943,1.84993605589806,0.198414403846901,0.864028954148942,0.883395463362263,2.2719600630374,0.266684069210615,0.75,1,8
"FluSight-trained_mean","29",0.272176598541131,0.415306478146904,3.08712144626851,0.245670317223607,1.11072458021306,1.16066852236904,5.00943219109558,0.373802561679812,0.375,1,8
"FluSight-trained_mean","30",0.50998564166261,0.876776636793181,1.29478076685174,0.411181525908859,1.06410254105253,1.08389411813488,2.16413438478346,0.721260114547,0.375,0.75,8
"FluSight-trained_mean","31",0.578349201335075,1.40399165666202,1.56959938125062,0.674909299710798,NA,NA,2.46695569584411,1.09487812171784,0,0.125,8
"FluSight-trained_mean","32",0.423037845626284,0.428576710761235,2.80912860654938,0.137993699429225,0.591233963011047,0.62570270297431,3.84495982897059,0.194283348971395,0.75,1,8
"FluSight-trained_mean","33",0.350037236381767,0.756550641216719,0.852747029422638,0.358674275415357,0.934902172506131,0.97640860682789,1.41947095974391,0.602855721254896,0.375,0.625,8
"FluSight-trained_mean","34",0.202738169488034,0.263215928814807,3.92084537248533,0.145484870278243,0.395946992390178,0.453052089850198,5.59548351016897,0.224538231683025,0.75,1,8
"FluSight-trained_mean","35",0.252399143778828,0.545284417449497,1.13592797118416,0.287670648872337,0.872263919853705,0.907883879323791,1.52341663642608,0.447656148951034,0.375,1,8
"FluSight-trained_mean","36",0.198487764506779,0.27177818291514,6.2211646473674,0.184097026479578,0.538054471380452,0.587752730963719,8.7030755068697,0.278638727076844,0.625,1,8
"FluSight-trained_mean","37",0.118066048604903,0.269843448825698,1.97360125855088,0.1754922582541,0.634431044011531,0.696114342058434,2.44071018513388,0.238887685394187,0.75,1,8
"FluSight-trained_mean","38",0.498800229899209,0.606626735500273,1.30854748302657,0.232385939891133,0.629676178708616,0.621184118253847,1.89235945187104,0.324489284548872,0.5,1,8
"FluSight-trained_mean","39",0.113027441668495,0.254787373785412,2.35614754899321,0.17237144554219,0.876971128468785,0.863197913705368,3.10049458056283,0.212432219890074,0.75,1,8
"FluSight-trained_mean","40",0.442662033026085,0.596927021420254,3.85514253746107,0.348633259746878,1.32148832133482,1.43215200420571,6.36352668445498,0.560399717837181,0.25,1,8
"FluSight-trained_mean","41",0.321869536563887,0.726240572702934,2.2193572296072,0.427588833844123,0.89127345079776,0.979666377366388,3.52724342572755,0.690688088895795,0.375,0.875,8
"FluSight-trained_mean","42",0.654908173703772,0.51816572904493,26.2258251000136,0.199109855573524,2.29024363064904,2.70803950245404,46.733027481008,0.350200711033361,0.25,1,8
"FluSight-trained_mean","44",0.417174141796913,0.812803685372981,1.31279064494069,0.453941743680367,0.441119973363818,0.639366273348554,1.80560949367268,0.664175663889975,0.375,0.75,8
"FluSight-trained_mean","45",0.188749942619783,0.399923352199154,1.66694228925183,0.233487817816554,0.667424428988631,0.757663804694467,2.58740737200737,0.38067795728307,0.5,1,8
"FluSight-trained_mean","46",0.445438112102351,0.744117097457965,1.02877591064501,0.371598464955132,0.787716914935689,0.856213484610767,1.64411019171867,0.580150230274499,0.5,0.75,8
"FluSight-trained_mean","47",0.202261403220886,0.221977934488601,2.6562170317376,0.0982522346644112,0.315092902221052,0.348543214112924,2.430866817829,0.0919615134206904,1,1,8
"FluSight-trained_mean","48",0.21116314798828,0.167992652480162,8.86730435120061,0.0978160485765905,1.02602602589458,1.06879635343594,9.52636617407025,0.103262396912092,1,1,8
"FluSight-trained_mean","49",0.488101228135549,0.652321282913035,1.63915084977593,0.297965274822324,1.0215338007464,1.11613918994519,2.85083550353029,0.516977314106781,0.375,1,8
"FluSight-trained_mean","50",0.451476182590575,0.822605921877667,0.42835963122919,0.257258189537091,1.19891212359124,1.30720223160323,0.602330471739898,0.362270088361896,0,0.25,8
"FluSight-trained_mean","51",0.200890650376871,0.280447061652269,2.56910807469486,0.16562830763653,0.746895918231281,0.780891208335334,3.47142709190516,0.234448033573995,0.75,1,8
"FluSight-trained_mean","53",0.39768718507928,0.483006606123564,3.87524017870743,0.247920928014271,0.664235601248602,0.764598784305929,6.52586390491648,0.428939379076104,0.25,1,8
"FluSight-trained_mean","54",0.189089455663613,0.40189104710583,0.87859376472411,0.214925655645349,0.857590196622704,0.885457200124601,1.30054427080701,0.31067200376049,0.75,1,8
"FluSight-trained_mean","55",0.161352062772116,0.66571233238824,1.31710012977567,0.427504688892623,0.584224976618675,0.740319622060605,1.82677829156092,0.650203549006328,0.5,0.625,8
"FluSight-trained_mean","56",0.447435508961713,0.8116913202998,1.42905935761811,0.498921596606694,0.42881740429454,0.615709982207531,2.14694550748066,0.765138441255203,0.25,0.75,8
"FluSight-trained_mean","72",0.698101945288336,0.65192561233634,12.7045948698195,0.217242950617185,0.713358566617986,0.777075520145748,17.0721627831352,0.318129364935021,0.625,0.875,8
"FluSight-trained_med","01",0.311332854439939,0.356958736072007,2.7944360192039,0.177614445814637,0.879303598851222,0.902045288908094,3.46141005234942,0.19594656930004,0.75,1,8
"FluSight-trained_med","02",0.698131630756551,0.967246074044156,0.814337928171003,0.361297683212292,1.05125979502527,1.05765019720391,1.69703687631352,0.833936806916463,0.5,1,8
"FluSight-trained_med","04",0.368848821773336,0.395681765791426,6.81294734895058,0.189464640494047,0.782448379631303,0.838206838694866,10.7139445629184,0.308682236669716,0.5,1,8
"FluSight-trained_med","05",0.330251224592685,0.728014824710264,2.28644019580337,0.464437888846329,0.795607846031218,0.858304896093922,3.70023024365993,0.77742626164223,0.25,1,8
"FluSight-trained_med","06",0.270179407886941,0.213344033340543,12.1333232241835,0.0965296344611693,0.589057189085832,0.656991981109402,9.83111472950078,0.0773213820604653,1,1,8
"FluSight-trained_med","08",0.219916776851623,0.374813424078325,1.70854334963441,0.207045403289207,0.571524400861255,0.652293792438379,2.43438557343766,0.34202060970817,0.875,1,8
"FluSight-trained_med","09",0.181051800233682,0.441167757611068,1.03078444618334,0.244094562127717,0.928810766459297,0.974554315087177,1.33195423215593,0.324540615271163,0.75,1,8
"FluSight-trained_med","10",0.320862750892182,0.724391904380894,0.763270750934632,0.337875541794034,0.727552109183927,0.806682022876882,1.26653458955024,0.610677558448832,0.625,1,8
"FluSight-trained_med","11",0.639004169431235,0.990578270343048,1.15197765911734,0.462429924937527,0.941172286706642,0.889715738805459,2.12330805163571,0.9467498983227,0.375,1,8
"FluSight-trained_med","12",0.389645143266976,0.288579682689411,15.1445288857398,0.149686175162202,1.02485813999029,1.0636755930049,19.81577168113,0.177694619919026,0.75,1,8
"FluSight-trained_med","13",0.323356350439317,0.462555659035093,5.0305658309244,0.276720149393869,0.632787452275679,0.69223149568899,8.09744445868292,0.47253679706747,0.375,1,8
"FluSight-trained_med","15",0.644655171707963,0.646550400093211,2.71369578538525,0.273877366100377,0.612428105529242,0.682740454765731,3.90842179271117,0.399008721792807,0.625,1,8
"FluSight-trained_med","16",0.312639786089367,0.569756079753301,1.2368391183224,0.284366429188604,0.720941977569979,0.834978444815825,1.97895041112273,0.493833145467861,0.5,1,8
"FluSight-trained_med","17",0.507834163099325,0.558182967973427,10.3543917246977,0.390451909357202,1.01309802151083,1.03253097780894,15.5102899584186,0.613801852977881,0.625,1,8
"FluSight-trained_med","18",0.237583588947918,0.437725285740029,3.1649563076769,0.262507663548426,0.75556262370663,0.816176400094767,5.06375,0.466326237281226,0.625,1,8
"FluSight-trained_med","19",0.241878802940903,0.651564826449049,1.04241262408477,0.349963814077898,0.820499803637509,0.76986304531144,1.72623642425636,0.611227688964891,0.625,1,8
"FluSight-trained_med","20",0.190398164195239,0.436921924360123,0.838686702570096,0.222761643373936,0.606687491582923,0.670566290439275,1.17705500731482,0.317025515367196,0.75,1,8
"FluSight-trained_med","21",0.543838061119315,0.714384252303003,5.85814358460012,0.462241006248015,1.25451302967708,1.29816140042134,10.3565008617239,0.79674163111091,0.125,1,8
"FluSight-trained_med","22",0.498387810542907,0.467863295294308,4.86555099145336,0.216761805853753,1.26844932232216,1.3125726335096,8.41300203318761,0.350856462245657,0.25,1,8
"FluSight-trained_med","23",0.307047014849352,0.731798261033992,0.824759283359826,0.335577220374416,0.657234459288467,0.764784123578796,1.22419532405154,0.558787794481575,0.625,1,8
"FluSight-trained_med","24",0.2584738590884,0.371021767633283,2.21686148747795,0.190903370050101,1.38574085837565,1.50308976339505,2.96000387286394,0.230857394262916,0.75,1,8
"FluSight-trained_med","25",0.260056383244014,0.735259598078224,3.59552198753042,0.521097604007416,0.737077751806876,0.843644999274828,6.42596040912335,0.931727567480163,0.375,1,8
"FluSight-trained_med","26",0.220854018277762,0.445143200334102,3.8458083334043,0.292950207770576,0.628983510986767,0.728582315586449,5.88428840385015,0.498201725969049,0.5,1,8
"FluSight-trained_med","27",0.313372687451642,0.606307188485269,2.90737812941037,0.363895155256092,0.533288808194146,0.669542501249064,4.67831475141954,0.634020452703347,0.375,1,8
"FluSight-trained_med","28",0.325279325143715,0.391110416464563,1.86202707541183,0.19872262118317,0.742948547557375,0.789378627121897,1.97059238176913,0.2402798547154,0.75,1,8
"FluSight-trained_med","29",0.26453455771605,0.414403036519588,3.0088405116227,0.245915473106222,1.03373766074158,1.05139822153485,4.65897664475513,0.338177142059349,0.625,1,8
"FluSight-trained_med","30",0.503270290266497,0.858889614845935,1.27718654219307,0.403526327601114,1.08647843166818,1.11805887496483,2.22175999721416,0.748208589231745,0.375,1,8
"FluSight-trained_med","31",0.482819599495376,1.11927033332777,1.32146450841712,0.539598709331347,NA,NA,2.1105202145727,0.971384583733054,0.375,1,8
"FluSight-trained_med","32",0.451428460784016,0.493288239532457,2.97684454687069,0.157948431247923,0.700308240174054,0.713397645920582,4.49534430556317,0.217955366759203,0.875,1,8
"FluSight-trained_med","33",0.342383556589829,0.712025583469428,0.831452570993387,0.33625170655908,0.851381921988747,0.890655765628043,1.28709132284744,0.548237976159398,0.5,1,8
"FluSight-trained_med","34",0.223716604232935,0.297611006879684,4.32763608119244,0.164760954069917,0.419146248149007,0.467824451462461,5.94948718347504,0.232027244016693,0.875,1,8
"FluSight-trained_med","35",0.222502164921723,0.490386180221985,0.995310677222644,0.257195255078275,0.692163013393469,0.758900018733977,1.19601382282741,0.371795169054232,0.625,1,8
"FluSight-trained_med","36",0.213899325692252,0.296187295993749,6.6994849888826,0.2009208646795,0.534279035375918,0.579053231527124,8.6033885967017,0.273118188797043,0.75,1,8
"FluSight-trained_med","37",0.145819523766436,0.3183175548678,2.44179974170389,0.207199365139957,0.732956271944371,0.778124214387897,2.81471020139019,0.266106109429271,0.875,1,8
"FluSight-trained_med","38",0.474249772470879,0.583588720554364,1.24763372240852,0.224657121633573,0.572805645778736,0.563955192325041,1.72132481061867,0.294861071269337,0.75,1,8
"FluSight-trained_med","39",0.130859461706299,0.287283581910154,2.73828915103925,0.195117957464475,0.922480776100427,0.918895527822451,3.26861491968926,0.226712983469479,0.875,1,8
"FluSight-trained_med","40",0.368990262955639,0.496780585835895,3.21750326346762,0.290903900018994,1.1235120065839,1.15086526817906,5.44601158858421,0.45346377202429,0.5,1,8
"FluSight-trained_med","41",0.308841027321775,0.687508005644083,2.12568254540423,0.404865479087271,0.883535470011856,0.968488320740652,3.49023255923845,0.68198240485102,0.5,1,8
"FluSight-trained_med","42",0.578389243116034,0.461233961685339,23.1472200325904,0.177117664337008,1.89166530727637,2.14194667003206,38.5536775867238,0.27653367079441,0.25,1,8
"FluSight-trained_med","44",0.458637212848298,0.810606587391295,1.4419254711821,0.452165916700148,0.531390934581548,0.702981763182016,2.17047400034675,0.728506502381822,0.5,1,8
"FluSight-trained_med","45",0.212154979401357,0.439989307568647,1.87474603439456,0.256868673650709,0.721037605535894,0.810565296488904,2.80173493874043,0.407893408924667,0.625,1,8
"FluSight-trained_med","46",0.450549602633949,0.741179072695164,1.04048134033374,0.370047391455131,0.780443901060209,0.855967020725631,1.62637761713806,0.578825765931163,0.625,1,8
"FluSight-trained_med","47",0.231308820344001,0.253729225581612,3.04080722257134,0.112476944708147,0.303466550861662,0.340096812472868,2.35384634410568,0.0900174774871792,1,1,8
"FluSight-trained_med","48",0.257284334922317,0.208335634915751,10.8299057916761,0.121787340073572,0.910014017843023,0.934983934163178,8.3662462137463,0.089125146527494,1,1,8
"FluSight-trained_med","49",0.490188806994365,0.662078981208325,1.64257505623443,0.301309575186637,0.995020578804071,1.07563108088742,2.77736458428488,0.498289130272679,0.375,1,8
"FluSight-trained_med","50",0.405996622264719,0.667846224624368,0.382579124411884,0.206408639084455,1.05996140172661,1.09029297853797,0.528238886203782,0.298116792791539,0.75,1,8
"FluSight-trained_med","51",0.210260945340514,0.31010361057232,2.68201533589001,0.182390247711333,0.773595526025235,0.807182471561318,3.58259922764679,0.241620756694697,0.875,1,8
"FluSight-trained_med","53",0.427992149959385,0.515184152232809,4.17286725596543,0.264839038396926,0.730746493659225,0.828564578293241,7.19370141382011,0.465746621611619,0.25,1,8
"FluSight-trained_med","54",0.220467035881824,0.518174085892084,1.02788397709072,0.278670084640136,1.04185868407416,1.16551702083503,1.60223151623686,0.41924571716973,0.875,1,8
"FluSight-trained_med","55",0.167442369349014,0.626374672716907,1.35961342227823,0.396181260983178,0.54100682305828,0.705420050312376,1.69172489161501,0.620072759646663,0.625,1,8
"FluSight-trained_med","56",0.500540730131605,0.808274495019071,1.58681759505115,0.492365253098819,0.49007611383014,0.66671791418929,2.44167528580935,0.824943798065812,0.125,0.875,8
"FluSight-trained_med","72",0.628498618679577,0.613968749183659,11.4401873379804,0.204637749910356,0.695723281556016,0.758804370004357,16.6397979247274,0.310495810244481,0.625,1,8
"Gatech-ensemble_prob","01",0.629124189378383,0.521373270842207,5.6020652173913,0.255375957615443,1.59370416857226,1.50326567871339,6.125,0.315756494605014,1,1,8
"Gatech-ensemble_prob","04",0.7009998033087,0.866063584461999,12.7565760869565,0.404465167532196,0.870267456064633,0.894415228481459,11.5,0.31463769405008,1,1,8
"Gatech-ensemble_prob","06",0.499248352860221,0.49723318409278,22.5503804347826,0.226546195031904,1.5182869287662,1.84122661802779,24.75,0.2108060415328,1,1,8
"Gatech-ensemble_prob","08",0.427653599731925,0.620147845436594,3.3879347826087,0.345231410294623,0.900174750593712,0.940588746329507,4,0.510839722370078,1,1,8
"Gatech-ensemble_prob","09",0.692449413283446,0.985902589983284,4.0066847826087,0.549930901347202,4.01673167755671,3.07453214973903,5.75,1.02669177055516,0.75,1,8
"Gatech-ensemble_prob","10",0.615663502657327,1.00353069000624,1.48152173913043,0.470560101098944,1.27355924080555,1.18016709104616,2.25,0.902394234756404,0.75,1,8
"Gatech-ensemble_prob","11",0.778967328168964,0.738535668644508,1.41190217391304,0.351948378755908,0.772955700722416,0.503671776318316,1.75,0.549891512822102,0.875,1,8
"Gatech-ensemble_prob","12",0.445468236513407,0.334210983470646,17.4764130434783,0.174899686090618,1.06195621339469,1.07604454338829,20.25,0.176689840654359,0.875,1,8
"Gatech-ensemble_prob","13",0.419491864401435,0.588198109645605,6.58326086956522,0.353674323892127,0.625882090005999,0.696621937943426,8,0.474862782804566,0.75,1,8
"Gatech-ensemble_prob","15",0.661229710931027,0.658548441635236,2.78472826086957,0.279562922092065,0.683141577935427,0.759104197955342,4.375,0.44449137274216,0.625,1,8
"Gatech-ensemble_prob","16",0.578610446631172,0.805698471889145,2.29440217391304,0.400822241912385,1.10952337001132,1.13943525363898,3,0.664919154204499,0.75,1,8
"Gatech-ensemble_prob","17",0.813859377464737,0.717924627987735,17.3394565217391,0.524561420863355,1.77160935459606,1.54826207895446,28.375,0.963515874608525,0.5,1,8
"Gatech-ensemble_prob","18",0.443162470825238,0.657912464051195,5.96407608695652,0.394904112943515,1.17623482991388,1.12795538828795,8,0.651303478804326,1,1,8
"Gatech-ensemble_prob","19",0.644110830003145,1.05530438817897,2.82222826086957,0.570878040003774,1.70306237345218,1.14505756326411,3.625,0.912703878357772,0.75,1,8
"Gatech-ensemble_prob","20",0.697569972715816,0.850284832915921,3.14005434782609,0.445130894874772,2.50065455992605,1.7665869286437,5,0.863025105557194,0.875,1,8
"Gatech-ensemble_prob","21",0.471827923839178,0.677728736409822,5.0941847826087,0.43832278241363,1.10996659296678,1.06918835151543,9.125,0.651129687967525,0.75,1,8
"Gatech-ensemble_prob","22",0.490220232817584,0.474137190883479,4.78923913043478,0.219918223906575,1.05686523888869,1.04471850772862,7,0.27848250062729,1,1,8
"Gatech-ensemble_prob","23",0.827080036796312,1.22397039769502,2.25119565217391,0.566318648365828,1.92106438771473,1.48912958659161,3.625,1.09861228866811,0.625,1,8
"Gatech-ensemble_prob","24",0.548671073997154,0.55142816431031,4.74135869565217,0.284392463572278,1.92486848417876,1.80228988489355,4.125,0.276862333384407,1,1,8
"Gatech-ensemble_prob","25",0.549108500717108,0.940959401779804,7.6670652173913,0.661220116157215,1.3296513760481,1.18823865037657,11.75,1.31960231698239,0.75,1,8
"Gatech-ensemble_prob","26",0.78904924119329,0.93620569616337,13.8447826086957,0.615171369960506,2.48197828105435,1.76149172314419,23.125,1.19040468513401,0.25,1,8
"Gatech-ensemble_prob","27",1.0596870175967,1.1797033127627,9.85478260869565,0.698572482698603,1.85491623354601,1.45349762119975,16.25,1.3558802152578,0,1,8
"Gatech-ensemble_prob","28",0.731448042797206,0.682355855986054,4.22483695652174,0.34864946084532,2.75621304351244,2.22158130862452,7.125,0.658798832501689,0.625,1,8
"Gatech-ensemble_prob","29",0.449767571787293,0.518411750432485,5.22255434782609,0.312655241025016,0.870366057360456,0.828356963225491,4,0.271926153836442,1,1,8
"Gatech-ensemble_prob","30",0.518988212333715,0.838157471264227,1.26021739130435,0.382707497157955,1,1,2,0.655218376882455,0.875,1,8
"Gatech-ensemble_prob","31",1.23396152678695,2.07629386605077,3.28978260869565,0.993063043622678,NA,NA,5.375,1.71936280450146,0.125,1,8
"Gatech-ensemble_prob","32",0.597688780404569,0.679878600438871,3.96304347826087,0.218608197777227,0.762689508027416,0.783892110277274,4.875,0.238177273207925,1,1,8
"Gatech-ensemble_prob","33",0.859488392079657,1.16993018147481,2.11782608695652,0.556851076932507,2.12786474849536,1.57774303573886,3.25,0.977420382868989,0.625,1,8
"Gatech-ensemble_prob","34",0.34610274153073,0.531213239488992,6.80108695652174,0.299842348211493,0.20497349640354,0.253242552311252,2.875,0.124843960465658,1,1,8
"Gatech-ensemble_prob","35",0.62578075350368,0.87533770915831,2.83554347826087,0.462862319199056,2.61478477193248,1.88509455762409,4.5,0.918528865040797,0.875,1,8
"Gatech-ensemble_prob","36",0.390144454273438,0.570468316167814,12.4847826086957,0.393640108136206,0.568137728936381,0.619820273647977,9.25,0.295800102917126,1,1,8
"Gatech-ensemble_prob","37",0.662239553592452,0.834247927741669,11.1921739130435,0.545070372769784,4.18782791555951,2.86022215889682,16.375,0.991817232610155,0.875,1,8
"Gatech-ensemble_prob","38",0.539026366141303,0.669238975261072,1.42494565217391,0.258653146416335,0.665290956113516,0.665654481438628,2,0.348867232613497,0.875,1,8
"Gatech-ensemble_prob","39",0.317668564220902,0.596327253449472,6.78130434782609,0.410109437773794,0.830887131361294,0.823078632717256,3.125,0.217314369338655,1,1,8
"Gatech-ensemble_prob","40",0.591837214628887,0.528099417159857,5.16,0.309322663700174,1.01308295412473,0.86361749790709,4.875,0.340947950644931,1,1,8
"Gatech-ensemble_prob","41",0.580514789548656,0.900657817668091,4.05260869565217,0.536169833040021,1.31643038471277,1.25287163742821,5.25,0.888397787959879,0.75,1,8
"Gatech-ensemble_prob","42",0.637434718549738,0.559124471586221,25.6147826086957,0.216003312050239,1.81637059342945,2.04977076865993,36.875,0.263418810554737,0.875,1,8
"Gatech-ensemble_prob","44",0.44137345611821,0.718885036497515,1.39483695652174,0.402699333076393,0.455209655621807,0.656362363703147,1.875,0.685079865417749,0.75,1,8
"Gatech-ensemble_prob","45",0.387201802795091,0.632272822105168,3.46239130434783,0.371369096290657,0.833077350002001,0.889064326126559,3.25,0.448525235795062,1,1,8
"Gatech-ensemble_prob","46",1.02583509285815,1.15519444888837,2.42130434782609,0.584056082316195,1.79899396815604,1.43738568421817,3.875,0.994801320406406,0.5,1,8
"Gatech-ensemble_prob","47",0.399494862206241,0.463645402692012,5.30271739130435,0.20772574976687,0.390363485762588,0.422938736879449,3,0.111010536336009,1,1,8
"Gatech-ensemble_prob","48",0.428656126572594,0.392888858286122,18.0950543478261,0.22915443893155,1.5521632391746,1.58856643633337,13.625,0.144122031498568,1,1,8
"Gatech-ensemble_prob","49",1.02304840005861,0.821399109637619,3.45233695652174,0.371185205755533,1.97078993622826,1.4490423459698,5.5,0.661704302330457,0.625,1,8
"Gatech-ensemble_prob","50",2.70519822204462,2.68223892849297,2.62994565217391,0.856197486366113,8.60382373300375,5.25753027754234,4.5,1.51710639706103,0.25,1,8
"Gatech-ensemble_prob","51",0.477668413514823,0.524717145481138,6.0866847826087,0.307488748694369,1.66467586711718,1.49479677635293,7.5,0.435010572206969,1,1,8
"Gatech-ensemble_prob","53",0.435609249564459,0.557814438948079,4.27657608695652,0.290450059991753,0.46928004658344,0.570083555977164,4.625,0.320462976393617,1,1,8
"Gatech-ensemble_prob","54",0.507774883693386,0.656016728332172,2.40766304347826,0.353586260728177,1.61882536058157,1.33433066596518,2.5,0.474384141192774,0.875,1,8
"Gatech-ensemble_prob","55",0.954223009655883,1.48414709204869,7.78989130434783,0.934566620431688,4.06556308752015,2.10295717806502,12.625,1.79458297088274,0.125,1,8
"Gatech-ensemble_prob","56",0.453367503764326,0.707930911928979,1.44070652173913,0.431451134247841,0.475996844230149,0.656157408897463,2.375,0.812786271359247,0.5,1,8
"Gatech-ensemble_prob","72",0.877228741443196,0.781482934963818,15.9778804347826,0.260625835626704,1.00504748695528,1.00353463734548,24.125,0.411587231994636,0.5,1,8
"Gatech-ensemble_stat","01",0.688894920370592,0.696389254501636,6.16526953808719,0.344767814207029,1.15646156810484,1.13390248393611,4.53765964967534,0.243515860642457,1,1,8
"Gatech-ensemble_stat","02",0.784656481344537,1.06790501686744,0.915269919222855,0.398156606296328,1.00167435394755,1.00299398202615,1.62036736072862,0.791156430092487,0.5,1,8
"Gatech-ensemble_stat","04",0.568102673812379,0.547602446223733,10.7439929990711,0.265771451186904,1.04136391241711,1.03208210767685,14.8602258204375,0.394012554181485,0.75,1,8
"Gatech-ensemble_stat","05",0.576498547200047,0.843827625647036,3.95433129899975,0.52466307074828,1.15023434972026,1.08650535039989,5.32074621040734,0.97243737962888,0.75,1,8
"Gatech-ensemble_stat","06",0.541194000290913,0.461914075448713,24.5621103380877,0.211142073927522,0.452247514528233,0.480698917549992,7.1702200121993,0.0536216316050528,1,1,8
"Gatech-ensemble_stat","08",0.701931186932684,0.858885126671132,5.50798399089574,0.47285244650251,0.619854755841157,0.68182490283286,2.60781864705795,0.352629188545847,1,1,8
"Gatech-ensemble_stat","09",0.577056172192334,0.868526714746802,3.3477787261951,0.487529134271995,1.27599317480396,1.75408650005868,1.82014122971434,0.604835118630068,1,1,8
"Gatech-ensemble_stat","10",0.632475473932747,0.833132167948098,1.52361102368273,0.388682351461542,0.653168804360147,0.73718367084654,1.12892685485143,0.553557823585725,1,1,8
"Gatech-ensemble_stat","11",0.630656738554964,0.956967279779586,1.14062460118911,0.447688086432361,0.950578198690128,0.909032132956981,2.14565088104172,0.968197864417435,0.375,1,8
"Gatech-ensemble_stat","12",0.7516923547408,0.550219025217783,30.0936017345194,0.291914373065746,1.08722012659525,1.07344180665236,21.3031288983798,0.180882889124463,1,1,8
"Gatech-ensemble_stat","13",0.810966323400051,0.878033538685172,12.8784010989394,0.531058447940332,0.882328334641801,0.91030217956816,11.4697588783104,0.627439052238044,0.875,1,8
"Gatech-ensemble_stat","15",1.12326186053446,0.929661663344648,4.9071784570446,0.403707029160341,1.18597685280461,1.12556856863133,7.95859055303172,0.679133028359761,0.375,1,8
"Gatech-ensemble_stat","16",0.593256718575744,0.790620911918076,2.34621939280543,0.39258229726776,1.06912528485817,1.05788645368444,2.90109286259504,0.619600573069935,0.875,1,8
"Gatech-ensemble_stat","17",0.674427993003778,0.875053092903095,14.1512240184663,0.624171041260161,0.943581940589646,0.936128451003497,14.4095935529121,0.554578171722817,0.75,1,8
"Gatech-ensemble_stat","18",0.605843257412641,0.778532387729347,8.10905589549745,0.465853192711622,1.29080595335171,1.17753601055649,8.54211255653369,0.664836305809504,1,1,8
"Gatech-ensemble_stat","19",0.485178272583596,0.890329309935571,2.10313233779768,0.482430748014624,1.03084639385584,1.06356475076304,2.18965739740067,0.869095376456683,0.75,1,8
"Gatech-ensemble_stat","20",0.524738214022633,0.79873419336979,2.40300426712131,0.413135315584219,1.22516382546875,1.31230636116402,2.44697685676873,0.633120342465517,1,1,8
"Gatech-ensemble_stat","21",0.54789993256982,0.778656290261662,5.94181672891688,0.509817308930187,1.08504521293052,1.15398315432105,9.13771250411237,0.735499926518643,0.75,1,8
"Gatech-ensemble_stat","22",0.768403323589337,0.692989874200409,7.59752714402763,0.323618804264063,0.956469332520115,0.942389887718491,6.4625286847691,0.256925879204345,1,1,8
"Gatech-ensemble_stat","23",0.512811137749155,0.743316940384366,1.37657754595401,0.33776455480441,0.593926127224439,0.623434553516454,1.09257956081303,0.447674054166054,1,1,8
"Gatech-ensemble_stat","24",0.774363881420364,0.831029176783775,6.71537809363993,0.429394971288526,1.0827687230401,1.05674448610984,2.26930105189615,0.158883555603535,1,1,8
"Gatech-ensemble_stat","25",0.628504534882444,0.86541252840978,8.74925577104513,0.598215247647138,0.769437794033554,0.849298773579985,6.66673067441202,0.929947674276718,1,1,8
"Gatech-ensemble_stat","26",0.594786326503409,0.7890374193187,10.4102256006257,0.515914552042397,0.930267492050569,0.941135907452473,8.55333843081999,0.632943541190207,1,1,8
"Gatech-ensemble_stat","27",1.01012997530441,1.00397994938985,9.40157130654808,0.587540756900492,1.04854787659613,1.03379902440955,9.13458320938084,0.96371530776385,1,1,8
"Gatech-ensemble_stat","28",0.565335882349221,0.619693983690594,3.25859497923139,0.315848044960391,0.878424248483342,0.891518393061551,2.30936398113314,0.269317173190005,1,1,8
"Gatech-ensemble_stat","29",0.572344738101973,0.762814514344497,6.67372782033657,0.458897989461206,0.946892339283186,0.953743144400154,4.27132185462262,0.307198693118918,1,1,8
"Gatech-ensemble_stat","30",0.573119866695761,0.908537388901337,1.41851149754428,0.424455425620482,1.18524214908901,1.22615815349282,2.41723500996092,0.830695899754855,0.625,1,8
"Gatech-ensemble_stat","31",0.411805202016991,0.759881006705549,1.13423686326683,0.369851520317222,NA,NA,1.37343700031568,0.585630834983329,0.75,1,8
"Gatech-ensemble_stat","32",0.849229641681528,0.769462183436998,5.73163723536649,0.250426164961919,0.864568983669616,0.899114977311147,5.77211936181141,0.285558276765496,1,1,8
"Gatech-ensemble_stat","33",0.818131459583891,0.969592655120871,2.02596458237961,0.461740763113585,1.0822163551334,1.04591294213834,1.6134686641795,0.636868847610816,0.75,1,8
"Gatech-ensemble_stat","34",0.853231323099914,0.877079286295901,16.8499553458462,0.494026242222391,0.973664183166938,0.971799373721764,13.8334979516323,0.484810569987352,1,1,8
"Gatech-ensemble_stat","35",0.564693690361529,0.810870280679587,2.56967499177152,0.42522255631788,0.776719413099089,0.809840834809224,1.32114911674312,0.391810628370111,1,1,8
"Gatech-ensemble_stat","36",0.867241703505307,0.936488479485142,28.1218771130841,0.648435913189223,0.810027696936048,0.827870592124349,13.676900873589,0.406841514288521,1,1,8
"Gatech-ensemble_stat","37",0.816022795225783,0.985636968028974,13.8559330972823,0.644220934083703,0.936240250706408,0.932980714369257,3.58860545747583,0.317468052313593,1,1,8
"Gatech-ensemble_stat","38",0.774381352302201,0.809933793746173,2.08088324745381,0.317161741998519,0.727024928125516,0.77714358597253,2.23305396641919,0.417648753371574,1,1,8
"Gatech-ensemble_stat","39",0.500237899958979,0.801228960974709,10.7779417935865,0.551736491388452,0.902787070510136,0.890343146088987,3.35486973053116,0.231388999349097,1,1,8
"Gatech-ensemble_stat","40",0.446102426960638,0.613047341008554,3.8909453407712,0.359171561689201,0.988587485461897,0.976412448262543,4.80173437615935,0.387132889520089,1,1,8
"Gatech-ensemble_stat","41",0.551621722744412,0.837566913121401,3.83866187793059,0.498226494128546,1.01935738333523,1.03436353900444,4.05147953637118,0.729280563093427,0.875,1,8
"Gatech-ensemble_stat","42",0.896779032348672,0.807791462140518,36.6680185489188,0.316411927789373,1.43476416986211,1.57591765039249,29.2849035664934,0.204315513468506,1,1,8
"Gatech-ensemble_stat","44",0.829160750935727,0.851178642180471,2.65965706871742,0.478512806602969,0.742960927161958,0.793772050589778,3.20138470103022,0.832171659111685,0.75,1,8
"Gatech-ensemble_stat","45",0.844752997666609,0.930005203391111,7.63229004899352,0.546384216284588,1.42108190589805,1.27198569290573,5.71475037856676,0.653466376514014,1,1,8
"Gatech-ensemble_stat","46",0.632690471550856,0.906378879225423,1.50985927749745,0.461845325691242,1.0910997754548,1.20294392239085,2.32635483633668,0.829958836220277,0.5,0.875,8
"Gatech-ensemble_stat","47",0.764475769294997,0.734773711069167,10.2298889199116,0.330296439890653,0.887556799614068,0.896827315064838,7.16741130774926,0.24686789379248,1,1,8
"Gatech-ensemble_stat","48",0.671318261083825,0.487112780039259,28.6396513335271,0.287533758971097,1.71502526332115,1.60313171640091,15.8769921819966,0.153930364413053,1,1,8
"Gatech-ensemble_stat","49",0.792672688076164,0.898522730411483,2.68201050775566,0.409676410145963,1.11620872842166,1.19378958576085,3.09908601797165,0.550891255800643,1,1,8
"Gatech-ensemble_stat","50",0.452430796347034,0.71728633224619,0.425861087831524,0.220781233693982,1.08721105230375,1.12273618536784,0.541360779724164,0.306803229876227,0.625,1,8
"Gatech-ensemble_stat","51",0.72180357808311,0.769723777408333,9.1992959230578,0.450949207300658,1.24259381676679,1.18234022076247,5.5433451345302,0.34104613307021,1,1,8
"Gatech-ensemble_stat","53",0.546235723186976,0.607961273067607,5.34651221146769,0.313925461997367,0.809697819201711,0.870688837447505,8.00316521583807,0.489621813959157,0.5,1,8
"Gatech-ensemble_stat","54",0.399520545755028,0.782414644868496,1.86447868743757,0.423608061051053,1.31457087320435,1.7609299777083,2.0579970223732,0.668789824044917,1,1,8
"Gatech-ensemble_stat","55",0.569290779957081,0.863096567008874,4.6425555470011,0.532294138763956,0.773372016593,0.776465567091393,2.37639311117828,0.654251716503855,1,1,8
"Gatech-ensemble_stat","56",0.657940453232236,0.863874838871299,2.09858348669725,0.525811063098617,0.676291134407592,0.793719369598638,3.38228296166465,0.981025905491903,0.25,1,8
"Gatech-ensemble_stat","72",1.05796120936483,0.897188456219432,19.3401168163448,0.300138274080035,1.23115788805612,1.14812012075708,29.7911952436953,0.473550351398437,0.5,1,8
"Google_SAI-FluEns","01",0.337933876036047,0.367697668833088,3.02875005434783,0.182560465090085,1.0931304739229,1.18181257623862,4.3,0.257034344922426,0.75,1,8
"Google_SAI-FluEns","02",0.720449221460147,0.999698226850316,0.846853206521739,0.376573630899214,0.920204660630106,0.872289716328817,1.5,0.695672518974635,0,1,8
"Google_SAI-FluEns","04",0.377979499628174,0.384703121866185,6.87394788043478,0.180257253865804,0.804780602763322,0.838436951818593,10.675,0.296426615638241,0.75,1,8
"Google_SAI-FluEns","05",0.367272865987156,0.748239141048762,2.52340461956522,0.473648373073708,0.746373081787224,0.828510860029635,3.425,0.742927350168854,0.375,1,8
"Google_SAI-FluEns","06",0.367163128316258,0.301320570063069,16.657831576087,0.137762871989733,1.29441478966129,1.60229609043562,22.275,0.194507213150869,1,1,8
"Google_SAI-FluEns","08",0.269845095416201,0.407611175490267,2.10117923913043,0.22523965224197,0.596356007229263,0.668169343285046,2.525,0.347623230936674,0.75,1,8
"Google_SAI-FluEns","09",0.238642327663646,0.481317819597383,1.36384244565217,0.265994880880847,1.05440031543325,1.10923589871973,1.5,0.366664451862438,0.625,1,8
"Google_SAI-FluEns","10",0.258252937060292,0.580127287952012,0.61193097826087,0.269912103730688,0.359367408149321,0.479597857409395,0.625,0.362477539089472,0.625,1,8
"Google_SAI-FluEns","11",0.676261235611781,1.02015123062572,1.21952255434783,0.476835313911802,0.931282104374245,0.868035061032092,2.1,0.922805232016532,0.25,1,8
"Google_SAI-FluEns","12",0.468668988436512,0.330424926476466,18.240860923913,0.171276510419883,1.59791130109973,1.73085883761144,30.6625,0.286395458092871,0.625,1,8
"Google_SAI-FluEns","13",0.393285376102121,0.528080300511818,6.17895233695652,0.318436623555764,0.716846682972828,0.778799051483347,9.1875,0.531442883094771,0.25,1,8
"Google_SAI-FluEns","15",0.669059554765177,0.669001526989828,2.80812331521739,0.282393921886896,0.583126561020373,0.668698960658542,3.6875,0.386282305880763,0.75,1,8
"Google_SAI-FluEns","16",0.30926468510439,0.542934104217434,1.2246285326087,0.271136317036057,0.585306856484825,0.714876502375499,1.6125,0.424215593959406,0.625,1,8
"Google_SAI-FluEns","17",0.497813876281017,0.513642948443054,10.2384304347826,0.363282897557021,0.905990539186833,0.873458980296058,13.9,0.522757419009626,0.5,0.875,8
"Google_SAI-FluEns","18",0.225946841189772,0.396024263078588,3.0035997826087,0.236431176437677,0.557235667757293,0.638921086488863,3.7,0.362395900714366,0.625,1,8
"Google_SAI-FluEns","19",0.270699996156731,0.680270628438694,1.16543788043478,0.363133859835092,0.751573032816765,0.698125305243683,1.575,0.550397854330149,0.625,0.875,8
"Google_SAI-FluEns","20",0.223334309916851,0.439920250182078,0.993291467391304,0.225744661354361,0.603393395808016,0.65984750103768,1.175,0.313783052326334,0.75,1,8
"Google_SAI-FluEns","21",0.51085671097941,0.654508327960747,5.51616163043478,0.425049555392381,1.23485537302717,1.28235570199214,10.2125,0.790120792695186,0.25,1,8
"Google_SAI-FluEns","22",0.56999229438431,0.548334612690825,5.56345875,0.254091034534311,1.58808037616855,1.75115893108442,10.5375,0.468757689961633,0.5,1,8
"Google_SAI-FluEns","23",0.307481569715814,0.71461759688567,0.824616086956522,0.327213587665824,0.508069549779573,0.646849076825294,0.95,0.473337994110622,0.625,0.875,8
"Google_SAI-FluEns","24",0.289204790384201,0.374638621816953,2.4778927173913,0.192800950285301,1.42684458634831,1.56343749448935,3.075,0.243308189001021,0.875,1,8
"Google_SAI-FluEns","25",0.344604329990981,0.885753949008386,4.77654592391304,0.629242866845794,0.782098036242273,0.874968323610437,6.8125,0.965642134847957,0.125,0.75,8
"Google_SAI-FluEns","26",0.28556291009537,0.50476974961845,4.99422657608696,0.332949464751542,0.60455987524458,0.708155344332321,5.675,0.485948820673745,0.5,1,8
"Google_SAI-FluEns","27",0.325803448343219,0.589594496607644,3.01860369565217,0.352970771789862,0.493606534966275,0.628159408335305,4.3125,0.591604450865258,0.5,1,8
"Google_SAI-FluEns","28",0.37549127103856,0.414843490067023,2.15459679347826,0.210736851580844,0.753296519671636,0.792361686430599,2,0.241099113141947,0.75,1,8
"Google_SAI-FluEns","29",0.273432392238782,0.381873621961395,3.13024630434783,0.227208675237821,1.02787697323431,1.04498549219971,4.65,0.337744055185383,0.75,1,8
"Google_SAI-FluEns","30",0.503216069860775,0.861960542445607,1.28351233695652,0.406928818045069,0.958884314064458,0.981533125603659,2.025,0.672590517689557,0.375,1,8
"Google_SAI-FluEns","31",0.521989117412164,1.2330721590428,1.42085201086957,0.593993192820329,NA,NA,2.125,0.980920307181534,0,0.5,8
"Google_SAI-FluEns","32",0.505087838952028,0.560861364848993,3.34304782608696,0.180501505027887,0.780677204259047,0.832815136900984,5.05,0.257759009362492,0.75,1,8
"Google_SAI-FluEns","33",0.378055063095458,0.777365946675403,0.92201,0.368545982597981,0.926777523664419,0.96098169602728,1.4,0.590235534306946,0.375,0.75,8
"Google_SAI-FluEns","34",0.239631917744867,0.29082748195183,4.65235581521739,0.161207887883482,0.346705056198738,0.401850131653788,4.8875,0.198800299296393,0.75,1,8
"Google_SAI-FluEns","35",0.2507520084486,0.479918688063664,1.12160336956522,0.250763997577904,0.626993620864758,0.698261172953587,1.075,0.339165907275382,0.75,1,8
"Google_SAI-FluEns","36",0.246321675845014,0.303217780813771,7.7518514673913,0.205838143227614,0.527265867147506,0.577135711850579,8.525,0.27346864536906,0.75,1,8
"Google_SAI-FluEns","37",0.191658708874262,0.357186355051703,3.21690358695652,0.232480005946917,0.926448856292601,0.948823667387818,3.575,0.325949277074923,0.625,1,8
"Google_SAI-FluEns","38",0.50789341979042,0.647504499844503,1.33686668478261,0.249590766943833,0.695856602724999,0.743497115908924,2.1,0.392920019438735,0.75,1,8
"Google_SAI-FluEns","39",0.140987394415905,0.257546304984519,2.98810635869565,0.176327112958382,0.79098973708602,0.784327475016835,2.8625,0.198509515168395,1,1,8
"Google_SAI-FluEns","40",0.381875708289764,0.496896267016924,3.32411733695652,0.290092587840652,1.1961387278176,1.24192166565133,5.7625,0.485998903220746,0.5,1,8
"Google_SAI-FluEns","41",0.363333146662357,0.731122518724215,2.51015809782609,0.430657746940112,0.861806565206389,0.944635673647333,3.4125,0.665490804258159,0.5,0.875,8
"Google_SAI-FluEns","42",0.787918569867835,0.663375300900369,31.6703195108696,0.256290183322276,2.90616173899689,3.71464845411909,59.5,0.48293869649408,0.125,1,8
"Google_SAI-FluEns","44",0.347756364160214,0.651707946271788,1.08762891304348,0.36247109924628,0.321468035043985,0.499853271327055,1.3,0.513522933167876,0.75,0.75,8
"Google_SAI-FluEns","45",0.291439285129882,0.507792619087995,2.60402440217391,0.29868264918373,0.850801748243233,0.901588089362947,3.325,0.455429978042049,0.625,1,8
"Google_SAI-FluEns","46",0.478214627201877,0.769572612659535,1.1081814673913,0.384966806442057,0.774233627423699,0.876840454457927,1.625,0.594946644137212,0.625,0.875,8
"Google_SAI-FluEns","47",0.261728183506187,0.278127665975503,3.46361489130435,0.124076584886159,0.382659956397321,0.427636036161313,2.9875,0.114499791201119,1,1,8
"Google_SAI-FluEns","48",0.30158419375907,0.239151575143361,12.7174770108696,0.139620773115832,1.86213652185465,2.01398142884512,16.9375,0.190789224723079,1,1,8
"Google_SAI-FluEns","49",0.491852369798654,0.589329280316595,1.64214788043478,0.266171162790229,0.920242260437708,0.93526303318873,2.5375,0.425442173022264,0.75,1,8
"Google_SAI-FluEns","50",0.412614318902791,0.707838143174787,0.387645108695652,0.218547138967416,1.18761004397993,1.31044016798727,0.6,0.365813850564005,0.625,1,8
"Google_SAI-FluEns","51",0.266152469205778,0.321610730452323,3.38026288043478,0.188594512117714,0.955442480651631,0.96583559521642,4.325,0.282708465871458,0.75,1,8
"Google_SAI-FluEns","53",0.451505493648831,0.503506490472427,4.41215891304348,0.258907996737992,0.65326156997224,0.745378181248951,6.4375,0.418707339312322,0.5,1,8
"Google_SAI-FluEns","54",0.228520224463499,0.468587931495712,1.06677858695652,0.25189258840018,0.948985362367018,1.02229285050527,1.45,0.362113534306234,0.875,1,8
"Google_SAI-FluEns","55",0.280911993053009,0.90374607955841,2.31223168478261,0.587321726517792,0.883977962152539,0.935085707054106,2.7875,0.825762662439786,0.5,0.625,8
"Google_SAI-FluEns","56",0.394213238075323,0.64032854826493,1.24880016304348,0.389666136263477,0.358894002871791,0.524782598057242,1.775,0.645235893476579,0.25,0.875,8
"Google_SAI-FluEns","72",0.586028627847073,0.560876802050044,10.658984076087,0.186289344648373,0.607674710453428,0.671057215603638,14.5125,0.273008278483295,0.75,1,8
"LUcompUncertLab-puca","01",0.557781203624311,0.872662807804212,4.9929347826087,0.459650413024566,1.12864751589622,1.18771065316017,4.75,0.28540741843795,1,1,4
"LUcompUncertLab-puca","02",0.650601193616403,0.824827376999421,0.819239130434782,0.318617528660387,0.834729391977136,0.737905366740393,1.5,0.621226662447,1,1,4
"LUcompUncertLab-puca","04",0.703954777658219,1.22565722018389,12.1490217391304,0.553700854959619,1.16884795348325,1.22366477183056,13.5,0.404471741730157,1,1,4
"LUcompUncertLab-puca","05",0.396919996733094,0.743994613382649,2.88054347826087,0.523774771121266,0.318309034550138,0.399113261235104,1.5,0.385111260236787,1,1,4
"LUcompUncertLab-puca","06",0.993459284147337,0.705155738217427,45.2171739130435,0.341104755450278,3.75157600178282,3.22456669965695,63.5,0.396051421978785,1,1,4
"LUcompUncertLab-puca","08",0.887476662941787,1.07492780949541,5.91793478260869,0.565426662125015,2.66382409910755,1.9858079470826,9.75,0.999091038465474,1,1,4
"LUcompUncertLab-puca","09",0.791654591042084,1.17908152952975,3.24391304347826,0.534220370487203,3.95241298514903,3.21315965270185,3,0.652721613162141,1,1,4
"LUcompUncertLab-puca","10",0.516329631855381,0.773103972561736,1.13989130434783,0.370325475648199,0.453014661188596,0.651383578860957,0.75,0.519860385419959,1,1,4
"LUcompUncertLab-puca","11",0.549128452181609,0.832263699211291,0.946195652173913,0.37492642254801,0.925634085443854,0.889284284828188,2,0.922219863528484,0.75,1,4
"LUcompUncertLab-puca","12",1.15391359400689,0.627592620817925,38.3770652173913,0.260886863031361,5.09941998338606,4.20245596680753,69.75,0.472252417127381,0.5,1,4
"LUcompUncertLab-puca","13",0.360145757866453,0.997008052497289,5.56869565217391,0.628080595469383,0.41721831400638,0.696855811703105,5.25,0.498027809071732,1,1,4
"LUcompUncertLab-puca","15",0.386855827501982,0.663275824993179,1.44597826086957,0.246743453970416,0.309378110508739,0.434852758928106,1.75,0.228609290806208,0.75,1,4
"LUcompUncertLab-puca","16",0.713154480259832,1.02045029607133,2.35739130434783,0.458839402678468,0.987133991758503,1.03409675951003,2.25,0.542263425092381,1,1,4
"LUcompUncertLab-puca","17",0.596064525793409,1.23437544641274,12.0282608695652,0.803726393744006,1.31358242176258,1.7329276308709,19.25,0.935736668846053,0.75,1,4
"LUcompUncertLab-puca","18",0.452917345766587,0.933073475562226,5.45489130434783,0.571209369460504,0.480412592682084,0.589202506642003,3,0.355691010225321,1,1,4
"LUcompUncertLab-puca","19",0.496374431203586,0.874241531843111,2.0075,0.479601821272882,1.09379442565853,1.17666196187041,2.25,0.997246011641069,1,1,4
"LUcompUncertLab-puca","20",0.389355776725554,0.964539363608499,1.55119565217391,0.436482011641204,1.48078836251995,2.65783482727268,2.25,1.02358614055553,1,1,4
"LUcompUncertLab-puca","21",0.481716325530694,0.643025548844932,5.7475,0.483018508820872,0.453167594755605,0.335786993463372,4.25,0.25126087778308,1,1,4
"LUcompUncertLab-puca","22",0.755148230119113,0.714044221720472,6.0295652173913,0.259167041497867,0.771698159856797,0.768819361084807,4,0.156924640949881,1,1,4
"LUcompUncertLab-puca","23",0.690812133363356,1.08221019568328,1.56782608695652,0.485420625520867,1.34890747712904,1.2496913618706,2.25,0.922219863528484,1,1,4
"LUcompUncertLab-puca","24",0.456378764510915,0.990138703457926,3.81630434782609,0.510842710755304,2.58929430332027,3.2579884988578,5.75,0.534655197929616,1,1,4
"LUcompUncertLab-puca","25",1.03089378590526,1.40258423272772,11.9041304347826,1.06396258712668,3.35975472365315,1.7811003983374,23.25,2.08065927423849,0.25,1,4
"LUcompUncertLab-puca","26",0.567189527352715,1.00943608441625,8.46032608695652,0.603865949544003,1.04200895224711,1.03761729969724,8.25,0.649773678631631,1,1,4
"LUcompUncertLab-puca","27",0.585872677596464,0.962554785645254,4.35695652173913,0.562857728298775,0.466446629549264,0.623170405301386,3.25,0.612134751404281,1,1,4
"LUcompUncertLab-puca","28",0.779144995994072,0.894598380190817,3.63467391304348,0.412078900331841,2.01387925036921,1.7277220325855,3.75,0.420568809096592,1,1,4
"LUcompUncertLab-puca","29",0.694094294043273,1.50069983869528,7.0329347826087,0.767915811100936,2.96965920488852,6.88768469213742,12.25,2.01112983340366,1,1,4
"LUcompUncertLab-puca","30",0.559588977547042,0.954251507386951,1.64554347826087,0.507658754459568,1.11082520362519,1.33023091928228,3,1.10770419971083,0.75,1,4
"LUcompUncertLab-puca","31",0.60387515271811,1.04082122139345,1.71108695652174,0.460095497742008,0,0,2.25,0.866433975699932,1,1,4
"LUcompUncertLab-puca","32",0.799760364628651,1.37074190298243,4.74641304347826,0.431817266048345,1.13357346930991,1.29679756319558,6.5,0.378411711948106,0.75,1,4
"LUcompUncertLab-puca","33",0.444306610498017,0.746089734661477,1.03423913043478,0.368757817849467,0.982014436466077,0.99730543969904,1.5,0.677012550275553,1,1,4
"LUcompUncertLab-puca","34",0.492151687456373,1.17716765959476,7.88923913043478,0.588219993973434,0.322550072355736,0.434892279427675,3.25,0.168318776601986,1,1,4
"LUcompUncertLab-puca","35",0.452197178957356,0.883798459197079,1.8495652173913,0.449070937720957,0.629112396707907,0.688236945988163,1,0.33043895999558,1,1,4
"LUcompUncertLab-puca","36",0.414801215033896,0.87735254325107,12.1502173913043,0.555659926440009,0.566835520495759,0.661881291405502,8.25,0.290243632595771,1,1,4
"LUcompUncertLab-puca","37",0.359810985457013,1.12317763661688,5.39695652173913,0.706195561000025,2.40807642853575,6.16258791377143,8,2.01521393823358,1,1,4
"LUcompUncertLab-puca","38",0.594880772667257,0.957074341895408,1.2729347826087,0.3299205811375,0.565765864304402,0.563381137316497,1.25,0.245207313252931,0.75,1,4
"LUcompUncertLab-puca","39",0.42285676591897,1.31617406892012,7.64858695652174,0.769528874891068,3.72091696602531,8.23757836851151,11.25,1.78865383922842,1,1,4
"LUcompUncertLab-puca","40",0.540788960300282,1.01491709810237,4.71402173913043,0.625416141288766,1.49056344395129,1.79428175192376,7.5,0.777711270163624,1,1,4
"LUcompUncertLab-puca","41",1.73760342509114,1.57151669619804,9.06086956521739,0.795221645273174,5.6645641084226,2.74234895391186,17.25,1.6931180883297,1,1,4
"LUcompUncertLab-puca","42",0.77785233813794,0.905749274238907,25.581847826087,0.276367620525234,1.6233991717005,1.83325209474701,25.5,0.178125060811099,1,1,4
"LUcompUncertLab-puca","44",0.679122874775155,0.922977386612634,1.69195652173913,0.472470316451214,0.779503689334844,0.908738019108835,2.5,0.860504844045603,1,1,4
"LUcompUncertLab-puca","45",0.3474413766095,1.09403844765723,3.15,0.672563546467742,1.2879147791483,3.24460667366228,5.25,1.76231371031396,1,1,4
"LUcompUncertLab-puca","46",0.434112883130891,0.731848598968191,0.922282608695652,0.368306203388896,0.807413852489654,1.19223168895402,1.5,0.794513457586986,1,1,4
"LUcompUncertLab-puca","47",0.50138280125608,1.03088006620749,6.3825,0.45116313400114,0.970827363277756,1.24948688551243,7.5,0.336777517635331,1,1,4
"LUcompUncertLab-puca","48",0.55668228622286,0.934414130262023,23.1733695652174,0.564991382246878,3.59592856715901,4.38307082870513,35,0.451486135609569,1,1,4
"LUcompUncertLab-puca","49",0.665725697711445,1.16790157289393,2.2645652173913,0.582592177355199,1.61224560745725,2.28716578146832,4.75,1.18073830541112,0.75,1,4
"LUcompUncertLab-puca","50",0.541798980426049,0.823813223448197,0.519565217391304,0.2597907500337,1.97513626524296,2.24527744102863,1,0.621226662447,1,1,4
"LUcompUncertLab-puca","51",0.455194337814422,1.03732742525138,5.19880434782609,0.600607427104997,1.65921740555062,1.96484706047022,7,0.584472976706548,1,1,4
"LUcompUncertLab-puca","53",0.706240844758628,1.13002233936199,4.87478260869565,0.476205075987884,0.491335301612815,0.581169324359672,3,0.233577309344208,1,1,4
"LUcompUncertLab-puca","54",1.11716465564815,1.07067463115358,4.93880434782609,0.587158014811347,3.17088015411072,2.03193770302865,5,0.772760613339579,1,1,4
"LUcompUncertLab-puca","55",0.655909735258994,1.08970242402327,4.34608695652174,0.666589971928231,2.21026566356949,1.53632662005945,5.5,1.33361410329098,1,1,4
"LUcompUncertLab-puca","56",0.286227745216748,0.528798053938327,0.790978260869565,0.304982525733133,0.224962345535576,0.390401367644105,1,0.47738562622111,1,1,4
"LUcompUncertLab-puca","72",0.97623175268022,0.957650983237812,20.3319565217391,0.37588043552608,1.1518670415746,1.14421996381852,32.75,0.578955615418994,0.25,0.75,4
"LosAlamos-DoSiDo","01",0.23307882060548,0.245185389020986,1.97152173913043,0.106552400617437,0.921061499820076,0.959282361449756,3.25,0.177018207694155,0.5,1,4
"LosAlamos-DoSiDo","02",0.686816003003529,0.950903216866413,0.734565217391304,0.339419135519137,0.876719889276628,0.841592571057833,1.25,0.621226662447,0.5,1,4
"LosAlamos-DoSiDo","04",0.344199962164264,0.362705758874021,6.20445652173913,0.163174988215705,0.82549729632985,0.848865569036316,11.25,0.287744103893178,0.25,1,4
"LosAlamos-DoSiDo","05",0.260181808826312,0.576980001732691,1.50445652173913,0.288694378981681,0.590201586376963,0.636708031508316,2.25,0.452527151974063,0.75,1,4
"LosAlamos-DoSiDo","06",0.241138625951884,0.179316585349605,10.5827173913043,0.0735353470817332,1.38127803364796,1.42266133756004,18.25,0.12467053801641,1,1,4
"LosAlamos-DoSiDo","08",0.236841193208006,0.504578067414655,1.95184782608696,0.270391610895825,0.339178009928258,0.400943163527483,1.5,0.201618966466737,1,1,4
"LosAlamos-DoSiDo","09",0.155863830515147,0.49891311751389,1.08434782608696,0.313648557898924,0.677741757416538,0.908037540587623,1.25,0.372913719194429,1,1,4
"LosAlamos-DoSiDo","10",0.288397012089336,0.626713030373601,0.692391304347826,0.275504907882053,Inf,Inf,1.25,0.549306144334055,1,1,4
"LosAlamos-DoSiDo","11",0.870337426860601,1.53187234256927,1.65576086956522,0.744103249932458,1.05581899833583,1.09894967408924,2.5,1.19687293569551,0,1,4
"LosAlamos-DoSiDo","12",0.484720908812227,0.349110181131333,20.6479347826087,0.207541798067846,1.51792539540098,1.59266308727501,34.25,0.316787075059278,0.25,1,4
"LosAlamos-DoSiDo","13",0.318062819521078,0.483613214887828,4.55619565217391,0.251633389349081,0.602956364948547,0.653609980592468,7,0.376483157035482,0.5,1,4
"LosAlamos-DoSiDo","15",0.943092161576406,1.57895525561876,3.99945652173913,0.69517339440292,1.26880870942795,2.74700747972915,8,1.57947161196892,0.5,1,4
"LosAlamos-DoSiDo","16",0.432473437330292,0.743154664831657,1.84423913043478,0.379999515562195,1.29984363930793,1.27308189081194,3.75,0.76506769867289,0.75,1,4
"LosAlamos-DoSiDo","17",0.587111094230169,1.01805428046549,12.123152173913,0.732371366981789,1.27805993824702,1.9256352917157,20,1.20345226277485,0.75,1,4
"LosAlamos-DoSiDo","18",0.216508133067658,0.444299887919158,2.90586956521739,0.239042983967775,0.766899930738946,0.824975904683254,5,0.408629399207781,0.25,1,4
"LosAlamos-DoSiDo","19",0.262985558670424,0.770860856883521,1.15826086956522,0.402437463172644,1.07979480149122,1.32703211818982,2.25,0.967800252726973,0.75,1,4
"LosAlamos-DoSiDo","20",0.304312049937827,0.834437882740838,1.31586956521739,0.430269729234021,1.24007246847549,1.78825567144644,2.5,0.850299345415539,0.25,1,4
"LosAlamos-DoSiDo","21",0.632123900216274,0.955037404054284,6.12619565217391,0.520387439993952,1.39050494415441,1.53189074698039,10.5,0.784648748401849,0,1,4
"LosAlamos-DoSiDo","22",0.66489459330323,0.649342007079595,7.40695652173913,0.351884860735911,1.51695339600556,1.66355340037666,12.25,0.550078942476473,0,1,4
"LosAlamos-DoSiDo","23",0.253766724654617,0.613626665595748,0.741413043478261,0.273845909172766,0.526352058831989,0.657813467690918,1,0.447939867307014,1,1,4
"LosAlamos-DoSiDo","24",0.292418261657296,0.520967756776949,2.55739130434783,0.258977328140063,1.71511614826696,2.05551017653697,3.5,0.288334297089339,0.75,1,4
"LosAlamos-DoSiDo","25",0.277024919338794,0.745473570301865,4.08217391304348,0.445065349245349,0.82742874620206,0.892242897963755,7.75,0.844390414965212,0,1,4
"LosAlamos-DoSiDo","26",0.212581277959396,0.463539702165123,3.94923913043478,0.309973412207305,0.624744195673277,0.75598545403199,6.25,0.515150498035506,0.5,1,4
"LosAlamos-DoSiDo","27",0.390466732465152,0.71885987260249,3.97739130434783,0.389166492731366,0.772589017409393,0.874361475263361,7.5,0.734643464928511,0,1,4
"LosAlamos-DoSiDo","28",0.264683031458136,0.431659049050455,1.68108695652174,0.223458174455888,0.409169465484552,0.510267805516239,1.25,0.167668581176972,1,1,4
"LosAlamos-DoSiDo","29",0.343719817584503,0.601226877812079,4.10913043478261,0.38943700395013,1.53539756604147,1.75061410127396,7.25,0.604945016574719,0.25,1,4
"LosAlamos-DoSiDo","30",0.495214714290341,0.895576763140483,1.01097826086957,0.363499723660612,Inf,Inf,1.5,0.549306144334055,0.75,1,4
"LosAlamos-DoSiDo","31",Inf,Inf,0.741847826086957,0.363252889736958,NA,NA,1.25,0.794513457586986,1,1,4
"LosAlamos-DoSiDo","32",0.540957481548744,0.727469869170781,3.7854347826087,0.223969032685353,0.54794579527137,0.592634900315048,3.75,0.179639224021328,1,1,4
"LosAlamos-DoSiDo","33",0.336883027831294,0.734105138493256,0.837282608695652,0.328501814259676,0.848278817135484,0.924245523896769,1.25,0.503725755135566,0.75,1,4
"LosAlamos-DoSiDo","34",0.273250146428687,0.370396360979609,5.84880434782609,0.20949345380867,0.595140032924037,0.642916436783975,10.25,0.365708609560556,0.5,1,4
"LosAlamos-DoSiDo","35",0.19796750507771,0.493359257194605,0.88195652173913,0.244488944496762,Inf,Inf,0.75,0.218867184338475,1,1,4
"LosAlamos-DoSiDo","36",0.269313122027636,0.442774457798396,8.62010869565217,0.301788925053447,0.593556387103879,0.621217560308324,10,0.293784376249727,1,1,4
"LosAlamos-DoSiDo","37",0.123380416439798,0.301897050729024,2.14923913043478,0.186848476861275,0.733194988574908,0.775436103081168,3,0.253217889969984,0.75,1,4
"LosAlamos-DoSiDo","38",0.532815885926353,0.651836027430854,1.60847826086957,0.268767028758642,0.618413903639658,0.594743477378219,2.25,0.351160874947022,0.75,1,4
"LosAlamos-DoSiDo","39",0.140306172668317,0.428680668929301,3.12,0.309577895107698,1.27583647111169,1.39492093854767,4.75,0.35852125623906,0.75,1,4
"LosAlamos-DoSiDo","40",0.45341406372706,0.579747821108605,3.93021739130435,0.319986597225834,1.29300127053825,1.3909916614436,6,0.496015478754922,0.25,0.75,4
"LosAlamos-DoSiDo","41",0.241605463372453,0.591271723511358,1.93554347826087,0.383962046681272,0.61560964396234,0.781033960135284,2.75,0.587843814290869,0.75,1,4
"LosAlamos-DoSiDo","42",0.514325939372047,0.392836761276689,23.9390217391304,0.175650075694879,1.58512274295565,1.71048406442585,39.5,0.271238825298765,0.25,1,4
"LosAlamos-DoSiDo","44",0.42480058100437,0.690048082063729,1.52532608695652,0.400754171043962,0.492579488347575,0.651158962330552,2.25,0.705344721602303,0.75,1,4
"LosAlamos-DoSiDo","45",0.256294469172675,0.704969237548477,2.02423913043478,0.359399519181886,1.00419485371257,1.15565698760991,3.25,0.465188085178752,0.5,1,4
"LosAlamos-DoSiDo","46",0.465126362677362,0.759695174436938,1.15315217391304,0.383261943155499,0.977021465982951,1.09721790990983,2.25,0.761130609430856,0.75,1,4
"LosAlamos-DoSiDo","47",0.251020550923577,0.26518697686666,3.2995652173913,0.113707020745828,0.712876190251944,0.752690502728417,5.25,0.185484336182344,0.5,1,4
"LosAlamos-DoSiDo","48",0.109196484426583,0.084726613538684,4.63130434782609,0.0465300357450707,0.643680182598068,0.671164618395057,5.25,0.0549323157674575,0.75,1,4
"LosAlamos-DoSiDo","49",0.515930396219812,0.775126237778582,1.65673913043478,0.305137607389234,0.979463314159204,1.04827636908045,2.5,0.404351520520819,0.5,1,4
"LosAlamos-DoSiDo","50",0.397722508089076,0.656304237106305,0.367717391304348,0.197820652171695,1.01258231730468,1.00851121532573,0.5,0.274653072167027,0.75,1,4
"LosAlamos-DoSiDo","51",0.1924849177811,0.325181427758765,2.5625,0.18276869557201,0.718094874171849,0.753093989211605,3.25,0.20211542216825,0.75,1,4
"LosAlamos-DoSiDo","53",0.968105102053148,1.13806669781371,11.4357608695652,0.648025287275271,1.14033094264706,1.1562242878676,14.5,0.785989083677902,0,0,4
"LosAlamos-DoSiDo","54",0.332223874622498,0.924496752286065,1.54826086956522,0.466730311668733,2.08214759817999,3.41805058508876,3,1.09550665866847,1,1,4
"LosAlamos-DoSiDo","55",0.158783303557161,0.631209728234828,1.38141304347826,0.370964600015099,0.371326292980923,0.446720567706337,1.25,0.356779088910036,1,1,4
"LosAlamos-DoSiDo","56",0.452791273683573,0.634620591242557,1.60717391304348,0.399285346842206,0.452189852486859,0.617418114131715,2.5,0.787470738345312,1,1,4
"LosAlamos-DoSiDo","72",0.546865119435046,0.597516797329147,8.14119565217391,0.149550662565635,0.689135262071817,0.714519198498764,12.75,0.206043653607035,0.75,1,4
"LosAlamos-ThinMint","01",0.519683513253909,0.58042970661576,4.45510869565217,0.255349815648298,0.363138043236584,0.338343712228424,1.25,0.0608365646579323,1,1,4
"LosAlamos-ThinMint","02",0.852598246589207,1.12205275617384,0.911521739130435,0.399803357261454,0.876719889276628,0.841592571057833,1.25,0.621226662447,0.5,1,4
"LosAlamos-ThinMint","04",0.400411904886338,0.440104192978748,7.23836956521739,0.197400188875138,0.866809772534369,0.887878991907117,11.75,0.298830512206715,1,1,4
"LosAlamos-ThinMint","05",0.403215950525148,0.71930866092014,2.3604347826087,0.360747589565009,0.390290284705502,0.447937002058143,1.5,0.324820746032565,1,1,4
"LosAlamos-ThinMint","06",0.576367631353239,0.559251231551878,25.3678260869565,0.230363819122354,0.749916558600901,0.922668423540187,11.25,0.0921778714651058,1,1,4
"LosAlamos-ThinMint","08",0.635650983597105,0.773868128024952,5.30934782608696,0.41609706064724,1.18315152287385,1.11729484444285,5.25,0.558647930460044,1,1,4
"LosAlamos-ThinMint","09",0.284577392183407,0.590741773542195,1.99641304347826,0.371774770180423,0.413073895093693,0.607654046430587,0.75,0.245207313252932,1,1,4
"LosAlamos-ThinMint","10",0.779536385061765,0.962347135844636,1.87978260869565,0.420868664991241,Inf,Inf,1.75,0.693147180559945,1,1,4
"LosAlamos-ThinMint","11",0.767134242762751,1.27192973176075,1.45054347826087,0.613862907347861,1.05581899833583,1.09894967408924,2.5,1.19687293569551,0.25,1,4
"LosAlamos-ThinMint","12",0.823582494803892,1.04021273328954,35.5769565217391,0.632521688934025,2.93884923832553,4.06820148238949,67.25,0.827930643280327,0.75,1,4
"LosAlamos-ThinMint","13",0.584477326710801,0.721519972452099,8.53902173913044,0.380565638659353,0.872638172858245,0.896417222107505,10.25,0.522282208808731,0.75,1,4
"LosAlamos-ThinMint","15",0.742587439791626,0.81411449163393,3.15217391304348,0.35767399096275,0.720028522301375,0.836709971533581,4.5,0.471767412258095,0.75,1,4
"LosAlamos-ThinMint","16",0.549147022951907,0.771356871367683,2.34402173913043,0.394287414026707,1.05001276579899,1.09627241581128,3,0.654609510603131,0.75,1,4
"LosAlamos-ThinMint","17",0.685479224292026,1.08415317196581,14.3553260869565,0.782274209495082,1.26547547653683,1.73962313358764,19.75,1.07375381442106,0.75,1,4
"LosAlamos-ThinMint","18",0.745714445040245,0.90101993604295,9.90782608695652,0.477460283947811,2.18733591647101,1.71244329913091,14,0.832894436846099,0.75,1,4
"LosAlamos-ThinMint","19",0.503817498251951,0.956722091543041,2.21880434782609,0.497751878531463,1.20855635293501,1.47528118728248,2.5,1.06916652975401,1,1,4
"LosAlamos-ThinMint","20",0.464598494194013,1.00596206792407,2.04782608695652,0.523645321553984,1.48758498703682,2.36586254065568,3,1.12495241758257,1,1,4
"LosAlamos-ThinMint","21",0.511232141924808,0.660561943245429,4.97,0.360645067607483,0.72033556967236,0.654913655209564,5.5,0.339101243848873,1,1,4
"LosAlamos-ThinMint","22",0.581738539439445,0.61627224967294,6.49423913043478,0.335193637471992,1.16648450007376,1.21763334992171,9.5,0.406567070221769,1,1,4
"LosAlamos-ThinMint","23",0.946581923021951,1.22730871667393,2.78489130434783,0.551665206634093,2.13808787413026,1.55917550395182,4,1.04093850339857,0.75,1,4
"LosAlamos-ThinMint","24",0.59991788590723,0.642515856086655,5.21086956521739,0.315008836797592,1.65992621152944,1.64753638828812,3.25,0.220950493407947,1,1,4
"LosAlamos-ThinMint","25",0.56404380002344,0.973005473858854,8.32054347826087,0.576971336399679,1.25569782401758,1.15364886173317,11.75,1.08752875089218,0.5,1,4
"LosAlamos-ThinMint","26",0.683361326130983,0.812044238069705,12.4482608695652,0.528572209625519,1.92549516993701,1.56906725974255,18.25,1.00560585773902,0.25,1,4
"LosAlamos-ThinMint","27",1.16703915938338,1.2841709164997,11.851847826087,0.688400959743955,1.92021524288508,1.52461416982624,18.5,1.26705128647943,0,1,4
"LosAlamos-ThinMint","28",0.396058495517698,0.609235072455088,2.51923913043478,0.313726226344846,0.503764407438859,0.553981142523715,1.5,0.176512646348963,1,1,4
"LosAlamos-ThinMint","29",0.52307041968848,0.609694227684636,6.35782608695652,0.400484467837397,0.638531381007614,0.562399615038032,3,0.193823234607565,1,1,4
"LosAlamos-ThinMint","30",0.547059581375808,0.839891204198009,1.10521739130435,0.339340231948306,Inf,Inf,1.5,0.549306144334055,1,1,4
"LosAlamos-ThinMint","31",Inf,Inf,0.741630434782609,0.21050190680305,0,0,0,0,1,1,4
"LosAlamos-ThinMint","32",0.596848463453193,0.650032350368287,4.15,0.1963974072958,0.791599454087442,0.791343306007088,5.25,0.230590791589608,1,1,4
"LosAlamos-ThinMint","33",1.01150815692794,1.38748612817162,2.4554347826087,0.603022998518976,2.15595406800566,1.58590782118835,3,0.833051127543801,0.5,0.75,4
"LosAlamos-ThinMint","34",0.882706797727368,0.754554846538803,19.0098913043478,0.427823370208826,1.63138799267201,1.388151650307,28.25,0.793066275542925,0,1,4
"LosAlamos-ThinMint","35",0.525666847886015,1.018296130359,2.35347826086957,0.498658358584818,Inf,Inf,2.75,1.12495241758257,1,1,4
"LosAlamos-ThinMint","36",0.413929573961042,0.878505962313131,13.341847826087,0.602508204358451,0.896981609501794,1.28596549966659,15.5,0.635298217501459,1,1,4
"LosAlamos-ThinMint","37",0.490239421059641,0.833921013993141,8.63597826086957,0.520728459698557,1.45737079707914,1.48591050536544,6,0.489333292180197,1,1,4
"LosAlamos-ThinMint","38",0.802883936110814,0.838307444228368,2.4970652173913,0.356808526017032,0.860138303806137,0.856093782125065,3.25,0.527553300086647,0.5,0.75,4
"LosAlamos-ThinMint","39",0.607998765247117,0.811873212945349,13.5394565217391,0.584993300941276,3.56492203885446,2.80928667747542,13.25,0.72296303576665,1,1,4
"LosAlamos-ThinMint","40",0.45022033921526,0.640002320748849,3.82478260869565,0.350223807654443,1.0528989674746,1.06874823261864,5,0.391295725857515,1,1,4
"LosAlamos-ThinMint","41",0.616818142755272,0.867542241019916,4.96847826086957,0.567028667153159,1.13261059168792,1.02427594142938,5,0.765006656064847,1,1,4
"LosAlamos-ThinMint","42",0.714099023306192,0.612707006869037,33.3720652173913,0.274265845194413,1.89021749860689,2.11402879198462,47,0.334431622874409,1,1,4
"LosAlamos-ThinMint","44",1.67842307070504,1.98400190702184,6.03,1.15350364190868,1.65141947524209,1.31122247996549,7.5,1.39606197649025,0,0.25,4
"LosAlamos-ThinMint","45",0.47732930004435,1.07654141038472,3.78804347826087,0.547238100434822,1.3791506532168,2.37204673216553,4.5,0.974842971968647,1,1,4
"LosAlamos-ThinMint","46",0.654853203217963,1.09117045384622,1.62891304347826,0.553393623026447,1.18203753821288,1.56699801310921,2.75,1.10770419971083,0.5,1,4
"LosAlamos-ThinMint","47",0.608640671811704,0.528263494149989,7.92010869565217,0.223586162691289,1.24865091999952,1.20281654685923,9,0.290076464418362,1,1,4
"LosAlamos-ThinMint","48",0.562117901416758,0.412018932383685,23.3711956521739,0.221264605170433,1.94143379866054,1.83043269559546,14.5,0.136756677841062,1,1,4
"LosAlamos-ThinMint","49",0.90132463203989,1.01657601949829,2.90630434782609,0.400088605894739,0.885654533008423,0.935066978646498,2.25,0.358771131322331,1,1,4
"LosAlamos-ThinMint","50",0.464490123798816,0.716359490204364,0.434239130434783,0.217762562127642,1.01258231730468,1.00851121532573,0.5,0.274653072167027,0.75,1,4
"LosAlamos-ThinMint","51",0.841346881180674,0.704810705412134,11.0759782608696,0.389922848088571,2.8522831724751,2.2465220700362,12.5,0.584903443036386,0.75,1,4
"LosAlamos-ThinMint","53",0.692007857647267,0.722927301262283,8.15423913043478,0.410408072924239,1.04820365075781,1.08168338349348,13.25,0.732157887554769,0.25,1,4
"LosAlamos-ThinMint","54",0.429727298624354,0.876004451072953,2.01010869565217,0.443572715446397,1.89078998125103,2.99751922783504,2.75,0.978005751357036,1,1,4
"LosAlamos-ThinMint","55",0.691085282723178,1.08033984266933,6.08554347826087,0.643080977910764,1.85980018369423,1.41556108449214,6.25,1.14316174857063,1,1,4
"LosAlamos-ThinMint","56",1.62584660760412,1.89695918643422,5.78923913043478,1.1986677469312,1.35903961031089,1.14540891446044,7.5,1.45436044828218,0,0.25,4
"LosAlamos-ThinMint","72",0.895695249959202,0.712599830227895,13.3342391304348,0.178354444981462,0.837772279381424,0.843198252188842,15.5,0.243150427533762,0.75,1,4
"LosAlamos_NAU-CModel_Flu","01",0.53146359179194,0.715626137728636,4.91885869565217,0.368765610254173,2.34464620748941,3.41441420754198,9.125,0.736096990340295,0.25,0.75,8
"LosAlamos_NAU-CModel_Flu","02",1.05554713692895,1.48462283708213,1.23978260869565,0.557895345252061,1,1,1.625,0.794513457586986,0.375,0.625,8
"LosAlamos_NAU-CModel_Flu","04",0.380061094969985,0.409240220182527,6.78423913043478,0.188045390973868,0.975013710009158,0.998765857153071,12.75,0.346021019387941,0.375,1,8
"LosAlamos_NAU-CModel_Flu","05",0.162221839769651,0.384098006449871,1.0475,0.225805609441873,0.292513476106865,0.294392726594173,1.25,0.238461117029389,0.75,1,8
"LosAlamos_NAU-CModel_Flu","06",0.685304179368901,0.628520274792776,32.0367934782609,0.296026380731069,2.49357522148906,3.32603501331891,40.5,0.380569030803343,0,0.125,8
"LosAlamos_NAU-CModel_Flu","08",0.120758326096371,0.24745292037155,0.931739130434783,0.13602522173108,0.271434889721808,0.30782196124115,1.125,0.156595371061921,0.75,0.75,8
"LosAlamos_NAU-CModel_Flu","09",0.214385401598825,0.509153842941801,1.21891304347826,0.280307101367981,0.884568859330023,0.993590585539334,1.25,0.32733332999594,0.125,1,8
"LosAlamos_NAU-CModel_Flu","10",0.736457829768009,1.62819890550811,1.75739130434783,0.760441032357475,1,1,1.75,0.758553198530514,0,0,8
"LosAlamos_NAU-CModel_Flu","11",0.823511390861188,1.13413524732188,1.5,0.539686014192039,0.655055793030424,0.495808573646717,1.5,0.539686014192039,0.25,0.25,8
"LosAlamos_NAU-CModel_Flu","12",0.986820111734904,0.746985446740867,38.39125,0.388606202953247,2.29920420676735,2.76214760528797,44.5,0.46220091186646,0,0,8
"LosAlamos_NAU-CModel_Flu","13",0.248678125446096,0.366870514484623,3.79853260869565,0.214701281772973,0.430843791407063,0.486800957907571,5.375,0.321207207226199,0.625,0.75,8
"LosAlamos_NAU-CModel_Flu","15",0.910304521823456,1.28993495934111,3.7895652173913,0.539837194052126,0.573674366692853,0.763007984629969,3.625,0.437827770308292,0.125,0.5,8
"LosAlamos_NAU-CModel_Flu","16",0.456982112706015,0.907585637509616,1.82038043478261,0.455435930618078,0.775817889891792,0.886544446610695,2.125,0.522994590113973,0.125,0.375,8
"LosAlamos_NAU-CModel_Flu","17",0.749942786582048,0.881159323739327,15.2754891304348,0.615659763869463,1.13545108728151,1.27826783347822,17.375,0.75915272006345,0.25,0.5,8
"LosAlamos_NAU-CModel_Flu","18",0.11783385475469,0.280972972197325,1.56228260869565,0.169589680583531,0.379282095447399,0.472133018551708,2.5,0.266920291449929,0.5,0.875,8
"LosAlamos_NAU-CModel_Flu","19",0.309847997409736,0.869292195715977,1.34673913043478,0.471301992896254,1.01447504128152,0.93140424569126,2.125,0.737315818931089,0.125,1,8
"LosAlamos_NAU-CModel_Flu","20",0.234043952825083,0.551466938207032,1.0141847826087,0.276782148839941,0.645672393726073,0.714897071460854,1.25,0.336953460137957,0.25,0.75,8
"LosAlamos_NAU-CModel_Flu","21",1.19932673517878,1.86191066646384,12.908097826087,1.20377665697895,1.74123513508802,2.35765221737486,14.375,1.45104241788767,0,0,8
"LosAlamos_NAU-CModel_Flu","22",0.676508563252719,0.610593359418661,6.61010869565217,0.282919514489693,1.36004658541284,1.42976700826086,9,0.381218916276622,0.125,0.5,8
"LosAlamos_NAU-CModel_Flu","23",0.35638356658895,0.906007731793173,0.973478260869565,0.421331336788659,0.719469000992101,0.835237185008296,1.375,0.621226662447,0.625,1,8
"LosAlamos_NAU-CModel_Flu","24",0.325300125959852,0.43805269696803,2.76945652173913,0.222718555185978,1.48859103103183,1.59456354724526,3.125,0.239441696664468,0.125,0.75,8
"LosAlamos_NAU-CModel_Flu","25",0.115191172474423,0.410986570039672,1.56380434782609,0.285078193235656,0.506631592043809,0.649483633774112,4.375,0.71274111325086,1,1,8
"LosAlamos_NAU-CModel_Flu","26",0.116340466980375,0.276645624328758,2.04896739130435,0.18406348792811,0.390416324019167,0.506579578911717,3.625,0.345022704965633,0.625,1,8
"LosAlamos_NAU-CModel_Flu","27",0.11453129493765,0.317956073692054,1.04413043478261,0.187802622358314,0.0842376933761004,0.163734373711826,0.75,0.165604688314966,1,1,8
"LosAlamos_NAU-CModel_Flu","28",0.21086332587896,0.320898635829996,1.21396739130435,0.16471160413563,0.731035536792678,0.8744427740244,1.875,0.257993183999256,0.625,1,8
"LosAlamos_NAU-CModel_Flu","29",0.576043745961772,1.02555470085183,6.57635869565217,0.612364220105038,1.49360212670659,1.76063787562776,6.75,0.568144195157756,0,0.25,8
"LosAlamos_NAU-CModel_Flu","30",0.688824729183103,1.19682758234812,1.73282608695652,0.554880582219637,1.15664278014817,1.12794730311567,2.25,0.727138894995401,0.125,0.375,8
"LosAlamos_NAU-CModel_Flu","31",0.912481843152295,2.13214271656161,2.45646739130435,1.02401061233063,NA,NA,3.625,1.411222739207,0,0,8
"LosAlamos_NAU-CModel_Flu","32",0.764272381046707,0.857465981767288,5.01184782608696,0.271258386442435,1.4335979434547,1.73209041619479,9.125,0.522025476741634,0.125,0.5,8
"LosAlamos_NAU-CModel_Flu","33",0.620742560398669,1.29651212198,1.5,0.611606532304984,1,1,1.5,0.611606532304984,0.125,0.125,8
"LosAlamos_NAU-CModel_Flu","34",0.134495433405149,0.192537082907415,2.5875,0.106330020769505,0.213653519800415,0.250012608880235,3,0.123294266117962,0.75,1,8
"LosAlamos_NAU-CModel_Flu","35",0.298301068835112,0.684656303201231,1.3566847826087,0.363808834216808,1.74102872481745,1.45036623782989,3,0.707922132502645,0.375,1,8
"LosAlamos_NAU-CModel_Flu","36",0.160450358823797,0.244640444523183,4.96597826086957,0.16404219075039,0.451159403807943,0.494664426458528,7.25,0.231902990859311,0.375,0.875,8
"LosAlamos_NAU-CModel_Flu","37",0.100367195300338,0.285541555751496,1.69570652173913,0.187564229180077,0.644371966001264,0.740073688471606,2.5,0.254808661935969,0.5,0.875,8
"LosAlamos_NAU-CModel_Flu","38",1.29315805000693,2.2702556386754,3.39304347826087,0.871835628407471,1.19992086573643,1.74431151270976,3.625,0.920963571546796,0,0,8
"LosAlamos_NAU-CModel_Flu","39",0.190177667382119,0.465602868655592,3.95913043478261,0.316116400835601,1.44286186541994,1.66091112945497,5.125,0.412270400330103,0.125,0.5,8
"LosAlamos_NAU-CModel_Flu","40",0.76098620040995,1.09067866371728,6.60407608695652,0.633661325533217,1.75161212150123,2.22015468065053,8.375,0.86083330811278,0.125,0.375,8
"LosAlamos_NAU-CModel_Flu","41",0.214835360455284,0.588969975390102,1.49711956521739,0.35124225415148,0.53232524466811,0.704588814911834,2.125,0.500204395514729,0.5,1,8
"LosAlamos_NAU-CModel_Flu","42",1.86486848748694,1.70999764537223,74.998097826087,0.661093267268846,4.11217969679967,5.9390460401702,84,0.769986828946336,0,0,8
"LosAlamos_NAU-CModel_Flu","44",1.00277935615328,1.6281093404499,3.20353260869565,0.921740053119338,0.757989531708992,0.876099791618347,3.125,0.91420462087194,0.125,0.125,8
"LosAlamos_NAU-CModel_Flu","45",0.25953574629503,0.719997152008897,2.29048913043478,0.421906888602624,0.68202510005406,0.791587327208868,2.625,0.392710773272134,0.375,1,8
"LosAlamos_NAU-CModel_Flu","46",0.498644410340954,0.827913682075169,1.14576086956522,0.411648916708497,0.77842779454113,0.848557691150674,1.625,0.575089479454839,0.25,1,8
"LosAlamos_NAU-CModel_Flu","47",0.252066195299262,0.326524171522289,3.34972826086957,0.147312479591123,0.912695846472549,1.23089696918637,7.375,0.344551958567031,0.5,1,8
"LosAlamos_NAU-CModel_Flu","48",0.532305354760539,0.489175347120838,22.6852717391304,0.289844690845414,3.81417037534953,4.79756474815336,34.625,0.454087313398068,0,0.375,8
"LosAlamos_NAU-CModel_Flu","49",0.662736120551922,1.13756880425195,2.22217391304348,0.514381916363253,1.61611759264158,2.47103351575639,4.5,1.1300551668976,0.75,0.75,8
"LosAlamos_NAU-CModel_Flu","50",1.9130230327196,2.89854977301917,1.875,0.9318399936705,3.55348805246821,3.20895780737979,1.875,0.9318399936705,0.125,0.125,8
"LosAlamos_NAU-CModel_Flu","51",0.282853146337448,0.484560919892498,3.67695652173913,0.28890994512666,0.812379638431945,0.835959152122407,3.75,0.248189425455959,0.5,0.75,8
"LosAlamos_NAU-CModel_Flu","53",0.289979866647973,0.405880914033246,2.82945652173913,0.209232582123164,0.557351391782787,0.649419050653686,5.5,0.365234025569255,0.375,0.75,8
"LosAlamos_NAU-CModel_Flu","54",0.219628753684546,0.465409836823607,1.02836956521739,0.24937575796658,0.820716204234791,0.856441221992441,1.25,0.300993201081484,0.25,0.875,8
"LosAlamos_NAU-CModel_Flu","55",0.135194213328249,0.674263787685652,1.12201086956522,0.445435285621019,0.697767101516471,0.818381476650974,2.25,0.741861774452448,0.5,0.625,8
"LosAlamos_NAU-CModel_Flu","56",2.46801356856901,2.57938324673565,7.875,1.57046838622525,1.57262497578456,1.27014029787305,7.875,1.57046838622525,0,0,8
"LosAlamos_NAU-CModel_Flu","72",0.584575055207545,0.628685662383865,10.6438043478261,0.209942715439388,0.654664991211148,0.720779774648206,15.625,0.293875180416401,0.125,0.75,8
"MIGHTE-Joint","01",0.438649636532789,0.499079320498811,3.91375888589054,0.246300116769785,1.29530580850798,1.47121433817172,5.03676641173564,0.314578215057948,0.875,1,8
"MIGHTE-Joint","02",0.739507086347315,0.934977289777944,0.869560979719712,0.352007464467715,0.843701911750625,0.779466064987346,1.37908659039968,0.624096978368216,0.5,1,8
"MIGHTE-Joint","04",0.509197157284355,0.500226989016832,9.37211769322333,0.236608685309905,0.849577048544029,0.891044253153959,11.4243287301445,0.320380350077957,0.625,1,8
"MIGHTE-Joint","05",0.454889367693922,0.809587941905031,3.14374188092834,0.513993643064826,0.88998941416797,0.925257234376783,4.06920396555955,0.823301958738736,0.375,1,8
"MIGHTE-Joint","06",0.429061928494433,0.35641545280986,19.3264501900797,0.160126942202971,0.975291905270286,1.11204824394623,15.7887307480165,0.126260685955234,1,1,8
"MIGHTE-Joint","08",0.432700956448134,0.525541529383248,3.37899764708705,0.289711358669256,0.79112221129416,0.83170210915131,3.31483597743159,0.428589706702239,0.875,1,8
"MIGHTE-Joint","09",0.338081398680962,0.461713468486133,1.96959115243105,0.257479890129135,0.661382901465092,0.754681646246788,0.938860401769346,0.249422668766925,1,1,8
"MIGHTE-Joint","10",0.506201208856264,0.834126267249324,1.21563763181005,0.38946468506325,0.676119960586918,0.770577871798756,1.18475644768791,0.586452815131884,0.5,1,8
"MIGHTE-Joint","11",0.605079457488804,0.708734137476698,1.1011877238135,0.335915788225773,0.672672999722442,0.513276754494334,1.54272728004788,0.559864630405869,0.625,1,8
"MIGHTE-Joint","12",0.54679301414484,0.393346712496595,21.5124893883567,0.205758285399517,1.14986597103459,1.30554466883242,22.7036031300161,0.22484381009711,0.875,1,8
"MIGHTE-Joint","13",0.494912539373633,0.562042050859621,7.76849135806504,0.336148336100442,0.675657867725982,0.726441671355897,8.55510714294054,0.490134408280888,0.5,1,8
"MIGHTE-Joint","15",0.886530478001141,0.774615471959719,3.802868708956,0.333201308878809,0.877620313406902,0.930192380798928,5.70982741197979,0.550745415350278,0.5,1,8
"MIGHTE-Joint","16",0.409833756792399,0.606934867915677,1.62308126127071,0.302555500971644,0.642373894340888,0.760688519284899,1.76188707505782,0.450172694626048,0.625,1,8
"MIGHTE-Joint","17",0.583623384316948,0.609068960380412,12.0655350164369,0.428975355279745,1.03684489269791,1.088020763716,15.8704279355739,0.646714420660748,0.5,1,8
"MIGHTE-Joint","18",0.633137496012158,0.683772954932107,8.3189731081817,0.408438328790569,1.1799534241382,1.12338591567584,7.90581785709754,0.641530973935117,0.375,1,8
"MIGHTE-Joint","19",0.30696810961851,0.627687777499948,1.33203087110966,0.336387295993737,0.657278172118046,0.619969590753471,1.38088906486392,0.488932865757115,0.625,1,8
"MIGHTE-Joint","20",0.325116565699251,0.490286465521423,1.45362760803297,0.251562463543899,0.50971361701079,0.558895460725468,0.986335901264489,0.263186863065599,0.75,1,8
"MIGHTE-Joint","21",0.467566531009752,0.512422060985548,5.03582420157845,0.330711378435722,0.946298696842063,0.86399888283625,7.79046538106948,0.527814908334441,0.625,1,8
"MIGHTE-Joint","22",0.641092764781912,0.606889627915314,6.26913675302191,0.280908416102675,1.56792821748895,1.71433146419619,10.3662245833079,0.456817644443167,0.75,1,8
"MIGHTE-Joint","23",0.679828184063032,1.08628242052603,1.82512736762182,0.498562936889754,1.14128962512476,1.08891174914258,2.11525297093872,0.794588230342088,0.25,0.875,8
"MIGHTE-Joint","24",0.474607326153636,0.492325065611572,4.09460060222351,0.253357631866033,1.45072666952179,1.61803064485908,3.10097408645721,0.248981250597124,1,1,8
"MIGHTE-Joint","25",0.437463163855197,0.837573593804021,6.08682061804587,0.591792770085756,0.761101993738083,0.86651422113964,6.6683754632874,0.962378304691873,0.375,1,8
"MIGHTE-Joint","26",0.339709937570737,0.500070571449101,5.90897486564028,0.326726372826103,0.582948949450316,0.678455563270551,5.37430737617488,0.458861897039881,0.5,1,8
"MIGHTE-Joint","27",0.510191478221907,0.702362508772878,4.805395917827,0.420785399690365,0.408757775498865,0.573255417129469,3.77522531508533,0.5699256627775,0.5,1,8
"MIGHTE-Joint","28",0.437448175535318,0.456266506319487,2.52382997922857,0.232569936805671,0.766856559107554,0.816009184178589,2.01372072731567,0.247370402221311,0.75,1,8
"MIGHTE-Joint","29",0.378017554196919,0.478239616603862,4.34604874010751,0.285094839098184,1.12531419959363,1.16857093633619,5.08807008921685,0.377392312200641,0.875,1,8
"MIGHTE-Joint","30",0.509653295932815,0.803101647905003,1.25439531167967,0.368326418238648,0.958742051496794,0.954573700171692,1.90493736081371,0.621938806300398,0.375,1,8
"MIGHTE-Joint","31",0.535932341712134,1.12622298378803,1.46279311447678,0.543236238312466,NA,NA,2.07839112793264,0.956269766713176,0,1,8
"MIGHTE-Joint","32",0.604251731123934,0.57635831599515,3.99583794171699,0.184155087348691,0.703238952154687,0.733089867399036,4.52723227574704,0.224734006958985,0.875,1,8
"MIGHTE-Joint","33",0.598943490894485,0.859313177711862,1.46857098098395,0.407300755084063,0.929347373850596,0.950456236032772,1.3981315252313,0.582873023776287,0.625,1,8
"MIGHTE-Joint","34",0.449703880287756,0.442113429554793,8.8176426979664,0.246616880259474,0.450021802503041,0.493635823020937,6.40059352925703,0.245071159348024,1,1,8
"MIGHTE-Joint","35",0.363002272990904,0.539480179858317,1.63896710992813,0.28310368340509,0.654181844482778,0.716985230895158,1.12299974050971,0.349318165325564,0.75,1,8
"MIGHTE-Joint","36",0.469800817925226,0.452422918610351,15.0312671858025,0.3085902635657,0.79836670995715,0.811514972052636,12.9763933199953,0.384367953659194,0.875,1,8
"MIGHTE-Joint","37",0.378544244982809,0.436111463098659,6.41731359746609,0.284389955959473,0.603081633206408,0.684303125208742,2.32585428090959,0.235047462619692,0.875,1,8
"MIGHTE-Joint","38",0.643910288253036,0.716001665979569,1.70842828605507,0.276825115960264,0.669111671781264,0.688555279297452,2.01686681789938,0.361932994406646,0.75,1,8
"MIGHTE-Joint","39",0.344191287986214,0.389968981449389,7.38768208718985,0.267454670690914,0.816356739488693,0.818125148044928,3.01297431385806,0.211362026549843,1,1,8
"MIGHTE-Joint","40",0.440749062083504,0.626778254078529,3.80350283522959,0.36137808916662,1.35630431105626,1.49358469994462,6.46013137552962,0.575892797015696,0.25,1,8
"MIGHTE-Joint","41",0.412234989773281,0.755985366563502,2.84606435166249,0.446446966067732,0.836646833024163,0.950154556129596,3.30992529445272,0.671731432412616,0.75,1,8
"MIGHTE-Joint","42",0.656735409441761,0.46343253425138,26.4568544267845,0.178432949233547,1.30867984163775,1.38401608797354,26.4485765465661,0.176919157202033,0.875,1,8
"MIGHTE-Joint","44",0.534753111625177,0.698020299953063,1.67940807697802,0.387534090160201,0.337503150931681,0.520127165750032,1.35350906807796,0.531266765177692,0.75,1,8
"MIGHTE-Joint","45",0.46315556573721,0.60867828711126,4.15680453763587,0.357319730770605,0.886101591309095,0.938540064800624,3.44065191039271,0.471200950474272,0.5,1,8
"MIGHTE-Joint","46",0.521854721672865,0.772881210241584,1.21351050659065,0.386210006098938,0.72602757998744,0.804990670801519,1.50898337387055,0.542725343402738,0.625,0.75,8
"MIGHTE-Joint","47",0.44786725766925,0.396978868765834,5.94197301153104,0.176910117477853,0.336558231285577,0.350967974526814,2.60948490217529,0.092946487266326,1,1,8
"MIGHTE-Joint","48",0.446722647541048,0.391454925603234,19.0087760622294,0.23163012983767,2.4902861872943,3.03759064750086,23.0232306600537,0.294135493135203,1,1,8
"MIGHTE-Joint","49",0.572443444235868,0.633948779592802,1.92267497444996,0.28735228690647,0.920130776077922,0.957221410588758,2.54897967078118,0.437821038329912,0.875,1,8
"MIGHTE-Joint","50",0.575647401145758,0.870537484086371,0.551291742241542,0.273530059912976,1.46474959861667,1.69231020640519,0.748705869922167,0.47882104373405,0.125,1,8
"MIGHTE-Joint","51",0.4540741790081,0.443747025253646,5.75754055326439,0.259652862019479,1.05594228253197,1.08519881448557,4.80163729703725,0.318050366630649,1,1,8
"MIGHTE-Joint","53",0.569836562812671,0.611057445361927,5.57221748461631,0.314503010331084,0.927857621114369,0.99551831791371,9.15153154501255,0.560500096252068,0.375,1,8
"MIGHTE-Joint","54",0.31430524968412,0.607629546974689,1.4682110800158,0.324860072922838,1.31828874021888,1.5447732837467,1.99597673309505,0.539905362431236,0.75,1,8
"MIGHTE-Joint","55",0.396390434211727,0.781811963400067,3.27122893921444,0.503629048242423,0.48546307421201,0.664789004490117,1.63997255454216,0.630681814367087,0.625,1,8
"MIGHTE-Joint","56",0.622341172407667,0.896675163174632,1.97534370021956,0.546242411677008,0.540773565463112,0.706090730799461,2.69331614186115,0.873039512413499,0.125,0.75,8
"MIGHTE-Joint","72",0.712059781589257,0.658288820258002,12.9549430042875,0.21895891629664,0.719942903682812,0.775662515105814,17.2056008696287,0.317069780447295,0.625,1,8
"MIGHTE-Nsemble","01",0.366790531529681,0.439950946492987,3.28609005044632,0.217776615545086,1.44825236717686,1.68584051589225,5.60825849371563,0.35862794363022,0.375,1,8
"MIGHTE-Nsemble","02",0.671561966860506,0.956524369188685,0.790375091751515,0.36092629437927,0.850152191207267,0.785681242767737,1.38912924354744,0.629006978527074,0.25,1,8
"MIGHTE-Nsemble","04",0.415826640189106,0.478817357186511,7.49974206118603,0.223153908819038,0.935459971136188,1.05131690366126,12.4435117637701,0.371478864223174,0.5,1,8
"MIGHTE-Nsemble","05",0.339944521105131,0.766247642496376,2.35670992354802,0.490594782035944,0.772995484588826,0.842444594517273,3.52076327767703,0.748798206424129,0.25,0.625,8
"MIGHTE-Nsemble","06",0.357060890787914,0.29589807696104,16.0944045748504,0.134610540610327,1.21534453426817,1.44801091977478,20.3994432335322,0.171570690572009,0.875,1,8
"MIGHTE-Nsemble","08",0.225453408842325,0.376443344644816,1.74468385192567,0.207856538065831,0.645055505436483,0.699046980593824,2.70597925852319,0.360925190917793,0.5,1,8
"MIGHTE-Nsemble","09",0.1059776818502,0.281588412448442,0.604797812099699,0.15605890441768,0.519898448789087,0.620509220640174,0.733891013912563,0.204147905775081,0.875,1,8
"MIGHTE-Nsemble","10",0.291372833046757,0.715941403614968,0.692646082767372,0.334161462810773,0.544938988544607,0.661180765943898,0.95421510613099,0.503016423776453,0.375,0.75,8
"MIGHTE-Nsemble","11",0.517680031221738,0.704343940595463,0.943750386447196,0.334506242575522,0.67817070234041,0.521036850649185,1.55392009791501,0.56735853996984,0.25,1,8
"MIGHTE-Nsemble","12",0.446933178810125,0.341892795646162,17.4572594697201,0.179455912800664,1.22380813265642,1.45476038153374,24.3687149038685,0.254632575778979,0.75,1,8
"MIGHTE-Nsemble","13",0.313468015192764,0.443889844534377,4.83936061532692,0.263434613939935,0.588911697002165,0.635424759985994,7.39941044493832,0.425364919411968,0.5,1,8
"MIGHTE-Nsemble","15",0.84628189641727,0.751612255649706,3.6140289859102,0.322513289970212,0.827270382006936,0.891577685141852,5.35008433439107,0.525196804165493,0.375,1,8
"MIGHTE-Nsemble","16",0.264350959914216,0.487402137634418,1.05677772662811,0.24580389759463,0.48358268716543,0.590016006708418,1.34736373729183,0.354018938398226,0.5,1,8
"MIGHTE-Nsemble","17",0.540255918080881,0.586757678296096,10.9815414804003,0.409451122416174,1.04627552508934,1.11229832248366,16.0128798673788,0.661037861447451,0.375,0.875,8
"MIGHTE-Nsemble","18",0.297702107657093,0.550423363796185,3.99936654765687,0.333167934224012,0.940293605365942,0.961716119529198,6.34971524502448,0.552989923766621,0.375,0.875,8
"MIGHTE-Nsemble","19",0.208934824526217,0.597641054763923,0.899748321937319,0.319270576696937,0.684212336564229,0.652073501788377,1.44337302823983,0.517044011920447,0.375,0.875,8
"MIGHTE-Nsemble","20",0.168190004074436,0.389455197656201,0.733539077620321,0.197215973901148,0.599010019141035,0.670182004415792,1.15034386651463,0.313299468329736,0.5,1,8
"MIGHTE-Nsemble","21",0.463833854945316,0.560309912847028,4.97096714941043,0.359728718625575,1.08009923609314,1.02808631729908,8.87718653690509,0.626212822764369,0.25,1,8
"MIGHTE-Nsemble","22",0.67844388720441,0.673118998309409,6.62144515596322,0.311743881361888,1.80283172181888,2.06805525090142,11.9223843423732,0.551536603908085,0.125,1,8
"MIGHTE-Nsemble","23",0.431141240820055,1.00427581644098,1.1608193103044,0.463117721922482,0.890135976146311,0.941984110256234,1.66637293943545,0.692586290918211,0.25,0.625,8
"MIGHTE-Nsemble","24",0.301871078771147,0.415979548906244,2.58578023517224,0.213704565556235,1.88777244354638,2.21941449918588,4.01531440144802,0.339732531791121,0.75,1,8
"MIGHTE-Nsemble","25",0.275256659290527,0.808876653434336,3.83024495944032,0.579351557946472,0.679134461844373,0.809586686315017,5.96562189276431,0.902597402036785,0.25,0.875,8
"MIGHTE-Nsemble","26",0.181212670654089,0.368420586869729,3.13296564768239,0.241532819676229,0.454273488266642,0.560318811496227,4.20721500334099,0.381214352954435,0.5,1,8
"MIGHTE-Nsemble","27",0.277400943360447,0.597989672241753,2.61592367290473,0.365953889553255,0.369781334325225,0.544458381397722,3.3487957775105,0.531424096583002,0.5,0.875,8
"MIGHTE-Nsemble","28",0.273608641478656,0.3430523811264,1.57150917472087,0.175346395662124,0.631468887434669,0.715768675549623,1.66520682027351,0.218369236039899,0.75,1,8
"MIGHTE-Nsemble","29",0.292620426125667,0.44981241121494,3.32640497005512,0.267086705472493,1.21756969718588,1.31203658320504,5.52201915000363,0.425613602967014,0.375,1,8
"MIGHTE-Nsemble","30",0.480433235811887,0.841089364692751,1.20953718833767,0.390103977985348,0.936017493856439,0.932179504622059,1.87922056707312,0.611774390099303,0.375,0.875,8
"MIGHTE-Nsemble","31",0.478373818626693,1.16673569362143,1.3275734804698,0.564025677150443,NA,NA,1.9948654164732,0.929440570403301,0,0.5,8
"MIGHTE-Nsemble","32",0.504337171177805,0.533358792263002,3.3053120053212,0.16900972013102,0.812468782069269,0.835249779357961,5.18756833697253,0.253292072202957,0.75,1,8
"MIGHTE-Nsemble","33",0.37471830284388,0.787376445794975,0.914797982674617,0.37461674858794,0.873194455199132,0.911514749231432,1.32354220124242,0.56284131444473,0.375,0.625,8
"MIGHTE-Nsemble","34",0.198083518700189,0.271665858210978,3.82794744585738,0.150626408325521,0.293869779307127,0.34244367393489,4.16657092118291,0.169875501117086,0.875,1,8
"MIGHTE-Nsemble","35",0.161115587612861,0.382712837580857,0.71631876455656,0.199534011030093,0.600383607830199,0.648731370124396,1.00756987687703,0.309709879587895,0.625,1,8
"MIGHTE-Nsemble","36",0.265836211270968,0.335525438758933,8.306508114231,0.226044907731016,0.758461064547663,0.770100380232278,12.2922217460659,0.363235992248091,0.375,1,8
"MIGHTE-Nsemble","37",0.112768613840641,0.268131279085308,1.89310724897629,0.174511398555417,0.580803548984553,0.686803821085882,2.25824000829554,0.237230798144608,0.75,1,8
"MIGHTE-Nsemble","38",0.527047567218942,0.663994868198903,1.3847569076217,0.255015478669681,0.708604425445814,0.762032394819778,2.14046384898363,0.401208775109323,0.625,1,8
"MIGHTE-Nsemble","39",0.127974285297472,0.239229119355655,2.69385487539193,0.162603558222408,0.872308533995971,0.867663931216221,3.12793210291685,0.217168043624635,1,1,8
"MIGHTE-Nsemble","40",0.48966054023664,0.701611726653321,4.2197799481752,0.404606793783283,1.44754247651345,1.65216790913524,6.9012233864094,0.638375097431577,0.125,0.875,8
"MIGHTE-Nsemble","41",0.323000698638761,0.751204004712541,2.22263953120397,0.443015836691408,0.800653350963058,0.924926192846532,3.16919554693578,0.654286793770613,0.375,0.75,8
"MIGHTE-Nsemble","42",0.533350009535961,0.405660318891187,21.2934710587473,0.155221789445672,1.70570088437429,1.89133970366142,34.6564762456456,0.243305874854844,0.625,1,8
"MIGHTE-Nsemble","44",0.277588346448328,0.557843772566458,0.858812492625627,0.307223414332785,0.295910650005638,0.455841644545601,1.16760990494513,0.458397012189774,0.625,1,8
"MIGHTE-Nsemble","45",0.247012098461398,0.48310260172923,2.19575459732765,0.284033579658683,0.766306735915753,0.842049049027785,2.98817618076296,0.42508617154154,0.5,1,8
"MIGHTE-Nsemble","46",0.397188132913962,0.692922872637614,0.913447851260865,0.344326917444292,0.65132129858071,0.737089992804727,1.35580381555791,0.496531300045977,0.5,0.75,8
"MIGHTE-Nsemble","47",0.258945816640794,0.265107194082214,3.39199538892125,0.117290157245743,0.287260645901227,0.2992652027012,2.29197768281874,0.0811361474893729,1,1,8
"MIGHTE-Nsemble","48",0.388856430916547,0.387180269743609,16.6133409414143,0.231731933616106,3.13641905723068,4.11579490366579,29.0270596641256,0.399346407088013,0.625,1,8
"MIGHTE-Nsemble","49",0.487052986339585,0.628276630265885,1.635711087333,0.286731645542014,0.945624009945736,1.02012625891772,2.63880958038282,0.470572156430231,0.5,1,8
"MIGHTE-Nsemble","50",0.428363145765378,0.741642094141648,0.407244809160283,0.231848215355844,1.3166431980134,1.49643216537405,0.670280415459684,0.421696795704644,0,1,8
"MIGHTE-Nsemble","51",0.228076401261636,0.34338552620368,2.92109234902062,0.202532563992088,0.885608929370072,0.957879575457989,4.10213752600689,0.285496813657669,0.75,1,8
"MIGHTE-Nsemble","53",0.506045130366757,0.569928246889796,4.94114734978241,0.293215222467218,0.867403814819497,0.956663568902965,8.55148248237231,0.539049479049219,0.125,1,8
"MIGHTE-Nsemble","54",0.259324480974707,0.639235068230896,1.20597016798591,0.340717624525075,1.44753031687471,1.79290103629032,2.19328522320605,0.626860520246995,0.25,1,8
"MIGHTE-Nsemble","55",0.149872436533696,0.689908789588937,1.25737089507258,0.455070349619173,0.496996780040697,0.687461837336389,1.62625501533915,0.630887454104387,0.625,0.625,8
"MIGHTE-Nsemble","56",0.486643691573889,0.809802170169495,1.54116079256322,0.493480648232819,0.444420668822984,0.62194202523196,2.21662855982388,0.769691217975945,0.125,0.75,8
"MIGHTE-Nsemble","72",0.572838612524678,0.577293065956067,10.4205936054728,0.191739495089259,0.65103913484205,0.732827674673123,15.5932327862953,0.298365372112499,0.625,1,8
"MOBS-EpyStrain_Flu","01",0.345459123800907,0.317656788321822,3.05929347826087,0.154868111567073,1.16667087819042,1.15225792921446,4.5,0.242892027771574,0.75,1,8
"MOBS-EpyStrain_Flu","02",0.986314284114591,1.18885907421933,1.14842391304348,0.447548289506628,0.929618871278274,0.776638706820592,1.5,0.61967384744718,0.625,1,8
"MOBS-EpyStrain_Flu","04",0.589858430423321,0.715525132364448,10.4558695652174,0.325921696468959,1.42225384776324,1.6392330577779,18.5,0.563222430886141,0.375,1,8
"MOBS-EpyStrain_Flu","05",0.225065620294247,0.533408449038838,1.46342391304348,0.317602228315589,0.609549810709942,0.716737373803772,2.625,0.59820477176659,0.25,1,8
"MOBS-EpyStrain_Flu","06",0.4714134069406,0.43482763032384,20.8828260869565,0.192239804942743,2.56807036840487,3.21440480405169,40,0.349052233316484,0.375,1,8
"MOBS-EpyStrain_Flu","08",0.153547824427447,0.332587167696486,1.16097826086957,0.17751917387932,0.374540586471394,0.41219902855011,1.5,0.200183717848116,0.875,1,8
"MOBS-EpyStrain_Flu","09",0.520230455237689,0.991538876995781,2.97103260869565,0.548865516583419,3.59752562935367,2.86312766316436,5.125,0.953077373269925,0,1,8
"MOBS-EpyStrain_Flu","10",0.134571830414186,0.405741889334452,0.316467391304348,0.1866329982561,0.284833396498075,0.405096664576459,0.5,0.3106133312235,1,1,8
"MOBS-EpyStrain_Flu","11",0.541083514568175,0.774929161288318,0.986956521739131,0.366715166817326,0.655055793030424,0.495808573646717,1.5,0.539686014192039,0.5,1,8
"MOBS-EpyStrain_Flu","12",0.654994669189892,0.332249720503741,26.0420652173913,0.176455251866738,2.19012492861972,1.83420032505577,43.625,0.315426384851486,0.625,1,8
"MOBS-EpyStrain_Flu","13",0.272162353963524,0.412189650395746,4.22576086956522,0.246691409430378,0.54021943607258,0.617992021782371,6.875,0.419485379478015,0.25,1,8
"MOBS-EpyStrain_Flu","15",0.652995210422801,0.834217196092017,2.71440217391304,0.349359798061652,0.655886394422174,0.92417307689551,4.125,0.528988548705269,0.625,0.875,8
"MOBS-EpyStrain_Flu","16",0.246465628648475,0.5182905351836,0.985217391304348,0.259237166912391,0.591708559053214,0.730590925637487,1.625,0.435794398750308,0.75,0.875,8
"MOBS-EpyStrain_Flu","17",0.615412917421861,0.662450431322019,12.5140760869565,0.460936433600509,1.12013937268432,1.21375726579444,17.125,0.717548029922841,0.25,0.75,8
"MOBS-EpyStrain_Flu","18",0.151533230109786,0.32928951928093,1.99244565217391,0.195014935519872,0.456249513174554,0.5368444970413,3,0.302661608876551,0.75,1,8
"MOBS-EpyStrain_Flu","19",0.215436277318346,0.618294633400845,0.928641304347826,0.33078062720949,0.598140609047772,0.571408309670643,1.25,0.447939867307014,0.5,1,8
"MOBS-EpyStrain_Flu","20",0.160133530357177,0.347103542287768,0.719021739130435,0.181762493346514,0.435883221669264,0.47701910843739,0.875,0.237139998110735,0.875,1,8
"MOBS-EpyStrain_Flu","21",0.401471720693159,0.457749082105293,4.29842391304348,0.293017129183665,0.945179589066332,0.848560899108076,7.75,0.514834081179976,0.25,1,8
"MOBS-EpyStrain_Flu","22",0.344534510597302,0.295215907204638,3.36038043478261,0.136536526919562,0.765397339036278,0.725866191406544,5.125,0.195974151395298,0.875,1,8
"MOBS-EpyStrain_Flu","23",0.248544845796486,0.651673911027163,0.647608695652174,0.289261070172667,0.624722748065152,0.735978926058003,1.125,0.519860385419959,0.625,1,8
"MOBS-EpyStrain_Flu","24",0.399440563246549,0.633096701458312,3.4066847826087,0.322866745000172,2.85284104315499,3.65809749830536,6,0.550759306909987,0.125,1,8
"MOBS-EpyStrain_Flu","25",0.345944000034245,0.979105059676519,4.8491847826087,0.706166866251343,0.850390243485041,0.931586200256824,7.5,1.03916304504287,0.375,0.875,8
"MOBS-EpyStrain_Flu","26",0.339343570949789,0.659233242541969,6.04913043478261,0.442996152123792,0.982699835158754,0.996723478585759,9.375,0.690925296709929,0.375,1,8
"MOBS-EpyStrain_Flu","27",0.180123832713018,0.504326695585545,1.61135869565217,0.286010364940392,0.343038479436176,0.544610904562717,2.875,0.482927602948616,0.5,1,8
"MOBS-EpyStrain_Flu","28",0.552531539901367,0.599003770046654,3.20260869565217,0.308413719001091,2.11193025731314,1.83342631032296,5.5,0.54763381634339,0.25,1,8
"MOBS-EpyStrain_Flu","29",0.201073258855863,0.279106177068853,2.29038043478261,0.165702379369875,0.877470980907493,0.858790379646186,4,0.279863999766613,0.75,1,8
"MOBS-EpyStrain_Flu","30",0.509587493337124,0.859810996143566,1.31266304347826,0.406280929445529,1.03337837071618,1.05051727473486,2.125,0.705901515395976,0.375,0.875,8
"MOBS-EpyStrain_Flu","31",0.545064981461255,1.33976192757806,1.49554347826087,0.647036979520598,NA,NA,2.375,1.08388940921106,0,0.875,8
"MOBS-EpyStrain_Flu","32",1.01804165360433,1.32154179385726,6.64423913043478,0.41695454578561,1.71992608176424,2.28819601019577,11,0.696117926152292,0.125,1,8
"MOBS-EpyStrain_Flu","33",0.332283470918822,0.719179353695545,0.812010869565217,0.342220625887401,0.821013235566542,0.871028381216314,1.25,0.539686014192039,0.375,1,8
"MOBS-EpyStrain_Flu","34",0.193488190897084,0.38105848082835,3.74086956521739,0.210322082381379,0.491568456190906,0.744017667119666,7,0.371438485582891,0.5,1,8
"MOBS-EpyStrain_Flu","35",0.185716016570517,0.489749569978512,0.804782608695652,0.248370257509676,0.68396049576953,0.677080506685713,1.125,0.315716080538532,0.625,1,8
"MOBS-EpyStrain_Flu","36",0.173350178795553,0.268346076855903,5.38005434782609,0.18061256801013,0.475189268067133,0.529893084039925,7.625,0.247990263689075,0.875,1,8
"MOBS-EpyStrain_Flu","37",0.141261382495873,0.313788534156732,2.39701086956522,0.207126822812281,0.917035177335122,0.95356567845588,3.625,0.335380867174077,0.625,1,8
"MOBS-EpyStrain_Flu","38",0.590097610556664,0.791980064027168,1.54369565217391,0.302486591751914,0.746534978536747,0.774887573597045,2.25,0.407617686269214,0.625,1,8
"MOBS-EpyStrain_Flu","39",0.107034232043905,0.242093776984586,2.22597826086957,0.163117164741965,0.922827432754353,0.910965829656472,3.25,0.223073564871247,0.75,1,8
"MOBS-EpyStrain_Flu","40",0.364211058011152,0.460971049663984,3.17369565217391,0.269003473981785,1.11535251426221,1.13097369990438,5.375,0.44275492934106,0.5,1,8
"MOBS-EpyStrain_Flu","41",0.190973044223013,0.481666356003931,1.31744565217391,0.284494382409454,0.538159867597469,0.657668811148365,2.125,0.463248115252109,0.5,1,8
"MOBS-EpyStrain_Flu","42",0.545883372270082,0.428685298201095,21.8400543478261,0.164491813238873,1.92073492292614,2.15887000610531,39.125,0.278571398812154,0.5,1,8
"MOBS-EpyStrain_Flu","44",0.260322908173435,0.551006629511343,0.799836956521739,0.301455555115413,0.318496503040437,0.467187380215773,1.25,0.466212681079274,0.5,1,8
"MOBS-EpyStrain_Flu","45",0.219282316355782,0.450194619333638,1.94755434782609,0.264352646685386,0.703841404416601,0.782874029546474,2.75,0.395844977966148,0.625,1,8
"MOBS-EpyStrain_Flu","46",0.386779475019473,0.656223202072903,0.892173913043478,0.327030147008498,0.658021658056326,0.744179809704061,1.375,0.503168961341894,0.625,1,8
"MOBS-EpyStrain_Flu","47",0.276956163042071,0.282166106577203,3.63548913043478,0.124549579500285,0.457525942477451,0.50591302241058,3.625,0.136779133372074,1,1,8
"MOBS-EpyStrain_Flu","48",0.246967723633189,0.178378534539935,10.38375,0.103524095993968,0.680345515192016,0.693587637445885,6.5,0.0687602759192717,1,1,8
"MOBS-EpyStrain_Flu","49",0.469491341174069,0.62941967356134,1.57385869565217,0.284936184375507,0.897146166869167,0.952069668182868,2.5,0.436907986337653,0.625,1,8
"MOBS-EpyStrain_Flu","50",0.402841745667051,0.654921995760519,0.375380434782609,0.199983908430203,1,1,0.5,0.274653072167027,0.75,1,8
"MOBS-EpyStrain_Flu","51",0.212357393512022,0.340321711940279,2.72586956521739,0.200034653668993,0.954229832230399,1.04220278981021,4.375,0.306937932502029,0.75,1,8
"MOBS-EpyStrain_Flu","53",0.194008790016436,0.298990640623224,1.91260869565217,0.156035167399743,0.224414713795409,0.310004657370671,2.25,0.178379751219622,0.875,1,8
"MOBS-EpyStrain_Flu","54",0.357261211469883,1.03043745364543,1.67510869565217,0.554129478509682,1.71745425240314,2.43887117137844,2.625,0.865022224872587,0.125,1,8
"MOBS-EpyStrain_Flu","55",0.272514716488692,0.980957423942055,2.26385869565217,0.646098563590588,1.11253181674548,1.07845830555453,3.5,0.946058151819527,0.5,0.625,8
"MOBS-EpyStrain_Flu","56",0.195437544496118,0.408121118040381,0.61820652173913,0.245687232050622,0.199991013917026,0.335372904217747,1,0.411979608250541,0.875,1,8
"MOBS-GLEAM_RL_FLUH","01",0.892863718032543,0.720147246819295,7.8840259815299,0.350396167403828,3.28132770708042,2.61345215824277,12.5183615684509,0.545120485088803,0.125,0.625,8
"MOBS-GLEAM_RL_FLUH","02",0.664038121386621,0.958547118480892,0.778011201969955,0.361470790274164,0.762266527471361,0.701794571194336,1.24685497581959,0.563588759781579,0.25,1,8
"MOBS-GLEAM_RL_FLUH","04",0.619059354367077,0.649916243920916,10.963973620197,0.295827215136858,1.19108012063388,1.2631944197573,15.5704452991486,0.43724997364842,0.125,0.5,8
"MOBS-GLEAM_RL_FLUH","05",0.866006628347076,1.5501885501419,5.94560089386028,0.982946167937052,1.84168124746264,1.40770954000655,8.29788208007812,1.23233784190101,0,0.375,8
"MOBS-GLEAM_RL_FLUH","06",0.390827697579763,0.346466137280459,18.3140948900969,0.163880457624284,1.83297334981039,2.28641747147068,29.9698467254639,0.264468743828045,0.5,0.875,8
"MOBS-GLEAM_RL_FLUH","08",0.102736077603638,0.207232135914713,0.802867184534021,0.115691262618083,0.302131639605102,0.37718884207715,1.30343812704086,0.200379531573184,0.5,1,8
"MOBS-GLEAM_RL_FLUH","09",0.609796786872245,1.22750491738311,3.49214868492406,0.681213611296432,3.62513701098028,2.88151788978782,5.17884796857834,0.960881582317518,0,0.125,8
"MOBS-GLEAM_RL_FLUH","10",0.130079436422181,0.426081089664602,0.310605336021146,0.199751631288438,0.270335975633599,0.39379118831837,0.476483412086964,0.302266501995357,0.5,0.75,8
"MOBS-GLEAM_RL_FLUH","11",0.557318425289461,0.745745981016424,1.0209014844862,0.355931350314469,0.644740744166123,0.485023880357672,1.47837501764297,0.529100812525433,0.25,0.75,8
"MOBS-GLEAM_RL_FLUH","12",1.66129632646499,0.765232670114215,67.6456308655117,0.414218541212129,5.18829962442677,3.60743469356884,104.224327087402,0.6215223901965,0,0.375,8
"MOBS-GLEAM_RL_FLUH","13",0.632269020594301,0.904091401001875,10.1003865031574,0.553307926005243,1.07117762636493,1.04770483205383,14.0243105888367,0.724798733150844,0.125,0.375,8
"MOBS-GLEAM_RL_FLUH","15",0.446229598502457,0.446689826619467,1.86270828678556,0.188047872303251,0.479880421015243,0.558128888422946,3.03704118728638,0.322514861623229,0.375,0.875,8
"MOBS-GLEAM_RL_FLUH","16",0.287604076794968,0.583765594401288,1.14643744130821,0.293212814608078,0.687631861993072,0.804701427840319,1.88002026081085,0.474622108129509,0.25,0.875,8
"MOBS-GLEAM_RL_FLUH","17",0.6015010507416,0.690986412467564,12.6108928358037,0.505266253341081,1.17924072105403,1.15497297509846,18.541029214859,0.710481597542146,0,0.5,8
"MOBS-GLEAM_RL_FLUH","18",0.207923388626013,0.446796657820111,2.77261007873908,0.26888902527195,0.653844073815764,0.729646611426271,4.37442684173584,0.416826114147636,0.125,0.625,8
"MOBS-GLEAM_RL_FLUH","19",0.252823732838044,0.751739999790005,1.08399276816782,0.400272535537333,0.774921495526103,0.704662498126393,1.61761477589607,0.553414667983443,0.5,0.75,8
"MOBS-GLEAM_RL_FLUH","20",0.148045574617044,0.344831934438005,0.642046736417105,0.173472611381585,0.520955397745736,0.571906357382289,1.00238886475563,0.26705363763973,0.5,1,8
"MOBS-GLEAM_RL_FLUH","21",0.396978134782613,0.420114949483558,4.25081066235252,0.268948859653299,0.816392955182813,0.700958082125227,6.69714558124542,0.425490122886971,0.125,0.75,8
"MOBS-GLEAM_RL_FLUH","22",0.86732975918867,0.826896813215038,8.43909297424814,0.381704120572699,1.8574011389197,2.14204418565671,12.2746484279633,0.570737429131442,0,0.375,8
"MOBS-GLEAM_RL_FLUH","23",0.346691253248707,0.935151404308257,0.947014378583028,0.43535391826153,0.720337093977149,0.838477134010413,1.38004922866821,0.625120569628291,0.375,0.625,8
"MOBS-GLEAM_RL_FLUH","24",0.194731669194019,0.227025221802703,1.68239352817121,0.11758664631964,1.30914410468974,1.28197193038411,2.78908789157867,0.195959302996127,0.75,1,8
"MOBS-GLEAM_RL_FLUH","25",0.39586504602716,1.16710263570517,5.55901301443577,0.838175651621127,0.901149952585142,0.961833482959219,7.9277184009552,1.06984432085115,0,0.375,8
"MOBS-GLEAM_RL_FLUH","26",0.195887426696048,0.471060811823376,3.48305192372073,0.315576407764716,0.5438691846052,0.669161470644247,5.16076493263245,0.462502746573601,0.5,0.625,8
"MOBS-GLEAM_RL_FLUH","27",0.131802170969606,0.362237479017971,1.19580229784484,0.212720364557732,0.226319906284182,0.361200227313961,1.9355229139328,0.332544218517886,0.375,0.875,8
"MOBS-GLEAM_RL_FLUH","28",1.89049658840966,1.64261658598387,10.9349129141414,0.839468363408657,5.62864350212001,3.53164823796708,14.5247986316681,1.04176599162864,0,0.125,8
"MOBS-GLEAM_RL_FLUH","29",0.651890495738385,0.677557060678637,7.48696348226589,0.405711807701178,2.59231287163291,1.89262370492235,11.8528170585632,0.618404067837517,0,0.625,8
"MOBS-GLEAM_RL_FLUH","30",0.69536493349884,1.22766384150853,1.91750592764678,0.6168519133125,0.994477302748027,1.07683822575802,2.14157259464264,0.755249877626612,0.25,0.625,8
"MOBS-GLEAM_RL_FLUH","31",0.569549468095142,1.48473115062947,1.59529643408822,0.722670071983433,NA,NA,2.27128426730633,1.04624092947055,0,0.375,8
"MOBS-GLEAM_RL_FLUH","32",0.96072877891645,1.08254312716801,6.23196241319179,0.338973219461416,1.38250298073983,1.64022121220388,8.79191410541534,0.494961796019031,0.25,0.5,8
"MOBS-GLEAM_RL_FLUH","33",0.371376576890614,0.801797855334291,0.906019940440272,0.380226340257026,0.925500206630962,0.970433849644445,1.40635122358799,0.599122758010326,0.25,0.625,8
"MOBS-GLEAM_RL_FLUH","34",0.0974002239319764,0.146887437691611,1.88572377293006,0.0813469292907356,0.172769923078665,0.216533486659158,2.46551036834717,0.108465078503787,0.875,1,8
"MOBS-GLEAM_RL_FLUH","35",0.133965657938793,0.341348228699849,0.584093893221782,0.174634875216705,0.601950718845223,0.624479689567967,0.98853175342083,0.290913105422029,0.375,1,8
"MOBS-GLEAM_RL_FLUH","36",0.432766580865621,0.565497701641958,13.7845363142179,0.389047971758425,1.25079056616063,1.1846663635505,20.8186521530151,0.575243831161387,0.125,0.5,8
"MOBS-GLEAM_RL_FLUH","37",0.141883387663982,0.331586565803812,2.39940919883873,0.218561425144804,0.996975102079269,1.01874007356181,3.89703547954559,0.354535159209472,0.5,0.875,8
"MOBS-GLEAM_RL_FLUH","38",0.863456625174613,1.19891240276145,2.25996101730706,0.461214149149834,0.972336793138011,1.21958263904893,2.93623712658882,0.647530952192583,0.25,0.5,8
"MOBS-GLEAM_RL_FLUH","39",0.132930588076414,0.254566685582278,2.8306906629127,0.176797681286845,1.30724432743219,1.18748415084746,4.77289772033691,0.303525486356577,0.375,1,8
"MOBS-GLEAM_RL_FLUH","40",0.313362282492353,0.334364821238988,2.70291163335676,0.19635744026289,0.917120961084937,0.80203951037533,4.35340321063995,0.312994869410857,0.5,0.875,8
"MOBS-GLEAM_RL_FLUH","41",0.266019922002364,0.684381603009843,1.8304802763786,0.402273956106193,0.744966217940144,0.865906199740561,2.94372367858887,0.609757303839604,0.125,0.75,8
"MOBS-GLEAM_RL_FLUH","42",0.928451478389652,0.733406102869332,37.3842749661985,0.283964155736719,2.73366404035152,3.34182059831767,56.0295562744141,0.434970650381585,0,0.625,8
"MOBS-GLEAM_RL_FLUH","44",0.366810407562168,0.765032333356323,1.11763265040894,0.41382637517442,0.367460442766856,0.559889731951661,1.44217749685049,0.558698011828905,0.125,0.375,8
"MOBS-GLEAM_RL_FLUH","45",1.23445440349392,1.61926096234124,11.0850975290589,0.957388695283073,3.85586345101959,2.38304372334296,15.1190009117126,1.20071182795322,0,0.125,8
"MOBS-GLEAM_RL_FLUH","46",0.672026423933348,1.21427668814298,1.58422038537835,0.625569636663753,0.946641190498327,1.24976487967405,2.02017289539799,0.871586070391292,0,0.375,8
"MOBS-GLEAM_RL_FLUH","47",0.528993195840907,0.487185924501805,7.15790968729102,0.221258425743669,1.4916064690633,1.36101547344606,12.0172259807587,0.373630830469928,0.125,0.875,8
"MOBS-GLEAM_RL_FLUH","48",1.22692181589627,0.676077621882154,52.7106334843843,0.401088104939027,8.95280985727777,6.45028525988969,81.9418640136719,0.610094831541406,0,0.625,8
"MOBS-GLEAM_RL_FLUH","49",0.809579497791617,1.21413792922527,2.75893304098559,0.56154663791132,1.27992242870937,1.66728039231304,3.6011904925108,0.777010085161987,0.125,0.5,8
"MOBS-GLEAM_RL_FLUH","50",0.478456014761431,0.765402308988752,0.444926265053724,0.233079937800442,1.03893129419045,1.06433156252964,0.518767654779367,0.291720828291438,0.625,0.75,8
"MOBS-GLEAM_RL_FLUH","51",1.24096558029004,1.20608945112134,15.8230450685128,0.707238583860647,4.79986807264336,3.14123799720481,21.7041187286377,0.912734193673825,0,0.125,8
"MOBS-GLEAM_RL_FLUH","53",1.21019502773385,1.27983168697628,11.8820273546032,0.661571834820538,1.62664224130286,1.49830427581419,16.1383209228516,0.849230505208812,0,0.125,8
"MOBS-GLEAM_RL_FLUH","54",0.204152637824065,0.449478648165176,0.954367887961201,0.240606513406969,1.0396712904891,1.13602518521614,1.57711845636368,0.397392301247267,0.125,0.875,8
"MOBS-GLEAM_RL_FLUH","55",0.418368747991374,1.37468400072906,3.45168295817531,0.893203879408639,1.60015880081284,1.31803945498446,4.99226087331772,1.1419613822756,0,0.5,8
"MOBS-GLEAM_RL_FLUH","56",0.260000935449355,0.545594710603542,0.822508728128957,0.33256842412,0.251866490111579,0.407896583694285,1.24978472292423,0.503712589238595,0.5,0.75,8
"NAU-FourCAT","01",0.267964605171351,0.30481641112324,2.3904347826087,0.14987788410252,0.807439951572001,0.798858638115923,3.125,0.169694384275308,0.75,1,8
"NAU-FourCAT","02",0.917055764612953,1.30758281789293,1.08108695652174,0.493116553470795,1.08748699634194,1.12272345464388,1.75,0.88115685515698,0.375,0.875,8
"NAU-FourCAT","04",0.366014069515899,0.404228180911958,6.82815217391304,0.1960435155824,0.72684988664214,0.786279179519744,10.125,0.295819442199229,0.625,1,8
"NAU-FourCAT","05",0.32075308798479,0.708278289465859,2.20548913043478,0.44735404728514,0.794180113026787,0.865744390422573,3.625,0.771491566906577,0.5,1,8
"NAU-FourCAT","06",0.192805053910733,0.142767982743766,8.56108695652174,0.063475275404193,0.540055945593438,0.549294798066324,8.5,0.0601173578674481,1,1,8
"NAU-FourCAT","08",0.348430112880946,0.581899205970733,2.74233695652174,0.3254859838152,1.17722988680784,1.13880356838672,5,0.593458656074359,0.375,1,8
"NAU-FourCAT","09",0.313574661341761,0.672449816833571,1.78478260869565,0.371242535127238,2.10902218431968,1.90371567298869,3,0.629322552283571,0.5,1,8
"NAU-FourCAT","10",0.319713404540365,0.729981267886079,0.759184782608696,0.339764173514225,0.859636908626977,0.904757136936694,1.5,0.686632680417569,0.75,1,8
"NAU-FourCAT","11",0.800104689085555,1.33175620812257,1.4420652173913,0.621187691086918,1,1,2.25,1.059546399612,0.25,1,8
"NAU-FourCAT","12",0.246852624989935,0.154718527985555,9.7170652173913,0.0810684263402181,0.640519423040809,0.631063699326635,12.625,0.107466189673811,0.875,1,8
"NAU-FourCAT","13",0.356658723607902,0.562308259989516,5.60146739130435,0.339224783627702,0.735505114744711,0.787736979008896,9.5,0.541178351896482,0.5,1,8
"NAU-FourCAT","15",0.588458622191113,0.628779114174401,2.47146739130435,0.266148908448874,0.569248801490273,0.657111197274405,3.625,0.38258793293345,0.75,1,8
"NAU-FourCAT","16",0.324261088486695,0.619705116680814,1.27994565217391,0.308260670353749,0.826906327506034,0.923474859698048,2.25,0.542263425092381,0.375,1,8
"NAU-FourCAT","17",0.542421934260683,0.805964929467687,11.0660869565217,0.566117042416317,0.99773507973972,1.00330242397925,15.25,0.593983913957738,0.75,1,8
"NAU-FourCAT","18",0.268015292398187,0.568910395378107,3.54711956521739,0.3385497000039,0.712680738063473,0.775772082809183,4.75,0.440584804804147,1,1,8
"NAU-FourCAT","19",0.281022439459809,0.787113304564534,1.22255434782609,0.430548778519175,0.993395805764699,1.06126867208718,2.125,0.873089540014783,0.625,1,8
"NAU-FourCAT","20",0.218327804126101,0.501255071452139,0.974347826086957,0.258301578647416,0.744526215905104,0.74227137227239,1.5,0.366399219052052,0.875,1,8
"NAU-FourCAT","21",0.621003887803795,1.04282221302461,6.7108152173913,0.678469925953573,1.40061225420252,1.6083853033591,11.625,1.00136570204081,0.125,1,8
"NAU-FourCAT","22",0.449923176937394,0.398983629855107,4.39559782608696,0.184722105076933,1.05554912866686,1.04528434816837,7,0.279050037760925,0.125,1,8
"NAU-FourCAT","23",0.286267701286652,0.721549939510039,0.772282608695652,0.331620889637261,0.73538678586418,0.818280523526161,1.375,0.598436467847756,0.625,1,8
"NAU-FourCAT","24",0.262544852466576,0.409198282730542,2.25114130434783,0.210093290565719,1.29751032368168,1.36770160126898,2.75,0.207683513957868,0.75,1,8
"NAU-FourCAT","25",0.376328181187354,0.875011157468203,5.17836956521739,0.606402836859893,1.09308713557189,1.02719659781566,9.5,1.11956535168464,0.375,1,8
"NAU-FourCAT","26",0.262937954864017,0.563214713301487,4.57271739130435,0.36840167175991,0.763677388735487,0.832277585045913,7.125,0.567022164312643,0.875,1,8
"NAU-FourCAT","27",0.434000821200054,0.803660055330136,4.0179347826087,0.477650941485401,0.847114864753782,0.90962437199483,7.375,0.849711387579884,0.25,1,8
"NAU-FourCAT","28",0.540136576814954,0.608328180159827,3.10679347826087,0.310849951447784,1.94100741246753,1.70735780137751,5,0.505462603675418,0.25,1,8
"NAU-FourCAT","29",0.25560078667869,0.454099650136206,2.91809782608696,0.270138167396184,0.851126289578644,0.827422329767174,3.875,0.269331456814395,0.875,1,8
"NAU-FourCAT","30",0.511075875012869,0.878340135730945,1.32967391304348,0.420150318629918,0.958450287740828,0.967405078023099,2,0.655218376882455,0.625,1,8
"NAU-FourCAT","31",0.399366518819657,0.863554413684485,1.12146739130435,0.42254366157726,NA,NA,1.75,0.758553198530514,0.875,1,8
"NAU-FourCAT","32",0.453339313670461,0.51655267992468,2.97847826086957,0.164166804154326,0.796829726838969,0.852646461886416,5.125,0.261452152400472,0.625,1,8
"NAU-FourCAT","33",0.344687919972634,0.720882350789869,0.840489130434783,0.341674371526923,0.821013235566542,0.871028381216314,1.25,0.539686014192039,0.625,1,8
"NAU-FourCAT","34",0.294458174587145,0.393683966492528,5.7316847826087,0.219287912216257,0.749910146691637,0.804270851411588,10.75,0.405210594836689,0.25,1,8
"NAU-FourCAT","35",0.290069433082011,0.612696102231913,1.30684782608696,0.323822710698862,1.3885062127831,1.23748657931746,2.375,0.601013878748098,0.5,1,8
"NAU-FourCAT","36",0.323614277099298,0.453234238073102,10.3466847826087,0.311809265180447,1.10266894689898,1.0694117990663,18.5,0.522584463019539,0.5,1,8
"NAU-FourCAT","37",0.182393530084115,0.503424710447316,3.05298913043478,0.328032298022832,0.840810683620955,0.88324257944756,3.25,0.305024706561133,1,1,8
"NAU-FourCAT","38",0.555819506879843,0.642177235511935,1.45260869565217,0.244226568388272,0.582735385863533,0.552574481868973,1.75,0.287978595469913,0.375,0.875,8
"NAU-FourCAT","39",0.231348941336023,0.877313801304014,4.83326086956522,0.596786970797502,2.12737500335738,3.16770667776178,7.625,0.799319683883886,0.875,1,8
"NAU-FourCAT","40",0.338123804447662,0.419754421360385,2.9658152173913,0.247608133311993,0.943847351191442,0.917682368636642,4.625,0.367503418542753,0.5,1,8
"NAU-FourCAT","41",0.40340474113998,0.829564469737009,2.78065217391304,0.488838972261331,1.01322703420307,1.06141899349166,4,0.74696452376748,0.375,1,8
"NAU-FourCAT","42",0.592090503108782,0.48591058508026,23.6752717391304,0.186344112653957,1.74795292087389,1.93966920528274,35.625,0.25040978701397,0.25,1,8
"NAU-FourCAT","44",0.919562121956349,1.51675121898901,2.93347826086957,0.858504578425237,0.915393583426581,0.981582790460562,3.75,1.02205682334698,0.125,0.375,8
"NAU-FourCAT","45",0.203190805390034,0.511016831468926,1.79342391304348,0.297524932704941,0.674151727646563,0.752106982505907,2.625,0.380097502608578,0.875,1,8
"NAU-FourCAT","46",0.425101326695975,0.716836552533818,0.978043478260869,0.356957873408233,0.77842779454113,0.848557691150674,1.625,0.575089479454839,0.5,1,8
"NAU-FourCAT","47",0.219817618127192,0.239328993329808,2.8966847826087,0.106023922634318,0.532503131500969,0.583019566325569,4.25,0.15867931816177,0.75,1,8
"NAU-FourCAT","48",0.24288009595214,0.174320156222153,10.2536956521739,0.101823856410567,1.55546011161275,1.4567583367795,14.25,0.138584666213158,0.875,1,8
"NAU-FourCAT","49",0.583838072667088,0.892404541766722,1.97451086956522,0.409888416332803,1.02137753494387,1.16810221335109,2.875,0.544788763507071,0.375,1,8
"NAU-FourCAT","50",0.385048562954348,0.627453588216701,0.358913043478261,0.191574228905909,1,1,0.5,0.274653072167027,0.75,1,8
"NAU-FourCAT","51",0.211560736716957,0.309387197915456,2.70423913043478,0.183232072390758,0.987358200533024,1.00580486809964,4.5,0.296901584997167,0.625,1,8
"NAU-FourCAT","53",0.43903651203589,0.543983829361922,4.27510869565217,0.279361937402316,0.751166948059438,0.856373034314278,7.375,0.481002882471435,0.25,1,8
"NAU-FourCAT","54",0.2445319167106,0.569240413173624,1.14451086956522,0.309941318746779,1.14037302614797,1.25991181365935,1.75,0.453042616622046,0.875,1,8
"NAU-FourCAT","55",0.150253748826171,0.606059027012217,1.19038043478261,0.364964948644202,0.61925058579879,0.910122637194774,1.875,0.745968502561333,0.875,1,8
"NAU-FourCAT","56",0.33653074321132,0.553225631734083,1.06570652173913,0.335993703732174,0.326951423324762,0.502567998290421,1.625,0.621226662447,1,1,8
"NAU-FourCAT","72",0.575722932134311,0.590387499340935,10.4836956521739,0.197027226820337,0.653334564000964,0.720853112672382,15.625,0.295051830004594,0.625,0.875,8
"NAU-epymorph","01",0.319480948496775,0.301194882814232,2.85385869565217,0.14827406519249,0.958524631773033,0.963665980838037,3.75,0.206106898087031,1,1,8
"NAU-epymorph","02",0.681880997371451,0.936027467124821,0.793913043478261,0.350176772399612,0.842395547683895,0.777002380197726,1.375,0.621226662447,0.5,1,8
"NAU-epymorph","04",0.54847650737838,0.51526627360186,10.7713586956522,0.262504822679661,1.16511279091775,1.10604072522342,16.875,0.426934255465121,0.5,1,8
"NAU-epymorph","05",0.506828757102495,0.961612855699301,3.63217391304348,0.626282703386607,1.12187916670457,1.04397530710612,5.375,0.958286278667613,0.25,0.875,8
"NAU-epymorph","06",0.737106520918692,0.42184151393759,32.8401086956522,0.186941399367755,3.47306257669768,3.05387071057498,54.375,0.333149290039825,0.375,1,8
"NAU-epymorph","08",0.403052543103818,0.600788025910647,3.13005434782609,0.331826069080931,1.25685815030328,1.17139212283914,5.25,0.60017433099388,0.25,1,8
"NAU-epymorph","09",0.191384931055046,0.448836028500767,1.08423913043478,0.246646242657296,1.15757983095983,1.17469900358264,1.625,0.38411523903064,0.75,1,8
"NAU-epymorph","10",0.38916737854056,0.820853548092485,0.933641304347826,0.385635103938892,0.780604302630068,0.851086873702279,1.375,0.650672421361096,0.625,1,8
"NAU-epymorph","11",0.621685230567184,0.941817415999408,1.12342391304348,0.44070109498958,0.823604806325593,0.741637473260932,1.875,0.799616206902018,0.375,1,8
"NAU-epymorph","12",0.33103124311407,0.218036514780472,13.063152173913,0.114514191952606,0.826882627364995,0.856613701725394,16.25,0.145285281220139,0.625,1,8
"NAU-epymorph","13",0.617871021485668,0.772108438458343,10.1584782608696,0.482606266915879,1.17155877183506,1.07709487184322,15.75,0.757923282433505,0.125,0.75,8
"NAU-epymorph","15",1.43695656954968,1.09219243815181,6.54309782608696,0.492108952296448,1.44938284775481,1.24597609314203,10,0.765763923602046,0.125,0.75,8
"NAU-epymorph","16",0.545498003278992,0.844777062861134,2.14353260869565,0.417936839395788,1.3027381256511,1.24490263241504,3.5,0.722592939474041,0.375,1,8
"NAU-epymorph","17",0.526511557454382,0.515650683202578,10.7591847826087,0.363316286543005,0.880291650884232,0.841056268176396,13.5,0.503479429937801,0.5,0.75,8
"NAU-epymorph","18",0.280142300304205,0.505703141251514,3.78673913043478,0.306786560051539,0.901887308242939,0.932354573381136,6.125,0.538764256635449,0.5,1,8
"NAU-epymorph","19",0.272704584024217,0.736057830234044,1.16744565217391,0.392137558357162,0.842648702127581,0.746824748402222,1.75,0.585266403390527,0.625,1,8
"NAU-epymorph","20",0.223449656664933,0.456073592253856,1.01739130434783,0.238888225537995,0.620376326330925,0.648237257002072,1.25,0.320818829853564,0.875,1,8
"NAU-epymorph","21",0.566274193801326,0.715031587519923,6.08815217391304,0.461410615842433,1.24228997955765,1.27144920338019,10.25,0.77936431300832,0,0.875,8
"NAU-epymorph","22",0.413677960812867,0.310056850082211,4.11391304347826,0.145587971415045,0.700918016083939,0.657604665714621,4.75,0.180045799989299,0.875,1,8
"NAU-epymorph","23",0.432284510921615,0.925245802404715,1.1683152173913,0.426087960132025,0.93651218747728,0.962641333889922,1.75,0.704905494189829,0.5,1,8
"NAU-epymorph","24",0.511085752562185,0.456005101962235,4.4058152173913,0.234639900371189,3.05644932750378,2.60713706449711,6.5,0.397032198584082,0.375,1,8
"NAU-epymorph","25",0.304813581837732,0.858564464243818,4.21570652173913,0.608531514136041,0.788992030105379,0.881910549756691,6.875,0.973794994150186,0.125,0.875,8
"NAU-epymorph","26",0.223491792748092,0.465480002126954,3.95804347826087,0.31080232336239,0.599128915474756,0.710796759011965,5.75,0.497524354109996,0.5,1,8
"NAU-epymorph","27",0.604170170585267,0.998946544593411,5.59429347826087,0.595328256142882,1.06490411211065,1.04820511422753,9.25,0.97511544917943,0,0.875,8
"NAU-epymorph","28",0.625475925973402,0.625378015251624,3.58092391304348,0.317421436340133,2.29994608816144,1.90166046897643,5.875,0.557780508240471,0.375,1,8
"NAU-epymorph","29",0.258522108252613,0.372962275161283,2.94097826086957,0.2208067633533,1.08210215414635,1.11696275078811,4.875,0.359139580382425,0.625,1,8
"NAU-epymorph","30",0.492878026412253,0.848140371983636,1.25222826086957,0.39858077292066,1.17370314692526,1.21358315456762,2.375,0.807267792423017,0.375,1,8
"NAU-epymorph","31",0.639589990131074,1.48690422459746,1.71989130434783,0.712503877080442,NA,NA,2.875,1.242453324894,0,1,8
"NAU-epymorph","32",1.89618504056341,1.34182375526125,12.5992934782609,0.430156329716119,3.17498721571652,2.32057914037484,20.625,0.716656191146409,0,0.875,8
"NAU-epymorph","33",0.347518377253924,0.727586304420355,0.847554347826087,0.344798576490928,0.748393370261657,0.799125782801347,1.125,0.489002875678518,0.5,1,8
"NAU-epymorph","34",0.407916601388541,0.467620701903294,7.95826086956522,0.259454989172433,0.924257207638922,0.932033327260288,13.25,0.467649210884366,0.125,1,8
"NAU-epymorph","35",0.375058359800719,0.71224979022151,1.6933152173913,0.376798163875667,1.53013537187458,1.32816948171482,2.625,0.646594267946586,0.5,1,8
"NAU-epymorph","36",0.2446888962321,0.333986659462,7.74271739130435,0.228023900947778,0.713001108948709,0.760121667879815,11.75,0.366378871922427,0.625,0.875,8
"NAU-epymorph","37",0.184555636252072,0.368619845286481,3.09657608695652,0.239965947328523,1.19419924983781,1.16290500265446,4.625,0.400461144694178,0.625,1,8
"NAU-epymorph","38",0.542105680394273,0.649853252645367,1.42858695652174,0.249977272540586,0.746891857828042,0.759995632181626,2.25,0.399550371127018,0.75,1,8
"NAU-epymorph","39",0.105976588631423,0.234211795688544,2.22108695652174,0.159393317663845,0.808498886105776,0.796949076434498,2.875,0.197535388501437,0.75,1,8
"NAU-epymorph","40",0.295778086815371,0.359213322744347,2.58923913043478,0.210718988523728,0.840791172476276,0.794322868299305,4.125,0.318592036658903,0.75,1,8
"NAU-epymorph","41",0.735101936161322,1.24216536497476,5.08228260869565,0.732665422709916,1.95628016804948,1.54587159147065,7.75,1.09057354822029,0.25,0.75,8
"NAU-epymorph","42",0.610823356781014,0.48333717826954,24.5342391304348,0.186543568903921,2.08572612043083,2.46820813885149,42.625,0.320142590808176,0.375,1,8
"NAU-epymorph","44",0.696499434935981,1.08543806508312,2.20896739130435,0.611332817422198,0.822348216710039,0.927044064835509,3.375,0.966827729312102,0.375,1,8
"NAU-epymorph","45",0.245747234373253,0.476243815801443,2.20929347826087,0.281317307467746,0.79328175887768,0.853666274877405,3.125,0.434098879356146,0.5,1,8
"NAU-epymorph","46",0.503580842160965,0.785088521807883,1.17336956521739,0.393482528847994,0.89688433792213,0.942187653026111,1.875,0.638942682425588,0.625,1,8
"NAU-epymorph","47",0.38591132426418,0.352015787469665,5.1354347826087,0.157150319886978,0.911036942047588,0.923239795061691,7.25,0.250890354152913,0.75,1,8
"NAU-epymorph","48",0.528966209844983,0.304744336794837,22.4273369565217,0.17812182908444,4.13212609330132,3.46039913265743,37.5,0.325506367301236,0.25,1,8
"NAU-epymorph","49",0.567045632935421,0.564000985801799,1.90391304347826,0.253471052648664,0.961284404401809,0.829223570328792,2.625,0.370945174573412,0.625,1,8
"NAU-epymorph","50",0.4159101790467,0.697467772810173,0.393260869565217,0.216492433278717,1.2446959213657,1.30737371994843,0.625,0.361296469737021,0.75,1,8
"NAU-epymorph","51",0.314231419702765,0.372257205532438,3.99695652173913,0.218575849923437,1.27771920073772,1.22183578937998,5.75,0.355697920620413,0.5,1,8
"NAU-epymorph","53",1.0438499356064,1.02305317165256,10.2509782608696,0.528406001882575,1.65291584517124,1.5159002727331,16.375,0.858246438047122,0,0.625,8
"NAU-epymorph","54",0.177646097228289,0.388156443182667,0.825217391304348,0.207334318127445,0.834087684994401,0.848648104905968,1.25,0.292925885939288,0.875,1,8
"NAU-epymorph","55",0.129079745889212,0.569833777449413,1.06097826086957,0.369585221676392,0.432147934538323,0.617139731709064,1.375,0.554408893649087,0.625,1,8
"NAU-epymorph","56",0.744762937880639,1.07063013482653,2.39190217391304,0.657292122383958,0.742587991352597,0.860138020364733,3.75,1.07174394065436,0.125,1,8
"NAU-epymorph","72",0.928421643046793,0.818904018841146,16.8871195652174,0.272507331824343,1.04719542609722,1.01899835777321,25,0.41556787764162,0.375,0.875,8
"NAU-vulPES","01",0.288110615029363,0.320062366314744,2.59369565217391,0.159404307572348,0.92043898838729,0.958555102789514,3.625,0.208242330981885,0.75,1,8
"NAU-vulPES","02",0.815595061060362,1.18010437647134,0.958695652173913,0.443857794803601,1.08748699634194,1.12272345464388,1.75,0.88115685515698,0.375,1,8
"NAU-vulPES","04",0.375721450986183,0.40137835582466,7.01592391304348,0.194886407692835,0.807135789413828,0.859469780241857,11.125,0.318793409337564,0.375,1,8
"NAU-vulPES","05",0.342555010603559,0.755914682081733,2.38755434782609,0.484993395253704,0.831052376513927,0.880533658472266,3.875,0.798359914920331,0.25,1,8
"NAU-vulPES","06",0.241096089512134,0.187979596994701,10.8134239130435,0.0847349682534214,0.522958942427336,0.582343900581582,8.75,0.0687741338343967,1,1,8
"NAU-vulPES","08",0.260148987740623,0.446248478197407,2.03842391304348,0.249105486281737,0.794137100239903,0.844497045233068,3.375,0.440709742345783,0.625,1,8
"NAU-vulPES","09",0.179437130164749,0.445842102382283,1.02364130434783,0.246459269648321,1.12569864317125,1.1324171031065,1.625,0.379012489715608,0.75,1,8
"NAU-vulPES","10",0.280462826586669,0.642018948562547,0.665434782608696,0.298532317489625,0.574499258132116,0.679788813537614,1,0.513345885277582,0.875,1,8
"NAU-vulPES","11",0.819394581652158,1.35329652923743,1.47521739130435,0.629942017200044,1,1,2.25,1.059546399612,0.375,0.875,8
"NAU-vulPES","12",0.332029968352742,0.228366437151217,12.8691304347826,0.117953700888954,1.01955802383963,1.03513500927654,19.5,0.170561093778167,0.625,1,8
"NAU-vulPES","13",0.35961697604314,0.524881791702943,5.67451086956522,0.319129293712291,0.703956830844588,0.75628447855782,9.125,0.521702415032758,0.375,1,8
"NAU-vulPES","15",0.920528652008595,0.831087913977105,3.99929347826087,0.36113480789877,1.00068335468931,1.00104963596346,6.625,0.600246968562372,0.375,1,8
"NAU-vulPES","16",0.398862563810062,0.693536769892977,1.57711956521739,0.34511329421971,0.965784705772896,0.999027399661009,2.625,0.58629099929105,0.5,1,8
"NAU-vulPES","17",0.546132986816293,0.568152589431811,11.1113043478261,0.396243260247823,0.981118414976869,0.980907940661551,15,0.582174170580164,0.5,0.75,8
"NAU-vulPES","18",0.211146839927431,0.404778024240314,2.80608695652174,0.241957142035852,0.713667631690955,0.776938257393839,4.75,0.44152820550857,0.625,1,8
"NAU-vulPES","19",0.275587002320156,0.784692023864435,1.19788043478261,0.427891314003066,0.928398733159866,1.00911162538601,2,0.837129280958311,0.5,1,8
"NAU-vulPES","20",0.248095567994082,0.563181952715546,1.10760869565217,0.289397644311593,0.953150495113923,1.02274149893331,1.875,0.489002875678518,0.75,1,8
"NAU-vulPES","21",0.61018502519256,0.827564786689828,6.60733695652174,0.540476482111318,1.31038452313161,1.4379240850083,10.875,0.893343860698916,0,0.875,8
"NAU-vulPES","22",0.427850997174674,0.384612211874774,4.19277173913043,0.178900890741521,1.08411230193049,1.09390571038007,7.25,0.295061415205414,0.375,1,8
"NAU-vulPES","23",0.311234861766087,0.723068204963574,0.837608695652174,0.331435305923846,0.673619927951989,0.755583826441006,1.25,0.547753329334235,0.75,1,8
"NAU-vulPES","24",0.219558291774345,0.296949447941899,1.88135869565217,0.152559366660664,1.05158379093551,1.07362935713475,2.25,0.165048909127565,0.75,1,8
"NAU-vulPES","25",0.282470094860355,0.785141606054473,3.90771739130435,0.55422580026631,0.801972289355599,0.882161042697146,7,0.972413764626863,0.125,1,8
"NAU-vulPES","26",0.207750981571931,0.432548124360704,3.63614130434783,0.285666068441173,0.623321439799562,0.725614874279294,5.875,0.499647601721057,0.5,1,8
"NAU-vulPES","27",0.39121549937081,0.735755811881304,3.63016304347826,0.440137288183937,0.743070594435002,0.83519545503858,6.5,0.784120321463011,0.25,1,8
"NAU-vulPES","28",0.295424508808388,0.367884874142408,1.6991847826087,0.187922203794632,0.85314259744163,0.871382537244908,2.25,0.26327996685432,0.75,1,8
"NAU-vulPES","29",0.260304545446284,0.404832675362009,2.95635869565217,0.239901086736379,1.05362833697099,1.08469293875274,4.75,0.349134241923233,0.5,1,8
"NAU-vulPES","30",0.515805661442895,0.890812125430924,1.3245652173913,0.421922992266071,1.01974887205024,1.03589915981505,2.125,0.705901515395976,0.625,1,8
"NAU-vulPES","31",0.395246373864757,0.850729582695507,1.12760869565217,0.418692161312986,NA,NA,1.625,0.707870060016993,0.875,0.875,8
"NAU-vulPES","32",0.452506887506419,0.449342686992926,3.0141847826087,0.144929871081447,0.588730026805342,0.646841436145409,3.875,0.203261590950802,0.625,1,8
"NAU-vulPES","33",0.333019829607287,0.703238442098849,0.809891304347826,0.33270850351754,0.900111522846277,0.949438090094666,1.375,0.590369152705559,0.625,1,8
"NAU-vulPES","34",0.238374464066427,0.309604570447351,4.61869565217391,0.171472999052991,0.55350784988099,0.617321870514806,7.875,0.308476611168517,0.75,1,8
"NAU-vulPES","35",0.201361137866303,0.472680581390321,0.905869565217391,0.248791678169502,0.723824960255755,0.781948582883062,1.25,0.382533849336445,0.75,1,8
"NAU-vulPES","36",0.24226558022783,0.332702451917459,7.67065217391304,0.227676806214612,0.780068959601204,0.81264613927634,12.875,0.392502434005722,0.375,1,8
"NAU-vulPES","37",0.130744234062913,0.297025310483554,2.18478260869565,0.193123938927539,0.715141263433514,0.764821628823296,2.75,0.261868216026975,0.875,1,8
"NAU-vulPES","38",0.520374706860441,0.628393517775855,1.37614130434783,0.242986508585264,0.738770963058713,0.765316085095586,2.25,0.408174480062887,0.625,1,8
"NAU-vulPES","39",0.138594508985409,0.343196041354835,2.88695652173913,0.232012953488507,1.2057503341133,1.28333466397858,4.25,0.315034349203224,0.75,1,8
"NAU-vulPES","40",0.368095249352968,0.477666902826607,3.22097826086957,0.281035226380442,1.1053820757122,1.13227135729254,5.375,0.448373143304075,0.5,1,8
"NAU-vulPES","41",0.35289187678589,0.769838025889343,2.43336956521739,0.45319246096874,0.98106789356904,1.03560847460864,3.875,0.729016807707727,0.5,0.875,8
"NAU-vulPES","42",0.588750267151819,0.465843795711924,23.5257065217391,0.178569958238378,1.95935819688151,2.23648503720858,39.875,0.28822407908657,0.5,1,8
"NAU-vulPES","44",0.569463478999624,1.01755731348632,1.8095652173913,0.5731354933441,0.671078719237283,0.808606123555723,2.75,0.83914989806498,0.25,0.875,8
"NAU-vulPES","45",0.199686427490232,0.423974923893343,1.76994565217391,0.248132642566674,0.74416797877109,0.837002076293021,2.875,0.418635172565393,0.625,1,8
"NAU-vulPES","46",0.478250329798259,0.761091205180524,1.10913043478261,0.382142072596267,0.89518297110198,0.927998063784388,1.875,0.630875367283391,0.625,1,8
"NAU-vulPES","47",0.213276218661863,0.23036888838894,2.8054347826087,0.102006434257715,0.353165179719983,0.395260118287022,2.75,0.105075148728459,1,1,8
"NAU-vulPES","48",0.200015118059529,0.155054532499352,8.4133152173913,0.0902994812280943,0.671593542428356,0.664314585618865,6,0.0613553428771981,1,1,8
"NAU-vulPES","49",0.505515667064982,0.697103198742492,1.70163043478261,0.319492733480786,1.02874582635252,1.1439947501735,2.875,0.53106190525617,0.375,1,8
"NAU-vulPES","50",0.379061732940083,0.618642566390847,0.353423913043478,0.188971603447234,1,1,0.5,0.274653072167027,0.75,1,8
"NAU-vulPES","51",0.194974078249319,0.275705136981657,2.4904347826087,0.162870774479867,0.847400556403295,0.872681649967947,3.875,0.258123340802998,0.625,1,8
"NAU-vulPES","53",0.471017775950525,0.556532874468854,4.58429347826087,0.285380169037653,0.751695076812064,0.843024892834265,7.375,0.472378773535566,0.25,1,8
"NAU-vulPES","54",0.210220750742645,0.495330891405004,0.984347826086957,0.269059272018517,0.958588554241877,1.09503396625087,1.5,0.402359478108525,0.875,1,8
"NAU-vulPES","55",0.141064356359536,0.596179458641325,1.14586956521739,0.379257067727126,0.515459187527977,0.712774370697584,1.625,0.626329411762032,0.625,1,8
"NAU-vulPES","56",0.516753075224603,0.840302683366941,1.64298913043478,0.512668423289794,0.501194109192165,0.6789834817291,2.5,0.840679215273523,0.25,1,8
"NAU-vulPES","72",0.779348054685651,0.719800416146907,14.1966304347826,0.240270207573417,0.818091190670983,0.862579823864892,19.625,0.353808223467529,0.5,0.875,8
"NEU_ISI-AdaptiveEnsemble","01",0.271979058457941,0.281514792707763,2.08886956521739,0.11551428098945,0.807060393015865,0.840073888381252,2.6,0.142051739061558,0.8,1,5
"NEU_ISI-AdaptiveEnsemble","02",0.696226447149851,0.879832004683449,0.855913043478261,0.346994882160569,0.580040964875455,0.477203799826759,1,0.39233170120469,0.4,0.8,5
"NEU_ISI-AdaptiveEnsemble","04",0.54578890343616,0.5957970901277,8.75765217391304,0.211401084446259,1.49695815225008,1.67236840394173,16.6,0.399694585313712,0.6,1,5
"NEU_ISI-AdaptiveEnsemble","05",0.294676330969396,0.632340862794555,1.66747826086957,0.279315054997121,0.743109436905989,0.81652208646834,2.8,0.496610616227735,0.6,1,5
"NEU_ISI-AdaptiveEnsemble","06",0.25842826247064,0.189764678681777,10.4281739130435,0.0700528507642778,0.776319787464706,0.81119759824887,11.4,0.0763893606972179,1,1,5
"NEU_ISI-AdaptiveEnsemble","08",0.241848781455644,0.405634082141187,1.81321739130435,0.194410905190199,0.767709971285672,0.792151690783765,3,0.317120097924049,0.4,1,5
"NEU_ISI-AdaptiveEnsemble","09",0.572121254818432,1.1838254981165,3.42069565217391,0.693505648647219,3.01941207571973,2.53062489280787,4.8,0.936426245424844,0,0.4,5
"NEU_ISI-AdaptiveEnsemble","10",0.432370235382252,1.05802437717382,1.07878260869565,0.520621830701845,0.855047330937858,0.905551376102536,1.6,0.716703787691222,0.2,0.6,5
"NEU_ISI-AdaptiveEnsemble","11",0.455998336871461,0.658239747700499,0.661826086956522,0.266910332071112,0.550581663935174,0.392682016346385,1,0.358351893845611,0.6,1,5
"NEU_ISI-AdaptiveEnsemble","12",0.245208171013187,0.148687358184985,9.47486956521739,0.072164455849026,0.185666146769682,0.16996823612857,4.2,0.0311003156120407,1,1,5
"NEU_ISI-AdaptiveEnsemble","13",0.325838178470279,0.48380630986472,4.97113043478261,0.267238262022938,0.623383994791032,0.682909168675965,7.8,0.410177776392129,0.2,0.8,5
"NEU_ISI-AdaptiveEnsemble","15",0.804639106041774,0.866085805532679,3.7204347826087,0.37833889247094,0.64910227799069,0.822832803496332,4.6,0.4930069151272,0.4,0.6,5
"NEU_ISI-AdaptiveEnsemble","16",0.317501445802961,0.593543035970886,1.11608695652174,0.241339368292847,0.792798336130648,0.835917275292632,1.8,0.369749280120333,0.6,0.8,5
"NEU_ISI-AdaptiveEnsemble","17",0.656285434287108,0.676670602213726,16.9230434782609,0.512752697749526,1.09921283446208,1.16609320089329,22,0.743477221229968,0.4,0.6,5
"NEU_ISI-AdaptiveEnsemble","18",0.262744687868982,0.520706434541116,3.33217391304348,0.281196710238286,0.882683723040205,0.936164909402311,5.6,0.467206605412317,0.4,1,5
"NEU_ISI-AdaptiveEnsemble","19",0.302602032839495,0.935868675381795,1.5044347826087,0.578947097936807,0.92800999286294,0.882474101782796,2.4,0.831776616671934,0.2,0.6,5
"NEU_ISI-AdaptiveEnsemble","20",0.108667411642129,0.19948957390712,0.457826086956522,0.0933349891011789,0.306968654610959,0.294778897294624,0.6,0.125721731884475,1,1,5
"NEU_ISI-AdaptiveEnsemble","21",0.43846407966886,0.474096061573566,4.87773913043478,0.302029771058949,0.857363815035295,0.75102891570036,7.4,0.456179371720481,0.2,0.8,5
"NEU_ISI-AdaptiveEnsemble","22",0.591179388175782,0.54949218953645,5.07,0.222108963679999,1.56647346974489,1.69479278159645,9,0.383838219600054,0,1,5
"NEU_ISI-AdaptiveEnsemble","23",0.315969354320965,0.823854401411292,0.892347826086957,0.39339309404654,0.602710516949452,0.737579241321702,1.2,0.554517744447956,0.4,0.8,5
"NEU_ISI-AdaptiveEnsemble","24",0.345552472059296,0.466258512810143,3.01478260869565,0.233414296194045,2.01934350253853,2.31302489489722,4.6,0.354409152719612,0.4,0.6,5
"NEU_ISI-AdaptiveEnsemble","25",0.493289200520012,1.21429162697095,6.15278260869565,0.618442340963784,1.24903571224558,1.1850637297024,9.8,0.919558348281359,0,0.6,5
"NEU_ISI-AdaptiveEnsemble","26",0.304595378724623,0.603320301345881,4.75295652173913,0.319399988066258,0.961203612271003,1.00321150659488,7.6,0.501342482264822,0.6,0.8,5
"NEU_ISI-AdaptiveEnsemble","27",0.15603773985886,0.327220030052637,1.26991304347826,0.133261978406329,0.300244096819076,0.414153795105101,2.2,0.238946797295061,0.6,1,5
"NEU_ISI-AdaptiveEnsemble","28",0.449776380347317,0.485195183359698,2.216,0.187170114174633,2.00196788141209,1.81224493542059,4,0.35023321445256,0.6,1,5
"NEU_ISI-AdaptiveEnsemble","29",0.3218195983187,0.43580830520949,3.48252173913043,0.244618846742683,1.05476380343284,1.05144356694363,4.6,0.320227821923881,0.4,0.6,5
"NEU_ISI-AdaptiveEnsemble","30",0.642194177224478,1.33021915760963,0.879826086956522,0.466643391567162,1.32230313867504,1.33949538741905,1.2,0.60163095871051,0.2,0.6,5
"NEU_ISI-AdaptiveEnsemble","31",0.95904953038303,2.40294444719285,1.83791304347826,1.00625396835049,NA,NA,2.2,1.15614870315847,0,0,5
"NEU_ISI-AdaptiveEnsemble","32",0.517284509553056,0.545954933301026,3.38808695652174,0.156871146749353,0.903364576482585,0.961975852895641,6,0.276618908030902,0.4,1,5
"NEU_ISI-AdaptiveEnsemble","33",0.45672052285084,0.961195874459091,1.25347826086957,0.507565158266629,0.873007042912115,0.91134291504452,1.6,0.64377516497364,0.2,0.6,5
"NEU_ISI-AdaptiveEnsemble","34",0.414994813658443,0.558409477587249,7.90765217391304,0.289112864857825,0.752805787806152,0.805715111378565,11.6,0.414921789368325,0,0.8,5
"NEU_ISI-AdaptiveEnsemble","35",0.215979178680232,0.544418021659421,0.969391304347826,0.283104816413237,0.807572964557684,0.849754678755116,1.4,0.402980604108453,0.6,0.8,5
"NEU_ISI-AdaptiveEnsemble","36",0.213477019108794,0.30374451873828,6.75226086956522,0.200660867426498,0.607108874006449,0.668870003504567,10.8,0.324686834377869,0.4,1,5
"NEU_ISI-AdaptiveEnsemble","37",0.102997167236505,0.239291932918686,1.64721739130435,0.144502815182128,0.662192531679517,0.723374040813768,2.6,0.238667909604913,0.6,1,5
"NEU_ISI-AdaptiveEnsemble","38",0.796897425117437,0.961743842500515,2.44973913043478,0.405962504717822,0.878513169565265,0.945927569434507,3.4,0.607559587767901,0.4,0.6,5
"NEU_ISI-AdaptiveEnsemble","39",0.0856513912522181,0.163459911147762,1.81086956521739,0.108331540296359,0.43208299774287,0.393283218101943,1.6,0.0915162218494356,1,1,5
"NEU_ISI-AdaptiveEnsemble","40",0.56421291148468,0.705071893399751,4.55617391304348,0.378635505910079,1.33144231862951,1.44064542958698,6,0.516563522258476,0,0.4,5
"NEU_ISI-AdaptiveEnsemble","41",0.495551632532874,1.06120086192992,3.65617391304348,0.699621387667798,1.26255363203059,1.19272299459626,5.4,0.94618427825873,0.4,0.4,5
"NEU_ISI-AdaptiveEnsemble","42",0.62470125674606,0.484504207164201,25.8612173913044,0.178802476228337,1.93409222099653,2.20784543965121,42.8,0.290229135727472,0.4,1,5
"NEU_ISI-AdaptiveEnsemble","44",0.356247831210473,0.853253968587858,1.18686956521739,0.519085422585622,0.374716375673785,0.591710381741942,1.6,0.64377516497364,0.6,0.6,5
"NEU_ISI-AdaptiveEnsemble","45",0.192839335196962,0.423102445375783,1.634,0.240968413819288,0.726678953134587,0.821477175823607,2.8,0.405465108108164,0.4,1,5
"NEU_ISI-AdaptiveEnsemble","46",0.533572224107893,0.926756904003723,1.38052173913043,0.532528243883226,0.660720154773441,0.773258243696592,1.6,0.608904487544685,0.4,0.4,5
"NEU_ISI-AdaptiveEnsemble","47",0.309311970624715,0.320338789867566,3.924,0.131747468355776,0.719270880857884,0.76025732833724,5.8,0.203481343009065,0.6,1,5
"NEU_ISI-AdaptiveEnsemble","48",0.245187873954463,0.212012388968888,9.61269565217391,0.106730622636406,1.9139427925419,2.04305562591029,15.8,0.161187937612771,1,1,5
"NEU_ISI-AdaptiveEnsemble","49",0.568163778418619,0.675665450099446,2.08947826086957,0.31184732298144,0.836969059975134,0.821828381659945,2.6,0.389182029811063,0.2,0.4,5
"NEU_ISI-AdaptiveEnsemble","50",0.537362962487026,0.866904999743994,0.61904347826087,0.323921682245127,1.17788473085181,1.20469155534642,0.8,0.439444915467244,0.6,0.6,5
"NEU_ISI-AdaptiveEnsemble","51",0.151198753299933,0.224141911177227,1.54104347826087,0.103015238786493,0.561184721881217,0.607011709620446,1.8,0.120213298865386,1,1,5
"NEU_ISI-AdaptiveEnsemble","53",0.818367762405608,0.996179602175412,8.36113043478261,0.518357411994365,1.1054429277114,1.18215925972878,11.8,0.704346290138086,0,0.4,5
"NEU_ISI-AdaptiveEnsemble","54",0.401293721453966,0.984435091032888,2.04773913043478,0.554192909566201,1.69823932179081,2.30044826422954,3,0.887054229838539,0.2,0.6,5
"NEU_ISI-AdaptiveEnsemble","55",0.141767806661336,0.43141936688298,0.928608695652174,0.159809340544557,0.845009644580858,0.800553480386461,2,0.350270810918603,0.8,1,5
"NEU_ISI-AdaptiveEnsemble","56",0.116824500275327,0.244056033861304,0.297826086956522,0.108618848799176,0.1245906998245,0.220442413555981,0.5,0.202732554054082,1,1,2
"NEU_ISI-FluBcast","01",0.352033741386699,0.370575695172145,3.19760869565217,0.18625591244969,1.09201165825139,1.16112036326492,4.25,0.248909854286451,0.375,0.625,8
"NEU_ISI-FluBcast","04",0.413358499246429,0.432560684385749,7.42048913043478,0.199465619041444,0.875057429019808,0.905368702580968,11.5,0.315102905611174,0.125,0.625,8
"NEU_ISI-FluBcast","05",0.200903833139893,0.506939558880584,1.32244565217391,0.310330521996075,0.489438652007576,0.584196704090282,2.125,0.496838494739549,0.25,1,8
"NEU_ISI-FluBcast","06",0.705561809479648,0.630084324761728,32.1134239130435,0.287553988291277,2.58660547177833,3.35729281109404,41.25,0.375437333653296,0,0.125,8
"NEU_ISI-FluBcast","08",0.095888261602952,0.19106317156929,0.729565217391304,0.103090759403481,0.277198799061864,0.309286368248179,1.125,0.153021938955432,0.75,1,8
"NEU_ISI-FluBcast","09",0.17301102095863,0.433687906202692,1.02445652173913,0.247216518651637,1,1,1.5,0.346573590279973,0.375,0.75,8
"NEU_ISI-FluBcast","12",0.55953544089579,0.37938607654797,21.5333152173913,0.194760531286679,1.35629101873749,1.44435858573865,26,0.238846134123673,0.25,0.375,8
"NEU_ISI-FluBcast","13",0.280035351180542,0.427810745520827,4.29103260869565,0.253650298757475,0.494768760753933,0.564683339010097,6.25,0.380802548576755,0.125,0.75,8
"NEU_ISI-FluBcast","15",0.577991754537434,0.615388850410676,2.4141847826087,0.259077301869463,0.534227630383733,0.659662056692342,3.375,0.379737496806253,0.625,0.75,8
"NEU_ISI-FluBcast","16",0.237281335147574,0.477432453390778,0.987771739130435,0.248743130905203,0.545845537688983,0.688923997464928,1.5,0.407901454836032,0.75,0.875,8
"NEU_ISI-FluBcast","17",0.75417193272802,0.856419342600746,15.3176630434783,0.594103197290057,1.12987168268397,1.23886225586276,17.25,0.730487412905176,0.125,0.375,8
"NEU_ISI-FluBcast","18",0.143641494197839,0.331488002139708,1.92010869565217,0.201150309148555,0.466081554584925,0.551589324166679,3.125,0.317569536479903,0.5,0.875,8
"NEU_ISI-FluBcast","19",0.25025941208682,0.777389499185826,1.09076086956522,0.398193103560694,0.611176830856973,0.631053278444907,1.25,0.447939867307014,0.5,0.5,4
"NEU_ISI-FluBcast","20",0.249967901760975,0.552433292351838,1.11097826086957,0.286301568903992,0.889392345215756,0.916764049172443,1.75,0.438319737164998,0.25,0.875,8
"NEU_ISI-FluBcast","21",0.789020155559214,0.980997125681447,8.58108695652174,0.645484694115432,1.14394319965998,1.1705347249568,9.5,0.727299944971476,0,0.125,8
"NEU_ISI-FluBcast","22",0.669732369359067,0.579742382099665,6.64880434782609,0.273771070045694,1.15492677332468,1.19178185968178,7.75,0.32285128633234,0,0.25,8
"NEU_ISI-FluBcast","23",0.268443036643549,0.812870166018898,0.713478260869565,0.370811819857149,0.55240759483164,0.658975880015023,1,0.469177246906438,0.375,0.625,8
"NEU_ISI-FluBcast","24",0.599624416546554,0.952315442143445,5.14940217391304,0.49003237151639,3.19237262455897,4.38361991117239,6.75,0.665154584221781,0,0.375,8
"NEU_ISI-FluBcast","25",0.324148480603659,1.05436236908374,4.56684782608696,0.760837594291678,0.737152744790695,0.856121791947587,6.5,0.956377844651265,0,0.375,8
"NEU_ISI-FluBcast","26",0.212432422511464,0.516374935153312,3.82864130434783,0.351536402513332,0.612419383106674,0.721344625642873,5.875,0.504669155839989,0.25,0.5,8
"NEU_ISI-FluBcast","27",0.0832170116154755,0.241512498716941,0.765054347826087,0.145451148642094,0.142794444669312,0.248520679463944,1.25,0.237980560471225,0.875,1,8
"NEU_ISI-FluBcast","28",0.183270403441984,0.272540058389104,1.05755434782609,0.139891295618788,0.682981047245594,0.767815707482772,1.75,0.226620209609832,0.625,0.875,8
"NEU_ISI-FluBcast","29",0.34804511127286,0.479098728332036,3.92951086956522,0.281690234403227,1.0851993411149,1.12629038666394,4.875,0.361048014398773,0.25,0.375,8
"NEU_ISI-FluBcast","30",0.672420650559259,1.18606647180637,1.77913043478261,0.570435677851411,0.958450287740828,0.967405078023099,2,0.655218376882455,0.375,0.375,8
"NEU_ISI-FluBcast","31",Inf,Inf,1.40054347826087,0.850258219961614,NA,NA,2,1.09861228866811,0,0,4
"NEU_ISI-FluBcast","32",0.597366032520674,0.65836653946167,3.92570652173913,0.209969542944743,0.991616059884303,1.10283901046579,6.375,0.33846633383272,0.375,1,8
"NEU_ISI-FluBcast","34",0.111340128018386,0.201976969773776,2.20869565217391,0.115033540762809,0.248306036072985,0.358552995390479,3.625,0.184520520981951,0.5,1,8
"NEU_ISI-FluBcast","35",0.153782012677957,0.376877589698718,0.665,0.190697932535772,0.763414116035182,0.790168057256245,1.25,0.366399219052052,0.5,1,8
"NEU_ISI-FluBcast","36",0.195202494658005,0.289649617605283,6.02972826086957,0.19359818257002,0.498146999076809,0.556284828785107,8,0.261052967493821,0.25,0.625,8
"NEU_ISI-FluBcast","37",0.133282317363812,0.329889927473509,2.22885869565217,0.214652587787213,0.903696618694147,0.928288515464264,3.5,0.319396271184551,0.25,0.625,8
"NEU_ISI-FluBcast","38",0.576827319371646,0.684043008383265,1.51065217391304,0.260577521557366,0.788844496423585,0.843149621031973,2.375,0.443577945325687,0.625,0.75,8
"NEU_ISI-FluBcast","39",0.153211792035272,0.333649784416157,3.15483695652174,0.222686584344288,1.13804238289277,1.17381830076575,4,0.286756196971772,0.375,0.625,8
"NEU_ISI-FluBcast","40",0.605658228646508,0.772234459627603,5.30326086956522,0.453697862151134,1.3462719988098,1.48720752956577,6.5,0.584159618839083,0.125,0.5,8
"NEU_ISI-FluBcast","41",0.184904352442108,0.501281019648665,1.30597826086957,0.301484592853402,0.435777255828806,0.562374571008495,1.75,0.404328022729542,0.5,0.875,8
"NEU_ISI-FluBcast","42",0.807272380200489,0.586424105055329,32.1101086956522,0.223370213597379,1.80385070531825,2.01456885462737,36.5,0.2577710010924,0.125,0.125,8
"NEU_ISI-FluBcast","44",0.534796522493286,1.08037881456194,1.32326086956522,0.547943559551807,0.633163196421002,0.79843662882486,2,0.748933068388498,0,0.75,4
"NEU_ISI-FluBcast","45",0.287535876177065,0.613268503348506,2.60538043478261,0.366837867092955,0.87567677124413,0.906304214592448,3.5,0.465993739449423,0.25,0.5,8
"NEU_ISI-FluBcast","46",0.508386345448336,0.886101403489826,1.17766304347826,0.441269393411598,0.770344685268027,0.887822725931526,1.625,0.604535238368935,0.25,0.5,8
"NEU_ISI-FluBcast","47",0.146063052303716,0.164524604496168,1.92010869565217,0.0727018110897672,0.413850634429891,0.455802767643529,3.25,0.122320157563248,0.75,1,8
"NEU_ISI-FluBcast","48",0.242693128099711,0.194170692936076,10.2235326086957,0.113084115524162,1.6535047846195,1.74064457358897,14.875,0.162624889495199,0.125,0.75,8
"NEU_ISI-FluBcast","49",0.663276916214194,0.909959817260337,2.2504347826087,0.419454085299587,1.11600959103251,1.30401129582448,3.125,0.603539217162788,0.25,0.625,8
"NEU_ISI-FluBcast","51",0.217484116530288,0.314991944495041,2.85489130434783,0.189935012862913,0.781994928629663,0.822352230127803,3.625,0.245812174726489,0.375,0.75,8
"NEU_ISI-FluBcast","53",0.227754536156462,0.354492443918806,2.30608695652174,0.192382039879235,0.347438808538989,0.505399063032305,3.5,0.295565354053945,0.5,0.875,8
"NEU_ISI-FluBcast","54",0.407216706930334,1.20454637229759,1.93282608695652,0.619721084825813,1.72460418531632,2.64247993499058,2.5,0.850299345415539,0.25,0.75,4
"NEU_ISI-FluBcast","55",0.201327107480547,0.923309740154008,1.67548913043478,0.610225401175815,0.758978889562268,0.868931279915102,2.375,0.761130609430856,0.25,0.625,8
"NEU_ISI-FluBcast","56",0.298142185687572,0.637043642800631,0.952065217391304,0.392333192839936,0.274141168215626,0.446622658013604,1.375,0.557373459476251,0.5,0.75,8
"NIH-Flu_ARIMA","01",0.461215016049463,0.603493345625033,3.8629347826087,0.260247542791606,1.9394455591125,2.52757263590953,6.75,0.460032167345923,0.25,1,4
"NIH-Flu_ARIMA","02",0.875070984777325,1.29004926114499,0.92695652173913,0.455123191636356,1.06278913448444,1.08830930048994,1.5,0.794513457586986,0.25,1,4
"NIH-Flu_ARIMA","04",0.344859754042011,0.344087284718341,6.20054347826087,0.153904320918438,0.703759395695583,0.714671923539781,9.5,0.23983008564232,0.75,1,4
"NIH-Flu_ARIMA","05",0.30861755659619,0.685077842348074,1.8175,0.3518777201076,0.704747306664091,0.776798810860028,2.75,0.566090970043462,0.25,1,4
"NIH-Flu_ARIMA","06",0.285967998958962,0.205279024719503,12.761847826087,0.0852979966950166,0.352690641578556,0.387202383651882,4.75,0.0346143188595587,1,1,4
"NIH-Flu_ARIMA","08",0.112194526720471,0.244626815975088,0.914239130434783,0.129420477809068,0.239281378428714,0.247936570543718,1,0.11550886489914,0.75,1,4
"NIH-Flu_ARIMA","09",0.146669678436357,0.375780748842711,1.01554347826087,0.233377065765772,0.553592897025345,0.679564377866758,1,0.271547442167388,0.75,1,4
"NIH-Flu_ARIMA","10",0.420368034805818,0.858610886801896,1.01489130434783,0.378403796885971,Inf,Inf,1.75,0.693147180559945,0.5,1,4
"NIH-Flu_ARIMA","11",0.573717490374499,0.743847772707892,1.09304347826087,0.36130843394709,0.630871849615085,0.46148094107423,1.5,0.503725755135566,0.25,1,4
"NIH-Flu_ARIMA","12",1.03489164705805,0.852080525105306,44.1639130434783,0.507103019188312,2.89308740148703,3.89317919856431,65.75,0.781510349036162,0,0.5,4
"NIH-Flu_ARIMA","13",0.707081363490398,0.869893171822561,10.4497826086957,0.461268472599862,1.37087503452878,1.26255742615099,16.5,0.748612633934626,0,0.75,4
"NIH-Flu_ARIMA","15",0.900700269387685,0.81253987125083,3.7970652173913,0.353913507835532,0.877814906143369,0.946654743276791,5.5,0.535366435962674,0.25,0.75,4
"NIH-Flu_ARIMA","16",0.440247135643271,0.722425103816023,1.8929347826087,0.371843613573603,1.02867395234884,1.09738778685441,3,0.664919154204499,0.5,1,4
"NIH-Flu_ARIMA","17",0.694830683474707,0.856912309069753,14.3046739130435,0.609531595523231,1.18665661734573,1.44303190739912,18.5,0.885310863826968,0.25,0.75,4
"NIH-Flu_ARIMA","18",0.427216236452025,0.575022929628787,5.81217391304348,0.309784048108408,1.07024898200598,1.05857670920442,7,0.52497876141549,0.25,1,4
"NIH-Flu_ARIMA","19",0.431023636334162,0.945468995612361,1.88532608695652,0.485393179412371,1.22367968790284,1.00494734578948,2.5,0.715550220232367,0.75,1,4
"NIH-Flu_ARIMA","20",0.3405895749893,0.77770275292376,1.46760869565217,0.397884099273397,1.1237604910917,1.44513821433017,2.25,0.677012550275553,0.25,0.75,4
"NIH-Flu_ARIMA","21",0.730053674645582,0.962839482177891,7.05478260869565,0.522074994449706,1.5268332759023,1.75917300914727,11.5,0.897645029337614,0,1,4
"NIH-Flu_ARIMA","22",0.704625200043857,0.676391013652702,7.83032608695652,0.365746705243141,1.60834218713359,1.8251241051351,13,0.604321615528255,0,1,4
"NIH-Flu_ARIMA","23",0.439097792348018,0.909976094596671,1.33521739130435,0.42632591352106,1.17542193099207,1.08542991066807,2.25,0.743003936734169,0.5,1,4
"NIH-Flu_ARIMA","24",0.204666959897193,0.255594039584636,1.7954347826087,0.126629296512722,0,0,1.5,0.101366277027041,1,1,4
"NIH-Flu_ARIMA","25",0.299991310775913,0.76634088041967,4.45326086956522,0.459738531418409,0.715963903292297,0.814630645860578,6.75,0.775840734436589,0,1,4
"NIH-Flu_ARIMA","26",0.386352585722298,0.65906052326337,7.19554347826087,0.440852371600456,1.08274318745052,1.09517790899458,10.5,0.719631182541225,0.25,1,4
"NIH-Flu_ARIMA","27",0.353360950159796,0.609503937771105,3.65923913043478,0.334225988226525,0.559487018533807,0.703175981305294,5.5,0.598419409213542,0.25,1,4
"NIH-Flu_ARIMA","28",0.266209388355893,0.382683082902889,1.66934782608696,0.193993936387721,0.845538689442529,0.958110232102081,2.5,0.301706468327086,0.75,1,4
"NIH-Flu_ARIMA","29",0.38596301419021,0.603318698678817,4.61510869565217,0.389186845364002,1.58660260016717,1.88260163026506,7.5,0.650988797935538,0.25,1,4
"NIH-Flu_ARIMA","30",0.477482950409177,0.815211416349609,0.976086956521739,0.334118083378642,Inf,Inf,1.5,0.549306144334055,0.5,1,4
"NIH-Flu_ARIMA","31",Inf,Inf,1.00858695652174,0.583793051764985,NA,NA,1.5,0.895879734614027,0.25,1,4
"NIH-Flu_ARIMA","32",0.641064803531853,0.749077685068466,4.41652173913043,0.225546685482631,1.04834505514862,1.13174417271598,7,0.332915342242931,0.5,1,4
"NIH-Flu_ARIMA","33",0.640802778314517,1.07198436742844,1.55619565217391,0.465879210667102,1.43730271200378,1.25367317078455,2,0.65777228999152,0.5,1,4
"NIH-Flu_ARIMA","34",0.451601551901238,0.540716472361418,9.69782608695652,0.305967923864047,0.92476069511815,0.919796406489212,16,0.525278102139089,0,1,4
"NIH-Flu_ARIMA","35",0.405805214481721,1.15435718427254,1.75652173913043,0.554104896781245,Inf,Inf,2.25,0.778378827302594,0.25,0.5,4
"NIH-Flu_ARIMA","36",0.279196412445878,0.425628718364265,8.93782608695652,0.290924475059495,0.739649450215504,0.919016461031703,12.75,0.451372415509989,0.5,1,4
"NIH-Flu_ARIMA","37",0.120236659874337,0.394056802654214,2.15032608695652,0.250919903233731,0.881623228245355,1.3050347328948,3.75,0.445547504552976,0.5,1,4
"NIH-Flu_ARIMA","38",0.410806608502818,0.481879651620521,1.25239130434783,0.201221969408604,0.473037139791997,0.51015373601871,1.75,0.308686115748172,0.5,1,4
"NIH-Flu_ARIMA","39",0.293253151570743,0.926837122680023,6.48336956521739,0.665256903186686,2.68965779338435,4.28862170586233,10,1.10571215729853,0,1,4
"NIH-Flu_ARIMA","40",0.251083593227812,0.275493625958815,2.14565217391304,0.149611869721835,0.708300288606773,0.655947335097001,3.25,0.230464955208956,0.75,1,4
"NIH-Flu_ARIMA","41",0.425848287025965,0.864661174284561,3.43391304347826,0.563457916170612,1.22468441726769,1.19700972404207,5.5,0.90564734998439,0.25,1,4
"NIH-Flu_ARIMA","42",0.651405484877258,0.513783367465498,30.7046739130435,0.233356459807186,2.09440611425678,2.49496760134013,53,0.404000983466978,0.25,1,4
"NIH-Flu_ARIMA","44",0.938216641386051,1.36188500462992,3.35913043478261,0.790465818563609,1.10263555472911,1.05562882674875,5,1.12694445999486,0,0.5,4
"NIH-Flu_ARIMA","45",0.236630298721748,0.482834594205102,1.8525,0.243421263143726,1.00666198604607,1.13565422916841,3.25,0.454982586548688,0.5,0.75,4
"NIH-Flu_ARIMA","46",0.574249908228306,0.900091389407718,1.41869565217391,0.451720143141385,0.865345599255612,0.946393256209956,2,0.659764332403815,0.25,0.75,4
"NIH-Flu_ARIMA","47",0.260801242239017,0.307750609152999,3.3579347826087,0.129032207869033,0.635615289005967,0.712318657982153,4.5,0.168552494885049,0.5,1,4
"NIH-Flu_ARIMA","48",0.440427860528359,0.41061810102312,18.0759782608696,0.217961153378785,4.23084756088648,5.05721755161418,31.5,0.376136198927441,0.25,1,4
"NIH-Flu_ARIMA","49",0.509910325466147,0.718314889053905,1.64326086956522,0.283042271172815,1.0660185647506,1.20437649501656,2.75,0.470342906979436,0.5,1,4
"NIH-Flu_ARIMA","50",0.52016553771475,0.866823709468793,0.478695652173913,0.259886023537707,1.01258231730468,1.00851121532573,0.5,0.274653072167027,0.75,0.75,4
"NIH-Flu_ARIMA","51",0.196116723472755,0.267422654887783,2.60239130434783,0.14953597261463,0.836097952157126,0.865741437846355,3.75,0.230394328751816,0.75,1,4
"NIH-Flu_ARIMA","53",0.5273055151999,0.636608344955684,6.19521739130435,0.360500060322353,0.75083071162498,0.845963843831417,9.5,0.573108180382507,0,0.75,4
"NIH-Flu_ARIMA","54",0.217369086490718,0.453678425498922,0.998478260869565,0.224939069804361,1.0620192441818,1.11342075873962,1.5,0.346573590279973,0.75,1,4
"NIH-Flu_ARIMA","55",0.294956499648392,0.926968205457789,2.62054347826087,0.566816036647923,1.17018606251281,1.08894759071429,4,0.894766147026682,0.25,1,4
"NIH-Flu_ARIMA","56",1.20425142797432,1.52431252587946,4.30358695652174,0.965834636358198,1.08076800688452,1.01771140890935,6,1.29823921272255,0,0.75,4
"NU-PGF_FLUH","06",0.379076892170954,0.356687302624981,17.120652173913,0.162287779232206,1.4670219735656,1.85134488492634,24.25,0.214700499898972,1,1,8
"NU-PGF_FLUH","23",0.192773049929637,0.501252252611871,0.508641304347826,0.225938330106851,0.343147247469185,0.417520817766076,0.625,0.295890451766452,0.875,1,8
"NU-PGF_FLUH","25",0.120950700361815,0.413996256265492,1.65217391304348,0.289006898345668,0.184034829029183,0.344299077619479,1.625,0.393379750156127,1,1,8
"NU-PGF_FLUH","72",0.551741506572073,0.612400337530936,10.0513586956522,0.203666819756951,0.642037565631726,0.72010322121656,15.375,0.293461416509897,0.875,1,8
"OHT_JHU-nbxd","01",0.305693518558147,0.335423152883842,2.73208152173913,0.165793945634293,0.910084550887909,0.94017229470984,3.5675,0.20292879248664,0.875,1,8
"OHT_JHU-nbxd","02",0.986569808332417,1.37735840665519,1.16091413043478,0.517588199956471,0.981145093424474,0.957173935800599,1.59125,0.758625126302146,0,0.125,8
"OHT_JHU-nbxd","04",0.432963640109238,0.519082805529548,7.74187228260869,0.239525332247997,1.03648146901557,1.12699339773518,13.57875,0.391685406204594,0.375,1,8
"OHT_JHU-nbxd","05",0.359822110784517,0.836346214369071,2.50450652173913,0.537638426477548,0.824010614254121,0.883448396450765,3.79,0.791387390368099,0.25,0.5,8
"OHT_JHU-nbxd","06",0.437227695107731,0.380504230599249,19.6105483695652,0.171866734589374,1.42685516584332,1.77253215072065,23.8275,0.207762907942572,1,1,8
"OHT_JHU-nbxd","08",0.182838191645575,0.321668685955018,1.41383967391304,0.176994810203666,0.418533896112682,0.501273085522574,1.77625,0.26200656555657,0.75,1,8
"OHT_JHU-nbxd","09",0.128401451692969,0.343707280862233,0.728651630434783,0.189981302475999,0.714115644558877,0.82889598251428,1.0125,0.274821284693812,0.75,1,8
"OHT_JHU-nbxd","10",0.481774145126629,1.07292834989691,1.15314510869565,0.503579509667645,1.01067674013609,1.01444000491899,1.7725,0.771675568342749,0.125,0.625,8
"OHT_JHU-nbxd","11",0.989996396828067,1.55796428820912,1.77949673913043,0.725042681851116,0.943798647793785,0.890427587889382,2.1275,0.946159154534608,0,0.25,8
"OHT_JHU-nbxd","12",0.560194839976417,0.467752537771829,21.9359733695652,0.24570931486252,2.00008424967319,2.40437822283253,39.05875,0.407282566488653,0.875,1,8
"OHT_JHU-nbxd","13",0.350882894343484,0.492357288875737,5.50743423913043,0.297413243611817,0.682600454249958,0.744748759314923,8.77375,0.50990090606108,0.25,1,8
"OHT_JHU-nbxd","15",0.606519494889545,0.654423118155922,2.52893369565217,0.275282041934805,0.586863248303672,0.742782417177429,3.7125,0.428762120031178,0.25,0.75,8
"OHT_JHU-nbxd","16",0.324874748935184,0.604468321466771,1.28907065217391,0.30278309212755,0.706755123079365,0.826241826768217,1.94625,0.490953911912746,0.25,1,8
"OHT_JHU-nbxd","17",0.531187779873002,0.567885256585254,11.1061902173913,0.409464606494906,1.13072956407096,1.11016941930593,17.7025,0.680492957534341,0.5,1,8
"OHT_JHU-nbxd","18",0.260556702922583,0.476983372922288,3.47676141304348,0.286520988021309,0.772900469118749,0.831547536061416,5.215,0.477791523196588,0.5,1,8
"OHT_JHU-nbxd","19",0.276762850565893,0.738342591409293,1.18504130434783,0.392195379505304,0.826802092879297,0.72840344363326,1.71875,0.56944149801501,0.5,0.75,8
"OHT_JHU-nbxd","20",0.203297236569341,0.447180342885845,0.910042391304348,0.232843302959217,0.736746939810679,0.776247010546053,1.45125,0.373040536705283,0.5,0.875,8
"OHT_JHU-nbxd","21",0.476833680942507,0.591401830734686,5.12549891304348,0.381095765486424,1.13019948750984,1.10935671082473,9.305,0.677998880904592,0.25,1,8
"OHT_JHU-nbxd","22",0.537784813576728,0.514539891333796,5.25417934782609,0.238751666443146,1.41955375693973,1.52601315164869,9.43125,0.409279503929049,0.375,1,8
"OHT_JHU-nbxd","23",0.314245740148526,0.826188212637475,0.846441304347826,0.380597824222996,0.62921531530239,0.748679870225116,1.18,0.549902925308987,0.5,0.625,8
"OHT_JHU-nbxd","24",0.263496958819416,0.370317435628206,2.25424402173913,0.189901672406725,1.67235553587802,1.87994151310666,3.55875,0.287144236551307,0.75,1,8
"OHT_JHU-nbxd","25",0.201524723180544,0.64372076700538,2.78357445652174,0.460728284917613,0.501316350198918,0.665228608877166,4.37125,0.73918310997932,0.375,0.875,8
"OHT_JHU-nbxd","26",0.211252012126025,0.440829579023844,3.69036793478261,0.290923949157513,0.537162057678133,0.652502472227247,5.12125,0.454146787114303,0.5,1,8
"OHT_JHU-nbxd","27",0.320373788107004,0.660184287175135,2.9936277173913,0.40268927299557,0.542648253559709,0.684366399912954,4.775,0.650296248672647,0.375,0.875,8
"OHT_JHU-nbxd","28",0.451199575089704,0.486549041889604,2.58883967391304,0.247788053958004,1.31171665806745,1.26119602033677,3.42625,0.378784997195335,0.75,1,8
"OHT_JHU-nbxd","29",0.236906658019967,0.338995047127294,2.67805923913043,0.199154434135599,0.987025821048015,0.992218491374588,4.41625,0.316381845110882,0.75,1,8
"OHT_JHU-nbxd","30",0.543147694607304,0.971805015475703,1.35680760869565,0.448663764237573,1.04947187568247,1.04789485324751,2.09125,0.685623441833294,0.125,0.625,8
"OHT_JHU-nbxd","31",0.609128369401251,1.53154831490376,1.64829239130435,0.735719957466238,NA,NA,2.40625,1.0719732091307,0,0,8
"OHT_JHU-nbxd","32",0.417201153138803,0.463262368989043,2.75932608695652,0.148900303281786,0.687581578727089,0.71170023228853,4.435,0.218960115930487,0.75,1,8
"OHT_JHU-nbxd","33",0.365792208834183,0.844518457633772,0.888997282608696,0.400174969949879,0.906492338271011,0.941222907418437,1.37,0.579038631892825,0.375,0.625,8
"OHT_JHU-nbxd","34",0.175220534912597,0.240869358770543,3.37733260869565,0.133165064379463,0.230516589576538,0.274052647038996,3.2225,0.134768081010393,1,1,8
"OHT_JHU-nbxd","35",0.191257019265916,0.434669123751527,0.856111956521739,0.22874322047556,0.609918058352429,0.693549991044702,1.0575,0.339853875579352,0.625,1,8
"OHT_JHU-nbxd","36",0.180356114765508,0.273690962399597,5.63491739130435,0.185648165020426,0.406762065602162,0.440293592795623,6.48875,0.205003531323376,0.875,1,8
"OHT_JHU-nbxd","37",0.185419333457785,0.355307336264535,3.0946777173913,0.230468994229548,0.979226885762312,0.979451218000658,3.76625,0.334630135681959,0.75,1,8
"OHT_JHU-nbxd","38",0.438058424149783,0.521495885210738,1.14747445652174,0.199726276680449,0.627664021008752,0.628715881603442,1.89,0.330857181867132,0.375,1,8
"OHT_JHU-nbxd","39",0.156247678707011,0.302580382175051,3.30613695652174,0.207172135373746,1.07516682093282,1.05148175449646,3.98,0.272123125530626,0.75,1,8
"OHT_JHU-nbxd","40",0.427438165998014,0.55070446155191,3.72359402173913,0.321194607653572,1.26667619658112,1.34097355684701,6.08875,0.523125328505984,0.375,1,8
"OHT_JHU-nbxd","41",0.366658384500192,0.773720369474991,2.53142880434783,0.455586591830395,1.0006262949929,1.02249317966488,3.96375,0.720256859758231,0.5,0.75,8
"OHT_JHU-nbxd","42",0.761091435676145,0.66190771061897,30.5440027173913,0.254911710029384,2.79232030925064,3.51165678456654,56.98375,0.4543482923753,0.25,1,8
"OHT_JHU-nbxd","44",0.514940775245399,1.00018453546595,1.62604945652174,0.561089443363041,0.573964630290432,0.742900122985459,2.345,0.770923715773573,0.25,0.625,8
"OHT_JHU-nbxd","45",0.265809103898501,0.49465085224503,2.36527663043478,0.290805467572511,0.827808242326092,0.88028741792465,3.24875,0.446246171070148,0.625,1,8
"OHT_JHU-nbxd","46",0.494002990752794,0.861043462536261,1.1361347826087,0.428335672186619,0.802725660730275,0.889337321558634,1.68125,0.603808432393743,0.125,0.625,8
"OHT_JHU-nbxd","47",0.232646166431059,0.276544854672829,3.0570527173913,0.122788111215947,0.432935124766046,0.499349081622105,3.4175,0.135281486532438,1,1,8
"OHT_JHU-nbxd","48",0.296689402300814,0.239237185749225,12.4271864130435,0.138970371604655,1.23468019155279,1.30370612500938,11.27375,0.12367364631922,1,1,8
"OHT_JHU-nbxd","49",0.494883818366831,0.601780750616578,1.64579130434783,0.271055107613653,0.983897339405351,0.987157827439163,2.715,0.450122035175441,0.25,1,8
"OHT_JHU-nbxd","50",0.482919441683797,0.869645184826565,0.455290217391304,0.270149721507873,1.2748819253882,1.43602098091099,0.64625,0.402630755430652,0,0.125,8
"OHT_JHU-nbxd","51",0.205968895235264,0.290453291013688,2.62041304347826,0.170655597115733,0.733437101215087,0.760447400350991,3.39375,0.227355519525112,0.75,1,8
"OHT_JHU-nbxd","53",0.274206877115419,0.384134663083168,2.68731032608696,0.200888769258465,0.43956915695409,0.587034920668625,4.35375,0.336168777479617,0.75,1,8
"OHT_JHU-nbxd","54",0.195241560895046,0.374500827305155,0.905061956521739,0.198830913987362,0.870592686177392,0.875383385886983,1.31875,0.305933681434111,0.75,1,8
"OHT_JHU-nbxd","55",0.30645234874181,1.01019914167524,2.52062663043478,0.656670016682953,1.11903241639972,1.06228743268732,3.5275,0.932387961641133,0.25,0.625,8
"OHT_JHU-nbxd","56",0.59619562946409,1.08817256949147,1.89802934782609,0.665295370559505,0.53500958162953,0.7048844567167,2.66875,0.872786587650762,0.125,0.125,8
"OHT_JHU-nbxd","72",0.553586173392873,0.61247140109057,10.1614907608696,0.204970721241553,0.742236988787088,0.8699724492915,17.85,0.355844259426194,0.25,1,8
"PSI-PROF","01",0.38124079353701,0.40373310731099,3.38112282608696,0.198271339862186,0.988674610237842,0.999428040015412,3.875,0.214024705798984,1,1,8
"PSI-PROF","02",0.632792009024377,0.8209670864643,0.746253260869565,0.311096011744037,0.688783122336573,0.649703813129808,1.125,0.519860385419959,0.75,1,8
"PSI-PROF","04",0.441024204933998,0.474683488083822,7.99469619565217,0.222229038152228,0.920417994390377,0.973524739136707,12.20875,0.342751148159954,0.375,0.875,8
"PSI-PROF","05",0.382565516597634,0.877531305746072,2.68114239130435,0.567885202601282,0.833496453692482,0.881446608728191,3.85125,0.791699592511096,0.125,0.625,8
"PSI-PROF","06",0.232882582768148,0.173595288224679,10.4042907608696,0.0778727179723526,0.532404078938583,0.584485936409716,8.515,0.0656788251275091,1,1,8
"PSI-PROF","08",0.196447899579784,0.322027152726516,1.5301625,0.1791210324811,0.407450513013026,0.486853517881228,1.73625,0.255273868775772,0.5,1,8
"PSI-PROF","09",0.241479652429044,0.605075850976428,1.38416086956522,0.334898533218585,1.31306228701749,1.21002664169614,2,0.423648930193602,0.5,1,8
"PSI-PROF","10",0.263954148941412,0.696705126621875,0.626636413043478,0.324501495593053,0.282351287785021,0.393647236249586,0.49125,0.298612761035065,0.5,0.5,8
"PSI-PROF","11",0.837320929172577,1.41637897566449,1.50637608695652,0.658944219954305,1,1,2.25,1.059546399612,0.125,1,8
"PSI-PROF","12",0.449545662203185,0.313357019340797,17.5416065217391,0.162434887794383,0.974180189825801,0.994319863724373,18.8125,0.165495350178281,1,1,8
"PSI-PROF","13",0.459554989378255,0.65642464964525,7.34689021739131,0.404031744723749,0.881825431964635,0.906810430700842,11.455,0.624857770081901,0.125,0.625,8
"PSI-PROF","15",0.787011373013989,0.835868399632499,3.3160222826087,0.353335599794872,0.597204444806552,0.71981752127544,3.765,0.414048112892879,0.875,1,8
"PSI-PROF","16",0.281797660564756,0.542967442991767,1.12425217391304,0.272820437037522,0.537937121592071,0.646870598607151,1.5,0.393178575378984,0.875,1,8
"PSI-PROF","17",0.490306372248772,0.51562848418804,10.037375,0.364167142863046,0.886997891769134,0.848967693067211,13.625,0.50916489351914,0.5,1,8
"PSI-PROF","18",0.189489382588557,0.375085712806189,2.51950923913043,0.22500931613453,0.562805400060412,0.64321485916308,3.75,0.366983628560422,0.625,1,8
"PSI-PROF","19",0.268813399260425,0.703711455359994,1.15718804347826,0.375878212955661,0.952536362488559,0.810798939261246,2,0.63949947621926,0.75,1,8
"PSI-PROF","20",0.27932806957157,0.689761405960891,1.24013695652174,0.355229581703718,0.999719437855097,1.17469023978496,1.9475,0.555729718689845,0.25,0.625,8
"PSI-PROF","21",0.496921306117135,0.596875803026771,5.3476972826087,0.385106244003991,1.12836850405629,1.10375693364009,9.31,0.67607626281778,0.125,1,8
"PSI-PROF","22",0.389248117985827,0.336896858338061,3.8012097826087,0.156194920570148,0.832546669373235,0.814273700142453,5.75,0.226938419676268,0.875,1,8
"PSI-PROF","23",0.341035779088877,0.804551365421757,0.917029347826087,0.369028048635408,0.548085786552672,0.579471384628766,1.0075,0.420649142264992,0.5,0.625,8
"PSI-PROF","24",0.294132971631738,0.427877135561553,2.59908043478261,0.230875759752052,2.00497899394681,2.47603788374144,4.405,0.398108512256347,0.5,0.875,8
"PSI-PROF","25",0.311520160059786,0.948550455927524,4.3360097826087,0.673844457324783,0.692610840484324,0.808650768243956,6.08,0.897654268204868,0.125,0.5,8
"PSI-PROF","26",0.316724974027453,0.588260293034048,5.54311847826087,0.388419469258241,0.920918008475216,0.947627146624678,8.625,0.646980293895835,0.5,1,8
"PSI-PROF","27",0.365806897430809,0.778281567145338,3.38456739130435,0.467034233483148,0.41541910333761,0.551061097364868,3.6125,0.517447677460099,0,0.125,8
"PSI-PROF","28",0.402971788754448,0.54779890026893,2.29134347826087,0.276662958811565,0.81446541123906,0.864809565029563,2.125,0.258673900728292,0.875,1,8
"PSI-PROF","29",0.241885345168461,0.359255035124693,2.74156956521739,0.212130434011957,1.02568246309443,1.03792700998713,4.625,0.334055743449656,0.75,1,8
"PSI-PROF","30",0.552816821890511,0.927828773932327,1.42591086956522,0.444730154224716,1.01046714879836,1.07867591437572,2.125,0.741861774452448,0.625,1,8
"PSI-PROF","31",0.611410194714135,1.31470800461938,1.65154891304348,0.63499883462196,NA,NA,2.46875,0.953077373269925,0.375,1,8
"PSI-PROF","32",0.575780823862427,0.613197404151255,3.88939945652174,0.202402527588629,0.666401711065953,0.69204821104944,4.30625,0.213459822515207,0.875,1,8
"PSI-PROF","33",0.367112446048144,0.772878575259215,0.89769347826087,0.368284076034414,0.821013235566542,0.871028381216314,1.25,0.539686014192039,0.625,1,8
"PSI-PROF","34",0.192801991247234,0.259565296941953,3.70941195652174,0.142637381588094,0.425836974850799,0.485982844496097,6.02375,0.24137481960462,0.25,0.875,8
"PSI-PROF","35",0.204219386578413,0.475708737980523,0.913145652173913,0.249331968003985,0.883888554689126,0.906426292858939,1.4925,0.434573808208974,0.625,1,8
"PSI-PROF","36",0.26615673835411,0.344369707837207,8.58807826086957,0.237796379570953,0.435790202039011,0.477302999855036,6.945,0.221838470604508,0.625,0.875,8
"PSI-PROF","37",0.143337225733579,0.313157005164419,2.40241195652174,0.204176889291159,0.921216204223645,0.950185884409063,3.5725,0.328180324103724,0.625,1,8
"PSI-PROF","38",0.543129946464518,0.627307935572042,1.44256195652174,0.243598921021033,0.529199876587228,0.520717326080053,1.59125,0.272331387934474,0.625,1,8
"PSI-PROF","39",0.111269919415265,0.234357675932658,2.31494565217391,0.158205811679562,0.867958930999688,0.859787935911539,3.08,0.212473758696138,0.75,1,8
"PSI-PROF","40",0.325439170444024,0.405875202301441,2.85135217391304,0.239318469750361,0.943911550380715,0.923933741044273,4.625,0.369797060876278,0.5,1,8
"PSI-PROF","41",0.367751107739937,0.854057833557231,2.53229347826087,0.502056115101955,0.939910600680529,1.0068343739305,3.71,0.708526132599245,0.125,0.5,8
"PSI-PROF","42",0.429814305450532,0.309861490148897,17.1010173913043,0.117958679938669,1.21984176524442,1.27079294407008,24.61,0.162095263168136,0.75,1,8
"PSI-PROF","44",0.507158587412344,0.832506533849202,1.57985597826087,0.459881827618392,0.303518752892986,0.475105086893687,1.2125,0.484439346330714,0.625,0.625,8
"PSI-PROF","45",0.216455427752704,0.476352116564967,1.90693586956522,0.277405995579767,0.77750265991468,0.872884842927384,2.9775,0.432450382367732,0.625,0.75,8
"PSI-PROF","46",0.483365150474322,0.770636958683608,1.12167826086957,0.386974364077513,0.8941216476288,0.995462656881193,1.875,0.67645575648188,0.75,1,8
"PSI-PROF","47",0.268031175252075,0.27665696107751,3.52196739130435,0.122143211969099,0.478992373709781,0.522698186983441,3.75,0.139799690241608,1,1,8
"PSI-PROF","48",0.278576633497094,0.188770735186964,11.7551407608696,0.109879494538648,0.738727089458573,0.74556710928901,7.5,0.0788871658050984,1,1,8
"PSI-PROF","49",0.454024441703636,0.570337136951787,1.51052608695652,0.256791549808739,0.892735751283652,0.909842142538195,2.4625,0.413819736640917,0.625,0.875,8
"PSI-PROF","50",0.430544675182518,0.645359525116637,0.406634782608696,0.199523473940237,1,1,0.5,0.274653072167027,0.875,1,8
"PSI-PROF","51",0.29655711727368,0.398240245902497,3.78214239130435,0.23280625063409,0.791212762308409,0.859185804281319,3.68875,0.257764881111597,0.75,1,8
"PSI-PROF","53",0.506532633708772,0.605776127007921,4.92062173913043,0.31007512047739,0.74991526125399,0.844278644764665,7.34625,0.472892245520007,0.125,0.75,8
"PSI-PROF","54",0.255973508725449,0.655682833580988,1.19960760869565,0.353458308743594,1.4742439779741,1.87460242506689,2.25,0.662289670818505,0.75,1,8
"PSI-PROF","55",0.167545711060805,0.582253315356304,1.33870543478261,0.358139717478492,0.538650181150562,0.574703183720525,1.625,0.472311451600453,0.875,1,8
"PSI-PROF","56",0.368742262918905,0.62138206030701,1.17410815217391,0.380358662599576,0.277832377160693,0.448962694020459,1.37875,0.553179217015509,0.625,0.75,8
"PSI-PROF","72",0.645900537228302,0.627996799898249,11.7497630434783,0.209171581550194,0.725219267212995,0.788926785277289,17.3125,0.321803049577647,0.625,0.875,8
"PSI-PROF_MOA","01",0.394526080419249,0.410144118430414,3.49278369565217,0.2012193879509,0.998023502307525,0.984334555081515,3.875,0.208813778199398,1,1,8
"PSI-PROF_MOA","02",0.877737548546621,1.11138710890193,1.02050217391304,0.414597357870809,0.995263517544818,0.994698835575747,1.625,0.794513457586986,0.5,1,8
"PSI-PROF_MOA","04",0.436438387451653,0.467075295531672,8.08831413043478,0.224872551987757,0.910393827141219,0.968211340771084,12.3375,0.35063204251121,0.375,0.75,8
"PSI-PROF_MOA","05",0.394949571981208,0.894936054872181,2.77631902173913,0.581466887152604,0.79854078341617,0.860231210532506,3.72875,0.781880970380383,0.375,0.5,8
"PSI-PROF_MOA","06",0.249369634159721,0.175526444072181,11.1238592391304,0.0784414326204993,0.405108170914959,0.409391921928636,6.29625,0.0442438098361154,1,1,8
"PSI-PROF_MOA","08",0.427975147439236,0.512493081013329,3.3464527173913,0.283558861935671,0.610874331115766,0.712527732081102,2.625,0.374921434618316,0.625,1,8
"PSI-PROF_MOA","09",0.482023215720956,0.82936311043735,2.79380489130435,0.460187307079811,1.92561518289563,1.54748737563938,3,0.549306144334055,0.5,1,8
"PSI-PROF_MOA","10",0.419895452595745,0.885923380757201,1.01273369565217,0.417944912833135,0.780604302630068,0.851086873702279,1.375,0.650672421361096,0.625,1,8
"PSI-PROF_MOA","11",0.702499894100075,1.02790810353323,1.27109239130435,0.48216445765131,0.907771374884786,0.854822229262395,2.05,0.911677219974265,0.25,0.875,8
"PSI-PROF_MOA","12",0.563282937384297,0.397631793462596,22.0667461956522,0.206457793107854,0.903999782058312,0.897189260917247,17.5625,0.150103633649202,1,1,8
"PSI-PROF_MOA","13",0.466227641873319,0.667084508072851,7.47919565217391,0.412503445632749,0.853220081109379,0.872984206456764,11.15,0.604865062665849,0.125,0.625,8
"PSI-PROF_MOA","15",0.806371094985591,0.794635081685316,3.38818695652174,0.334769692185825,0.691347244899459,0.838649905080884,4.375,0.483900126363486,0.75,1,8
"PSI-PROF_MOA","16",0.320328931183564,0.567183379594817,1.27026086956522,0.283638564588047,0.68435929189115,0.802291453831642,1.875,0.473892841294648,0.75,1,8
"PSI-PROF_MOA","17",0.577886727699657,0.676059598915806,11.7694744565217,0.470729566690721,1.16880893837194,1.31546085593729,17.875,0.777709302402528,0.25,1,8
"PSI-PROF_MOA","18",0.312366737336385,0.567252109716414,4.20276576086956,0.34390873723251,0.960007024606224,0.977269238752169,6.5,0.562910240643957,0.375,0.875,8
"PSI-PROF_MOA","19",0.303042507370311,0.721748244892634,1.31000652173913,0.38599916160697,0.895498853797197,0.777159533084718,1.875,0.611606532304984,0.75,1,8
"PSI-PROF_MOA","20",0.168197908485801,0.341174918707626,0.75166847826087,0.177125026709666,0.435883221669264,0.47701910843739,0.875,0.237139998110735,1,1,8
"PSI-PROF_MOA","21",0.355514317679365,0.395217377989116,3.80993260869565,0.253325273035668,0.806479398066736,0.690792591760497,6.625,0.42013510831283,0.25,1,8
"PSI-PROF_MOA","22",0.374410703304484,0.316869828199949,3.6576152173913,0.146815904378828,0.787383864063635,0.761182941320902,5.375,0.209580359969694,1,1,8
"PSI-PROF_MOA","23",0.495315595618686,0.884214532227493,1.32806467391304,0.403874513840004,0.532858602821245,0.664768438838066,1,0.489359509301319,0.75,0.75,8
"PSI-PROF_MOA","24",0.471299733085365,0.497704296755102,4.04235815217391,0.254946889105017,1.65047530686581,1.91353605402125,3.5,0.292013364851433,1,1,8
"PSI-PROF_MOA","25",0.402392405953835,1.05772302033456,5.61194945652174,0.753253813803097,0.919455109548498,0.964044784891057,8.0725,1.06897831217506,0.125,0.625,8
"PSI-PROF_MOA","26",0.370728031151382,0.641663798331066,6.48557934782609,0.423220170535713,1.05666764241751,1.03548660606886,9.875,0.704852873688104,0.5,1,8
"PSI-PROF_MOA","27",0.476268902245769,0.887171983932027,4.41750597826087,0.532779709478834,0.578204515342998,0.704227398914712,5.0525,0.663393435590534,0.125,0.25,8
"PSI-PROF_MOA","28",0.461980487434188,0.589800420032857,2.63248369565217,0.298189411649119,1.0517967612377,1.0348170073383,2.75,0.308829834748787,0.875,1,8
"PSI-PROF_MOA","29",0.239998029531759,0.332800908577212,2.72274239130435,0.196403983078677,1.01700585037876,1.0387473889335,4.575,0.333419780101678,0.625,1,8
"PSI-PROF_MOA","30",0.497971890081089,0.838784773252873,1.22906086956522,0.387411238283985,1,1,2,0.655218376882455,0.625,1,8
"PSI-PROF_MOA","31",0.904058250709106,1.80663389037172,2.41507173913043,0.87027933203191,NA,NA,3.625,1.32909672246399,0.375,0.5,8
"PSI-PROF_MOA","32",0.623569876821811,0.694141469592782,4.18632717391304,0.227815073813003,0.813040052370069,0.849698192801054,5.22625,0.260864267861008,0.625,1,8
"PSI-PROF_MOA","33",0.382078733828704,0.718389645838325,0.929538043478261,0.338915029105102,1.08323502823658,1.06031684127102,1.625,0.647566791361457,0.75,1,8
"PSI-PROF_MOA","34",0.312394234329385,0.409874505426578,6.14091195652174,0.230573354317872,0.347510468320299,0.403214441617904,5.1125,0.206012897862013,0.5,0.875,8
"PSI-PROF_MOA","35",0.314694029168671,0.558922578487685,1.42485543478261,0.294389364803313,0.87178089225826,0.89878152664795,1.5,0.438319737164998,0.625,1,8
"PSI-PROF_MOA","36",0.313054582143414,0.366064010095636,9.90299891304348,0.25040962259168,0.704804439634328,0.746971613121548,11.5925,0.359806266866662,0.25,0.75,8
"PSI-PROF_MOA","37",0.171232611990182,0.342450275800628,2.87581739130435,0.223338575096392,1.06545815638779,1.06633347084947,4.1325,0.367995287395791,0.625,1,8
"PSI-PROF_MOA","38",0.575797611436213,0.667913425876257,1.5297402173913,0.259468030901958,0.649335227684161,0.663013247987207,1.96625,0.349744923301556,0.625,1,8
"PSI-PROF_MOA","39",0.13457527156025,0.249475228027754,2.82301467391304,0.169322968897787,0.847519577044137,0.837154682556152,3.025,0.208435301740118,0.875,1,8
"PSI-PROF_MOA","40",0.3229438880545,0.408555144685668,2.82778043478261,0.240786455838685,0.918001218240944,0.893038380604794,4.5,0.357883288400737,0.5,1,8
"PSI-PROF_MOA","41",0.370382957709663,0.811905961857631,2.5518152173913,0.477137129962948,0.831219707035342,0.928136554154981,3.2875,0.653790768981197,0.25,0.625,8
"PSI-PROF_MOA","42",0.440780921313996,0.318885873707527,17.5374385869565,0.121389349198539,1.31690255223495,1.38882048485725,26.5725,0.17716931053451,0.75,1,8
"PSI-PROF_MOA","44",0.627711637961422,0.92652563870488,1.96792554347826,0.515460579058364,0.492607037922116,0.67227054619933,2,0.695208613217147,0.625,0.625,8
"PSI-PROF_MOA","45",0.303111278437809,0.557729269291903,2.70988586956522,0.329593946340836,1.05100599293184,1.04672494191533,4.1375,0.531220054796832,0.625,1,8
"PSI-PROF_MOA","46",0.607905224119525,0.889431250825124,1.42037989130435,0.447389441879216,0.926086801194783,0.952994885545629,1.95,0.650231314757541,0.5,0.875,8
"PSI-PROF_MOA","47",0.322327201169567,0.316335830427588,4.26753369565217,0.140515103978774,0.761801339220153,0.795400800847907,6.1,0.217216073662918,0.875,1,8
"PSI-PROF_MOA","48",0.375508698976191,0.236574679898343,15.8128967391304,0.137626846076389,1.96934559700748,1.79255757683224,18.1875,0.171575928222913,0.875,1,8
"PSI-PROF_MOA","49",0.466280947860345,0.579506490829755,1.55110543478261,0.260700439818731,0.892735751283652,0.909842142538195,2.4625,0.413819736640917,0.5,0.875,8
"PSI-PROF_MOA","50",0.646539507348018,0.798401211733259,0.620157608695652,0.25032259468138,0.753477019922147,0.685131752019168,0.375,0.188009674597034,1,1,8
"PSI-PROF_MOA","51",0.339674252062127,0.408180008975176,4.31560217391304,0.238446475815976,0.777317780377075,0.816200230690008,3.625,0.246077161834327,0.875,1,8
"PSI-PROF_MOA","53",0.521140305582573,0.624426923625748,5.06102826086957,0.319525597392857,0.765518375538886,0.858693065937339,7.4925,0.480841818318382,0.125,0.75,8
"PSI-PROF_MOA","54",0.265271220202409,0.573308906325071,1.24192173913043,0.309413148356367,1.13417460246245,1.31947023344726,1.75,0.47427999622147,0.875,1,8
"PSI-PROF_MOA","55",0.312929430481591,0.922169401290266,2.54195,0.575008872052317,1.25595255555929,1.12631176598588,3.875,0.95166562244258,0.5,0.875,8
"PSI-PROF_MOA","56",0.486186961034209,0.685116491830626,1.54874891304348,0.418839783615122,0.300947863855982,0.473592592840982,1.5075,0.589762348909219,0.75,0.75,8
"PSI-PROF_MOA","72",1.27093448298368,1.01871378506294,23.1228673913044,0.339335993946537,1.50238236206882,1.34448610552038,35.875,0.548075548229957,0.375,0.875,8
"SigSci-TSENS","01",0.635630682865614,1.19726278563323,5.65663043478261,0.589852578958397,2.22245422137214,3.36059836612449,8.75,0.740989478882454,1,1,8
"SigSci-TSENS","02",1.58220958469046,1.21264787568065,1.85179347826087,0.454359131565094,0.763744978024372,0.710816427513502,1.25,0.57054352393348,1,1,8
"SigSci-TSENS","04",1.04024834732223,1.49580751757068,19.1630434782609,0.702506613496332,0.838311739793426,0.878866670172236,11.25,0.31560007950297,1,1,8
"SigSci-TSENS","05",0.771518773876131,1.01112281209126,5.21157608695652,0.610300554654031,0.319776280327612,0.345530606992289,1.375,0.291112800163927,1,1,8
"SigSci-TSENS","06",0.933877857494015,1.25984089282911,42.271902173913,0.571143406727002,0.607778674568508,0.658702418886647,9.875,0.0747924759502269,1,1,8
"SigSci-TSENS","08",0.962173615031028,1.28420845560302,7.53510869565217,0.700595811157618,0.758424887807687,1.6970234929503,3.25,0.914152548386288,1,1,8
"SigSci-TSENS","09",1.04699741363515,1.1769302709866,6.11369565217391,0.660201725235225,1.45999926904584,2.94488224590673,2.125,1.0104160760983,1,1,8
"SigSci-TSENS","10",0.838705989548182,0.94056759931536,2.00070652173913,0.435705483114805,0.276424451759196,0.368355752977477,0.5,0.295890451766452,1,1,8
"SigSci-TSENS","12",0.65403933406599,0.831003267717579,25.6734782608696,0.439001520652779,1.77386679179684,2.00173299163181,34.125,0.332394716619721,0.875,1,8
"SigSci-TSENS","13",0.870773380796046,1.29243412123204,13.7345652173913,0.775219739117249,0.4450485260033,0.638370228448534,5.625,0.434464401675465,1,1,8
"SigSci-TSENS","15",0.778426116439643,0.97746985022807,3.28934782608696,0.414707394007803,0.682411955719403,0.768732154292179,4.375,0.450590143263339,0.875,1,8
"SigSci-TSENS","16",0.73259734454086,1.05368165560771,2.88141304347826,0.521397996985239,0.81978673961839,1.270359124148,2.25,0.78644614244479,1,1,8
"SigSci-TSENS","17",0.922801976784294,1.22589339676791,19.5316847826087,0.871765818857964,1.16422390559792,1.27485281596977,17.875,0.756805280241079,1,1,8
"SigSci-TSENS","18",0.906942348298623,1.29871272849703,12.191847826087,0.770170240700109,0.460289226692479,1.00850306967884,3.25,0.662078219291598,1,1,8
"SigSci-TSENS","19",0.845336429870936,1.05509467621795,3.69434782608696,0.572951347186422,1.05754100136204,1.16157993591579,2.25,0.938495557985352,1,1,8
"SigSci-TSENS","20",0.733992411329341,1.09953075862543,3.28782608695652,0.56199200248677,1.15536207339837,1.96959062964203,2.25,0.936942742985532,1,1,8
"SigSci-TSENS","21",0.919410567962892,1.23359972104765,10.02,0.79905023841844,1.37496470225548,2.42012985926801,11.75,1.63767086296139,1,1,8
"SigSci-TSENS","22",1.01719049955327,1.43950010217659,9.93146739130435,0.665288655426468,1.6631589890296,1.94391271614691,11.125,0.527727753683252,1,1,8
"SigSci-TSENS","23",0.847654931999778,1.03019167645713,2.27326086956522,0.466442253706217,0.614727100869766,0.760570498966621,1.125,0.547753329334235,1,1,8
"SigSci-TSENS","24",1.09564554796929,1.46520651518229,9.49086956521739,0.752101916757545,3.8801643066592,7.18415064579305,8.25,1.10602315759275,1,1,8
"SigSci-TSENS","25",0.764218539177509,1.08736731385055,10.6075543478261,0.740468647009959,0.395477706871643,0.857979498443496,3.375,0.932050254443373,1,1,8
"SigSci-TSENS","26",0.915042584129634,1.28678685652132,15.9686413043478,0.83057419037679,0.529675328473214,1.0245498508428,5,0.771085746794219,1,1,8
"SigSci-TSENS","27",1.13428316409901,1.25416694066069,10.5291304347826,0.725703190816608,0.795719823026339,1.03219330689281,6.875,0.944697166850464,1,1,8
"SigSci-TSENS","28",0.951245734514521,1.21267116014475,5.43054347826087,0.608973083293944,0.826316064011152,1.23964756219078,2.25,0.403740707631848,1,1,8
"SigSci-TSENS","29",0.926129921123711,1.34523121423901,10.7560869565217,0.804358788554509,2.25946510082056,4.73503709628228,10.375,1.57687549520185,1,1,8
"SigSci-TSENS","30",1.10156141819519,1.18337070127351,2.66309782608696,0.544587766896605,1.14370826472866,1.34566941916672,2.375,0.915148569592435,1,1,8
"SigSci-TSENS","31",0.767196646111354,0.908418113526394,2.07630434782609,0.4426601626564,NA,NA,1.125,0.397256728793493,1,1,8
"SigSci-TSENS","32",0.945504044491974,1.23150915186752,6.33320652173913,0.398871009975898,0.747181513058442,0.786372130157357,4.875,0.244760085584446,1,1,8
"SigSci-TSENS","33",0.836294314266581,0.968736896793442,2.05288043478261,0.460845731540453,1.15652817839801,1.20082131033066,1.75,0.740865753246301,1,1,8
"SigSci-TSENS","34",0.9399774905273,1.34231196578754,18.4883152173913,0.750398383492192,0.545046715179408,0.556986711927004,8,0.283051869939256,1,1,8
"SigSci-TSENS","35",0.817269413166984,1.08295859701828,3.69869565217391,0.564560000940594,0.898470772101814,1.26461251436561,1.5,0.605092032162607,1,1,8
"SigSci-TSENS","36",1.06722502352917,1.46422557613615,34.5213043478261,1.00126008599324,1.04231523145322,2.88467451304763,17.25,1.47370749141298,1,1,8
"SigSci-TSENS","37",0.502106544452051,1.16500625538096,8.48217391304348,0.758401614939811,1.81921157374977,4.73027964723415,7.125,1.64690628516518,1,1,8
"SigSci-TSENS","38",1.30630862337386,1.34508177801435,3.49722826086957,0.524216681375569,0.536264647620514,0.571254137886231,1.625,0.302262247514486,1,1,8
"SigSci-TSENS","39",0.919170034342105,1.35964382790881,19.7764673913043,0.927736208550318,3.23645369798848,7.75662960685511,11.625,1.98176626314048,1,1,8
"SigSci-TSENS","40",1.0411693824526,1.28236383607931,9.09777173913043,0.747114315235287,1.55278048325182,2.50895841882072,7.75,1.08283469714527,1,1,8
"SigSci-TSENS","41",1.00258777974816,1.13932416653329,7.03576086956522,0.681867411909673,0.706590800832267,1.25919827120581,2.875,0.941488698506891,1,1,8
"SigSci-TSENS","42",0.736087463468737,0.879040671680181,29.8184782608696,0.343399977879922,1.24591160624146,1.32138854230138,25.25,0.169589690337074,1,1,8
"SigSci-TSENS","44",0.837704474785526,0.894591562344558,2.63494565217391,0.498700334021099,0.670008983504667,0.798229536945668,2.75,0.826952357022622,1,1,8
"SigSci-TSENS","45",0.979271633270742,1.25919703530332,8.76559782608696,0.733236415500473,1.11262107777055,1.62746650794227,4.25,0.811529979377559,1,1,8
"SigSci-TSENS","46",1.29858177987445,1.07419157644025,3.07777173913043,0.547068872765166,0.718804282569417,0.798020115588873,1.5,0.539129220398366,1,1,8
"SigSci-TSENS","47",0.682338006229871,1.05878457394484,9.07103260869565,0.473349618278975,0.56166043026398,0.60655911674042,4.375,0.161383123266447,1,1,8
"SigSci-TSENS","48",1.19824734672958,1.55400467852471,50.7065217391304,0.905887286878783,1.81278436313161,2.04021530861993,17.125,0.20230622071691,1,1,8
"SigSci-TSENS","49",1.08551205922104,1.22361778546333,3.68630434782609,0.556437787220875,1.15565616584079,1.39648732997894,3.25,0.662289670818505,1,1,8
"SigSci-TSENS","50",1.46816159791749,1.23076467668396,1.42103260869565,0.388054355460249,1.25632263265131,1.32239557243717,0.625,0.361296469737021,1,1,8
"SigSci-TSENS","51",0.972067256953603,1.32774768528279,12.3478804347826,0.773542347253496,1.34440939876839,1.89421600079783,6.25,0.589273111494077,1,1,8
"SigSci-TSENS","53",0.936799803923872,1.20157435790291,9.22614130434783,0.628327023621098,0.987284275283039,1.18641217166981,9.875,0.681186050629775,1,1,8
"SigSci-TSENS","54",0.764627881679237,1.10310740298667,3.60896739130435,0.593320358984273,2.12286726296573,3.32829127518096,3.25,1.19687293569551,1,1,8
"SigSci-TSENS","55",0.91268747011574,1.08693206024029,7.4633152173913,0.665114678702878,0.626799540644876,0.702652602420707,1.875,0.580749022563543,1,1,8
"SigSci-TSENS","56",1.11561975478397,0.938753556449792,3.53777173913043,0.565411484059401,0.653168049391364,0.763739311083568,3.25,0.939520153885874,1,1,8
"UGA_CEID-Walk","01",0.339841469960142,0.441779382186395,3.10207597826087,0.237135659279482,1.17389502956314,1.24419330764643,4.90625,0.296514421833801,0.5,1,4
"UGA_CEID-Walk","02",0.700696209910149,0.972600511211642,0.873233369565217,0.369809367333468,0.978693336002241,0.91662608213385,1.7305,0.75184683429148,0.5,1,4
"UGA_CEID-Walk","04",0.686940292633658,0.689240948610506,12.8310793478261,0.343955342965438,1.64900101656793,1.50483927533473,20.909,0.550277714510491,0.25,1,4
"UGA_CEID-Walk","05",0.576867789979659,1.26798819959429,4.26950891304348,0.917222928776959,1.11869699068235,1.0709490515463,5.53675,1.09326941266059,0,0.25,4
"UGA_CEID-Walk","06",0.217707107427859,0.166854989476021,9.96434576086957,0.081069891105541,0.517619858273913,0.550252761239285,8.5935,0.0662231157198909,1,1,4
"UGA_CEID-Walk","08",0.428223462528951,0.802867916946705,2.87070097826087,0.423214900522903,0.595153525224185,0.678739417503231,2.2045,0.346890108659836,1,1,4
"UGA_CEID-Walk","09",0.240660370216628,0.748390008289426,1.00148065217391,0.342111953473724,1.46229835987485,2.18217761717134,1.15775,0.458299747706939,1,1,4
"UGA_CEID-Walk","10",0.392192932178395,0.776420710484322,0.866836739130435,0.370842216405294,1.07799920656769,1.0648839592166,1.735,0.826098340792135,0.5,1,4
"UGA_CEID-Walk","11",0.82531475548568,1.26086502415399,1.4206147826087,0.565675816698794,0.934440925070909,0.906912985532041,2.0205,0.941922658634556,0.25,0.5,4
"UGA_CEID-Walk","12",0.32729072967835,0.237854533191419,10.7939888043478,0.0980394315709056,1.11889718172781,1.16906166802648,14.93175,0.128065233450441,0.75,1,4
"UGA_CEID-Walk","13",0.51825763063787,0.706097289482169,8.07754815217391,0.448634654358423,1.09129466551197,1.05914803853763,14.15925,0.780578673828096,0.25,0.75,4
"UGA_CEID-Walk","15",1.4880564056736,1.23577988509847,5.65475858695652,0.466494590456115,1.7526798774109,1.59624588836026,10.25675,0.868653057129916,0.25,1,4
"UGA_CEID-Walk","16",0.296740354085988,0.601417735171177,1.00618,0.275031013960561,0.622001200073093,0.699916180436177,1.4745,0.378066160124329,0.75,1,4
"UGA_CEID-Walk","17",0.666445287389,1.00122375218605,13.5243201086957,0.65309477316152,1.09643602005812,1.15781969323958,16.245,0.639596341315984,0.75,1,4
"UGA_CEID-Walk","18",0.344461654937971,0.664030239410341,4.20376097826087,0.41309003228285,1.11600175886864,1.08418259659833,6.964,0.652538332487289,0,1,4
"UGA_CEID-Walk","19",0.313762467033472,0.740423769293443,1.27388163043478,0.406327042407164,1.03314731016099,1.07408844056518,2.115,0.901981797738409,1,1,4
"UGA_CEID-Walk","20",0.319248782289192,0.614048964119212,1.31066717391304,0.288713261003438,1.23056618125093,1.22402574437506,1.9575,0.496050493270559,1,1,4
"UGA_CEID-Walk","21",0.462049639446583,0.711595258718834,5.44673586956522,0.530734595408026,1.01952235417781,0.962511816728335,9.4845,0.711958839417917,0.5,1,4
"UGA_CEID-Walk","22",0.366774854777033,0.337132697880939,2.99096880434783,0.125399530922742,0.791007254410796,0.792825623777861,4.08125,0.160382649518406,1,1,4
"UGA_CEID-Walk","23",0.401566766745075,0.778011041143205,0.916519782608696,0.348904762855788,0.822361929227802,0.900559373063778,1.3685,0.662849901573505,1,1,4
"UGA_CEID-Walk","24",0.278210079204444,0.452068002160393,2.32706934782609,0.234102045087397,1.2784994705938,1.34229888569711,2.84075,0.220925305743736,0.75,1,4
"UGA_CEID-Walk","25",0.322808054612471,0.78824751175135,3.77371163043478,0.606636342750201,1.06304074455463,1.03716502407496,7.44525,1.23276705310701,0.25,1,4
"UGA_CEID-Walk","26",0.29446214793443,0.586406730800182,4.43875195652174,0.3542847271702,0.941394235829684,0.975659267196187,7.52275,0.614972460199657,0.5,1,4
"UGA_CEID-Walk","27",0.48780233546081,0.786027689691513,3.65310260869565,0.467026479062716,0.710359079939125,0.788145724689596,4.732,0.740192287920977,1,1,4
"UGA_CEID-Walk","28",0.483017938662166,0.748800351790292,2.27783945652174,0.34684001881214,0.588084076726697,0.625241249579604,1.06075,0.147287319868865,1,1,4
"UGA_CEID-Walk","29",0.257477931395022,0.381511980888698,2.59377576086957,0.19383489913767,1.14694210798524,1.16546591702289,4.63825,0.327273681979709,0.5,1,4
"UGA_CEID-Walk","30",0.449929456818847,0.763202401241657,1.30378402173913,0.39731107514166,0.990662568254442,0.95680244175288,2.45775,0.7381297184815,1,1,4
"UGA_CEID-Walk","31",0.369220761081501,0.707158642215805,1.11328586956522,0.324771668025983,0,0,1.75,0.519860385419959,0.75,1,4
"UGA_CEID-Walk","32",0.844856523626958,0.832906253869047,5.13523445652174,0.268077308091586,1.32806075506768,1.32333163992622,7.81275,0.396786885278659,0.75,1,4
"UGA_CEID-Walk","33",0.387325378227068,0.790535380555057,0.897181413043478,0.387835595904275,0.982061833088316,0.996411640205228,1.49225,0.673053336581566,0.5,1,4
"UGA_CEID-Walk","34",0.370816862938043,0.479881682680728,5.95679684782609,0.240636762386074,0.965453165817549,1.01384993364281,9.81975,0.396666520074096,0,1,4
"UGA_CEID-Walk","35",0.471412557447112,0.820405130943315,1.96305815217391,0.423102860378918,1.91091223156957,1.59428431270986,3.1525,0.791098931120008,0.75,1,4
"UGA_CEID-Walk","36",0.396117005907811,0.534888907526099,11.6393135869565,0.339259643103107,1.43062993773327,1.37398140345807,20.897,0.604735814603507,0.25,1,4
"UGA_CEID-Walk","37",0.168129265436243,0.398517112171531,2.55906923913043,0.254411713112232,1.08535900596101,1.1090588103337,3.68475,0.369355042058984,0.5,1,4
"UGA_CEID-Walk","38",0.90151519923611,1.01406645125313,1.95091597826087,0.351417360506951,1.4333935219581,1.31944629332247,3.29125,0.596008843442414,0.25,1,4
"UGA_CEID-Walk","39",0.146673581946084,0.363116430192912,2.72540934782609,0.218035601930538,1.14497075337704,1.13705955699536,3.63025,0.253662062817664,1,1,4
"UGA_CEID-Walk","40",0.469272730332805,0.565779614620552,4.07261130434783,0.346807451453406,1.11872089873085,1.13139528970814,5.60925,0.486828616977813,0.25,0.5,4
"UGA_CEID-Walk","41",0.273150586131627,0.659236355093288,1.43282597826087,0.334564975897736,0.622252926172889,0.716607981331079,1.899,0.441143235548044,1,1,4
"UGA_CEID-Walk","42",0.47612432629701,0.370190641608966,15.723222173913,0.113500896048346,0.994333145412713,1.03167831405676,15.30175,0.0979678324130189,1,1,4
"UGA_CEID-Walk","44",0.700383659815973,0.986762459015151,1.7650772826087,0.507718490270858,0.937387471740368,1.00819641573167,3.03025,0.959252420989194,0.75,1,4
"UGA_CEID-Walk","45",0.398126453230253,0.720420368514668,3.58449684782609,0.438946901576671,1.60449887968359,1.44683872208113,6.481,0.781300923237523,0.25,1,4
"UGA_CEID-Walk","46",0.751707634676873,0.999920586997234,1.57572347826087,0.491269146779181,1.40456316675044,1.2787031340967,2.50425,0.815710642256981,0.75,1,4
"UGA_CEID-Walk","47",0.457224180735434,0.43654174986821,5.87065315217391,0.191644960760941,1.38841955387756,1.33442035759075,10.80775,0.360175110950636,0.25,1,4
"UGA_CEID-Walk","48",0.226164681264243,0.184786220976111,9.39659217391304,0.111477480402612,1.14617993657457,1.15562054048914,10.93025,0.116343244828311,0.5,1,4
"UGA_CEID-Walk","49",0.456333263690416,0.651796627841552,1.55586836956522,0.327064318280311,0.838081050895488,0.833202049721294,2.48725,0.437550376294653,0.75,1,4
"UGA_CEID-Walk","50",0.509166699335106,0.84083241105334,0.485143586956522,0.263569130344571,1.72095744268009,2.01920512933787,0.85775,0.550250362042522,0.75,1,4
"UGA_CEID-Walk","51",0.246334303574849,0.371270316082495,2.85531880434783,0.219395433453766,0.885299202337767,0.91837950416414,3.8545,0.283454882581235,1,1,4
"UGA_CEID-Walk","53",0.444767859642504,0.583809865444632,3.08352956521739,0.24720159727867,0.595941322310902,0.684747026687807,3.634,0.27494018550787,1,1,4
"UGA_CEID-Walk","54",0.308744832427526,0.696760517354896,1.35666739130435,0.379304667806031,0.997723979097639,1.04185275125949,1.4755,0.36959190413373,1,1,4
"UGA_CEID-Walk","55",0.244914414046345,0.659582284389029,1.62284532608696,0.396127816744601,0.313449562968223,0.219891363187864,0.728,0.172175050759436,1,1,4
"UGA_CEID-Walk","56",0.86633479890187,1.14281366974847,2.40174510869565,0.662115259460056,1.02598958729652,1.04277211900002,4.45,1.24134404440197,0,1,4
"UGA_CEID-Walk","72",1.00281920688504,0.911330710514641,20.885692826087,0.357699611207385,1.2320229190631,1.19780926569454,35.029,0.606070880165792,0.25,1,4
"UGA_CEID-auto_AVG_LB","01",0.280845473366218,0.286458481406172,2.55662959399924,0.152712815944251,0.883651623189195,0.869177122527243,3.65286696334389,0.204142744477104,0.5,1,4
"UGA_CEID-auto_AVG_LB","02",0.652103397984576,0.872460004546465,0.828422233997701,0.343660713638075,0.74442381315953,0.644167521911353,1.3454556718198,0.547102123337413,0,0.75,4
"UGA_CEID-auto_AVG_LB","04",0.606208288839464,0.584763144793707,10.9537661702563,0.280562513110963,1.2375984223653,1.23587009310154,15.6843112039749,0.452822783387841,0.5,1,4
"UGA_CEID-auto_AVG_LB","05",0.409383525611995,0.948244127037178,3.04206632698096,0.689537156424568,0.872192614203792,0.927803213071935,4.33484657755622,0.950877093944209,0.25,0.25,4
"UGA_CEID-auto_AVG_LB","06",0.260033409488466,0.211776071278281,11.8271344665453,0.102512178827195,1.24543541252371,1.42600648426264,20.9460661361577,0.17416070874046,0.75,1,4
"UGA_CEID-auto_AVG_LB","08",0.382128452094771,0.62924712443474,2.58983105565254,0.337790712512808,1.0693097624081,1.08207500553595,3.98162772414871,0.553281100590475,0.25,1,4
"UGA_CEID-auto_AVG_LB","09",0.418154197042528,0.801288861945161,1.74101930786613,0.365485494558967,3.64298591496634,3.0396584110896,2.84799758571112,0.630867462363247,0,1,4
"UGA_CEID-auto_AVG_LB","10",0.767541985166602,1.59707815518888,1.68815851816747,0.76175602269812,1.47134969409086,1.29465075088745,2.35746482652821,1.00171899786882,0,0.25,4
"UGA_CEID-auto_AVG_LB","11",0.575378536079301,0.844559082174663,1.00861492722816,0.39200039584053,0.689975390707024,0.546129989556276,1.53174337073817,0.590663256104147,0.25,0.75,4
"UGA_CEID-auto_AVG_LB","12",0.615326844978395,0.370374548454222,21.3541608106044,0.159658222266511,2.3651542965076,2.22262224185416,34.3129105433577,0.263607033525694,0.5,1,4
"UGA_CEID-auto_AVG_LB","13",0.275034707161277,0.426645301221476,4.31679257346976,0.272947873406133,0.490345913893489,0.595241185904959,6.46915754628502,0.444887115808197,0.25,1,4
"UGA_CEID-auto_AVG_LB","15",0.47444189213819,0.516022734295202,1.79534069463613,0.194249079097624,0.46578696769606,0.598631266033759,2.72296131951436,0.325985049469438,0.5,1,4
"UGA_CEID-auto_AVG_LB","16",0.426368755406595,0.769303903317533,1.42571295437296,0.351461803726347,0.983952388839689,1.03593507732632,2.24215700793793,0.542928625321496,0.25,0.75,4
"UGA_CEID-auto_AVG_LB","17",0.601507266385469,0.67398365894773,12.0396936802805,0.440743869665046,1.02150612948245,1.05180731232432,15.1324780829509,0.582616761386635,0.5,0.5,4
"UGA_CEID-auto_AVG_LB","18",0.278254881442036,0.563669793246281,3.40762508691685,0.352716654304085,0.834556284510238,0.883354136470108,5.222653600225,0.533337968854749,0.25,0.75,4
"UGA_CEID-auto_AVG_LB","19",0.297496006799629,0.789384573000001,1.1803269268711,0.422836620620345,0.846954168346097,0.714745849825292,1.71240074053543,0.588507534817398,0.5,0.75,4
"UGA_CEID-auto_AVG_LB","20",0.441204172761112,0.889346702418245,1.8394140701001,0.427958239015892,1.77505093362254,1.60164251993636,2.83817041634056,0.649679991895585,0.25,0.75,4
"UGA_CEID-auto_AVG_LB","21",0.414769210858471,0.445596539651351,4.83838364765755,0.326570587957888,0.804800621316555,0.687833646480909,7.43800110832398,0.504502281766616,0.25,0.75,4
"UGA_CEID-auto_AVG_LB","22",0.517397515081226,0.480064805291071,4.11813096810523,0.173314594762047,1.41150775905388,1.46263227700386,7.05271907740444,0.284991861764504,0.5,1,4
"UGA_CEID-auto_AVG_LB","23",0.678377380510766,1.5228221134019,1.55598691458049,0.687408056591629,1.21933532269414,1.18629038499068,2.05900868053054,0.881029614829043,0.25,0.5,4
"UGA_CEID-auto_AVG_LB","24",0.271978612024926,0.37562579017253,2.26075116673194,0.192730923960884,1.70987988410768,1.88117819810445,3.79071870722757,0.308373347899055,0.75,1,4
"UGA_CEID-auto_AVG_LB","25",0.414501686768174,1.16302382759597,4.88528102507402,0.906998821024876,1.01767407173868,1.01827516809973,7.1495736403078,1.21281625622248,0,0.25,4
"UGA_CEID-auto_AVG_LB","26",0.478260620156093,0.922125285592775,7.2578672489702,0.560337683590409,1.25608904298619,1.17696679759458,10.0927243045972,0.744413624798286,0.25,0.25,4
"UGA_CEID-auto_AVG_LB","27",0.246521884032237,0.574318998648971,1.89628784267877,0.357749447633939,0.3624925867344,0.524747639287802,2.55068760752025,0.522824091213387,0.5,0.75,4
"UGA_CEID-auto_AVG_LB","28",0.942993388666583,0.88874686533571,4.62908693387173,0.431538044073133,3.81619687998806,2.74124723612318,7.3201423114202,0.680206813651526,0,0.75,4
"UGA_CEID-auto_AVG_LB","29",0.286664566833718,0.395033385723041,2.86650580199697,0.198677649884657,1.24528127528346,1.27213302948683,5.03955616790435,0.357368650130741,0.25,1,4
"UGA_CEID-auto_AVG_LB","30",0.528506272432545,0.990741503934257,1.48028859374772,0.496711365533976,1.02268868311523,0.992567760009807,2.44920880502143,0.748164675869382,0,0.75,4
"UGA_CEID-auto_AVG_LB","31",0.661168099988,1.824602170038,1.8857366141057,0.796079767563891,0,0,2.62264358137661,1.02760225046565,0,0.25,4
"UGA_CEID-auto_AVG_LB","32",0.717527010991306,0.655780362303603,4.34955522637511,0.210437459113242,1.1311523411868,1.16522597581788,6.65246908484429,0.349535917620318,0.5,1,4
"UGA_CEID-auto_AVG_LB","33",0.624323922269824,1.31638084747465,1.46639122634022,0.654932066235876,1.29026504323535,1.19594423315137,2.00543513359328,0.821501395167345,0.25,0.5,4
"UGA_CEID-auto_AVG_LB","34",0.382032177084849,0.421212488570257,6.22024438880851,0.21311896933003,0.83583999520883,0.900370284511512,8.53692297429421,0.353613050518835,0.75,1,4
"UGA_CEID-auto_AVG_LB","35",0.470439792977978,0.998173039867514,1.97507293000636,0.517277715007971,1.6712894489242,1.45615462477275,2.81830512509243,0.732611424882412,0.25,0.5,4
"UGA_CEID-auto_AVG_LB","36",0.118874817857778,0.196567528511054,3.4792261240621,0.124418466769041,0.196020151691791,0.24538025912194,2.76000717375773,0.104155729989885,1,1,4
"UGA_CEID-auto_AVG_LB","37",0.172972660115255,0.35593372433207,2.63171891818079,0.226903338756007,0.871727666460668,0.939762642088122,2.96688668827068,0.313819485583031,0.5,1,4
"UGA_CEID-auto_AVG_LB","38",0.45636923960295,0.570183601367072,0.975397998978124,0.195487100489469,0.743029047533845,0.7763369601022,1.6742465038708,0.345165681222927,0.5,1,4
"UGA_CEID-auto_AVG_LB","39",0.15675797937502,0.303507735618619,2.93932188968918,0.184100815862624,1.23160884404008,1.20080222145006,4.03886437218945,0.277368158723899,0.5,1,4
"UGA_CEID-auto_AVG_LB","40",0.387351717011239,0.471385041881329,3.36821946206417,0.28909021009901,1.11572648614452,1.12730043761361,5.59940069918301,0.485711651210153,0.5,1,4
"UGA_CEID-auto_AVG_LB","41",0.357788550027063,0.793653409783073,1.85100993270363,0.397178461141132,0.915621074666726,0.965553831670148,2.7707004472017,0.592079924471176,0.25,0.75,4
"UGA_CEID-auto_AVG_LB","42",0.510057922356352,0.401255004358652,16.6683470638789,0.121580736499939,1.84808107204952,2.11631590888032,28.9430546335886,0.204861944297198,0.75,1,4
"UGA_CEID-auto_AVG_LB","44",0.647592154232959,1.16598534896307,1.61740669898727,0.594886346787922,0.688156653279094,0.844310338991071,2.1970806628512,0.797046585475307,0.25,0.25,4
"UGA_CEID-auto_AVG_LB","45",0.215518533026187,0.453898402650018,1.9540961965919,0.278632982908768,0.673234278570922,0.797939851642752,2.7216938154906,0.431288204365692,0.5,1,4
"UGA_CEID-auto_AVG_LB","46",0.647747952807874,1.03702668361749,1.34151671510561,0.505090203666878,1.04057558197135,1.06035504796083,1.84144510171613,0.67278860825398,0.25,0.75,4
"UGA_CEID-auto_AVG_LB","47",0.26949526757946,0.272222507622325,3.44174787061603,0.118918669030608,0.668739234287149,0.717873896164039,5.18992438828461,0.193066539744193,0.75,1,4
"UGA_CEID-auto_AVG_LB","48",0.352942003364027,0.26297461115565,14.8974442555225,0.160067246934538,1.2013049836235,1.20962188419924,11.3622621504416,0.12062330643779,1,1,4
"UGA_CEID-auto_AVG_LB","49",0.343424867542971,0.357583093041911,1.15174799457576,0.175473169017576,0.583268047493151,0.497809966474647,1.68693633704625,0.252036254216457,0.75,1,4
"UGA_CEID-auto_AVG_LB","50",0.715212533377604,1.40724879760653,0.692766507710073,0.450740043703374,1.9387571354202,2.21166356374624,0.980213103010931,0.611234023042454,0,0.25,4
"UGA_CEID-auto_AVG_LB","51",0.214467857032106,0.30654572066927,2.5092023392346,0.182270283107254,0.964445150342576,0.986950083194872,4.20626393562412,0.305131061373895,0.5,1,4
"UGA_CEID-auto_AVG_LB","53",0.49870607083674,0.531962278929539,3.42415942859933,0.221822291410446,0.815885306775795,0.888403218821515,4.97584607243449,0.356838760086845,0.5,1,4
"UGA_CEID-auto_AVG_LB","54",0.142772150009996,0.260260928804622,0.621729366282564,0.141192207453904,0.651718449464526,0.617902652027686,0.979209948424956,0.224014646767024,0.5,1,4
"UGA_CEID-auto_AVG_LB","55",0.39919360305918,1.33044328832902,2.86244413420802,0.911176416679064,1.49669219624793,1.23537191008086,3.90996089443679,1.1250614232269,0.5,0.5,4
"UGA_CEID-auto_AVG_LB","56",0.642391292358943,1.10101099202154,1.79209896222164,0.645230505168496,0.60981251119707,0.766483394010536,2.65038038346959,0.915722356692856,0,0.25,4
"UGA_CEID-auto_AVG_LB","72",0.795394980079822,0.744087479880313,16.5656731695039,0.292056219752725,0.835814428696881,0.915943109576608,23.7639602070775,0.463451454669621,0.5,1,4
"UGA_flucast-Copycat","01",0.30627149239079,0.323057696721294,2.74505434782609,0.160310923217217,0.987032626480438,1.01761737136089,3.875,0.219015272023695,0.875,1,8
"UGA_flucast-Copycat","02",1.0801324915454,1.55447942496088,1.26391304347826,0.58191100303052,1,1,1.625,0.794513457586986,0.375,0.625,8
"UGA_flucast-Copycat","04",0.492514720791084,0.501501665828765,9.57429347826087,0.253888627934365,1.00255545226469,1.00113183519443,14.375,0.384844621876103,0.625,1,8
"UGA_flucast-Copycat","05",0.446760361754301,0.916552001860946,3.19858695652174,0.599126048091703,1.0444206002861,0.99769719383239,5,0.916227249089961,0.375,0.75,8
"UGA_flucast-Copycat","06",0.333580078591194,0.225259025134776,14.8416847826087,0.100257360410159,0.89770641304737,0.88473153942812,14.25,0.0975028072813278,1,1,8
"UGA_flucast-Copycat","08",0.249468590270592,0.425186001030866,1.95146739130435,0.2364898636008,0.767701311176427,0.807452203321093,3.25,0.418619045934553,0.625,1,8
"UGA_flucast-Copycat","09",0.141372906282048,0.424649671615777,0.810108695652174,0.238136280539672,0.959546464625724,1.21056221508787,1.375,0.407462227423557,0.875,1,8
"UGA_flucast-Copycat","10",0.295332716660843,0.643218728286907,0.700815217391304,0.298235885085266,0.577531390267553,0.663636437315873,1,0.498623005820534,0.875,1,8
"UGA_flucast-Copycat","11",0.871286096705287,1.44020734447935,1.56733695652174,0.669602844944801,1,1,2.25,1.059546399612,0.375,0.75,8
"UGA_flucast-Copycat","12",0.330623057413597,0.211816210797325,12.9713586956522,0.110316888859486,0.881544863781749,0.871496461228795,17.125,0.145852821675713,1,1,8
"UGA_flucast-Copycat","13",0.459155914448147,0.642104930871358,7.31739130434783,0.392604378762737,0.939719049470167,0.951637604372548,12.25,0.657071596650522,0.125,0.875,8
"UGA_flucast-Copycat","15",1.40733512243533,1.10737487174755,6.37163043478261,0.496194996249191,1.43673784163562,1.24263680105479,9.875,0.761573587097216,0.375,0.75,8
"UGA_flucast-Copycat","16",0.59557805348474,0.917787576423843,2.37369565217391,0.457818924938823,1.41072161329207,1.25255483132471,3.875,0.739312938246482,0.5,0.875,8
"UGA_flucast-Copycat","17",0.599685721056337,0.640184341730698,12.1760869565217,0.445279547634337,1.02389647357483,1.05741149971748,15.625,0.624497347228482,0.375,0.75,8
"UGA_flucast-Copycat","18",0.245308886716845,0.46278062182395,3.27282608695652,0.277806551572751,0.799521103732169,0.853384221048182,5.375,0.48897311023011,0.625,1,8
"UGA_flucast-Copycat","19",0.344420247521574,1.03877654506988,1.52972826086957,0.584905117284497,0.874034707957654,0.911638417355909,1.875,0.750485883388317,0.5,0.75,8
"UGA_flucast-Copycat","20",0.357784783561695,0.816284038455323,1.58902173913043,0.416283499907682,1.46230892375105,1.7080167342541,2.875,0.811813747944376,0.375,1,8
"UGA_flucast-Copycat","21",0.631123971060429,0.85062941131559,6.89679347826087,0.563160596541619,1.27786783354761,1.4045281026808,10.625,0.876267228303675,0.125,0.625,8
"UGA_flucast-Copycat","22",0.364474034313411,0.292196600963914,3.57733695652174,0.135904650797548,0.732932466846614,0.701088155080591,5,0.192910949005632,0.875,1,8
"UGA_flucast-Copycat","23",0.363429717964442,0.77360414796582,0.97945652173913,0.353971427982459,0.796982782250316,0.797182983070765,1.5,0.580749022563543,0.75,1,8
"UGA_flucast-Copycat","24",0.213476545389033,0.255888355006492,1.8266847826087,0.131201035654107,0.951515787107484,0.936836840894844,2,0.141302235141393,1,1,8
"UGA_flucast-Copycat","25",0.284329178537244,0.812794484040334,3.94483695652174,0.574457075272626,0.743446779779838,0.83338279341178,6.5,0.917884168779998,0.125,1,8
"UGA_flucast-Copycat","26",0.222891195650419,0.466789303379988,3.90885869565217,0.309349769680897,0.664598827857049,0.755202769521543,6.25,0.518340664147602,0.5,1,8
"UGA_flucast-Copycat","27",0.437794514912867,0.799632030187449,4.06478260869565,0.478704955286525,0.801817925202922,0.871242523951471,7,0.814977831204452,0.125,1,8
"UGA_flucast-Copycat","28",0.322883865344905,0.407770483178245,1.86,0.207585755660644,1,1,2.625,0.299566338229572,0.875,1,8
"UGA_flucast-Copycat","29",0.258896028946704,0.392309128270313,2.9404347826087,0.232520341335212,1.02475841196698,1.06940561047355,4.625,0.345098432260685,0.75,1,8
"UGA_flucast-Copycat","30",0.514692410397969,0.881551267316079,1.32516304347826,0.418307944026969,1.03337837071618,1.05051727473486,2.125,0.705901515395976,0.625,1,8
"UGA_flucast-Copycat","31",0.350082563649418,0.724903476432707,1.07923913043478,0.374409805949927,NA,NA,1.25,0.519860385419959,0.875,0.875,8
"UGA_flucast-Copycat","32",0.827827447388563,0.719705482470448,5.55836956521739,0.233587321977854,1.30388716818536,1.22064724357927,8.625,0.383672266204279,0.5,1,8
"UGA_flucast-Copycat","33",0.330211106893099,0.683602815493568,0.800217391304348,0.322096446173456,0.821013235566542,0.871028381216314,1.25,0.539686014192039,0.75,1,8
"UGA_flucast-Copycat","34",0.291445042772762,0.359374657433203,5.66619565217391,0.199370803849112,0.680932273783009,0.73220104606047,9.75,0.367532986691951,0.375,1,8
"UGA_flucast-Copycat","35",0.192634534277803,0.4620271106094,0.861141304347826,0.241355063942073,0.815489821917964,0.8383972082972,1.375,0.402359478108525,1,1,8
"UGA_flucast-Copycat","36",0.258306364446012,0.349367113312341,8.1870652173913,0.239221670041935,0.834632590122605,0.860654002565805,13.75,0.414885315066881,0.5,1,8
"UGA_flucast-Copycat","37",0.127519040617574,0.286216918796747,2.12576086956522,0.185303457790501,0.747370109635189,0.78658129283598,2.875,0.268481436589865,0.875,1,8
"UGA_flucast-Copycat","38",0.656809320509416,0.760296850662317,1.76978260869565,0.298685180586601,1.00519724251573,0.995608006995924,3.125,0.540398266831368,0.375,1,8
"UGA_flucast-Copycat","39",0.123806944456334,0.302281349074698,2.58054347826087,0.204582510667523,1.13323010435251,1.18254356862593,4,0.290662764909785,0.625,1,8
"UGA_flucast-Copycat","40",0.356124832633503,0.459847984403475,3.1258152173913,0.272244267462214,1.02959285970353,1.03217455808238,5,0.40908189156224,0.5,1,8
"UGA_flucast-Copycat","41",0.423807940972076,0.859734198779966,2.9416847826087,0.507274538893159,1.16185675401106,1.11343931150377,4.625,0.785189850463102,0.5,0.875,8
"UGA_flucast-Copycat","42",0.50473545288163,0.385627375019798,20.1027717391304,0.147082432713933,1.68103507293796,1.85469610857192,34,0.237326717663801,0.625,1,8
"UGA_flucast-Copycat","44",0.627659394613403,0.98073790376692,2.00423913043478,0.553055409155034,0.755734478049707,0.846583925468703,3.125,0.880600061363307,0.5,0.875,8
"UGA_flucast-Copycat","45",0.237196382383794,0.481349022321903,2.12375,0.283913590461523,0.861599270781195,0.914522692407141,3.375,0.462704075909752,0.5,1,8
"UGA_flucast-Copycat","46",0.54380812934054,0.842753351065368,1.26125,0.422985367524846,1.01370912392509,1.07720785804119,2.125,0.732241644310432,0.625,1,8
"UGA_flucast-Copycat","47",0.285634038823755,0.287216471741827,3.77065217391304,0.127509664513769,0.520327948165407,0.567997439164424,4.125,0.153585394389773,0.875,1,8
"UGA_flucast-Copycat","48",0.25681251168697,0.176240421018344,10.8447826086957,0.102833922086966,1.16919470520828,1.12711586002961,10.75,0.107563689988282,1,1,8
"UGA_flucast-Copycat","49",0.520975199256003,0.699229963036395,1.74625,0.319749914013187,1.03042768131652,1.13740015495634,2.875,0.527540545635333,0.5,0.875,8
"UGA_flucast-Copycat","50",0.385914751894801,0.63495279345948,0.359565217391304,0.193794469978593,1,1,0.5,0.274653072167027,0.75,1,8
"UGA_flucast-Copycat","51",0.234559720930106,0.309913383966747,2.97472826086957,0.181850228974898,0.994124354809282,0.995780229872812,4.5,0.291524411861705,0.75,1,8
"UGA_flucast-Copycat","53",0.716397453890636,0.771120387557963,7.01048913043478,0.396647123368937,1.15351046093361,1.1502381691111,11.375,0.64657069396727,0.125,0.875,8
"UGA_flucast-Copycat","54",0.240979163807397,0.615428849527531,1.14233695652174,0.339866945524841,1.29521389334389,1.5693493171987,2,0.567578958106315,0.625,1,8
"UGA_flucast-Copycat","55",0.13074705540116,0.544411000058211,1.0495652173913,0.338075765190462,0.485047390456245,0.672359003490278,1.5,0.575646273248511,0.75,1,8
"UGA_flucast-Copycat","56",0.879969509463472,1.22906610159097,2.80217391304348,0.750497189572385,0.929175842113238,0.971216008758628,4.625,1.19889355280218,0.125,1,8
"UGA_flucast-Copycat","72",1.12438931334364,0.988832776479432,20.4722282608696,0.329751196250753,1.36077292811784,1.25232579633254,32.5,0.510720324957635,0.375,0.875,8
"UGA_flucast-INFLAenza","01",0.367270830757475,0.445140039864588,3.2988597826087,0.221249753221658,1.48157279051472,1.73436185040058,5.75,0.370811358875588,0.75,1,8
"UGA_flucast-INFLAenza","02",0.669955037722392,0.905195810852578,0.781908967391304,0.33977281464056,0.842395547683895,0.777002380197726,1.375,0.621226662447,0.625,1,8
"UGA_flucast-INFLAenza","04",0.364830174389087,0.395723516000915,6.54289048913044,0.1828879314415,0.857742169012923,0.870367329577957,11.25,0.302565090549357,0.625,1,8
"UGA_flucast-INFLAenza","05",0.241140741660327,0.57987316717361,1.62326195652174,0.361611573995503,0.559577495920853,0.675014443684917,2.5,0.592662795039084,0.25,1,8
"UGA_flucast-INFLAenza","06",0.497267344033386,0.485064617888098,22.7377038043478,0.22330372001237,2.66570435407079,3.58473205303297,43.0625,0.407673589481457,0.25,1,8
"UGA_flucast-INFLAenza","08",0.192984397550192,0.340701359679688,1.5022847826087,0.189102250988005,0.532417239452515,0.610928165669775,2.25,0.318805583907332,0.75,1,8
"UGA_flucast-INFLAenza","09",0.184764047653238,0.436199569381807,1.04506222826087,0.239397573180739,1.15757983095983,1.17469900358264,1.625,0.38411523903064,0.75,1,8
"UGA_flucast-INFLAenza","10",0.268116506558244,0.631298201974452,0.637697010869566,0.294531797985965,0.50300568636257,0.612035324216559,0.875,0.462662746764062,0.75,1,8
"UGA_flucast-INFLAenza","11",0.660563736717442,0.991937648165076,1.19777173913043,0.465254984681773,0.878624699879853,0.822771564359742,2,0.886259604472011,0.375,0.75,8
"UGA_flucast-INFLAenza","12",0.605524850034184,0.4883594071106,23.5480489130435,0.254118110374408,2.34397766929878,2.8345241803949,45.375,0.474489648829348,0.125,1,8
"UGA_flucast-INFLAenza","13",0.2605508479973,0.390682346120192,4.00502826086957,0.231624142349984,0.486951205855791,0.550356460309241,6.125,0.369326604920115,0.5,1,8
"UGA_flucast-INFLAenza","15",0.613353072580453,0.608745179528756,2.57622282608696,0.257593412071759,0.568485558138111,0.62642300131189,3.625,0.366472084108036,0.75,1,8
"UGA_flucast-INFLAenza","16",0.264833118449523,0.507305482454265,1.05690326086957,0.255149047925975,0.631855731258074,0.759533116945541,1.75,0.454067212522568,0.625,1,8
"UGA_flucast-INFLAenza","17",0.559309561431001,0.556904641844099,11.3916847826087,0.389553433621885,0.970421669772364,0.96257295399519,14.875,0.573832431617538,0.5,0.75,8
"UGA_flucast-INFLAenza","18",0.151076060854102,0.31160054386277,1.99663152173913,0.185515816791618,0.419176317752151,0.496294479708205,2.75,0.278959001467105,0.625,1,8
"UGA_flucast-INFLAenza","19",0.238193053262666,0.671651113431895,1.02229048913043,0.358295253481114,0.781135163610489,0.700425826617982,1.625,0.547753329334235,0.625,1,8
"UGA_flucast-INFLAenza","20",0.1492208565878,0.358356838349584,0.651256793478261,0.181533978320368,0.455801649045297,0.49190081752639,0.875,0.229072682968539,0.875,1,8
"UGA_flucast-INFLAenza","21",0.643835822147804,0.820367705155893,6.93750108695652,0.530950961677332,1.28702191783107,1.35207670633824,10.625,0.83004745152184,0,0.625,8
"UGA_flucast-INFLAenza","22",0.748400167935849,0.768448659076601,7.2992402173913,0.356239698240045,1.96266161181784,2.34197791930023,13,0.626382011112307,0.125,1,8
"UGA_flucast-INFLAenza","23",0.251815639339452,0.646264158125783,0.674892391304348,0.295653372796479,0.541847476036515,0.668979580899919,1,0.483900126363486,0.75,1,8
"UGA_flucast-INFLAenza","24",0.333334217568936,0.512500234370038,2.86269130434783,0.264019177729799,2.3283860966763,2.84890157314595,4.9375,0.433788258919718,0.5,1,8
"UGA_flucast-INFLAenza","25",0.217245854277591,0.696867128182656,3.01239239130435,0.498856877502718,0.585457617761961,0.741895942053712,5.125,0.826638067151783,0.375,0.875,8
"UGA_flucast-INFLAenza","26",0.160385137988683,0.361618050352061,2.80526141304348,0.238847406606537,0.425137081535145,0.543900782979908,4,0.373963078682298,0.5,1,8
"UGA_flucast-INFLAenza","27",0.221826942837531,0.481836760851129,2.06471222826087,0.2922504156007,0.368028819770991,0.522468894324576,3.25,0.500916648154059,0.625,1,8
"UGA_flucast-INFLAenza","28",0.247657876555175,0.314961724345127,1.41399565217391,0.160020286164586,0.568170208177414,0.655731635184523,1.5,0.200339176693773,0.875,1,8
"UGA_flucast-INFLAenza","29",0.346270905529906,0.553870368165023,3.94777173913043,0.329998354052107,1.42580889022864,1.65162743867354,6.5,0.539835521622282,0.375,1,8
"UGA_flucast-INFLAenza","30",0.52600922761292,0.889278803249761,1.34092391304348,0.419200618122002,1.17370314692526,1.21358315456762,2.375,0.807267792423017,0.375,1,8
"UGA_flucast-INFLAenza","31",0.605802174533836,1.46049829597126,1.64614130434783,0.70233851170961,NA,NA,2.625,1.15580992732401,0,1,8
"UGA_flucast-INFLAenza","32",0.459238795780975,0.521397962004984,3.03516521739131,0.167503803123003,0.754964030665483,0.795875815145444,4.875,0.245478320902357,0.625,1,8
"UGA_flucast-INFLAenza","33",0.337145391561783,0.720026383185546,0.821467391304348,0.340989403729801,1.07032806830362,1.1218406222101,1.625,0.6917354297326,0.5,1,8
"UGA_flucast-INFLAenza","34",0.158988228972117,0.230454928520841,3.07294945652174,0.12791091298304,0.222900207669727,0.266566285556175,3.125,0.131239529714619,1,1,8
"UGA_flucast-INFLAenza","35",0.212550624498629,0.476686082330632,0.950904619565217,0.250080319872051,0.638934053295608,0.726358025672258,1.125,0.359743654737201,0.75,1,8
"UGA_flucast-INFLAenza","36",0.162000378169054,0.239511592099511,5.03348043478261,0.161336626576275,0.424187083424453,0.454700048503013,6.75,0.211312530687644,0.625,1,8
"UGA_flucast-INFLAenza","37",0.102157038430801,0.247429951012902,1.7077875,0.16093310069985,0.583543144094479,0.655917965209915,2.25,0.225522748653327,0.75,1,8
"UGA_flucast-INFLAenza","38",0.506355048673704,0.652997854505683,1.327175,0.249841053488177,0.704409323660393,0.738144932681554,2.125,0.387792057497134,0.625,1,8
"UGA_flucast-INFLAenza","39",0.107132409784912,0.247478315023123,2.22643342391304,0.167156137169028,0.919658746623055,0.905981517973188,3.25,0.222944323146713,0.75,1,8
"UGA_flucast-INFLAenza","40",0.565249517141779,0.8037916669,4.91086956521739,0.468031112614089,1.61224886372424,1.943797244601,7.75,0.760023824879412,0.125,0.75,8
"UGA_flucast-INFLAenza","41",0.253824177335702,0.619504413435206,1.74975543478261,0.365357864969184,0.725459515530373,0.862636434696564,2.875,0.609637987683967,0.5,1,8
"UGA_flucast-INFLAenza","42",0.921604723526936,0.80279389687449,37.1108263586956,0.310934107147291,3.17308627448561,4.17144406955616,65,0.542743655572572,0.125,1,8
"UGA_flucast-INFLAenza","44",0.271875846106867,0.581463539213161,0.847636956521737,0.322392437166806,0.339114424948384,0.538022106058999,1.375,0.554408893649087,0.75,1,8
"UGA_flucast-INFLAenza","45",0.172532269207735,0.373346717719553,1.51714673913044,0.217036352640219,0.67873842090503,0.780549176806986,2.625,0.390742228651117,0.75,1,8
"UGA_flucast-INFLAenza","46",0.39501550465637,0.679583460108016,0.909511956521739,0.338266464400782,0.718804282569417,0.796685463187577,1.5,0.539129220398366,0.625,1,8
"UGA_flucast-INFLAenza","47",0.222355581912556,0.280099463414614,2.93946440217391,0.125429989599528,0.542654513796815,0.63689505557054,4.3125,0.174480870683764,1,1,8
"UGA_flucast-INFLAenza","48",0.376458348015966,0.355423389494673,15.8996375,0.208605120099669,3.40692808610523,4.1143701483229,30.875,0.388495087222154,0.25,1,8
"UGA_flucast-INFLAenza","49",0.475955346066885,0.624152191186236,1.59668586956522,0.284008040819639,0.988734115506272,1.04812665178799,2.75,0.481931581742469,0.375,1,8
"UGA_flucast-INFLAenza","50",0.374879525632244,0.625784386673847,0.351684782608696,0.192656670273692,1.25632263265131,1.32239557243717,0.625,0.361296469737021,0.75,1,8
"UGA_flucast-INFLAenza","51",0.193880726697581,0.296604936843351,2.49614130434783,0.175680612654066,0.779117861226171,0.81774735984443,3.625,0.245284970233464,0.75,1,8
"UGA_flucast-INFLAenza","53",0.284393122226944,0.373950008595857,2.77527961956522,0.193381778237277,0.445760962099496,0.565399820587588,4.375,0.318169334060093,0.625,1,8
"UGA_flucast-INFLAenza","54",0.167783763359376,0.352254993932345,0.775273913043478,0.186760792546296,0.753269559388444,0.732014114329742,1.125,0.251862877567783,0.75,1,8
"UGA_flucast-INFLAenza","55",0.176608947998671,0.727357141281063,1.45635869565218,0.475056533144082,0.588824921703178,0.738245419422468,1.875,0.663285692024652,0.5,1,8
"UGA_flucast-INFLAenza","56",0.237075298609038,0.475300459582389,0.753043478260869,0.290586306442165,0.27541856915942,0.441780260255062,1.375,0.549306144334055,0.75,1,8
"UGA_flucast-INFLAenza","72",0.75009046361928,0.659617571995333,13.6435285326087,0.219309351593648,0.684332276444524,0.74748997183253,16.375,0.306080005422409,0.75,1,8
"UGA_flucast-Scenariocast","01",0.280301597033498,0.307103632099687,2.53934782608696,0.154064784710855,0.944839501392557,1.0015188144309,3.75,0.218955369258567,0.625,1,8
"UGA_flucast-Scenariocast","02",0.984197714276467,1.40251184066554,1.15576086956522,0.526953199538004,1,1,1.625,0.794513457586986,0.375,0.625,8
"UGA_flucast-Scenariocast","04",0.39158902075159,0.412246788666945,7.38434782608696,0.202271167186427,0.872641955249464,0.917641131290752,12.125,0.342687729847005,0.375,1,8
"UGA_flucast-Scenariocast","05",0.372046707361678,0.807300081838528,2.61309782608696,0.520875928271465,0.880068523558106,0.909072413432856,4.125,0.826252858834607,0.125,1,8
"UGA_flucast-Scenariocast","06",0.238208819970073,0.178179135234812,10.6944565217391,0.0802179082048457,0.506100900550701,0.526443652923095,7.875,0.0571498518719703,1,1,8
"UGA_flucast-Scenariocast","08",0.265981714780378,0.451130040077288,2.09097826086957,0.252367930879256,0.852440002591071,0.89085193867016,3.625,0.464756228926715,0.5,1,8
"UGA_flucast-Scenariocast","09",0.145325499286385,0.409091211038889,0.832065217391304,0.227598948511496,0.955727857222283,1.12468793728792,1.375,0.379569283509281,0.875,1,8
"UGA_flucast-Scenariocast","10",0.248029931543128,0.57984488977853,0.588858695652174,0.269844824124672,0.50109871077127,0.611516331413152,0.875,0.462662746764062,0.875,1,8
"UGA_flucast-Scenariocast","11",0.833095629910002,1.37181656308277,1.49722826086957,0.637495748617435,1,1,2.25,1.059546399612,0.375,0.875,8
"UGA_flucast-Scenariocast","12",0.363990327880541,0.257698965638253,14.1038586956522,0.133294323360655,1.13728585840706,1.18577757284685,21.875,0.19680954761789,0.625,1,8
"UGA_flucast-Scenariocast","13",0.435450901473562,0.622962671041644,6.93152173913043,0.38110375370238,0.863352598343514,0.890606996001363,11.25,0.615300688006525,0.125,0.875,8
"UGA_flucast-Scenariocast","15",1.29002332081389,1.07241210633966,5.78423913043478,0.478078299853891,1.32446144751052,1.18800784866309,9,0.723346521259061,0.375,0.625,8
"UGA_flucast-Scenariocast","16",0.496526424696715,0.795850893484777,1.96385869565217,0.394960014178243,1.18911549687308,1.10333586953681,3.25,0.649119606361276,0.375,1,8
"UGA_flucast-Scenariocast","17",0.56913406221492,0.573584734515478,11.618152173913,0.402944934027599,0.970357891253686,0.964610383346144,14.875,0.575420763026177,0.5,0.75,8
"UGA_flucast-Scenariocast","18",0.228562039755573,0.45289504991686,3.06054347826087,0.272970615977802,0.761289225140831,0.822978230869077,5.125,0.472281686152045,0.5,1,8
"UGA_flucast-Scenariocast","19",0.332459370511659,0.993465376849851,1.46967391304348,0.554225414444416,0.936488615001452,0.961028181399006,2,0.78644614244479,0.5,0.875,8
"UGA_flucast-Scenariocast","20",0.35349415918202,0.753453454896318,1.59092391304348,0.387379270321775,1.43895037842676,1.48891820683095,2.875,0.713024881817677,0.375,1,8
"UGA_flucast-Scenariocast","21",0.596242428050502,0.756013708929044,6.49945652173913,0.497562817928701,1.18824429373486,1.24776448096035,9.875,0.776714037051994,0,0.625,8
"UGA_flucast-Scenariocast","22",0.402743374672737,0.356669108908685,3.98070652173913,0.167725024559213,0.971524295738282,1.00194646497735,6.75,0.28145716134562,0.5,1,8
"UGA_flucast-Scenariocast","23",0.383324384845533,0.823084673460532,1.03375,0.377095657542085,0.943455366031294,0.907149972431518,1.75,0.654222355676308,0.75,1,8
"UGA_flucast-Scenariocast","24",0.196684673987374,0.238857021782238,1.68402173913043,0.122596367607201,1.0123072326052,0.995866655465852,2.125,0.149926344077262,0.875,1,8
"UGA_flucast-Scenariocast","25",0.282943252802899,0.838947336639704,3.93130434782609,0.59626037225715,0.726351832434456,0.832690328157608,6.375,0.923060425888974,0.125,0.875,8
"UGA_flucast-Scenariocast","26",0.216932496157306,0.470942076214849,3.82923913043478,0.314262968074687,0.677902878308895,0.769332033540262,6.375,0.528273685566883,0.5,1,8
"UGA_flucast-Scenariocast","27",0.495599618103173,0.884662278636833,4.60369565217391,0.528891440218714,0.871644891584952,0.919406227507224,7.625,0.861106333339635,0.125,1,8
"UGA_flucast-Scenariocast","28",0.2272292417187,0.313152135132075,1.30195652173913,0.159294340734619,0.729230933365081,0.810652898527799,1.875,0.239790274067061,0.875,1,8
"UGA_flucast-Scenariocast","29",0.255856289757241,0.377758256130564,2.89494565217391,0.222983291333824,1.00068180593079,1.01804581552893,4.5,0.326700680946789,0.5,1,8
"UGA_flucast-Scenariocast","30",0.497028843344682,0.856253076841753,1.27032608695652,0.403260605500511,1.01974887205024,1.03589915981505,2.125,0.705901515395976,0.625,1,8
"UGA_flucast-Scenariocast","31",0.365553504617281,0.76825924189561,1.0995652173913,0.389103708863449,NA,NA,1.375,0.606503782989952,0.875,0.875,8
"UGA_flucast-Scenariocast","32",0.628970709093827,0.57897046522926,4.22788043478261,0.188122752017669,1.00116543700755,1.0013874318375,6.625,0.315355365216438,0.625,1,8
"UGA_flucast-Scenariocast","33",0.344697882429845,0.711527563678449,0.835271739130435,0.335141203812919,0.842883557275453,0.867102790212061,1.25,0.524963134734991,0.625,1,8
"UGA_flucast-Scenariocast","34",0.270844851752576,0.344453107929668,5.26516304347826,0.190972055024033,0.65415646144889,0.706782826309861,9.375,0.354935959287465,0.375,1,8
"UGA_flucast-Scenariocast","35",0.177893240852192,0.429448746227033,0.795380434782609,0.224680361426945,0.807240882082108,0.848305638883687,1.375,0.410426793250721,0.875,1,8
"UGA_flucast-Scenariocast","36",0.270724772283137,0.37093904744773,8.62576086956522,0.255253294960587,0.881194172905027,0.901811156970718,14.625,0.437364271590352,0.25,0.875,8
"UGA_flucast-Scenariocast","37",0.1316387650831,0.295342172857512,2.19940217391304,0.191678471006178,0.778691534812732,0.819138866761592,3,0.280395209065406,0.625,1,8
"UGA_flucast-Scenariocast","38",0.694225606204739,0.807304762231749,1.88048913043478,0.318865421880463,1.00176235435305,0.997679779493707,3.125,0.542975677731711,0.25,1,8
"UGA_flucast-Scenariocast","39",0.115599342127167,0.266614409011802,2.41548913043478,0.180749441292226,0.987054534953901,0.999763097919682,3.5,0.24682023885742,0.625,1,8
"UGA_flucast-Scenariocast","40",0.340047741965392,0.42899524340334,2.99059782608696,0.254283363345478,1.00347065825099,0.994458328161102,4.875,0.393427817836012,0.5,1,8
"UGA_flucast-Scenariocast","41",0.344557661629865,0.765024664989773,2.38086956521739,0.450351094840295,0.946768188106968,0.999081012405587,3.75,0.703649202208141,0.5,0.875,8
"UGA_flucast-Scenariocast","42",0.466617435206509,0.348711211086342,18.5925543478261,0.133284032109777,1.45845537790228,1.56382599542569,29.5,0.200037960969278,0.625,1,8
"UGA_flucast-Scenariocast","44",0.650450051274875,1.03005344611194,2.07429347826087,0.579859454026895,0.814107379881384,0.876611900491839,3.375,0.91201436489842,0.375,0.875,8
"UGA_flucast-Scenariocast","45",0.224838546428968,0.463445352889397,2.00777173913043,0.272759377546357,0.800991611518179,0.872512913697162,3.125,0.440197649877325,0.375,1,8
"UGA_flucast-Scenariocast","46",0.658846922426602,0.949649862434078,1.55157608695652,0.481073972318,1.27199696643059,1.19285612081117,2.75,0.828505172022442,0.5,1,8
"UGA_flucast-Scenariocast","47",0.23605648276359,0.24618460763985,3.12396739130435,0.109565883822173,0.438617803672667,0.490639454375416,3.5,0.133494740646849,0.875,1,8
"UGA_flucast-Scenariocast","48",0.182853109863053,0.14291066824043,7.72798913043478,0.0836291928326608,0.714438819458923,0.706251765702913,6.375,0.065169347007878,1,1,8
"UGA_flucast-Scenariocast","49",0.525164962305328,0.698537320782653,1.76445652173913,0.320288458263916,1.03042768131652,1.13740015495634,2.875,0.527540545635333,0.5,0.875,8
"UGA_flucast-Scenariocast","50",0.378753539661331,0.618332332402563,0.353260869565217,0.188952758988089,1,1,0.5,0.274653072167027,0.75,1,8
"UGA_flucast-Scenariocast","51",0.193759142026555,0.267684212528039,2.46619565217391,0.157467376590942,0.909186176218895,0.92463832224926,4.125,0.271123010537763,0.625,1,8
"UGA_flucast-Scenariocast","53",0.535803067033489,0.622202283929415,5.2108152173913,0.318800497251785,0.878805704117644,0.952858028991474,8.625,0.534547748468187,0.25,1,8
"UGA_flucast-Scenariocast","54",0.224931250898366,0.536619825972308,1.05934782608696,0.29414928083918,1.03350791784461,1.2245036290733,1.625,0.453042616622046,0.5,1,8
"UGA_flucast-Scenariocast","55",0.163332046214389,0.661904138837126,1.33173913043478,0.4217656754546,0.77030431057608,0.887454799560505,2.375,0.761130609430856,0.5,1,8
"UGA_flucast-Scenariocast","56",0.772164256344036,1.13701906768377,2.45217391304348,0.692414373731913,0.804326650934847,0.890325020208061,4,1.09808406956881,0.125,1,8
"UGA_flucast-Scenariocast","72",0.893637050440097,0.81124157036799,16.2857065217391,0.270916336490473,1.03397239254082,1.02462234745768,24.75,0.419110406528693,0.5,0.75,8
"UI_CompEpi-EpiGen","01",0.550289073111849,0.565491197082471,4.78728260869565,0.249741226162863,2.03606095416233,1.92927877591815,7.5,0.369602412506924,0.5,1,4
"UI_CompEpi-EpiGen","02",0.498013402063104,0.697819327391659,0.532717391304348,0.249037037911657,0.521690540400901,0.369038332573687,0.75,0.274653072167027,1,1,4
"UI_CompEpi-EpiGen","04",0.652290102519917,0.597797493640279,12.1097826086957,0.274953082379108,1.39139665840658,1.21899019895433,19.75,0.429522783159554,0.75,1,4
"UI_CompEpi-EpiGen","05",0.837828564053182,1.2865334971039,5.0079347826087,0.659634285688404,2.25215213845334,1.57954040566519,9,1.15843812523408,0.5,1,4
"UI_CompEpi-EpiGen","06",0.362997723507355,0.373011844135244,15.9401086956522,0.154405046415389,0.902023429328223,1.04072881102948,12,0.0921625168466442,1,1,4
"UI_CompEpi-EpiGen","08",0.364040328147481,0.754343910052803,2.96826086956522,0.403297373962774,0.706117063033803,0.73599056136516,3,0.356378768568293,1,1,4
"UI_CompEpi-EpiGen","09",0.277911503589194,0.674362910091795,1.94445652173913,0.423124554730622,0.280280337971532,0.364819080523627,0.5,0.14384103622589,1,1,4
"UI_CompEpi-EpiGen","10",0.365552667082373,0.739474390899287,0.876304347826087,0.323242635308511,Inf,Inf,1.25,0.621226662447,1,1,4
"UI_CompEpi-EpiGen","11",0.427468144814732,0.575629257878057,0.815434782608696,0.280682566472616,0.407536684865593,0.265929785420845,1,0.300993201081484,1,1,4
"UI_CompEpi-EpiGen","12",0.43991931516071,0.262191155823667,19.2444565217391,0.158445711269963,1.22124476726214,1.08459948492727,29,0.225998681188661,1,1,4
"UI_CompEpi-EpiGen","13",0.519903466208449,0.759158174469357,7.64576086956522,0.402728069698569,0.939635739136606,0.974747310918471,11.25,0.57624327101688,1,1,4
"UI_CompEpi-EpiGen","15",0.898539020907858,0.931449992892071,3.78108695652174,0.404915927796406,0.799987190828052,0.974339667904948,5,0.548842752171724,0.5,0.75,4
"UI_CompEpi-EpiGen","16",0.31506679591968,0.606475648672787,1.3395652173913,0.309090738500932,0.525006382899496,0.661219311202643,1.5,0.395316758866851,1,1,4
"UI_CompEpi-EpiGen","17",0.603923623487558,1.15742129502891,12.5371739130435,0.831318196852,1.39457022498904,2.03613551048283,21.75,1.24903265197334,0.75,1,4
"UI_CompEpi-EpiGen","18",0.975763417401116,1.2007891378852,13.1148913043478,0.642208656380378,3.72817877490168,2.36694693590545,24.25,1.16120614545925,0.25,1,4
"UI_CompEpi-EpiGen","19",0.69096769946369,1.1510246394102,3.01684782608696,0.592739520667133,2.57635971925001,1.53838919961608,5.25,1.09550665866847,0.75,1,4
"UI_CompEpi-EpiGen","20",0.559869864414967,0.762466357762825,2.49923913043478,0.402044208585922,1.779909702308,1.26020710779701,3.75,0.621226662447,1,1,4
"UI_CompEpi-EpiGen","21",0.453870553721154,0.423647731146883,4.40423913043478,0.229480255688513,0.584186662347411,0.387253798107089,4.5,0.200967259330496,1,1,4
"UI_CompEpi-EpiGen","22",0.569843029159901,0.718410652225235,6.32380434782609,0.388104886017178,1.45645665771211,1.63967644198847,11.75,0.541407552979501,0.5,1,4
"UI_CompEpi-EpiGen","23",0.615095975404294,1.03075097157267,1.80663043478261,0.463358230092435,1.72288928934316,1.37416514982077,3.25,0.925325493528123,0.75,1,4
"UI_CompEpi-EpiGen","24",0.411277051332292,0.622167698668141,3.56880434782609,0.303537601918692,1.78011911314671,1.80202804952488,3.5,0.241819071651756,1,1,4
"UI_CompEpi-EpiGen","25",0.733619118329973,1.2996365996127,10.9539130434783,0.773767714657238,2.11956354601149,1.49713405631999,20.25,1.42412079304365,0.5,1,4
"UI_CompEpi-EpiGen","26",0.968905890436163,1.19089882592964,17.9135869565217,0.784081773557055,3.43338631673956,2.13428193350283,33,1.37395029277042,0.25,1,4
"UI_CompEpi-EpiGen","27",1.53190829362039,1.70818519669275,15.573152173913,0.916662047654177,2.84211584333668,1.87465033971742,27.5,1.5594067092498,0,1,4
"UI_CompEpi-EpiGen","28",0.630692190001976,0.7179542314284,4.15858695652174,0.379488878922439,2.19814664736548,1.82156913530486,7,0.611791580451288,0.5,1,4
"UI_CompEpi-EpiGen","29",0.529462297575617,0.608594771705109,6.47989130434783,0.39598551766299,1.5611019952058,1.11064483313806,8,0.415814356252134,1,1,4
"UI_CompEpi-EpiGen","30",0.464083233952576,0.860294039136456,0.939673913043478,0.346223633973368,Inf,Inf,1.5,0.549306144334055,0.75,1,4
"UI_CompEpi-EpiGen","31",Inf,Inf,2.9829347826087,0.961222893956474,NA,NA,5.75,1.88608302701342,0,1,4
"UI_CompEpi-EpiGen","32",0.606509868251292,0.881121079465573,4.20717391304348,0.269308567181766,1.14608534848888,1.39802345204305,7.75,0.418834747328551,0.25,1,4
"UI_CompEpi-EpiGen","33",0.806238194090979,1.17546048167309,1.95989130434783,0.513157898340124,2.32863258174035,1.66922716808356,3.25,0.87863151674229,0.75,1,4
"UI_CompEpi-EpiGen","34",0.456626352206572,0.609519667716075,9.855,0.346614648136084,0.90327310997428,0.899500802306956,15.75,0.516756784632863,1,1,4
"UI_CompEpi-EpiGen","35",0.510849728703905,0.921300483204777,2.30358695652174,0.455732504066613,Inf,Inf,3,0.666807051645489,1,1,4
"UI_CompEpi-EpiGen","36",0.434605425599596,0.907632964282444,13.9640217391304,0.613584038352334,0.768397911943514,0.827453752719484,13,0.392571411534035,1,1,4
"UI_CompEpi-EpiGen","37",0.380459172849405,1.04475209233786,6.7054347826087,0.650172439562265,0.954492269159561,1.26152143658016,4,0.421719959601895,1,1,4
"UI_CompEpi-EpiGen","38",0.55892809521747,0.809369050623264,1.68489130434783,0.334544460997856,0.684155868665512,0.740163209317687,2.5,0.442321653343999,0.5,1,4
"UI_CompEpi-EpiGen","39",0.491187205882443,0.889363452440265,11.0792391304348,0.638152166818245,3.66499195472665,2.56618253963238,14.25,0.675004507351237,1,1,4
"UI_CompEpi-EpiGen","40",0.787031160455954,0.595235469688419,6.70619565217391,0.319949970953921,2.61462670041318,1.63194439873142,12,0.569360890941421,0.5,1,4
"UI_CompEpi-EpiGen","41",1.00278948997514,1.30657078651619,8.21282608695652,0.861797985898533,3.1818553714601,1.95792499782724,14.5,1.49309432221858,0.25,1,4
"UI_CompEpi-EpiGen","42",0.672279011526687,0.624583300196426,30.9576086956522,0.275252692188885,1.90716418327485,2.18017793094063,46.5,0.336934862743195,0.5,1,4
"UI_CompEpi-EpiGen","44",0.712143989961403,1.012643180442,2.56076086956522,0.589498205122452,1.04487243158491,1.01711393527738,4.75,1.08840679003805,0.75,1,4
"UI_CompEpi-EpiGen","45",1.27050495770911,1.34725231382393,10.1821739130435,0.690251245857023,5.63752626540747,3.04607258731767,18.5,1.23167919309816,0.25,1,4
"UI_CompEpi-EpiGen","46",0.457495320671067,0.768453931452471,1.13869565217391,0.390129890528853,0.966064398574028,1.2212290590564,2.25,0.862496886457897,0.75,1,4
"UI_CompEpi-EpiGen","47",0.408622031525925,0.481761158223755,5.31967391304348,0.203697015052989,0.809894848998991,0.8426721532912,6,0.208577666215098,1,1,4
"UI_CompEpi-EpiGen","48",0.578576576722455,0.377414394686463,24.0794565217391,0.20279539383322,5.7183746677333,4.74867445521006,43.25,0.358216955874257,1,1,4
"UI_CompEpi-EpiGen","49",0.641729088236305,0.803137291140545,2.04391304347826,0.313535634230185,1.29266772356,1.23543980032999,3.25,0.470342906979436,0.5,1,4
"UI_CompEpi-EpiGen","50",0.519247895023991,0.859081224164008,0.496413043478261,0.267731592263108,1.95121356883685,2.18391685289798,1,0.621226662447,1,1,4
"UI_CompEpi-EpiGen","51",0.740553488996384,0.741298384800897,9.74228260869565,0.410248948995934,4.07580176151919,2.89801641062758,18,0.758834568429947,0.25,1,4
"UI_CompEpi-EpiGen","53",1.33375012025336,1.29613745598807,15.8632608695652,0.741414347755132,1.95700001680584,1.62017222479194,25,1.10412988796564,0,0.5,4
"UI_CompEpi-EpiGen","54",0.768421613399038,0.958206133107556,3.62163043478261,0.483186274805738,4.70174580533466,2.96929187817215,6.75,0.929912778195173,0.75,1,4
"UI_CompEpi-EpiGen","55",0.593888720559762,1.13473319371462,5.27836956521739,0.68001826011436,2.4572768430829,1.58923162338089,8.5,1.30595232859324,1,1,4
"UI_CompEpi-EpiGen","56",0.578126431039055,0.941893112008078,2.06347826086956,0.597167469692138,0.631437334415376,0.762078781422917,3.5,0.972955074527657,0.25,1,4
"UM-DeepOutbreak","01",0.679972243923538,0.612046423806668,5.85848439545155,0.269248634172647,1.68068048915121,1.69425738219994,6.02840056678466,0.316595916395757,0.75,1,4
"UM-DeepOutbreak","02",0.936488918655724,1.0755666182061,0.999805995930178,0.384831852206336,0.998010520539563,0.926700739623009,1.43087118775617,0.690318854782657,1,1,4
"UM-DeepOutbreak","04",0.431624322560719,0.488964624413709,7.81333521500059,0.219845880677787,0.602788076591247,0.596201436842663,8.17718314596558,0.200659272930708,0.75,1,4
"UM-DeepOutbreak","05",0.716598712223173,1.00852477243778,4.24783720998832,0.507099066585432,1.04262521551359,1.01324350265015,4.16521574210968,0.752442378237476,0.75,1,4
"UM-DeepOutbreak","06",0.55529454627633,0.455441568871595,24.8236305171142,0.188999633646565,0.94506676476065,0.999246057886515,12.9863090075073,0.0910000813882264,1,1,4
"UM-DeepOutbreak","08",0.825916335397045,1.03039846856322,6.82675619313692,0.548733598507716,2.07134357489726,1.66258981637899,9.05666068799401,0.818741059270203,0.75,1,4
"UM-DeepOutbreak","09",0.712722499394154,1.02694661815643,5.05281874824316,0.647141463870742,3.89818609577694,2.72765560082331,7.40423090914246,1.1279215398805,0.5,1,4
"UM-DeepOutbreak","10",0.849276131074632,1.0200387724611,2.08426016258787,0.450199550234102,Inf,Inf,2.91544689867569,0.961917963203254,1,1,4
"UM-DeepOutbreak","11",0.513611525424187,0.661539496084502,0.979257831335869,0.319828442643085,0.422796478679412,0.307711241970297,0.977335623069944,0.326561905799307,1,1,4
"UM-DeepOutbreak","12",0.690492332222301,0.396533122706245,30.3650748253116,0.240002967924701,0.993359745421881,0.91180471247805,23.3564786456298,0.188501460004637,1,1,4
"UM-DeepOutbreak","13",0.622792736839145,0.77266122814387,9.18156547432444,0.409228864058747,0.729578851782132,0.790673593976657,8.56850261791183,0.460501942777976,1,1,4
"UM-DeepOutbreak","15",0.773226233854296,0.89868318808691,3.29322569820983,0.395957143604791,0.666092897178345,0.714542519849734,4.19360758986969,0.406718045267871,0.75,1,4
"UM-DeepOutbreak","16",0.775114901625602,0.950816275825607,3.32408440807208,0.486045531043705,1.27635842513517,1.25686302777254,3.66880350669671,0.753473991722124,1,1,4
"UM-DeepOutbreak","17",0.727862646971277,1.02903418347217,15.4468100484569,0.742620183722304,1.29942039713457,1.35218151205096,20.5503859849707,0.84274496747159,0.75,1,4
"UM-DeepOutbreak","18",0.714967794709747,0.958754361029803,9.67195690751748,0.512091517420654,1.85297572317504,1.52791449174614,12.2501185910824,0.761527180584234,0.75,1,4
"UM-DeepOutbreak","19",0.958917157770298,1.12212262419971,4.22769797096702,0.581936327768682,1.54907696442983,1.1019873590668,3.23042851397726,0.791883846566095,1,1,4
"UM-DeepOutbreak","20",0.73102469583428,0.825444219307881,3.3049449225158,0.436357025916151,0.841680038241513,0.755370402923613,1.78157176531619,0.373344045683851,1,1,4
"UM-DeepOutbreak","21",0.738794432214095,0.920207733407284,7.17507301674818,0.49835001532352,0.622325397243373,0.561297576549406,4.61180971408325,0.281024367536262,1,1,4
"UM-DeepOutbreak","22",0.691219089009014,0.623443526762253,7.71822011271939,0.337278231939533,0.354515901336064,0.305551403437322,2.87471844543074,0.101289593675134,1,1,4
"UM-DeepOutbreak","23",0.591753678366019,0.926640205648967,1.75517923979543,0.414101002011116,0.996657880074074,0.978223744786789,1.96505687703781,0.684232048991172,1,1,4
"UM-DeepOutbreak","24",0.71209258735004,0.808301755748053,6.18764769878115,0.396562842532898,2.83274485235043,2.52771513689604,5.51657651858025,0.33714500481856,1,1,4
"UM-DeepOutbreak","25",0.513526787047621,0.977146157907474,7.62231610723118,0.5764347098447,0.891615026025726,0.93505921033264,8.49371126595316,0.896065062026375,1,1,4
"UM-DeepOutbreak","26",0.566164086946677,0.849302656632294,10.4619761176955,0.55149605706468,1.19496167177047,1.11652218036271,12.1857907355764,0.763648136341782,1,1,4
"UM-DeepOutbreak","27",0.661581422138363,0.90291746040594,6.87568144333296,0.490418484076015,0.861613149434817,0.934163650109674,8.54372609890222,0.797253042914672,1,1,4
"UM-DeepOutbreak","28",0.98314130416012,0.894084018363684,6.31497566634535,0.46109989342991,2.80914614203133,2.22377440422097,8.5342224621582,0.718556669765668,0.5,1,4
"UM-DeepOutbreak","29",0.605910238195933,0.857058082279364,7.36949452072151,0.554569683370528,1.32501458545468,1.34825114868107,6.19416603931966,0.456911612441202,1,1,4
"UM-DeepOutbreak","30",1.18047844799958,1.26662482781798,2.32913543318231,0.502507278584586,Inf,Inf,2.52293537151967,0.814084100460286,1,1,4
"UM-DeepOutbreak","31",Inf,Inf,2.13633828754281,0.507111043719223,NA,NA,2.75405671788281,1.31307451755091,1,1,4
"UM-DeepOutbreak","32",0.953561204525818,0.840793736457537,6.72927102948767,0.258218616187095,1.49663868294844,1.31022003762262,10.3445197264013,0.399683629155051,0.5,1,4
"UM-DeepOutbreak","33",0.562899263348417,0.790255519422848,1.3952740377474,0.351492676676539,1.1369415718439,1.08869017092321,1.59315753884679,0.573320996651524,1,1,4
"UM-DeepOutbreak","34",0.555747049502759,0.71774384049117,12.1030924734723,0.411228320816797,0.746212243698035,0.773967274847585,12.9980656223164,0.444446285038154,1,1,4
"UM-DeepOutbreak","35",0.797436230379659,0.987914499297605,3.61989549527285,0.494742998755532,Inf,Inf,4.26827918442787,0.80139632907471,1,1,4
"UM-DeepOutbreak","36",0.655728073880989,0.944982965374234,21.4523353494433,0.655875626912183,1.02702859058029,0.978743617473972,17.709869176989,0.472152114587779,1,1,4
"UM-DeepOutbreak","37",0.660014399106662,0.994036911897059,11.7441954420492,0.623676526675401,2.87135987551647,2.23970182876821,11.997734146254,0.744229265582642,1,1,4
"UM-DeepOutbreak","38",0.721928193056725,0.915169865736806,2.19504248933979,0.378731490604384,0.747640232712652,0.754160543845313,2.73093432609157,0.447543943414074,0.75,1,4
"UM-DeepOutbreak","39",0.813751241864845,0.934684237383446,18.346738001274,0.674870430878777,3.61511150905267,2.4627854733666,13.7447587419006,0.643870666628967,1,1,4
"UM-DeepOutbreak","40",0.675360886992857,0.889775207066222,5.71778810174319,0.478695494878284,0.655411082751789,0.629119378719998,3.01448133884095,0.223292844343492,1,1,4
"UM-DeepOutbreak","41",0.742792503581896,0.956650020985404,6.0314162166237,0.626848803916919,1.97445230670964,1.5614579988984,8.92425029453643,1.18643583152634,0.5,1,4
"UM-DeepOutbreak","42",0.873444151719038,1.22515490578539,40.6466765287184,0.546316308142591,1.79892199798478,1.99004399008629,44.1770514570516,0.310049574328508,1,1,4
"UM-DeepOutbreak","44",0.650308303368587,0.881285812718695,2.33123535269717,0.505236098487147,0.704547913401395,0.812443769383584,3.30012911123039,0.895862447482555,0.75,1,4
"UM-DeepOutbreak","45",0.944855721518,1.01858393774828,7.68066522021409,0.525429676715191,2.32270295299937,1.76767242249073,7.70740697394592,0.723644709860639,1,1,4
"UM-DeepOutbreak","46",0.817703532389147,0.97810763877476,2.06104193886059,0.492063231583005,0.889808386942188,0.914535893531035,2.04891608396387,0.629403019830727,0.75,1,4
"UM-DeepOutbreak","47",0.687442532415817,0.784449303307758,8.95063941334851,0.331735769448631,0.839878483505192,0.850937018887712,6.12536437301254,0.207608863105378,1,1,4
"UM-DeepOutbreak","48",0.729303417571589,0.710562402425118,30.3845595096767,0.381895213544274,1.50483388221638,1.45450322904931,11.5589767958069,0.111749875926277,1,1,4
"UM-DeepOutbreak","49",1.08645621585636,1.0193729121139,3.47378326243811,0.398041240823092,1.79594801130296,1.57098164129862,4.53682450985374,0.600761369016298,1,1,4
"UM-DeepOutbreak","50",0.878863148587598,0.977233414682668,0.857988217904971,0.308181379913276,1.73152713997903,1.82404832566679,0.905284875118548,0.530532118635009,1,1,4
"UM-DeepOutbreak","51",0.790901152990646,0.850493170506479,10.4604763671205,0.473014564702325,3.01999140694355,2.33520038042059,13.3276535123444,0.611226629466699,1,1,4
"UM-DeepOutbreak","53",0.860856360541593,0.885243186715723,10.2388712465731,0.505757484618822,1.34136032545749,1.28278138602626,17.1526486577779,0.875153111539013,0.25,1,4
"UM-DeepOutbreak","54",0.758885542647152,0.947665877728715,3.56241502712328,0.474173111488385,1.33214985173111,1.20354484681175,1.91483078325882,0.377438879627209,1,1,4
"UM-DeepOutbreak","55",0.786060383627984,1.17350857652915,7.07291117148183,0.706112475783205,2.68096202757839,1.63006525534696,9.40803458032963,1.34567946988517,1,1,4
"UM-DeepOutbreak","56",0.704033637749498,0.972686909620299,2.51855381717227,0.616598376057168,0.748847524349224,0.837212272325954,4.17425689951202,1.07257211441983,0.25,1,4
"UM-DeepOutbreak","72",0.707088742598215,0.763807281545507,10.5264490134033,0.191171002285085,0.660555556497741,0.691876505462403,12.2212340724316,0.199514251443291,0.75,1,4
"UMass-AR2","01",0.665965764715112,0.651068084415942,5.98306659424924,0.321336473822643,1.63304882318712,1.49361825091581,6.40111108885238,0.316518718935851,1,1,8
"UMass-AR2","02",0.740276578482982,0.921210911631889,0.87137611844196,0.346642716904556,0.859021846363598,0.798457964884942,1.39946990059169,0.637331764627815,0.875,1,8
"UMass-AR2","04",0.806712365683978,0.681716829674869,15.3250696066833,0.332011471773747,1.357892639318,1.23286573113528,19.8985144157035,0.482128116372597,0.75,1,8
"UMass-AR2","05",0.727108102925643,1.01027699832536,5.04265099522757,0.633461211707645,1.76568759414277,1.37160025817114,8.21017082916119,1.22544900749397,0.5,1,8
"UMass-AR2","06",0.622931076646331,0.57397765945297,28.4256212817864,0.265330782069947,1.44613320815475,1.59523024377397,23.3687392092724,0.180703960822192,0.875,1,8
"UMass-AR2","08",0.734229424628212,0.883287419673414,5.8468878402991,0.492303585118671,1.93959723292982,1.56484112152054,8.38706472962533,0.822612608005665,1,1,8
"UMass-AR2","09",0.638303961731947,0.900702724832775,3.76861803550215,0.507598425307844,3.12597255819137,2.36226240063811,4.60495710162927,0.803024708911271,1,1,8
"UMass-AR2","10",0.690052127706463,1.00683052241357,1.66705825082985,0.471934482786473,1.40777801231159,1.23349664954204,2.48804319352169,0.941085779766564,0.875,1,8
"UMass-AR2","11",0.600536307354085,0.809176671636344,1.09120384487082,0.38000793531946,0.750374195473579,0.613843277858565,1.70546965378382,0.660411672546401,0.75,1,8
"UMass-AR2","12",0.662309877764785,0.445240891335096,26.4576370350566,0.234047840647191,1.70675051443651,1.64825564884894,33.7360220493952,0.27822788518574,0.875,1,8
"UMass-AR2","13",0.953978554684757,0.924416262021019,15.2290898927577,0.561469246457982,1.89922984024157,1.4885331837588,24.8990371007618,1.02809655960416,0.625,1,8
"UMass-AR2","15",0.844067813654958,0.788499841506405,3.61547250667189,0.338761066249461,0.896583397094567,0.941915600097779,5.86844121692671,0.560453634173228,0.5,1,8
"UMass-AR2","16",0.727763587656058,0.917460372116013,2.90502138069124,0.456493242463277,1.36910459065112,1.19910416954488,3.79574557951122,0.708163087996941,0.75,1,8
"UMass-AR2","17",0.772955231948767,1.04253052081685,16.2283328094863,0.735301389307889,1.58856804108417,1.88113890520834,24.8491096215009,1.12203146588327,0.625,1,8
"UMass-AR2","18",0.670578488924853,0.834775977936015,9.12391612858909,0.502959815223709,1.96146160601444,1.50499049987435,13.4647250008589,0.869896844760567,0.875,1,8
"UMass-AR2","19",0.696333796818008,0.976381090253149,3.04275013431468,0.525472862872414,1.85279536389101,1.13122176352573,3.92737188586356,0.888374800245656,0.875,1,8
"UMass-AR2","20",0.765728522679823,0.968902424094406,3.55793991766119,0.509167164169973,2.38770298669959,1.67033826486591,5.07638562595174,0.846503698703082,0.875,1,8
"UMass-AR2","21",0.643345942216004,0.692085060614229,6.978133634249,0.454503719131486,1.00374579641712,0.861948227571297,8.33380811632374,0.540832890536207,0.75,1,8
"UMass-AR2","22",0.614377972975268,0.489934175865607,6.11680019825333,0.229151297242611,0.813041165607265,0.741711192945597,5.5927384820227,0.204221130237329,1,1,8
"UMass-AR2","23",0.818979509032381,1.14223743959204,2.24033408668205,0.527678103338476,1.83688818576557,1.42388229809347,3.47922836619171,1.04859848519366,0.75,1,8
"UMass-AR2","24",0.573285193900442,0.716197245555371,5.00967216942337,0.369779385807128,1.59328652001525,1.48100388487101,3.57622245611938,0.237761324482026,1,1,8
"UMass-AR2","25",0.652113557591423,1.00737786067989,9.17669003823543,0.703862837014475,1.60267212091099,1.23009820197543,14.2921999086511,1.36304897007935,0.625,1,8
"UMass-AR2","26",0.715650512473886,0.886087494027722,12.687735166629,0.583886383808209,2.05349736002944,1.51464918157088,19.3683004905102,1.03047850761972,0.75,1,8
"UMass-AR2","27",0.937531620082669,1.05822460843129,8.76462511143294,0.623418762020498,1.52980419411679,1.25233461195377,13.5260168629782,1.17388435592624,0.875,1,8
"UMass-AR2","28",0.637099550320468,0.683430621382091,3.70393134871044,0.347989308232291,1.78175929244806,1.57352875184785,4.72298449274035,0.475296062214217,0.875,1,8
"UMass-AR2","29",0.739397708388352,0.709140515496813,8.8685005883276,0.429130216325712,2.41167165399107,1.75886935126129,11.7399481209934,0.596070735203553,1,1,8
"UMass-AR2","30",0.575312330513274,0.839201425014244,1.39604794983625,0.381137327030215,0.865466896311652,0.90769371265708,1.66375730022038,0.578840027464818,0.875,1,8
"UMass-AR2","31",0.567902210932198,0.93561084361437,1.55291097072259,0.454435216704946,NA,NA,2.18100263955411,0.899108218292021,1,1,8
"UMass-AR2","32",0.736025138980948,0.717358854767352,4.95462310392043,0.232686309759848,0.89850695237505,0.923529796318833,5.84885454275424,0.286481669820888,1,1,8
"UMass-AR2","33",0.723693251355663,0.962635556397251,1.79951957489339,0.460235615359913,1.53384287779347,1.29108721830682,2.35321899387294,0.80111157308942,0.75,1,8
"UMass-AR2","34",0.723299833317033,0.707337066480442,14.3907318248567,0.398898249931467,1.52027931092118,1.34467826538216,22.2462127203477,0.685889844044411,0.875,1,8
"UMass-AR2","35",0.61785579936746,0.903978267511119,2.84501921289777,0.478863227948048,2.0823689589625,1.61615782412057,3.71500339427473,0.80558037224669,1,1,8
"UMass-AR2","36",0.646631788702886,0.842310713111568,21.5289171742019,0.580407767029462,1.76516464099486,1.47917370598071,31.4720909285803,0.740614597122382,0.5,1,8
"UMass-AR2","37",0.60186228317636,0.837352437369396,10.3228688000856,0.549825636726055,3.01123459084992,2.15062038824123,12.0320090936333,0.756511712016683,1,1,8
"UMass-AR2","38",0.855759778746176,0.875299099301416,2.31075292332428,0.344053648452798,1.12911657548795,1.08970734030285,3.53640791927939,0.594595940623427,0.625,1,8
"UMass-AR2","39",0.564295001694024,0.845042406911335,12.2133249013858,0.580782631037653,2.24210647137127,1.70645942295497,8.97662345761474,0.470915621501968,1,1,8
"UMass-AR2","40",0.615035654151923,0.618985895071101,5.40948328016108,0.36388707317698,1.04362352894416,0.888745026152533,5.08290126587754,0.354935990354119,1,1,8
"UMass-AR2","41",0.644864617175093,0.904863946351472,4.53216903105598,0.539299853258971,1.40621754154034,1.138781318166,5.75159176564904,0.813549470381502,0.875,1,8
"UMass-AR2","42",0.755046377666292,0.52338884565559,30.7173795092937,0.201387089967554,1.77911664516319,1.80024783939151,36.50778780286,0.231613116917987,0.875,1,8
"UMass-AR2","44",0.919634238310359,1.11007245856104,2.94174444306648,0.626464361931807,1.17109207012689,1.08697957335125,4.84283807955675,1.13124601918621,0.375,1,8
"UMass-AR2","45",0.932788331030259,1.00710098562287,8.51868079458182,0.597052505601861,3.27940191991428,2.11245728293203,13.2005427243747,1.08211258919316,0.625,1,8
"UMass-AR2","46",0.84685284245123,0.999242484403217,2.01999893085862,0.508188913368751,1.33466823173621,1.20100715154316,2.89049400785784,0.832216830610621,0.5,1,8
"UMass-AR2","47",0.781059041152724,0.663881765789679,10.5777272197907,0.29977977340096,1.74970977475955,1.54606765789642,14.3589202648788,0.430384521090637,1,1,8
"UMass-AR2","48",0.569054676464716,0.454931542217648,24.5020284543154,0.269565381509044,2.26357668176797,2.13059028608063,21.3003765150013,0.207036654712906,1,1,8
"UMass-AR2","49",0.677844973769875,0.80311372572345,2.29500211082196,0.364583884538546,0.898301297134936,0.856285489698266,2.44565299811034,0.381423246375881,1,1,8
"UMass-AR2","50",0.638978174538473,0.924975449882473,0.624189767079486,0.294724113772299,1.76109881743392,1.99223771059091,0.916092280143714,0.574017686708792,0.875,1,8
"UMass-AR2","51",0.803513721705023,0.74678614976777,10.2555645407617,0.437205177189365,3.32500862036926,2.32935927574112,15.0777239490461,0.676139919651636,0.875,1,8
"UMass-AR2","53",0.832674644072497,0.85942443615877,8.24942491798099,0.446472972081935,1.07857339841548,0.966178566395356,11.2724157765127,0.564816191089794,0.625,1,8
"UMass-AR2","54",0.623340156300328,0.817985579845675,2.94998211050633,0.439083993948078,2.58318009972304,1.94729488790616,3.94269123407249,0.678236910418682,0.875,1,8
"UMass-AR2","55",0.818825783579643,1.23730618151202,6.80469741519048,0.773531373075376,3.30799177064236,1.7773919969876,10.5642967089561,1.53051400975157,0.625,1,8
"UMass-AR2","56",1.01679788721833,1.229587299804,3.24343579929121,0.750016466874119,1.0740900026928,1.04948537502734,5.37602482895711,1.29934194260401,0.125,1,8
"UMass-AR2","72",0.8814560505557,0.778386204270884,16.0519046243462,0.259525708540047,0.988718851633354,0.992922446176012,23.6862575011102,0.406502394560623,0.5,1,8
"UMass-flusion","01",0.268295143458032,0.28294413731674,2.4168228041384,0.141055703919297,0.901341984938823,0.919212622858082,3.51364904006812,0.196771487844464,0.625,1,8
"UMass-flusion","02",0.619511965685691,0.859763716003974,0.725566671331757,0.323019675382511,0.849477780293272,0.784411814877269,1.38325916040423,0.625646484899124,0.25,1,8
"UMass-flusion","04",0.374334324324256,0.41891736496136,7.14365276840692,0.2095590594248,0.776166277559649,0.830400308895729,10.8101665787866,0.311937367531574,0.375,0.75,8
"UMass-flusion","05",0.348017006649927,0.794353974456772,2.41720797419074,0.508055327738261,0.886139507208314,0.926646214995028,4.08837281839579,0.831497853918138,0.25,1,8
"UMass-flusion","06",0.204357915385423,0.169394408863359,9.38099478623488,0.0784359258860186,0.848740931973549,0.994572457502888,14.466465195046,0.119888447682997,0.625,1,8
"UMass-flusion","08",0.200824285360705,0.388356505953756,1.57120333599362,0.216298006054626,0.581816166180775,0.665379069075864,2.48934383894544,0.350387964688842,0.75,1,8
"UMass-flusion","09",0.194380989645722,0.500055488496341,1.10741975790394,0.276077781765745,1.22449339841211,1.21227817441034,1.78003334593452,0.407158185577631,0.625,1,8
"UMass-flusion","10",0.283569000937222,0.669638554399381,0.677885463073473,0.313194278901273,0.649589342132508,0.749203178119311,1.13663201914739,0.569657221486093,0.5,1,8
"UMass-flusion","11",0.660779462355662,0.995324047150607,1.19754331578023,0.466889584886687,0.87972810777482,0.78355105911315,1.98791711937811,0.835735626549675,0.25,0.875,8
"UMass-flusion","12",0.245114037146724,0.159406128696645,9.4505264088688,0.0818587833833563,0.78739359800581,0.773713102502834,15.0839349921761,0.127664002822478,0.375,1,8
"UMass-flusion","13",0.253021483006122,0.386761813331118,3.88072992874258,0.228335173626033,0.471851510572571,0.541230352714122,5.92109703288056,0.361239358299412,0.25,1,8
"UMass-flusion","15",0.606536418112025,0.586440048968772,2.56490488848948,0.250078150571665,0.673492424258002,0.746017491047363,4.33186910818815,0.439072222530915,0.625,1,8
"UMass-flusion","16",0.305163634408041,0.599631250409272,1.21245398994863,0.30006153041726,0.73460594901242,0.845162600421235,2.01164284374953,0.499226150094917,0.375,1,8
"UMass-flusion","17",0.584351444054669,0.60333792897456,11.8876507541796,0.421529810877003,0.944129417422386,0.925513843480174,14.4741216105347,0.55252424972039,0.25,0.75,8
"UMass-flusion","18",0.289842677441452,0.558670473564365,3.87677584595831,0.335545868095821,0.991352094872528,0.995135663817085,6.65936061258992,0.569095416330696,0.25,1,8
"UMass-flusion","19",0.247216959624226,0.697882161743398,1.07034599971131,0.37737498776139,0.9259450954475,0.888026420712013,1.95783317063432,0.713299544729171,0.625,1,8
"UMass-flusion","20",0.170892672365977,0.416967937101918,0.748362364209907,0.211899703797217,0.543185801168396,0.595505062942142,1.05591160292313,0.28282520420362,0.75,1,8
"UMass-flusion","21",0.59415939843104,0.735794807824623,6.42661447152302,0.479683639155706,1.08811964129626,1.0643420712275,9.002848258744,0.656132585434129,0,0.625,8
"UMass-flusion","22",0.515072738020555,0.448706592004359,5.03161961742764,0.207806442530271,1.18354170117328,1.19933410716541,7.83074866707783,0.319488323026114,0.125,0.875,8
"UMass-flusion","23",0.272690585813511,0.701696759259907,0.73484209330657,0.322612432096535,0.602243138553855,0.737181686547966,1.13399786687623,0.543647103876557,0.625,1,8
"UMass-flusion","24",0.276790665876469,0.420574262320143,2.37927511367637,0.217499870576172,1.98790544329699,2.33382857052583,4.23126017006993,0.357182066784829,0.75,1,8
"UMass-flusion","25",0.413614426177337,1.04113069287889,5.71639262666406,0.728205715499554,1.10826889523266,1.06252998310395,9.6448199508548,1.1659728117868,0.125,0.75,8
"UMass-flusion","26",0.275142269316304,0.577106190655801,4.86600864313835,0.385441074203773,0.894298964540648,0.930012293004093,8.38072065332556,0.63546738085761,0.375,1,8
"UMass-flusion","27",0.272598868010474,0.559007099306132,2.5259618088124,0.33318103214892,0.471981452242348,0.607581001352086,4.12108608866541,0.572258705278453,0.375,1,8
"UMass-flusion","28",0.41571225762334,0.495630757511357,2.40319229177193,0.254309014863838,1.46935213077643,1.36167693615723,3.81322589367231,0.405944009512412,0.5,1,8
"UMass-flusion","29",0.253181407035552,0.382314325267255,2.86294208440618,0.225522822601373,0.989099920198554,0.991992539086441,4.44907476505877,0.318223690340558,0.375,1,8
"UMass-flusion","30",0.49408535635309,0.852112260617562,1.25249014272162,0.398465939157534,1.02120621097021,1.02673863399002,2.07317696970265,0.681562252036361,0.375,1,8
"UMass-flusion","31",0.48471100417583,1.14270731749544,1.33608705696422,0.552115251999722,NA,NA,2.27282629733323,1.03579266403467,0.375,0.875,8
"UMass-flusion","32",0.417928278165381,0.42502047096857,2.78552904147074,0.137251112869951,0.620915025827118,0.673779822647039,4.07666373513375,0.210979269584842,0.5,1,8
"UMass-flusion","33",0.345759810089409,0.73182172455278,0.843442030115422,0.346983103936668,0.992285776464374,1.04821168825375,1.50764673234218,0.646146990051899,0.375,1,8
"UMass-flusion","34",0.266134023781494,0.354152790371571,5.1518504666857,0.195971720453599,0.607723829459966,0.669084383205559,8.64475908916237,0.334480974267251,0,1,8
"UMass-flusion","35",0.341421049248878,0.686583402639411,1.53611084212112,0.362295878047014,1.42021627422478,1.25899122463923,2.44116028137507,0.61316133909153,0.375,1,8
"UMass-flusion","36",0.204188313071791,0.297393851255436,6.3976948488489,0.201553652338228,0.692455591704357,0.738384833912162,11.2941788812297,0.352256491629381,0.25,1,8
"UMass-flusion","37",0.104473694032327,0.264161339263935,1.7505127335277,0.172716014878896,0.695981139941441,0.748178746079887,2.67410910295014,0.255931874947839,0.875,1,8
"UMass-flusion","38",0.503571231339549,0.61642628431019,1.32009358076602,0.23574717539993,0.66826189363778,0.668427228085648,2.00854838483266,0.349501770572386,0.5,1,8
"UMass-flusion","39",0.101182338220083,0.249124344708335,2.13013228050357,0.170637455236135,0.775592627196884,0.767674221059017,2.81882056254991,0.1953694136871,0.75,1,8
"UMass-flusion","40",0.555764773220218,0.790850781654575,4.82841687375617,0.460442800477022,1.4974304251243,1.71763330132119,7.18401944599261,0.669014557363211,0.125,0.75,8
"UMass-flusion","41",0.319432727170796,0.72071022205835,2.2086267397321,0.425475709194703,0.987629481395418,1.03781982674696,3.91254745184582,0.73171054407972,0.375,0.875,8
"UMass-flusion","42",0.605482084358324,0.441249579236582,24.0965739992873,0.168313024632303,1.84327178718286,2.07221515799609,37.5503689750731,0.267385479874878,0.125,0.75,8
"UMass-flusion","44",0.371568080181891,0.718250173389696,1.1727873565151,0.402853125005582,0.445603233737488,0.642949906954438,1.827389755674,0.668528132690201,0.625,0.875,8
"UMass-flusion","45",0.1768158532495,0.39340159618501,1.56502946197629,0.230339368034266,0.627657258940611,0.718410929979521,2.43439437985854,0.361396083074009,0.5,1,8
"UMass-flusion","46",0.468407497017238,0.774173173049956,1.07930347498558,0.386266933882485,0.794772527103211,0.859948168448147,1.65766116106137,0.582401512280622,0.375,0.875,8
"UMass-flusion","47",0.167367690397641,0.183179496816573,2.19586339983383,0.0808873533238283,0.317423162790629,0.358384572963403,2.47037531188943,0.0953483989919475,0.75,1,8
"UMass-flusion","48",0.132702335801294,0.103506010785147,5.58762447968225,0.0602970010742161,0.762328175941045,0.764508866436288,6.88047896500333,0.0712931654797933,0.75,1,8
"UMass-flusion","49",0.571311594732768,0.880162761334143,1.93460848964085,0.40761710994902,1.19084619771359,1.49558272610966,3.36758652367033,0.711479003702313,0.375,1,8
"UMass-flusion","50",0.405815276647748,0.663950413545754,0.378709669801892,0.203365360620013,1.03689198058678,1.06315236190146,0.518449580432153,0.292116986071834,0.75,0.75,8
"UMass-flusion","51",0.180771004851437,0.264323483717913,2.32023942851178,0.156904044758912,0.861247763544506,0.879326097361127,3.9125083263359,0.258269523619344,0.375,1,8
"UMass-flusion","53",0.42553237807514,0.533754040620352,4.17001945352216,0.274912236694788,0.714202080510506,0.80479265078668,7.05397107486835,0.453017982000871,0.375,1,8
"UMass-flusion","54",0.204868676428515,0.411981084013535,0.944013366634626,0.218395484384464,0.972026637487665,0.916477354693281,1.44668293583378,0.314200940368849,0.625,1,8
"UMass-flusion","55",0.123474345711904,0.529487162853202,1.0003741801104,0.332405899506096,0.460102405228335,0.640348924514539,1.44791746179039,0.566764925839376,0.875,1,8
"UMass-flusion","56",0.461270265960058,0.826727775637224,1.47093621986795,0.506401402752684,0.477066422307945,0.660396209262737,2.38805650753542,0.81998425060723,0.125,0.75,8
"UMass-flusion","72",0.599035684292014,0.61301837740051,10.9071278840868,0.204620159128278,0.686591289363898,0.754069651259682,16.4099062552943,0.308236052093985,0.625,0.875,8
"UMass-trends_ensemble","01",0.287957920920945,0.315201451618178,2.60035326086957,0.158644444120669,0.9455030293037,0.983127922350451,3.75,0.214499164790222,0.5,0.875,8
"UMass-trends_ensemble","02",0.832669302999543,1.18782556318742,0.97883152173913,0.446449243706318,1,1,1.625,0.794513457586986,0.375,1,8
"UMass-trends_ensemble","04",0.399958441509144,0.426578045477723,7.63127717391304,0.212424247700187,0.886141239318536,0.920952474041033,12.5,0.349460125978353,0.375,1,8
"UMass-trends_ensemble","05",0.608250160546562,1.32020308853335,4.24336956521739,0.847738721008834,1.01182078473159,1.00657723267989,4.6875,0.903907183705814,0,0,8
"UMass-trends_ensemble","06",0.238140778373696,0.192437177099375,11.0538043478261,0.090609880383873,1.00144681872511,1.15828550806987,16.875,0.138008024625527,0.5,1,8
"UMass-trends_ensemble","08",0.229867442870741,0.510462446641027,1.77225543478261,0.279782118403338,0.349845083316847,0.401578133823632,1.5,0.21041347012507,0.875,1,8
"UMass-trends_ensemble","09",0.131677760797107,0.501048553124036,0.760326086956522,0.282862548725503,0.782485265166768,1.09877773039786,1.125,0.374466534194249,0.875,1,8
"UMass-trends_ensemble","10",0.32320079950562,0.705004373037569,0.770516304347826,0.328045990452649,0.895696248266031,0.914357953743073,1.5625,0.690182614732781,0.75,1,8
"UMass-trends_ensemble","11",1.0208200125219,1.64635991089858,1.82733695652174,0.762260297025926,1,1,2.25,1.059546399612,0.125,0.375,8
"UMass-trends_ensemble","12",0.460635702433224,0.332129929922813,17.7735597826087,0.171234664547825,1.46188468245782,1.58164290979162,28.0625,0.262070613961111,0.25,0.875,8
"UMass-trends_ensemble","13",0.443364886892348,0.631260750563962,7.09535326086957,0.387570211239984,0.898375942000564,0.915606762633032,11.75,0.634048965231566,0.125,0.875,8
"UMass-trends_ensemble","15",0.98389879688294,0.954516124434346,4.23201086956522,0.408271555081754,0.994956762863893,0.981908340643234,6.625,0.592668890835318,0.625,1,8
"UMass-trends_ensemble","16",0.531660369547667,0.952482948689161,2.1385597826087,0.479180906240504,1.02257964975031,1.03116369546426,2.8125,0.611049738511311,0.375,0.625,8
"UMass-trends_ensemble","17",0.604845379521901,0.894012669883293,12.3629619565217,0.625602083001374,1.06634509827856,1.15782374295496,16.25,0.682005495279195,0.75,0.75,8
"UMass-trends_ensemble","18",0.255451948908631,0.536001210047694,3.41551630434783,0.321477259403714,0.828722766626821,0.867749241467393,5.5625,0.495202251430225,0.125,0.625,8
"UMass-trends_ensemble","19",0.2712804852971,0.754097549916882,1.18073369565217,0.412095853796889,0.871892619234232,0.918940268518779,1.875,0.756584653909496,0.75,1,8
"UMass-trends_ensemble","20",0.313677512956195,0.751575991829843,1.39125,0.384370327336753,1.23654813042052,1.38576806567683,2.4375,0.658739736503292,0.25,1,8
"UMass-trends_ensemble","21",0.680581151901474,1.09172405238512,7.38779891304348,0.715986848685172,1.43731814090726,1.73409021242771,11.9375,1.08167863300846,0.125,0.75,8
"UMass-trends_ensemble","22",0.43775290712323,0.410988423636884,4.32934782608696,0.193834474857676,1.15206130641134,1.19904164699401,7.8125,0.328627189974315,0.125,1,8
"UMass-trends_ensemble","23",0.344114470404765,0.721383183464746,0.92429347826087,0.328025260358224,0.73707549020948,0.776789718588442,1.375,0.564029023791103,0.875,1,8
"UMass-trends_ensemble","24",0.227781864499058,0.297942925645989,1.95595108695652,0.153934294674521,1.09347517779674,1.09065770127474,2.3125,0.165560360929599,0.875,1,8
"UMass-trends_ensemble","25",0.210466686314733,0.593638198245881,2.90125,0.414327504134087,0.643212204319331,0.749166916914202,5.625,0.822721598683957,0.375,1,8
"UMass-trends_ensemble","26",0.181216655516851,0.409869659349615,3.19274456521739,0.273136705298741,0.606069395840886,0.702026788543483,5.6875,0.480951657701805,0.5,1,8
"UMass-trends_ensemble","27",0.462453924299511,0.744935130407284,4.27040760869565,0.436834905118438,0.862522573942605,0.88307683459813,7.5625,0.822326877239984,0.5,1,8
"UMass-trends_ensemble","28",0.395354658781654,0.619065252505433,2.24899456521739,0.314323076535908,1.14683978043211,1.24742712742237,2.9375,0.365717487716745,1,1,8
"UMass-trends_ensemble","29",0.283598426701175,0.470422067571905,3.2170652173913,0.279047261743577,1.20705313853564,1.30639822809122,5.4375,0.420570075442875,0.5,1,8
"UMass-trends_ensemble","30",0.465063881802948,0.81327811169345,1.1433152173913,0.373953198187169,0.956168166448525,0.94693854452279,1.9375,0.627325432968179,0.875,1,8
"UMass-trends_ensemble","31",0.346090078369785,0.709174439315918,0.99375,0.352787502440272,NA,NA,1.4375,0.634396726904228,0.875,1,8
"UMass-trends_ensemble","32",0.640792073566839,0.613546257507164,4.2858152173913,0.19874736428571,0.890085423811836,0.89365127187502,5.875,0.279421489302724,0.875,1,8
"UMass-trends_ensemble","33",0.384828699405028,0.803412390315317,0.935461956521739,0.380155194775165,1,1,1.5,0.611606532304984,0.5,1,8
"UMass-trends_ensemble","34",0.484745825851686,0.608493753512502,9.50239130434783,0.338213573196454,0.863695246782043,0.87228852821752,12.4375,0.438429825820173,0,0.375,8
"UMass-trends_ensemble","35",0.233121243675151,0.566605920193901,1.04032608695652,0.295274238397409,0.744326298052605,0.771033301871512,1.25,0.368976629952394,1,1,8
"UMass-trends_ensemble","36",0.240636261983589,0.371445545601516,7.60788043478261,0.253689416384904,0.705649622683894,0.738133713868629,11.75,0.359689358562709,0.5,1,8
"UMass-trends_ensemble","37",0.136079270530666,0.308368024813242,2.27380434782609,0.199928118249124,0.921773411537086,0.919688188218441,3.5625,0.314040938496134,0.875,1,8
"UMass-trends_ensemble","38",0.658346364123156,0.777316309644331,1.7766847826087,0.306080910407892,0.984067651656852,0.987318736986191,3.0625,0.536320113416859,0.375,0.875,8
"UMass-trends_ensemble","39",0.148857528817753,0.426845217781273,3.08709239130435,0.28933745434277,1.36101524944041,1.50821882545226,4.8125,0.371958754792725,0.5,1,8
"UMass-trends_ensemble","40",0.395705154574503,0.45850937242142,3.49149456521739,0.272813419042119,0.947034884801022,0.936781852116384,4.625,0.374194499266424,0.25,0.375,8
"UMass-trends_ensemble","41",0.397103686232505,0.902733555688965,2.78372282608696,0.536447401212733,0.979800756970606,0.98505688011105,3.9375,0.699300034678129,0.375,0.625,8
"UMass-trends_ensemble","42",0.620818440207755,0.489007815673695,24.8341847826087,0.188333423444535,1.82837664885866,2.12410734751075,37.3125,0.275748780280918,0.375,0.75,8
"UMass-trends_ensemble","44",0.898137365183922,1.27335989175067,2.86396739130435,0.71991626406245,1.08071190526193,1.05678415520895,4.4375,1.09839334703826,0.125,0.75,8
"UMass-trends_ensemble","45",0.281997631667393,0.545727144440434,2.53872282608696,0.323273717263214,0.995670703373108,0.993486418305434,4,0.51169023193383,0.375,1,8
"UMass-trends_ensemble","46",0.595916142681359,0.917937785719419,1.39551630434783,0.463406134679028,1.05782557656107,1.07291175146024,2.25,0.737344393625464,0.75,0.75,8
"UMass-trends_ensemble","47",0.282033729911845,0.285642687986938,3.7470652173913,0.127468206285252,0.713559301165434,0.752229608894275,5.75,0.206618701290075,0.75,1,8
"UMass-trends_ensemble","48",0.182258595681792,0.144888423458595,7.79692934782609,0.0862646216356438,1.2649059466836,1.32470799254466,11.75,0.127891642907902,0.625,0.875,8
"UMass-trends_ensemble","49",0.632301455239646,0.904650771343808,2.13228260869565,0.418691007848575,1.20956253775779,1.40990925810387,3.375,0.657186921503473,0.375,0.875,8
"UMass-trends_ensemble","50",0.440317957339193,0.724954803154623,0.414103260869565,0.223451776042332,1,1,0.5,0.274653072167027,0.75,0.875,8
"UMass-trends_ensemble","51",0.265005930302278,0.345786546432307,3.34635869565217,0.201417266650894,1.26814146959657,1.18351717024307,5.6875,0.34190400855304,0.625,1,8
"UMass-trends_ensemble","53",0.619914230784718,0.750277615729212,6.17407608695652,0.389519009892778,0.86295792340569,0.90130180711594,8.625,0.510380809297351,0.25,0.5,8
"UMass-trends_ensemble","54",0.255975823329508,0.697708486777808,1.19902173913043,0.376563673231957,1.24851430079028,1.52377327184598,1.9375,0.553800027369762,0.625,1,8
"UMass-trends_ensemble","55",0.154932829178246,0.607553666110532,1.24461956521739,0.374559334834711,0.56226860090811,0.760731225649015,1.75,0.656515998009833,1,1,8
"UMass-trends_ensemble","56",1.17749812736476,1.46506662821659,3.76103260869565,0.892747082391565,1.22329683297685,1.10973736767244,6.125,1.37127874297363,0,0.875,8
"UMass-trends_ensemble","72",0.882221861375896,0.80182576065429,16.0723369565217,0.267538934768046,1.02017490868973,1.01383828049784,24.5,0.415971245774439,0.5,0.875,8
"UNC_IDD-InfluPaint","01",0.675826605091026,1.19400407099163,6.08229650839786,0.595401147244849,2.90682186785469,4.9289940994218,11.2666805381693,1.05988285990417,0.5,1,8
"UNC_IDD-InfluPaint","02",1.06768071991094,1.05300229594813,1.23775368470548,0.39428031913997,0.752947435127186,0.683009180481634,1.22541268254167,0.548341084288876,0.625,0.625,8
"UNC_IDD-InfluPaint","04",0.527488075604747,0.786161565470087,9.58632134596283,0.387531489945846,1.1205310531605,1.74616585278692,15.0679927384747,0.657512813487697,0.625,1,8
"UNC_IDD-InfluPaint","05",0.26729066635053,0.586814926500185,1.7514032483404,0.349138710703489,0.595083538821067,0.691762141757948,2.54912735476728,0.57206678744916,0.875,1,8
"UNC_IDD-InfluPaint","06",1.09983375571295,2.12929911845959,53.1667904607385,1.08733199211286,4.1218087396185,12.3576178407174,68.6633914987985,1.53442924428782,0.25,0.625,8
"UNC_IDD-InfluPaint","08",0.47848846352397,0.618766151283141,3.63406989155103,0.33351783368007,0.920807550305324,0.827279312867864,3.7308195786311,0.407837506875135,1,1,8
"UNC_IDD-InfluPaint","09",0.248153185878123,0.503471479858479,1.41229316885961,0.279334685429707,0.638139525572836,0.745739247089073,0.889695917224344,0.242893986975319,1,1,8
"UNC_IDD-InfluPaint","10",0.601389102677565,0.949691710479562,1.43755955950041,0.444734117236882,0.938777002904057,0.969370035339324,1.66599494942625,0.744133795325137,0.625,0.625,8
"UNC_IDD-InfluPaint","11",0.832287478087655,0.7286689014672,1.48655601045469,0.345094031715234,0.662087428213171,0.431179196330665,1.50222771887502,0.474013774795365,0.875,0.875,8
"UNC_IDD-InfluPaint","12",1.50984977260216,2.29144000256039,60.8897725662555,1.28035571308152,4.27221196619547,10.3749152375527,84.2032536809961,1.84162555876716,0,0.5,8
"UNC_IDD-InfluPaint","13",0.360945240642084,0.757776711632712,5.53539248587766,0.454069566768058,0.750596011164547,1.17244260405676,9.49234410439158,0.798730886978662,0.875,1,8
"UNC_IDD-InfluPaint","15",0.594179489027863,0.819824549877242,2.48513083000024,0.34896051999792,0.565556758376488,0.853918494430187,3.60199452759207,0.503428182090866,0.875,1,8
"UNC_IDD-InfluPaint","16",0.428912340205192,0.663848366935497,1.67727613464081,0.327411680551836,0.608677320091183,0.71745665822217,1.65156843395516,0.421061213462417,0.875,1,8
"UNC_IDD-InfluPaint","17",0.685326755547508,1.16479399141327,14.0148329999845,0.825210835138336,1.4294858284508,2.37847886399919,21.9738248763535,1.43182785094699,0,0.75,8
"UNC_IDD-InfluPaint","18",0.202647603847314,0.655617692540208,2.65878256681565,0.38889983098636,0.677179410400356,1.15385127354152,4.48808810747528,0.655111238915703,0.75,1,8
"UNC_IDD-InfluPaint","19",0.370406322283442,0.789125915484735,1.59998184415579,0.42295374856366,0.811277109030502,0.721056712252826,1.69977691998088,0.56716573876137,0.75,0.75,8
"UNC_IDD-InfluPaint","20",0.266442450774292,0.522855995084505,1.17044280804904,0.266663562725788,0.433313916668747,0.476335677767324,0.83621901637116,0.225111208262667,1,1,8
"UNC_IDD-InfluPaint","21",0.587032898278115,0.944318127492041,6.36074001621321,0.615841640377999,1.51272827161642,1.84594804316669,12.5390345512201,1.14552535225647,0.25,1,8
"UNC_IDD-InfluPaint","22",0.965160389389079,1.26135969901865,9.69346691871644,0.619751480506283,1.82197558527579,3.13111409548384,12.6489519779084,0.91698033758909,0.625,0.75,8
"UNC_IDD-InfluPaint","23",0.751960265893727,1.03872184134472,1.98874957860651,0.472511113901039,1.18184788363037,1.0627498943178,2.1766160103773,0.771790252265456,0.625,0.625,8
"UNC_IDD-InfluPaint","24",0.556732276409192,1.1710209090526,4.77606416910784,0.603110058010488,4.29731050861047,7.35107300457682,9.12383417038382,1.12332710507173,0.125,1,8
"UNC_IDD-InfluPaint","25",0.258889318174501,0.61661311990947,3.4722941737245,0.419304775998325,0.637274654559779,0.614378777481288,5.37659991985925,0.649900827722145,0.625,0.875,8
"UNC_IDD-InfluPaint","26",0.202804952162086,0.613497623628966,3.44138563432808,0.394020592192409,0.607736539356617,0.915174850632611,5.48422129792175,0.607195863727143,0.625,1,8
"UNC_IDD-InfluPaint","27",0.234227299405215,0.51163052593737,2.1017128016755,0.292302140531456,0.158629103743346,0.235777311453661,1.33683122599518,0.21272803253283,1,1,8
"UNC_IDD-InfluPaint","28",0.417172528986006,0.743312685662735,2.33782539259411,0.368851308574125,1.36135310087818,1.91739985822833,3.40000361129114,0.550755724426375,0.75,1,8
"UNC_IDD-InfluPaint","29",0.506287777464906,1.15065538356751,5.79299456786795,0.687455565634051,2.37989413961979,3.89364488356877,10.8362099873311,1.27112973834711,0,1,8
"UNC_IDD-InfluPaint","30",0.788759512868694,1.02172655992963,1.87294533679948,0.46108974810215,1.42302993935626,1.27628519469144,2.71251461473503,0.815020521825119,0.375,0.75,8
"UNC_IDD-InfluPaint","31",0.953287374759325,1.59826359819662,2.52609261159779,0.764250652256002,NA,NA,3.58468437561783,1.38894462880662,0.125,0.125,8
"UNC_IDD-InfluPaint","32",0.965136707557535,1.60079340320101,6.46152229195463,0.531632337011861,1.4557127424095,2.62261627405963,9.71676187700086,0.855446808780109,0.625,1,8
"UNC_IDD-InfluPaint","33",0.671635197936836,0.943800596017581,1.63375003009949,0.447375799513522,1.11866529608757,1.07446916101616,1.67826173337221,0.658345898081193,0.625,0.625,8
"UNC_IDD-InfluPaint","34",0.389963625046157,0.948718574049162,7.6713462294008,0.54965053008016,0.857530764584736,1.7794638284936,12.4727971639247,0.936503420460331,0.625,1,8
"UNC_IDD-InfluPaint","35",0.50874864984568,0.709904689132125,2.23586526932699,0.367711376071445,1.33240816558919,1.10238495738875,2.2179820817571,0.524124665791241,0.75,1,8
"UNC_IDD-InfluPaint","36",0.289658612256564,0.884097092759311,9.37432061264509,0.639461469373906,0.857674437818019,1.93195203934676,14.3930119805061,0.994719706989842,0.625,1,8
"UNC_IDD-InfluPaint","37",0.266086577210453,0.588463231334054,4.40777202037895,0.382029474368628,1.4225267500088,1.52028671666639,5.50912645905919,0.529373452725308,0.875,1,8
"UNC_IDD-InfluPaint","38",0.71573761799604,0.804032137399741,1.88891213139887,0.310011412630554,0.502402208290131,0.496733328460303,1.53751249441666,0.261636958926318,0.875,1,8
"UNC_IDD-InfluPaint","39",0.235814011321531,0.818381798390228,4.90033228300121,0.554552181280854,2.65003787410963,4.08709577643364,9.43459203386828,1.01872381083825,0.25,1,8
"UNC_IDD-InfluPaint","40",0.604131990787797,0.924940851405351,5.2176181719528,0.542090857710429,1.89723250211478,2.45940066019591,9.13230941513143,0.973719550150306,0.375,1,8
"UNC_IDD-InfluPaint","41",0.672544926903457,0.995354749253753,4.60435462855607,0.587404139382635,1.88359045176794,1.47189688203747,7.38256934523611,1.03487451385258,0.375,1,8
"UNC_IDD-InfluPaint","42",2.16923647819102,3.50757659624962,90.1597518831678,1.44789541103269,5.49143640678974,14.3688753143712,114.003582713345,1.96798581502807,0,0.375,8
"UNC_IDD-InfluPaint","44",0.542702784825463,0.767789568916855,1.69526934949896,0.427120785617216,0.385996085021482,0.59537749077958,1.59385687191684,0.621590141304223,0.75,0.75,8
"UNC_IDD-InfluPaint","45",0.264925501679942,0.593539448125549,2.31992641891845,0.346100000956359,0.616652084922533,0.778342335239066,2.42512728466863,0.397829640320296,0.75,1,8
"UNC_IDD-InfluPaint","46",0.653081428014516,0.809617736743176,1.52718275322965,0.407197046348855,0.793797484065752,0.856937211991192,1.65749728800665,0.580509791271475,0.75,0.75,8
"UNC_IDD-InfluPaint","47",0.782888844061775,1.78461417025778,10.4826881447231,0.810499636746048,2.25048666745748,5.02324114169278,17.8712004602969,1.38192340782634,0.25,0.875,8
"UNC_IDD-InfluPaint","48",0.996022109351062,1.76422257951848,43.6361745729509,1.10737293248048,6.49825821686637,16.0082603546106,60.1252900477434,1.60486807579293,0.125,0.625,8
"UNC_IDD-InfluPaint","49",0.623922092037704,0.797554901216495,2.08227005121067,0.360336206648468,1.11619701952858,1.20539781085817,3.09321543959027,0.550869955201771,0.75,1,8
"UNC_IDD-InfluPaint","50",1.73287911075418,1.81719182524749,1.67572120786501,0.578839987302915,3.84507289460567,3.32766937279742,2.02153157038742,0.964795836257507,0.25,0.25,8
"UNC_IDD-InfluPaint","51",0.446229718554736,1.07650187189415,5.69312564154581,0.630348132729463,2.30384697123041,3.89719680695768,10.410689696143,1.13418723031495,0.5,1,8
"UNC_IDD-InfluPaint","53",0.397378531763345,0.930565066834452,3.95492115255999,0.492488096207025,0.572466153261748,1.35883140453955,5.90698962257943,0.802449675313445,0.375,1,8
"UNC_IDD-InfluPaint","54",0.348496720805969,0.582493153651069,1.60678415121802,0.308994909743982,1.1168011853736,1.06011057914714,1.66503430571674,0.365421919783871,1,1,8
"UNC_IDD-InfluPaint","55",0.267474154966698,0.72040732634601,2.14267189004247,0.453300469920945,0.750072135089051,0.794761608367941,2.3052395687323,0.688807286584729,0.625,0.625,8
"UNC_IDD-InfluPaint","56",0.46067786310889,0.688505761231692,1.46897488789689,0.419718875838652,0.349192834931975,0.526881299171634,1.77999599551254,0.662915119592902,0.75,0.75,8
"UVAFluX-Ensemble","01",1.25016174298205,0.883877672834374,11.1460869565217,0.431911494677922,4.81210503350104,3.29179860158209,18.625,0.69411078745182,0.25,0.875,8
"UVAFluX-Ensemble","02",0.62736443269549,0.854713011525518,0.730869565217391,0.318768623165311,0.784846256219785,0.750976118339584,1.25,0.585266403390527,1,1,8
"UVAFluX-Ensemble","04",0.893740088272575,0.739746362627471,17.5488586956522,0.373456943043577,1.93412559430895,1.54197310296224,28.75,0.603657924133641,0.625,1,8
"UVAFluX-Ensemble","05",1.08935821199003,1.39752255682655,8.24923913043478,0.918271462675012,2.50724328121926,1.47236078469483,13.125,1.37787001375732,0.375,0.75,8
"UVAFluX-Ensemble","06",0.87642827640531,0.524130643530607,40.0663043478261,0.238700891169969,4.07393116173353,3.43159562996364,66.5,0.388868800412638,0.625,1,8
"UVAFluX-Ensemble","08",0.558284528586885,0.725915813282111,4.38429347826087,0.404039609581793,1.37333300178498,1.27066900597178,6,0.677137487817188,0.75,1,8
"UVAFluX-Ensemble","09",1.02117391758421,1.24095708648413,6.06516304347826,0.711076334805671,5.83292784882323,3.62358771476028,8.75,1.23408080587669,0.625,1,8
"UVAFluX-Ensemble","10",1.33342796863224,1.96511914448989,3.21635869565217,0.918923348227205,2.75826810349452,1.75306721156239,4.875,1.33067811215819,0.125,0.625,8
"UVAFluX-Ensemble","11",0.665984737167841,0.830085378161697,1.20766304347826,0.395434248657876,0.695754240598336,0.54393322153345,1.625,0.603539217162788,0.75,1,8
"UVAFluX-Ensemble","12",0.521663141040612,0.291880798376935,21.4136413043478,0.159757743815983,1.66446745233196,1.44899729228652,34.25,0.256678088855943,0.5,1,8
"UVAFluX-Ensemble","13",0.978228601327258,1.00801788304337,17.0082065217391,0.644142008070067,1.89691030884556,1.32105513301426,27.625,0.968078988665546,0.375,1,8
"UVAFluX-Ensemble","15",1.05365006806262,0.985634921295103,4.68695652173913,0.439887413887331,1.00759574601861,0.99113680865531,6.75,0.600546832496861,0.375,0.625,8
"UVAFluX-Ensemble","16",1.41115990963368,1.34912004002073,5.66255434782609,0.674658905059275,3.81890126685902,2.24602351172726,10.5,1.31686866011761,0.25,1,8
"UVAFluX-Ensemble","17",0.894700020786345,0.853414340780289,19.6786956521739,0.631467572953486,1.99795806105034,1.59243851997091,33.25,1.00627889677302,0.25,1,8
"UVAFluX-Ensemble","18",0.676843380337765,0.914438593742068,9.55798913043478,0.563582889280115,1.96250896673941,1.40054430960409,15,0.863849479622787,0.625,1,8
"UVAFluX-Ensemble","19",0.440136290435017,0.87704408583505,1.92032608695652,0.47420965771915,0.893877020295927,0.837695580647203,1.875,0.663285692024652,0.75,1,8
"UVAFluX-Ensemble","20",0.872981306711353,1.04109814139605,4.06913043478261,0.558768381197225,3.10979469765724,1.91709823832067,6.625,0.971930478627134,0.625,1,8
"UVAFluX-Ensemble","21",0.942290314120229,0.929981359212802,10.8489130434783,0.608292004506688,2.2676911559626,1.69364292546831,20,1.07263708031481,0.75,1,8
"UVAFluX-Ensemble","22",1.10999495926957,0.623021946186362,11.2860326086957,0.292839523662991,2.50615249751504,1.58499542935099,18,0.444856101295303,0.5,0.875,8
"UVAFluX-Ensemble","23",2.17096394796889,2.7091781559679,5.98076086956522,1.26459909963158,4.48017385134581,2.20693825667104,8.5,1.62444118827844,0.125,0.5,8
"UVAFluX-Ensemble","24",1.09048957430051,0.879464347580849,9.53472826086957,0.458269507224343,7.25461746190712,4.78764111621015,15.625,0.734633767617659,0.25,0.875,8
"UVAFluX-Ensemble","25",1.283774209684,1.77711547914606,19.964402173913,1.34842982359622,2.49842653929608,1.40305958856646,24.875,1.62457639651228,0.375,0.5,8
"UVAFluX-Ensemble","26",1.1384403039107,1.41717337149455,21.5326630434783,0.975309634554122,3.13722259420418,1.87642238427241,31.5,1.31162723109797,0,0.5,8
"UVAFluX-Ensemble","27",1.2156883934705,1.55614378352066,11.7563043478261,0.958548830751632,2.08258015029166,1.49801658888798,18.75,1.4176151093934,0.25,0.75,8
"UVAFluX-Ensemble","28",0.760341122538351,0.730935671744598,4.47815217391304,0.376556134480833,2.67849937737137,1.97586119587118,7.125,0.595138123451106,0.375,0.875,8
"UVAFluX-Ensemble","29",1.86472414605391,1.30487559024328,25.7873369565217,0.847334216084695,5.84576601621522,2.74245180156203,32.25,0.973096228687252,0.5,0.625,8
"UVAFluX-Ensemble","30",0.745751152265423,1.11420887307212,1.78201086956522,0.49985796931642,1.37453476465554,1.20813882087798,2.625,0.765624492466563,0.625,0.875,8
"UVAFluX-Ensemble","31",0.818515502275859,1.74219149134207,2.19945652173913,0.838640031921852,NA,NA,3.375,1.30278516824391,0.375,0.75,8
"UVAFluX-Ensemble","32",0.933772752803668,0.786667216165265,6.26864130434783,0.252582818714356,1.66069195862747,1.3242220993438,11,0.410724989723859,0.75,1,8
"UVAFluX-Ensemble","33",0.970303495253191,1.33599470530349,2.37385869565217,0.630355099974325,2.62496642777359,1.7303492998174,4,1.06409235513336,0.375,0.875,8
"UVAFluX-Ensemble","34",1.17129774213995,1.0432276864079,24.3190760869565,0.603983452111515,2.67582990251656,1.89827324394821,40.75,0.985496370564907,0,0.875,8
"UVAFluX-Ensemble","35",0.887448042292488,1.2199190376034,4.19369565217391,0.662245648185304,3.81494601114664,2.21425905212387,7,1.11380297023201,0.375,0.875,8
"UVAFluX-Ensemble","36",0.621939347249703,0.636186942428723,20.6229347826087,0.44727641709565,1.98811548752305,1.52696170919099,35.125,0.76658258122,0.625,1,8
"UVAFluX-Ensemble","37",0.872644777495037,1.11191907607722,15.6914130434783,0.759938752107849,5.93997163643121,3.26661741671865,24.5,1.1616243812623,0.125,0.75,8
"UVAFluX-Ensemble","38",1.43691157470064,1.36681434686575,4.26288043478261,0.579757425374445,1.74688078406955,1.35364391834858,5.875,0.768883634702213,0.5,0.625,8
"UVAFluX-Ensemble","39",0.275959505910894,0.532534465905148,5.93891304347826,0.367014716844857,2.04897854142961,1.77705924639728,7.75,0.463847904727343,1,1,8
"UVAFluX-Ensemble","40",1.07390037878372,0.735080271534097,9.87021739130435,0.444798314233359,3.20871830092922,1.78693340639628,16.625,0.728335016655219,0.625,1,8
"UVAFluX-Ensemble","41",0.908938983235868,1.33797700956969,6.32630434782609,0.792488389709452,2.14664521190537,1.6192008115596,8.625,1.15297029903848,0.5,0.5,8
"UVAFluX-Ensemble","42",0.478810996351902,0.317312828312879,19.2020652173913,0.121129408658933,1.19280895991034,1.1865913671583,24.625,0.154076478430072,0.5,0.875,8
"UVAFluX-Ensemble","44",1.14280146923189,1.5079517358567,3.69684782608696,0.863551139987913,1.35520824940295,1.19096214492259,5.625,1.24729580343349,0.375,0.5,8
"UVAFluX-Ensemble","45",1.22484715643748,1.33113884544026,12.1046195652174,0.829380098287573,3.76597417645962,2.05549698238969,16.75,1.09638831635475,0.375,0.625,8
"UVAFluX-Ensemble","46",0.53559879594535,0.881099238235098,1.2445652173913,0.442306626709336,0.950656295645697,0.997937007976521,2,0.681558505796912,0.5,1,8
"UVAFluX-Ensemble","47",1.19830753489584,0.902084672755873,16.4691847826087,0.411129652622854,3.48906037185495,2.53699004040431,28.875,0.705924166344184,0.25,1,8
"UVAFluX-Ensemble","48",0.898963991899513,0.49145164912418,39.2269565217391,0.295056685774377,7.09473168995656,5.16802629795091,66.75,0.500721135898543,0.25,1,8
"UVAFluX-Ensemble","49",0.644548298250714,0.667986730976321,2.18157608695652,0.301244303723801,1.01955096228907,0.864101648663673,2.875,0.397256728793493,0.75,0.875,8
"UVAFluX-Ensemble","50",1.09646456719766,1.53108504493305,1.17347826086957,0.524716132856407,2.97904534053019,2.40837403503006,1.75,0.750485883388317,0.5,0.875,8
"UVAFluX-Ensemble","51",0.894717895006743,0.79320948733102,12.709402173913,0.502385388506118,3.75640496911959,2.30086088426629,19.25,0.720990315075051,0.5,0.875,8
"UVAFluX-Ensemble","53",2.08112436087187,1.53892904448517,21.3438043478261,0.813540532202458,3.34762166241444,2.19402993534803,34.5,1.26347767066189,0,0.875,8
"UVAFluX-Ensemble","54",0.427355255481815,0.820745231322021,2.0979347826087,0.44303354194069,1.94101111541171,2.18882589653334,3.125,0.763655947845546,0.875,1,8
"UVAFluX-Ensemble","55",0.646406788204993,1.37577099424152,5.43233695652174,0.896694422566535,2.70822090314782,1.64137247154809,8.75,1.44505702121085,0.625,1,8
"UVAFluX-Ensemble","56",1.63134024746654,1.965746086914,5.25809782608696,1.20738210386228,1.48852481162207,1.23815541476036,7.5,1.5360609421686,0.125,0.125,8
"UVAFluX-Ensemble","72",0.789470901216963,0.79945649747755,14.396902173913,0.267739359802889,0.826698097963167,0.869310585198242,19.75,0.354932864424342,0.25,0.75,8
"UVAFluX-FS_OptimWISE","01",0.268147729540228,0.280479469368151,2.40309782608696,0.138712054622842,0.821978721074133,0.841397234035486,3.25,0.182742121689957,0.875,1,8
"UVAFluX-FS_OptimWISE","02",0.679315251956179,0.926428533284963,0.796467391304348,0.347356487991342,0.833497086473758,0.764767979210032,1.375,0.621226662447,0.5,1,8
"UVAFluX-FS_OptimWISE","04",0.348491779283266,0.374894675950091,6.47429347826087,0.181051324798439,0.749589365303203,0.789559710274735,10.25,0.290909413784567,0.75,1,8
"UVAFluX-FS_OptimWISE","05",0.324026540864714,0.764767592065246,2.2366847826087,0.489771973387016,0.712366148921415,0.802551206491452,3.25,0.716262472871697,0.375,0.75,8
"UVAFluX-FS_OptimWISE","06",0.267498318999165,0.225981044349193,12.2003804347826,0.104045854758227,0.911953769457596,1.12007609489621,16,0.138757501137954,0.875,1,8
"UVAFluX-FS_OptimWISE","08",0.222245028480619,0.378383814625987,1.7120652173913,0.207229513384626,0.503596093288466,0.579010512851051,2.125,0.300732930305943,1,1,8
"UVAFluX-FS_OptimWISE","09",0.187491163036467,0.407945241248688,1.06054347826087,0.224258102001529,0.882357426643772,0.954169282795087,1.25,0.314163265538712,0.75,1,8
"UVAFluX-FS_OptimWISE","10",0.323308374798214,0.86024793784578,0.777173913043478,0.40543058673231,0.42457720162256,0.541235175765309,0.75,0.411979608250541,0.625,0.625,8
"UVAFluX-FS_OptimWISE","11",0.645975181284477,0.980219583539562,1.1725,0.460620078308701,0.822112726310642,0.739102102176251,1.875,0.799616206902018,0.5,1,8
"UVAFluX-FS_OptimWISE","12",0.310789453185143,0.214961496725769,12.0107065217391,0.110755930501449,1.05773599505123,1.09342967736428,20.375,0.181657106126771,0.625,1,8
"UVAFluX-FS_OptimWISE","13",0.255685894061549,0.38362138606009,3.95788043478261,0.22891350555887,0.504737038572451,0.573210038762746,6.375,0.386549238296973,0.375,1,8
"UVAFluX-FS_OptimWISE","15",0.541257375207981,0.580732780449759,2.25701086956522,0.24392558358374,0.514688282310359,0.611232175324834,3.25,0.351689094046319,0.75,0.875,8
"UVAFluX-FS_OptimWISE","16",0.283489914568471,0.52939459967411,1.12777173913043,0.265490518660264,0.631855731258074,0.766527118677527,1.75,0.457588572143405,0.5,1,8
"UVAFluX-FS_OptimWISE","17",0.491611110657171,0.538674014154091,9.99005434782609,0.375376829357414,1.03110743252255,1.06670910796281,15.75,0.63105915919513,0.5,0.875,8
"UVAFluX-FS_OptimWISE","18",0.211893925918155,0.410022723310335,2.77934782608696,0.24326139893628,0.591610665230251,0.642982525472309,3.875,0.361064773655855,0.625,1,8
"UVAFluX-FS_OptimWISE","19",0.271495318016702,0.7146025074627,1.16516304347826,0.382465961606548,0.896993394419943,0.811802933252514,1.875,0.64105229121908,0.625,1,8
"UVAFluX-FS_OptimWISE","20",0.142834547834525,0.323116203359285,0.627934782608696,0.165449825868582,0.450917154988445,0.48155206963724,0.875,0.229072682968539,0.875,1,8
"UVAFluX-FS_OptimWISE","21",0.516071830727484,0.654057832720482,5.58961956521739,0.42586214075859,1.14402124502174,1.16102102811915,9.5,0.719357567370915,0.125,1,8
"UVAFluX-FS_OptimWISE","22",0.554880995607534,0.512960123909994,5.41163043478261,0.237060264611077,1.34231216082775,1.40873761813553,8.875,0.375368397913441,0.25,0.875,8
"UVAFluX-FS_OptimWISE","23",0.376371179734455,0.899039273964596,1.01722826086957,0.416053587327711,0.795686104927252,0.87979206216542,1.5,0.649119606361276,0.5,1,8
"UVAFluX-FS_OptimWISE","24",0.24949864020252,0.325396354609403,2.13179347826087,0.166692124836906,1.23783824695715,1.27321423818854,2.625,0.194108445118213,1,1,8
"UVAFluX-FS_OptimWISE","25",0.299527742610125,0.858223776228626,4.13445652173913,0.611269881135873,0.862717100802454,0.927987664717801,7.5,1.02310700374238,0.375,0.875,8
"UVAFluX-FS_OptimWISE","26",0.218134283804709,0.450378804046353,3.77342391304348,0.295306705752798,0.639210992370482,0.71971146938894,5.875,0.484455929858128,0.5,1,8
"UVAFluX-FS_OptimWISE","27",0.324291537203039,0.599112022129404,2.97059782608696,0.354851940532936,0.564215917506558,0.672314115082584,4.875,0.62655242698622,0.375,1,8
"UVAFluX-FS_OptimWISE","28",0.358336008160209,0.437147960968414,2.05717391304348,0.223199988792997,0.997998137722805,1.00983608134423,2.625,0.30628099854282,0.5,1,8
"UVAFluX-FS_OptimWISE","29",0.22956688985891,0.344835286008757,2.6220652173913,0.205321649040572,0.907894044822077,0.899821972362433,4.125,0.292292222283864,0.625,1,8
"UVAFluX-FS_OptimWISE","30",0.554653318623628,0.942333248104664,1.42630434782609,0.446702546249189,1.10234965407391,1.13178081697449,2.25,0.756584653909496,0.375,0.875,8
"UVAFluX-FS_OptimWISE","31",0.555951482416797,1.31626843283256,1.51032608695652,0.632636026677373,NA,NA,2.375,1.05444365029697,0.125,1,8
"UVAFluX-FS_OptimWISE","32",0.481447219988291,0.50264293600661,3.20505434782609,0.16236159648127,0.690447896675999,0.736869556842033,4.5,0.229771626674405,1,1,8
"UVAFluX-FS_OptimWISE","33",0.396531945216008,0.903493354657556,0.971304347826087,0.431790419574431,0.821013235566542,0.871028381216314,1.25,0.539686014192039,0.375,0.75,8
"UVAFluX-FS_OptimWISE","34",0.211512958636325,0.275613256592358,4.07255434782609,0.151828513238284,0.408628128374526,0.460331737008199,5.75,0.227394954734325,0.875,1,8
"UVAFluX-FS_OptimWISE","35",0.215322541872143,0.48274523705696,0.956847826086957,0.251847474369537,0.723824960255755,0.781948582883062,1.25,0.382533849336445,0.625,1,8
"UVAFluX-FS_OptimWISE","36",0.178247363012082,0.252122092216866,5.55576086956522,0.17036587626548,0.496467599599681,0.534834516578379,8,0.252855690478562,0.75,1,8
"UVAFluX-FS_OptimWISE","37",0.108896663615113,0.246497037827508,1.81152173913043,0.159712246557104,0.449935593189033,0.52965376534321,1.75,0.183973864934486,0.875,1,8
"UVAFluX-FS_OptimWISE","38",0.480088852447385,0.581275877931944,1.25836956521739,0.222310533298762,0.625956134427258,0.60669331445764,1.875,0.315871539384189,0.75,1,8
"UVAFluX-FS_OptimWISE","39",0.109116222918972,0.249651489859199,2.25983695652174,0.167857607716614,0.888512528799244,0.875880894250068,3.125,0.214195276669208,0.75,1,8
"UVAFluX-FS_OptimWISE","40",0.377607304303348,0.483113257536349,3.2975,0.283427251338067,1.13088242972314,1.16959980544883,5.5,0.463096022761122,0.5,1,8
"UVAFluX-FS_OptimWISE","41",0.294109864984199,0.664330063770679,2.02760869565217,0.391860051091236,0.786233890390005,0.916793927681523,3.125,0.649119606361276,0.5,1,8
"UVAFluX-FS_OptimWISE","42",0.719782436496076,0.584096823407938,28.7854347826087,0.224052216382869,2.47133710672206,2.95418077720322,50.375,0.381571159496155,0.25,1,8
"UVAFluX-FS_OptimWISE","44",0.447292953831668,0.930725716148418,1.41766304347826,0.524474556997775,0.426391176267103,0.621865255871878,1.75,0.648562812567604,0.375,0.75,8
"UVAFluX-FS_OptimWISE","45",0.283174431806117,0.561643134801106,2.53141304347826,0.332921872190106,0.860010179748798,0.906085564509907,3.375,0.459182716288915,0.625,0.75,8
"UVAFluX-FS_OptimWISE","46",0.417151517102561,0.699981258333161,0.963967391304348,0.349599318972342,0.773422594838346,0.865507404748552,1.625,0.589812358911887,0.5,1,8
"UVAFluX-FS_OptimWISE","47",0.236883135501671,0.254063220444174,3.08972826086957,0.111603372397483,0.407588032438097,0.446324821826279,3.125,0.116839374900027,1,1,8
"UVAFluX-FS_OptimWISE","48",0.202595483827178,0.148270250809194,8.46320652173913,0.0857171546609912,0.864395120300089,0.84292602232144,7.75,0.0785229502038078,1,1,8
"UVAFluX-FS_OptimWISE","49",0.475331625115981,0.605139683469822,1.58190217391304,0.27254200845182,0.952230446710389,0.974336491860589,2.625,0.442449963065159,0.625,1,8
"UVAFluX-FS_OptimWISE","50",0.388045039724373,0.624334897293191,0.363369565217391,0.191669544528674,1,1,0.5,0.274653072167027,0.75,1,8
"UVAFluX-FS_OptimWISE","51",0.247744714156366,0.333977826951127,3.13896739130435,0.196108892747032,1.16357447329269,1.14269495796114,5.25,0.333436152960007,0.5,1,8
"UVAFluX-FS_OptimWISE","53",0.333892798282493,0.433300969611021,3.29565217391304,0.223767305374705,0.518860946113993,0.590267107293882,5.25,0.338444531496116,0.5,1,8
"UVAFluX-FS_OptimWISE","54",0.196033460475628,0.424231101176857,0.9075,0.225848676612095,1.06953176768344,1.16232797611037,1.625,0.410426793250721,0.75,1,8
"UVAFluX-FS_OptimWISE","55",0.219502204815634,0.823354185024866,1.7983152173913,0.53655073190355,0.677959238199368,0.792426573768286,2.125,0.699245951081124,0.625,0.625,8
"UVAFluX-FS_OptimWISE","56",0.783124152498354,1.32711941428267,2.51690217391304,0.81741948298178,0.598347750824252,0.755261500430262,3,0.938524132679727,0.125,0.375,8
"UVAFluX-FS_OptimWISE","72",0.660529479543526,0.667384165263782,12.0361956521739,0.222830408612517,0.779683762256976,0.833719165810952,18.625,0.340410690781534,0.5,0.875,8
"VTSanghani-PRIME","01",0.3748688433337,0.502394990910446,3.35211956521739,0.247325498829283,0.982260041261108,1.03705637999727,3.875,0.226433949558045,0.875,0.875,8
"VTSanghani-PRIME","02",1.38693582553915,2.1180662693425,1.625,0.794513457586986,1,1,1.625,0.794513457586986,0.375,0.375,8
"VTSanghani-PRIME","04",0.435310298528419,0.527581867175231,7.94961956521739,0.247448729801611,0.832352650496289,0.881352927243487,11.25,0.31938423275832,1,1,8
"VTSanghani-PRIME","05",0.331980590782732,0.720750195206294,2.27961956521739,0.451886264592427,0.842252333100166,0.898468344335905,3.875,0.804874415062707,0.375,1,8
"VTSanghani-PRIME","06",0.400339679355083,0.37714489891978,17.7188043478261,0.166536492988858,1.1229626861814,1.29534986505594,17.875,0.144301800314571,1,1,8
"VTSanghani-PRIME","08",0.263764770964434,0.478193689837953,2.04440217391304,0.262722274126752,0.669265207610187,0.742062245586673,2.875,0.391638514830479,1,1,8
"VTSanghani-PRIME","09",0.144653083654577,0.408631408325357,0.827445652173913,0.227306389039499,0.680186907843137,0.747640159799445,1,0.255412811882995,1,1,8
"VTSanghani-PRIME","10",0.256024161221366,0.619637313046813,0.607173913043478,0.288370476847278,0.431821256383582,0.545467471343366,0.75,0.411979608250541,0.875,1,8
"VTSanghani-PRIME","11",1.25716221369702,2.28744581599348,2.25,1.059546399612,1,1,2.25,1.059546399612,0.125,0.125,8
"VTSanghani-PRIME","12",0.338073355858808,0.231200258118471,13.1383152173913,0.119257297537738,1.04117626366891,1.03861202844546,20,0.171678497752543,0.75,1,8
"VTSanghani-PRIME","13",0.326985966086951,0.499258040734746,5.11119565217391,0.299377369852533,0.681395490249098,0.745560485424066,8.75,0.509934000800873,0.875,1,8
"VTSanghani-PRIME","15",0.714189506915533,0.818620318333335,2.97505434782609,0.34443378093743,0.65126406765486,0.850136094882957,4.125,0.491267943317668,0.75,0.75,8
"VTSanghani-PRIME","16",0.316844387368344,0.622764365484373,1.25222826086957,0.31071824101579,0.682997790779029,0.813077755677127,1.875,0.480378766742649,0.75,0.875,8
"VTSanghani-PRIME","17",0.591782734440669,0.643106440260865,12.045652173913,0.44879544530545,0.987431073344992,0.98835971021757,15.125,0.58833930672584,0.75,0.75,8
"VTSanghani-PRIME","18",0.281415326544423,0.52066649931718,3.74369565217391,0.311136268378888,0.928354735799402,0.950107704493713,6.25,0.544373789741486,0.625,1,8
"VTSanghani-PRIME","19",0.368208827530858,1.20270804180603,1.66244565217391,0.688646968501288,0.871892619234232,0.921831846402625,1.875,0.758553198530514,0.375,0.5,8
"VTSanghani-PRIME","20",0.228293744753955,0.561210262211003,0.997989130434783,0.283801998814233,0.645672393726073,0.714897071460854,1.25,0.336953460137957,0.625,1,8
"VTSanghani-PRIME","21",0.659949901089585,0.896091188159517,7.17315217391304,0.584864882265171,1.26906575150068,1.34803780717992,10.5,0.832299764709675,0.125,0.25,8
"VTSanghani-PRIME","22",0.499593847191268,0.530518329887303,4.85217391304348,0.243889394637837,1.04202628634029,1.04695374650381,7,0.283541253131527,0.875,1,8
"VTSanghani-PRIME","23",0.230809823689113,0.646712720600787,0.614782608695652,0.293956076885596,0.541847476036515,0.668979580899919,1,0.483900126363486,0.75,1,8
"VTSanghani-PRIME","24",0.274112557701536,0.445860333861679,2.33978260869565,0.228498130712035,1.27835561625305,1.36862245619285,2.75,0.211885590307742,0.875,1,8
"VTSanghani-PRIME","25",0.213425315707439,0.647181308836413,2.94,0.456643017612807,0.568661292235039,0.725669960137315,5,0.809034230263516,0.625,1,8
"VTSanghani-PRIME","26",0.284664671637489,0.553060838424313,4.97016304347826,0.362254119241761,0.827523733899226,0.888596810644717,7.875,0.615736758205146,0.625,1,8
"VTSanghani-PRIME","27",0.30722235865701,0.604141280759246,2.82570652173913,0.357421214503417,0.540904258758962,0.67883878332726,4.75,0.642149752175586,0.75,1,8
"VTSanghani-PRIME","28",0.369550484700637,0.483237624585888,2.10445652173913,0.243121003983986,0.880899091830436,0.903019065855945,2.375,0.279555661311188,1,1,8
"VTSanghani-PRIME","29",0.288979595513341,0.505770142239621,3.27961956521739,0.299499299386397,1.18923946397559,1.27543627577409,5.375,0.411897419599619,0.5,0.75,8
"VTSanghani-PRIME","30",0.596923531052113,0.968058305736253,1.55554347826087,0.46168511463832,1.03337837071618,1.05051727473486,2.125,0.705901515395976,0.625,0.625,8
"VTSanghani-PRIME","31",0.408651550296388,0.916946089880573,1.22885869565217,0.467662974579999,NA,NA,1.75,0.758553198530514,0.875,0.875,8
"VTSanghani-PRIME","32",0.573222409648287,0.692505234451274,3.76907608695652,0.220454499724135,0.635098633116535,0.670867122044247,4.125,0.20815240082561,1,1,8
"VTSanghani-PRIME","33",0.356371054133042,0.743167698412046,0.863913043478261,0.350816097694034,0.992863188261546,1.01622746918854,1.5,0.626329411762032,0.625,0.875,8
"VTSanghani-PRIME","34",0.258593418809953,0.398907090571117,4.99369565217391,0.220542934638946,0.361177047993105,0.418089995013855,5.125,0.207791631666664,1,1,8
"VTSanghani-PRIME","35",0.213809300260929,0.499365497678075,0.955271739130435,0.260866308528881,0.793987607174658,0.838487269337074,1.375,0.410426793250721,0.875,1,8
"VTSanghani-PRIME","36",0.225932169307606,0.357842968656028,7.10440217391304,0.243533055411127,0.559593391266146,0.612050984426406,9.125,0.292718332094853,1,1,8
"VTSanghani-PRIME","37",0.125739179669093,0.336220895080335,2.09619565217391,0.218110040567681,0.647617572240913,0.717040553651332,2.5,0.247085225965258,1,1,8
"VTSanghani-PRIME","38",0.460719200801923,0.616978811947156,1.21570652173913,0.237920504908626,0.703789673684449,0.715824208538676,2.125,0.376760176527773,0.875,1,8
"VTSanghani-PRIME","39",0.1134990521775,0.265395816305125,2.38369565217391,0.180307974420587,0.901414406407704,0.897300180184858,3.25,0.225938478274524,0.875,1,8
"VTSanghani-PRIME","40",0.406148272143149,0.585432777287845,3.54695652173913,0.342305524126029,1.11159835456055,1.13280233709768,5.375,0.445860559340699,0.5,0.75,8
"VTSanghani-PRIME","41",0.219984489576189,0.56130345043492,1.53755434782609,0.336188834004281,0.505638550454555,0.638765472259358,2,0.449521257001209,0.75,0.875,8
"VTSanghani-PRIME","42",0.652893999000279,0.52807228262202,26.1845652173913,0.203057764072544,2.20570686022535,2.5703604775503,45,0.332320583549099,0.25,0.875,8
"VTSanghani-PRIME","44",0.339945909405968,0.652526251395729,1.06663043478261,0.36368094357167,0.431986677498917,0.617301412892509,1.75,0.635949541904048,0.75,1,8
"VTSanghani-PRIME","45",0.228811178030674,0.490678933963274,2.03451086956522,0.286701765699606,0.832558187918059,0.893886433689737,3.25,0.450790303434211,0.625,1,8
"VTSanghani-PRIME","46",0.383586651972281,0.631986726391754,0.889619565217391,0.316624032405653,0.782983446495706,0.852539953043952,1.625,0.575089479454839,0.875,1,8
"VTSanghani-PRIME","47",0.378810168597761,0.475619451073044,4.96190217391304,0.210001685834348,0.355118386890031,0.395067777378425,2.75,0.104456335583477,1,1,8
"VTSanghani-PRIME","48",0.386229861740205,0.367910836106376,16.1459782608696,0.212580247438482,0.827874131488207,0.822582763268364,7.375,0.075737576085632,1,1,8
"VTSanghani-PRIME","49",0.676029809695015,0.985601221842233,2.3195652173913,0.461372524297731,1.16042605644215,1.37040163591373,3.25,0.640495497425407,0.375,0.625,8
"VTSanghani-PRIME","50",0.538350770981439,0.903268271821226,0.5,0.274653072167027,1,1,0.5,0.274653072167027,0.75,0.75,8
"VTSanghani-PRIME","51",0.251713837593152,0.393721136949344,3.18054347826087,0.229546293719823,0.9052499782312,0.926178523542517,4.125,0.272949058603979,1,1,8
"VTSanghani-PRIME","53",0.326802116117024,0.470478329589485,3.18260869565217,0.243168452449798,0.471449623113595,0.590828955472274,4.625,0.332159073585591,0.875,1,8
"VTSanghani-PRIME","54",0.168059076584541,0.41598958990825,0.782717391304348,0.223049800444678,0.913305527418402,0.947123268112616,1.375,0.32888614499576,0.875,1,8
"VTSanghani-PRIME","55",0.16702546094839,0.678442357013437,1.36586956521739,0.43384720296285,0.798739519179916,0.892437387048266,2.5,0.780399444409263,0.625,1,8
"VTSanghani-PRIME","56",0.442556264672459,0.710516652810648,1.40114130434783,0.431710926825519,0.501392888549332,0.662544030141661,2.5,0.818885041880426,0.625,1,8
"VTSanghani-PRIME","72",0.679652026407576,0.753722420573034,12.3623913043478,0.250369285049063,0.627912334403919,0.690660882109339,15,0.282266722389919,1,1,8
