"model_id","target_end_date","wis_scaled_relative_skill","wis_scaled_relative_skill__log","wis","wis__log","ae_median_scaled_relative_skill","ae_median_scaled_relative_skill__log","ae_median","ae_median__log","interval_coverage_50","interval_coverage_95","n"
"CADPH-FluCAT_Ensemble",2025-11-22,1.13907321380339,0.680118297496936,18.6912009400669,0.107747019194416,3.69559564187811,3.23398641937474,33.260360776903,0.201489912583434,0,1,1
"CADPH-FluCAT_Ensemble",2025-11-29,0.427524560329603,0.280693987970652,22.4058249618283,0.106306138972941,0.422811130181611,0.368830872094148,31.696474337936,0.155971562285028,0.5,1,2
"CADPH-FluCAT_Ensemble",2025-12-06,0.409476736968142,0.231769170783912,28.2488012918296,0.108982694135686,0.397516354797485,0.322661343869166,41.9928675306293,0.166452836119224,1,1,3
"CADPH-FluCAT_Ensemble",2025-12-13,0.548872869506947,0.328763200689353,75.2664534220617,0.216912259842875,0.530483753696065,0.427300064011745,126.980049018149,0.365072600071821,0.25,1,4
"CADPH-FluCAT_Ensemble",2025-12-20,0.667314552549486,0.434908373909399,191.541965736607,0.364554510377164,0.680519956864674,0.539501847626182,329.307501909061,0.629244241373787,0,1,4
"CADPH-FluCAT_Ensemble",2025-12-27,0.705462930503205,0.492913632378045,425.441273093628,0.495566002594725,0.734493866735643,0.579287648592427,659.624678209649,0.790471338576514,0,0.75,4
"CADPH-FluCAT_Ensemble",2026-01-03,0.575674258525493,0.42800904793314,406.638934500502,0.37730233751063,0.666093699108133,0.53734174119614,672.623799489518,0.631619714270598,0.25,0.75,4
"CADPH-FluCAT_Ensemble",2026-01-10,0.622473010870973,0.395223962948992,227.813096843872,0.168210563203262,0.691264374785267,0.500645220937762,398.252601531977,0.298118892191122,0.5,1,4
"CADPH-FluCAT_Ensemble",2026-01-17,1.90623048968159,0.968763571236101,320.248436107949,0.176772955464819,1.8940082601903,1.15591626561354,479.884942235938,0.274597718223054,0.5,1,4
"CADPH-FluCAT_Ensemble",2026-01-24,1.92077991093917,1.11384427529837,428.709616794279,0.18759575663266,1.86393182631821,1.27606459823826,678.637308026595,0.326377696071958,0.25,1,4
"CADPH-FluCAT_Ensemble",2026-01-31,2.44791266055555,1.35009825464344,501.98041211714,0.193776084010471,2.32774439411552,1.48821519243421,754.757739427185,0.322118272189945,0.75,1,4
"CADPH-FluCAT_Ensemble",2026-02-07,0.764269547741168,0.721101248350379,356.639043228361,0.203273289644223,0.748891993665197,0.733241598431675,527.230906656587,0.306980497902633,0.25,1,4
"CADPH-FluCAT_Ensemble",2026-02-14,0.80500213077925,0.814048346796573,348.05221496853,0.205611816313377,0.906421107914119,0.917683129846524,613.87093462728,0.355881771617816,0.25,1,4
"CADPH-FluCAT_Ensemble",2026-02-21,1.80833225280307,1.68834440916447,195.183799869272,0.125697419664705,1.69714406006172,1.71611367234424,273.019300641743,0.177597616953156,0.75,1,4
"CADPH-FluCAT_Ensemble",2026-02-28,1.22945497233531,1.19273586515739,203.101662144978,0.133172453042732,1.03973507703081,1.03952796054428,283.423508142475,0.189824116104056,0.75,1,4
"CADPH-FluCAT_Ensemble",2026-03-07,0.847096646726482,0.759611475805349,279.616111128366,0.199611023477133,0.869121513752526,0.857952644322449,468.467238250288,0.365590018064335,0.25,1,4
"CADPH-FluCAT_Ensemble",2026-03-14,0.636732329683353,0.633600940467071,233.806341552098,0.244223630939042,0.681641991092974,0.746832576967845,401.616466878246,0.452865379213083,0,1,4
"CADPH-FluCAT_Ensemble",2026-03-21,0.58840841897995,0.617571780058832,121.526515339483,0.148816343540947,0.500901521392212,0.60308669519912,175.632976204652,0.232641736331254,0.75,1,4
"CADPH-FluCAT_Ensemble",2026-03-28,0.503317988670391,0.507215501014934,113.902989655074,0.191144997727466,0.464327762305363,0.530859234774243,178.80976908772,0.317661775805894,0.5,1,4
"CADPH-FluCAT_Ensemble",2026-04-04,0.424683552502614,0.437336625492104,70.8053285562536,0.170083157821419,0.389008317663701,0.475906792995931,111.360752002082,0.290238877675033,0.5,1,4
"CADPH-FluCAT_Ensemble",2026-04-11,0.386207884227129,0.364935165292856,44.9322668434569,0.134788633890439,0.314350374657758,0.379868326020996,61.771989969697,0.198592391808936,0.75,1,4
"CADPH-FluCAT_Ensemble",2026-04-18,0.436772878870234,0.395025727505058,44.5985741614201,0.164839891483851,0.431136837390141,0.511087642224655,70.6598227976765,0.283618895629941,0.75,1,4
"CADPH-FluCAT_Ensemble",2026-04-25,0.455064094475859,0.386382532116657,29.2853383452794,0.142879488186548,0.668271336496315,0.842652972423526,42.3095306551485,0.206410042478655,0.75,1,4
"CADPH-FluCAT_Ensemble",2026-05-02,0.504289983656283,0.388479055958681,26.9151647282336,0.142784069867631,1.37246806342551,1.61965732443929,45.625051937069,0.238795088121632,0.75,1,4
"CADPH-FluCAT_Ensemble",2026-05-09,0.480344996447251,0.346103126080972,24.156921805329,0.136751673659532,1.86995187669112,2.14636184632124,41.3231798926778,0.235538054388139,0.75,1,4
"CADPH-FluCAT_Ensemble",2026-05-16,0.475304752293017,0.318925864330877,27.1069604616051,0.14788294720951,1.87056661444278,2.04112178818853,44.0521370826663,0.253524580163447,1,1,3
"CADPH-FluCAT_Ensemble",2026-05-23,0.554180732336194,0.353285720703469,29.738556341625,0.148748386382686,1.28137340944422,1.26845193440573,47.5028307627593,0.26684855799717,1,1,3
"CADPH-FluCAT_Ensemble",2026-05-30,0.48796312972148,0.310815711304592,29.7919717027723,0.160198958138682,1.2422370340814,1.22558864019537,46.9501670739625,0.285018573748896,1,1,2
"CADPH-FluCAT_Ensemble",2026-06-06,0.352267163599669,0.219836876192248,20.8177469260499,0.125030422095811,1.0941136935034,1.09795815051094,26.711823401026,0.178126781970271,1,1,1
"CADPH-FluCAT_Ensemble",2026-06-13,0.357422289009213,0.220445126449326,25.7625323887984,0.156266491200499,0.919761046497278,0.928353224725462,33.111397673902,0.231682721977654,1,1,1
"CEPH-Rtrend_fluH",2025-11-22,1.20502901353965,0.715075520918739,19.7734782608696,0.113285080200677,4,3.47345153375506,36,0.216409519132865,0,1,1
"CEPH-Rtrend_fluH",2025-11-29,0.54665860345429,0.350059347762528,28.9717391304348,0.133595612104122,0.479508038001745,0.419268260501535,36,0.177449109283791,0.5,1,2
"CEPH-Rtrend_fluH",2025-12-06,0.5939527412129,0.334568617449496,42.1101449275362,0.159906082161059,0.504248804462859,0.424418137296396,52.3333333333333,0.215299568980298,1,1,3
"CEPH-Rtrend_fluH",2025-12-13,0.649545117779672,0.394317386281875,92.3407608695652,0.269132300102518,0.563962489544265,0.467209945155321,136.5,0.405617175124246,0.25,1,4
"CEPH-Rtrend_fluH",2025-12-20,0.614583329581746,0.430452968364626,179.403260869565,0.374163800113726,0.677052939298777,0.559212804229457,337.75,0.682009326643999,0,1,4
"CEPH-Rtrend_fluH",2025-12-27,0.556456628346801,0.391752451622881,339.011847826087,0.401955652282794,0.634944133755136,0.489511005351456,583.75,0.689649784046405,0,0.75,4
"CEPH-Rtrend_fluH",2026-01-03,0.407449952191026,0.288403889381165,283.445652173913,0.251654158814131,0.479992966540995,0.362503322597716,483,0.426325838049639,0.25,1,4
"CEPH-Rtrend_fluH",2026-01-10,0.341260325339462,0.187008441632785,126.858152173913,0.0797619526920389,0.236663268950161,0.147805637931293,135.25,0.0862275837446598,1,1,4
"CEPH-Rtrend_fluH",2026-01-17,1.0229699123941,0.640928014126975,175.52652173913,0.120057624133671,1.00425201967246,0.758606603645825,255.5,0.182513989574954,0.75,1,4
"CEPH-Rtrend_fluH",2026-01-24,1.6272676919393,1.65890030075408,371.663152173913,0.29222237991824,1.14588883363876,1.31493095299226,455.5,0.37770459585049,0.5,0.5,4
"CEPH-Rtrend_fluH",2026-01-31,2.78635803936011,3.46747706049141,563.923586956522,0.50270922820815,2.5626992645895,3.44372986797623,819.75,0.750917570489671,0,0.25,4
"CEPH-Rtrend_fluH",2026-02-07,2.28502316980942,3.09553740296451,1092.86380434783,0.911078259418973,1.88344996859368,2.81194973463472,1377,1.24298744445184,0,0,4
"CEPH-Rtrend_fluH",2026-02-14,2.22584039332915,3.01091986105109,972.447608695652,0.775747718382822,1.90954086918685,2.81714602226235,1299.25,1.11040235739152,0,0.25,4
"CEPH-Rtrend_fluH",2026-02-21,3.54152355147401,5.08235904131456,403.798586956522,0.4045837836742,3.84526521605185,6.03825701836754,633.5,0.651030235670096,0.5,0.75,4
"CEPH-Rtrend_fluH",2026-02-28,1.69848624711523,2.72597863001425,280.18152173913,0.310175061614856,1.77376105244195,2.83637410820793,463,0.507835682605049,0.25,0.75,4
"CEPH-Rtrend_fluH",2026-03-07,0.504163026801455,0.820285778049489,157.859347826087,0.207334169458936,0.597334327607674,0.927544011660127,305.25,0.379079641054569,0.25,1,4
"CEPH-Rtrend_fluH",2026-03-14,0.344815167325106,0.665311751837582,125.391630434783,0.258057177519338,0.409998114389196,0.763704443590602,241.25,0.468513429674474,0.25,1,4
"CEPH-Rtrend_fluH",2026-03-21,1.20556059162085,2.36340401029482,246.340326086957,0.577934342080893,1.2442917779707,2.57668244318153,426,0.993469138188203,0,1,4
"CEPH-Rtrend_fluH",2026-03-28,0.519097823253436,1.19927150733877,114.159565217391,0.451200724968634,0.586176732465434,1.38046506572673,215.75,0.809321318928132,0.25,1,4
"CEPH-Rtrend_fluH",2026-04-04,0.433498879392883,1.00201135483054,73.291847826087,0.401282919494531,0.471088819853999,1.11984129138052,137.75,0.706347949489027,0.5,1,4
"CEPH-Rtrend_fluH",2026-04-11,0.607197306511999,1.24459182992133,69.2730434782609,0.458732337810318,0.711201644036976,1.61283660753523,134.25,0.822795556830358,0,1,4
"CEPH-Rtrend_fluH",2026-04-18,0.539314985438865,1.08716275642387,53.7303260869565,0.447804356988015,0.665405800257345,1.51854897666325,106.25,0.829161630450985,0,1,4
"CEPH-Rtrend_fluH",2026-04-25,1.54105616338264,2.19467255047997,99.8815217391304,0.82251020714523,2.59085926211009,5.56290375769291,166,1.38673713617179,0,1,4
"CEPH-Rtrend_fluH",2026-05-02,1.73306671519513,2.53340011358458,93.2957608695652,0.948745037785086,4.41848149334623,10.422039239211,148,1.56517834552216,0,1,4
"CEPH-Rtrend_fluH",2026-05-09,1.5177167509735,2.25887756975327,77.2767391304348,0.914902743431175,5.49711254179105,13.5222377104476,122,1.51126773145374,0.25,0.75,4
"CEPH-Rtrend_fluH",2026-05-16,1.25935609181399,1.81931728727257,63.5360869565217,0.747582208845678,5.19313411846012,11.5159046093059,107.75,1.26006669905409,0,1,4
"CEPH-Rtrend_fluH",2026-05-23,0.920671381572444,1.38607347860706,47.6832608695652,0.581148457091369,2.3983539132365,4.82415744053283,87.25,1.02506806560641,0.25,1,4
"CEPH-Rtrend_fluH",2026-05-30,0.896288567029082,1.47407391358831,53.6440579710145,0.762353814637916,2.59209058658379,5.67101977238405,100,1.36999210263793,0,1,3
"CEPH-Rtrend_fluH",2026-06-06,1.00970954221808,1.74858453764743,65.4673913043478,1.10193203378069,4.1603084173976,10.343142655941,114.5,1.90463829569749,0,1,2
"CEPH-Rtrend_fluH",2026-06-13,0.885801147296735,1.78764128584742,63.8473913043478,1.26720166494014,3.13888888888889,8.83596024437692,113,2.20512975684333,0,1,1
"CFA_Pyrenew-Pyrenew_HE_Flu",2025-11-22,0.77918020190244,0.496052150789979,12.7856695652174,0.0785865353267313,2.66666666666667,2.39704622818678,24,0.14934528855232,0,1,1
"CFA_Pyrenew-Pyrenew_HE_Flu",2025-11-29,0.31110155701349,0.214941726408781,16.2941619565217,0.0819820821158032,0.387390200696552,0.338183087251045,29.5,0.145428718281552,0,1,2
"CFA_Pyrenew-Pyrenew_HE_Flu",2025-12-06,0.323677422243891,0.193748445825357,20.2067010869565,0.0853013648904939,0.326104533150511,0.275723852870623,34,0.143068165979189,0.5,1,2
"CFA_Pyrenew-Pyrenew_HE_Flu",2025-12-13,0.455197424141949,0.262252146178073,56.5632869565217,0.149814137747348,0.423985453917912,0.326566361186249,97,0.257856675350858,0,1,2
"CFA_Pyrenew-Pyrenew_HE_Flu",2025-12-20,0.414500207192722,0.251081382347973,105.26385326087,0.17514009058919,0.279944526007436,0.214009240375594,138.5,0.241116398886073,0.5,0.5,2
"CFA_Pyrenew-Pyrenew_HE_Flu",2025-12-27,0.177979204261229,0.0891667144540655,71.4827967391304,0.0517690325714069,0.0816780285532724,0.0486066962569144,49.75,0.038413635409781,1,1,2
"CFA_Pyrenew-Pyrenew_HE_Flu",2026-01-03,0.53542339871305,0.294731699486012,216.767225,0.121925814748586,0.559775909214887,0.330071667126825,316.5,0.176679325214052,0.5,0.5,2
"CFA_Pyrenew-Pyrenew_HE_Flu",2026-01-10,0.865577594692538,0.520643519771838,231.123835869565,0.137276395397623,0.95854353693373,0.647400567081934,385,0.228846136762454,0,1,2
"CFA_Pyrenew-Pyrenew_HE_Flu",2026-01-17,1.7162882098786,1.01763866840111,197.909717391304,0.122338423415442,2.07613535729099,1.43000459370154,339,0.211972039964835,0,1,2
"CFA_Pyrenew-Pyrenew_HE_Flu",2026-01-24,1.06443201686874,0.733837153805693,159.557086956522,0.09346358410491,0.994347642021604,0.740287302010849,270,0.157726114057389,0.5,1,2
"CFA_Pyrenew-Pyrenew_HE_Flu",2026-01-31,3.87670190166348,2.37540592105949,600.335189130435,0.28521894188908,3.49920744651141,2.28174696308334,939.5,0.444830242853976,0,1,2
"CFA_Pyrenew-Pyrenew_HE_Flu",2026-02-07,0.537006387555176,0.392801550089488,236.815698913043,0.099875599852894,0.649895082222927,0.491560018524734,440.75,0.191278049836225,0,1,2
"CFA_Pyrenew-Pyrenew_HE_Flu",2026-02-14,0.633997837344945,0.494148375746571,202.427040217391,0.0835219354244133,0.744166424882199,0.60756290667893,370.25,0.158424095822,0,1,2
"CFA_Pyrenew-Pyrenew_HE_Flu",2026-02-21,3.55904127674648,3.29305284307202,268.524933695652,0.143252525697142,5.38315455055697,5.30219028214594,464.75,0.25298588617453,0,1,2
"CFA_Pyrenew-Pyrenew_HE_Flu",2026-02-28,0.754985830243738,0.793742015105666,88.2268130434782,0.0614268944356903,0.674542890650618,0.742561700718144,118.75,0.0863416460075674,1,1,2
"CFA_Pyrenew-Pyrenew_HE_Flu",2026-03-07,0.611142508483197,0.610886862371116,112.389665217391,0.0994788191639734,0.701236210892224,0.74649693279759,199.5,0.184626575926099,0,1,2
"CFA_Pyrenew-Pyrenew_HE_Flu",2026-03-14,0.280941425623788,0.32938250475323,65.987525,0.0873579734393735,0.282039024421816,0.34964625451633,106.5,0.146912405742647,0.5,1,2
"CFA_Pyrenew-Pyrenew_HE_Flu",2026-03-21,0.254583885284389,0.280101680085146,41.304477173913,0.0602141920663716,0.156776339520859,0.186740358248993,43.5,0.0635427141593485,1,1,2
"CFA_Pyrenew-Pyrenew_HE_Flu",2026-03-28,1.08402147986082,1.00774260701971,130.365663043478,0.244028078046908,1.1655442000328,1.22025999363091,214.5,0.405403859756994,0,1,2
"CFA_Pyrenew-Pyrenew_HE_Flu",2026-04-04,0.693287859226156,0.731593623579154,85.1349413043478,0.220170530087015,0.691410028433621,0.824578871108194,147,0.387993770016118,0,1,2
"CFA_Pyrenew-Pyrenew_HE_Flu",2026-04-11,1.10163535485632,0.937072236230442,82.4540641304348,0.247580594320532,1.48320457735635,1.56156111798492,130.5,0.401338991278076,0.5,0.5,2
"CFA_Pyrenew-Pyrenew_HE_Flu",2026-04-18,1.72297907180372,1.24954359322648,96.904,0.323189858859901,3.28241285723142,2.98776146226926,161,0.548832547329667,0,1,2
"CFA_Pyrenew-Pyrenew_HE_Flu",2026-04-25,0.477358476948556,0.403919800494171,26.537897826087,0.133960320051043,0.774776252355404,0.984252676329969,44,0.22250620259821,0.5,1,2
"CFA_Pyrenew-Pyrenew_HE_Flu",2026-05-02,0.664190134643774,0.392410745389046,27.2907,0.111648600130955,1.18419592039642,1.12860382107161,31.75,0.136455205366625,0.5,1,2
"CFA_Pyrenew-Pyrenew_HE_Flu",2026-05-09,1.13377701893929,0.716249175236259,35.6785076086957,0.145780852170175,6.10078029983293,6.40880009507088,59.5,0.265449467075965,0.5,1,2
"CFA_Pyrenew-Pyrenew_HE_Flu",2026-05-16,0.760005861509535,0.492032938519148,26.2933413043478,0.118285223851822,3.42339789277228,3.58175631823284,39,0.190312598434759,1,1,2
"CFA_Pyrenew-Pyrenew_HE_Flu",2026-05-23,0.418697684671449,0.314323134557157,15.5959913043478,0.0904783458524055,0.716224951367797,0.790688853817416,15.25,0.0942690110683673,1,1,2
"CFA_Pyrenew-Pyrenew_HE_Flu",2026-05-30,0.301107990425911,0.284986603249527,13.5878434782609,0.109273467003339,0.854475200062609,1.06629974634768,20,0.154150679827258,1,1,1
"CFA_Pyrenew-Pyrenew_H_Flu",2025-11-22,0.411668212289022,0.28783025572645,6.75511739130435,0.0455992026719898,0.111111111111111,0.107360693950752,1,0.00668898815079633,1,1,1
"CFA_Pyrenew-Pyrenew_H_Flu",2025-11-29,0.760506126585419,0.575023953065078,39.653527173913,0.218387362794907,0.84637306055231,0.815638880797377,64.5,0.350927140756858,0,0.5,2
"CFA_Pyrenew-Pyrenew_H_Flu",2025-12-06,0.951199120447247,0.631422572295987,56.8048489130435,0.265786849035479,0.894553455706521,0.847838909983294,88,0.414620401355692,0,1,2
"CFA_Pyrenew-Pyrenew_H_Flu",2025-12-13,1.09645785524472,0.715710752393731,137.100206521739,0.412080106468619,0.808298850084547,0.724165896503112,185.5,0.574671568840969,0,0,2
"CFA_Pyrenew-Pyrenew_H_Flu",2025-12-20,0.879198796374007,0.604776458680102,212.644661956522,0.401008961652882,0.745333427687156,0.636368269168066,295.75,0.573014848790335,0,0.5,2
"CFA_Pyrenew-Pyrenew_H_Flu",2025-12-27,0.624281379427163,0.419429554576421,254.680890217391,0.246799801756226,0.659705810650675,0.498368468105095,410,0.401390593720897,0,0.5,2
"CFA_Pyrenew-Pyrenew_H_Flu",2026-01-03,0.254186899536553,0.168762371340475,101.469984782609,0.0690172709997393,0.317208946564003,0.223767439281085,177.5,0.118850361456098,1,1,2
"CFA_Pyrenew-Pyrenew_H_Flu",2026-01-10,1.35797258412857,0.733342711259675,370.794175,0.196759036554115,1.49438287366319,0.911808109650095,612,0.326781726282224,0,1,2
"CFA_Pyrenew-Pyrenew_H_Flu",2026-01-17,2.01322791178026,1.20769780240041,233.194282608696,0.146612923611817,2.55575943042157,1.82423424854211,419,0.272497594836984,0,1,2
"CFA_Pyrenew-Pyrenew_H_Flu",2026-01-24,2.49578049565025,2.24783623108437,374.037727173913,0.286772620990721,2.22510393992954,2.18450014913252,605.5,0.467236751307941,0,0.5,2
"CFA_Pyrenew-Pyrenew_H_Flu",2026-01-31,2.10334740015469,2.04865593845597,326.043123913043,0.247524869188139,2.05638180732083,2.1481735273027,552.75,0.421493253243612,0,1,2
"CFA_Pyrenew-Pyrenew_H_Flu",2026-02-07,1.05122551244705,1.09115727060149,465.725905434783,0.278388599877832,1.12463389370219,1.18562459457952,765,0.462299605999472,0,0.5,2
"CFA_Pyrenew-Pyrenew_H_Flu",2026-02-14,0.873576103787231,0.955576158452237,282.010793478261,0.163779156490715,0.995765127068291,1.09005136605273,502,0.288911992712075,0.5,1,2
"CFA_Pyrenew-Pyrenew_H_Flu",2026-02-21,2.94893530640255,2.8571480990969,222.659382608696,0.12361905874693,4.58480872497356,4.77539436527607,396.25,0.227361093122106,0.5,1,2
"CFA_Pyrenew-Pyrenew_H_Flu",2026-02-28,1.70526025156917,2.3036251653659,199.274835869565,0.178275229431433,1.72398961947337,2.32669690770736,303.5,0.270537573615615,0.5,1,2
"CFA_Pyrenew-Pyrenew_H_Flu",2026-03-07,0.721439001557282,1.08568110364774,132.09965,0.175798222915752,0.846757330005273,1.2811927723609,239.5,0.314748313756936,0.5,1,2
"CFA_Pyrenew-Pyrenew_H_Flu",2026-03-14,0.242098804547881,0.303320864036373,57.8396760869565,0.0814386536214408,0.166375398793551,0.222903960123473,63.25,0.0940845645211899,1,1,2
"CFA_Pyrenew-Pyrenew_H_Flu",2026-03-21,1.17377159391562,1.62788523580902,190.436334782609,0.349950754387543,1.07310701361691,1.62430868176001,297.75,0.552708494507673,0,0.5,2
"CFA_Pyrenew-Pyrenew_H_Flu",2026-03-28,0.486546829879687,0.703590255767794,58.5126782608695,0.170376618644039,0.537943476938215,0.875258738548674,99,0.290784974305236,0.5,1,2
"CFA_Pyrenew-Pyrenew_H_Flu",2026-04-04,0.321440125108336,0.398910743786349,39.472472826087,0.120050786510639,0.303373787986181,0.43925499769921,64.5,0.206685143807639,0.5,1,2
"CFA_Pyrenew-Pyrenew_H_Flu",2026-04-11,0.610806189752252,0.842541926707393,45.7169902173913,0.222605070227355,0.99448582772935,1.61213769251103,87.5,0.414337746926399,0,1,2
"CFA_Pyrenew-Pyrenew_H_Flu",2026-04-18,0.479146249833307,0.665107856238584,27.0757097826087,0.17253656726258,1.06583104962041,1.75501676564064,52.5,0.323109213261346,0,1,2
"CFA_Pyrenew-Pyrenew_H_Flu",2026-04-25,1.17548320745875,1.13979557548346,65.1097576086957,0.375590618788882,1.91172279663474,2.80721240817049,107.25,0.625055028053364,0,0.5,2
"CFA_Pyrenew-Pyrenew_H_Flu",2026-05-02,1.05932978922907,0.961148991428176,42.7995,0.269619638017044,2.63699536386251,3.80076459088594,66,0.432498718743302,0.5,1,2
"CFA_Pyrenew-Pyrenew_H_Flu",2026-05-09,0.802954731503885,0.515804045711108,25.8572282608696,0.106913294869982,3.02613902804377,3.30237520560859,31,0.143199599319446,1,1,2
"CFA_Pyrenew-Pyrenew_H_Flu",2026-05-16,0.635211149337216,0.505300284289811,21.959677173913,0.121846786351079,2.71128630162902,3.42171799148072,31,0.183312637395951,0.5,1,2
"CFA_Pyrenew-Pyrenew_H_Flu",2026-05-23,0.407312223497818,0.402878031961085,15.0718293478261,0.116199951525589,1.13951410263772,1.49701198812572,24,0.177867767848398,1,1,2
"CFA_Pyrenew-Pyrenew_H_Flu",2026-05-30,0.343046560573837,0.317293192209855,15.4803695652174,0.121660901859902,0.811751440059479,1.00889480109401,19,0.145851877012563,1,1,1
"CMU-TimeSeries",2025-11-22,1.24252807251222,0.747640096762504,20.388805210732,0.118444088554679,2.53369934928231,2.28563405824261,22.8032941435408,0.142403877713891,1,1,1
"CMU-TimeSeries",2025-11-29,0.546260474381016,0.341200896434107,29.0885823781885,0.131491063797568,0.165387364924997,0.142183324115123,12.7150804587906,0.0618170901394293,1,1,2
"CMU-TimeSeries",2025-12-06,0.63816924471209,0.326471134644563,44.7911437746076,0.156965153480374,0.084289721924788,0.0660205392820027,8.56350865571771,0.0328697581382809,1,1,3
"CMU-TimeSeries",2025-12-13,0.58457985334784,0.343664990943718,83.4298577820367,0.23415846933884,0.501743102757751,0.389805845078518,121.558047508573,0.335951989451444,0.75,1,4
"CMU-TimeSeries",2025-12-20,0.53572100332845,0.359980890811523,154.696888611522,0.303250305762662,0.59161688102332,0.458148150086934,289.549718554927,0.537853459237258,0.5,1,4
"CMU-TimeSeries",2025-12-27,0.51282084047302,0.375649403214849,313.683822000996,0.385245858098979,0.64409925394982,0.503155703831973,588.482699035465,0.702517692513568,0,1,4
"CMU-TimeSeries",2026-01-03,0.429850749931014,0.325014354257366,305.423601441693,0.291123394446656,0.488907891491262,0.392991239509469,522.66591367199,0.495439214924712,0.5,1,4
"CMU-TimeSeries",2026-01-10,0.588464035434906,0.35927539484319,217.951179062866,0.152727782452576,0.480479663371074,0.334102305859585,269.785024016368,0.192015786098931,1,1,4
"CMU-TimeSeries",2026-01-17,1.31509405351889,0.802827132284257,227.360087145668,0.149273950914207,0.920259973633393,0.674030986548476,233.607798840794,0.160028312535418,1,1,4
"CMU-TimeSeries",2026-01-24,1.18824683544706,1.1177011092558,261.267523910215,0.18902259757059,1.05713135852824,1.06529173176999,392.847012794658,0.28382300132949,0.5,1,4
"CMU-TimeSeries",2026-01-31,1.32117982578578,1.51108004219142,268.746314570482,0.219998684656244,1.48908053183112,1.70348778096188,485.239165738237,0.377128704648232,0.5,1,4
"CMU-TimeSeries",2026-02-07,0.909375477768496,1.02337906674904,440.028206975375,0.304371969026864,1.05777232146618,1.17800506293349,791.172954113376,0.531426205571843,0.25,1,4
"CMU-TimeSeries",2026-02-14,0.906756197402575,0.981016195742002,394.463109772717,0.250277250438957,1.05725501021507,1.1134182485886,717.572550656982,0.434869603794354,0.25,1,4
"CMU-TimeSeries",2026-02-21,1.60734431294415,1.71339157586238,174.639723918944,0.128359690199617,1.46538245493045,1.61855730713248,234.304640674192,0.166364667765605,1,1,4
"CMU-TimeSeries",2026-02-28,0.967265718260835,1.20870088983914,156.71855343742,0.133055161149143,0.814708941746785,1.02388470082938,209.50580045361,0.177956831285971,0.75,1,4
"CMU-TimeSeries",2026-03-07,0.351266348209546,0.413539372523761,113.514590391845,0.107070426708739,0.180077797334912,0.22302964695849,94.6269281951784,0.0934079037784439,1,1,4
"CMU-TimeSeries",2026-03-14,0.248167373757596,0.306221097313861,90.1198325718238,0.117616444865368,0.125508399503933,0.163764089448701,72.8302726515534,0.0982345952374193,0.75,1,4
"CMU-TimeSeries",2026-03-21,0.469156399509258,0.637585394269126,94.5044415084598,0.151685188284624,0.388719234984642,0.568169588468071,128.660210202552,0.209601762660604,0.5,1,4
"CMU-TimeSeries",2026-03-28,0.253096346951535,0.295671140304223,55.8776354617018,0.109479112337346,0.131822662022962,0.179824000368241,49.230714201665,0.105241972829548,1,1,4
"CMU-TimeSeries",2026-04-04,0.271565046625084,0.312785155144243,45.0755634833903,0.121304311369006,0.167564370736563,0.228595565055913,47.3357066869277,0.137865826946617,0.75,1,4
"CMU-TimeSeries",2026-04-11,0.312327606924149,0.330705586184551,35.8469554530483,0.120385466426549,0.205125174418322,0.274587224138672,39.3597163141299,0.140325824100626,1,1,4
"CMU-TimeSeries",2026-04-18,0.278281085224107,0.299947116297599,33.354301268057,0.144511714685172,0.174630846907741,0.225979192529969,35.9982611817153,0.156624292598267,1,1,3
"CMU-TimeSeries",2026-04-25,0.621758022894329,0.620107868419533,41.1384319569435,0.233701175164016,1.23604862870834,1.69962201716191,78.7964934893393,0.417819193958168,0,1,3
"CMU-TimeSeries",2026-05-02,0.729911307825,0.67291736799914,37.7206971706279,0.235899172770195,2.20367346377032,2.93157145703173,71.3355440394182,0.417899316720012,0,1,3
"CMU-TimeSeries",2026-05-09,0.685721580037588,0.60969398329144,30.0389385070504,0.200574769379274,3.09679580098123,4.00921436795355,56.7724300027972,0.353854961411909,0.333333333333333,1,3
"CMU-TimeSeries",2026-05-16,0.58447152827608,0.537036603005993,29.1878553299671,0.216251222172011,2.68724482044665,3.51896103065147,55.2609038910819,0.377830679610325,0,1,4
"CMU-TimeSeries",2026-05-23,0.407286110302159,0.430982351977895,20.4462229937919,0.171241110262678,1.0614275582358,1.4225162758572,37.722251868718,0.287725688965323,0.5,1,4
"CMU-TimeSeries",2026-05-30,0.375198249442394,0.411336707631085,22.1876328363714,0.207917219264599,1.1001505424837,1.51894719920885,42.1811521293793,0.359929597836537,0,1,3
"CMU-TimeSeries",2026-06-06,0.41787243493336,0.429429135305378,26.9761832256456,0.268209135339497,1.88775036656998,2.60735477365683,51.9296137591683,0.477319217913611,0,1,2
"CMU-TimeSeries",2026-06-13,0.368373951535344,0.40831161561844,26.5519139389047,0.28943902964336,1.42551224428212,2.07423505138183,51.3184407941564,0.517652559312987,0,1,1
"CU-ARNB_Net",2025-12-13,0.918410371751566,0.627152185604828,109.328695652174,0.339788131837246,0.884157399261036,0.801522035230831,188,0.580320461297114,0,1,1
"CU-ARNB_Net",2025-12-20,0.887415872076777,0.656420043930132,211.409565217391,0.427002139956345,0.885675238709457,0.785440702465514,347,0.69653439955293,0,0.5,2
"CU-ARNB_Net",2025-12-27,0.870860818313455,0.702040975968206,472.164637681159,0.611740697597828,0.916487119948656,0.820607897602444,734.666666666667,0.959095671969261,0,0.666666666666667,3
"CU-ARNB_Net",2026-01-03,0.777554806656538,0.675930937859854,544.138804347826,0.589573407992556,0.884635301063779,0.816167410225693,881.5,0.946391460792452,0,0.75,4
"CU-ARNB_Net",2026-01-10,0.831594262436481,0.733027383148014,314.9725,0.324343113582114,0.986218140418285,0.906334881677785,586,0.560090580718837,0.5,1,4
"CU-ARNB_Net",2026-01-17,1.29515481784873,1.16307397525077,223.53597826087,0.220295222740362,1.4779219552441,1.40798666245576,381.25,0.345291864956584,0.75,1,4
"CU-ARNB_Net",2026-01-24,1.35939720949196,1.50290404307705,297.062826086957,0.249613914618701,1.60975651881455,1.73999033641597,571,0.437270800934821,0.5,1,4
"CU-ARNB_Net",2026-01-31,1.51533262662173,1.76278009503507,303.121630434783,0.25133674501552,1.85872979040194,2.10829308756959,590.75,0.453369703641566,0,1,4
"CU-ARNB_Net",2026-02-07,1.2128462199077,1.36518894470617,574.069891304348,0.394390050500754,1.36927246845288,1.54725123860086,997.5,0.67383149631747,0,1,4
"CU-ARNB_Net",2026-02-14,1.29543704723643,1.492893499663,566.218369565217,0.382968933829352,1.38899798830004,1.6233865696808,946.5,0.637248484585075,0.25,1,4
"CU-ARNB_Net",2026-02-21,2.15560273069705,2.54456582356466,234.209347826087,0.191253653720247,2.47068716041399,3.05476953478232,396.5,0.316349599421794,0.5,1,4
"CU-ARNB_Net",2026-02-28,1.1831325979437,1.58502327831483,187.936304347826,0.170950982399903,1.16242007136139,1.5408533241387,292.5,0.26162806203312,0.5,1,4
"CU-ARNB_Net",2026-03-07,0.394433608716893,0.538344444465664,124.842934782609,0.136290088268528,0.288777645991714,0.405216892456058,146.5,0.163701064099218,0.75,1,4
"CU-ARNB_Net",2026-03-14,0.234400678333944,0.359796630705658,84.9721739130435,0.139265132132061,0.143681739074425,0.224700545856857,85.5,0.139473260777305,1,1,4
"CU-ARNB_Net",2026-03-21,0.658894768500901,1.10650587369499,132.699782608696,0.26567636831208,0.729136275200489,1.21191507451874,246.75,0.458806070176679,0.25,1,4
"CU-ARNB_Net",2026-03-28,0.261296124060457,0.410157455882815,56.4071739130435,0.149311010454467,0.182036438131901,0.298710863081711,64.25,0.165627176183479,1,1,4
"CU-ARNB_Net",2026-04-04,0.298329521794461,0.506679390790239,49.5651086956522,0.197797401367165,0.25982386590602,0.454859907193532,74.25,0.277722725611431,1,1,4
"CU-ARNB_Net",2026-04-11,0.422532621761005,0.738313482516944,47.5878260869565,0.265469632733708,0.417195349628107,0.808604520826825,77.25,0.40085329952969,0.75,1,4
"CU-ARNB_Net",2026-04-18,0.341493848491104,0.571533112820426,34.1683695652174,0.236006469807,0.301595079356065,0.577314117504159,48.25,0.316001280777896,0.75,1,4
"CU-ARNB_Net",2026-04-25,1.05099456062645,1.27860816940158,68.131847826087,0.478641533988196,2.01678729524589,3.40558860386157,129.25,0.847655136091024,0,1,4
"CU-ARNB_Net",2026-05-02,1.11334919100442,1.28397702802478,59.6077173913043,0.474719813480355,3.2858516821658,5.54666553084273,109.75,0.823919877452885,0.25,1,4
"CU-ARNB_Net",2026-05-09,0.970624178891717,1.05899897624508,49.4279347826087,0.426081858877957,3.79866806085985,6.34920566830145,85.25,0.711960307740407,0.5,1,4
"CU-ARNB_Net",2026-05-16,0.841770119703374,0.934475780413898,42.319347826087,0.381387698022246,3.60505243305078,5.86482428035,75,0.640318491870653,0.25,1,4
"CU-ARNB_Net",2026-05-23,0.536706855361122,0.634889019053892,27.4126086956522,0.259008259198978,1.38140526841074,2.04333752969114,50.25,0.426253863384953,0.5,1,4
"CU-ARNB_Net",2026-05-30,0.491828717175516,0.616295650073565,29.5886956521739,0.320283727474206,1.4374396018233,2.19828119406025,56.3333333333333,0.53721140002002,0.666666666666667,1,3
"CU-ARNB_Net",2026-06-06,0.554526181603825,0.675168484873483,35.9704347826087,0.425155150321296,2.58812100951942,4.11707387371333,71.5,0.759635140303901,0,1,2
"CU-ARNB_Net",2026-06-13,0.47153171955773,0.623779034075528,33.9873913043478,0.442176983040841,1.91666666666667,3.14046439899269,69,0.783744075912172,0,1,1
"CU-ensemble",2025-11-22,1.17336583556345,0.711746020008268,19.2539130434783,0.112757607553891,1.66666666666667,1.53955286159629,15,0.0959201218787396,1,1,1
"CU-ensemble",2025-11-29,0.461905935750646,0.309332400674398,24.2221739130435,0.117659491570253,0.287413128541813,0.249843175229899,21.5,0.105548110399268,1,1,2
"CU-ensemble",2025-12-06,0.532000459333583,0.254978165874121,36.56,0.119856986204101,0.213220567673128,0.151331834302164,29,0.0995662175034093,1,1,3
"CU-ensemble",2025-12-13,0.398195478302015,0.191694884824548,56.4241304347826,0.127348652736188,0.232635344083917,0.159364941274336,56.5,0.135558979656079,1,1,4
"CU-ensemble",2025-12-20,0.385484995478993,0.23016031987578,105.707826086957,0.181268286168042,0.419520667351235,0.290246858804433,193.5,0.317837908045418,0.75,1,4
"CU-ensemble",2025-12-27,0.608941004721689,0.419921201710017,360.478586956522,0.411155922733183,0.705417381633587,0.52979273885913,624,0.705828609145787,0,1,4
"CU-ensemble",2026-01-03,0.709166818133012,0.549606384031626,490.192826086956,0.470825910602084,0.797179153589386,0.66363661721663,790,0.760759309371311,0,0.75,4
"CU-ensemble",2026-01-10,0.696236727613813,0.534534494948342,262.645108695652,0.233853879101092,0.762973545688006,0.629542697316207,459.25,0.392388280830025,0.5,1,4
"CU-ensemble",2026-01-17,1.03716651355931,0.844892544339144,178.139239130435,0.159788756774697,0.802649753352012,0.728322103125137,233,0.202259537937047,0.75,1,4
"CU-ensemble",2026-01-24,1.05826403688317,1.05127690040553,230.897934782609,0.174052421926674,1.01280955598848,1.01687623612314,357,0.253979926582391,0.75,1,4
"CU-ensemble",2026-01-31,1.25819591793279,1.24470633894311,248.412717391304,0.174871845897986,1.05033422879413,1.07752668148663,331.25,0.229589734790925,0.5,1,4
"CU-ensemble",2026-02-07,1.27829952532321,1.33873409363994,596.939456521739,0.379742218526641,1.2003201861976,1.28081713719579,867.25,0.55077278602449,0,0.5,4
"CU-ensemble",2026-02-14,1.57102840984876,1.7590047018432,689.719565217391,0.45318046304168,1.402245398847,1.60641629758044,954.75,0.630002891477415,0,0.5,4
"CU-ensemble",2026-02-21,2.18807706931884,2.71438215305652,245.717173913043,0.211666729488239,2.02896806796731,2.66078409068316,346.5,0.294878510047323,0.5,0.75,4
"CU-ensemble",2026-02-28,0.76921675588696,0.983276754930814,123.123369565217,0.10716362481477,0.594087203306895,0.755987345381959,153.25,0.131624009729875,0.75,1,4
"CU-ensemble",2026-03-07,0.298892441336394,0.363245846781075,95.0160869565217,0.092664630235215,0.253990367562178,0.309984391193136,131.75,0.128352308123983,1,1,4
"CU-ensemble",2026-03-14,0.311560303607611,0.369545668107306,111.511413043478,0.139864279388249,0.343915525480001,0.423634444239346,196.75,0.250637506924405,0.25,1,4
"CU-ensemble",2026-03-21,0.39288307751721,0.548972181873269,78.6838043478261,0.129994948875368,0.293431238732257,0.414359191440745,97.75,0.153361503183959,0.75,1,4
"CU-ensemble",2026-03-28,0.292880962477071,0.374474576942856,64.2130434782609,0.137462212486492,0.246453563046222,0.329470559255882,92.25,0.192666717969798,1,1,4
"CU-ensemble",2026-04-04,0.295933635008702,0.410872609033895,49.2801086956522,0.16006914381416,0.171562276619727,0.242151895662278,49,0.147339303990844,1,1,4
"CU-ensemble",2026-04-11,0.34060290637326,0.4844361347691,38.5771739130435,0.175292306362629,0.179750383415492,0.272821969865498,33.75,0.136998412650382,1,1,4
"CU-ensemble",2026-04-18,0.323244358733522,0.459235813435784,32.2675,0.188369693336541,0.124957948448206,0.190741849433293,20,0.103915793242373,1,1,4
"CU-ensemble",2026-04-25,0.837110450835858,0.979949221519884,53.848152173913,0.362606944784476,1.5006177785413,2.17953494050382,95.5,0.53655972491639,0.5,1,4
"CU-ensemble",2026-05-02,0.971093287300998,1.12404696244055,51.8702173913043,0.414130800130869,2.75202757309628,4.05271725337657,91.75,0.600065371853306,0.5,1,4
"CU-ensemble",2026-05-09,0.933134766421805,0.994884681263149,47.3660869565217,0.397199940630648,3.44529701502669,5.09281707414587,76.75,0.564191424526052,0.25,1,4
"CU-ensemble",2026-05-16,0.824042666382012,0.9080385022352,41.3564130434783,0.368602885314244,3.23870157910999,4.78282045563144,67.25,0.520226726854165,0.25,1,4
"CU-ensemble",2026-05-23,1.19674033285408,3.67933642573003,58.635652173913,1.4657071492237,2.08284051875877,7.6432002152561,72,1.53096742160257,0.25,0.75,4
"CU-ensemble",2026-05-30,1.09589811568075,3.66603054865688,62.9879710144928,1.83722213518089,1.89068508870586,7.88168181537658,70.3333333333333,1.84736006835499,0.333333333333333,0.666666666666667,3
"CU-ensemble",2026-06-06,1.27681150514537,4.09286337749309,83.2510869565217,2.65846963035519,3.35996715209765,14.1432862034635,92.5,2.68131251858902,0,0.5,2
"CU-ensemble",2026-06-13,1.74808934678884,6.83369432956937,126,4.84418708645859,3.5,19.4106693175032,126,4.84418708645859,0,0,1
"Cornell_JHU-hierarchSIR",2025-11-22,2.14406123314168,1.22592510379787,35.1821804347826,0.194215882995591,6.88888888888889,5.58411143737989,62,0.347911827530607,0,1,1
"Cornell_JHU-hierarchSIR",2025-11-29,0.350478867959092,0.204641141606668,19.055247826087,0.0802043077768045,0.328063605833761,0.246309265799997,28,0.117695262462091,1,1,2
"Cornell_JHU-hierarchSIR",2025-12-06,0.307773013980872,0.163269557190972,21.61995,0.0779545377495834,0.253746385379895,0.188893014880574,29,0.104220390817794,0.666666666666667,1,3
"Cornell_JHU-hierarchSIR",2025-12-13,0.527363237119179,0.305258383602094,69.9495684782609,0.19446154485042,0.467071905267505,0.366532250410923,109.25,0.30466750366945,0.25,0.75,4
"Cornell_JHU-hierarchSIR",2025-12-20,0.773668124795533,0.475919092729152,217.062980434783,0.386991999860696,0.642359114052869,0.492753352899832,304.25,0.557755594306756,0,0,4
"Cornell_JHU-hierarchSIR",2025-12-27,0.829945996161427,0.548469855804556,498.904175543478,0.548370452703394,0.688328594714799,0.520681837161569,617,0.707266022368223,0,0,4
"Cornell_JHU-hierarchSIR",2026-01-03,0.974643788875393,0.714893289776239,670.454369565217,0.609809229306448,0.811854644810529,0.665957832240494,801.5,0.759255821886608,0,0,4
"Cornell_JHU-hierarchSIR",2026-01-10,1.3749489159256,1.09490701727576,526.423708695652,0.486674144119086,1.11416683478588,1.02262379636479,654,0.621001773289642,0,0.25,4
"Cornell_JHU-hierarchSIR",2026-01-17,1.49932617118983,1.26315544162727,274.97641576087,0.254938649974157,1.37958625778498,1.37102389942902,371.375,0.35375144225579,0.25,0.5,4
"Cornell_JHU-hierarchSIR",2026-01-24,0.988154917153244,0.992863608572019,216.664369021739,0.166421534220893,0.968099695878168,1.01894483230846,344.75,0.258783088403945,0.5,1,4
"Cornell_JHU-hierarchSIR",2026-01-31,0.702655258318681,0.689808575446119,140.1065,0.097875558994865,0.716768948016772,0.696156170408554,225.375,0.147921997797726,0.75,1,4
"Cornell_JHU-hierarchSIR",2026-02-07,0.898913156079149,0.873642339009212,420.295082608696,0.248084696201145,0.951295420335302,0.938634276505781,686.25,0.402799371266205,0,0.75,4
"Cornell_JHU-hierarchSIR",2026-02-14,1.17635039320691,1.16425445427925,511.125126630435,0.295799788533419,1.13404694345105,1.16083570114675,767.625,0.450916413255721,0,0.25,4
"Cornell_JHU-hierarchSIR",2026-02-21,1.41171735816698,1.45603095753083,152.539540217391,0.108769078547407,1.49484560587892,1.67542886999572,243.25,0.175939035800421,0.5,1,4
"Cornell_JHU-hierarchSIR",2026-02-28,0.82446147982924,0.871041987129984,130.79448423913,0.0943017867735953,0.804031876251982,0.882391202321389,204.875,0.152000534449594,1,1,4
"Cornell_JHU-hierarchSIR",2026-03-07,0.949149169963635,0.949837262005563,298.967722282609,0.240914393251716,0.997541492697342,1.02459625524653,513.5,0.421471136644706,0,1,4
"Cornell_JHU-hierarchSIR",2026-03-14,1.18770350282635,1.16264990167948,430.656536413044,0.444070398117843,1.1317730098347,1.11221605480836,659,0.667174829277985,0,0.5,4
"Cornell_JHU-hierarchSIR",2026-03-21,1.33772637996724,1.17326451309371,286.522748913044,0.294717606771532,1.25758419981627,1.16427502327244,452.25,0.460969389424362,0.25,0.75,4
"Cornell_JHU-hierarchSIR",2026-03-28,1.72520484399398,1.4710490617668,388.812088586957,0.552155226645212,1.52951351840248,1.36139239208989,575,0.791183868955264,0,0.5,4
"Cornell_JHU-hierarchSIR",2026-04-04,1.94983224542012,1.6344293268397,328.005857065217,0.639221050512017,1.65653701894506,1.46532172371503,478.5,0.896435943128834,0,0.25,4
"Cornell_JHU-hierarchSIR",2026-04-11,2.4009137785163,1.68698318053361,278.60732826087,0.620873426511125,2.12294881732276,1.72573894165372,406,0.875036092526394,0,0.25,4
"Cornell_JHU-hierarchSIR",2026-04-18,1.98956870492714,1.3976801418108,206.057717391304,0.588444135163968,1.85876916557692,1.52244862249733,306.5,0.843260367467008,0,0.5,4
"Cornell_JHU-hierarchSIR",2026-04-25,1.09959662312026,0.582449558586832,74.8661956521739,0.225488389275308,1.67534028819048,1.29483332774791,115.75,0.341841169951365,0.5,0.75,4
"Cornell_JHU-hierarchSIR",2026-05-02,0.493266646934218,0.284610500982387,26.7170652173913,0.106031582032879,1.21524885481572,1.10163260526176,41.75,0.167504000181539,0.75,1,4
"Cornell_JHU-hierarchSIR",2026-05-09,0.329574180219171,0.196557774411909,16.5034782608696,0.0769409183600674,1.04738524763439,1.02018877312468,23,0.110737616788136,1,1,4
"Cornell_JHU-hierarchSIR",2026-05-16,0.32519465739899,0.205225044571624,16.3160869565217,0.0828983397108059,1.16801765084428,1.17275339023259,24.25,0.126996998039161,1,1,4
"Cornell_JHU-hierarchSIR",2026-05-23,0.399640310948287,0.286810212204792,20.1939130434783,0.11406148416298,0.960254864310693,0.996578982292281,34.5,0.202647493173975,0.5,1,4
"Cornell_JHU-hierarchSIR",2026-05-30,0.300471728611947,0.217286163719381,17.6930434782609,0.109060412312885,0.781563466599608,0.814779156513306,30,0.192700231382158,0.666666666666667,1,3
"Cornell_JHU-hierarchSIR",2026-06-06,0.217975153616948,0.147053261251073,14.0513043478261,0.0916694284457338,0.655392120971877,0.675760938396519,18,0.123444191091122,1,1,2
"Cornell_JHU-hierarchSIR",2026-06-13,0.193641008318203,0.137995733858538,13.9573913043478,0.0978207569295877,0.583333333333333,0.613172293931364,21,0.153025187305524,1,1,1
"Epistorm-Ensemble_Flu",2026-02-21,0.964730779007763,1.00269033167136,52.2694534853298,0.0325903680366666,0.604660872333795,0.686226174731836,29.8231888266,0.0192154688861912,1,1,1
"Epistorm-Ensemble_Flu",2026-02-28,0.578688966949464,0.643872847546091,67.6249556642555,0.0498286706304137,0.461817576159725,0.525861422832141,81.3007414785318,0.0611447382423544,1,1,2
"Epistorm-Ensemble_Flu",2026-03-07,0.349731457261062,0.379973983692242,89.0781711796261,0.0810536914525416,0.320239502525407,0.36255958217442,132.667787453456,0.123780948258727,0.666666666666667,1,3
"Epistorm-Ensemble_Flu",2026-03-14,0.31216624226467,0.361784047613258,113.14838817331,0.138262512538558,0.329562576909088,0.40856227006588,193.681121796602,0.247989804717881,0.5,1,4
"Epistorm-Ensemble_Flu",2026-03-21,0.41515954117762,0.561530945938356,82.3777118825169,0.131540468091159,0.343343870127162,0.502792193544951,112.2665402918,0.182924095830022,0.75,0.75,4
"Epistorm-Ensemble_Flu",2026-03-28,0.224994767778436,0.293766095032334,49.762367327488,0.108284631131582,0.192923512523578,0.271886468000519,71.7137640607024,0.157211798220293,1,1,4
"Epistorm-Ensemble_Flu",2026-04-04,0.13703850470659,0.200092658974952,22.7295782233391,0.0776568768957898,0.0665346625296736,0.107469326938875,19.1644897460938,0.0660859060172128,1,1,4
"Epistorm-Ensemble_Flu",2026-04-11,0.224881952534002,0.30561568792683,25.3874045202144,0.110390012761287,0.199234459089914,0.316083022444974,37.1401297883286,0.157842301457789,0.75,1,4
"Epistorm-Ensemble_Flu",2026-04-18,0.172157965630491,0.229807084493326,17.0991537455557,0.0939720130804808,0.13150986819978,0.219036412265072,21.0138236311664,0.119424343815071,1,1,4
"Epistorm-Ensemble_Flu",2026-04-25,0.810489708001057,0.807238509925583,53.5399157023637,0.308702256512283,1.57784878623945,2.34126348749352,100.942039489746,0.578491298187861,0,1,3
"Epistorm-Ensemble_Flu",2026-05-02,0.839155683309217,0.779897755130126,43.386409453535,0.275206529824889,2.38189942554377,3.33021759471573,75.0195268110521,0.458796342159251,0.333333333333333,1,3
"Epistorm-Ensemble_Flu",2026-05-09,0.687592505772356,0.641756079795323,30.8290083596482,0.219079709375963,2.77671754744817,3.9130067264553,51.3748612376866,0.351270610814212,0.666666666666667,1,3
"Epistorm-Ensemble_Flu",2026-05-16,0.520749763951006,0.485615966355382,20.8844264555431,0.139105272405724,2.19604459922632,2.89620194238055,33.1787058458822,0.208119075448183,1,1,3
"Epistorm-Ensemble_Flu",2026-05-23,0.376828372200714,0.377776362347537,19.1054464854623,0.152553479416167,0.775003786731753,1.01731916286958,28.1835552289301,0.211547241086485,1,1,4
"Epistorm-Ensemble_Flu",2026-05-30,0.301954300207099,0.293738690397309,17.863103197795,0.148177460459405,0.523058902632291,0.655593793316564,20.0283768529136,0.154963210542685,1,1,3
"Epistorm-Ensemble_Flu",2026-06-06,0.287745667724391,0.265351014510046,18.5539145468766,0.165385404156445,0.956408976142153,1.16536932456517,26.2528029339603,0.21275358653496,1,1,2
"Epistorm-Ensemble_Flu",2026-06-13,0.282811496188204,0.323139774509805,20.3846837606855,0.229063438794486,1,1.33564441529091,36,0.333327579941741,1,1,1
"FluSight-HJudge_ensemble",2025-11-22,0.974854932301741,0.59976099620862,15.9965217391304,0.095016499053745,2.88888888888889,2.5815352007877,26,0.160839667978055,1,1,1
"FluSight-HJudge_ensemble",2025-11-29,0.4216923488252,0.28360631980242,22.2178260869565,0.108151417448366,0.299773774525097,0.266196183172801,22.5,0.112957204788334,0.5,1,2
"FluSight-HJudge_ensemble",2025-12-06,0.435558483381648,0.246231685240467,30.3304347826087,0.116780638746581,0.326559340916217,0.26597620603214,33.3333333333333,0.132865703966384,1,1,3
"FluSight-HJudge_ensemble",2025-12-13,0.523031086410695,0.312120173695172,73.6258695652174,0.211523897428125,0.485077569783855,0.37874069191309,117.5,0.327281826856537,0.25,1,4
"FluSight-HJudge_ensemble",2025-12-20,0.606420762546568,0.393056292977682,178.323695652174,0.338171449219071,0.61910695898322,0.479243498592879,303,0.565011739108331,0,1,4
"FluSight-HJudge_ensemble",2025-12-27,0.579822207640116,0.402490705930168,357.536086956522,0.415309036984399,0.65999751606119,0.506454425172894,599.5,0.701983291527971,0,0.75,4
"FluSight-HJudge_ensemble",2026-01-03,0.409354611546187,0.290215421231463,291.381413043478,0.258188193586219,0.476952562132341,0.358316506180245,499.5,0.437555913949855,0.5,1,4
"FluSight-HJudge_ensemble",2026-01-10,0.460091140052942,0.283702866937931,170.26847826087,0.121545865772243,0.416336738467813,0.282873937619734,236.75,0.165215524169119,1,1,4
"FluSight-HJudge_ensemble",2026-01-17,1.18758031359718,0.668095211797417,201.868804347826,0.123359041417056,1.02068613821152,0.687338497499948,255.5,0.161603913790003,0.75,1,4
"FluSight-HJudge_ensemble",2026-01-24,0.836557629351658,0.651106235916529,182.401086956522,0.108191622326559,0.536498674339533,0.476440011041259,191.75,0.121140910851197,0.75,1,4
"FluSight-HJudge_ensemble",2026-01-31,0.886377547552636,0.800748550084524,175.527934782609,0.1126022081748,0.756634413891802,0.729234082228968,234.5,0.152677457620202,0.75,1,4
"FluSight-HJudge_ensemble",2026-02-07,0.861930886243995,0.863593499192574,402.087173913044,0.244497920120532,1.00564000093277,1.00989671702584,723.25,0.431703566110241,0.25,1,4
"FluSight-HJudge_ensemble",2026-02-14,0.970272748399815,1.0013530320726,422.313586956522,0.255073999832702,1.12410320802392,1.16867703751069,763.25,0.455651547701796,0,1,4
"FluSight-HJudge_ensemble",2026-02-21,1.36833192724286,1.4381948825163,149.824347826087,0.108901726100638,1.41093591115627,1.58089410130682,238.25,0.172121840173523,0.5,1,4
"FluSight-HJudge_ensemble",2026-02-28,0.730003364974059,0.816155883226926,117.94902173913,0.0898117999848423,0.639524980952109,0.719936033054874,167.25,0.127038222143552,1,1,4
"FluSight-HJudge_ensemble",2026-03-07,0.429107579419446,0.455314852180894,137.73597826087,0.11736906530669,0.448008600745583,0.507024878224567,235.25,0.212413258948415,0.75,1,4
"FluSight-HJudge_ensemble",2026-03-14,0.433224360804496,0.47248233385226,158.393586956522,0.181887821780018,0.483155199438303,0.565733444661209,284.5,0.343300239848409,0.25,1,4
"FluSight-HJudge_ensemble",2026-03-21,0.419431941777656,0.510509496008426,84.524347826087,0.120885422192686,0.314387266563135,0.426069089561751,105.25,0.158080193544501,0.75,1,4
"FluSight-HJudge_ensemble",2026-03-28,0.319217916917263,0.356281750472618,71.181847826087,0.132657138241284,0.288871268032096,0.37398208192243,109.25,0.220540689436417,0.75,1,4
"FluSight-HJudge_ensemble",2026-04-04,0.313729431598697,0.348094393871245,52.2328260869565,0.135245170953541,0.231075403382064,0.296631389387286,66,0.180439093959341,1,1,4
"FluSight-HJudge_ensemble",2026-04-11,0.290708984836896,0.319773487147374,33.2425,0.116364827302066,0.176436563957171,0.232302806182071,34.25,0.120129628135654,1,1,4
"FluSight-HJudge_ensemble",2026-04-18,0.292675869644958,0.302357134013753,29.5509782608696,0.124838089338811,0.162627944568789,0.200443387145818,28.5,0.118732378044744,1,1,4
"FluSight-HJudge_ensemble",2026-04-25,0.589122442740046,0.55690380123018,37.9144565217391,0.206108162246676,1.15830579170039,1.56471750716704,73.75,0.38550342890745,0.5,1,4
"FluSight-HJudge_ensemble",2026-05-02,0.679764556233009,0.603292786357828,36.3729347826087,0.222748055591195,2.07353779076662,2.73785039973798,69.25,0.406314125873922,0.5,1,4
"FluSight-HJudge_ensemble",2026-05-09,0.62361469820996,0.531686208899489,31.5315217391304,0.211174909209181,2.31548514284279,3.03574143398376,52,0.338868297606648,0.5,1,4
"FluSight-HJudge_ensemble",2026-05-16,0.50854006954749,0.450689547764497,25.42,0.181930528566378,2.0593196034834,2.6873114895977,42.75,0.291933297218888,0.75,1,4
"FluSight-HJudge_ensemble",2026-05-23,0.336113409156841,0.32219536891291,17.0604347826087,0.130264480313446,0.428621828710193,0.55514491145195,17.25,0.128321365839482,1,1,4
"FluSight-HJudge_ensemble",2026-05-30,0.265747810266109,0.245179279221682,15.7094202898551,0.124211063232858,0.3123470755853,0.383059614520621,12.3333333333333,0.0936683023436569,1,1,3
"FluSight-HJudge_ensemble",2026-06-06,0.229843749621148,0.197354882137483,14.820652173913,0.123123931347201,0.618981447584551,0.725275234672796,17,0.132489183046079,1,1,2
"FluSight-HJudge_ensemble",2026-06-13,0.168638143092393,0.146989308236954,12.1552173913043,0.104196013820507,0.222222222222222,0.260709975178022,8,0.0650635933470616,1,1,1
"FluSight-baseline",2025-11-22,1,1,16.4091304347826,0.158423938292737,1,1,9,0.0623038833361553,1,1,1
"FluSight-baseline",2025-11-29,1,1,52.7354347826087,0.385926330650923,1,1,76.5,0.432251536354483,0.5,1,2
"FluSight-baseline",2025-12-06,1,1,67.8852173913044,0.483514097037979,1,1,106.666666666667,0.528742789983627,0.333333333333333,1,3
"FluSight-baseline",2025-12-13,1,1,140.260760869565,0.707891797074428,1,1,252.5,0.915795080694462,0.25,1,4
"FluSight-baseline",2025-12-20,1,1,279.382608695652,0.845314398659677,1,1,481,1.17705988380715,0,1,4
"FluSight-baseline",2025-12-27,1,1,592.700217391304,1.00133922468469,1,1,891.75,1.36363430766332,0,1,4
"FluSight-baseline",2026-01-03,1,1,685.352608695652,0.860583051659932,1,1,990.5,1.15394819475484,0,0.25,4
"FluSight-baseline",2026-01-10,1,1,396.8025,0.47054174298089,1,1,619.5,0.649992118812485,0,1,4
"FluSight-baseline",2026-01-17,1,1,185.783586956522,0.209303376935858,1,1,294.25,0.284504639680038,0.25,1,4
"FluSight-baseline",2026-01-24,1,1,217.276739130435,0.16513544504404,1,1,352.5,0.249836377981408,0,1,4
"FluSight-baseline",2026-01-31,1,1,197.977826086957,0.140875315525032,1,1,315,0.212830900647557,0.25,1,4
"FluSight-baseline",2026-02-07,1,1,468.419782608696,0.284614533675559,1,1,722,0.429626068169397,0,1,4
"FluSight-baseline",2026-02-14,1,1,434.4275,0.25433458948303,1,1,678.75,0.389726912885341,0,1,4
"FluSight-baseline",2026-02-21,1,1,107.944891304348,0.0743202565196261,1,1,157.25,0.10076005414163,0.5,1,4
"FluSight-baseline",2026-02-28,1,1,162.060434782609,0.109755819319609,1,1,259.75,0.174483519657837,0.25,1,4
"FluSight-baseline",2026-03-07,1,1,321.603804347826,0.258073867013299,1,1,525.5,0.418019947007177,0,1,4
"FluSight-baseline",2026-03-14,1,1,366.779565217391,0.384828187311328,1,1,590.75,0.606581387571397,0,1,4
"FluSight-baseline",2026-03-21,1,1,211.666847826087,0.246214347760413,1,1,357.75,0.39345173353365,0,1,4
"FluSight-baseline",2026-03-28,1,1,224.865,0.373254410705425,1,1,378.5,0.58622544197382,0,1,4
"FluSight-baseline",2026-04-04,1,1,168.58652173913,0.391264417639688,1,1,290.75,0.615984800727883,0,1,4
"FluSight-baseline",2026-04-11,1,1,115.885869565217,0.365820307046947,1,1,193.5,0.513488839132489,0.25,1,4
"FluSight-baseline",2026-04-18,1,1,101.613260869565,0.413485494446947,1,1,164.25,0.554433690914227,0.5,1,4
"FluSight-baseline",2026-04-25,1,1,65.3996739130435,0.374036970533597,1,1,65.25,0.250602213221643,0.75,1,4
"FluSight-baseline",2026-05-02,1,1,53.8834782608696,0.370620519755187,1,1,33.25,0.147177494248526,1,1,4
"FluSight-baseline",2026-05-09,1,1,50.4489130434783,0.395191116608099,1,1,22,0.108763376103721,1,1,4
"FluSight-baseline",2026-05-16,1,1,50.4111956521739,0.405245793106638,1,1,22,0.114354695332698,1,1,4
"FluSight-baseline",2026-05-23,1,1,51.8566304347826,0.406462877076248,1,1,37.75,0.212526617625922,1,1,4
"FluSight-baseline",2026-05-30,1,1,59.6385507246377,0.509866164353242,1,1,38.6666666666667,0.237843171533588,1,1,3
"FluSight-baseline",2026-06-06,1,1,64.6689130434783,0.625662116605837,1,1,27.5,0.182888068753528,1,1,2
"FluSight-baseline",2026-06-13,1,1,72.0786956521739,0.708867978700454,1,1,36,0.249563114348171,1,1,1
"FluSight-ensemble",2025-11-22,0.984208155586762,0.595277867171659,16.15,0.0943062640958351,2.66666666666667,2.39704622818678,24,0.14934528855232,1,1,1
"FluSight-ensemble",2025-11-29,0.423822914045015,0.290475608062516,22.275,0.110615770278295,0.347581654345846,0.306947453791827,26,0.129665203248256,0.5,1,2
"FluSight-ensemble",2025-12-06,0.429919833965589,0.256068201675568,29.4210144927536,0.120347895650911,0.321967246997995,0.272273113898631,32,0.13307429392995,1,1,3
"FluSight-ensemble",2025-12-13,0.572042135422089,0.352842887148771,79.4415217391304,0.237292268128416,0.57089941449264,0.460272520845133,139.75,0.402551804395094,0.25,1,4
"FluSight-ensemble",2025-12-20,0.661261625337383,0.436669566078904,194.155760869565,0.375307557375644,0.652785240772533,0.518351342863208,321,0.616292273876195,0,1,4
"FluSight-ensemble",2025-12-27,0.677251421672043,0.475108204114296,413.149782608696,0.484403751829374,0.708595021886784,0.555554631305562,639.5,0.763550954619074,0,0.5,4
"FluSight-ensemble",2026-01-03,0.515023457647281,0.379771574128269,366.881956521739,0.338266271449985,0.561726677805847,0.4444154493945,581.25,0.537524646838179,0.25,0.75,4
"FluSight-ensemble",2026-01-10,0.491325047707029,0.328886632919144,183.027173913043,0.142720412143294,0.52937343985095,0.396806458404449,313.5,0.243457968162442,0.75,1,4
"FluSight-ensemble",2026-01-17,1.07358815611067,0.628559664004908,182.617173913043,0.116224641068004,0.901933674264345,0.620551199362269,225.5,0.145695425614732,1,1,4
"FluSight-ensemble",2026-01-24,0.86345466978,0.68669034168949,188.211847826087,0.114169845093897,0.558760882040506,0.504519352704757,200.5,0.128930305387344,0.75,1,4
"FluSight-ensemble",2026-01-31,0.953477272499246,0.886842881629351,188.912608695652,0.124890567332101,0.849380063309809,0.841566554452644,265.5,0.177742271646576,0.5,1,4
"FluSight-ensemble",2026-02-07,0.938038776022064,0.952398968619862,438.508260869565,0.270362656568232,1.06344429404386,1.08624103836811,765.5,0.464940377527632,0,1,4
"FluSight-ensemble",2026-02-14,1.05339823571429,1.09868069442267,458.651630434783,0.280074003181639,1.17411319088176,1.24493262732903,798.25,0.486406490416883,0,1,4
"FluSight-ensemble",2026-02-21,1.40073259408397,1.47465681405403,152.809239130435,0.111288266865363,1.48237967393385,1.64810335245254,247.75,0.177580454910816,0.75,1,4
"FluSight-ensemble",2026-02-28,0.728280141284701,0.805637126062132,117.257717391304,0.0882419683066447,0.652796137024166,0.730601383878409,170.25,0.128515644244459,1,1,4
"FluSight-ensemble",2026-03-07,0.476555373323655,0.499986627389431,154.001630434783,0.129698584518504,0.527023082073149,0.579943332091077,279.5,0.244921643196966,0.5,1,4
"FluSight-ensemble",2026-03-14,0.461100322194174,0.496533850910229,169.262391304348,0.191736357878206,0.531013681860075,0.603957902504759,314.25,0.367667463394639,0.25,1,4
"FluSight-ensemble",2026-03-21,0.442711492007073,0.525602597826109,89.6119565217391,0.124834493666361,0.316059039963782,0.42459398677935,105.75,0.157501008388526,0.75,1,4
"FluSight-ensemble",2026-03-28,0.335117291031104,0.372049868476949,74.8404347826087,0.138797804601041,0.282645082551018,0.360804221177332,107.75,0.21446055504334,0.75,1,4
"FluSight-ensemble",2026-04-04,0.312388513211058,0.347465710232536,51.8814130434783,0.134722741688711,0.224738610914025,0.289722000153098,64,0.17575725328538,1,1,4
"FluSight-ensemble",2026-04-11,0.327543355203753,0.343728600281456,37.5108695652174,0.125042209700539,0.16162860838726,0.204665993325645,32,0.107761509841807,1,1,4
"FluSight-ensemble",2026-04-18,0.354832893531575,0.356128641168801,35.9783695652174,0.147555001014995,0.189204898264869,0.231356003646657,33.75,0.13946439905462,0.75,1,4
"FluSight-ensemble",2026-04-25,0.570504728145638,0.541395110190745,36.780652173913,0.200683550246935,1.06766181020251,1.4153372624785,68,0.348836908726608,0.5,1,4
"FluSight-ensemble",2026-05-02,0.638300065905963,0.56740606811394,34.1371739130435,0.209388579210854,1.93295461710885,2.50251250446827,64.5,0.370950586717026,0.5,1,4
"FluSight-ensemble",2026-05-09,0.560783826950096,0.479825017131593,28.2778260869565,0.190160247486355,2.06795020483184,2.63510823044715,46.5,0.294482158247114,0.5,1,4
"FluSight-ensemble",2026-05-16,0.475195894031304,0.416337375824141,23.7189130434783,0.167701188248535,1.79158218823678,2.27242109245602,37,0.245351070887137,0.75,1,4
"FluSight-ensemble",2026-05-23,0.341336481350493,0.312913770463355,17.2351086956522,0.125187684387782,0.210827757726646,0.25820341459683,8.25,0.0576567969317712,1,1,4
"FluSight-ensemble",2026-05-30,0.288728464659054,0.258135130711533,17.0534782608696,0.130295894065156,0.102795082177441,0.120178039533877,4,0.0288887756967249,1,1,3
"FluSight-ensemble",2026-06-06,0.256525090844666,0.215882247424158,16.5689130434783,0.134956087812542,0.527542780839215,0.611938294872235,14.5,0.111878225775288,1,1,2
"FluSight-ensemble",2026-06-13,0.222492324210856,0.201213347769191,16.0369565217391,0.142633699120698,0.305555555555556,0.363021977782474,11,0.0905968953522267,1,1,1
"FluSight-lop_norm",2025-11-22,0.975596831032564,0.629674497139836,16.0086956521739,0.0997555136793916,1.77777777777778,1.63712376329407,16,0.101999167955121,1,1,1
"FluSight-lop_norm",2025-11-29,0.471066662564731,0.342465147422827,24.8276086956522,0.131313831472757,0.438695928977227,0.390077138133121,33,0.165602296545458,1,1,2
"FluSight-lop_norm",2025-12-06,0.485957523370306,0.305686155877927,33.1720289855072,0.144637617497837,0.408527033354264,0.348025247284394,41.3333333333333,0.17295842486174,1,1,3
"FluSight-lop_norm",2025-12-13,0.605702263972455,0.385434474105167,85.0817391304348,0.262636589250418,0.631747473142556,0.518939449493969,155.75,0.457165673374355,0.25,1,4
"FluSight-lop_norm",2025-12-20,0.633362529489842,0.432874334418534,184.050652173913,0.368754037368272,0.694198308689524,0.562725578362676,339.75,0.666274806118378,0,1,4
"FluSight-lop_norm",2025-12-27,0.604016784406373,0.441186840529499,368.035326086957,0.449373745275677,0.716858484528729,0.567447270000219,648,0.782410708316096,0,1,4
"FluSight-lop_norm",2026-01-03,0.498977494595819,0.383951760645106,350.385652173913,0.33684208660193,0.615703039725101,0.495792174094631,629.5,0.592002089517005,0.25,1,4
"FluSight-lop_norm",2026-01-10,0.609851392002403,0.41533369818829,226.271086956522,0.179366612300053,0.562752471007305,0.426619570072502,333.5,0.262253361739763,0.75,1,4
"FluSight-lop_norm",2026-01-17,1.36080856838064,0.813456125271052,232.338586956522,0.151215870930921,0.964666881603427,0.681655981572357,241.75,0.160738556999315,1,1,4
"FluSight-lop_norm",2026-01-24,1.11670343274851,0.879299822015755,243.406956521739,0.146029756299236,0.605834378057396,0.54315994746991,216.5,0.138193395028156,0.75,1,4
"FluSight-lop_norm",2026-01-31,1.10156480157007,1.03189010981065,219.410652173913,0.146226853621361,0.80659896554433,0.797040511562906,252.75,0.168739466327741,0.5,1,4
"FluSight-lop_norm",2026-02-07,0.890250820022059,0.932165432737964,417.215326086957,0.265680708178161,1.04035612933261,1.05596597857885,749.5,0.452520406826402,0.25,1,4
"FluSight-lop_norm",2026-02-14,0.998107780903068,1.07243302340521,434.783260869565,0.273794476813594,1.15213862273581,1.21585090334871,783.5,0.475190350216109,0,1,4
"FluSight-lop_norm",2026-02-21,1.56573637377743,1.67063576674636,169.432391304348,0.125127575569729,1.53623336554419,1.70999519413475,255.5,0.183374910305504,0.75,1,4
"FluSight-lop_norm",2026-02-28,0.838703261207641,0.931821579559535,135.097391304348,0.102058821753897,0.639705050606264,0.714376899254803,167.25,0.125831306780656,1,1,4
"FluSight-lop_norm",2026-03-07,0.499805982135744,0.519299051782184,161.072934782609,0.13421466305215,0.487032143332367,0.538432329643107,259.75,0.22858304956641,0.75,1,4
"FluSight-lop_norm",2026-03-14,0.452500790822655,0.487754274705866,165.060652173913,0.187221519181479,0.486467336973145,0.568018940347251,285.75,0.34385089185816,0.5,1,4
"FluSight-lop_norm",2026-03-21,0.47751649998609,0.591459623924249,96.9636956521739,0.140941053674832,0.308244373558946,0.415046855624391,103.25,0.154107483685417,0.75,1,4
"FluSight-lop_norm",2026-03-28,0.366291141840561,0.42316015832737,81.4134782608696,0.157000875110979,0.271429926240795,0.344224822115889,104.25,0.206290533575832,0.75,1,4
"FluSight-lop_norm",2026-04-04,0.353681465546553,0.416774271043656,58.9967391304348,0.162285931872191,0.223693211124369,0.292210970264112,64.25,0.178750320657521,1,1,4
"FluSight-lop_norm",2026-04-11,0.367220743085477,0.419747858702719,42.0152173913043,0.152620730322831,0.125879706072025,0.165220337254352,24.75,0.0865480713444493,1,1,4
"FluSight-lop_norm",2026-04-18,0.360418951997286,0.394042814748998,36.4065217391304,0.16283053793353,0.164319549366025,0.21129019117389,28,0.121978503224476,1,1,4
"FluSight-lop_norm",2026-04-25,0.60249315357026,0.610492146545536,38.9003260869565,0.226779371392408,1.04833960460075,1.38574636353906,66.75,0.341432939307808,0.5,1,4
"FluSight-lop_norm",2026-05-02,0.660358161085401,0.627377413115607,35.3378260869565,0.231647279521532,1.8438987279804,2.37949334039611,61.5,0.35252374174023,0.5,1,4
"FluSight-lop_norm",2026-05-09,0.600137420374914,0.548200307058321,30.2545652173913,0.217262803051978,2.15596118179362,2.74250888879253,48.25,0.304938701806768,0.5,1,4
"FluSight-lop_norm",2026-05-16,0.508982197335768,0.473839854664633,25.4159782608696,0.19105031475607,1.81160100209203,2.32488106235102,37.5,0.251767669516351,0.75,1,4
"FluSight-lop_norm",2026-05-23,0.364957328176998,0.345771170633828,18.4572826086957,0.138611523731053,0.31540687118566,0.385790247974386,11.75,0.0818690350928206,1,1,4
"FluSight-lop_norm",2026-05-30,0.315054178993433,0.290057014953484,18.6702898550725,0.146916160899965,0.191542692937612,0.229039343895957,7.66666666666667,0.0566258136962074,1,1,3
"FluSight-lop_norm",2026-06-06,0.288803905261762,0.257622043272838,18.6654347826087,0.161170880657192,0.542703113042506,0.63209498585374,15,0.11626231062121,1,1,2
"FluSight-lop_norm",2026-06-13,0.265452615197158,0.264090272666991,19.1334782608696,0.187205137779902,0.444444444444444,0.539570462958698,16,0.134656885146257,1,1,1
"FluSight-trained_mean",2025-11-22,0.984208155586762,0.595277867171659,16.15,0.0943062640958351,2.66666666666667,2.39704622818678,24,0.14934528855232,1,1,1
"FluSight-trained_mean",2025-11-29,0.426905669816022,0.282607303913671,22.4267083914509,0.107784745604231,0.252361519056725,0.21593128820686,18.9434248612564,0.091514716991155,1,1,2
"FluSight-trained_mean",2025-12-06,0.487003014163574,0.268983754680649,33.0065933989715,0.125886369504044,0.127925249793521,0.102244478106486,12.4471911558339,0.0488267477434163,1,1,3
"FluSight-trained_mean",2025-12-13,0.41307499093667,0.244166223089357,58.461679300367,0.166991687820178,0.344434175109249,0.254061951253064,83.1655386925203,0.218517680852989,1,1,4
"FluSight-trained_mean",2025-12-20,0.370964831983263,0.233547288528718,105.419731755527,0.193689644456407,0.395600559981461,0.269142107126206,186.965581424161,0.302937537678992,0.75,1,4
"FluSight-trained_mean",2025-12-27,0.41353936955792,0.273725062702637,247.473470907939,0.272485877939369,0.51945123090128,0.35140104770092,464.706456077875,0.474174233451332,0,1,4
"FluSight-trained_mean",2026-01-03,0.324098350501054,0.22197266335799,225.265367003112,0.19192114942962,0.390781825219965,0.264676276410557,400.000781820382,0.312231534459696,0.5,1,4
"FluSight-trained_mean",2026-01-10,0.456515840755962,0.274719114893478,167.717089988743,0.116578046074265,0.386894121994411,0.259138225383473,217.297452680878,0.149259695699137,1,1,4
"FluSight-trained_mean",2026-01-17,1.30193055402051,0.715708567151081,221.35953955991,0.132092677584166,1.22743977514543,0.805509030684552,307.335486677788,0.18936301329079,0.5,1,4
"FluSight-trained_mean",2026-01-24,0.920792535696145,0.683481369518115,200.95469233815,0.113623978316477,0.785557462348301,0.655118987645489,277.482212310833,0.164085332765033,0.75,1,4
"FluSight-trained_mean",2026-01-31,0.84575662595077,0.720803752599844,168.905626687464,0.102165795996166,0.640163978515907,0.588823264927716,199.235932394483,0.123797877763299,1,1,4
"FluSight-trained_mean",2026-02-07,0.717546068158641,0.696902793300243,335.672240479722,0.197882325450411,0.855240626618805,0.824347003029306,615.524117084947,0.352830090988369,0.25,1,4
"FluSight-trained_mean",2026-02-14,0.851251245723664,0.852749467486414,369.291268489784,0.216302260793062,0.999346536104096,0.998938635362225,677.133871918927,0.388288401597476,0,1,4
"FluSight-trained_mean",2026-02-21,1.3833101045848,1.41116808733455,149.390073493817,0.105157768266413,1.22238669208176,1.32764021233003,215.87944802301,0.150978460042132,1,1,4
"FluSight-trained_mean",2026-02-28,0.814087325303398,0.879811297512762,131.310655719965,0.096406828063056,0.547666254074063,0.608285032790637,149.678624678363,0.112042590441243,1,1,4
"FluSight-trained_mean",2026-03-07,0.529691326751581,0.54208703349513,169.35334553298,0.139305874329792,0.532903393377274,0.592226350762454,278.838453030312,0.247108651773303,0.75,1,4
"FluSight-trained_mean",2026-03-14,0.50441322488634,0.530660980953692,184.998469689101,0.204801653570211,0.53511944930717,0.616519660910897,316.398621549105,0.375570349718605,0.25,1,4
"FluSight-trained_mean",2026-03-21,0.535992332766987,0.583799837972459,110.007271965552,0.140015356269183,0.466577346747743,0.573360039854543,161.112390401137,0.218355417594603,0.75,1,4
"FluSight-trained_mean",2026-03-28,0.380798920252935,0.407697374788287,86.0339570667232,0.153623143370367,0.307693363956284,0.371310738848827,122.602537350146,0.229957631811474,0.75,1,4
"FluSight-trained_mean",2026-04-04,0.323929063638165,0.3573749964733,54.7812450181329,0.140386983873346,0.248533257624788,0.318355873796387,73.3400027679806,0.19931695476925,0.75,1,4
"FluSight-trained_mean",2026-04-11,0.302600012682364,0.356968069221319,34.3541902460244,0.128663757980553,0.196515049793859,0.287307786073281,36.4263877259654,0.142127809517572,1,1,4
"FluSight-trained_mean",2026-04-18,0.26333044822577,0.351467747359004,26.2838121238214,0.143926528997667,0.187799466305348,0.301761810658567,29.872786406264,0.163455456939213,1,1,4
"FluSight-trained_mean",2026-04-25,0.843232751351393,0.891273514527299,54.4690335871701,0.33159587029848,1.61239935092371,2.40527852774999,103.091214190854,0.595835893965927,0,1,4
"FluSight-trained_mean",2026-05-02,0.937519554763068,0.926013765575704,50.2504838372719,0.342798692488403,2.76494578814065,4.05474060998619,92.4592090395534,0.60313489392623,0.25,1,4
"FluSight-trained_mean",2026-05-09,0.813635764370404,0.756313539132989,41.3421149829443,0.302355634153308,3.10829646824386,4.50515997100308,69.5845903814337,0.501629043946875,0.25,1,4
"FluSight-trained_mean",2026-05-16,0.583379295914278,0.546195286374694,29.6294589240922,0.225317265074524,2.17784651374106,3.15132890431814,46.8774395088956,0.356837789765908,0.5,1,4
"FluSight-trained_mean",2026-05-23,0.31780900127876,0.289990322875605,16.3901470272973,0.119876416965591,0.348786262081554,0.477986099406948,15.435290211542,0.123366863098007,0.75,1,4
"FluSight-trained_mean",2026-05-30,0.231344462088526,0.182790987367419,13.7465372352871,0.0924506172595922,0.0423964743656454,0.048488767957689,1.95045437985906,0.0137408233577316,1,1,3
"FluSight-trained_mean",2026-06-06,0.211879091941964,0.158260386964809,13.7152346862419,0.0988988033217469,0.209351658482525,0.23779885078072,5.92585651673486,0.0448330911252577,1,1,2
"FluSight-trained_mean",2026-06-13,0.170416827249749,0.141942561059952,12.2834226253437,0.100618536350134,0.277064860360141,0.327748019673327,9.97433497296507,0.0817938165111212,1,1,1
"FluSight-trained_med",2025-11-22,0.984208155586762,0.595277867171659,16.15,0.0943062640958351,2.66666666666667,2.39704622818678,24,0.14934528855232,1,1,1
"FluSight-trained_med",2025-11-29,0.407549646021466,0.276538249968311,21.4759886600719,0.105605689176365,0.320693282874381,0.280540808991629,24,0.118553634855901,1,1,2
"FluSight-trained_med",2025-12-06,0.399311684146563,0.232536657549053,27.6552262689005,0.110733093203726,0.228579329059605,0.187704457538196,22.9075956612933,0.0924884088835055,1,1,3
"FluSight-trained_med",2025-12-13,0.490899238984461,0.300557025940405,68.8076081934458,0.203938553511285,0.497894019392556,0.386782046172402,121.852679968975,0.337666904486467,0.25,1,4
"FluSight-trained_med",2025-12-20,0.565956944359553,0.369154136296567,164.940386612688,0.315282525624666,0.596706238451995,0.457003580484044,292.041045269711,0.538935822150559,0,1,4
"FluSight-trained_med",2025-12-27,0.566812154514659,0.389491843031246,346.097193731456,0.39721624404034,0.646377217506602,0.486516191797123,585,0.669837672608975,0,1,4
"FluSight-trained_med",2026-01-03,0.429944850208711,0.309380274735032,305.576627242314,0.275452043719464,0.491974131367527,0.379320647783849,516.734969300041,0.466383036522187,0.25,1,4
"FluSight-trained_med",2026-01-10,0.450075566710186,0.279251432519572,166.710877083118,0.119626612038005,0.390612529189005,0.267189246703398,225.079264616207,0.158205189331458,1,1,4
"FluSight-trained_med",2026-01-17,1.00490980115692,0.588879078465782,172.771216698624,0.109861446016675,0.802504241550143,0.554011446578118,204.370388786545,0.132279688352678,1,1,4
"FluSight-trained_med",2026-01-24,0.816833348229374,0.67189155028264,177.869130119106,0.111566440815517,0.502728041938676,0.454977929090277,179.740036769444,0.115810739385719,0.75,1,4
"FluSight-trained_med",2026-01-31,0.931348964202056,0.899146023401657,184.83140861107,0.126875963932637,0.747329930697633,0.734265476703472,233.660553267111,0.155067774803899,0.5,1,4
"FluSight-trained_med",2026-02-07,0.904970834802919,0.925970377330235,422.771741716081,0.262820724283232,1.04018617372894,1.0568878352873,748.21114192127,0.451948966711916,0,1,4
"FluSight-trained_med",2026-02-14,1.02497292430859,1.07882513239357,447.217477299535,0.275699486407469,1.12984378055323,1.18437119598317,768.057318486047,0.462456748969359,0,1,4
"FluSight-trained_med",2026-02-21,1.40978910890089,1.46105806032154,153.246514539691,0.10979868862333,1.45068562344657,1.61688357946561,243.646800710765,0.175077908506299,0.75,1,4
"FluSight-trained_med",2026-02-28,0.800248494381624,0.843888354168306,128.287477892195,0.091799704711634,0.622708066000726,0.668637956345444,160.062519423861,0.115462427517131,1,1,4
"FluSight-trained_med",2026-03-07,0.564660214323307,0.577813778816879,182.754041103794,0.150117499165319,0.570919451874274,0.617434103768066,304.223799230789,0.261711182013872,0.5,1,4
"FluSight-trained_med",2026-03-14,0.518064627846665,0.545687733476968,191.023695174967,0.211542838818625,0.545820461337129,0.614565287879012,324.152980319002,0.3752449456972,0.25,1,4
"FluSight-trained_med",2026-03-21,0.487091041423257,0.5700560193273,98.8764261687488,0.135604363356726,0.353472788433923,0.465648606049556,119.323522055388,0.173995274696333,0.75,1,4
"FluSight-trained_med",2026-03-28,0.345719976245179,0.381659522929238,77.1444495311224,0.142207553653723,0.299137941099271,0.377519617443966,114.217794292097,0.224652716439949,0.75,1,4
"FluSight-trained_med",2026-04-04,0.323481470135258,0.358811565855744,53.6886005137327,0.139025412087059,0.2649822664256,0.342992582076615,75.6905533950707,0.208787749315309,0.75,1,4
"FluSight-trained_med",2026-04-11,0.342878797319443,0.354648112041525,39.2715904018411,0.128986193058192,0.178536487471887,0.222981948401963,35.9783469732104,0.119483453731893,1,1,4
"FluSight-trained_med",2026-04-18,0.369194024338041,0.368213284393883,37.3861377112925,0.152253474451381,0.186367621507871,0.227259380305582,33.1621708889437,0.136646304361599,0.75,1,4
"FluSight-trained_med",2026-04-25,0.581129559553893,0.561986966885212,37.4566831443263,0.208285894038168,1.08691537221971,1.44647567899413,69.2084947568307,0.356402248854356,0.5,1,4
"FluSight-trained_med",2026-05-02,0.667110306745464,0.603242284546233,35.6894606991914,0.222788709288592,1.97131571589684,2.57845970827112,65.7509845618411,0.382004165532613,0.5,1,4
"FluSight-trained_med",2026-05-09,0.576845643382106,0.500554134730823,29.1489991469271,0.19908591089667,2.0012082405132,2.58713720807499,45.4668665194039,0.292342671014407,0.5,1,4
"FluSight-trained_med",2026-05-16,0.463866416943565,0.409899078688078,23.1959488774435,0.165549214421039,1.65822716808919,2.19441841370347,34.7911461053523,0.241192199187084,0.75,1,4
"FluSight-trained_med",2026-05-23,0.316346646674285,0.271805481353092,16.0358682171559,0.109277771009797,0.245747172817472,0.291251238440763,8.95312065226811,0.0604657600117597,1,1,4
"FluSight-trained_med",2026-05-30,0.263990764924462,0.214835435907324,15.6115625195233,0.108575591960429,0.151488064311347,0.171821425165023,5.73350334199801,0.0401204833351037,1,1,3
"FluSight-trained_med",2026-06-06,0.202311560054052,0.155219124590247,13.0810924255122,0.0970937042134368,0.261669884956286,0.295098685807244,7.21208755527256,0.054104488465164,1,1,2
"FluSight-trained_med",2026-06-13,0.173876513386974,0.13776991753751,12.5327922894809,0.0976606829705428,0.0183682096400509,0.0208092787278695,0.661255547041833,0.00519322840666625,1,1,1
"Gatech-ensemble_prob",2025-11-22,1.17185554171856,0.721873971360441,19.2291304347826,0.11436211749394,2.66666666666667,2.39704622818678,24,0.14934528855232,1,1,1
"Gatech-ensemble_prob",2025-11-29,0.440851064562337,0.331888057557351,23.8339130434783,0.132208125917658,0.312556234900775,0.284685089464236,28,0.145513161099891,1,1,2
"Gatech-ensemble_prob",2025-12-06,0.49116332711441,0.342225352883656,33.8507246376812,0.166062464032262,0.534150181965468,0.469519354282968,58,0.252331963370714,1,1,3
"Gatech-ensemble_prob",2025-12-13,0.77079205272483,0.541129298716723,110.940652173913,0.381704692362074,0.787005393309224,0.707494625175752,200.5,0.650506319793447,0,1,4
"Gatech-ensemble_prob",2025-12-20,0.789011815669515,0.601002556294779,234.101847826087,0.521028036548735,0.782253676767691,0.696123766622641,387,0.8355193039204,0.25,0.75,4
"Gatech-ensemble_prob",2025-12-27,0.851414928124255,0.692810516068257,521.919130434783,0.713600600929324,0.867203229252122,0.776918558231181,781.75,1.0749709093636,0,0.5,4
"Gatech-ensemble_prob",2026-01-03,0.678081305889412,0.542899497682564,472.690108695652,0.47304616793051,0.767165655168728,0.649680489079237,766,0.754657673189452,0,0.75,4
"Gatech-ensemble_prob",2026-01-10,0.51186860128956,0.357192855634661,192.417608695652,0.156589290002781,0.517207688443393,0.38780328171009,318,0.247521678547994,0.75,1,4
"Gatech-ensemble_prob",2026-01-17,0.813110559994909,0.624509070428556,138.697065217391,0.115744078789071,0.732737142039013,0.60737409868517,187,0.145909426029674,1,1,4
"Gatech-ensemble_prob",2026-01-24,0.72085349601312,0.641772693908038,159.135543478261,0.107988479690193,0.448287886624841,0.425687888462996,164.75,0.111437584926466,0.75,1,4
"Gatech-ensemble_prob",2026-01-31,1.32917397731813,1.38065057704675,264.869239130435,0.196177182896155,1.3810896958706,1.46785296130006,439,0.315744541177694,0.25,1,4
"Gatech-ensemble_prob",2026-02-07,1.39980460495741,1.49387844511659,657.238804347826,0.427010549749932,1.33966193803049,1.48503730178848,971.5,0.642134147956822,0,0.25,4
"Gatech-ensemble_prob",2026-02-14,1.40705334592313,1.47564609588481,610.468804347826,0.37465195201604,1.34662536251777,1.46624383392965,912,0.570260490880609,0,0.25,4
"Gatech-ensemble_prob",2026-02-21,1.75484941891988,1.81018341079834,190.090869565217,0.13584671936545,2.28023128217268,2.460299087781,360,0.250671489617129,0,1,4
"Gatech-ensemble_prob",2026-02-28,0.64873520387809,0.761770776081757,102.929130434783,0.0825726948681651,0.613694540241159,0.703931445110923,154,0.119428559895255,0.75,1,4
"Gatech-ensemble_prob",2026-03-07,0.66195050177048,0.666711531563479,218.730543478261,0.176293034415228,0.645684778533435,0.654345322383539,356,0.286236536261356,0.5,1,4
"Gatech-ensemble_prob",2026-03-14,0.489408693842676,0.531676823273955,178.973043478261,0.20457726469882,0.537087109555898,0.611838187340754,315,0.369360198236735,0,1,4
"Gatech-ensemble_prob",2026-03-21,0.332006407859813,0.383405407747632,67.8880434782609,0.0923141123018962,0.2040327846577,0.251752112896118,70.5,0.0963736115681499,1,1,4
"Gatech-ensemble_prob",2026-03-28,0.410234808368816,0.451396565701154,89.9734782608696,0.166495911705169,0.430193046392182,0.536190894231045,158.75,0.309819202446568,0.25,1,4
"Gatech-ensemble_prob",2026-04-04,0.518781664206563,0.532673931252637,86.9779347826087,0.208164815710386,0.541930106945647,0.646395438614247,156.25,0.396105937349966,0.5,1,4
"Gatech-ensemble_prob",2026-04-11,0.509588048477394,0.478735500708776,58.8036956521739,0.175400634008874,0.473388445329616,0.551708411658095,92,0.285460947512942,0.5,1,4
"Gatech-ensemble_prob",2026-04-18,0.498864535350681,0.466088621402096,50.651847826087,0.193469741284066,0.487717212021191,0.579920624657284,80.25,0.32308214998156,0.75,1,4
"Gatech-ensemble_prob",2026-04-25,0.591137890865178,0.557196896797087,38.399347826087,0.208313916271314,0.855295519165061,1.12328445986511,54.75,0.27866080404632,1,1,4
"Gatech-ensemble_prob",2026-05-02,0.639234736382469,0.622952414945401,34.269347826087,0.230603805796072,1.52463768042213,2.00689180217458,50.75,0.297145878755723,1,1,4
"Gatech-ensemble_prob",2026-05-09,0.574163095182363,0.481552364791126,28.8286956521739,0.189608753622655,1.40175570546812,1.62006982820399,31,0.17742075473575,1,1,4
"Gatech-ensemble_prob",2026-05-16,0.548797561594154,0.50444875359339,27.4571739130435,0.203366100342677,1.62455735345563,1.97338044803897,33.25,0.210837891685572,1,1,4
"Gatech-ensemble_prob",2026-05-23,0.477244500320837,0.478277832716017,24.1207608695652,0.191426811412289,0.460354259747949,0.566879710614326,16.25,0.113656729288905,1,1,4
"Gatech-ensemble_prob",2026-05-30,0.430935477385924,0.453157596507555,25.5055072463768,0.229678522137062,0.49347367043273,0.614668072194432,19,0.146145721092633,1,1,3
"Gatech-ensemble_prob",2026-06-06,0.425022527528782,0.442948523357314,27.4486956521739,0.277193711341989,0.993301847640805,1.22468757151753,27.5,0.225821336160125,1,1,2
"Gatech-ensemble_prob",2026-06-13,0.384380598500431,0.432278728569289,27.705652173913,0.306428548556114,0.75,0.957741295602849,27,0.239016900470499,1,1,1
"Gatech-ensemble_stat",2025-11-22,1.56321814381144,1.19202817897178,25.6510504198206,0.188845798668629,2.94126899032978,2.62471408109357,26.471420912968,0.163529879899218,1,1,1
"Gatech-ensemble_stat",2025-11-29,1.13247390959277,0.857625136600522,58.6386737800572,0.332033750201232,1.06717193963298,0.75856607790455,79.8835305671505,0.321790367500546,0.5,1,2
"Gatech-ensemble_stat",2025-12-06,0.470787558285604,0.390613811740581,33.6891781480287,0.209689383314486,0.30023111860944,0.244690308176399,30.293521637915,0.121116555583677,0.666666666666667,1,3
"Gatech-ensemble_stat",2025-12-13,1.01720175771293,0.730976617604692,140.270808700905,0.503058365683489,0.782589838603154,0.696995469581694,194.47674823341,0.621211755721621,0.25,0.25,4
"Gatech-ensemble_stat",2025-12-20,1.15421067169776,0.756988367139797,325.714992226286,0.643257631805003,0.859659526653965,0.700660092363179,406.625595679112,0.829110660197457,0,0,4
"Gatech-ensemble_stat",2025-12-27,0.538869909368887,0.349576688803133,363.680463228348,0.404363672198887,0.447720973786713,0.325949836744829,437.980601936898,0.498723130718623,0.25,0.5,4
"Gatech-ensemble_stat",2026-01-03,0.425836008653793,0.289787343863535,328.693750026033,0.282596257024703,0.357791515936745,0.267799726742198,392.616219119649,0.346100079262848,0.5,0.5,4
"Gatech-ensemble_stat",2026-01-10,1.05849568211931,0.58173222901807,413.094623824881,0.258828113408929,0.893331922461098,0.561477945510632,543.464957482651,0.348073802882699,0.25,0.5,4
"Gatech-ensemble_stat",2026-01-17,1.13143227059389,0.713491889527855,209.978575550985,0.142544312730519,1.09083538440292,0.792998484536522,313.139598573724,0.212190074920285,0.25,0.75,4
"Gatech-ensemble_stat",2026-01-24,0.538304824291878,0.474541559607112,118.199852119538,0.0792800057573726,0.569064925235166,0.531078394216598,202.223417415378,0.133849353363505,0.25,1,4
"Gatech-ensemble_stat",2026-01-31,1.15336228939201,1.11891446094842,225.348738199982,0.155306723032727,0.975714717505189,1.01079149114454,302.997567048148,0.21195818996894,0.5,0.5,4
"Gatech-ensemble_stat",2026-02-07,1.00579996239495,0.984425573970526,462.433162364382,0.274408388643736,0.870518226870488,0.879591036937834,618.461086168495,0.371309084000874,0.25,0.25,4
"Gatech-ensemble_stat",2026-02-14,1.2555050072575,1.28152008724408,548.981877196252,0.327972722387088,1.10898410559123,1.18374534271033,756.404512612146,0.463869481288992,0,0.25,4
"Gatech-ensemble_stat",2026-02-21,1.00420001185492,1.03908772872619,109.800107693544,0.0784344246854904,1.14354796277398,1.24989442626447,185.276753103465,0.130360517335071,0.75,1,4
"Gatech-ensemble_stat",2026-02-28,0.610226389315237,0.662986046068118,97.8623019755372,0.0718429219211445,0.535833427436765,0.587934276494646,135.964062238775,0.0999406951629367,0.5,1,4
"Gatech-ensemble_stat",2026-03-07,0.542196148005457,0.574853223078553,176.282527795695,0.150062260025074,0.590070106482009,0.64047062944154,312.604317833547,0.270034397224187,0,1,4
"Gatech-ensemble_stat",2026-03-14,0.605135539160217,0.654562427700252,224.354028819193,0.255263811312295,0.630545008983622,0.696485558838301,374.572020559976,0.425506973044953,0,1,4
"Gatech-ensemble_stat",2026-03-21,0.609919685819162,0.654639223436159,126.753278540927,0.159050653395703,0.607272062608245,0.700249601539547,214.795661318999,0.272097725208508,0.25,1,4
"Gatech-ensemble_stat",2026-03-28,0.63388211507007,0.638672792976922,145.139450263289,0.244137363143259,0.634750744036319,0.69438723440895,243.586438864261,0.413101457512767,0.25,1,4
"Gatech-ensemble_stat",2026-04-04,0.683531516864503,0.669207030880634,115.409248507638,0.263139090523592,0.68510905764706,0.748622526523122,199.258964071335,0.462402364362562,0.25,1,4
"Gatech-ensemble_stat",2026-04-11,0.719947532364074,0.619577655609464,84.389906526726,0.230079126833853,0.717696054484359,0.752589567295878,141.390392945388,0.393386097471663,0.5,1,4
"Gatech-ensemble_stat",2026-04-18,0.713186514851456,0.626988744084779,73.8885651358904,0.262366719784811,0.723673968508602,0.757675125925284,122.294144248491,0.428864630653064,0.5,1,4
"Gatech-ensemble_stat",2026-04-25,0.752382952658282,0.70660895531054,48.7866725788972,0.262883631069314,1.35242157612455,1.76230903230342,86.4555300775021,0.435339794547506,0.25,1,4
"Gatech-ensemble_stat",2026-05-02,0.805082863722188,0.902946244386712,43.0861520265301,0.334270938496416,2.35165363711757,3.42104616602082,78.5898755262248,0.508107437882975,0.5,1,4
"Gatech-ensemble_stat",2026-05-09,0.725234341413778,0.783576554728426,36.6310966674916,0.312411135865803,2.95674007159267,4.12380896341214,66.0080515997897,0.457698611444433,0.75,1,4
"Gatech-ensemble_stat",2026-05-16,0.611601468678756,0.657483668716647,30.7842598644577,0.269599210059524,1.86778506784415,2.64692439209443,41.2993479745377,0.307864274348788,1,1,4
"Gatech-ensemble_stat",2026-05-23,0.528851141148992,0.552327537025876,26.9954398705376,0.228558974640925,0.642565460970226,0.851323011126159,24.4219936139595,0.187788427969719,1,1,4
"Gatech-ensemble_stat",2026-05-30,0.510095865193607,0.456699297838686,30.2827998373436,0.232242824238512,0.189191782766935,0.214409323182462,7.26100988079342,0.050777080426555,1,1,3
"Gatech-ensemble_stat",2026-06-06,0.497430544836697,0.454170089977051,32.1472785881262,0.284456196233304,0.305438564311731,0.35175655994541,8.84453497757254,0.0679010042338266,1,1,2
"Gatech-ensemble_stat",2026-06-13,0.490213758601903,0.446138651033312,35.3339683107748,0.316253403778131,0.0183682096400509,0.0208092787278695,0.661255547041833,0.00519322840666625,1,1,1
"Google_SAI-FluEns",2025-11-22,1.48447974351501,0.866713802006989,24.3590217391304,0.137308213886619,3.68055555555556,3.22206173709584,33.125,0.200746958569909,1,1,1
"Google_SAI-FluEns",2025-11-29,0.453318342517999,0.295893732373789,23.9939921875,0.113512553652727,0.138469929535396,0.117358406772918,10.46875,0.05015420256656,1,1,2
"Google_SAI-FluEns",2025-12-06,0.544371164976336,0.274253475977816,36.1501738375604,0.127096747462194,0.225085067555787,0.165104075050125,22.2372685185185,0.0803053777240166,1,1,3
"Google_SAI-FluEns",2025-12-13,0.36532097033928,0.198328941277208,51.7683038434618,0.136096610096197,0.199537123150208,0.142358384142935,51.1339172979798,0.130381546103437,1,1,4
"Google_SAI-FluEns",2025-12-20,0.29068916374242,0.165718959934116,82.7519067550505,0.136665129469462,0.252990879062627,0.163378639262889,124.437184343434,0.192140395185477,1,1,4
"Google_SAI-FluEns",2025-12-27,0.267156393093952,0.1588846623856,158.915541076526,0.156165358661188,0.323724094756111,0.197862583322892,289.030934343434,0.265520907232305,0.5,1,4
"Google_SAI-FluEns",2026-01-03,0.205650941636791,0.116207701393363,139.720667166914,0.0972980537398886,0.131516392871361,0.0772497042123744,133.434659090909,0.0899997159852521,1,1,4
"Google_SAI-FluEns",2026-01-10,0.506566689212607,0.262326456070095,187.275613449028,0.111234678563568,0.323388242390203,0.187450026166234,195.542613636364,0.115015418027011,0.75,1,4
"Google_SAI-FluEns",2026-01-17,1.52885288199499,0.827379189277403,261.936541885568,0.153630358219656,1.57698159094693,1.01702909431378,399.397569444444,0.241301237532925,0.5,1,4
"Google_SAI-FluEns",2026-01-24,1.22951404712903,0.923173450271612,267.546285013587,0.153166166205417,1.20933637060713,1.01862093235442,426.212152777778,0.254936996018369,0.5,1,4
"Google_SAI-FluEns",2026-01-31,1.20527540056099,1.10454264084779,239.048638138587,0.155753980300798,1.22242603330785,1.2047249539312,383.481597222222,0.255313198450793,0.5,1,4
"Google_SAI-FluEns",2026-02-07,1.0161217725911,1.0515250166762,473.896115277778,0.297601541320928,1.1733098471753,1.23305513995802,843.808333333333,0.527143434432353,0,1,4
"Google_SAI-FluEns",2026-02-14,1.19404422454562,1.28033308380983,518.650211086956,0.325477730946451,1.34304337998359,1.4702907766354,910.3,0.572424908911377,0,1,4
"Google_SAI-FluEns",2026-02-21,1.80170514372911,2.0155016348423,195.957627717391,0.151242171844165,1.99261772071372,2.40278999816084,324.4,0.252152602039061,0.5,1,4
"Google_SAI-FluEns",2026-02-28,0.815542938484952,0.980805531603515,131.336398478261,0.107238675356681,0.659666388395748,0.819816728190448,169.85,0.142700611376257,1,1,4
"Google_SAI-FluEns",2026-03-07,0.313564940926959,0.348828409925314,100.408473586957,0.0896588533952073,0.153913627949,0.18411433394717,83.85,0.0799198474528764,1,1,4
"Google_SAI-FluEns",2026-03-14,0.275369296012548,0.310266172433108,100.210100978261,0.118897479673923,0.24406768305496,0.313496064198994,144.1,0.19112019806899,1,1,4
"Google_SAI-FluEns",2026-03-21,0.423311319021892,0.543214972952186,84.8041067391304,0.128199077667855,0.323014929188005,0.463981875627487,106.45,0.170101076250452,0.75,1,4
"Google_SAI-FluEns",2026-03-28,0.226222500110714,0.273328085319887,49.3229657608696,0.100024072789695,0.105536274718507,0.150019376017257,39.6,0.0882079040960813,1,1,4
"Google_SAI-FluEns",2026-04-04,0.260773640282515,0.304498002037494,43.4823340217391,0.118198362365952,0.147569584867517,0.212917338869092,42.275,0.129696715545633,1,1,4
"Google_SAI-FluEns",2026-04-11,0.299835491662674,0.335992001766103,34.0078275,0.121060640855552,0.149173761129553,0.224542311279037,27.425,0.110300261848146,1,1,4
"Google_SAI-FluEns",2026-04-18,0.259103646176207,0.286307060679629,26.0204251086957,0.117990714946909,0.0978597993291362,0.143289294078693,16.075,0.0800415727380803,1,1,4
"Google_SAI-FluEns",2026-04-25,0.591432825712779,0.541660499841373,38.1603484782609,0.200972834772673,1.11415620721591,1.4914086608642,70.975,0.367675993123791,0.5,1,4
"Google_SAI-FluEns",2026-05-02,0.627208654410759,0.528275888249699,33.5830825,0.195072200622272,1.94343899619129,2.50248109900673,64.875,0.371098845753772,0.5,1,4
"Google_SAI-FluEns",2026-05-09,0.576540470419535,0.463684572150531,29.0173051086957,0.183012847109524,2.35737680942364,2.96982172309912,52.25,0.326459906820064,0.5,1,4
"Google_SAI-FluEns",2026-05-16,0.476840198248287,0.388805989815586,23.8487856521739,0.156720223923425,1.84812483138143,2.31094127241428,38.25,0.249911136466788,1,1,4
"Google_SAI-FluEns",2026-05-23,0.353722142753468,0.294713340907098,17.8809607608696,0.117437209236175,0.315449645202354,0.387906927962122,11.825,0.0828331307549928,1,1,4
"Google_SAI-FluEns",2026-05-30,0.302862036381063,0.24427841607885,17.9743427536232,0.123702706378687,0.214830521298107,0.260030970083879,8.56666666666667,0.0641300884879984,1,1,3
"Google_SAI-FluEns",2026-06-06,0.287584902809537,0.223915886904415,18.5994943478261,0.140096823675167,0.706415181411588,0.837972584784813,19.5,0.153937134466813,1,1,2
"Google_SAI-FluEns",2026-06-13,0.257790717874787,0.210063463190752,18.5812186956522,0.148907262550846,0.563888888888889,0.697883293393673,20.3,0.174165928150884,1,1,1
"JHU_CSSE-CSSE_Ensemble",2026-01-03,0.246132054324517,0.175147162833338,61.9593477063942,0.0410490553548275,0.13460915540024,0.101252997034762,37.0478867369136,0.0238956605821974,1,1,1
"JHU_CSSE-CSSE_Ensemble",2026-01-10,0.376715012920269,0.232497731888612,125.786119271835,0.0766442716748557,0.478490781513243,0.33832870596249,238.813996081802,0.148197397066387,1,1,1
"JHU_CSSE-CSSE_Ensemble",2026-01-17,0.977465277106922,0.58841827127866,205.995498191602,0.125353870819516,1.57135346590532,1.12768017187741,397.394612795393,0.250340621712805,0,1,1
"JHU_CSSE-CSSE_Ensemble",2026-01-24,0.539218692681447,0.430915785217639,154.223995921386,0.0876330104379991,0.519118053601789,0.455124551737338,178.4071702863,0.104169932276264,1,1,1
"LUcompUncertLab-chimera",2025-11-22,1.19265520256485,0.714212501283298,19.5704347826087,0.113148357231207,4,3.47345153375506,36,0.216409519132865,0,1,1
"LUcompUncertLab-chimera",2025-11-29,0.526108624834237,0.36198465526526,27.190652173913,0.135737376163295,0.481210744700652,0.443877940334398,36,0.187742137948114,0.5,1,2
"LUcompUncertLab-chimera",2025-12-06,0.549653945016291,0.331026884560549,36.5997101449275,0.151359953779908,0.538563930015009,0.471834731195694,54.6666666666667,0.234882005372874,0.333333333333333,1,3
"LUcompUncertLab-chimera",2025-12-13,0.900480060009267,0.559588040900939,120.634347826087,0.360692941756015,0.677130920083186,0.589285646300353,161,0.499771067567974,0.25,0.25,4
"LUcompUncertLab-chimera",2025-12-20,1.18102787223551,0.826625882893079,329.481086956522,0.671927722888666,0.888135082340977,0.789997888644384,421.75,0.902870446616773,0,0,4
"LUcompUncertLab-chimera",2025-12-27,1.23169425735807,0.989794171902925,735.657608695652,0.987698356848618,0.958087076269716,0.902004258190362,853.75,1.22447288200702,0,0,4
"LUcompUncertLab-chimera",2026-01-03,1.20231210940518,1.17589718541094,826.312717391304,0.984934809112089,0.971854619525777,0.922383781523974,960.75,1.0583800078023,0.25,0.25,4
"LUcompUncertLab-chimera",2026-01-10,1.44658200432879,1.48685177138999,615.837971014493,0.73561930128848,1.14225019016797,1.09691178535643,763,0.771645022956089,0.333333333333333,0.333333333333333,3
"LUcompUncertLab-chimera",2026-01-17,2.26629174849177,2.65313615538383,479.918913043478,0.620479443434823,1.69632584943843,1.71201015928695,505.5,0.489618226443882,0.5,1,2
"LUcompUncertLab-chimera",2026-01-24,2.08642094936812,3.4536620302024,596.745217391304,0.702352550369417,1.18426320801386,1.25958934848426,407,0.288297646493995,1,1,1
"LUcompUncertLab-puca",2026-01-10,0.851577600973615,0.53117195872015,148.314347826087,0.0896634144389959,1.18804198123301,0.829218536297662,254,0.156917989193816,1,1,1
"LUcompUncertLab-puca",2026-01-17,2.17412343022231,1.45357901177081,252.249782608696,0.177550617624849,2.4959144165943,1.71151169761612,406.5,0.253540912569571,0.5,1,2
"LUcompUncertLab-puca",2026-01-24,1.12164669600196,0.845146177374844,205.098405797101,0.12187843291091,0.823393317798401,0.613896111554981,262.666666666667,0.143527193921871,0.666666666666667,1,3
"LUcompUncertLab-puca",2026-01-31,1.22969668085639,1.01675140550624,243.317391304348,0.14272380741176,1.10609971076001,0.956171861135583,346,0.201440333241592,0.5,0.75,4
"LUcompUncertLab-puca",2026-02-07,0.88730972422772,0.868861676848347,408.98152173913,0.242548002615411,0.688153697850261,0.699328588445385,482.75,0.291796415919094,0.5,0.5,4
"LUcompUncertLab-puca",2026-02-14,1.21137874286803,1.25447705618639,531.788369565217,0.323181534544081,1.02065456966885,1.08675516690078,695.75,0.427121706220249,0.25,0.25,4
"LUcompUncertLab-puca",2026-02-21,1.92316939264027,2.33148241704469,220.908913043478,0.186493740127387,1.71236002194853,2.27005938786563,298.75,0.257712892617889,0.5,0.75,4
"LUcompUncertLab-puca",2026-02-28,0.668611647154951,0.796428460912091,104.517608695652,0.0841592269360504,0.757673254491782,0.884010568066784,189.5,0.148422845902918,0.25,1,4
"LUcompUncertLab-puca",2026-03-07,0.461665197759031,0.574233806362289,147.968152173913,0.146877941602632,0.473835569468844,0.569015218650911,248,0.236421015952055,0.5,1,4
"LUcompUncertLab-puca",2026-03-14,0.324303619627595,0.444186872712965,118.621195652174,0.170001425790926,0.217866480382196,0.260858061473352,136,0.166635260822402,0.75,0.75,4
"LUcompUncertLab-puca",2026-03-21,0.73202432001826,1.30164434515016,146.6675,0.310000004745648,0.78196233949482,1.25437619067971,263.75,0.471395727957797,0,1,4
"LUcompUncertLab-puca",2026-03-28,0.297863771761661,0.68507886463122,63.9525,0.250064882531924,0.261989664200647,0.449874385881774,94.5,0.255026605497769,0.75,1,4
"LUcompUncertLab-puca",2026-04-04,0.292443539333191,0.785007820741224,48.6120652173913,0.306264016185213,0.220981684070909,0.384715820326718,63.25,0.235000862875884,1,1,4
"LUcompUncertLab-puca",2026-04-11,0.38783528406035,1.07950029195542,44.7318478260869,0.408797593899823,0.379529420429202,0.698774177217992,73.25,0.363701616292931,1,1,4
"LUcompUncertLab-puca",2026-04-18,0.306326189124142,0.843726650477192,30.77,0.357377793051048,0.212276175307222,0.507158424436487,36.75,0.304697603355832,1,1,4
"LUcompUncertLab-puca",2026-04-25,0.591372944791697,0.652956979738777,38.1721739130435,0.242469359180531,1.13555677904279,1.52515944294259,72.5,0.377010180605676,0,1,4
"LUcompUncertLab-puca",2026-05-02,0.859227631426659,1.06011108284975,46.1817391304348,0.394842878158484,2.68381913744846,3.7152745197953,90,0.554039630467267,0,1,4
"LUcompUncertLab-puca",2026-05-09,0.702850209396181,0.884657000281874,40.7382608695652,0.410251527666855,2.93815705252206,3.89737443367878,78.6666666666667,0.520651136619584,0.333333333333333,1,3
"LUcompUncertLab-puca",2026-05-16,0.787092861323701,1.14141649603305,41.5350724637681,0.50857087896406,3.45669995672696,4.91172938384157,80.3333333333333,0.609018695876134,0.333333333333333,1,3
"LUcompUncertLab-puca",2026-05-23,0.631247303336415,1.19180624951578,35.1186956521739,0.527563422152186,1.51367467407364,2.29998992645229,63,0.541596669545471,1,1,2
"LosAlamos-DoSiDo",2025-11-22,1.42680374128931,0.962684815120638,23.4126086956522,0.152512319746027,3.22222222222222,2.85435248694082,29,0.177837244346626,1,1,1
"LosAlamos-DoSiDo",2025-11-29,0.67111399975831,0.843931764127676,35.9110869565217,0.34001209605811,0.278132871918891,0.247011718266693,21,0.10548314580488,1,1,2
"LosAlamos-DoSiDo",2025-12-06,0.653549140004037,0.78861077071095,46.0136231884058,0.403475883322196,0.300694747066879,0.252399809472816,29.6666666666667,0.122381085647914,0.666666666666667,1,3
"LosAlamos-DoSiDo",2025-12-13,0.653171368456219,0.664525903794904,94.2219565217391,0.509838833911962,0.554962404767834,0.443569259067086,140.25,0.402583830662517,0.25,1,4
"LosAlamos-DoSiDo",2025-12-20,0.803761529026485,0.692370108793677,227.683695652174,0.607539681824622,0.733346941104301,0.597873733004842,352.25,0.695205303849897,0,1,4
"LosAlamos-DoSiDo",2025-12-27,0.861944430645687,0.679070934414165,510.278152173913,0.667278948439973,0.835372470056722,0.683479619683622,738.5,0.909896139505813,0,1,4
"LosAlamos-DoSiDo",2026-01-03,0.848427934749218,0.854402009709184,578.959347826087,0.723590018126344,0.903189613945216,0.779149994226033,888.25,0.881356485418969,0,1,4
"LosAlamos-DoSiDo",2026-01-10,1.05145387172159,1.42713626476879,402.219891304348,0.646327095115945,1.03120243577901,0.997750052324543,635.5,0.641710072359796,0.25,1,4
"LosAlamos-DoSiDo",2026-01-17,1.81509884523803,3.25884413716756,313.722173913043,0.623419478482453,1.57137704512204,1.63283783855735,430.25,0.432682549881493,0.5,1,4
"LosAlamos-DoSiDo",2026-01-24,1.42965697073454,3.09733828402137,312.817173913044,0.521762091298604,0.973592638932717,1.06642240675725,350.75,0.276506666287227,0.75,1,4
"LosAlamos-DoSiDo",2026-01-31,1.69165167893345,2.694393544505,340.145326086957,0.387741030303756,1.14575679506871,0.986725437665639,362.75,0.210563393295323,0.75,1,4
"LosAlamos-DoSiDo",2026-02-07,0.959156579054872,1.21335162827274,451.769347826087,0.352869292013584,0.781218712516309,0.69608349184097,553.5,0.29239501157542,0.5,0.75,4
"LosAlamos-DoSiDo",2026-02-14,1.05735656577358,1.0902278625472,460.415652173913,0.278418378931376,1.08941855317428,0.959341496378903,741,0.373379393638403,0.25,1,4
"LosAlamos-DoSiDo",2026-02-21,1.10004593280991,1.18374009783873,117.996195652174,0.087860093796294,1.25616716968224,1.32586695205001,197.75,0.134162092118948,0.75,1,4
"LosAlamos-DoSiDo",2026-02-28,0.814694057221694,0.829852019610818,130.49347826087,0.0899921618550344,0.74511054502699,0.760365312509757,192.5,0.132059554851142,0.5,1,4
"LosAlamos-DoSiDo",2026-03-07,0.758427245469923,0.792351282932949,246.859239130435,0.206844934113131,0.749327297611158,0.783783743788039,396.25,0.329702830192165,0.25,0.75,4
"LosAlamos-DoSiDo",2026-03-14,0.640794755139766,0.720766083742532,236.245217391304,0.277878965649781,0.681633630929075,0.733517266445137,407.75,0.450565880304098,0.25,1,4
"LosAlamos-DoSiDo",2026-03-21,0.616942606561159,0.928350313495697,125.528152173913,0.220779650705624,0.541745356239943,0.670314729511028,187,0.254814933231216,0.75,1,4
"LosAlamos-DoSiDo",2026-03-28,0.466000037148618,0.761615059899609,103.69402173913,0.281034395312857,0.365098650810993,0.444055143250532,141,0.265417012554459,0.75,1,4
"LosAlamos-DoSiDo",2026-04-04,0.42888646316487,0.855595458122761,71.6077173913043,0.33740355292862,0.213836391483572,0.281080894864212,61,0.170620929633038,1,1,4
"LosAlamos-DoSiDo",2026-04-11,0.51488982443094,1.06340296715088,58.6492391304348,0.389349974264464,0.198654005007623,0.261912323588191,38.75,0.136089250683028,1,1,4
"LosAlamos-DoSiDo",2026-04-18,0.502729362911949,0.87333543544126,50.6542391304348,0.360149760579468,0.180564647639491,0.222575794671133,31.5,0.131209038580364,1,1,4
"LosAlamos-DoSiDo",2026-04-25,0.798026313986864,1.2932079738481,51.6410869565217,0.484254863866013,1.15572785675625,1.56286308889764,73.5,0.384512808748961,0.75,1,4
"LosAlamos-DoSiDo",2026-05-02,0.788801157581034,1.20345496464595,42.2353260869565,0.448411971098618,2.0484647392429,2.70266175046939,68.25,0.399810527907626,0.75,1,4
"LosAlamos-DoSiDo",2026-05-09,0.635169800890308,0.869810199187606,32.3575,0.352814717730235,2.21920021419176,3.03176599562897,51,0.347346036126869,0.75,1,4
"LosAlamos-DoSiDo",2026-05-16,0.43972798282847,0.567385183017687,22.278152173913,0.23565695021301,1.51920492175325,2.07358783404709,32,0.230022139780377,0.75,1,4
"LosAlamos-DoSiDo",2026-05-23,0.273941001387749,0.268034415065018,14.1107608695652,0.111773600595364,0.358353730556272,0.396620326010074,12.5,0.0785231867664375,1,1,4
"LosAlamos-DoSiDo",2026-05-30,0.239572656164688,0.188327965576451,14.148115942029,0.0949781019538006,0.573812924452302,0.613351847939467,21.6666666666667,0.142859525017216,1,1,3
"LosAlamos-DoSiDo",2026-06-06,0.181397651355006,0.13652938375606,11.7126086956522,0.0853176061663736,0.565529819075116,0.586527146060082,15.5,0.106920230769373,1,1,2
"LosAlamos-DoSiDo",2026-06-13,0.178759930269452,0.137811379117807,12.8847826086957,0.0976900737571617,0.638888888888889,0.666958368717296,23,0.166448207637664,1,1,1
"LosAlamos-ThinMint",2025-11-22,0.296044089981717,0.20170709737162,4.85782608695652,0.0319552327472086,0.222222222222222,0.214008022542113,2,0.0133335308694651,1,1,1
"LosAlamos-ThinMint",2025-11-29,0.724617742051058,0.542962102957129,37.5408695652174,0.204525716295603,0.846054393153995,0.820639821351819,64,0.350100010708845,0,1,2
"LosAlamos-ThinMint",2025-12-06,0.815873766787112,0.549314258210025,54.5965217391304,0.255901376776893,0.880759912896151,0.8465615380308,93,0.441231025091278,0,1,3
"LosAlamos-ThinMint",2025-12-13,1.05156396250127,0.698307731350341,149.755108695652,0.485074758650041,0.878471444561245,0.820877754131962,222.75,0.753405087988042,0,0.25,4
"LosAlamos-ThinMint",2025-12-20,0.896601381784728,0.623588464505769,272.033043478261,0.558909033071884,0.761684237883373,0.676246740046015,382.75,0.833380199773256,0,0.25,4
"LosAlamos-ThinMint",2025-12-27,0.83362833471986,0.608244860013164,513.294565217391,0.628773004413494,0.769954931611561,0.649372188606063,697.75,0.902470710363653,0,0.5,4
"LosAlamos-ThinMint",2026-01-03,0.967470147788227,0.77741790941433,671.741739130435,0.673435639725147,0.896549963095236,0.815684043454881,889.5,0.941380623523983,0,0.25,4
"LosAlamos-ThinMint",2026-01-10,1.10503651747159,0.902717232115226,433.616086956522,0.416042407556712,1.02523002940453,0.978153157902757,626,0.624860493988108,0.25,0.5,4
"LosAlamos-ThinMint",2026-01-17,2.12526790393711,1.46010029882252,375.340108695652,0.280554254732354,2.39434547407888,1.92892523535952,624.5,0.473335025743838,0.25,1,4
"LosAlamos-ThinMint",2026-01-24,1.32166221415513,1.11657556066973,290.475,0.185168859017414,1.40828312628567,1.29257518921471,502.75,0.324716668142649,0.5,1,4
"LosAlamos-ThinMint",2026-01-31,1.20419578889755,1.05744578993604,244.164782608696,0.150237542502851,1.29191070667158,1.21417131549936,413.5,0.260496844710131,0.75,1,4
"LosAlamos-ThinMint",2026-02-07,0.872632107878314,0.867904183064525,409.169565217391,0.24550486891375,0.899309175585732,0.939539852014224,634.5,0.394797928923138,0.25,1,4
"LosAlamos-ThinMint",2026-02-14,1.00024508001344,1.07487814825879,436.100326086956,0.274806431510652,1.09907037281784,1.20080157646298,753,0.473022931613761,0.25,1,4
"LosAlamos-ThinMint",2026-02-21,2.00438286063482,2.07317464015737,213.391956521739,0.152234462911358,2.11011671754746,2.34841434748118,336.5,0.24120171062867,0.75,1,4
"LosAlamos-ThinMint",2026-02-28,1.23795613138724,1.49294697193243,195.880434782609,0.159046207816628,1.11728323534128,1.37654123396236,285,0.234986381739827,0.75,1,4
"LosAlamos-ThinMint",2026-03-07,0.569403498761865,0.644680845872036,182.890326086957,0.164549202690787,0.460948716184171,0.536924672601356,246.25,0.226126801191981,0.75,1,4
"LosAlamos-ThinMint",2026-03-14,0.345059724974744,0.422334975360959,124.300434782609,0.159666582718023,0.280865223604032,0.36537005248761,161.75,0.216885540323443,1,1,4
"LosAlamos-ThinMint",2026-03-21,0.756185629235276,1.25850915811422,150.1925,0.294795441305267,0.719724486910876,1.21411575274709,237.5,0.445178591645294,0.5,1,4
"LosAlamos-ThinMint",2026-03-28,0.391332650367745,0.573093355074772,85.0657608695652,0.20700166728036,0.347219087296667,0.535196294725385,126,0.301628880758838,0.75,1,4
"LosAlamos-ThinMint",2026-04-04,0.364879016634512,0.609773763683812,60.1780434782609,0.236608260117708,0.31645567335715,0.522391848943459,89,0.314193929255731,1,1,4
"LosAlamos-ThinMint",2026-04-11,0.505104393228717,0.905536661323892,57.1208695652174,0.326399558206706,0.591685895419319,1.01788102683302,110.5,0.507485210920159,0.75,1,4
"LosAlamos-ThinMint",2026-04-18,0.463810183737796,0.659106689643919,46.8313043478261,0.272649684335978,0.433271879767276,0.628146474673018,71.25,0.349988578965258,0.75,1,4
"LosAlamos-ThinMint",2026-04-25,0.802132875099573,1.06274226142991,51.905,0.397872981452903,1.61212755597508,2.45389362168695,103.25,0.609408086355061,0.5,1,4
"LosAlamos-ThinMint",2026-05-02,0.790796014271192,0.81819315466842,42.2138043478261,0.300430979666846,2.45823071440001,3.23743460015956,81.75,0.477098963512885,0.75,1,4
"LosAlamos-ThinMint",2026-05-09,0.694675104247352,0.633537112537506,34.8682608695652,0.251004458974524,2.34532555649546,2.95458782498484,52.5,0.329922963940367,0.75,1,4
"LosAlamos-ThinMint",2026-05-16,0.640380951867016,0.645706654408464,32.0303260869565,0.259234601819945,2.12155850650637,2.87581937384887,44.75,0.316504389646276,0.75,1,4
"LosAlamos-ThinMint",2026-05-23,0.548170290259749,0.464383495252573,27.6610869565217,0.182561224670876,0,0,21,0.125532215145905,1,1,4
"LosAlamos-ThinMint",2026-05-30,0.43729653280332,0.46161730690122,25.814347826087,0.232869114331111,0.242434612300744,0.287556869525935,10.6666666666667,0.0784024810061332,1,1,3
"LosAlamos-ThinMint",2026-06-06,0.440021260225778,0.467937257042399,28.3767391304348,0.293099869051942,1.20898613858168,1.53686169269621,33.5,0.283793044380308,1,1,2
"LosAlamos-ThinMint",2026-06-13,0.4309963144148,0.45946625537449,31.065652173913,0.325700915728381,0.5,0.612427059297787,18,0.152839204229448,1,1,1
"LosAlamos_NAU-CModel_Flu",2025-11-22,3.72300680957049,3.37633525880205,61.0913043478261,0.534892328696049,7.77777777777778,10.1839310730449,70,0.634498453478438,0,0,1
"LosAlamos_NAU-CModel_Flu",2025-11-29,1.6885223386091,1.55104905307428,93.2132608695652,0.635536697670916,1.34556290937865,1.62599196554721,106.5,0.741214863845293,0,0,2
"LosAlamos_NAU-CModel_Flu",2025-12-06,1.67451047747104,1.34718696308475,118.503623188406,0.689060163364591,1.20415559150845,1.39963291717152,132,0.785032865679949,0,0,3
"LosAlamos_NAU-CModel_Flu",2025-12-13,1.81922195709576,1.46519712917351,262.7875,1.06152019314054,1.08723711230718,1.21765432300894,276.75,1.15175449609814,0,0,4
"LosAlamos_NAU-CModel_Flu",2025-12-20,1.75539771967277,1.43469668746098,490.779893478261,1.17556689476545,1.07718002467116,1.09957717756411,508.25,1.25539620956692,0,0,4
"LosAlamos_NAU-CModel_Flu",2025-12-27,1.61504841333214,1.51917236898119,954.93597826087,1.49673776716424,1.09822658037696,1.15983932408534,971.5,1.55622676410569,0,0,4
"LosAlamos_NAU-CModel_Flu",2026-01-03,1.76377172805766,1.7680164245827,1192.46239347826,1.4769569808752,1.24009190276182,1.35983164669,1210,1.52630646975295,0,0,4
"LosAlamos_NAU-CModel_Flu",2026-01-10,2.85369398221445,2.9204004473786,1048.23065217391,1.23785386613564,1.86509061727991,2.1795129715372,1066.375,1.27988451381501,0,0,4
"LosAlamos_NAU-CModel_Flu",2026-01-17,5.49014068406512,6.07463759983323,937.408695652174,1.12742007378052,3.79154390480448,4.91856476209195,955.25,1.16648115114669,0,0,4
"LosAlamos_NAU-CModel_Flu",2026-01-24,5.45618565071322,8.06659927470988,1197.77010869565,1.34580889543398,3.40856579923115,5.49167220322019,1214.75,1.38569200610756,0,0,4
"LosAlamos_NAU-CModel_Flu",2026-01-31,5.7411552425157,9.07404045691701,1149.79815434783,1.29794681728222,3.67476072128079,6.19516014570317,1168,1.33659640704308,0,0,4
"LosAlamos_NAU-CModel_Flu",2026-02-07,2.95601382230229,4.62116022152165,1408.06896956522,1.35686840880383,1.95583831595343,3.15620479446768,1429.75,1.3947105345165,0,0,4
"LosAlamos_NAU-CModel_Flu",2026-02-14,3.04753110226595,4.51915751165912,1328.41070869565,1.16753047926399,1.99259391325376,3.04764348805796,1354.75,1.2048492653277,0,0,4
"LosAlamos_NAU-CModel_Flu",2026-02-21,5.69088083511748,7.7810734707859,621.716956521739,0.590480460692503,4.10921770902858,6.07346333575222,651.5,0.624702143757245,0,0,4
"LosAlamos_NAU-CModel_Flu",2026-02-28,1.99910340738485,2.70887685791356,329.470289673913,0.305306593693378,1.37213679471692,1.88956813032611,360,0.33642595720033,0,0,4
"LosAlamos_NAU-CModel_Flu",2026-03-07,0.275514721690476,0.389796047384124,95.9789152173913,0.110297757371485,0.203484951902703,0.292211647856553,113.75,0.131624546915017,0.5,0.5,4
"LosAlamos_NAU-CModel_Flu",2026-03-14,0.34805738391069,0.422879187414646,118.140113043478,0.152286391832854,0.254283594048748,0.313941137092539,139.25,0.178527743330781,0.25,0.25,4
"LosAlamos_NAU-CModel_Flu",2026-03-21,0.319660738124834,0.393096016263741,63.7702717391305,0.0930746303994175,0.259172868556105,0.339920273061013,87,0.127400351762686,0,0,4
"LosAlamos_NAU-CModel_Flu",2026-03-28,0.378629841137741,0.459279742355418,82.8383152173913,0.169387539072816,0.279842790208831,0.363056263227783,102.25,0.208089506859349,0,0,4
"LosAlamos_NAU-CModel_Flu",2026-04-04,0.540364591143386,0.633626477975595,90.4392934782609,0.247440702705779,0.373537844274745,0.475108473960967,107.25,0.290170712911757,0,0,4
"LosAlamos_NAU-CModel_Flu",2026-04-11,0.303400416337466,0.338153898863178,34.1252195652174,0.121568921365171,0.257975040076711,0.340255754345402,48,0.169410228664834,0,0,4
"LosAlamos_NAU-CModel_Flu",2026-04-18,0.410203398312802,0.459150368852712,40.6634918478261,0.187318032116809,0.332219546576539,0.442458916494802,52.75,0.239382499553621,0,0,4
"LosAlamos_NAU-CModel_Flu",2026-04-25,0.293584233576494,0.235827137752926,19.0061956521739,0.0878326645838965,0.457269099073376,0.547494536210933,29.25,0.135585992424656,0,0.25,4
"LosAlamos_NAU-CModel_Flu",2026-05-02,0.528980508568374,0.399708326127932,28.271847826087,0.147334437834938,1.09483652432122,1.30296926636108,36.5,0.192946941277075,0.25,0.25,4
"LosAlamos_NAU-CModel_Flu",2026-05-09,0.516019453057674,0.381368184060986,26.4892391304348,0.153460250581617,1.5367789228542,1.8128319242825,34.25,0.200282846944207,0,0.5,4
"LosAlamos_NAU-CModel_Flu",2026-05-16,0.567016086442719,0.450755542745706,28.3258695652174,0.181544460377085,1.82510160336196,2.25505817677354,37.5,0.241916824957011,0,0.25,4
"LosAlamos_NAU-CModel_Flu",2026-05-23,0.330957378503704,0.30213461650302,16.7683695652174,0.120882771544048,0.724756275854593,0.925059790854792,25.75,0.186888661337662,0,0.5,4
"LosAlamos_NAU-CModel_Flu",2026-05-30,0.393181428284858,0.369315476435642,23.565652173913,0.189189216092951,0.85655858737733,1.13382858423498,33,0.270056402826696,0,0,3
"LosAlamos_NAU-CModel_Flu",2026-06-06,0.599727613755717,0.541558647900763,38.830652173913,0.339427551482495,1.74291922015665,2.36139277485609,48,0.432925135271466,0,0,2
"LosAlamos_NAU-CModel_Flu",2026-06-13,0.549592534729553,0.534468462534463,39.6139130434783,0.378867578715944,1.33333333333333,1.90228125350788,48,0.47473923399157,0,0,1
"MDPredict-SIRS",2025-12-06,1.03617873065733,0.503091389581222,46.9113043478261,0.151726812532333,1.06220793361301,0.741405038907104,76,0.253846075202685,0,1,1
"MDPredict-SIRS",2025-12-13,0.61480522448077,0.452388423060574,75.6928260869565,0.256273029598795,0.0701199691229538,0.0476564535411406,16,0.0374882777744507,1,1,2
"MDPredict-SIRS",2025-12-20,0.589009451334265,0.456133009739602,147.652898550725,0.315060825858465,0.292241700234436,0.197213020425449,131.666666666667,0.204815857112405,0.666666666666667,1,3
"MDPredict-SIRS",2025-12-27,0.473424283728147,0.352474718111527,287.710434782609,0.353533700515362,0.366285450931188,0.240545472132457,342,0.342477133267416,0.75,1,4
"MDPredict-SIRS",2026-01-03,0.499547510852925,0.321125167352882,347.146630434783,0.281811853587329,0.236383229691802,0.133748105339772,232.25,0.151329874150607,1,1,4
"MDPredict-SIRS",2026-01-10,1.96902590755446,0.812116783150201,825.634782608696,0.401298971312886,1.84615727872394,0.866512830327795,1207,0.591011636015386,0.333333333333333,1,3
"MDPredict-SIRS",2026-01-17,8.41920871694201,3.1888999427315,1783.57543478261,0.745436911553189,8.80198914424721,3.71036009602851,2608.5,1.0521488103881,0,0,2
"MDPredict-SIRS",2026-01-24,10.0559432283846,4.67742079512367,2876.13869565217,0.951221745462316,12.1074182028149,5.54841356408553,4161,1.26993339077224,0,0,1
"MIGHTE-Joint",2025-12-20,0.577054363143663,0.383183745784408,82.4145847373541,0.132578778129526,0.67823379829362,0.537853529535439,160.379029394981,0.251991495644615,1,1,1
"MIGHTE-Joint",2025-12-27,0.357122764369226,0.232996930590929,145.630977222313,0.137194329678145,0.404335761861655,0.279120745700439,252.279716427042,0.225905792991707,0.5,1,2
"MIGHTE-Joint",2026-01-03,0.406094522374019,0.283088754680153,214.883780767822,0.166031648578461,0.440894574971694,0.336152561462544,345.137454777052,0.269903929299395,0.666666666666667,1,3
"MIGHTE-Joint",2026-01-10,0.499306593707218,0.337186108130678,187.042152711487,0.146700687854274,0.404017798917253,0.314128316827343,251.306033188757,0.202139002605398,0.75,1,4
"MIGHTE-Joint",2026-01-17,0.999658850049749,0.588974244111506,169.370730907744,0.108629775041143,0.614638445466506,0.44081457768033,154.920402812161,0.104532497084946,1,1,4
"MIGHTE-Joint",2026-01-24,0.783919388793946,0.647125854579316,171.174679561105,0.107749588070465,0.319124088694881,0.300047268501449,133.173294223752,0.0893104034986334,0.75,1,4
"MIGHTE-Joint",2026-01-31,0.948846586346368,0.841952381240445,187.471553521473,0.117981226224091,0.735566259966864,0.710161345965656,226.616754969302,0.14782176854371,0.75,1,4
"MIGHTE-Joint",2026-02-07,0.834921311658584,0.839945298819735,386.556729980627,0.235480380176355,0.934381072210792,0.930040197579143,666.330712724903,0.393656539446434,0,1,4
"MIGHTE-Joint",2026-02-14,0.980914888702358,1.01046956084207,426.135096766938,0.256880145445626,1.09631157952677,1.12523059684981,742.668151735785,0.437683196791171,0.25,1,4
"MIGHTE-Joint",2026-02-21,1.64672660169822,1.78855759268039,178.915735475237,0.134277723573217,1.79230028140483,2.03902871076592,290.867038200579,0.213233641978029,0.5,1,4
"MIGHTE-Joint",2026-02-28,0.881684367838582,0.971106469392134,142.027917043385,0.106314962141341,0.714893245638915,0.805921252081392,184.81096205121,0.140416836446484,1,1,4
"MIGHTE-Joint",2026-03-07,0.499243740331911,0.528457059449411,161.193341113946,0.136601361233431,0.442698041844165,0.48348228471517,241.387609658368,0.209667199371402,0.5,1,4
"MIGHTE-Joint",2026-03-14,0.445475870277656,0.484423854156515,163.219541011801,0.186780216354664,0.486287888937881,0.562819677270583,288.730335930473,0.343932949508753,0.5,1,4
"MIGHTE-Joint",2026-03-21,0.504382051941406,0.62322483557565,102.12230522565,0.148230292301193,0.346598571823884,0.467453425189428,116.78498253243,0.174292775372128,0.75,1,4
"MIGHTE-Joint",2026-03-28,0.380536174134609,0.421590198630125,84.8651300788968,0.156992018151364,0.294084454868123,0.355878384741203,117.571613431836,0.22127665995998,1,1,4
"MIGHTE-Joint",2026-04-04,0.405923172701113,0.454472038577665,67.7310938400055,0.176258732967308,0.369795850154468,0.494574007402754,105.605757446683,0.299987532643498,1,1,4
"MIGHTE-Joint",2026-04-11,0.397722386989672,0.42170729971717,45.5700393829082,0.153030986576264,0.265714345737195,0.357472641027274,50.2997137805529,0.180081293334503,1,1,4
"MIGHTE-Joint",2026-04-18,0.375715051225372,0.42360864332374,37.9038785754401,0.17541040011576,0.232118896308847,0.326241466724562,41.320547662226,0.197382532295392,1,1,4
"MIGHTE-Joint",2026-04-25,0.719172192419685,0.784359521833459,46.6589439522933,0.293647697654686,1.34922269979412,1.93676623317497,86.4069755190954,0.48099261051274,0.5,1,4
"MIGHTE-Joint",2026-05-02,0.689900999696647,0.652955522187631,37.1155907380525,0.243023427227483,1.95891111220162,2.6005061763256,65.7197893830077,0.38830861861828,1,1,4
"MIGHTE-Joint",2026-05-09,0.679487723158442,0.595000929159341,34.2848645390298,0.237222671195027,2.18516030016473,2.97222824698198,50.171638926575,0.341402822646538,1,1,4
"MIGHTE-Joint",2026-05-16,0.589868198687429,0.525803204909353,29.4527847400896,0.211535848845448,1.75109371996447,2.46930847332061,36.4067628818807,0.269505455528534,1,1,4
"MIGHTE-Joint",2026-05-23,0.478724680762229,0.433552171985172,24.3763788215199,0.173473000748481,0.48356414716063,0.622916078248788,17.926864669886,0.132295037880191,1,1,4
"MIGHTE-Joint",2026-05-30,0.410400649484059,0.321213227088936,24.3755426662914,0.162487315931428,0.0965655973934436,0.111292978089972,3.63293343468759,0.0258350050646721,1,1,3
"MIGHTE-Joint",2026-06-06,0.356380692352213,0.297693989868818,23.0642130998267,0.185523836330851,0.531206097916806,0.621297270242235,14.5814574274526,0.113477794283367,1,1,2
"MIGHTE-Joint",2026-06-13,0.315961345566966,0.22797399894772,22.7740816649727,0.161603467830329,0.0809940456452962,0.0909563554575835,2.91578564323066,0.0226993513377538,1,1,1
"MIGHTE-Nsemble",2025-11-22,1.70478350804816,1.05661887025354,27.9740149466285,0.167393722699989,4.221544442021,3.64551417628526,37.993899978189,0.227129689939577,1,1,1
"MIGHTE-Nsemble",2025-11-29,0.68333897133372,0.477168075070466,36.6369788204868,0.184882771536284,0.229788839020935,0.194726200778523,17.4081459954972,0.083299350901791,1,1,2
"MIGHTE-Nsemble",2025-12-06,0.647747441071508,0.346194460388245,44.9232531418515,0.16380302055982,0.277081850032248,0.22922975565082,28.4024116330396,0.115505873316022,1,1,3
"MIGHTE-Nsemble",2025-12-13,0.549348727900878,0.313074643065323,78.1972934035108,0.212554577902321,0.436054131006892,0.339951216407307,102.743384929079,0.285690870931403,1,1,4
"MIGHTE-Nsemble",2025-12-20,0.431849080522421,0.278290198374915,127.584109441029,0.241861049960072,0.455450910919577,0.339802232333817,235.269484387452,0.430001325495587,1,1,4
"MIGHTE-Nsemble",2025-12-27,0.323028999520119,0.209144748550732,193.0900182333,0.20802264169476,0.376638908272369,0.234745004099623,335.321763950107,0.314241020878442,1,1,4
"MIGHTE-Nsemble",2026-01-03,0.333809073681558,0.22109349381772,229.132526840792,0.189098823583807,0.328898345004285,0.219176532798032,339.740190035025,0.262750131036193,1,1,4
"MIGHTE-Nsemble",2026-01-10,0.502404958115167,0.305173248415571,185.925337063278,0.130637201778717,0.204436329711266,0.139375982620538,121.692157758527,0.0852525216021101,1,1,4
"MIGHTE-Nsemble",2026-01-17,1.36971156445617,0.772001993391741,232.340578845929,0.142474288820725,1.12794340581754,0.767376400985572,279.121710547134,0.178764838875659,1,1,4
"MIGHTE-Nsemble",2026-01-24,0.947951377778682,0.729397255195756,206.733232782971,0.121070467570293,0.491026115685029,0.431432292930951,173.706443907613,0.108490409212694,1,1,4
"MIGHTE-Nsemble",2026-01-31,1.11548654973395,0.984956903532226,220.737520163169,0.13804555459475,0.8264158584949,0.789933226512937,255.747574097435,0.165001233282231,0.75,1,4
"MIGHTE-Nsemble",2026-02-07,0.867992171187176,0.921311656256375,401.583796192199,0.257890806943313,1.04813731038161,1.09415133240042,744.908449714611,0.46121711766688,0.25,1,4
"MIGHTE-Nsemble",2026-02-14,1.04978257545568,1.14149239168998,457.455158158611,0.291414703224828,1.22186393296928,1.32453868232354,828.841772439027,0.516741935640076,0.25,1,4
"MIGHTE-Nsemble",2026-02-21,2.30882544103488,2.57022991213144,249.984825359069,0.192393848677641,2.47404546602136,3.05297092038246,399.47384952188,0.318585506425728,0.5,1,4
"MIGHTE-Nsemble",2026-02-28,1.08678302853122,1.20904233299295,174.21994379869,0.132010849889778,0.746695221731866,0.906297315537106,191.93586075716,0.157954148625948,1,1,4
"MIGHTE-Nsemble",2026-03-07,0.493850287669531,0.533005437143012,157.490215768677,0.135925127935763,0.32623381512796,0.373479616141867,176.0219162532,0.160255743132464,1,1,4
"MIGHTE-Nsemble",2026-03-14,0.35428848847963,0.396074371470248,128.368857317833,0.15108969142409,0.273595350732991,0.334910182116567,163.934920564554,0.206488374813821,0.75,1,4
"MIGHTE-Nsemble",2026-03-21,0.530738397274729,0.742018725931776,106.331056490653,0.175546012616173,0.472068618424878,0.700627154136028,156.813429056038,0.25881494184725,0.75,1,4
"MIGHTE-Nsemble",2026-03-28,0.270277746599582,0.361364637560819,58.7801777629608,0.131920815177293,0.111496701785211,0.174123071584005,39.2542993693667,0.0962708954082623,1,1,4
"MIGHTE-Nsemble",2026-04-04,0.271488699533125,0.347483154734902,44.9759162672804,0.134126378346121,0.148038769005878,0.229777823415132,41.5934046468039,0.137391411657118,1,1,4
"MIGHTE-Nsemble",2026-04-11,0.310426802321024,0.387910629211824,35.0313287849236,0.139385810444077,0.201243768705583,0.312168970635622,37.2189822041339,0.154284289503256,1,1,4
"MIGHTE-Nsemble",2026-04-18,0.289217808442557,0.382516970812627,28.9260338700951,0.157271068849645,0.196436147962614,0.321899103002122,31.6502347362557,0.176649297558527,1,1,4
"MIGHTE-Nsemble",2026-04-25,0.894503099650954,1.04582185468732,57.9494004179839,0.391154229401097,1.66639945630283,2.53915998820625,106.653370676725,0.629883457372332,0,1,4
"MIGHTE-Nsemble",2026-05-02,0.981407284873327,1.05171075145774,52.9801985655615,0.394008184707416,2.78518788291351,4.26595618064313,93.5947828871132,0.639615377722036,0.25,1,4
"MIGHTE-Nsemble",2026-05-09,0.908735357304552,0.932480847313174,46.369408561119,0.378285827797868,2.71932285531167,4.45191780635621,64.336697619441,0.530093964761773,0.5,1,4
"MIGHTE-Nsemble",2026-05-16,0.677969112301946,0.687858911841814,33.9172961114947,0.279374638562083,2.63702327697189,4.00524569009711,54.7024374870156,0.436737812001776,0.75,1,4
"MIGHTE-Nsemble",2026-05-23,0.43846398482129,0.45436449838978,22.5414666366666,0.187384175168367,0.985530855481138,1.41997981831386,37.0002791047167,0.30851138517301,0.75,1,4
"MIGHTE-Nsemble",2026-05-30,0.303601958082849,0.275958738898728,17.9085034134011,0.139959233240673,0.448229373871904,0.56644964065606,18.1805171771502,0.142544959377507,1,1,3
"MIGHTE-Nsemble",2026-06-06,0.251710366118045,0.211013534242042,16.2731533972073,0.132055062615677,0.775024739095404,0.935080051694798,21.5876961363084,0.17355559031911,1,1,2
"MIGHTE-Nsemble",2026-06-13,0.18144403070343,0.148847611537972,13.0782490669762,0.105513305525312,0.220537278722812,0.258668002992921,7.93934203402124,0.0645539924091354,1,1,1
"MOBS-EpyStrain_Flu",2025-11-29,0.437498568207033,0.313297594480003,21.7304347826087,0.114165026011616,0.581365797284237,0.519524056462691,42,0.214011067750937,0,1,1
"MOBS-EpyStrain_Flu",2025-12-06,0.512056449541243,0.324268205794764,30.0652173913044,0.133669607211712,0.61843329821872,0.539670744066445,60,0.259142223182834,0,1,2
"MOBS-EpyStrain_Flu",2025-12-13,0.819869188894424,0.506881089700221,112.802463768116,0.334973703459824,0.699620610083239,0.593687650299974,173,0.524484693875158,0,0.333333333333333,3
"MOBS-EpyStrain_Flu",2025-12-20,0.864282568138419,0.576006192934816,262.79347826087,0.514504391213574,0.697982591781242,0.586441682141925,350.25,0.716732619723558,0,0.25,4
"MOBS-EpyStrain_Flu",2025-12-27,0.749276375262519,0.539102650679673,475.526630434783,0.577540037242597,0.674462388401774,0.552822142160709,622,0.786552526884708,0,0.5,4
"MOBS-EpyStrain_Flu",2026-01-03,0.479148674327281,0.333274771550608,349.438586956522,0.31022731306538,0.491601473866495,0.372329464923435,503.25,0.452274859526623,0.25,0.75,4
"MOBS-EpyStrain_Flu",2026-01-10,1.18607350777423,0.553795856971748,440.995,0.235188916238054,0.972654259823144,0.504828707053916,580,0.305857797600673,0.25,0.5,4
"MOBS-EpyStrain_Flu",2026-01-17,6.27295988255803,2.77886397577111,1253.91565217391,0.5939507722158,5.54235673033862,2.75548117912089,1653,0.764844339190104,0,0,3
"MOBS-EpyStrain_Flu",2026-01-24,5.30510135285309,2.89852247585638,1332.18202898551,0.531710171708568,4.42901871284626,2.50382939589987,1775.66666666667,0.689568324705209,0,0.333333333333333,3
"MOBS-EpyStrain_Flu",2026-01-31,3.19857288928995,2.15603400580396,665.687101449275,0.31322360917082,2.74262857624431,1.92680299673056,924.333333333333,0.431817493638371,0.333333333333333,0.666666666666667,3
"MOBS-EpyStrain_Flu",2026-02-07,0.966840605030533,1.02131851950557,474.553043478261,0.304741462651982,0.969344424800894,1.04660548421803,732.666666666667,0.474134933057165,0.333333333333333,0.666666666666667,3
"MOBS-EpyStrain_Flu",2026-02-14,1.16538635821651,1.32549556710094,516.226195652174,0.347107487851342,1.16341469012198,1.34416709329933,794,0.531893376355704,0.5,0.75,4
"MOBS-EpyStrain_Flu",2026-02-21,1.40835835255762,1.34842968630663,149.234130434783,0.098498133458982,1.2654378843542,1.29856451827314,194.75,0.12859544544929,0.75,1,4
"MOBS-EpyStrain_Flu",2026-02-28,0.736736304316813,0.845345117705036,118.25652173913,0.0929083529079229,0.673679048533666,0.788657954506095,172.5,0.137130987521886,1,1,4
"MOBS-EpyStrain_Flu",2026-03-07,0.345139837550522,0.394657789158395,108.885652173913,0.100596512106039,0.296972823641118,0.350057069767863,150.75,0.142178159762936,0.75,1,4
"MOBS-EpyStrain_Flu",2026-03-14,0.326222779970906,0.378495963623778,117.991086956522,0.144509150125064,0.361764229680548,0.448683630697688,210.25,0.269495062939213,0.25,1,4
"MOBS-EpyStrain_Flu",2026-03-21,0.331231847466597,0.438698646463452,65.9803260869565,0.103164825178935,0.24334580435841,0.344609201774302,79,0.12456910078469,0.75,1,4
"MOBS-EpyStrain_Flu",2026-03-28,0.186626226677614,0.247590406352078,40.6232608695652,0.0905950017902212,0.111838231450564,0.162672552499602,40.5,0.0923464757317103,1,1,4
"MOBS-EpyStrain_Flu",2026-04-04,0.183501345459543,0.264204081897123,30.4911956521739,0.103183920943237,0.128939220829966,0.206365184978447,37.25,0.127627465101362,1,1,4
"MOBS-EpyStrain_Flu",2026-04-11,0.299064415404891,0.452124386577458,34.1961956521739,0.166011193417117,0.3201728244528,0.563661775992034,60.75,0.287697623277969,0.75,1,4
"MOBS-EpyStrain_Flu",2026-04-18,0.18632966672129,0.263799306385216,18.5070652173913,0.107844066558246,0.183943203977651,0.300047985802356,29.25,0.162604014067007,1,1,4
"MOBS-EpyStrain_Flu",2026-04-25,0.818687040159495,0.803827747200538,52.8054347826087,0.298264829245775,1.47383112290701,2.11626668751653,94,0.522476552914063,0,1,4
"MOBS-EpyStrain_Flu",2026-05-02,0.966702703680411,0.873836875320328,51.7944565217391,0.322895215727008,2.72838744927108,3.76774281446672,91.25,0.559696041099536,0,1,4
"MOBS-EpyStrain_Flu",2026-05-09,0.944558604768853,0.83048304409861,47.1833695652174,0.32446450315269,3.93407848960295,5.38659262180474,86,0.582232259760791,0,1,4
"MOBS-EpyStrain_Flu",2026-05-16,0.782983197935799,0.721663718026902,38.9846739130435,0.289476292628555,3.52896552710328,4.89576299728765,72.5,0.524892598496665,0,1,4
"MOBS-EpyStrain_Flu",2026-05-23,0.592595611424071,0.646940041866398,26.0657971014493,0.219004040970978,1.90443027101329,2.74872665773236,51.3333333333333,0.412473056017605,0,1,3
"MOBS-EpyStrain_Flu",2026-05-30,0.386235252835069,0.40766018432701,22.6378260869565,0.203823018230665,1.15072165503111,1.59769748100559,43.6666666666667,0.373911568696321,0,1,3
"MOBS-EpyStrain_Flu",2026-06-06,0.350282141924742,0.335169034288285,22.5665217391304,0.20882037366964,1.56700113805507,2.0653904552431,43,0.376912541569687,0,1,2
"MOBS-EpyStrain_Flu",2026-06-13,0.253225641056575,0.248851311793711,18.2521739130435,0.176402726388164,1,1.33564441529091,36,0.333327579941741,1,1,1
"MOBS-GLEAM_RL_FLUH",2025-11-22,0.864017822851055,0.6939548735455,14.1777811531399,0.109939064064516,2.99600897894965,3.2041483495077,26.9640808105469,0.199630884959462,0,1,1
"MOBS-GLEAM_RL_FLUH",2025-11-29,0.999482932379008,0.829092422771113,53.2428883187667,0.32158907480503,1.18917416105176,1.25556375739522,91.5424499511719,0.547443604319808,0,1,2
"MOBS-GLEAM_RL_FLUH",2025-12-06,0.975833880836211,0.71965169698324,69.0786644192018,0.358913475864861,1.02922958004636,1.07540478166021,112.947911580404,0.590939062304341,0,1,3
"MOBS-GLEAM_RL_FLUH",2025-12-13,1.11226410143028,0.795539265247894,170.210473273319,0.605951166774332,0.876467972155782,0.883986278076936,232.055839538574,0.868047376519408,0,0.25,4
"MOBS-GLEAM_RL_FLUH",2025-12-20,1.05250242131687,0.782919844902402,322.026559168774,0.719780164637114,0.824427509724641,0.771662113123144,409.400165557861,0.95361686930061,0,0.25,4
"MOBS-GLEAM_RL_FLUH",2025-12-27,0.990517512618842,0.769933135213011,602.732104278233,0.786567936094431,0.878292913448229,0.785378092566915,787.12047958374,1.07679003525325,0,0.5,4
"MOBS-GLEAM_RL_FLUH",2026-01-03,0.920788691029939,0.755563382988801,642.876002603614,0.657478190941425,0.885967824267192,0.821793332288428,884.172302246094,0.953575403060344,0,0.5,4
"MOBS-GLEAM_RL_FLUH",2026-01-10,0.97511279687648,0.813319743550887,390.86993149633,0.385019447951414,0.732443954214998,0.733593629653281,532.934158325195,0.564280690205139,0.5,0.75,4
"MOBS-GLEAM_RL_FLUH",2026-01-17,1.2207432138102,0.907228313830501,212.795111767313,0.175552063864036,0.941578106085143,0.870227001055187,249.768310546875,0.222568330660943,0.75,0.75,4
"MOBS-GLEAM_RL_FLUH",2026-01-24,0.784283098862914,0.653950628552871,172.697826790188,0.109866217296194,0.508447650951701,0.481823328862274,190.133575439453,0.12846699105399,0.75,1,4
"MOBS-GLEAM_RL_FLUH",2026-01-31,0.806097509691818,0.701996274339804,160.953965553615,0.0994168297664438,0.505818378573922,0.500331155334322,159.847381591797,0.107169886789443,0.75,1,4
"MOBS-GLEAM_RL_FLUH",2026-02-07,0.698825798393912,0.666174129560569,329.398207251507,0.190876811707781,0.726143603492378,0.706654650509235,522.460083007812,0.303252380558363,0.25,0.75,4
"MOBS-GLEAM_RL_FLUH",2026-02-14,1.0421034808563,1.04875901333478,454.035207260795,0.267626229170507,1.00427166170963,1.04284813739462,681.965942382812,0.407022328158745,0.25,0.5,4
"MOBS-GLEAM_RL_FLUH",2026-02-21,1.53886132360902,1.53162640290462,166.269818340799,0.114654360418877,1.75921709459775,1.89811770701598,278.144256591797,0.193794676546703,0.75,1,4
"MOBS-GLEAM_RL_FLUH",2026-02-28,0.949991744406465,1.20130776538498,159.600334399679,0.139145990869819,0.849019484938753,1.12644415847257,232.964904785156,0.211509349110148,0.75,0.75,4
"MOBS-GLEAM_RL_FLUH",2026-03-07,0.318404295471872,0.356925898616939,100.442497571862,0.0906549616718068,0.327674812736413,0.38644922412048,168.247192382812,0.158699361641299,0.5,1,4
"MOBS-GLEAM_RL_FLUH",2026-03-14,0.367165900774529,0.442111755439448,131.884588636315,0.167773007704256,0.360774582901489,0.447918972647369,207.690139770508,0.266652528558022,0.25,0.5,4
"MOBS-GLEAM_RL_FLUH",2026-03-21,0.259170114186086,0.323168706160239,51.2690857033108,0.0754626153177808,0.232930021624533,0.31087504440462,76.8413696289062,0.113939368095307,0.5,0.75,4
"MOBS-GLEAM_RL_FLUH",2026-03-28,0.132969825535672,0.169642405466846,29.4753759831968,0.0633400540667897,0.129351488050651,0.179003276007905,48.6318435668945,0.10551124807909,0.75,1,4
"MOBS-GLEAM_RL_FLUH",2026-04-04,0.101798912603642,0.148899678506417,16.7200924666032,0.0571892015155199,0.0760839527887624,0.123354373726722,21.4433746337891,0.0741027738488507,0.5,1,4
"MOBS-GLEAM_RL_FLUH",2026-04-11,0.3120966055246,0.43039058376196,34.9064933047087,0.153820879044867,0.309203448275583,0.508937488198564,57.3378753662109,0.252420563338809,0,0.75,4
"MOBS-GLEAM_RL_FLUH",2026-04-18,0.184406585631348,0.26038845470816,18.5065372831925,0.107670245731367,0.198186554364145,0.333370837523029,31.7471313476562,0.18226529791848,0.5,1,4
"MOBS-GLEAM_RL_FLUH",2026-04-25,1.12162380353142,1.07678783741268,72.6409584576151,0.401521044747747,1.52773154312013,2.24186301575452,97.6546058654785,0.55527187249946,0,0,4
"MOBS-GLEAM_RL_FLUH",2026-05-02,1.02526951197305,0.879726384815448,54.6910239037223,0.323536090518642,2.34046818544864,3.1879907005736,77.9716987609863,0.471481669811877,0,0.25,4
"MOBS-GLEAM_RL_FLUH",2026-05-09,0.897281307197445,0.735703357119682,45.1267928778607,0.289894988361488,3.08490100483855,4.04424313401702,67.6695232391357,0.439522079275364,0,0.5,4
"MOBS-GLEAM_RL_FLUH",2026-05-16,0.716521587160993,0.618235096162293,35.4547370321854,0.246428954532055,2.76286804167278,3.68150141334468,56.3428840637207,0.391573646857889,0,0.75,4
"MOBS-GLEAM_RL_FLUH",2026-05-23,0.327124559217045,0.315245981005079,16.3805987399557,0.124612383155038,0.854215198899089,1.1125869857581,30.2162075042725,0.223779634522093,0.5,1,4
"MOBS-GLEAM_RL_FLUH",2026-05-30,0.238915091312906,0.230160312399472,14.1758232459469,0.116640337707662,0.648053211676013,0.841592516190787,24.9128850301107,0.199959952985791,0.666666666666667,1,3
"MOBS-GLEAM_RL_FLUH",2026-06-06,0.179685753031722,0.152908787695507,11.5975137602765,0.0954457784341346,0.770915551095318,0.919139971297791,21.1907005310059,0.168059127501282,1,1,2
"MOBS-GLEAM_RL_FLUH",2026-06-13,0.123262004173601,0.109339416385905,8.884564484306,0.077507211085764,0.420597288343642,0.50869868484375,15.1415023803711,0.126952428054425,1,1,1
"NAU-FourCAT",2025-11-22,0.876314883018468,0.530439505320447,14.3795652173913,0.0840343154589165,2.44444444444444,2.21041198690873,22,0.137717250557201,1,1,1
"NAU-FourCAT",2025-11-29,0.46401889663813,0.329051277799884,24.1576086956522,0.124496005398147,0.549471164092475,0.498221117750481,41.5,0.212335160548297,0.5,1,2
"NAU-FourCAT",2025-12-06,0.55783912957442,0.359833826461104,41.3710869565217,0.186272136195649,0.720627668654294,0.658002090906229,76,0.341560422092409,0,1,2
"NAU-FourCAT",2025-12-13,0.799523882150353,0.523411154965385,120.429420289855,0.387539313560742,0.798775455609314,0.714640677555871,205,0.666907521089974,0,1,3
"NAU-FourCAT",2025-12-20,0.830257975613131,0.604330830159339,237.849130434783,0.510758801006266,0.83510202752487,0.736613314347989,390,0.840828911400093,0,1,3
"NAU-FourCAT",2025-12-27,0.677052874222771,0.526876403580576,367.017391304348,0.459717294658447,0.792086878363895,0.665286845248335,638.333333333333,0.784127074677923,0,1,3
"NAU-FourCAT",2026-01-03,0.562936264554295,0.443719618092252,395.464782608696,0.392054686824648,0.607464479792346,0.518884112386095,633.75,0.638106303575433,0.5,1,4
"NAU-FourCAT",2026-01-10,0.885199227407475,0.520339826202826,322.036739130435,0.218838302371255,0.90625222601585,0.597136089630078,507,0.342554518803236,1,1,4
"NAU-FourCAT",2026-01-17,2.48473529738142,1.2143294257894,420.905,0.223379983216356,2.63310277208788,1.56160286027173,661.75,0.368565885690605,0.5,1,4
"NAU-FourCAT",2026-01-24,1.73479669626098,1.06338311835712,381.857065217391,0.177588635779475,1.76250625502029,1.23328101822925,633,0.313098770457607,0.75,1,4
"NAU-FourCAT",2026-01-31,1.36915872053771,0.937125780566837,279.42,0.135176544404319,1.17943006691055,0.87302850204149,400.25,0.199222575056722,0.75,1,4
"NAU-FourCAT",2026-02-07,0.394720330041937,0.334027802997788,188.043043478261,0.0959419586225553,0.307650048473307,0.262208949071248,219,0.110876514289444,1,1,4
"NAU-FourCAT",2026-02-14,0.382007365709555,0.330912086655275,165.415760869565,0.0837396323069442,0.308265761585956,0.261319833588171,208,0.101071380755383,1,1,4
"NAU-FourCAT",2026-02-21,3.39372876136676,2.60315046576587,352.417608695652,0.185078012433049,3.93223033949989,3.27347402558172,594.5,0.316785044658093,0.25,1,4
"NAU-FourCAT",2026-02-28,3.43950673192291,2.89487638707408,546.129347826087,0.311269036420629,3.53806832741151,3.00081206946391,899.25,0.512623143338422,0,1,4
"NAU-FourCAT",2026-03-07,2.30422312485851,1.92266830863297,739.524673913043,0.494682856241259,2.19505887636697,1.81164421765752,1147.5,0.752291065916393,0,1,4
"NAU-FourCAT",2026-03-14,1.78869999524729,1.49381651095431,665.444565217391,0.580574653750292,1.69686628449409,1.41888412700912,1010.5,0.862049202238381,0,0.75,4
"NAU-FourCAT",2026-03-21,1.50236324971029,1.24000737785722,326.208913043478,0.313406196921396,1.37421129006122,1.18890757756886,506.5,0.479411112820423,0.5,1,4
"NAU-FourCAT",2026-03-28,0.974041434258434,0.884453606023312,222.270326086956,0.336014887193543,0.912034187589572,0.910941491657963,349.5,0.539110693006575,0.5,1,4
"NAU-FourCAT",2026-04-04,0.763178887555982,0.723401280817731,128.57652173913,0.283585038308567,0.724107688939729,0.802432655538133,209.75,0.492847846930137,0,1,4
"NAU-FourCAT",2026-04-11,0.616602123699804,0.558265642586905,70.5175,0.203135099851771,0.561138744683109,0.657559705300413,106.75,0.333657632889147,0.5,1,4
"NAU-FourCAT",2026-04-18,0.535352355166231,0.512100408602895,54.3233695652174,0.211962101186059,0.464382352607515,0.548908385641509,77,0.308336988634171,0.5,1,4
"NAU-FourCAT",2026-04-25,0.592285975027472,0.533353444046477,38.2288043478261,0.197352986997088,0.809405059003515,1.02635422004627,51.25,0.251311304388954,0.5,1,4
"NAU-FourCAT",2026-05-02,0.657146266095046,0.615863042135849,35.2575,0.228240196612874,1.80892254150477,2.29615401405742,60.5,0.341331526729952,0.5,1,4
"NAU-FourCAT",2026-05-09,0.582820369114643,0.540631565129435,29.4354347826087,0.215086192959564,2.24987197195956,2.89464823935025,50.25,0.321061857528765,0.5,1,4
"NAU-FourCAT",2026-05-16,0.374371985337104,0.322942915324589,18.800652173913,0.131102837982983,1.19726279185516,1.49086738591497,25.75,0.168014220920777,0.75,1,4
"NAU-FourCAT",2026-05-23,0.237376616809497,0.19939749485674,11.945,0.0795475319769448,0.296373751095778,0.342432995706415,10.5,0.0691377496559014,1,1,4
"NAU-FourCAT",2026-05-30,0.19789781682445,0.156507564446567,11.6105797101449,0.0783839946472111,0.328844829827204,0.362899586373583,12.3333333333333,0.0839936242746893,1,1,3
"NAU-FourCAT",2026-06-06,0.146712687664703,0.104833723856794,9.49717391304348,0.065580448409126,0.380758990570182,0.402405528270384,10.5,0.0737955379987727,1,1,2
"NAU-FourCAT",2026-06-13,0.1599881771735,0.11720963769532,11.5317391304348,0.0830861589572942,0.527777777777778,0.558654413389143,19,0.139419535249745,1,1,1
"NAU-epymorph",2025-11-22,2.38419755703346,2.04240316058844,39.1226086956522,0.323565552281954,6.33333333333333,7.73880700653886,57,0.482157728896419,0,0,1
"NAU-epymorph",2025-11-29,1.55268325146743,1.40606338736088,81.8615217391304,0.543680372088479,1.5878203115021,1.94313770427441,123,0.858178374816015,0,0.5,2
"NAU-epymorph",2025-12-06,1.02138153048031,0.8350443227422,74.5634782608696,0.440607387844302,1.11084251822131,1.34171000638571,127.333333333333,0.795847085969434,0,1,3
"NAU-epymorph",2025-12-13,1.02481722451979,0.769864801341188,153.19902173913,0.583600308729484,0.906173476249269,0.998204916924867,240,1.00959159361226,0,0.5,4
"NAU-epymorph",2025-12-20,0.846813831297243,0.583967157774517,250.900434782609,0.512790402401268,0.750919099319028,0.648847433094294,372,0.78805623063217,0,0.5,4
"NAU-epymorph",2025-12-27,0.5953156593099,0.422979558353155,374.507934782609,0.44725737930421,0.593845044344565,0.480655314585855,554.25,0.68810370412269,0.25,0.75,4
"NAU-epymorph",2026-01-03,0.547059934095691,0.341093066148192,374.723152173913,0.295220755326896,0.602495166230595,0.410692824286309,595.75,0.478705083871468,0.25,0.75,4
"NAU-epymorph",2026-01-10,1.98497354470681,0.852911008490076,739.124891304348,0.362291620226838,1.63545110084412,0.763098758403589,975.75,0.461601871893599,0.25,0.5,4
"NAU-epymorph",2026-01-17,7.91279499507041,3.23941986163798,1354.26434782609,0.598703012276571,7.47197779399919,3.40055871518805,1889.75,0.804021027995593,0,0.25,4
"NAU-epymorph",2026-01-24,5.64505485463017,2.74116110040908,1282.38119565217,0.467191102594992,5.04724192715472,2.52175314892327,1850,0.645627303133526,0.25,0.5,4
"NAU-epymorph",2026-01-31,3.0594994571993,1.79298697069358,634.386086956522,0.261095659480098,2.98356053445993,1.83543484128907,978,0.402185760611735,0.25,0.75,4
"NAU-epymorph",2026-02-07,0.466088191473291,0.407931630189304,224.556739130435,0.119064939490532,0.490538791876424,0.446432876104721,362.5,0.196806336114529,0.75,1,4
"NAU-epymorph",2026-02-14,0.568890302571429,0.536029507810625,249.6575,0.138526057150895,0.649398285807348,0.616235826122812,445.5,0.244324641869574,0.5,1,4
"NAU-epymorph",2026-02-21,3.59448674341739,2.7561253715403,370.160217391304,0.1942643105109,3.51089692178075,2.8950232299009,525.75,0.277449122715479,0.5,0.75,4
"NAU-epymorph",2026-02-28,2.57120357292611,2.20087252647036,409.537826086956,0.237154043236773,2.5907840721949,2.27689414094013,661.5,0.390742745967451,0.25,0.75,4
"NAU-epymorph",2026-03-07,1.39502138845195,1.25073711657277,456.322934782609,0.326754775903137,1.375511349063,1.25077814788425,733.5,0.52807771068128,0,0.75,4
"NAU-epymorph",2026-03-14,0.962989742837841,0.941441932876348,351.579347826087,0.36020159333735,0.943667677643732,0.941960613778088,554.5,0.567814421020825,0,0.5,4
"NAU-epymorph",2026-03-21,0.60602416808661,0.699856163575203,122.29902173913,0.165454195883918,0.539392604244182,0.691965458192804,184.25,0.260636867990482,0.5,0.75,4
"NAU-epymorph",2026-03-28,0.544733710391304,0.599049843716019,120.018043478261,0.220782524445331,0.545985620744639,0.666341667560561,202,0.384496693592253,0,0.75,4
"NAU-epymorph",2026-04-04,0.555027797820998,0.598310864705166,91.1639130434783,0.22971847707071,0.524522594345189,0.629136705731733,148.25,0.37917748813505,0.25,0.75,4
"NAU-epymorph",2026-04-11,0.491655683720278,0.481973294157784,56.3067391304348,0.17604805282151,0.499118810102262,0.593622804422853,94.25,0.299107285771269,0.25,1,4
"NAU-epymorph",2026-04-18,0.605268099586775,0.541374597094636,61.7465217391304,0.225746256814111,0.635046536688623,0.723554469512812,103.5,0.399358939983784,0,1,4
"NAU-epymorph",2026-04-25,0.371248576464039,0.285172932164541,23.9909782608696,0.105722067345624,0.45828437978218,0.547852549334626,29,0.134115824593799,0.75,1,4
"NAU-epymorph",2026-05-02,0.451761209132394,0.332066798961109,24.1505434782609,0.122213392399118,1.14130889314819,1.29652565171291,38,0.191367108212866,0.5,1,4
"NAU-epymorph",2026-05-09,0.628987250026675,0.40641634877778,31.3820652173913,0.158635832886921,2.54039275767328,2.60166833421252,55.5,0.281157578068426,0.25,1,4
"NAU-epymorph",2026-05-16,0.866799400968594,0.519993538238711,43.545652173913,0.208957488334655,3.65285283501915,3.46086122202455,75.5,0.37164418778486,0.25,1,4
"NAU-epymorph",2026-05-23,1.24788830778237,0.75143703607299,62.970652173913,0.297082145820628,2.93386777666475,2.56467101415792,104.5,0.516698643530126,0,1,4
"NAU-epymorph",2026-05-30,1.19812708381497,0.678481809270933,72.1924637681159,0.346228458314104,3.0718880634666,2.54253842427917,119.666666666667,0.60709659626576,0,1,3
"NAU-epymorph",2026-06-06,0.98159900631177,0.495604690309306,64.090652173913,0.311715884950544,3.8694163043716,3.09742903393602,107.5,0.57032096460155,0,1,2
"NAU-epymorph",2026-06-13,0.7374789632105,0.398126163472898,53.1565217391304,0.2822188887688,2.41666666666667,2.09080949292571,87,0.52178892856326,0,1,1
"NAU-vulPES",2025-11-22,0.735592591611245,0.458547941217625,12.0704347826087,0.0726449707437227,1.88888888888889,1.73410510911745,17,0.108041482411084,1,1,1
"NAU-vulPES",2025-11-29,0.379117454158219,0.266690765401221,19.8278260869565,0.101368531325889,0.449567195535981,0.398463255060926,34,0.170091251562803,0.5,1,2
"NAU-vulPES",2025-12-06,0.32799652718367,0.19483736023025,22.656231884058,0.0940334553756,0.229363809055961,0.192131934126819,29,0.120050480446829,1,1,3
"NAU-vulPES",2025-12-13,0.447897586444829,0.26653493012669,65.436847826087,0.18974605443429,0.474311855567595,0.372386903457628,123,0.348602542974943,0.25,1,4
"NAU-vulPES",2025-12-20,0.468441118400204,0.291530922940711,136.125326086957,0.247435177425478,0.514974322957505,0.379411187890322,252.5,0.448160739556831,0,1,4
"NAU-vulPES",2025-12-27,0.512617357244674,0.340465835197166,307.461739130435,0.339140875487103,0.613455057577054,0.442523436868196,549.5,0.59941832443848,0,1,4
"NAU-vulPES",2026-01-03,0.442078848376532,0.312595435995663,310.129347826087,0.273099145441105,0.516053273524881,0.389417711760545,535.75,0.469758482547866,0.25,1,4
"NAU-vulPES",2026-01-10,0.562397791463839,0.363510083748574,207.438913043478,0.155940761621524,0.557462743375969,0.404788686745791,322.75,0.242213578195158,0.75,1,4
"NAU-vulPES",2026-01-17,1.25139108470204,0.739433650806883,212.766413043478,0.136899790405869,1.02223253034551,0.723608697250582,255,0.169819551823156,1,1,4
"NAU-vulPES",2026-01-24,0.994457295291055,0.779883631060198,217.151847826087,0.129731394485345,0.478803972387679,0.427396425979506,170.75,0.108449948294762,1,1,4
"NAU-vulPES",2026-01-31,0.994026370630156,0.900602775956008,199.303804347826,0.12826319659912,0.536095771792327,0.519776894520757,169.25,0.110892475815232,1,1,4
"NAU-vulPES",2026-02-07,0.716909330031702,0.723362836833955,338.335434782609,0.207482426211099,0.892799997362858,0.872184930162839,645.75,0.375558865943883,0.25,1,4
"NAU-vulPES",2026-02-14,0.790203949491334,0.811320920563991,343.785869565217,0.206684930087026,0.982049651464013,0.989420034558712,667.75,0.386396718962107,0.25,1,4
"NAU-vulPES",2026-02-21,1.63719167471206,1.53435744584298,174.231195652174,0.112586897528853,1.55445920729209,1.5970223861358,240,0.158500376479386,1,1,4
"NAU-vulPES",2026-02-28,1.02027595674701,0.997628850524129,163.2075,0.108327508155159,0.766220689100013,0.798345927727591,194.25,0.136293427389792,1,1,4
"NAU-vulPES",2026-03-07,0.675912423087929,0.665514056222377,216.455108695652,0.171146021055654,0.691128384535891,0.743310488591367,361,0.309621768147096,0,1,4
"NAU-vulPES",2026-03-14,0.632603303520906,0.65017860958526,232.238260869565,0.25092431176777,0.657560288905615,0.728150003967428,387.25,0.441319564495849,0,1,4
"NAU-vulPES",2026-03-21,0.505446505392066,0.537043777984599,104.511304347826,0.129883171551845,0.415029231332568,0.493524624335418,146.25,0.191682819893817,0.5,1,4
"NAU-vulPES",2026-03-28,0.424543008078623,0.450874512453901,95.0166304347826,0.168946326145572,0.396103003752223,0.482532763314872,150.25,0.285271903686225,0.5,1,4
"NAU-vulPES",2026-04-04,0.403510049337615,0.428774449712246,67.3907608695652,0.166995485711445,0.366818456064872,0.464154903941715,105.5,0.284107609308921,0.5,1,4
"NAU-vulPES",2026-04-11,0.366750644106049,0.363691673925905,42.0665217391304,0.132628998230115,0.248013493340819,0.312073700325055,49,0.164315827492959,0.75,1,4
"NAU-vulPES",2026-04-18,0.351810491892618,0.350889152725878,35.634347826087,0.145421901603525,0.263852775241963,0.332452114063585,44.25,0.188911205617345,0.75,1,4
"NAU-vulPES",2026-04-25,0.545846190951393,0.495909067634956,35.1466304347826,0.183526517441673,0.906242799857039,1.1817389561444,57.5,0.290068150908849,0.5,1,4
"NAU-vulPES",2026-05-02,0.60633246313932,0.5265211430655,32.4016304347826,0.194101798173166,1.74063204246878,2.23272624137159,58,0.330380670110304,0.5,1,4
"NAU-vulPES",2026-05-09,0.527223823899067,0.43932827255632,26.6671739130435,0.174875024017825,1.84480303347973,2.36364220711739,42.25,0.26943971118458,0.5,1,4
"NAU-vulPES",2026-05-16,0.394121646002173,0.328362658630723,19.6861956521739,0.132486711747343,1.13902981668832,1.48863011623305,24.25,0.166660991534115,0.75,1,4
"NAU-vulPES",2026-05-23,0.271222120237237,0.216159374964905,13.6822826086957,0.0860049728465762,0.143578072766886,0.163066967020043,5,0.0322341741527079,1,1,4
"NAU-vulPES",2026-05-30,0.229615877312607,0.180219920812015,13.5901449275362,0.0909582403875514,0.20141720062331,0.225714644174159,7.66666666666667,0.0529768582829536,1,1,3
"NAU-vulPES",2026-06-06,0.19624966247302,0.14648834858993,12.6860869565217,0.0915227514633738,0.072821346774653,0.0799332644791976,2,0.0145995773461309,1,1,2
"NAU-vulPES",2026-06-13,0.165525603054632,0.131700383419174,11.9308695652174,0.0933581845884246,0.0555555555555555,0.0626106864545756,2,0.0156253179030807,1,1,1
"NEU_ISI-AdaptiveEnsemble",2025-11-22,0.877931162396333,0.540923196956809,14.4060869565217,0.0856951831757957,2.66666666666667,2.39704622818678,24,0.14934528855232,1,1,1
"NEU_ISI-AdaptiveEnsemble",2025-11-29,0.400886145450736,0.256016866183551,21.225,0.0978261321946349,0.327421679838259,0.287094326917443,24.5,0.121308462761385,0.5,1,2
"NEU_ISI-AdaptiveEnsemble",2025-12-06,0.512716376327888,0.260608598962469,36.3730434782609,0.123783867351504,0.275187730549693,0.231035101013445,26.6666666666667,0.110014986877786,0.666666666666667,1,3
"NEU_ISI-AdaptiveEnsemble",2025-12-13,0.589699683539397,0.308418140660608,85.0833695652174,0.2076821457377,0.496394819201012,0.393107030201213,117.5,0.331215669582511,0.5,1,4
"NEU_ISI-AdaptiveEnsemble",2025-12-20,0.513849816322641,0.330434600961055,148.183043478261,0.277275606469718,0.606937565602323,0.471981771431388,298.25,0.557651583754853,0.75,1,4
"NEU_ISI-AdaptiveEnsemble",2025-12-27,0.537946460184725,0.363793087302406,323.031956521739,0.36461135164038,0.640842656098165,0.479957128318818,578.5,0.658381201700651,0,1,4
"NEU_ISI-AdaptiveEnsemble",2026-01-03,0.461047392119948,0.320251059737682,318.844347826087,0.275590977841731,0.618163868975764,0.475464288166864,617.5,0.55271918048316,0,1,4
"NEU_ISI-AdaptiveEnsemble",2026-01-10,0.513157733270563,0.309799171336088,192.047934782609,0.134117347128067,0.452907390471991,0.326163186384274,266.5,0.198000855305011,1,1,4
"NEU_ISI-AdaptiveEnsemble",2026-01-17,1.14847352666352,0.663229875128331,193.371847826087,0.121783164109231,0.610389192674942,0.451832468621185,156.75,0.109218352008396,0.75,1,4
"NEU_ISI-AdaptiveEnsemble",2026-01-24,1.37066689752658,1.08319001667743,302.082826086957,0.181135181099786,0.9247703087172,0.903462529592582,329.5,0.228373525187627,0.75,1,4
"NEU_ISI-AdaptiveEnsemble",2026-01-31,2.10322455384503,1.91236961539421,417.960326086957,0.270103190038446,1.62599231922761,1.77470334831756,514,0.379254522212719,0.5,1,4
"NEU_ISI-AdaptiveEnsemble",2026-02-07,1.43876665192874,1.64870323412915,677.508913043478,0.471784641003978,1.58120120490557,1.8861637287789,1144,0.813252844343675,0.25,1,4
"NEU_ISI-AdaptiveEnsemble",2026-02-14,1.53175655647817,1.87927308809179,671.134456521739,0.48340127176323,1.70104998643356,2.14139494550513,1155.5,0.838656738379096,0,1,4
"NEU_ISI-AdaptiveEnsemble",2026-02-21,2.42417282037826,2.98332307738339,267.828695652174,0.228972315298838,3.11667653480118,4.26253606450893,508.25,0.450980479889046,0.5,1,4
"NEU_ISI-AdaptiveEnsemble",2026-02-28,0.961883801908538,1.24697683028474,157.484130434783,0.139629162181868,0.975830203343744,1.29251913486923,258.5,0.232531062169096,0.5,1,4
"NEU_ISI-AdaptiveEnsemble",2026-03-07,0.240462595783349,0.289351881927111,76.8892391304348,0.0742740170364174,0.136553124609835,0.182197389061712,70.25,0.0750119578951007,1,1,4
"NEU_ISI-AdaptiveEnsemble",2026-03-14,0.141643044749483,0.18242922530641,50.8177173913043,0.0689583657251512,0.0461779070076275,0.0676021556655112,25.75,0.0390356716641951,1,1,4
"NEU_ISI-AdaptiveEnsemble",2026-03-21,0.671880992399972,1.00520289176022,133.463152173913,0.236572749269394,0.745844328119254,1.18243218764322,250.75,0.442569133810641,0.25,0.75,4
"NEU_ISI-AdaptiveEnsemble",2026-03-28,0.237877644555512,0.384185955980063,51.2375,0.13962079423882,0.270744138894944,0.46105188533892,97.5,0.261073732794838,0.75,1,4
"NEU_ISI-AdaptiveEnsemble",2026-04-04,0.186963836850501,0.283332692856914,31.0279347826087,0.110145056053701,0.131569875416576,0.219966787372931,39,0.139442606886043,1,1,4
"NEU_ISI-AdaptiveEnsemble",2026-04-11,0.19099944027184,0.248411607020805,21.6246739130435,0.0899860110438139,0.091125785405558,0.137051551743315,17.25,0.0694904781005214,1,1,4
"NEU_ISI-AdaptiveEnsemble",2026-04-18,0.215757996748058,0.240982808913222,21.5598913043478,0.0990371516226882,0.212016884429234,0.291459534335632,34,0.159136840478742,1,1,4
"NEU_ISI-AdaptiveEnsemble",2026-04-25,0.388939844564366,0.340006028802453,24.9964130434783,0.125644785362709,0.659605842924419,0.831621561875842,41.75,0.203656596888688,0.5,1,4
"NEU_ISI-AdaptiveEnsemble",2026-05-02,0.431825055307216,0.345162485598341,23.0038043478261,0.12675372151533,1.23401092953253,1.47702732760485,41,0.21781445651531,0.75,1,4
"NEU_ISI-AdaptiveEnsemble",2026-05-09,0.369442948822335,0.284064241667519,18.6095652173913,0.112137198842591,1.23639534654885,1.4395155074781,27.75,0.160250739879677,0.75,1,4
"NEU_ISI-AdaptiveEnsemble",2026-05-16,0.311404045344749,0.249228812569857,15.56,0.100464821877395,1.01285495006338,1.23493043655112,21.25,0.135620634512715,0.75,1,4
"NEU_ISI-AdaptiveEnsemble",2026-05-23,0.223189665254826,0.176939741351608,11.1152173913043,0.0696050896045146,0.246383104394564,0.275624922628164,8.5,0.0539791249641628,1,1,4
"NEU_ISI-AdaptiveEnsemble",2026-05-30,0.214940922400739,0.161756413341381,12.6082608695652,0.0809903862155479,0.458651868547304,0.50004690592066,17.3333333333333,0.116598060948837,1,1,3
"NEU_ISI-AdaptiveEnsemble",2026-06-06,0.185117249208476,0.127804044321694,11.915652173913,0.0795890849916483,0.60186072250814,0.621356481460501,16.5,0.113289743658088,1,1,2
"NEU_ISI-FluBcast",2025-11-22,0.533213216395962,0.377810038679046,8.7495652173913,0.0598541542540659,0.111111111111111,0.108083667032625,1,0.0067340321813445,1,1,1
"NEU_ISI-FluBcast",2025-11-29,0.813640994577501,0.623958023137158,42.0969565217391,0.234851601532355,0.879148908232163,0.859898854589433,66.5,0.366798751081056,0,0.5,2
"NEU_ISI-FluBcast",2025-12-06,0.748145451070273,0.522338539712652,51.3715942028986,0.25020841113376,0.806545104517874,0.794708287572174,89.3333333333333,0.437475868918498,0,1,3
"NEU_ISI-FluBcast",2025-12-13,1.23109432568425,0.855919752903755,173.552608695652,0.595487885965111,0.983018415744357,0.964171382814576,249.333333333333,0.904588006893177,0,0.333333333333333,3
"NEU_ISI-FluBcast",2025-12-20,1.32742110199931,0.966858454427585,353.684347826087,0.773452891356683,0.938109279106457,0.884013157925595,418,0.979067586767003,0,0,3
"NEU_ISI-FluBcast",2025-12-27,0.98547395937333,0.732816357910819,545.506956521739,0.665902340441195,0.747821712378583,0.644842419875934,633,0.819323649999256,0,0,3
"NEU_ISI-FluBcast",2026-01-03,0.550159509654462,0.389522929673095,298.799855072464,0.235231629174188,0.51041853862645,0.398346466542026,395.666666666667,0.316968800498651,0,0.666666666666667,3
"NEU_ISI-FluBcast",2026-01-10,0.918590603901462,0.485037087630325,334.658586956522,0.201824389249272,0.698262263761176,0.418300652938705,391.75,0.238968039034753,0.25,0.5,4
"NEU_ISI-FluBcast",2026-01-17,3.88630858741445,1.89891321911014,656.76902173913,0.348551903432057,3.13128728737658,1.80064644164113,781,0.422350184912191,0,0.5,4
"NEU_ISI-FluBcast",2026-01-24,4.33083183395476,2.57438077475963,1009.93202898551,0.442917044399177,3.69604176646218,2.3544050568777,1276.66666666667,0.55780695611299,0,0.333333333333333,3
"NEU_ISI-FluBcast",2026-01-31,4.31857320419391,2.76196821863474,878.107971014493,0.382431976710104,3.63889228917105,2.444498339282,1097.66666666667,0.478774235160561,0,0.333333333333333,3
"NEU_ISI-FluBcast",2026-02-07,1.05140386204902,0.956340368984208,463.465797101449,0.247878019887734,0.960808838751781,0.891119497698215,646.333333333333,0.346891287806462,0,0.333333333333333,3
"NEU_ISI-FluBcast",2026-02-14,0.952873533266906,0.962224460467661,373.477536231884,0.210164366857675,0.99426314825745,1.0192797924195,609,0.345293218364768,0,0.666666666666667,3
"NEU_ISI-FluBcast",2026-02-21,1.25395901133236,1.30838383849667,135.066847826087,0.0970583639570264,1.63641267716886,1.78795809536546,258.75,0.18155013884615,0,1,4
"NEU_ISI-FluBcast",2026-02-28,0.435679333238867,0.483938766544433,74.4046739130435,0.0561029219392812,0.425970284665415,0.468951557213983,119.75,0.0886941342332423,0.75,1,4
"NEU_ISI-FluBcast",2026-03-07,0.788282456228327,0.856159047405911,252.556630434783,0.220739650079755,0.682477213130949,0.736559935633284,355.25,0.305888997598181,0,0.25,4
"NEU_ISI-FluBcast",2026-03-14,0.857398151438742,0.915423202613257,325.509673913044,0.365114866529471,0.716416596378026,0.759736814033431,432.75,0.47128139341776,0,0.25,4
"NEU_ISI-FluBcast",2026-03-21,0.971943059770332,1.10015640343278,198.521413043478,0.26271177329626,0.797000477555367,0.939376909965181,276.5,0.357606974366766,0,0.25,4
"NEU_ISI-FluBcast",2026-03-28,0.358233655129451,0.395209580829707,85.0576086956522,0.154640294281369,0.329281443562038,0.381840299094994,131.25,0.232603712987012,0.5,1,4
"NEU_ISI-FluBcast",2026-04-04,0.115294852729226,0.163567175673245,19.1279347826087,0.0635082159022484,0.104669751714398,0.162680147584222,30.25,0.100271593746106,0.5,0.75,4
"NEU_ISI-FluBcast",2026-04-11,0.252019719042277,0.338718055104514,28.169347826087,0.121110903069019,0.219760314467244,0.352140104443657,40.75,0.174848647718295,0.25,0.5,4
"NEU_ISI-FluBcast",2026-04-18,0.203464959561235,0.279959237344695,20.0488043478261,0.113567878967562,0.171136772939272,0.282706572443497,27,0.151989137813648,0.25,0.75,4
"NEU_ISI-FluBcast",2026-04-25,1.47533972720513,1.45359714281481,95.3272826086957,0.540571886104889,1.67910753750308,2.53440511145386,107.25,0.626990764577275,0,0,4
"NEU_ISI-FluBcast",2026-05-02,1.55728939065245,1.45575353156778,83.5435869565218,0.539361543276449,2.88719031597087,4.32827376434138,96.5,0.643412171037416,0,0.25,4
"NEU_ISI-FluBcast",2026-05-09,1.41090970790505,1.25438522591721,71.3401086956522,0.498309568645398,3.85023188204317,5.64599936980493,85,0.619458218240743,0,0,4
"NEU_ISI-FluBcast",2026-05-16,1.37922589249805,1.28013798753118,68.8686956521739,0.515435258506819,3.92739591911969,5.84363424849457,80.75,0.627488157262162,0,0,4
"NEU_ISI-FluBcast",2026-05-23,0.852631897546557,0.884945637281466,43.6675,0.359564170306706,1.54457913292561,2.28935869537174,55.5,0.470147355760505,0,0.25,4
"NEU_ISI-FluBcast",2026-05-30,0.690894635110856,0.719139512831353,41.5569565217391,0.370899535194177,1.36626806646307,2.02088317849682,53,0.486343216487213,0,0,3
"NEU_ISI-FluBcast",2026-06-06,0.698114115945163,0.666384260790592,45.2610869565217,0.418671051025944,2.04541259898423,2.93321864573772,56.5,0.540303551545021,0,0,2
"NEU_ISI-FluBcast",2026-06-13,0.510299732779993,0.499193646167735,36.7817391304348,0.353862390939032,1.30555555555556,1.8518780429224,47,0.46216045178471,0,0,1
"NIH-Flu_ARIMA",2025-11-22,0.225457725020535,0.160388380520085,3.6995652173913,0.025409358898386,0.777777777777778,0.772331446574125,7,0.0481192483441983,0,1,1
"NIH-Flu_ARIMA",2025-11-29,0.796834032849579,0.606811037133712,42.8052173913043,0.232943092617707,1.44602535089263,1.45213752952431,68,0.373859768692833,0,1,1
"NIH-Flu_ARIMA",2025-12-06,0.984610648532198,0.657824942626649,59.9554347826087,0.271954602493357,0.913262311222818,0.864146987955448,84.5,0.388448917069834,0,0.5,2
"NIH-Flu_ARIMA",2025-12-13,1.12135184608181,0.726609481105728,145.896811594203,0.448871017938687,0.824132588226287,0.734478697007329,196.333333333333,0.616027340040325,0,0.666666666666667,3
"NIH-Flu_ARIMA",2025-12-20,0.963006353576156,0.653829790997779,252.882028985507,0.479945073416695,0.76687790970496,0.647785124826052,341,0.668086205825014,0,0.666666666666667,3
"NIH-Flu_ARIMA",2025-12-27,0.904776699284739,0.641720007549309,541.863152173913,0.640679952453358,0.796822904213481,0.649063028941048,713.5,0.883178140285263,0,0.25,4
"NIH-Flu_ARIMA",2026-01-03,0.849962731136305,0.638272604060785,586.243913043478,0.547210342597875,0.807519960378423,0.674261196654999,800,0.7735243847889,0,0.75,4
"NIH-Flu_ARIMA",2026-01-10,0.679058124689951,0.502041221991898,266.254782608696,0.229237773598875,0.733317486575573,0.610474898461655,442.75,0.382501150115736,0,1,4
"NIH-Flu_ARIMA",2026-01-17,0.974386786532073,0.757213065371564,170.227282608696,0.14460914855638,1.01709522543388,0.925549588922363,265.5,0.229082405932413,0.25,1,4
"NIH-Flu_ARIMA",2026-01-24,1.15430436104012,1.13612162075299,268.637391304348,0.196897252411782,1.23273662069383,1.30510595583467,430.333333333333,0.315679734542402,0.333333333333333,1,3
"NIH-Flu_ARIMA",2026-01-31,1.28683527313903,1.37967989685858,266.634057971014,0.198517719611371,1.50500287944927,1.68544837400257,458.666666666667,0.340163031850494,0,1,3
"NIH-Flu_ARIMA",2026-02-07,1.06380911127303,1.10036185114045,486.707971014493,0.300314075630864,1.11064984771315,1.18077001267936,768.666666666667,0.481127380466814,0,0.666666666666667,3
"NIH-Flu_ARIMA",2026-02-14,0.950421124692757,0.965997740780352,371.550289855072,0.210418886969736,1.0136691576557,1.04406698980744,620.333333333333,0.353269782965226,0,1,3
"NIH-Flu_ARIMA",2026-02-21,1.422073758154,1.42656777610822,156.191739130435,0.108187966925364,1.67330063192748,1.78681694533813,276,0.189822366025863,0.25,1,4
"NIH-Flu_ARIMA",2026-02-28,0.869066199207863,0.892089056626703,144.147391304348,0.100279388884321,0.903440710846711,0.950350741041968,241,0.170189131608171,0.75,1,4
"NIH-Flu_ARIMA",2026-03-07,0.682312300668967,0.677961025300051,266.701304347826,0.210276266501638,0.671173066832196,0.694090677223919,431.333333333333,0.351497378350079,0,1,3
"NIH-Flu_ARIMA",2026-03-14,0.57266956457693,0.612728786303149,219.019710144928,0.245217642014809,0.58394564370863,0.654134175308565,351.666666666667,0.402383463273614,0,1,3
"NIH-Flu_ARIMA",2026-03-21,0.456404517285665,0.56159207025348,91.8355072463768,0.137173590684178,0.360977201193696,0.498593367060045,125.333333333333,0.195966644096261,0.666666666666667,1,3
"NIH-Flu_ARIMA",2026-03-28,0.243128112726923,0.283412011260622,38.8557971014493,0.0836030060733467,0.248153473121887,0.324469352308189,62.3333333333333,0.13861940083121,1,1,3
"NIH-Flu_ARIMA",2026-04-04,0.258362188255799,0.294400311378201,43.1302173913043,0.114789196779752,0.214153106406615,0.280001732916255,61,0.169770078146186,0.5,1,4
"NIH-Flu_ARIMA",2026-04-11,0.290385202832424,0.298416792131503,33.2260869565217,0.108755910244179,0.240856761229831,0.316805708445881,45.25,0.158855065134137,0.5,1,4
"NIH-Flu_ARIMA",2026-04-18,0.368583122283396,0.35024464678431,38.3140217391304,0.14853603732059,0.33180386491322,0.401984162613948,57.25,0.234430435627757,0.5,1,4
"NIH-Flu_ARIMA",2026-04-25,0.513551511966424,0.445789748607099,33.0915217391304,0.165136573469728,0.810136698472511,1.04820782019727,51.5,0.25788410313796,0.25,1,4
"NIH-Flu_ARIMA",2026-05-02,0.549012520879352,0.463783717727816,29.185652173913,0.169928190165284,1.61197593462793,2.03790571563747,53.5,0.300141120176122,0.25,1,4
"NIH-Flu_ARIMA",2026-05-09,0.72870268079176,0.603565719035883,36.2746739130435,0.235226750026624,2.71283412788622,3.53427066904587,59.25,0.381901961875691,0.25,1,4
"NIH-Flu_ARIMA",2026-05-16,0.716703994892177,0.654671815710202,35.0702173913043,0.257478809942596,2.7294910708344,3.88872124948349,54.75,0.406583593745034,0.25,1,4
"NIH-Flu_ARIMA",2026-05-23,0.398641280344038,0.397324039501123,20.5240217391304,0.161870931981704,0.707090127308089,1.03259885161649,26,0.217942537432752,0.5,1,4
"NIH-Flu_ARIMA",2026-05-30,0.317204399681802,0.308406499574352,19.1201449275362,0.160500560305234,0.672901833042958,0.923782746433418,28.3333333333333,0.242349577411876,0.666666666666667,1,3
"NIH-Flu_ARIMA",2026-06-06,0.292897186457084,0.234246856417095,19.004347826087,0.147856143773178,0.667393486471814,0.819658898662275,19.5,0.160549034685812,1,1,2
"NIH-Flu_ARIMA",2026-06-13,0.273246029400233,0.187422903213361,19.6952173913044,0.132858094563026,0.25,0.274350636536536,9,0.0684677992774612,1,1,1
"NU-PGF_FLUH",2025-11-22,1.65589147081423,0.985347979154208,27.1717391304348,0.1561027074464,5.33333333333333,4.482183257917,48,0.279257422792529,0,1,1
"NU-PGF_FLUH",2025-11-29,0.427749158465149,0.26777905478319,22.6271739130435,0.102104751440496,0.517458306677632,0.428277713032643,39.5,0.183646267301568,0.5,1,2
"NU-PGF_FLUH",2025-12-06,0.450568453578427,0.259739960597657,30.6294202898551,0.120339458360927,0.475650973418072,0.396979124943708,49,0.1997929293177,0.333333333333333,1,3
"NU-PGF_FLUH",2025-12-13,0.608280465345632,0.359776447479108,83.8355434782609,0.23786344215656,0.516682600830346,0.427943708134964,122,0.362228666697131,0.25,1,4
"NU-PGF_FLUH",2025-12-20,0.586864100169815,0.382105733051297,180.835434782609,0.349484363225213,0.57941378444974,0.464884678844781,304,0.596125192413133,0.25,1,4
"NU-PGF_FLUH",2025-12-27,0.427534948193307,0.293888914428458,288.036630434783,0.340297936926063,0.394816510467595,0.313747108523054,424.25,0.528894959720368,0.5,1,4
"NU-PGF_FLUH",2026-01-03,0.522587152733174,0.290703731459795,357.24152173913,0.250268388337787,0.611982183754377,0.372609905641643,604.75,0.431507214483213,0.25,1,4
"NU-PGF_FLUH",2026-01-10,2.71293917872392,1.1104759793283,1003.24532608696,0.470216940280395,2.55693408896596,1.15714222167163,1479.25,0.681308048685873,0,0.25,4
"NU-PGF_FLUH",2026-01-17,8.63243871790994,3.36138416417288,1484.49652173913,0.622701452345847,8.1319561416775,3.45734352310682,2075.5,0.8222475040987,0.25,0.25,4
"NU-PGF_FLUH",2026-01-24,4.97436256255605,2.63248613677772,1124.18739130435,0.445027425520088,4.38365717886109,2.40555163132569,1601.25,0.612262600472619,0,0.25,4
"NU-PGF_FLUH",2026-01-31,3.23393981844572,1.9973336555095,658.472065217391,0.285603650587351,3.12415463363316,1.98797676302588,1008,0.428220364317262,0,0.75,4
"NU-PGF_FLUH",2026-02-07,0.908503044617057,0.897906806952945,431.210217391304,0.259663293131101,0.957689819883232,0.969801463080491,700.75,0.423804310788113,0,0.5,4
"NU-PGF_FLUH",2026-02-14,0.865044641710898,0.878460905176643,376.509130434783,0.223849341009929,0.890976901164725,0.926508077064635,607,0.362480446649019,0.25,1,4
"NU-PGF_FLUH",2026-02-21,1.77624704406777,1.67315773033697,190.386847826087,0.123782963282403,1.95509415218797,2.00383107970269,304,0.200856980000922,0.25,1,4
"NU-PGF_FLUH",2026-02-28,1.09800732248836,1.32726159393458,176.053586956522,0.145117284040528,1.17674150826071,1.44391167212624,302.75,0.251304253234856,0.25,1,4
"NU-PGF_FLUH",2026-03-07,0.392393546090419,0.477240469780034,123.527282608696,0.120322265759699,0.408568651458787,0.516426202739941,209.25,0.210507319380377,0.25,1,4
"NU-PGF_FLUH",2026-03-14,0.356308432798633,0.438131046659798,127.374782608696,0.165896942643841,0.40157817662398,0.516453005219003,231,0.308050038361096,0,1,4
"NU-PGF_FLUH",2026-03-21,0.54375213631583,0.765444543193883,110.993260869565,0.185378459179924,0.471543428406852,0.737119596231027,163.75,0.285722955717479,0.5,0.75,4
"NU-PGF_FLUH",2026-03-28,0.418287143255047,0.461602850044491,93.1407608695652,0.171834980828356,0.423063250686221,0.522314847903193,158.5,0.305253452737055,0.25,1,4
"NU-PGF_FLUH",2026-04-04,0.440105705881466,0.47397450258061,72.8397826086957,0.183268403388259,0.406020560930026,0.489294247488873,115.25,0.295687636163667,0.25,1,4
"NU-PGF_FLUH",2026-04-11,0.358255059806004,0.361185877823171,41.6001086956522,0.133467433111583,0.276816472872476,0.330936571686251,54,0.171847259894474,0.75,1,4
"NU-PGF_FLUH",2026-04-18,0.434717143732072,0.40793123058429,44.6060869565217,0.170557903074548,0.385954462030046,0.452491393027666,64.75,0.256266203169186,0.75,1,4
"NU-PGF_FLUH",2026-04-25,0.565115700744711,0.522083718810581,36.279347826087,0.192609168087267,0.939822148163225,1.26244624004403,59.5,0.309195522185855,0.5,1,4
"NU-PGF_FLUH",2026-05-02,0.698462328990237,0.632191112408719,37.4895652173913,0.234542989893738,2.06853018389841,2.77457284860862,69.25,0.413361109623853,0.5,1,4
"NU-PGF_FLUH",2026-05-09,0.70163481520602,0.642063286847393,35.5196739130435,0.255814302124029,2.71060184197504,3.77507414972526,60.75,0.42086325067258,0.5,1,4
"NU-PGF_FLUH",2026-05-16,0.488242624543514,0.424571218483813,24.5667391304348,0.173339210743885,1.53073900445063,2.04614447993157,34.25,0.240564807370212,0.75,1,4
"NU-PGF_FLUH",2026-05-23,0.379804852674143,0.348303646862093,19.316847826087,0.141826912210511,0.3686954270689,0.489339025033566,15.75,0.121489153435477,1,1,4
"NU-PGF_FLUH",2026-05-30,0.331216564417723,0.278699229490927,19.5879710144928,0.139852970946855,0.142319103256351,0.171170117093244,5.33333333333333,0.039602820207094,1,1,3
"NU-PGF_FLUH",2026-06-06,0.314480682278942,0.271822654980907,20.2684782608696,0.169199563409185,0.778834687703705,0.955169575223745,21.5,0.175691933028143,1,1,2
"NU-PGF_FLUH",2026-06-13,0.329953372219977,0.362448994871179,23.7826086956522,0.256928486376344,1.11111111111111,1.51576473467254,40,0.378278967804007,1,1,1
"OHT_JHU-nbxd",2025-11-22,2.09596248112133,1.11422151197426,34.3929217391304,0.176519360057451,5.95444444444444,4.93128052150016,53.59,0.307237926309401,1,1,1
"OHT_JHU-nbxd",2025-11-29,0.97631669888905,0.475517180779719,53.9963608695652,0.187543507064643,0.494425971721501,0.320766987060021,66.265,0.23756236494257,1,1,2
"OHT_JHU-nbxd",2025-12-06,1.55235708465755,0.555735132401206,117.403865217391,0.280946976518638,1.56266981367675,0.868888264058027,189.696666666667,0.49902507659896,0.666666666666667,1,3
"OHT_JHU-nbxd",2025-12-13,1.29828093867601,0.4065468135252,219.233223913044,0.31215084082996,1.09824105540838,0.490786429385777,350.6225,0.529283859802735,0.25,1,4
"OHT_JHU-nbxd",2025-12-20,0.677367531322244,0.240272827161086,217.848840217391,0.212435924646903,0.585642714266063,0.269052052983559,343.3625,0.360842437161402,0.5,1,4
"OHT_JHU-nbxd",2025-12-27,0.347668849035022,0.150193400258476,214.863275,0.149300003395424,0.326949376121556,0.163037211548914,310.0775,0.22739416626795,0.75,1,4
"OHT_JHU-nbxd",2026-01-03,0.269135935255983,0.131388667867251,186.129276086957,0.110330562619863,0.227816225584905,0.123188246970837,230.8375,0.141397221049618,1,1,4
"OHT_JHU-nbxd",2026-01-10,0.454902343243464,0.234320864145381,167.175822826087,0.0989947870240618,0.327711518338326,0.200443693848323,185.4375,0.11598461927925,1,1,4
"OHT_JHU-nbxd",2026-01-17,1.21830591727825,0.675462280374162,206.408302173913,0.124318603559521,1.2058289569088,0.79989430363521,301.3375,0.187803659935853,0.5,1,4
"OHT_JHU-nbxd",2026-01-24,0.758217088924881,0.583462209962558,166.606231521739,0.0976251041201352,0.544751748405711,0.464781525407499,196.01,0.118578335447273,0.75,1,4
"OHT_JHU-nbxd",2026-01-31,0.767727042736822,0.619884061304483,154.220951086957,0.0881537684815377,0.616150341080516,0.536662566404854,196.655,0.115436905248118,1,1,4
"OHT_JHU-nbxd",2026-02-07,0.387491651063737,0.345031093648614,181.731051086957,0.0980386557078719,0.410259283203785,0.360068208352205,292.0775,0.152384967940643,0.75,1,4
"OHT_JHU-nbxd",2026-02-14,0.331681659884283,0.284687848521197,143.986276086957,0.0722530303633323,0.242720275862103,0.207040916452602,166.49,0.0814465215045499,1,1,4
"OHT_JHU-nbxd",2026-02-21,2.54089569624112,1.97110149956553,272.445580434783,0.144366570022535,3.01417156298938,2.58827666546739,471.285,0.258259208298199,0.5,1,4
"OHT_JHU-nbxd",2026-02-28,2.12064756797047,1.8679321944166,348.649281521739,0.207406303367311,2.20988906727483,1.99295290744892,582.275,0.351602699688408,0.25,1,4
"OHT_JHU-nbxd",2026-03-07,1.20368257398419,1.11111216947464,394.030856521739,0.291477173798557,1.198772494342,1.12700457368129,637.6825,0.475315544629556,0.25,0.75,4
"OHT_JHU-nbxd",2026-03-14,0.932488082380006,0.895310310797834,346.489495652174,0.349005853303463,0.950133854876686,0.946962932220397,565.1975,0.577116712282963,0,0.75,4
"OHT_JHU-nbxd",2026-03-21,0.696796344066534,0.674536519590823,145.123283695652,0.164814594135467,0.687117594933965,0.741901766904351,242.6575,0.289568671823279,0.5,1,4
"OHT_JHU-nbxd",2026-03-28,0.760733985294596,0.740928008571286,168.926347826087,0.276167968713538,0.771928929082318,0.84658112827362,287.6325,0.491940108576338,0.25,1,4
"OHT_JHU-nbxd",2026-04-04,0.926360716647196,0.84664195826795,156.994485869565,0.333802415885747,0.890881580432539,0.922879682397066,259.6575,0.569765183859719,0.25,1,4
"OHT_JHU-nbxd",2026-04-11,0.825033637366977,0.696450055285809,96.0157032608696,0.256950003123384,0.758571316372699,0.786646666471493,149.0875,0.409997490185763,0.5,1,4
"OHT_JHU-nbxd",2026-04-18,0.630331066133439,0.56209242039699,64.2033141304348,0.233590377448671,0.541443282175345,0.60156680586953,91.7875,0.343837018311416,0.5,1,4
"OHT_JHU-nbxd",2026-04-25,0.639196153386771,0.576609027157903,41.2218815217391,0.213321799183607,0.985068062991373,1.3054995053692,62.4375,0.320042285762043,0.75,1,4
"OHT_JHU-nbxd",2026-05-02,0.818996618989539,0.788107619871122,43.7457108695652,0.290025731016825,2.45928903718726,3.41564312135616,81.8525,0.504390428538144,0.5,1,4
"OHT_JHU-nbxd",2026-05-09,0.772264946384505,0.709382889048471,38.7693608695652,0.279344171128378,3.25736197711188,4.4088839211857,71.8875,0.482411723267978,0.5,1,4
"OHT_JHU-nbxd",2026-05-16,0.625350572979426,0.571661285660229,31.280947826087,0.230976022704109,2.47504194028939,3.29778964066453,51.4175,0.358547935348919,0.75,1,4
"OHT_JHU-nbxd",2026-05-23,0.451028132008793,0.397229084490688,22.5409195652174,0.15728570032723,0.35835967397671,0.442871320373844,13.5675,0.095611080919743,1,1,4
"OHT_JHU-nbxd",2026-05-30,0.372146149277764,0.331863062517819,22.003747826087,0.167623641503368,0.366510547845079,0.453390317977714,14.3166666666667,0.109441645373555,1,1,3
"OHT_JHU-nbxd",2026-06-06,0.351682335172457,0.315128736715339,22.7125260869565,0.196743670345846,1.06887869692084,1.32058529549819,29.33,0.240998136544551,1,1,2
"OHT_JHU-nbxd",2026-06-13,0.292741629016594,0.291971309395916,21.1004347826087,0.206969111930008,0.919166666666667,1.20951451672041,33.09,0.301850209642069,1,1,1
"PSI-PROF",2025-11-22,0.983621790625579,0.751311768378822,16.1403782608696,0.119025769232254,1.66666666666667,1.53955286159629,15,0.0959201218787396,1,1,1
"PSI-PROF",2025-11-29,0.540488645517823,0.48605175804005,28.5739652173913,0.187584296717902,0.53509182488481,0.482717078086773,40.5,0.206195405733266,1,1,2
"PSI-PROF",2025-12-06,0.505826741169061,0.393397577112177,35.8091956521739,0.197667246329055,0.404889633509916,0.355907915426112,46.3233333333333,0.201308029567688,1,1,3
"PSI-PROF",2025-12-13,0.574768435066802,0.420331905926627,83.7514239130435,0.308120713569616,0.618653409197161,0.513144308759727,158.635,0.475105560381739,0.25,1,4
"PSI-PROF",2025-12-20,0.663574916662543,0.476090420239875,196.782840217391,0.42401675022377,0.677929912268329,0.560620357728607,338.875,0.684925321705608,0,1,4
"PSI-PROF",2025-12-27,0.661246286688172,0.460438595158877,405.320720652174,0.4726308836739,0.685399965929653,0.540051014494116,622.75,0.749695231246343,0,0.75,4
"PSI-PROF",2026-01-03,0.473875086859574,0.335467720945029,338.752104347826,0.30098680081425,0.530041661386843,0.411117378680635,546.625,0.496179611222824,0.25,0.75,4
"PSI-PROF",2026-01-10,0.595878337126281,0.322851853178487,216.810401086957,0.135072664678729,0.532556723117935,0.344641994534292,297.375,0.196867349900728,0.75,1,4
"PSI-PROF",2026-01-17,2.44044358886447,1.15621593630853,413.652959782609,0.212954935858722,2.82396569156917,1.71859955560533,705.75,0.404347386504155,0.5,1,4
"PSI-PROF",2026-01-24,2.03700272551486,1.17049342073578,447.193944565217,0.195322817305935,1.94345297858778,1.38953200590517,693.83,0.351468303875918,0.75,1,4
"PSI-PROF",2026-01-31,2.07739980265473,1.35116449833853,424.942367391304,0.194528102470657,1.69685441198343,1.32839854949326,552.025,0.289634057431174,0.75,1,4
"PSI-PROF",2026-02-07,0.992252377389888,0.933661199766042,472.588676086957,0.267472208305956,0.804121800215074,0.787343313565855,569.395,0.330549036089282,0.25,1,4
"PSI-PROF",2026-02-14,0.955035077945162,1.04625362950425,419.288580434783,0.27000177833313,0.998406582228996,1.0784347992323,688.885,0.42905868405494,0,1,4
"PSI-PROF",2026-02-21,2.68205093263803,2.80865596828357,285.078068478261,0.207149147870513,2.8292693642607,3.26495956234342,433.23,0.324374000336932,0.25,1,4
"PSI-PROF",2026-02-28,1.76357336609667,1.68570678777497,282.60752173913,0.184089103888308,1.68410648304376,1.59129807082781,426.55,0.270972067221943,0.25,1,4
"PSI-PROF",2026-03-07,1.23604218653596,1.10482713630621,399.110808695652,0.287252286699592,1.26675333137078,1.18740698799445,667.0725,0.497059766101968,0.25,1,4
"PSI-PROF",2026-03-14,0.889248644113768,0.753043466453797,327.53827173913,0.29219588659002,0.926164685630236,0.899027361321829,563.465,0.557482511943957,0.5,1,4
"PSI-PROF",2026-03-21,0.974988600258623,0.81651924919351,200.567842391304,0.196642724951013,0.689792166136703,0.742322313073458,239.8225,0.28242065086016,0.5,1,4
"PSI-PROF",2026-03-28,0.540123333410926,0.458347674348127,119.072882608696,0.167636602563876,0.289086643685085,0.376452994817615,103.9575,0.21290839718903,1,1,4
"PSI-PROF",2026-04-04,0.44433090072284,0.426023779574217,73.5939891304348,0.164001025042717,0.244204937412,0.305324223397266,68.19,0.182125901897499,1,1,4
"PSI-PROF",2026-04-11,0.389518314528102,0.404791124706054,44.7735152173913,0.147711932775662,0.241666410615812,0.300757810289721,47.84,0.158220870758988,1,1,4
"PSI-PROF",2026-04-18,0.39511040153448,0.380965497491992,40.2032652173913,0.158230434508928,0.198149838857775,0.243643151861514,33.875,0.140848756400329,1,1,4
"PSI-PROF",2026-04-25,0.604851590365743,0.579269238841488,39.0878467391304,0.215429646536147,1.18619557130352,1.61082119574155,75.75,0.398315777868194,0,1,4
"PSI-PROF",2026-05-02,0.714955238902034,0.625230059893651,38.2366445652174,0.230562949066189,1.82425639357844,2.4281831702433,60.875,0.359873848775991,0.25,1,4
"PSI-PROF",2026-05-09,0.709275156947178,0.594413286223749,35.6543673913043,0.234080271622481,2.09662169993777,2.74284358390072,47.595,0.309677138188393,0.5,1,4
"PSI-PROF",2026-05-16,0.627006874203471,0.549966092354973,31.4352902173913,0.222708972823149,1.91702542907961,2.50318771736808,39.625,0.270815784478791,0.75,1,4
"PSI-PROF",2026-05-23,0.44018367836581,0.385466201241193,22.8746434782609,0.159156829449504,0.364011348006106,0.43963313212458,13.1975,0.0908838815122575,1,1,4
"PSI-PROF",2026-05-30,0.319200640297098,0.266542989800289,19.105015942029,0.13660054439018,0.236433717992505,0.283367282848954,9.09333333333333,0.0674083746856364,1,1,3
"PSI-PROF",2026-06-06,0.160609627259593,0.121031079014445,10.3585543478261,0.0755017096029147,0.241643556446198,0.271842239404529,6.645,0.0497231362016035,1,1,2
"PSI-PROF",2026-06-13,0.139557126570596,0.111090107898723,10.0590956521739,0.0787482202397834,0.162777777777778,0.189291534645155,5.86,0.0472401849057897,1,1,1
"PSI-PROF_MOA",2025-11-22,1.88401022760393,1.16232720761141,30.9149695652174,0.1841404538146,4,3.47345153375506,36,0.216409519132865,0,1,1
"PSI-PROF_MOA",2025-11-29,0.734134433931417,0.50562700659684,39.2379173913044,0.195922593376866,0.304000724699315,0.233028381467958,25.045,0.10765237729548,1,1,2
"PSI-PROF_MOA",2025-12-06,0.793663490878353,0.481628321432305,56.561931884058,0.236779029646018,0.581551874068371,0.400061496301458,68.2433333333333,0.225640866957135,1,1,3
"PSI-PROF_MOA",2025-12-13,0.541999507251565,0.358529628924771,79.2358413043478,0.253976456975658,0.371849076317532,0.247238926164649,94.05,0.218430522337862,1,1,4
"PSI-PROF_MOA",2025-12-20,0.420609956091808,0.347715967327187,116.860194565217,0.289230004705664,0.366312696776486,0.253958987250534,160.525,0.263991100834502,1,1,4
"PSI-PROF_MOA",2025-12-27,0.445508365088617,0.359925651319194,264.027293478261,0.35791445886604,0.529364718302602,0.358896013102661,466,0.474009294122524,0,1,4
"PSI-PROF_MOA",2026-01-03,0.334744262841413,0.279413277158896,230.015286956522,0.241979544609912,0.357156690877771,0.235802133676393,360.6625,0.272898370372731,0.5,1,4
"PSI-PROF_MOA",2026-01-10,0.463126297746298,0.317402353448741,169.940232608696,0.13519987633532,0.327946004302,0.196111896702192,190.2925,0.115621312967268,0.5,1,4
"PSI-PROF_MOA",2026-01-17,1.64848078953043,0.869541476439961,285.997858695652,0.162791634535042,1.98028217798864,1.21465725338599,512.75,0.293061519946251,0.25,1,4
"PSI-PROF_MOA",2026-01-24,1.36267081783113,0.934389864874636,299.119636956522,0.154994536897213,1.50907530381187,1.09066569192995,542.0775,0.275167212124741,0.25,1,4
"PSI-PROF_MOA",2026-01-31,0.995466882146226,0.855725439352378,200.133408695652,0.122518484485508,1.10514310458313,0.984819070270624,354.755,0.213751829364166,0.5,1,4
"PSI-PROF_MOA",2026-02-07,0.912486951711176,0.912854778506146,437.11255,0.266833175831148,0.967070116031192,0.998220461716654,713.6425,0.441116623678276,0,1,4
"PSI-PROF_MOA",2026-02-14,0.890013943391814,0.904092106058886,390.350643478261,0.232820552631191,0.892493902767695,0.942006745694502,614.255,0.374472879074057,0,1,4
"PSI-PROF_MOA",2026-02-21,1.57220153876023,1.38873883262009,162.26905326087,0.0984729765135439,1.72710251870828,1.57826619701071,258.525,0.151250896180416,0.5,1,4
"PSI-PROF_MOA",2026-02-28,1.38043830688925,1.36084357687767,218.761704347826,0.146394612616888,1.40409826728672,1.34086249210209,353.72,0.227327219052249,0.5,1,4
"PSI-PROF_MOA",2026-03-07,0.893082839053401,0.884448515769834,293.541569565217,0.233176293801977,0.855137362438067,0.845942666501442,460.825,0.361620149161832,0.5,0.5,4
"PSI-PROF_MOA",2026-03-14,0.613072193774982,0.619525108181468,230.990640217391,0.244204436258843,0.592285826233632,0.631685986206242,356.075,0.388637609523487,0.5,0.75,4
"PSI-PROF_MOA",2026-03-21,0.442344038967742,0.52031733782361,89.6576695652174,0.123669606000741,0.28992951336016,0.402121442742873,95.35,0.147041010399772,0.75,1,4
"PSI-PROF_MOA",2026-03-28,0.232734498036329,0.290756241200904,49.7416054347826,0.104871097802258,0.235029828796855,0.305188712085449,84.0575,0.171873677375042,0.5,1,4
"PSI-PROF_MOA",2026-04-04,0.271077564871152,0.318035749432989,44.086527173913,0.121171460342507,0.216108452717966,0.270801110846643,60.075,0.160719176837667,0.75,1,4
"PSI-PROF_MOA",2026-04-11,0.33426489970015,0.344316202831808,38.404275,0.125673266731887,0.177579266412624,0.211760104087639,37.75,0.119534177855578,1,1,4
"PSI-PROF_MOA",2026-04-18,0.393125048123616,0.37467975757684,39.9995021739131,0.15567616849907,0.261205972255353,0.318635992713898,43.415,0.17919272648406,0.75,1,4
"PSI-PROF_MOA",2026-04-25,0.480695472450822,0.442141624906771,30.9665119565217,0.163787342562059,0.924951640766265,1.19642173985924,58.875,0.294686633055463,0.5,1,4
"PSI-PROF_MOA",2026-05-02,0.582571566014108,0.494498827591503,31.1201847826087,0.182097334881286,1.54481982966982,1.94050345643187,51.3675,0.286410135344978,0.25,1,4
"PSI-PROF_MOA",2026-05-09,0.5825817528199,0.477908964134961,29.2224391304348,0.187665904912593,1.60307581030423,1.98955110422965,36.75,0.227042813252164,0.5,1,4
"PSI-PROF_MOA",2026-05-16,0.519394594284753,0.446861817955124,26.0441793478261,0.181099903528212,1.17446788178407,1.48723165961254,24.375,0.161798078602283,0.75,1,4
"PSI-PROF_MOA",2026-05-23,0.429484592198145,0.379675314142662,22.1873347826087,0.155667406800878,0.173862889809782,0.198250772773509,5.9275,0.0383561596626434,1,1,4
"PSI-PROF_MOA",2026-05-30,0.322909103410899,0.268854594056104,19.2230666666667,0.137283261244537,0.202371810307302,0.229555390131033,7.56,0.0529482644076582,1,1,3
"PSI-PROF_MOA",2026-06-06,0.175292418605939,0.134252301580194,11.3140065217391,0.0839854494017157,0.365770130892185,0.410466690565689,10.16,0.0759894628146984,1,1,2
"PSI-PROF_MOA",2026-06-13,0.151747003577008,0.111853466229163,10.9377260869565,0.0792893405165061,0.250555555555556,0.274939858272386,9.02000000000001,0.0686148472889014,1,1,1
"SigSci-TSENS",2025-12-20,1.15917718174879,0.850135191250629,165.553043478261,0.294140568698166,1.15450148085229,1.01745817300041,273,0.476692617396532,0,1,1
"SigSci-TSENS",2025-12-27,1.21418807996029,0.968335530270277,494.825652173913,0.568518217324191,1.07229263498287,0.964480472804439,667,0.776690916546272,0,0,2
"SigSci-TSENS",2026-01-03,1.09765867833213,0.969761540532226,583.124057971015,0.571308395540603,1.06916196502192,1.01217553020377,808,0.783430675295192,0,0.333333333333333,3
"SigSci-TSENS",2026-01-10,0.979391176875401,0.906601573639173,384.819782608696,0.419882129995451,0.944879964232334,0.899776415501463,581.5,0.579243029352432,0.25,0.5,4
"SigSci-TSENS",2026-01-17,1.15883827946197,1.09872835031469,204.0375,0.214858280655751,1.0706930769842,1.04383141019239,301,0.281714699752335,0.75,1,4
"SigSci-TSENS",2026-01-24,1.04286380349449,1.13851589818237,227.513913043478,0.18866786087592,1.14784301546651,1.16077811129193,406,0.290909700936725,0.25,1,4
"SigSci-TSENS",2026-01-31,1.07195981073132,1.22521240206034,213.749130434783,0.174394056065067,1.19340533886222,1.22013944873214,377.75,0.261097949327376,0.5,1,4
"SigSci-TSENS",2026-02-07,0.936697202890866,1.02822517715541,440.499347826087,0.295324413407112,1.06013884390912,1.07643122998557,767.5,0.46411438734162,0,1,4
"SigSci-TSENS",2026-02-14,0.92216493253334,1.02432879815346,400.867934782609,0.261116237926291,1.05358565288565,1.07119135333387,714.75,0.417179039483369,0,1,4
"SigSci-TSENS",2026-02-21,1.43946823274262,1.57847686802032,154.130652173913,0.116754766643974,1.21770549272993,1.22598671256176,190.5,0.122818568190822,1,1,4
"SigSci-TSENS",2026-02-28,1.07574276755995,1.20413951279795,174.47152173913,0.132062744677477,0.878294061512775,0.908439126160584,229.75,0.158724502838555,1,1,4
"SigSci-TSENS",2026-03-07,0.728246475941382,0.766578886469283,236.879673913043,0.199434724709975,0.77813270372282,0.793573387478859,417.5,0.33761706400084,0.75,1,4
"SigSci-TSENS",2026-03-14,0.714976029601841,0.740758516931009,262.603260869565,0.286500642092775,0.820125442256987,0.854749893069472,486,0.521022255296971,0.25,1,4
"SigSci-TSENS",2026-03-21,0.851580118232136,0.902907390006002,179.37152173913,0.221566524453434,0.869970116735172,0.91553284615984,312.25,0.360178965220157,0.5,1,4
"SigSci-TSENS",2026-03-28,0.884639618437771,0.860434656686662,200.098043478261,0.323230450957419,0.954008043157012,0.952939208820005,363.5,0.56109393896535,0.25,1,4
"SigSci-TSENS",2026-04-04,0.871929501065234,0.873575415987031,146.765652173913,0.341722787569548,0.911693746078794,0.921640403449919,265,0.568609107478779,0.5,1,4
"SigSci-TSENS",2026-04-11,0.90561159131122,0.956273376772795,105.40402173913,0.348559357235889,0.803862354065379,0.786694168643908,164,0.423417759830309,0.75,1,4
"SigSci-TSENS",2026-04-18,0.883833159335802,0.961043727696984,89.5694565217391,0.397875220388667,0.847680697061078,0.849594195206641,138.75,0.469517080237673,0.75,1,4
"SigSci-TSENS",2026-04-25,0.903297038932705,1.07127466167521,58.7920652173913,0.399735227883422,0.757223978718731,0.857309632039777,48.5,0.211822426892703,1,1,4
"SigSci-TSENS",2026-05-02,0.98640963771017,1.1414266067076,52.9986956521739,0.420917831270938,1.13787589334638,1.21095497254191,37.5,0.176803551626016,1,1,4
"SigSci-TSENS",2026-05-09,0.976350375343265,1.44612041319915,49.0142391304348,0.570538929339164,1.84901390045856,2.31489948221014,40.75,0.25314888391923,1,1,4
"SigSci-TSENS",2026-05-16,0.919303361612958,1.33231983047218,46.1505434782609,0.537300165222564,1.244589752878,1.57566893320578,25.5,0.169028757638493,1,1,4
"SigSci-TSENS",2026-05-23,0.916190686247803,1.26449054318125,46.6077173913043,0.508878879173461,0.429614690833179,0.45880651195056,16.25,0.0980549703395359,1,1,4
"SigSci-TSENS",2026-05-30,0.873159309913165,1.21786231272005,51.8220289855072,0.61221299003648,0.400164857110632,0.423209951232122,17.6666666666667,0.11437375381929,1,1,3
"SigSci-TSENS",2026-06-06,0.866326348078707,1.06648399831186,56.004347826087,0.664826989169027,0.811050938879143,0.797798228141004,23.5,0.15300059024679,1,1,2
"SigSci-TSENS",2026-06-13,0.798855116086886,1.01707758610216,57.5804347826087,0.720973732641775,0.527777777777778,0.558654413389143,19,0.139419535249745,1,1,1
"UGA_CEID-Walk",2025-11-29,1.16218462441237,0.863762014558098,57.7253939130435,0.314753175885508,0.997222288898769,0.973894594967455,72.043,0.401183005008392,0,0,1
"UGA_CEID-Walk",2025-12-06,1.71538198086034,1.19408203662696,100.366105217391,0.490339351494893,1.2193615642632,1.24431803730017,118.1065,0.596756178928111,0,0,2
"UGA_CEID-Walk",2025-12-13,1.68798627015496,1.23261302944895,233.369297681159,0.82066004425497,1.04370220393954,1.06900800068073,257.475,0.945382625224691,0,0,3
"UGA_CEID-Walk",2025-12-20,1.78125959712677,1.48697520998136,497.453072173913,1.21762744905398,1.1216414101879,1.1891611235435,527.8175,1.35397829099229,0,0,4
"UGA_CEID-Walk",2025-12-27,1.58957301145253,1.50816725575052,940.48564923913,1.48774032368058,1.11557567153938,1.2196132606547,986.43275,1.63603093129939,0,0,4
"UGA_CEID-Walk",2026-01-03,1.6099608572993,1.56277939601627,1094.07875804348,1.3170816632777,1.19947901998934,1.31417402264364,1174.01825,1.48439143942888,0,0,4
"UGA_CEID-Walk",2026-01-10,2.19200287869277,2.14854154488726,934.166047101449,1.08517499845057,1.59879143163976,1.85959186176258,1051.83233333333,1.28268682223075,0,0,3
"UGA_CEID-Walk",2026-01-17,2.11304236628112,2.00795783022821,388.083410326087,0.409011420236251,1.80149560220752,2.02989078898022,483.826,0.527305034853973,0.5,0.5,4
"UGA_CEID-Walk",2026-01-24,1.43553939378246,1.5494393069014,314.273606304348,0.259572592086951,1.41484120717462,1.58785586808518,500.571,0.399889438093478,0,0.75,4
"UGA_CEID-Walk",2026-01-31,1.01849587659238,1.06006923144635,201.58965576087,0.149287999747437,1.16285822127582,1.18632592957247,365.85825,0.252148382287682,0.25,1,4
"UGA_CEID-Walk",2026-02-07,1.01110120576501,0.995544884073273,471.1701425,0.281978429509738,0.991713001934795,0.990901496191257,715.09725,0.425009869266354,0,0.5,4
"UGA_CEID-Walk",2026-02-14,1.05227162514597,1.03287557037392,456.720616847826,0.262289225315341,0.988336898183262,0.986362517741135,670.64325,0.384192525643563,0,0.5,4
"UGA_CEID-Walk",2026-02-21,0.965546328679919,0.911843651784764,101.549410434783,0.0658457179746127,1.02968149642649,1.02714169781679,158.977,0.101623466194196,0.5,1,4
"UGA_CEID-Walk",2026-02-28,1.07836758332374,1.0687528841823,174.378128804348,0.116983503722498,0.961539962606756,0.965503207981399,251.76,0.169647590128961,0.25,0.75,4
"UGA_CEID-Walk",2026-03-07,1.12611406078595,1.10189206554391,363.327654782609,0.286120080692271,1.0955844807169,1.08680653186962,571.4425,0.451522817569982,0.25,0.75,4
"UGA_CEID-Walk",2026-03-14,0.949312689762921,0.915916332812114,348.80942423913,0.353293372300781,1.08081584266628,1.04849394197356,642.92625,0.63870915785124,0.25,1,4
"UGA_CEID-Walk",2026-03-21,1.15151462414231,1.18043390217305,239.514847065217,0.28628729598368,0.99153206065813,0.977091200640249,352.65275,0.384221924942018,0.5,1,4
"UGA_CEID-Walk",2026-03-28,1.05402990402656,1.09361253580551,235.515061521739,0.404177759945543,1.14351827048066,1.08217548125502,435.20525,0.637420633324944,0.75,1,4
"UGA_CEID-Walk",2026-04-04,1.0708841964611,1.08495230512389,180.962460326087,0.425590636894079,0.966012704812288,0.995119383285361,280.48525,0.611966778047992,0.5,1,4
"UGA_CEID-Walk",2026-04-11,1.11476331214508,1.1334729592974,128.550182065217,0.412168250855935,1.03124154340445,1.01899790227387,200.57675,0.524719381169923,0.75,1,4
"UGA_CEID-Walk",2026-04-18,1.03229795487383,1.0230074291664,104.805093043478,0.421813199720757,1.02206015136465,1.00947912693182,168.8045,0.561716055926095,0.75,1,4
"UGA_CEID-Walk",2026-04-25,1.06011683927462,1.03452112055728,69.4935654347826,0.386816145886113,1.11292118246226,1.06794647426316,72.82625,0.268363572674432,1,1,4
"UGA_CEID-Walk",2026-05-02,0.952817632455852,0.945660962240443,51.2842483695652,0.348544402911384,1.45187167539898,1.49272262763498,48.078,0.218729820842973,1,1,4
"UGA_CEID-Walk",2026-05-09,0.742790450864051,0.697437409914843,37.7664494565217,0.280691982841223,1.06256431132769,1.04457998481672,23.32575,0.113340341909054,1,1,4
"UGA_CEID-Walk",2026-05-16,0.597266486414998,0.566484693092975,30.2728042391304,0.232620182177211,0.980229286425995,0.975940914968532,21.14525,0.109407423935693,1,1,4
"UGA_CEID-Walk",2026-05-23,0.501264678042586,0.373387855240983,29.3123344927536,0.169249373925491,1.06082754632966,1.0492747723756,46.6883333333333,0.255999788150717,0.666666666666667,1,3
"UGA_CEID-Walk",2026-05-30,0.430738700948846,0.301756489029478,28.1109391304348,0.165362847853114,1.18400159405947,1.17267021919752,49.0115,0.293308035249974,0.5,1,2
"UGA_CEID-Walk",2026-06-06,0.318882029216371,0.230861835627205,22.0663934782609,0.153314049018204,1.21679714795341,1.21243186730945,32.939,0.215458623300158,1,1,1
"UGA_CEID-auto_AVG_LB",2025-11-29,0.58533318150434,0.425226352102673,29.0733397800693,0.15495164471084,0.740149380092484,0.683136082873641,53.4711090832986,0.281408879331615,0,1,1
"UGA_CEID-auto_AVG_LB",2025-12-06,0.699511858349208,0.455675810822209,41.7163832434264,0.191233794510742,0.767724130342726,0.701274626068089,75.4230725085552,0.342041640813289,0,1,2
"UGA_CEID-auto_AVG_LB",2025-12-13,1.00823824992038,0.661383041362495,140.249171247174,0.443291964921137,0.832590357465211,0.756428429015564,206.526706887454,0.673042853726168,0,0,3
"UGA_CEID-auto_AVG_LB",2025-12-20,1.16425199565228,0.838370180304697,338.116939535765,0.71668239612134,0.898009468851815,0.828684685927902,434.285815901371,0.97712522681606,0,0,4
"UGA_CEID-auto_AVG_LB",2025-12-27,1.05597041553718,0.831209856284129,641.685585835183,0.848567727529126,0.877418209770772,0.8040752636295,788.807307576447,1.10751722593106,0,0.25,4
"UGA_CEID-auto_AVG_LB",2026-01-03,0.775459405088694,0.633794135974761,560.918850011699,0.57840769888262,0.709725802486821,0.650328237758169,734.639171387505,0.792194195936159,0.25,0.5,4
"UGA_CEID-auto_AVG_LB",2026-01-10,0.655701278891086,0.462062638579816,246.579051906114,0.203327255894934,0.641311169842883,0.516587863299553,397.097729616323,0.333292221411162,0.75,1,4
"UGA_CEID-auto_AVG_LB",2026-01-17,1.39953528955445,0.812036661109419,245.951266086528,0.153629747480666,1.22126096207695,0.826134278661402,333.192382927481,0.209563019939495,0.5,1,4
"UGA_CEID-auto_AVG_LB",2026-01-24,1.81917367256063,1.46052440481754,394.347554018554,0.242903332672431,1.79162236791728,1.58763893542735,631.038281618665,0.398288934220532,0.25,0.75,4
"UGA_CEID-auto_AVG_LB",2026-01-31,1.54171093042112,1.62271317407141,305.956699214692,0.229198436512021,1.59196300764758,1.7662759431808,503.559524374519,0.37758261209798,0.25,1,4
"UGA_CEID-auto_AVG_LB",2026-02-07,1.20955170347416,1.29123043457517,568.955230118129,0.36919535950902,1.30685170471181,1.43513692177867,946.232643286712,0.619112025938235,0,1,4
"UGA_CEID-auto_AVG_LB",2026-02-14,1.12814408164965,1.20399872072923,492.848013452482,0.308324782276342,1.25885441411712,1.36471823942634,856.089272547427,0.534048089088329,0,1,4
"UGA_CEID-auto_AVG_LB",2026-02-21,1.45217347336954,1.46304395198591,156.223632975503,0.108437913340221,1.25873352072279,1.37781497288831,206.550255128965,0.145501514990498,0.75,1,4
"UGA_CEID-auto_AVG_LB",2026-02-28,0.99440842280802,0.965584793689653,160.661173370436,0.105458179051468,0.744441959799105,0.761239261761431,193.161287695663,0.132613530379586,1,1,4
"UGA_CEID-auto_AVG_LB",2026-03-07,0.763370161242864,0.725637274516703,248.518082125582,0.189233396502548,0.78213623362367,0.793361328824619,417.557786155465,0.336644575214391,0.25,1,4
"UGA_CEID-auto_AVG_LB",2026-03-14,0.70252764337191,0.684521564366093,266.37310632989,0.271220258956124,0.729602243665107,0.753341039693042,444.290942915859,0.468806218897682,0.25,1,4
"UGA_CEID-auto_AVG_LB",2026-03-21,0.697574120857776,0.723959705480913,144.136932220762,0.174081768798277,0.656108424518003,0.744236592457821,227.499581620907,0.28293901086264,0.5,1,4
"UGA_CEID-auto_AVG_LB",2026-03-28,0.294449180000331,0.335196550090192,66.38381917264,0.126133203802568,0.257859354622629,0.32716267101694,100.773522408361,0.198923370743916,0.75,1,4
"UGA_CEID-auto_AVG_LB",2026-04-04,0.309156641722887,0.349133499665437,51.2849784897182,0.135246098068305,0.281335623977369,0.363262666461055,79.9812025548248,0.219987631817059,0.5,1,4
"UGA_CEID-auto_AVG_LB",2026-04-11,0.346862522734313,0.358842259086934,40.2441348250313,0.131777778428853,0.306767799602752,0.379974317746243,58.692567457546,0.192907702804917,0.75,1,4
"UGA_CEID-auto_AVG_LB",2026-04-18,0.426766709837564,0.397181605324796,44.2651138941219,0.167464217414578,0.357940405143013,0.383184558565927,60.8129571316317,0.218532919261869,0.75,1,4
"UGA_CEID-auto_AVG_LB",2026-04-25,0.672513844602957,0.62529716026249,43.1789512634512,0.23091937440076,1.19579614921374,1.63013254365911,76.0300305444761,0.400944977538373,0,0.75,4
"UGA_CEID-auto_AVG_LB",2026-05-02,0.770000329554412,0.663937417631293,41.0703823049101,0.244185759240303,2.17505726181081,2.88349050576428,72.4783768811986,0.426553964298449,0,1,4
"UGA_CEID-auto_AVG_LB",2026-05-09,0.64855024330373,0.545690907615902,33.0830690209895,0.218814047479878,2.50128284953265,3.32402290051206,55.9954141124361,0.370066459063667,0.5,1,4
"UGA_CEID-auto_AVG_LB",2026-05-16,0.473236424879223,0.410914435120375,23.7355766736575,0.166795058297101,1.79481091096572,2.42406249873922,37.5499312832927,0.265790553895253,0.75,1,4
"UGA_CEID-auto_AVG_LB",2026-05-23,0.242278660014752,0.201976540864926,13.7242721344348,0.0895140289783754,0.196296055309308,0.233690382733916,10.1072093308562,0.0675797667816885,1,1,3
"UGA_CEID-auto_AVG_LB",2026-05-30,0.243104506373118,0.1824080529894,15.9630186142349,0.100485167225588,0.358911908401694,0.402513578799642,14.9571088480777,0.10124077362142,1,1,2
"UGA_CEID-auto_AVG_LB",2026-06-06,0.22868306719019,0.153969345624,15.8246940250443,0.10225017806935,0.511602955076127,0.541899958874201,13.8492186356586,0.0962998600198022,1,1,1
"UGA_flucast-Copycat",2025-11-22,0.304363954320235,0.21523122353171,4.99434782608696,0.0340977780754579,0.333333333333333,0.326459333640277,3,0.0203396842371228,1,1,1
"UGA_flucast-Copycat",2025-11-29,0.919332080860949,0.687016203699841,47.7878260869565,0.259805028200767,0.91343225073038,0.895106245805186,69.5,0.384369452304871,0,0.5,2
"UGA_flucast-Copycat",2025-12-06,0.713249076382771,0.475898717138857,52.2565217391304,0.246239341839957,0.637898219306355,0.618359625363065,75.6666666666667,0.366208705080467,0.333333333333333,0.666666666666667,3
"UGA_flucast-Copycat",2025-12-13,0.733566462509802,0.487701867126174,118.302065217391,0.392079688887459,0.608138640722837,0.558785420648322,168.5,0.574951293974,0.25,0.75,4
"UGA_flucast-Copycat",2025-12-20,0.61853256311125,0.439822767746015,204.75,0.443279324327565,0.518101674192256,0.452743231210948,282.25,0.620735148323225,0.25,0.75,4
"UGA_flucast-Copycat",2025-12-27,0.458605488486794,0.29490949085886,282.755760869565,0.303886985262142,0.51609474703423,0.365571918669385,473.5,0.510490317754324,0,0.75,4
"UGA_flucast-Copycat",2026-01-03,0.384496296958699,0.259525646246973,275.917391304348,0.233991981140335,0.445793631450731,0.326470536412343,462.5,0.396519348824419,0.25,1,4
"UGA_flucast-Copycat",2026-01-10,0.514331860235077,0.292763698787986,187.664347826087,0.123024378673095,0.555351629596154,0.357854689357026,313,0.206500424379595,0.5,1,4
"UGA_flucast-Copycat",2026-01-17,1.17754701945704,0.656197218319782,201.473804347826,0.121740884351397,1.08481361855314,0.718527369499927,276,0.171066538095444,0.75,1,4
"UGA_flucast-Copycat",2026-01-24,1.01841739447226,0.825125114709211,222.109891304348,0.137775656556599,0.749654025397852,0.696609401251948,267.75,0.177585954014459,0.5,1,4
"UGA_flucast-Copycat",2026-01-31,1.1732672466322,1.19223712980888,235.722282608696,0.170720347458525,1.17229545251684,1.24669865075164,376,0.270684239261255,0.5,1,4
"UGA_flucast-Copycat",2026-02-07,1.07989412554397,1.15974005814217,514.909782608696,0.337813633800361,1.18794589331948,1.3002631469024,871.5,0.571252979784874,0,1,4
"UGA_flucast-Copycat",2026-02-14,1.14993617951398,1.25203025599938,505.212282608696,0.323342864282728,1.18502758823615,1.32616894321025,811,0.523729686017667,0.25,0.75,4
"UGA_flucast-Copycat",2026-02-21,1.57881400425397,1.62646777696883,170.191630434783,0.121456003125905,1.94346169877714,2.1487464382499,307.25,0.219254698454672,0.5,1,4
"UGA_flucast-Copycat",2026-02-28,0.723078432658567,0.789745653365954,116.535217391304,0.0868039010171843,0.656235461190975,0.746093307053444,171,0.131534845178654,1,1,4
"UGA_flucast-Copycat",2026-03-07,0.376965103437868,0.397134041248733,121.450326086957,0.102729697586839,0.357173074281944,0.412828701929738,188,0.173436691180485,0.75,1,4
"UGA_flucast-Copycat",2026-03-14,0.376791911744353,0.421386532854434,136.464456521739,0.160785777278389,0.394377667887957,0.481397674823116,228.75,0.288455793100542,0,1,4
"UGA_flucast-Copycat",2026-03-21,0.316397444437039,0.389822440533186,63.6155434782609,0.0923189693131048,0.186356445420661,0.255356754976699,61.25,0.093307079123756,0.75,1,4
"UGA_flucast-Copycat",2026-03-28,0.309877754882307,0.35759438021815,68.3772826086956,0.132532694254136,0.302018896566252,0.388044419617254,112.5,0.226305067348737,0.5,1,4
"UGA_flucast-Copycat",2026-04-04,0.345286390302451,0.394774349336322,57.0363043478261,0.152319676449135,0.308829808901547,0.393031265588064,88.25,0.239643870147187,0.5,1,4
"UGA_flucast-Copycat",2026-04-11,0.3729081216983,0.398470632106071,42.9463043478261,0.145522748063437,0.322592783435695,0.404579727927744,62.75,0.208975582744467,0.75,1,4
"UGA_flucast-Copycat",2026-04-18,0.399349560001574,0.410052980414237,40.7065217391304,0.171053891351871,0.285978360096092,0.330712914082154,48.25,0.188319008420743,0.75,1,4
"UGA_flucast-Copycat",2026-04-25,0.555633013024134,0.531167075274882,35.8590217391304,0.197309953390708,1.080844630138,1.44130703066004,69,0.356222806605072,0.75,1,4
"UGA_flucast-Copycat",2026-05-02,0.589871333925499,0.497676097222416,31.5175,0.183293015636348,1.72730822901999,2.16322883778123,57.5,0.319683496660516,0.75,1,4
"UGA_flucast-Copycat",2026-05-09,0.540761990123333,0.403389879463285,27.1197826086957,0.159060014813137,2.06412426567491,2.35150411585038,45.5,0.257301420688431,0.75,1,4
"UGA_flucast-Copycat",2026-05-16,0.510757690851366,0.356588387968243,25.6782608695652,0.143780656477446,2.08163915404084,2.25835214859883,43.25,0.244273926953928,1,1,4
"UGA_flucast-Copycat",2026-05-23,0.595913239854965,0.397864791061143,30.5928260869565,0.16015090460604,1.41059430009756,1.37960839403119,51.75,0.285455697309675,0.5,1,4
"UGA_flucast-Copycat",2026-05-30,0.504028600542972,0.333811562723684,30.2366666666667,0.170152247788317,1.31399037980801,1.273545001916,51.3333333333333,0.305658639939933,0.333333333333333,1,3
"UGA_flucast-Copycat",2026-06-06,0.385827889368848,0.236063405758712,25.1586956521739,0.14847713598632,1.3937360169251,1.32750366896335,39,0.246353667802679,0.5,1,2
"UGA_flucast-Copycat",2026-06-13,0.269596636526502,0.181929439031591,19.4321739130435,0.128963953712431,0.777777777777778,0.798347267708377,28,0.199238030460656,1,1,1
"UGA_flucast-INFLAenza",2025-11-22,1.19803449829098,0.707852323851235,19.6587043478261,0.112140752874179,3.66666666666667,3.21104191936042,33,0.200060381131336,1,1,1
"UGA_flucast-INFLAenza",2025-11-29,0.380659520679692,0.237800115818884,20.2335543478261,0.0913191415664324,0.244766688572974,0.202903306838729,18.5,0.0864618971675917,1,1,2
"UGA_flucast-INFLAenza",2025-12-06,0.413079174183716,0.213678992635669,28.5434891304348,0.10091026021987,0.161448573793906,0.121241144309258,18.6666666666667,0.0680378625870182,1,1,3
"UGA_flucast-INFLAenza",2025-12-13,0.3922399036013,0.219245973502821,54.4066070652174,0.145350523544772,0.341082740238038,0.252558730240783,80,0.210526285874602,0.75,1,4
"UGA_flucast-INFLAenza",2025-12-20,0.414959809486299,0.252111037889746,116.480564673913,0.204962275619378,0.471444144392841,0.332092554208086,223.25,0.374863020758177,0.25,1,4
"UGA_flucast-INFLAenza",2025-12-27,0.559503314998573,0.377475066514292,377.621452898551,0.43420738578984,0.656268054177683,0.484108498671405,658.666666666667,0.754404849625885,0,1,3
"UGA_flucast-INFLAenza",2026-01-03,0.504047022171686,0.353378177422433,505.128819565217,0.475524913733285,0.602191201374576,0.453425885313822,880,0.829073367851659,0,1,2
"UGA_flucast-INFLAenza",2026-01-10,0.9424400854529,0.722300224864723,337.823222826087,0.319384645296974,1.08427099813699,0.92239131904551,602.5,0.562549878604861,0,1,2
"UGA_flucast-INFLAenza",2026-01-17,1.54732498546177,1.29196369632509,181.322772826087,0.157387918860546,2.14337835258614,1.97197809025288,355,0.295578113264633,0.5,1,2
"UGA_flucast-INFLAenza",2026-01-24,1.61235475618224,1.61560411982554,294.689297826087,0.232965870374502,1.81598204242391,1.89126999942181,571.666666666667,0.437744822717677,0,1,3
"UGA_flucast-INFLAenza",2026-01-31,1.47622453696839,1.63009624435134,295.295136413043,0.232242446077812,1.81275045539662,2.02472708690153,575.625,0.435090860730364,0,1,4
"UGA_flucast-INFLAenza",2026-02-07,1.02312147412356,1.09455365929269,483.905411956522,0.315013012094949,1.23272995145865,1.32237003375955,896,0.573570266266126,0,1,4
"UGA_flucast-INFLAenza",2026-02-14,1.02609544727112,1.09701367877179,446.211008152174,0.279277949742428,1.24058768475962,1.31867974011947,841.5,0.513918433391008,0,1,4
"UGA_flucast-INFLAenza",2026-02-21,1.67752846715946,1.77594052791019,180.424866304348,0.131605441632238,1.36893197603039,1.56839594219757,227.375,0.167678443404199,1,1,4
"UGA_flucast-INFLAenza",2026-02-28,0.884630571673804,0.981745248408937,141.823444565217,0.106763815467849,0.325721601420468,0.381046532986388,85.5,0.0673841592867421,1,1,4
"UGA_flucast-INFLAenza",2026-03-07,0.455761787188902,0.476263576873186,145.358604891304,0.122047452465884,0.338706825508256,0.394572391267,177.625,0.165182638895671,1,1,4
"UGA_flucast-INFLAenza",2026-03-14,0.438702982127366,0.46243685344178,159.73894076087,0.177215029585309,0.444615633351754,0.531184496131287,261.125,0.321866640428141,0.25,1,4
"UGA_flucast-INFLAenza",2026-03-21,0.487791062315278,0.545102394698382,99.5497527173913,0.130357917631415,0.332295788930245,0.429547835970807,113.25,0.161931484987425,0.75,1,4
"UGA_flucast-INFLAenza",2026-03-28,0.410459844000767,0.430970552751181,91.4260771739131,0.160673560905887,0.363323781079615,0.448562234954438,138.125,0.26598046881507,0.75,1,4
"UGA_flucast-INFLAenza",2026-04-04,0.413161892713719,0.428223093305945,69.3929021739131,0.167552380547519,0.357938247170945,0.444441911794419,104,0.274700654536979,0.75,1,4
"UGA_flucast-INFLAenza",2026-04-11,0.368090297327762,0.362623702573482,42.4162945652174,0.132543176237111,0.257124884089606,0.324832997117855,50.875,0.170961613703269,1,1,4
"UGA_flucast-INFLAenza",2026-04-18,0.318686616348192,0.321348613189354,32.2690402173913,0.133057311767967,0.22425269719807,0.28731243931284,37.75,0.163770593253208,0.75,1,4
"UGA_flucast-INFLAenza",2026-04-25,0.575389622029756,0.530188877118133,36.9925581521739,0.195954364222945,1.02232400398716,1.35989985257743,64.875,0.333807244828556,0.5,1,4
"UGA_flucast-INFLAenza",2026-05-02,0.682663488602203,0.59736226625454,36.4328119565217,0.219797266477039,2.06435777628455,2.70842897567944,68.75,0.400387791406741,0.5,1,4
"UGA_flucast-INFLAenza",2026-05-09,0.690105277329149,0.595396524139659,34.8105092391304,0.235612224827643,2.98686911452971,3.96288992566209,66,0.43441996245627,0.5,1,4
"UGA_flucast-INFLAenza",2026-05-16,0.637216869843545,0.584976508727242,31.8314663043478,0.235776933740492,2.9319445142227,4.00100176330504,60.375,0.430471248237178,0.25,1,4
"UGA_flucast-INFLAenza",2026-05-23,0.418065597115396,0.431589891234875,21.1793472826087,0.173389088230986,1.09772491443452,1.49736617233068,39.5,0.307395973279623,0.5,1,4
"UGA_flucast-INFLAenza",2026-05-30,0.371510576223445,0.393902484172992,22.0891028985507,0.200497786133668,1.10466395977738,1.53499049237614,42.6666666666667,0.366977100677626,0.333333333333333,1,3
"UGA_flucast-INFLAenza",2026-06-06,0.417295090249379,0.419481603812889,27.0064576086956,0.262858043694577,1.93209647629271,2.69887897411645,53.25,0.495403289548343,0,1,2
"UGA_flucast-INFLAenza",2026-06-13,0.36275266767603,0.391209628516671,26.1467391304348,0.277315978614768,1.41666666666667,2.05741039701856,51,0.51345374617226,0,1,1
"UGA_flucast-Scenariocast",2025-11-29,0.270044634437514,0.180279084757763,13.4130434782609,0.0656933432089723,0.193788599094746,0.161129260409851,14,0.0663750689448728,1,1,1
"UGA_flucast-Scenariocast",2025-12-06,0.360802396881462,0.184689913857907,21.8069565217391,0.0778299277032448,0.137071097225613,0.100767276749925,15.5,0.056116697472794,1,1,2
"UGA_flucast-Scenariocast",2025-12-13,0.282915793607331,0.148660407397381,39.7055072463768,0.0991964581334182,0.170432682205496,0.119447560836584,40,0.0995984087334817,1,1,3
"UGA_flucast-Scenariocast",2025-12-20,0.314158827389827,0.179996312913622,91.2544565217391,0.151549986486095,0.325298185542647,0.216956134297505,156.75,0.249455312833392,0.75,1,4
"UGA_flucast-Scenariocast",2025-12-27,0.414770392128232,0.264319770131743,248.160652173913,0.262579714662338,0.524794428012515,0.355646737393488,470.25,0.481035779765252,0,1,4
"UGA_flucast-Scenariocast",2026-01-03,0.345479658656662,0.232406666029716,238.987065217391,0.199017589073031,0.430182427793459,0.296604258293939,438.75,0.348701800521107,0.25,1,4
"UGA_flucast-Scenariocast",2026-01-10,0.581587214825364,0.355591680247847,213.325217391304,0.151240971117087,0.463067482602183,0.308092080270398,262.5,0.179218624504283,1,1,4
"UGA_flucast-Scenariocast",2026-01-17,1.61860534510821,0.92057096361754,274.864239130435,0.170308989784399,1.19450766950101,0.816326152322905,300.75,0.193042728174611,1,1,4
"UGA_flucast-Scenariocast",2026-01-24,1.32489297633912,1.01003880191774,290.180434782609,0.168208809706038,0.410897386266676,0.352823797508221,151.25,0.0921336510386985,1,1,4
"UGA_flucast-Scenariocast",2026-01-31,1.40616490550139,1.24740844377562,283.760326086957,0.178466199127966,0.297620400793893,0.284744690150261,93.25,0.0603570363191535,1,1,4
"UGA_flucast-Scenariocast",2026-02-07,0.827997625841809,0.878008650941521,392.051630434783,0.252569667877515,0.923010689749364,0.909465117892969,663.25,0.388654162800212,0.75,1,4
"UGA_flucast-Scenariocast",2026-02-14,1.01579521121063,1.14942985711355,440.865434782609,0.29227475467668,1.29031723165849,1.3865071556121,873.75,0.539027504951076,0.75,1,4
"UGA_flucast-Scenariocast",2026-02-21,2.41924871837136,2.73242478757698,264.542173913043,0.206925313115334,2.15767779789278,2.67926209683035,373.75,0.299862101610456,1,1,4
"UGA_flucast-Scenariocast",2026-02-28,1.25870605483834,1.60359934851515,205.735108695652,0.179443495476586,1.00102933659418,1.35006982275061,269,0.246824202776712,1,1,4
"UGA_flucast-Scenariocast",2026-03-07,0.430023698308993,0.530469875581785,138.224456521739,0.137664573145634,0.168790947847015,0.231326732551098,89.5,0.0985363234878953,1,1,4
"UGA_flucast-Scenariocast",2026-03-14,0.27301370722283,0.328061376173329,99.4194565217391,0.12615183419288,0.0857580297489648,0.117502574025308,47.75,0.0677904844999779,1,1,4
"UGA_flucast-Scenariocast",2026-03-21,0.494909271454502,0.691489391435613,100.033043478261,0.165552233928057,0.493152558794115,0.72187373527408,166.5,0.271632018340853,0.75,1,4
"UGA_flucast-Scenariocast",2026-03-28,0.220723488614286,0.290467263486976,48.244347826087,0.107029378978791,0.0766318188297376,0.112357195437628,26.75,0.0616863467294124,1,1,4
"UGA_flucast-Scenariocast",2026-04-04,0.216873259693713,0.271008769433554,36.1041304347826,0.105668911796833,0.0748354177224367,0.10633812160665,20.75,0.0628962548734195,1,1,4
"UGA_flucast-Scenariocast",2026-04-11,0.239965750882162,0.273976376608532,27.5113043478261,0.10019112178984,0.0765764128743625,0.110239704195364,15,0.057760603304865,1,1,4
"UGA_flucast-Scenariocast",2026-04-18,0.233569307003645,0.2527694616547,23.5358695652174,0.104506601519151,0.0885769827404305,0.125197252399167,14.5,0.0697078155754354,1,1,4
"UGA_flucast-Scenariocast",2026-04-25,0.573253453754812,0.525375863499644,36.9560869565217,0.194875108934154,1.05481363892811,1.39446964047561,67.25,0.344108339561717,0.5,1,4
"UGA_flucast-Scenariocast",2026-05-02,0.623813001531285,0.533758289490808,38.5414492753623,0.232349621412498,1.88599021929905,2.40693956135477,73,0.419976676942893,0.333333333333333,1,3
"UGA_flucast-Scenariocast",2026-05-09,0.512863667100655,0.418255816814916,27.9615942028986,0.186422104351313,2.06469665119279,2.60228053629914,52.3333333333333,0.337713519288024,0.666666666666667,1,3
"UGA_flucast-Scenariocast",2026-05-16,0.380328177980113,0.319247451197351,18.9394202898551,0.132433214980201,1.19906893377006,1.60809688915447,27,0.196378629767628,0.666666666666667,1,3
"UGA_flucast-Scenariocast",2026-05-23,0.282909325875414,0.228121060084123,12.5504347826087,0.0778709072549276,0.295939368128544,0.340243167956285,8,0.0511760862833558,1,1,3
"UGA_flucast-Scenariocast",2026-05-30,0.262519956212226,0.20556741521682,15.614347826087,0.104376816194142,0.247980285217926,0.27733395504429,9.33333333333333,0.0643983896076522,1,1,3
"UGA_flucast-Scenariocast",2026-06-06,0.237441770560433,0.177026146610302,15.3684782608696,0.110894474181992,0.159529637639936,0.170932819626824,4.5,0.0320394283422609,1,1,2
"UGA_flucast-Scenariocast",2026-06-13,0.216767904645285,0.167264100773529,15.624347826087,0.118568165024481,0.361111111111111,0.390503766573255,13,0.0974553361507127,1,1,1
"UGuelph-CompositeCurve",2025-12-06,1.88899792523881,1.41269216369344,85.5213043478261,0.426052370455062,1.7330761022107,1.86246424439215,124,0.637680099047073,0,0,1
"UGuelph-CompositeCurve",2025-12-13,1.80002690796973,1.39265709615657,223.003913043478,0.792074858368657,1.19045697717684,1.29167648145309,271,1.01290124941439,0,0,2
"UGuelph-CompositeCurve",2025-12-20,1.43902768635069,1.18114027416604,460.241086956522,1.08028162501223,0.974733852406026,1.01879359771573,522,1.29901952903115,0,0,2
"UGuelph-CompositeCurve",2025-12-27,1.16460604532485,0.988088178732157,920.574782608696,1.39771893765001,0.874649300654382,0.860369743527384,995,1.6029882143777,0,0,2
"UGuelph-CompositeCurve",2026-01-03,1.03226458621623,0.901957417280847,1203.15173913043,1.50962636513506,0.757722969715822,0.753857087047271,1286,1.71274685508979,0,0,1
"UGuelph-CompositeCurve",2026-01-10,1.16602345956021,0.726495295917948,203.079565217391,0.122634577628732,1.59964707709327,1.08862802098272,342,0.206007599390339,0,1,1
"UGuelph-CompositeCurve",2026-01-17,4.79230340170818,2.65794835645285,696.929130434783,0.389924295585489,5.00106535040783,3.0603193815445,975,0.529406400860654,0,0,1
"UGuelph-CompositeCurve",2026-01-24,2.37292043743743,1.52143701451438,476.861304347826,0.234965319644788,2.3748004213392,1.54579105428291,836,0.392539928252003,0,0.5,2
"UGuelph-CompositeCurve",2026-01-31,2.36362546204454,1.51759104894469,565.647608695652,0.250263383011143,2.11352536071088,1.3984542473739,803.5,0.349872895259994,0.5,1,2
"UGuelph-CompositeCurve",2026-02-07,0.426340874142309,0.398130235821966,230.312173913043,0.138663467401481,0.456816650425635,0.39327407707607,395,0.211167360267494,1,1,1
"UGuelph-CompositeCurve",2026-02-14,0.410071605287163,0.38674542662903,234.170434782609,0.14021894063426,0.270518008549236,0.218900878161249,246,0.121390837067528,1,1,1
"UI_CompEpi-EpiGen",2025-12-06,1.04334293816336,0.710749227241146,47.235652173913,0.214354125298953,1.07618435379213,1.01174761467184,77,0.346407358464563,0,1,1
"UI_CompEpi-EpiGen",2025-12-13,1.35400538350428,0.917561571196522,169.425217391304,0.528756686002114,0.911458402834995,0.854865621362671,209,0.677885767201424,0,0,2
"UI_CompEpi-EpiGen",2025-12-20,1.3805876241728,1.05299277453662,366.977246376812,0.789919756891683,0.939980749041043,0.903181688244171,419.666666666667,0.943830525373627,0,0,3
"UI_CompEpi-EpiGen",2025-12-27,1.30624673391973,1.08779335112343,784.869782608696,1.10161676833665,0.936381335406074,0.901040722801769,840.25,1.24199710102204,0,0,4
"UI_CompEpi-EpiGen",2026-01-03,1.0544262339701,0.930596594696822,769.217608695652,0.855995706530134,0.749513684434486,0.746269072946493,809.75,0.94872186876451,0.25,0.25,4
"UI_CompEpi-EpiGen",2026-01-10,1.44503876980287,1.06963225917308,545.742282608696,0.476411632512881,1.10248414174453,0.919550609020283,640.25,0.559895368492341,0,0.25,4
"UI_CompEpi-EpiGen",2026-01-17,3.65981618013915,2.21197301830592,626.586413043478,0.412389706907397,2.98432276008191,2.04121667606349,753.75,0.485856757750404,0,0,4
"UI_CompEpi-EpiGen",2026-01-24,1.96451537186304,1.33411986015063,428.673913043478,0.221323390922847,1.7333205544798,1.24332967319114,613.5,0.311909151232599,0,0.25,4
"UI_CompEpi-EpiGen",2026-01-31,0.446590327186726,0.402494137823407,87.7713043478261,0.0562158689249335,0.309601710345621,0.300134947594202,96.5,0.0632680923322302,0.75,1,4
"UI_CompEpi-EpiGen",2026-02-07,1.38629186340133,1.38586928930608,680.583188405797,0.420413577240908,1.16393766745123,1.22234031362042,883.333333333333,0.559268472628894,0,0,3
"UI_CompEpi-EpiGen",2026-02-14,2.24924264056227,2.47615677897499,939.924492753623,0.615178881554363,1.79306787711407,2.10251078371539,1174,0.800529593836687,0,0,3
"UI_CompEpi-EpiGen",2026-02-21,3.83298034713549,4.7642550224284,392.059420289855,0.329541645846025,4.041092517362,5.25418827845795,583.333333333333,0.482915195990187,0,0.333333333333333,3
"UI_CompEpi-EpiGen",2026-02-28,1.72760980921178,2.67216813319094,247.227101449275,0.243362606883434,1.78456459476596,2.68035384549415,395.333333333333,0.380446098305701,0.333333333333333,1,3
"UI_CompEpi-EpiGen",2026-03-07,0.38317344329431,0.62362920035166,118.322826086957,0.154058392813313,0.387741612735945,0.582645201772035,195.5,0.233586503175041,0.75,1,4
"UI_CompEpi-EpiGen",2026-03-14,0.398729628427113,0.622310976109761,139.443586956522,0.233579620770187,0.387550385270832,0.551599160714583,219.75,0.32648551187238,0.25,0.75,4
"UI_CompEpi-EpiGen",2026-03-21,0.770047370052869,1.53836168526731,154.889456521739,0.3732307593887,0.778962321757879,1.28340729832677,264,0.487569978024565,0.25,0.75,4
"UI_CompEpi-EpiGen",2026-03-28,0.820118386771593,1.10599888009278,182.8625,0.403402656235701,0.701531263066815,0.865240463462511,262.25,0.49900176390399,0.5,0.75,4
"UI_CompEpi-EpiGen",2026-04-04,0.979700198819369,1.35996466886947,168.168152173913,0.537631481884655,0.721434999641717,0.884501347691331,210.75,0.542691095462901,0.5,0.75,4
"UI_CompEpi-EpiGen",2026-04-11,0.58560395725585,1.65429821419208,65.7151086956522,0.588323116765605,0.573082278477265,1.50536394049968,105.5,0.735280664125849,0.5,1,4
"UI_CompEpi-EpiGen",2026-04-18,0.532658459148375,1.34914427579396,54.2404347826087,0.572435576491725,0.618635519935125,2.6545796517116,102.25,1.55286202600903,0.75,1,4
"UI_CompEpi-EpiGen",2026-04-25,0.960564925166551,1.78297041368023,62.8454347826087,0.67887695347449,1.74300736123877,6.37268733494466,113.75,1.67352741239431,0.5,1,4
"UI_CompEpi-EpiGen",2026-05-02,0.766849262516912,0.860727556341386,47.7468115942029,0.37535551210391,1.31999583679958,1.8044470448615,51.6666666666667,0.320663750539995,0.666666666666667,1,3
"UI_CompEpi-EpiGen",2026-05-09,0.651375420772247,0.727471033838385,43.6969565217391,0.416584462431463,0.715881214328128,0.733799058851301,23,0.122956329787743,1,1,2
"UI_CompEpi-EpiGen",2026-05-16,0.563546590596342,0.623796403779351,43.0626086956522,0.448137606851248,0.0296905636466393,0.0288171993938064,1,0.00560225554866989,1,1,1
"UI_CompEpi-EpiGen",2026-05-23,0.425219104534414,0.41315802238078,12.4908695652174,0.0920248660228101,Inf,Inf,13,0.089406587715585,1,1,1
"UI_CompEpi-EpiGen",2026-05-30,0.339916687109902,0.315499875531654,15.3391304347826,0.120973283815308,0.256342560018783,0.290277116553263,6,0.0419641990990325,1,1,1
"UI_CompEpi-EpiGen",2026-06-06,0.284310353471229,0.284397156355106,16.8017391304348,0.161748552462287,0.36863912634105,0.41884203065832,9,0.0679506619085082,1,1,1
"UI_CompEpi-EpiGen",2026-06-13,0.264783057165779,0.342175530172026,19.0852173913043,0.2425572764338,0.527777777777778,0.64935821849171,19,0.162055859334371,1,1,1
"UM-DeepOutbreak",2025-11-22,0.29320071703868,0.199618959589283,4.81116880945949,0.031624421736033,0.519306518518514,0.495725105854049,4.67375866666663,0.0308855991619339,1,1,1
"UM-DeepOutbreak",2025-11-29,0.210168107236085,0.128539258819959,10.874803979362,0.0484609943421692,0.183522622681324,0.140610364524962,14.1961017916667,0.0613600657019364,0.5,1,2
"UM-DeepOutbreak",2025-12-06,0.271519556200976,0.151258010275508,17.7640390045556,0.0681293168850005,0.283431726691434,0.221693266158159,28.7611860555556,0.109911406665198,0.333333333333333,0.666666666666667,3
"UM-DeepOutbreak",2025-12-13,0.491207482312616,0.344672564691966,65.8863931815213,0.216675360064195,0.392435245457318,0.294731097286416,93.6509907708333,0.250070007844649,0.25,0.5,4
"UM-DeepOutbreak",2025-12-20,0.625078269378135,0.467880358718638,181.216578262951,0.381445347448349,0.498381933330357,0.360110015604542,238.032988197917,0.410459402553689,0.25,0.5,4
"UM-DeepOutbreak",2025-12-27,0.540386877050528,0.425681934325908,339.937609513931,0.442817598651857,0.518487242422606,0.37148851398627,475.62513546875,0.518328757835511,0,0.75,4
"UM-DeepOutbreak",2026-01-03,0.383513428294242,0.307182585334461,264.067250995562,0.270522635981097,0.427895363996421,0.280929195728727,428.389249472917,0.330120452184238,0.5,1,4
"UM-DeepOutbreak",2026-01-10,1.38238403001856,0.65276001540703,522.478035885779,0.279447576681924,1.31018116876154,0.64609511241434,781.479425547917,0.390395241471421,0.25,1,4
"UM-DeepOutbreak",2026-01-17,4.41988410838036,2.04622452960013,781.294996473641,0.386593639774973,4.56647107596366,2.37201294647947,1181.94115775625,0.569179503630608,0,0.75,4
"UM-DeepOutbreak",2026-01-24,3.69282594802925,3.3290693021004,810.096464364167,0.562406155281491,3.45086204661856,3.03951702447785,1226.6260437375,0.774165788823037,0,1,4
"UM-DeepOutbreak",2026-01-31,2.56308181186265,4.35581193384844,517.367527374275,0.633432246226914,2.50060964829619,3.75267744116019,802.804152279167,0.822614631270471,0.25,1,4
"UM-DeepOutbreak",2026-02-07,1.89393628195167,3.28940899090257,893.796172146594,0.952177821014351,1.89984476126315,2.80997655728403,1379.17363907917,1.22296773156058,0,0.75,4
"UM-DeepOutbreak",2026-02-14,1.86878448854517,3.50843142670289,975.571936596797,1.11507722080818,1.84029967062141,3.01343546332515,1500.71474923056,1.46607851861299,0,1,3
"UM-DeepOutbreak",2026-02-21,3.01883801412911,4.7932269939466,335.082099335266,0.398039460895185,3.19586662232792,4.42231912068142,530.940895533333,0.498212382615794,0.666666666666667,1,3
"UM-DeepOutbreak",2026-02-28,1.19381140222838,1.35718540665918,166.461167431546,0.135919716812903,0.937822991581161,0.922472452396738,204.254090075,0.140548382418551,0.333333333333333,1,3
"UM-DeepOutbreak",2026-03-07,0.943911803504081,0.946700696866643,240.855509400121,0.202000760393817,0.967031517798473,0.96843876361213,396.239624375,0.326595215991312,0,1,3
"UM-DeepOutbreak",2026-03-14,0.831280400986074,0.981791520505916,306.293723328744,0.378544578661804,0.760247032694694,0.771029151028078,460.333654985417,0.476725075040406,0.5,1,4
"UM-DeepOutbreak",2026-03-21,0.839680752301227,2.27721244867589,168.17743986481,0.531139398459544,0.4838638708386,0.597252873280877,163.318851495833,0.222367089411783,1,1,4
"UM-DeepOutbreak",2026-03-28,0.663133032922532,1.65209152236835,143.707810894906,0.598982906412628,0.210929483365271,0.310690478503709,77.8926496416667,0.178187589154363,1,1,4
"UM-DeepOutbreak",2026-04-04,0.921014927432987,2.38940708255355,153.71848108703,0.932375381521011,0.190633457227562,0.333137480520349,56.6249459375,0.212529065830426,1,1,4
"UM-DeepOutbreak",2026-04-11,1.11630851918377,2.16557712197812,126.746821671761,0.780069568766169,0.208137559040858,0.363928029594468,40.1040297897135,0.188654368935021,1,1,4
"UM-DeepOutbreak",2026-04-18,1.1398267560735,1.98400979516048,113.776612363441,0.808944307556642,0.143952142701983,0.22037828435427,22.8881809563802,0.11918181735839,1,1,4
"UM-DeepOutbreak",2026-04-25,1.76672612650495,2.24624968785186,115.11951566732,0.837636701290192,1.09826914727957,1.53947325397555,70.5281954563802,0.383785739627545,1,1,4
"UM-DeepOutbreak",2026-05-02,2.07335072010263,2.14904145913114,129.639881333043,0.941674045600594,2.08548972718707,2.73525828640858,81.1079143862847,0.480178315775703,1,1,3
"UM-DeepOutbreak",2026-05-09,1.73797714214592,1.70146117504822,94.0058950456941,0.738890073573801,2.20767207046881,2.72945093901094,53.5764042751736,0.338099859525844,1,1,3
"UM-DeepOutbreak",2026-05-16,1.40119880004157,1.55629144185248,69.5101444856452,0.641770474420764,1.54118417024289,1.92908701739641,31.7008248,0.213355136323684,1,1,3
"UM-DeepOutbreak",2026-05-23,1.1846205475344,1.10603104292291,54.0634018430689,0.387582226588625,0.312193422036017,0.355264668544791,8.52648191764322,0.0539521099623679,1,1,3
"UM-DeepOutbreak",2026-05-30,1.17293057201513,1.19768813952498,73.2614593283459,0.641556069801211,0.672634905408045,0.696322533118707,27.8170859638889,0.176444053971524,1,1,3
"UM-DeepOutbreak",2026-06-06,0.944681356759975,0.822918595672712,63.3834446364737,0.540201612516851,1.13208609536027,1.09699716394844,31.9147839041667,0.204989205667423,1,1,2
"UM-DeepOutbreak",2026-06-13,0.603900259272294,0.470589139322868,43.5283429923566,0.333585571990188,0.733461344502767,0.756890072683062,26.4046084020996,0.188891843757999,1,1,1
"UMass-AR2",2025-11-22,0.726013545687625,0.555583103113504,11.9132509686072,0.0880176632441413,1.52463258768188,1.5506596568577,13.7216932891369,0.0966121183549449,1,1,1
"UMass-AR2",2025-11-29,0.78712144538814,0.663376538248744,41.1125792571105,0.25306423664771,0.989300391844181,0.987610034335523,75.2979295344144,0.424223027152558,0.5,1,2
"UMass-AR2",2025-12-06,0.665247974465796,0.52609594137382,46.0323323067078,0.258418131166852,0.818684813555317,0.788515755261714,88.5986322244704,0.422888440169477,0.333333333333333,1,3
"UMass-AR2",2025-12-13,0.906017989980431,0.674859165276879,126.65052182342,0.468539165619557,0.87764939453596,0.817911798667913,221.364060872963,0.74581226615786,0,0.75,4
"UMass-AR2",2025-12-20,0.957055549470615,0.728418025441212,275.369204863752,0.624548779458151,0.85658097276432,0.789037128843297,418.837564395488,0.942322297634984,0,0.5,4
"UMass-AR2",2025-12-27,0.964744814250424,0.747759498823228,579.278211295758,0.754911783565697,0.860240820295277,0.76932070497414,773.893801375495,1.05980036217345,0,0,4
"UMass-AR2",2026-01-03,0.782147535557804,0.645276529196171,554.870961678016,0.576971860499509,0.776663803624323,0.708860487451274,785.955293647849,0.842629239023589,0,0.25,4
"UMass-AR2",2026-01-10,0.586991607682587,0.449051988573939,234.171793263098,0.210903148132819,0.551996621872376,0.47891847591077,376.259987361438,0.342594427286148,0.5,1,4
"UMass-AR2",2026-01-17,0.86632782254804,0.603536902532263,150.392181518,0.114866456581227,0.891027913435472,0.730977141468855,233.940392022484,0.182360514241218,0.75,1,4
"UMass-AR2",2026-01-24,0.996849174716763,0.900685071735823,221.011210596605,0.153048293242806,0.562715144406339,0.562386817148413,234.658584591745,0.168050304206475,0.75,0.75,4
"UMass-AR2",2026-01-31,1.46196451819651,1.51281929882925,288.099333608663,0.212049114354041,1.38637618096639,1.49994854391975,433.780076349036,0.317026185627573,0.5,0.5,4
"UMass-AR2",2026-02-07,1.50286400349903,1.61123480345852,718.796096201201,0.465809930374289,1.32862390263333,1.50266214043776,989.216285486765,0.6664448992749,0,0,3
"UMass-AR2",2026-02-14,1.44135254037009,1.61509341071285,629.097633089169,0.413714936700249,1.40084976676153,1.63477531929388,953.784729690116,0.641131577240357,0,0.5,4
"UMass-AR2",2026-02-21,2.07930722510792,2.31737178278106,222.392034053394,0.170982085506445,2.65557383046109,3.09053223074872,415.328763651668,0.310756954763924,0.25,1,4
"UMass-AR2",2026-02-28,1.33396677926499,1.64537693498988,209.995516650631,0.174896579731127,1.41623175138147,1.73956803049419,358.570369643006,0.294916202609599,0.25,0.75,4
"UMass-AR2",2026-03-07,0.507238820302347,0.616491530117783,163.882047045066,0.157675990441169,0.505683737088186,0.620897426997413,267.134422852702,0.257742388584745,0.5,1,4
"UMass-AR2",2026-03-14,0.216811340037411,0.313655548029829,78.5770441195111,0.120463686503015,0.191497218927995,0.285223943491905,110.359314564383,0.170447843701301,1,1,4
"UMass-AR2",2026-03-21,0.750833098989421,1.18206299053601,148.383204223444,0.277062371671111,0.672423189653509,1.10036248494338,222.589152799684,0.405705940556793,0.25,0.75,4
"UMass-AR2",2026-03-28,0.29694009637903,0.428628595623873,64.9820682157893,0.156522171048416,0.266001517585957,0.410137690869845,96.8558445882818,0.232654799229893,0.75,1,4
"UMass-AR2",2026-04-04,0.344001022412901,0.539613854313844,56.6565774822766,0.208854737321273,0.254467683045113,0.410186588014164,71.1231177709497,0.244707754642423,0.75,1,4
"UMass-AR2",2026-04-11,0.487664048729815,0.730412333910227,55.2387072929233,0.26282706803213,0.492032060997409,0.781784365366342,91.634077159305,0.387169831204906,0.5,1,4
"UMass-AR2",2026-04-18,0.468272668728849,0.655101871595858,47.8009339204181,0.274807085206334,0.463181134376944,0.669203071788657,76.9600091471535,0.377418528512448,0.75,1,4
"UMass-AR2",2026-04-25,0.821249224481498,1.09384297904831,53.0702057500675,0.409770470154632,1.5109136835525,2.30232409908968,96.5758280970813,0.570773760869843,0.5,1,4
"UMass-AR2",2026-05-02,0.730079581629433,0.750020613492782,38.9715923273042,0.275886149379301,1.82363392671757,2.31412877455073,60.4140580059552,0.339722632999062,0.75,1,4
"UMass-AR2",2026-05-09,0.730643689455669,0.634288053019011,36.8208075858508,0.251934226043341,2.24374179258115,2.44360883535861,49.7596030616473,0.268119921491055,1,1,4
"UMass-AR2",2026-05-16,0.803550541638843,0.625424773645072,41.3668413414284,0.254189343546733,2.79744671269949,2.84931769117442,60.7138763342659,0.31627427446072,0.5,1,4
"UMass-AR2",2026-05-23,0.841472655019653,0.575309076429039,45.5307609056471,0.236788711709459,1.6099217858851,1.44722642060678,64.7974251397278,0.320082822207494,0.75,1,4
"UMass-AR2",2026-05-30,0.631272370202659,0.514309111331048,37.7778889094708,0.26287715141111,0.702829967019014,0.669915000683122,28.0555511230558,0.163342184950961,1,1,3
"UMass-AR2",2026-06-06,0.586457970122815,0.487524129721249,37.8891488959053,0.305276264390755,0.597416189460001,0.612995629782302,16.4394715843171,0.112123049068573,1,1,2
"UMass-AR2",2026-06-13,0.648692420913584,0.479341418401672,46.7569035789022,0.339789782369802,1.22994999663587,1.19850262621482,44.2781998788911,0.299102047952633,1,1,1
"UMass-flusion",2025-11-22,0.887355368808165,0.547253780544085,14.5607299887778,0.0866980991593833,2.89710428807089,2.58831514756462,26.073938592638,0.16126208499107,1,1,1
"UMass-flusion",2025-11-29,0.400948826780836,0.279144033601989,20.9739956756046,0.10593215983571,0.319796558448686,0.285746153375076,24.0289703664725,0.121441968971845,0.5,1,2
"UMass-flusion",2025-12-06,0.354875963750886,0.210728959524453,24.481470617474,0.0997553914074424,0.266939402216651,0.214105456073654,27.7108489288017,0.108823959744683,1,1,3
"UMass-flusion",2025-12-13,0.445946853090855,0.269588452240386,61.9716642018725,0.181644229136005,0.404776954195472,0.303387474565981,99.4167998618555,0.265910332313982,0.25,1,4
"UMass-flusion",2025-12-20,0.493373024370415,0.312365111485763,149.724816728763,0.280437771509906,0.437423692132812,0.320913830362027,233.024208635299,0.415677590051714,0.25,0.75,4
"UMass-flusion",2025-12-27,0.42162553731459,0.28652143919244,276.948902227484,0.318152683265779,0.333774317229897,0.249452520825174,367.204277029347,0.425992091609985,0.5,0.5,4
"UMass-flusion",2026-01-03,0.325541665343882,0.222050060235362,239.394387883307,0.206997954185772,0.192616138684769,0.147949604979792,252.183980135745,0.234100847253048,0.75,0.75,4
"UMass-flusion",2026-01-10,0.528270358387653,0.281651060967567,194.769365881297,0.119375068779867,0.547426815494203,0.324475330932044,313.844579735702,0.190126728163393,0.5,1,4
"UMass-flusion",2026-01-17,1.67145743181926,0.907785848513471,328.88175095691,0.192362829218884,1.98207591579643,1.26642642191246,582.553175128213,0.348533516254977,0.333333333333333,1,3
"UMass-flusion",2026-01-24,1.21244050173443,0.93680841731744,287.153162574073,0.165809383370203,1.30106925981898,1.09754833165135,501.062148227997,0.296533880331389,0,1,3
"UMass-flusion",2026-01-31,1.37555103784559,1.23152433770664,277.593472973732,0.17521393306726,1.52661746818705,1.44084592333462,500.907300678437,0.317330745177421,0.333333333333333,1,3
"UMass-flusion",2026-02-07,1.05780525585499,1.0753618482907,502.050023662964,0.3075075720854,1.06108425914584,1.09200463931948,785.22243176528,0.479524353514204,0,0.333333333333333,3
"UMass-flusion",2026-02-14,1.13394776503402,1.1554065937363,490.934669173866,0.292431322307838,1.16785616019388,1.20570777495695,790.37603060983,0.468253044859987,0,0.5,4
"UMass-flusion",2026-02-21,1.41190222599873,1.54375354133334,153.959697485511,0.11597839279441,1.6049874120012,1.82281799703988,258.12557809921,0.18842299673802,0.25,1,4
"UMass-flusion",2026-02-28,0.660177241214829,0.812440426613488,105.35732253741,0.0881590653447117,0.550849036622585,0.673128342271371,140.533218863742,0.115827356381223,0.5,1,4
"UMass-flusion",2026-03-07,0.197145149831852,0.228362665203699,64.0126325791001,0.0594564408628899,0.104184591826236,0.12851899021189,56.322619379307,0.0554379029037362,1,1,4
"UMass-flusion",2026-03-14,0.229099267130623,0.274500861274121,84.9717411913623,0.107194230416232,0.211899470157114,0.271084400167018,131.211719311783,0.173255928044978,0.25,1,4
"UMass-flusion",2026-03-21,0.475209989493193,0.646990964749234,93.1516519250887,0.149712241122918,0.377503009827902,0.572314491366162,122.830225497844,0.207203752451935,0.5,0.75,4
"UMass-flusion",2026-03-28,0.182559269878431,0.234997403429197,40.1660567736813,0.0864097509614383,0.139489221805223,0.207944889933483,51.3342135252717,0.11925956668397,0.5,1,4
"UMass-flusion",2026-04-04,0.152125223372788,0.194704763726232,25.4374297952636,0.0760543228834126,0.121976788907245,0.182744155959519,34.918615499589,0.11163540053081,0.75,1,4
"UMass-flusion",2026-04-11,0.168726611167633,0.207580829207072,19.1846004033399,0.0752627690138012,0.141818441899363,0.213852688161394,26.4960479941002,0.106919876375188,0.75,1,4
"UMass-flusion",2026-04-18,0.143201602567183,0.164773997146707,14.4189707211077,0.0679907625890449,0.0828127029509885,0.117854115349145,13.7166224233275,0.0663335765287272,1,1,4
"UMass-flusion",2026-04-25,0.688303648000211,0.62493264473511,44.2965506480295,0.23138794583783,1.13114705930651,1.51876839534512,72.2477486466267,0.375611864013191,0,0.75,4
"UMass-flusion",2026-05-02,0.702642082277759,0.589805688525666,37.6142989141076,0.217925232065015,1.87462815852176,2.41929409863206,62.8057555381062,0.360499655698863,0,1,4
"UMass-flusion",2026-05-09,0.519184847842584,0.418496039881196,26.5954213384224,0.168398880568082,1.90925595826661,2.41013536737668,43.0920664339427,0.270336842821857,0.5,1,4
"UMass-flusion",2026-05-16,0.325687737400704,0.270655991902146,16.3921913690844,0.110138024306267,1.15673781163304,1.46480645801273,24.6455474773295,0.163564624347375,0.75,1,4
"UMass-flusion",2026-05-23,0.164789390587915,0.137345316984384,8.2971690389491,0.0545855567475813,0.166535340885125,0.191104914058967,5.92163575807275,0.0386170758785536,1,1,4
"UMass-flusion",2026-05-30,0.138497220581874,0.111073536308937,8.18452015037907,0.0559020620704228,0.146789456227464,0.164887158122342,5.55292654873367,0.0384525229288339,1,1,3
"UMass-flusion",2026-06-06,0.122714220451902,0.0956289497599318,7.92591829199765,0.0597043385999045,0.205947087874472,0.231347289034662,5.65019936792301,0.0422204967216091,1,1,2
"UMass-flusion",2026-06-13,0.109179845706066,0.090430612513479,7.86954086999886,0.0641033655050739,0.233008816743694,0.273806891423801,8.388317402773,0.0683321005537154,1,1,1
"UMass-trends_ensemble",2025-11-22,0.244005193291116,0.174392957536278,4.00391304347826,0.0276280191434153,0.777777777777778,0.772331446574125,7,0.0481192483441983,1,1,1
"UMass-trends_ensemble",2025-11-29,1.14750065288476,0.862144612028864,59.8439130434783,0.32701366421707,0.956804698822379,0.946608276700362,73,0.40781483096069,0,0,2
"UMass-trends_ensemble",2025-12-06,1.27662408885969,0.868388250343457,86.4740579710145,0.41032204281535,0.966217847523465,0.953576192937129,102.5,0.500312573686166,0,0,3
"UMass-trends_ensemble",2025-12-13,1.57347319094488,1.10611935813239,225.407934782609,0.774231760170644,0.973373627633888,0.95633776231618,245.5,0.873364957516346,0,0,4
"UMass-trends_ensemble",2025-12-20,1.50261630790807,1.18124486896227,436.133804347826,1.02075085944642,0.96606713467331,0.949994024453298,467.25,1.12625737188492,0,0,4
"UMass-trends_ensemble",2025-12-27,1.32720224176911,1.12559684473149,797.773967391304,1.14071483214469,0.953652865614709,0.920513187199598,853.25,1.26162229310802,0,0,4
"UMass-trends_ensemble",2026-01-03,1.1371398392557,0.979107050501652,796.027608695652,0.861366365621134,0.909738620460747,0.865699756275387,906.25,1.0070974868153,0,0,4
"UMass-trends_ensemble",2026-01-10,0.979120712928414,0.775355281197313,396.815054347826,0.370235327587952,0.761754038063736,0.705330470446042,485.875,0.472318455886339,0.5,0.5,4
"UMass-trends_ensemble",2026-01-17,0.99419451917851,0.70759398754321,171.630543478261,0.134495379594573,0.883053611430761,0.751012637120335,235,0.190640130396845,0.5,0.75,4
"UMass-trends_ensemble",2026-01-24,0.595422302391916,0.50186643240204,131.88875,0.0845953971305197,0.508734488878055,0.468083261796897,183.75,0.120080030781387,0.75,0.75,4
"UMass-trends_ensemble",2026-01-31,0.988252373213216,0.880948748417307,193.98,0.122789988744338,0.909771073842417,0.870931195307961,281.75,0.182169801582084,0.25,0.75,4
"UMass-trends_ensemble",2026-02-07,1.01459519169296,0.970337954025053,466.256956521739,0.270365818180295,0.876705588612909,0.872964475353956,621.25,0.367578666171491,0.25,0.25,4
"UMass-trends_ensemble",2026-02-14,1.17096722829071,1.13129337585943,509.360815217391,0.287827074291647,0.999216883225082,1.0052026289797,678.75,0.392037445605865,0,0,4
"UMass-trends_ensemble",2026-02-21,1.22873520916414,1.13943916112408,130.369076086957,0.0829602649451437,1.26296493002482,1.24815997012075,198.5,0.12570753992535,0.5,0.75,4
"UMass-trends_ensemble",2026-02-28,1.22194076655654,1.18679399624936,200.576358695652,0.131699504971107,1.10108066002962,1.07397012524571,287.25,0.187768125990003,0.5,0.75,4
"UMass-trends_ensemble",2026-03-07,1.16153323263587,1.11357022078647,383.973369565217,0.294856238853294,1.05062693319411,1.01955990965222,557.875,0.429524084729582,0.25,0.75,4
"UMass-trends_ensemble",2026-03-14,0.837899600545757,0.825167577715885,313.765434782609,0.323437917119378,0.870109692324118,0.868801475279695,528.875,0.540598898094763,0.25,0.75,4
"UMass-trends_ensemble",2026-03-21,0.845720150397643,0.915816269899424,175.761032608696,0.220602659646527,0.852463400841346,0.93325096968476,302.625,0.361991548236501,0.5,0.75,4
"UMass-trends_ensemble",2026-03-28,0.533517944195661,0.59589204241889,121.703043478261,0.223875772236282,0.471347439356362,0.509229436694471,189.75,0.315301197837456,0.75,1,4
"UMass-trends_ensemble",2026-04-04,0.411089839669241,0.581393623719789,68.9014673913043,0.228031083593136,0.29990636639158,0.379071080721337,86.625,0.232569084055472,1,1,4
"UMass-trends_ensemble",2026-04-11,0.418037928839827,0.664317619213833,47.6378804347826,0.24219557107762,0.223009860264804,0.299141401399928,42.625,0.152295033770466,1,1,4
"UMass-trends_ensemble",2026-04-18,0.406289769383995,0.614762882485518,40.9211413043478,0.254896435771587,0.199120259355964,0.25270083010836,33.375,0.143312264251062,1,1,4
"UMass-trends_ensemble",2026-04-25,0.7668211528702,0.997466163842679,49.3970108695652,0.371912376079851,1.04021419160071,1.39180875917015,66,0.341580065441894,0.5,0.75,4
"UMass-trends_ensemble",2026-05-02,0.742042678734874,0.933714415264004,39.5285869565217,0.345093789532168,1.81304598642283,2.38000409407363,60.25,0.350954467434886,0.5,1,4
"UMass-trends_ensemble",2026-05-09,0.594742064115398,0.704440505396959,30.4320108695652,0.287604400321531,1.71169239481714,2.29042289443843,42.125,0.281591466217899,0.75,1,4
"UMass-trends_ensemble",2026-05-16,0.43230453840254,0.496845556527793,21.6907065217391,0.203940132503519,1.43016327137626,1.93036421459949,29.375,0.208869096729315,0.75,1,4
"UMass-trends_ensemble",2026-05-23,0.237896983370352,0.190394676769417,12.2865760869565,0.0775983412564421,0.348477201542492,0.378898147457439,13.125,0.0807979554604801,1,1,4
"UMass-trends_ensemble",2026-05-30,0.21367972694475,0.163515135368697,12.8686956521739,0.0839970894475887,0.453898662976925,0.485774261973069,17.6666666666667,0.116386573897797,1,1,3
"UMass-trends_ensemble",2026-06-06,0.160240376428825,0.118941109904586,10.4145652173913,0.0748642523874581,0.336596286457372,0.357451163277698,9.25,0.0653350992546042,1,1,2
"UMass-trends_ensemble",2026-06-13,0.136623014700116,0.101120062949851,9.84760869565217,0.0716807746293237,0.416666666666667,0.447341633134608,15,0.11163997114267,1,1,1
"UNC_IDD-InfluPaint",2025-11-22,0.773694390715667,0.480105282838784,12.695652173913,0.0760601697024687,2.22222222222222,2.021581998317,20,0.125952408977614,1,1,1
"UNC_IDD-InfluPaint",2025-11-29,0.356674769800106,0.247931489491373,18.6001413511814,0.0938905724394785,0.399510347168239,0.352687254902693,30.0201874072384,0.149583197560312,0.5,1,2
"UNC_IDD-InfluPaint",2025-12-06,0.373491202144365,0.19493669846282,24.7736111626746,0.08991586402508,0.0292329691844509,0.0227368880315859,3.30957342403756,0.0126711588220395,1,1,3
"UNC_IDD-InfluPaint",2025-12-13,0.333953801732274,0.169818663643327,47.1425154994193,0.116728981054338,0.184053661265612,0.1298106713571,49.0982867551693,0.124387887110925,1,1,4
"UNC_IDD-InfluPaint",2025-12-20,0.339990296188303,0.18415902385722,94.7877295936571,0.149058581346866,0.278724465388483,0.183328439157529,139.431909855645,0.219445330634098,1,1,4
"UNC_IDD-InfluPaint",2025-12-27,0.544999908664541,0.353336711957453,322.544501571555,0.346221800488211,0.625849699260126,0.446491942070279,558.146793352971,0.60122362624852,0,0.75,4
"UNC_IDD-InfluPaint",2026-01-03,0.487859354908084,0.348867372289448,339.360244364002,0.300464246368705,0.616312878097618,0.468227224533742,620.362471798632,0.543553821112998,0.25,1,4
"UNC_IDD-InfluPaint",2026-01-10,0.544240362612808,0.388818455495836,205.405539613776,0.172098076838609,0.630591502475033,0.495321253075835,377.76509955649,0.308977030439136,0.5,1,4
"UNC_IDD-InfluPaint",2026-01-17,1.57048053794415,0.934761014140573,265.052404859214,0.171786339628907,1.78213568110088,1.22506261572851,443.479464122254,0.287089623712927,0.5,1,4
"UNC_IDD-InfluPaint",2026-01-24,1.20286946798961,0.92390829678557,263.481164602049,0.154016354896717,0.990070572778701,0.842389316192077,355.701538151357,0.214797337146138,0.75,1,4
"UNC_IDD-InfluPaint",2026-01-31,1.47323117952912,1.25189813062876,290.966969940903,0.175049414249583,1.43227313593096,1.32028582276818,447.607449119501,0.277994016800094,0.5,0.75,4
"UNC_IDD-InfluPaint",2026-02-07,1.17448052887655,1.18762594289365,540.642663022161,0.331092746307872,1.0462835903949,1.10178339357885,740.70388130656,0.463073564639999,0.25,0.5,4
"UNC_IDD-InfluPaint",2026-02-14,1.54959012561858,1.65609289788843,672.77175518865,0.420727530371211,1.40698320125256,1.56946250737332,953.189090311025,0.610635056501954,0,0.5,4
"UNC_IDD-InfluPaint",2026-02-21,3.10933276198837,3.89516489955154,354.095174662164,0.30733507093371,3.21215419057006,4.3862553138287,528.871177109699,0.468523384986661,0.25,0.5,4
"UNC_IDD-InfluPaint",2026-02-28,1.27930798010365,1.88001433938959,217.021450758518,0.219878688305205,1.16457690554271,1.75048922686848,329.687883718222,0.339454209734608,0.5,1,4
"UNC_IDD-InfluPaint",2026-03-07,0.488142687700677,0.636717488039187,153.730075560223,0.163892822324961,0.46307042084271,0.616246055552438,239.544340398292,0.258192113940822,0.5,1,4
"UNC_IDD-InfluPaint",2026-03-14,0.485516519092401,0.521446789604315,174.549406318591,0.198035448111283,0.471631582463,0.531136726995733,271.43261492102,0.315586235284921,0.25,1,4
"UNC_IDD-InfluPaint",2026-03-21,0.668966113529408,0.622385507683715,142.149782220462,0.154514468094155,0.589500156857835,0.632773521646204,213.390415165251,0.251998592872528,0.75,1,4
"UNC_IDD-InfluPaint",2026-03-28,0.878771160048595,0.808751469710321,196.237593339249,0.301691021712749,0.896059208120594,0.941716884533359,334.982487535543,0.547366252590209,0,1,4
"UNC_IDD-InfluPaint",2026-04-04,0.999177290431069,0.917372301434051,167.864238273693,0.358621060630056,0.967578546314945,1.01063260382981,279.460630625654,0.61943858440377,0,1,4
"UNC_IDD-InfluPaint",2026-04-11,1.08605807676315,0.872648935175681,125.689169416034,0.320727596926591,1.07195957121284,1.08156636354671,205.043761416927,0.550102555358636,0.25,1,4
"UNC_IDD-InfluPaint",2026-04-18,0.636281667901583,0.55145264190088,65.5337984922883,0.231834695065533,0.627693423369444,0.68468387688432,104.697299605555,0.385903324006115,0.5,1,4
"UNC_IDD-InfluPaint",2026-04-25,0.510200892563799,0.408936110856476,32.898886777146,0.151144659791923,0.632219228807412,0.786792744682013,39.9874684373934,0.192517171942908,0.75,1,4
"UNC_IDD-InfluPaint",2026-05-02,0.666264709201625,0.574696201731357,35.647607609764,0.211897148003099,1.90758602380479,2.42481559663948,63.682323122843,0.359380237610321,0.5,1,4
"UNC_IDD-InfluPaint",2026-05-09,0.514789091828944,0.407987222833653,25.8794837679783,0.160958120143172,1.59355530892829,1.9811827890238,35.8669787310153,0.221457387835816,1,1,4
"UNC_IDD-InfluPaint",2026-05-16,0.496353608212435,0.436048359760209,24.8846188949861,0.176348282977055,2.16698668364787,2.71300436472132,44.8079300444224,0.293058925029436,0.75,1,4
"UNC_IDD-InfluPaint",2026-05-23,0.364069565914556,0.358849814935246,18.3293015275892,0.142888901292092,0.738598760739651,0.945374367606205,26.2219931960863,0.191001640704443,1,1,4
"UNC_IDD-InfluPaint",2026-05-30,0.308672272492367,0.29418741772934,18.1544330865917,0.147560948065855,0.578810243780969,0.734424037884524,21.9677436946658,0.171961000580642,1,1,3
"UNC_IDD-InfluPaint",2026-06-06,0.372171868340998,0.375218259740055,23.9883897771499,0.233914745849126,1.69504183435875,2.27412197847979,46.5184570257552,0.415047307422185,1,1,2
"UNC_IDD-InfluPaint",2026-06-13,1.43966282144294,3.31014331086828,103.769018348536,2.34645459798402,3.41131807937109,13.6673969595255,122.807450857359,3.41087815025191,0,0,1
"UVAFluX-CESGCN",2025-12-13,1.60069609819048,0.634144372736936,190.548824287481,0.343576466244125,1.3928926750232,0.727690726313059,296.173309326172,0.5268648888162,0,0,1
"UVAFluX-CESGCN",2025-12-20,0.459774473249114,0.219843089384483,112.17152320822,0.142424972909227,0.459165103934736,0.252767684995266,187.709823608398,0.228318363971838,0,1,2
"UVAFluX-CESGCN",2025-12-27,0.361312363204831,0.215232021634745,215.002107652017,0.211884322157451,0.266456408363613,0.175299310314379,236.818725585938,0.233841470651375,0.5,0.5,2
"UVAFluX-CESGCN",2026-01-03,0.369480552736919,0.230445453811896,356.925332333208,0.298288265025177,0.291861418823527,0.194331863398987,411.945190429688,0.34231512302037,0,0.5,2
"UVAFluX-CESGCN",2026-01-10,1.20998932969859,0.789211733646549,569.028824043871,0.497694615909739,0.963539691213457,0.725715886705889,656.610137939453,0.578398264339053,0,0,1
"UVAFluX-Ensemble",2025-11-22,1.87634137940171,1.08616017028642,30.7891304347826,0.172073771793485,4.88888888888889,4.15293347869499,44,0.258743882959426,1,1,1
"UVAFluX-Ensemble",2025-11-29,0.753447544174219,0.520338450297072,39.6063043478261,0.196337764038183,0.950223032724458,0.84990333263516,72,0.361067358716598,1,1,2
"UVAFluX-Ensemble",2025-12-06,0.603715761174456,0.40210828608242,39.7373913043478,0.181673190048687,0.622057067822912,0.571320562882781,61.3333333333333,0.276208470938945,1,1,3
"UVAFluX-Ensemble",2025-12-13,0.753791673345748,0.502310254557115,103.4225,0.334861802505915,0.758101663681093,0.669224531689395,186.75,0.589863053042877,0.25,0.75,4
"UVAFluX-Ensemble",2025-12-20,0.839777375196653,0.557175926127385,237.826413043478,0.461892026104373,0.709921136775027,0.576490390135089,344,0.67286729899333,0,0.5,4
"UVAFluX-Ensemble",2025-12-27,0.952854307381894,0.664298393178285,570.864782608696,0.663621391726368,0.767631862951687,0.612903111048356,687.75,0.833987027534405,0,0,4
"UVAFluX-Ensemble",2026-01-03,0.823644085781973,0.607485628689691,439.067971014493,0.35845337007951,0.777808961901921,0.634732038071474,589.333333333333,0.492072975127479,0,0.333333333333333,3
"UVAFluX-Ensemble",2026-01-10,0.70214635273709,0.505203390719324,266.958586956522,0.222225352796399,0.759293128225605,0.605229968237534,443.25,0.364246199873002,0,0.75,4
"UVAFluX-Ensemble",2026-01-17,1.24544456435461,1.05593918315071,221.968369565217,0.207255453412446,1.22920258137363,1.19882365756405,322.5,0.300703844278374,0.75,0.75,4
"UVAFluX-Ensemble",2026-01-24,1.09912227344951,1.07528516330832,239.623913043478,0.178339447692325,1.21906728180301,1.24224990490302,431.75,0.311778370789886,0.25,1,4
"UVAFluX-Ensemble",2026-01-31,0.93911925014152,0.938295974457402,186.257282608696,0.132371432945789,1.09372799684104,1.11102599909522,344.5,0.236423766778416,0.25,1,4
"UVAFluX-Ensemble",2026-02-07,1.26109323923679,1.28938993074672,589.078913043478,0.365660754227049,1.2100713605578,1.27886210735804,871.5,0.547841167981112,0,0.25,4
"UVAFluX-Ensemble",2026-02-14,1.31680496270145,1.39732091875184,570.699673913044,0.353731824216443,1.25008196744536,1.37015306628706,846.5,0.531727211387331,0,0.5,4
"UVAFluX-Ensemble",2026-02-21,2.00102619114189,2.33623662883599,226.223804347826,0.184071049497206,2.00695670505217,2.49167151320388,347,0.280150465757376,0.5,1,4
"UVAFluX-Ensemble",2026-02-28,1.39437254726037,1.89438720567217,222.562826086957,0.206768346425373,1.40228106414747,1.89473977540835,360.5,0.329609569050201,0.5,0.75,4
"UVAFluX-Ensemble",2026-03-07,0.56624539673294,0.627018244364001,178.782934782609,0.159115156061943,0.570226640325349,0.631579977130763,295.75,0.261722144726333,0.5,1,4
"UVAFluX-Ensemble",2026-03-14,0.61558493255564,0.657098132099811,226.017173913043,0.254080685392365,0.569723329910713,0.588750433377062,338,0.359227699400584,0.5,1,4
"UVAFluX-Ensemble",2026-03-21,0.767495949387591,0.993936480597998,155.216413043478,0.235109202804707,0.692246860187907,0.915248761855572,235.5,0.341896171622437,0.5,0.75,4
"UVAFluX-Ensemble",2026-03-28,0.553133925506829,0.629067693125992,126.82152173913,0.235945988160096,0.525157151243533,0.600957018462705,204.5,0.35521640259327,0.5,1,4
"UVAFluX-Ensemble",2026-04-04,0.406743600179653,0.604516740705596,67.2425,0.232079209046364,0.257012826136821,0.457024485895157,72.25,0.272430201069536,0.75,1,4
"UVAFluX-Ensemble",2026-04-11,0.529743211809882,0.605463540167612,60.3373913043478,0.217824270100329,0.529901496560313,0.764603947885798,100,0.38158718340463,0.75,1,4
"UVAFluX-Ensemble",2026-04-18,0.635333782250274,0.804206261341405,65.3902173913043,0.338587182609442,0.737724311815115,1.20295208791214,122.75,0.680577844849645,0.5,1,4
"UVAFluX-Ensemble",2026-04-25,0.891466010142816,1.01979199826624,57.5977173913043,0.379703906233293,1.69163929628204,2.89079142446949,108,0.717152002968302,0.25,1,4
"UVAFluX-Ensemble",2026-05-02,0.837692685669545,0.722908086157638,44.7779347826087,0.265963097797458,1.93950582725058,2.59319097822429,64.5,0.382741570397438,0.5,1,4
"UVAFluX-Ensemble",2026-05-09,0.619699418064977,0.516696584590447,31.0313043478261,0.202872786971271,1.7676992010822,2.149881083609,39.5,0.238029597845509,1,1,4
"UVAFluX-Ensemble",2026-05-16,0.589213916936595,0.480536594553759,29.365652173913,0.193487177871975,1.63245111889899,1.91908711020978,33.5,0.205896058999192,1,1,4
"UVAFluX-Ensemble",2026-05-23,0.616573059934082,0.465877708240165,30.9523913043478,0.185338829272804,0.946485433703116,0.969397748676144,33.75,0.195873413643661,1,1,4
"UVAFluX-Ensemble",2026-05-30,0.689068124177675,0.434884908637878,40.906231884058,0.219332845905177,1.748830703243,1.64809104831881,67.6666666666667,0.392025702717475,0.666666666666667,1,3
"UVAFluX-Ensemble",2026-06-06,0.745285823249569,0.409170609319004,47.954347826087,0.254647463979722,2.95349330953251,2.51151344440887,81,0.457894890294592,0.5,1,2
"UVAFluX-Ensemble",2026-06-13,0.765160060561826,0.41952431241526,55.1517391304348,0.297387351357503,2.80555555555556,2.3447316885118,101,0.58515854249585,0,1,1
"UVAFluX-FS_OptimWISE",2025-12-20,0.487413833515688,0.324019372040236,69.6121739130435,0.112108336817503,0.541304723623052,0.417799463530993,128,0.195744577126096,0,1,1
"UVAFluX-FS_OptimWISE",2025-12-27,0.508085481937639,0.350557790695385,207.330652173913,0.206194762909962,0.606463839263582,0.449129924517785,377,0.361877624748549,0,1,2
"UVAFluX-FS_OptimWISE",2026-01-03,0.383221732963968,0.275490699343891,204.527391304348,0.163237943878506,0.428424695169518,0.326718891685494,332.333333333333,0.260165838282888,0.333333333333333,1,3
"UVAFluX-FS_OptimWISE",2026-01-10,0.418308946131317,0.26470759247502,156.667391304348,0.114837709210822,0.368514041321159,0.26525377676249,217.75,0.161738836740444,0.75,1,4
"UVAFluX-FS_OptimWISE",2026-01-17,1.54018236581541,0.903042281698957,263.930869565217,0.168460813635978,1.6419244487217,1.12806442887758,417,0.269938249644157,0.25,1,4
"UVAFluX-FS_OptimWISE",2026-01-24,1.61539261071391,1.38502931172894,352.356847826087,0.232888242858147,1.46075295816623,1.35824941796932,515.25,0.342420378648153,0.25,0.75,4
"UVAFluX-FS_OptimWISE",2026-01-31,2.01117705447289,2.10702249516444,393.533913043478,0.293184142205701,1.61011654477098,1.83954855854882,502.25,0.387389037510793,0.5,0.5,4
"UVAFluX-FS_OptimWISE",2026-02-07,1.46854759214707,1.55381995247143,678.373586956522,0.434963341268051,1.31914724031681,1.45038662575698,943.25,0.615308922626729,0,0.5,4
"UVAFluX-FS_OptimWISE",2026-02-14,2.03290917517865,2.24579011936451,877.644565217391,0.566652690957425,1.7120302435186,1.99952485795646,1154.5,0.773462463078139,0,0.25,4
"UVAFluX-FS_OptimWISE",2026-02-21,2.18171195309784,2.44803941204474,237.176847826087,0.183068107172523,2.39822777058044,2.86862712498202,384.25,0.294827101067373,0.25,0.75,4
"UVAFluX-FS_OptimWISE",2026-02-28,0.557313335031041,0.650204192369053,89.1226086956522,0.0709429091160569,0.479941894616905,0.565166822813558,123,0.0980574644547647,0.75,1,4
"UVAFluX-FS_OptimWISE",2026-03-07,0.455970380219596,0.49107334170469,146.518695652174,0.126920441314094,0.477304519157256,0.533546968477573,251.5,0.224198035726538,0.25,1,4
"UVAFluX-FS_OptimWISE",2026-03-14,0.51168079744042,0.555522369045125,188.234782608696,0.215131053880525,0.554067023959253,0.630806501395335,327,0.383210119174674,0.25,1,4
"UVAFluX-FS_OptimWISE",2026-03-21,0.537927289550625,0.620697194679448,109.077717391304,0.14755428415815,0.449652440065962,0.572689990528758,155.25,0.217741829817401,0.75,1,4
"UVAFluX-FS_OptimWISE",2026-03-28,0.44259729341572,0.47151610264147,101.452391304348,0.179724852401446,0.445900765649462,0.518783823960144,174.25,0.313736678308015,0.5,1,4
"UVAFluX-FS_OptimWISE",2026-04-04,0.348725090797008,0.37866936242805,59.6958695652174,0.150792382955232,0.261103319678347,0.313059005387627,76.5,0.194206110390267,0.75,1,4
"UVAFluX-FS_OptimWISE",2026-04-11,0.249883847921348,0.26186000370614,29.014347826087,0.0965993073010054,0.121369556780781,0.163275951068785,23.75,0.0851922032692158,1,1,4
"UVAFluX-FS_OptimWISE",2026-04-18,0.17807043410342,0.19582093325375,18.0461956521739,0.081312867615356,0.0913237727239518,0.123386603032067,15.5,0.0710605928155976,1,1,4
"UVAFluX-FS_OptimWISE",2026-04-25,0.674270044052751,0.620604621451856,43.4811956521739,0.230316623834553,1.20188101399653,1.63551043896163,76.75,0.404403095679502,0,1,4
"UVAFluX-FS_OptimWISE",2026-05-02,0.7636126488327,0.651518014039856,40.7921739130435,0.240131540394897,2.02968681465605,2.70503256977083,67.75,0.40121417074744,0.25,1,4
"UVAFluX-FS_OptimWISE",2026-05-09,0.654924700219979,0.537304397088502,33.4190217391304,0.215294970651567,2.41772051708739,3.1532623181704,54,0.349941278381624,0.25,1,4
"UVAFluX-FS_OptimWISE",2026-05-16,0.489454952692921,0.41998445479638,24.5454347826087,0.170276782869853,1.87314720185508,2.48084534796965,39,0.270579871733837,0.5,1,4
"UVAFluX-FS_OptimWISE",2026-05-23,0.262922218179845,0.24420155946598,13.4535869565217,0.0992450953365694,0.491412805920665,0.63139554449103,19,0.13978767980747,0.75,1,4
"UVAFluX-FS_OptimWISE",2026-05-30,0.189945738696826,0.165407223907195,11.1760869565217,0.0831666924483966,0.220265702149927,0.267798246260344,9,0.0676997690851848,1,1,3
"UVAFluX-FS_OptimWISE",2026-06-06,0.181359575278541,0.149739456690728,11.7180434782609,0.0936886963110165,0.546883667028693,0.648160891846276,15.5,0.122519791244164,1,1,2
"UVAFluX-FS_OptimWISE",2026-06-13,0.155868284061503,0.140537848099589,11.2347826086957,0.0996227803132669,0.527777777777778,0.64935821849171,19,0.162055859334371,1,1,1
"VTSanghani-PRIME",2025-11-22,1.10781378341856,0.741041030358636,18.1782608695652,0.117398638465923,1.66666666666667,1.53955286159629,15,0.0959201218787396,1,1,1
"VTSanghani-PRIME",2025-11-29,0.373841791628675,0.271913171371339,19.5369565217391,0.103138780093582,0.327421679838259,0.287094326917443,24.5,0.121308462761385,1,1,2
"VTSanghani-PRIME",2025-12-06,0.283618930607841,0.17109846857949,18.7650724637681,0.0785301976508944,0.192498037875286,0.154871145724257,20,0.0790982339142857,1,1,3
"VTSanghani-PRIME",2025-12-13,0.501530878171048,0.310779782721784,68.9698913043478,0.204736196828996,0.529000730848333,0.419757358903052,128.5,0.362441897546905,0,1,4
"VTSanghani-PRIME",2025-12-20,0.888972233928915,0.577379865113104,252.721847826087,0.471965048474857,0.727228160593471,0.578788325690157,340.75,0.646973954400439,0,0.25,4
"VTSanghani-PRIME",2025-12-27,0.959486632947518,0.713167563828551,582.483913043478,0.71977305009382,0.779007478574175,0.65024311000344,697.75,0.88284171791041,0,0.25,4
"VTSanghani-PRIME",2026-01-03,0.86366985694216,0.696453485161813,753.32884057971,0.784027844103493,0.705728918000957,0.62207273162207,892.666666666667,0.945490646060454,0,0.333333333333333,3
"VTSanghani-PRIME",2026-01-10,1.15868273936322,0.882462531016766,492.88347826087,0.478825685839041,0.977072409974988,0.848829566574715,615,0.600399455549681,0.5,0.5,2
"VTSanghani-PRIME",2026-01-17,0.655351223805822,0.448250757681872,127.428260869565,0.104590805894704,0.607378574523562,0.435832645606821,138,0.104009325212615,1,1,1
"VTSanghani-PRIME",2026-03-14,0.626634217810511,0.726092966342467,95.7182608695652,0.134736500409702,0.401574593248436,0.472602490455182,91,0.126999690761307,1,1,1
"VTSanghani-PRIME",2026-03-21,0.518624607750783,0.68960970234586,84.1432608695652,0.148247204569656,0.380227674010358,0.487945820691971,105.5,0.166034820218869,1,1,2
"VTSanghani-PRIME",2026-03-28,0.452328272014419,0.537000584638211,71.408115942029,0.156923981325087,0.285837127388329,0.356868016895148,71.6666666666667,0.152445315599186,1,1,3
"VTSanghani-PRIME",2026-04-04,0.424635089012107,0.5185285350292,70.2601086956522,0.200108479766113,0.328521446716384,0.417016819701083,94.25,0.255063635556591,1,1,4
"VTSanghani-PRIME",2026-04-11,2.37764096156278,1.1968419497205,261.640326086957,0.423535906700451,2.60847513918859,1.44731713569229,474.5,0.709119120737282,0.75,1,4
"VTSanghani-PRIME",2026-04-18,5.57354359371256,1.5820907625543,536.167282608695,0.631074761763036,6.28595001064079,1.88639649894946,968.25,0.99859513946848,0.5,1,4
"VTSanghani-PRIME",2026-04-25,9.97363666226463,1.67273413211163,715.8875,0.641423869780926,18.1720662505373,3.76593904303793,1292,0.964226019028746,0.75,1,4
"VTSanghani-PRIME",2026-05-02,15.5804993116325,1.92978348467058,1087.68652173913,0.874946065005848,45.2367627803261,7.43060378123945,1972,1.34915128229184,0.666666666666667,1,3
"VTSanghani-PRIME",2026-05-09,0.614573531034307,0.586728346172341,32.3086956521739,0.249961263853517,2.06909834596709,2.47092531030291,49.3333333333333,0.300021142420664,1,1,3
"VTSanghani-PRIME",2026-05-16,0.49818319778175,0.493840495716318,28.9891304347826,0.242854450582773,1.80287850854154,2.17484083766126,43.5,0.286904156688192,1,1,2
"VTSanghani-PRIME",2026-05-23,0.545602439254269,0.64924296640082,23.6567391304348,0.2124313041641,0.64950189306754,0.812179323658397,15,0.103899595018151,1,1,2
"VTSanghani-PRIME",2026-05-30,0.338714404879649,0.362202821882609,20.3858695652174,0.184905118112337,0.322630045916626,0.390690654638032,12,0.0896426771991723,1,1,2
"VTSanghani-PRIME",2026-06-06,0.295471175493169,0.278088551438938,17.4613043478261,0.158160585105918,0.655358446828533,0.76549881315915,16,0.124190380231384,1,1,1
"VTSanghani-PRIME",2026-06-13,0.235871420729758,0.249865581565355,17.0013043478261,0.177121709751047,0.611111111111111,0.762238990316808,22,0.190226736301068,1,1,1
