"model_id","reference_date","wis_scaled_relative_skill","wis_scaled_relative_skill__log","wis","wis__log","ae_median_scaled_relative_skill","ae_median_scaled_relative_skill__log","ae_median","ae_median__log","interval_coverage_50","interval_coverage_95","n"
"CEPH-Rtrend_fluH",2025-11-22,0.461373374377069,0.251225570565185,1244.69934782609,0.219186308596979,0.51035056092626,0.372939990921623,2381.25,0.391681977224618,0.75,1,4
"CEPH-Rtrend_fluH",2025-11-29,0.594922117252119,0.413699063858988,3241.37086956522,0.363132398145651,0.755501246092597,0.603821908037218,6022.5,0.659495798394864,0,1,4
"CEPH-Rtrend_fluH",2025-12-06,0.493485059421681,0.337485746266343,5877.91391304348,0.344891013406837,0.686888901168584,0.484409878228488,10232.25,0.607667134980762,0,1,4
"CEPH-Rtrend_fluH",2025-12-13,0.523879884288125,0.389955280353025,9551.435,0.422589231734737,0.716967722606764,0.535775139867947,15359.25,0.696983285292069,0,1,4
"CEPH-Rtrend_fluH",2025-12-20,0.445759930088821,0.356134886059652,8755.11489130435,0.347100943731983,0.587290803159479,0.44774169982998,13492.25,0.529294212672392,0.25,0.5,4
"CEPH-Rtrend_fluH",2025-12-27,0.57353041654595,0.519410063943168,6724.58586956522,0.220737043739493,0.729410199734698,0.655751023288534,10168.5,0.342191071597398,0.25,0.75,4
"CEPH-Rtrend_fluH",2026-01-03,0.848584943460637,0.789424112058089,6466.93195652174,0.223411774101492,1.05827512956957,1.04607878163457,11335,0.408328971500742,0.25,1,4
"CEPH-Rtrend_fluH",2026-01-10,0.452122130042434,0.449086200859905,6617.88423913044,0.2499941667436,0.598360400915338,0.639326321296696,10898.75,0.425332235457051,0.25,1,4
"CEPH-Rtrend_fluH",2026-01-17,0.482145194615015,0.903153756689766,3253.04293478261,0.292835422526051,0.561382953093276,1.05166928864277,5727.25,0.510006984812892,0.5,1,4
"CEPH-Rtrend_fluH",2026-01-24,6.58223020571924,11.0042424952189,6270.41945652174,0.670959288065537,10.0659900284696,18.3242479312784,9984.5,1.10109607721552,0,1,4
"CEPH-Rtrend_fluH",2026-01-31,4.01158553220662,5.39584734059414,6077.44804347826,0.651867381334768,4.51587445907457,7.25133244516483,9972,1.09603816830883,0,1,4
"CEPH-Rtrend_fluH",2026-02-07,2.51683204555675,3.21253885086215,3348.42934782609,0.33350634570291,3.34449355963512,4.53785227903314,6216.25,0.604890230594422,0,1,4
"CEPH-Rtrend_fluH",2026-02-14,0.966786667120529,1.1313966164391,1564.39923913043,0.152024029649537,1.01201064687928,1.16964757711677,2568.5,0.233039248500193,0.75,1,4
"CEPH-Rtrend_fluH",2026-02-21,0.553079922169363,0.695059538132205,1095.98423913043,0.126767219062442,0.351698823529874,0.468460050976243,1209.75,0.143807337590906,1,1,4
"CEPH-Rtrend_fluH",2026-02-28,0.406800000984864,0.663632903013545,1053.59597826087,0.177511930871975,0.376627473171805,0.643928448013294,1699,0.290067870617673,0.75,1,4
"CEPH-Rtrend_fluH",2026-03-07,0.466219441763117,0.66477443029177,932.901304347826,0.204981261091097,0.520142843752958,0.75203237363647,1776.5,0.36176690785209,0.75,1,4
"CEPH-Rtrend_fluH",2026-03-14,0.349998430172387,0.52483231451616,725.650434782609,0.204284865566406,0.313629249305491,0.47105345642022,1113,0.288479450532288,1,1,4
"CEPH-Rtrend_fluH",2026-03-21,0.245896448522911,0.352417511141097,486.866739130435,0.170334280573157,0.157658509619179,0.267832096176592,540.5,0.198697862610618,1,1,4
"CEPH-Rtrend_fluH",2026-03-28,0.299435062801258,0.405115302464834,486.63347826087,0.211113380071264,0.198307046220417,0.32431901064067,551.5,0.245986325963957,0.75,1,4
"CEPH-Rtrend_fluH",2026-04-04,0.814158186722171,1.02986708316397,569.55402173913,0.495333559197797,1.69470818899623,3.29640709058842,1097.5,0.898269950789961,0.5,1,4
"CEPH-Rtrend_fluH",2026-04-11,0.782091788040472,1.00173840940224,531.06652173913,0.524508787623349,1.68511199403759,3.36437687282422,1038.75,0.964993444232766,0.25,1,4
"CEPH-Rtrend_fluH",2026-04-18,0.894283189170176,0.978859676397447,499.95097826087,0.576807379385083,5.84970030535946,10.7300796171066,971,1.04685678601684,0.25,1,4
"CEPH-Rtrend_fluH",2026-04-25,0.791326804410663,0.843096293481493,436.770652173913,0.536403115634924,4.66009799275297,8.34650328078268,849,0.975418876869672,0,1,4
"CEPH-Rtrend_fluH",2026-05-02,0.653951876733048,0.681328879843197,350.352391304348,0.444202002003937,3.71967536914104,6.41528256713627,664.25,0.80425193401759,0.5,1,4
"CEPH-Rtrend_fluH",2026-05-09,0.530446529950795,0.588423678291742,287.598586956522,0.386681459494526,1.92944941854886,3.40808599053846,505.25,0.666454460628007,0.5,1,4
"CEPH-Rtrend_fluH",2026-05-16,0.541394687894587,0.641383781441813,280.313043478261,0.432003581212998,2.54919107816545,4.56140920875046,506.25,0.75186903111529,0.5,1,4
"CEPH-Rtrend_fluH",2026-05-23,0.532016715150025,0.602532764065929,264.725760869565,0.445328951716364,2.93906206362932,4.98006571989774,468.75,0.750435473641714,0.75,1,4
"CFA_Pyrenew-Pyrenew_HE_Flu",2025-11-22,0.343308351043392,0.125398133876833,429.437588043478,0.0767978123380675,0.298565505115427,0.155049567218495,660,0.117105069820633,0.5,1,2
"CFA_Pyrenew-Pyrenew_HE_Flu",2025-11-29,0.132553295833592,0.0710657472369002,223.067945652174,0.0346924000941936,0.067672711796294,0.0452547164404938,175,0.0281161873711415,1,1,2
"CFA_Pyrenew-Pyrenew_HE_Flu",2025-12-06,0.283049629048542,0.167651756148756,702.895939130435,0.0747832451154423,0.325782642977707,0.206989441221137,1176.5,0.124486343791084,0.5,1,2
"CFA_Pyrenew-Pyrenew_HE_Flu",2025-12-13,0.675727184168824,0.46425769762146,4503.078225,0.290039958673919,0.65936176802851,0.473797167269556,5464.75,0.369850687476324,0,0.5,2
"CFA_Pyrenew-Pyrenew_HE_Flu",2025-12-20,0.324969656940481,0.226265872730222,5870.97094130435,0.224231496784883,0.390929311359911,0.263221917607748,8090.5,0.314379218389693,0,0,2
"CFA_Pyrenew-Pyrenew_HE_Flu",2025-12-27,0.328871970638973,0.259881937852983,3863.25033913044,0.101034874507753,0.410674924458158,0.312758436281542,5882.5,0.153010572502285,0,0.5,2
"CFA_Pyrenew-Pyrenew_HE_Flu",2026-01-03,2.13016415078047,1.85812097178999,9028.9287923913,0.234878850221121,1.91430682974329,1.62863849092867,11239,0.28385070460872,0,0.5,2
"CFA_Pyrenew-Pyrenew_HE_Flu",2026-01-10,0.465286287640995,0.524724194796798,5742.91067608696,0.219342890172041,0.532731420278689,0.61335713405538,7891,0.293767217969895,0,0,2
"CFA_Pyrenew-Pyrenew_HE_Flu",2026-01-17,0.145427677245846,0.183738548529858,774.097591304348,0.0428187910769373,0.154332737774583,0.196294869477043,1236,0.0682746775524894,1,1,2
"CFA_Pyrenew-Pyrenew_HE_Flu",2026-01-24,1.34040857699498,1.32754659630203,928.480916304348,0.0539734817637846,2.43077380501345,2.56592351459998,1672,0.0988359545358133,0.5,1,2
"CFA_Pyrenew-Pyrenew_HE_Flu",2026-01-31,1.06602101130811,0.853668424050111,1293.58076195652,0.0726295301806621,1.28417071697062,1.21360308082722,2230.25,0.130141985602297,0.5,1,2
"CFA_Pyrenew-Pyrenew_HE_Flu",2026-02-07,0.917541312438294,0.899587519652472,1174.42422065217,0.0776111330414271,1.06979491048944,1.10640703921786,2103.25,0.138215648326883,0,1,2
"CFA_Pyrenew-Pyrenew_HE_Flu",2026-02-14,0.650645798409051,0.556610779617413,1091.10262934783,0.0660526605200944,0.618120147682552,0.552603092218786,1858.5,0.113838763911215,0.5,1,2
"CFA_Pyrenew-Pyrenew_HE_Flu",2026-02-21,0.957761960002461,0.94856411341513,1595.57433695652,0.118132054573317,0.897751315918696,0.921353918372418,2582.75,0.190715397456234,0,1,2
"CFA_Pyrenew-Pyrenew_HE_Flu",2026-02-28,0.413479945397877,0.435420642340166,848.06115,0.0737682903613363,0.340824185906887,0.35787071411397,1132.75,0.0955817645974166,0.5,1,2
"CFA_Pyrenew-Pyrenew_HE_Flu",2026-03-07,2.4603010380092,2.06340654868681,3624.17512608696,0.336096946324119,2.7500478633219,2.57354216112336,5225.25,0.473504014974219,0,0,2
"CFA_Pyrenew-Pyrenew_HE_Flu",2026-03-14,1.87696375478615,1.72046930145514,2379.95173369565,0.282901236116951,2.30088364959868,2.34761118063232,3598.25,0.4237096717401,0,0,2
"CFA_Pyrenew-Pyrenew_HE_Flu",2026-03-21,0.496581215614299,0.518077010757357,881.339919565217,0.182814839454656,0.493229097845237,0.586697146452665,1459.75,0.309409864938128,0.5,1,2
"CFA_Pyrenew-Pyrenew_HE_Flu",2026-03-28,2.05413479673848,1.65011348796044,3474.12173913043,0.72547467377329,1.50225047966789,1.32118621869563,4542.75,0.898939762155001,0,0,2
"CFA_Pyrenew-Pyrenew_HE_Flu",2026-04-04,2.96942479149525,1.52457397198381,1967.06371956522,0.538736477337211,4.59908469514181,3.64009672530817,2833.75,0.748880092851118,0,0,2
"CFA_Pyrenew-Pyrenew_HE_Flu",2026-04-11,1.92625607634415,1.07902588330556,1020.34877934783,0.35748262194692,4.10546158575246,3.63067365307147,1628,0.571878755134391,0,0.5,2
"CFA_Pyrenew-Pyrenew_HE_Flu",2026-04-18,0.627976524146555,0.320980385747184,315.968109782609,0.138197161271876,3.4212882989523,3.11525477868522,487.5,0.217824322707716,0.5,1,2
"CFA_Pyrenew-Pyrenew_HE_Flu",2026-04-25,0.267950773224168,0.17125918769738,140.481651086957,0.0857377430837864,0.683163886897462,0.810162246001626,120,0.0778760375503573,1,1,2
"CFA_Pyrenew-Pyrenew_HE_Flu",2026-05-02,0.264841516646324,0.173901937558411,122.140319565217,0.0822561385317143,0.676997101904273,0.748908913799166,97.75,0.0650511472189228,1,1,2
"CFA_Pyrenew-Pyrenew_HE_Flu",2026-05-09,0.277639293520915,0.177974677204563,121.189789130435,0.0822121313891542,0.419674918642241,0.461262313140313,76,0.0543836684147574,1,1,2
"CFA_Pyrenew-Pyrenew_HE_Flu",2026-05-16,0.232636017965529,0.169697494446004,97.6897717391304,0.0821307746674498,0.836838382123696,0.938784257047028,116,0.0952543409980144,1,1,2
"CFA_Pyrenew-Pyrenew_HE_Flu",2026-05-23,0.253066062561558,0.189659681937903,107.510293478261,0.105092532276906,1.39787088773638,1.57347280410076,193,0.18004133994746,0.5,1,2
"CFA_Pyrenew-Pyrenew_H_Flu",2025-11-22,0.53421454579153,0.282070012587342,668.23835,0.172748662385646,0.525769330788492,0.393349303416967,1162.25,0.297086915280643,0,1,2
"CFA_Pyrenew-Pyrenew_H_Flu",2025-11-29,0.322306331233826,0.190438329098249,542.394745652174,0.0929669068886631,0.378967186059247,0.266084679021667,980,0.165315071674364,0,1,2
"CFA_Pyrenew-Pyrenew_H_Flu",2025-12-06,0.476087185516661,0.310346133124999,1182.26528152174,0.138433926832974,0.557208774612742,0.389538541674631,2012.25,0.234273924953394,0,1,2
"CFA_Pyrenew-Pyrenew_H_Flu",2025-12-13,0.661333741200925,0.473903412100642,4407.15963369565,0.296066014123846,0.701229837657659,0.520661867101332,5811.75,0.406433729015053,0,0,2
"CFA_Pyrenew-Pyrenew_H_Flu",2025-12-20,0.731894843249415,0.588085217514061,13222.5679076087,0.582797692683719,0.726991774805703,0.575395815309956,15045.5,0.687224256725495,0,0,2
"CFA_Pyrenew-Pyrenew_H_Flu",2025-12-27,0.303489169132063,0.243620075563993,3565.07924130435,0.094712714417659,0.352171637302028,0.288762553344639,5044.5,0.141271084897966,0.5,1,2
"CFA_Pyrenew-Pyrenew_H_Flu",2026-01-03,3.96537464831827,2.97141354926703,16807.66495,0.37560643713685,4.01456832461446,2.9034172585585,23569.75,0.506028218788452,0,0.5,2
"CFA_Pyrenew-Pyrenew_H_Flu",2026-01-10,0.747672074358933,0.739190441001901,9226.73661739131,0.309105013793505,0.988595086409949,1.01238678339194,14631.75,0.484820131441471,0,0.5,2
"CFA_Pyrenew-Pyrenew_H_Flu",2026-01-17,0.597662027943413,0.970819602565873,3181.2977076087,0.226241700874808,0.708825541393092,1.15027738711155,5676.75,0.400085941676362,0,1,2
"CFA_Pyrenew-Pyrenew_H_Flu",2026-01-24,8.05824215795338,11.4895563841572,5581.82347608696,0.467125872418867,11.4818443890819,17.9772761807531,7897.75,0.692460722686689,0,0,2
"CFA_Pyrenew-Pyrenew_H_Flu",2026-01-31,3.38699853743927,3.8859736064262,4110.00918586957,0.330615997239486,3.75764963522038,4.97179880109158,6526,0.533156003153964,0,0.5,2
"CFA_Pyrenew-Pyrenew_H_Flu",2026-02-07,1.82654705653534,1.98063190559522,2337.92318043478,0.170877299843633,2.21652146496392,2.50275208750614,4357.75,0.312651212541686,0,1,2
"CFA_Pyrenew-Pyrenew_H_Flu",2026-02-14,1.0591929476345,1.08697606364455,1776.21712608696,0.128990784143153,1.00991220254941,1.04526176327754,3036.5,0.21532870295279,0.5,1,2
"CFA_Pyrenew-Pyrenew_H_Flu",2026-02-21,0.877157641441561,0.996882987974903,1461.29234673913,0.12414957921471,0.802162655817005,0.918401684279015,2307.75,0.190104300583165,0.5,1,2
"CFA_Pyrenew-Pyrenew_H_Flu",2026-02-28,0.449474640571394,0.61585750929799,921.887469565218,0.104337624699959,0.539481584931404,0.737326451030906,1793,0.196928556862691,0.5,1,2
"CFA_Pyrenew-Pyrenew_H_Flu",2026-03-07,1.28466157883769,1.68487317774005,1892.38571521739,0.274439727034033,1.65639694518728,2.5313032923327,3147.25,0.465732518449904,0,0.5,2
"CFA_Pyrenew-Pyrenew_H_Flu",2026-03-14,0.362498027910337,0.403984051561804,459.640101086957,0.0664281469374116,0.224125538576901,0.278258336360435,350.5,0.0502215824029557,1,1,2
"CFA_Pyrenew-Pyrenew_H_Flu",2026-03-21,0.26710698566229,0.284203179798934,474.065554347826,0.100287327190009,0.218189888634055,0.228009504495348,645.75,0.120246690165565,0.5,1,2
"CFA_Pyrenew-Pyrenew_H_Flu",2026-03-28,0.147543840203745,0.187897521264043,249.538279347826,0.0826094047084778,0.119462437021633,0.173014151547873,361.25,0.117719438820247,1,1,2
"CFA_Pyrenew-Pyrenew_H_Flu",2026-04-04,2.19672430867161,2.6319207056452,1455.1965423913,0.930037974966305,2.79515610629307,5.81218835601657,1722.25,1.19574629032787,0,0,2
"CFA_Pyrenew-Pyrenew_H_Flu",2026-04-11,0.45023968529016,0.303363164865008,238.494517391304,0.100504595168593,0.445725021671835,0.528177666378227,176.75,0.0831949151041536,1,1,2
"CFA_Pyrenew-Pyrenew_H_Flu",2026-04-18,0.866181051243557,0.692065872329181,435.821370652174,0.297966926379011,5.50915141472319,7.75112719432316,785,0.541973017063271,0,1,2
"CFA_Pyrenew-Pyrenew_H_Flu",2026-04-25,0.487096770144584,0.345324556131636,255.375857608696,0.172880348623712,2.68426477226794,3.23960095156471,471.5,0.311403409128645,0.5,1,2
"CFA_Pyrenew-Pyrenew_H_Flu",2026-05-02,0.305702176012565,0.201367234992206,140.984547826087,0.0952473066707701,1.0509903858207,1.16203308101806,151.75,0.100935619317299,1,1,2
"CFA_Pyrenew-Pyrenew_H_Flu",2026-05-09,0.281481638697455,0.204480985136875,122.866976086957,0.0944562332164493,0.802076078062968,0.934312535836352,145.25,0.110157152876305,1,1,2
"CFA_Pyrenew-Pyrenew_H_Flu",2026-05-16,0.299655106892575,0.234355441283878,125.832789130435,0.113424149266396,1.60694611739701,1.90093797255852,222.75,0.192879878944426,1,1,2
"CFA_Pyrenew-Pyrenew_H_Flu",2026-05-23,0.350171963588849,0.272172501579693,148.763884782609,0.150813800354866,1.99359565725098,2.36652675287515,275.25,0.270784882013042,0.5,1,2
"CMU-TimeSeries",2025-11-22,0.648274002518604,0.384288531244,1771.58706302294,0.340812174541375,0.725297985008958,0.576911100140019,3435.73357812868,0.618010646335994,0.25,1,4
"CMU-TimeSeries",2025-11-29,0.667951860925796,0.469482419236482,3704.8804440022,0.420214935242933,0.802514148983278,0.655492225444727,6497.69927146028,0.730538546404093,0.5,1,4
"CMU-TimeSeries",2025-12-06,0.72388033181902,0.577006230398422,8655.62085016149,0.594623929379141,0.889839851770399,0.769539014512485,13230.8572496315,0.971439678371521,0.25,0.75,4
"CMU-TimeSeries",2025-12-13,0.739126717195455,0.651377376834019,13524.4712732729,0.71060395589381,0.936409160149094,0.862623248674487,20036.6842232739,1.12665757352847,0,0.5,4
"CMU-TimeSeries",2025-12-20,0.394320360581232,0.308172764688977,7799.97747952733,0.302819938245253,0.594561758693588,0.43791643553518,13729.3845097968,0.521037389400136,0.25,1,4
"CMU-TimeSeries",2025-12-27,0.509769551578169,0.434632299761924,6117.36061676317,0.18899378133616,0.699493316064247,0.599550190297536,9941.75495519695,0.319667618569156,0.5,1,4
"CMU-TimeSeries",2026-01-03,1.14372817764054,0.978676716028582,8746.86911639249,0.27798298239192,1.35114112199476,1.2526390138263,14562.5904699901,0.491660741266241,0.25,1,4
"CMU-TimeSeries",2026-01-10,0.14303202350468,0.228103018932832,2123.0382037747,0.129824475000331,0.141102741933273,0.229576435567449,2628.45532296229,0.157858190867904,1,1,4
"CMU-TimeSeries",2026-01-17,0.427387857669062,0.658240675848985,2802.66401004389,0.206642111476457,0.345275919957819,0.559686550903146,3579.76764268651,0.276357288030454,0.75,1,4
"CMU-TimeSeries",2026-01-24,3.6364497613788,4.87137235108002,3472.37291550059,0.296445724818691,6.39680050991097,8.84600040313434,6370.42898389628,0.531106828212144,0,1,4
"CMU-TimeSeries",2026-01-31,1.22996501680667,1.20021284584549,1881.54430401434,0.145848276901965,1.34490583306097,1.46447032809235,3034.39057165256,0.225298056265301,1,1,4
"CMU-TimeSeries",2026-02-07,1.51398336973441,1.63928902019764,2006.830915837,0.168712170515752,1.97211078492204,2.20448617611069,3643.5631379777,0.290648624103741,0.5,1,4
"CMU-TimeSeries",2026-02-14,0.970425165035295,1.02456372486092,1560.14071874827,0.136108728907555,0.899363397379724,0.930386386098752,2254.85197700121,0.182116559144507,0.5,1,4
"CMU-TimeSeries",2026-02-21,0.576361710959285,0.56473339959577,1145.32719330529,0.102500595090281,0.327345728372799,0.358675181813384,1105.75514511715,0.106754550938079,1,1,4
"CMU-TimeSeries",2026-02-28,0.323279273110533,0.356113614967472,832.769680619549,0.0938951750208752,0.132590643577097,0.155427643746243,578.382773276651,0.0671441694920132,1,1,4
"CMU-TimeSeries",2026-03-07,0.349401674327298,0.373351151329553,700.188805750355,0.114500763430222,0.267816769877297,0.326319843953802,908.635769448249,0.15556054534146,1,1,4
"CMU-TimeSeries",2026-03-14,0.481804103320691,0.503861029163658,1028.38206230146,0.201164189514246,0.414236532249098,0.524685160138064,1542.61188331467,0.336675762716665,0.5,1,4
"CMU-TimeSeries",2026-03-21,0.294966780313579,0.319814225107654,584.688117167245,0.152920830043843,0.263044335336877,0.35642981311827,901.763031142052,0.261617131896293,0.5,1,4
"CMU-TimeSeries",2026-03-28,0.28187956474355,0.283909239465252,456.385711917846,0.145861904506193,0.267166563889376,0.331564873751518,735.636549179551,0.245608860903046,0.75,1,4
"CMU-TimeSeries",2026-04-04,0.315699372917759,0.216958530342721,218.519975379004,0.102041021280443,0.196351007892716,0.221403788155095,124.725867096868,0.0584000151780473,1,1,4
"CMU-TimeSeries",2026-04-11,0.299267423026033,0.242694953948707,201.777658924528,0.125030551191062,0.429180475573786,0.553107584134562,265.921107279507,0.157969027075058,1,1,4
"CMU-TimeSeries",2026-04-25,0.527045335869369,0.391825950400278,286.506103392841,0.242318087929011,3.0834472050266,3.82109849747729,553.75931863899,0.434284435192664,0,1,4
"CMU-TimeSeries",2026-05-02,0.417352974003986,0.31612217350857,218.363893057415,0.19795801537424,2.35616124671135,2.86682064334213,410.554250676746,0.344474771970855,0.25,1,4
"CMU-TimeSeries",2026-05-09,0.243481758044311,0.189371835023383,129.713924984078,0.120471631560019,0.646833793504537,0.730992136237419,163.887965268439,0.136203315082535,1,1,4
"CMU-TimeSeries",2026-05-16,0.222674360938718,0.173919839393975,112.208184372962,0.111365167855804,0.572567729810551,0.625118610401262,107.959277573411,0.09548771515133,1,1,4
"CMU-TimeSeries",2026-05-23,0.227188937929805,0.173131979130749,110.768283850078,0.122911707417271,0.864202489207773,0.904550159273602,132.354516187612,0.128120899386902,1,1,4
"CU-ARNB_Net",2025-12-13,0.683573601252849,0.574490915616159,12500.8301086957,0.625676593031867,0.878129538367531,0.756575076412103,18797.5,0.986959264910775,0,0.5,4
"CU-ARNB_Net",2025-12-20,0.630284916970206,0.62391291591834,12498.4897826087,0.615391093955793,0.92929800505298,0.86913533085158,21524.75,1.03843343912887,0,1,4
"CU-ARNB_Net",2025-12-27,0.564391746270094,0.57375694051943,6633.35597826087,0.244984148797706,0.7382071240247,0.664583630807299,10231.5,0.344482187797742,0.5,1,4
"CU-ARNB_Net",2026-01-03,0.866446427095043,0.759495116783148,6587.21043478261,0.213949887331343,0.86576170476026,0.888781552422827,9323,0.3493355798834,1,1,4
"CU-ARNB_Net",2026-01-10,0.361531989508351,0.372410344350005,5354.16989130435,0.209927071378979,0.448856737622617,0.537993375589183,8256.5,0.361686083080535,0.75,1,4
"CU-ARNB_Net",2026-01-17,0.466954031819943,0.542203186179252,3040.71608695652,0.167593639875982,0.257777878694885,0.301173328089752,2470,0.13482244483746,1,1,4
"CU-ARNB_Net",2026-01-24,3.26943254244464,4.55894516429987,3106.78565217391,0.27618894625773,6.05276989052527,8.11457051515859,6022.25,0.486283958435265,0.5,1,4
"CU-ARNB_Net",2026-01-31,2.63427497196469,3.08110026606156,3994.68782608696,0.371476086526448,3.35754974377096,4.39367939637802,7417.5,0.661945448069793,0,1,4
"CU-ARNB_Net",2026-02-07,2.18178340652687,2.63598229042123,2884.04934782609,0.270972059987173,3.00579843777354,3.70970440055596,5552.25,0.48937770053672,0.25,1,4
"CU-ARNB_Net",2026-02-14,1.08534051880442,1.25235976156615,1744.95489130435,0.166715737910274,1.1646051731739,1.27893431623817,2932.75,0.251822124337854,0.75,1,4
"CU-ARNB_Net",2026-02-21,0.552594969218122,0.600058518628814,1090.53880434783,0.108337619661604,0.149053043932991,0.132980310879525,488.25,0.0381909715883442,1,1,4
"CU-ARNB_Net",2026-02-28,0.347425848534533,0.442767132669713,893.148695652174,0.116609505712735,0.0953010471484931,0.11472950740354,414.5,0.0493258905770464,1,1,4
"CU-ARNB_Net",2026-03-07,0.410143085433429,0.473619804251142,819.757717391304,0.14497267267107,0.304622948065896,0.348298450934206,1029,0.16466161026049,1,1,4
"CU-ARNB_Net",2026-03-14,0.327483600341688,0.364892768516894,687.051304347826,0.142981840233902,0.162770941340194,0.236177619843749,617.5,0.155954348986822,1,1,4
"CU-ARNB_Net",2026-03-21,0.307179698197104,0.333981197220233,607.269130434783,0.159635943069872,0.201123549117075,0.274768073118958,685,0.200157300933654,1,1,4
"CU-ARNB_Net",2026-03-28,0.293932883584865,0.329826280291412,476.575326086957,0.170381723650905,0.150371332676284,0.17188346693671,409,0.125380308701137,0.75,1,4
"CU-ARNB_Net",2026-04-04,0.786243113856807,0.838928063194248,542.608695652174,0.394077179952982,1.6890760388098,2.60243067885509,1079,0.692190585373381,0.25,1,4
"CU-ARNB_Net",2026-04-11,0.576155503489708,0.602471860625987,388.596739130435,0.311602922003279,1.14785981798625,1.78560497328057,707.5,0.508554378309413,0.5,1,4
"CU-ARNB_Net",2026-04-18,0.759072542451738,0.68258565540562,420.472173913043,0.394700067790753,5.08309298101775,7.29813403870293,836.5,0.698584133467806,0.25,1,4
"CU-ARNB_Net",2026-04-25,0.6585301073786,0.582482608654925,359.676195652174,0.36318105776532,3.99175687648164,5.61317370485368,720.5,0.643033707035293,0,1,4
"CU-ARNB_Net",2026-05-02,0.494987719825652,0.428047730510562,261.198586956522,0.27174189855855,2.75633737721307,3.65336123153647,485.5,0.445418450885312,1,1,4
"CU-ARNB_Net",2026-05-09,0.382186792813293,0.336355871657622,204.982717391304,0.216587141456431,1.15424428092366,1.50778594021738,298,0.287546985967715,1,1,4
"CU-ARNB_Net",2026-05-16,0.390537585679474,0.367757833241494,198.79652173913,0.23981742787788,1.76236068477769,2.32569527389119,341.75,0.367986951158247,1,1,4
"CU-ARNB_Net",2026-05-23,0.377923135196367,0.346531230627693,185.68902173913,0.249493570881742,2.17748248122385,2.77647058491848,340.5,0.404096649597727,1,1,4
"CU-ensemble",2025-11-22,0.534852519304732,0.27977061088069,1459.32434782609,0.246257389013322,0.555563142957734,0.404918773196863,2615.75,0.429752609953071,0.25,1,4
"CU-ensemble",2025-11-29,0.425435200617236,0.248585315313166,2327.3825,0.217526262412182,0.502461008329857,0.339568775822928,4005.75,0.369134541401577,0.75,1,4
"CU-ensemble",2025-12-06,0.567055769019777,0.367229502700698,6810.36608695652,0.376740776260418,0.673459018926774,0.470806978763501,10045,0.590665547941005,0.25,0.75,4
"CU-ensemble",2025-12-13,0.655872506918859,0.493125819476802,12108.442173913,0.54107656331108,0.781896612468776,0.61039474725293,16819,0.799626360285243,0.25,0.5,4
"CU-ensemble",2025-12-20,0.695419811023943,0.594467285579823,13855.6125,0.589096273790816,0.840768585144508,0.728061225111786,19511.75,0.872425791372175,0,0.5,4
"CU-ensemble",2025-12-27,0.59251514101908,0.574356900345575,6916.34380434783,0.243253333444533,0.808829337779221,0.74656948512942,11218.75,0.387273065964895,0.5,1,4
"CU-ensemble",2026-01-03,1.52182233172788,1.27691315420861,11779.2532608696,0.366458273746219,1.78211268662514,1.52851033374506,19418,0.604300124402714,0.25,1,4
"CU-ensemble",2026-01-10,0.723394128187214,0.694053709129754,10765.6588043478,0.392843280681716,0.986201936946309,0.990152927227396,18261.5,0.668815443507925,0,1,4
"CU-ensemble",2026-01-17,0.654670183091801,0.654776742584458,4239.92510869565,0.199961498932845,0.807393912895142,0.838746621979568,7873,0.381652054578942,0.25,1,4
"CU-ensemble",2026-01-24,6.87688979211086,10.7988652584448,6535.07967391304,0.65411197437531,10.3114857709947,17.980770120282,10182.75,1.07120904674858,0,0.25,4
"CU-ensemble",2026-01-31,3.2561002723131,3.67276219200639,4955.975,0.444364718826536,3.27107177850044,4.2513233417009,7232.5,0.641156833686803,0,0.25,4
"CU-ensemble",2026-02-07,1.03817644342509,1.11095436580071,1377.71239130435,0.114582375246142,1.06867762629744,1.09032290127414,1970,0.143197814003273,1,1,4
"CU-ensemble",2026-02-14,0.783886428290798,0.846652294106468,1261.88217391304,0.112752505201732,0.578450667005542,0.549929851516149,1439.75,0.106609951521969,0.75,1,4
"CU-ensemble",2026-02-21,0.503698811815342,0.526240694332541,994.224673913043,0.0949131492184591,0.314251937271569,0.33459539096215,1054,0.0989513417805337,1,1,4
"CU-ensemble",2026-02-28,0.28969847883,0.393752429962046,742.77097826087,0.103485837796749,0.04103027758622,0.048338900442196,179,0.0209320476519235,1,1,4
"CU-ensemble",2026-03-07,0.375304257771843,0.392454888589597,754.740760869565,0.120999231034251,0.183703211870814,0.265940271696133,653,0.133739014713301,1,1,4
"CU-ensemble",2026-03-14,0.310719828508764,0.349220121170321,651.534456521739,0.137043067366347,0.188285250370396,0.253836266531157,692,0.161304956178692,1,1,4
"CU-ensemble",2026-03-21,0.278725117615556,0.327904888445106,550.567065217391,0.156983856960921,0.117749896223283,0.152747126636787,395.25,0.109237496726663,1,1,4
"CU-ensemble",2026-03-28,0.301328974321581,0.363749033190311,488.205434782609,0.187973971479084,0.155791553749226,0.192899310275045,424.5,0.141533833968104,1,1,4
"CU-ensemble",2026-04-04,0.808991410903923,0.951250999728761,558.308695652174,0.447121840971275,1.80184400649333,2.94115396740856,1153.5,0.78544492111485,0.5,1,4
"CU-ensemble",2026-04-11,0.573363120591029,0.590391978205052,385.510869565217,0.303832030313862,1.08053208522276,1.66927514926937,667,0.476464542230636,1,1,4
"CU-ensemble",2026-04-18,0.777789676630424,0.802747494659951,430.468043478261,0.462631895844749,5.0501570507076,7.52334399048915,834.25,0.725253672860492,0.25,1,4
"CU-ensemble",2026-04-25,0.710448110618523,0.696387997673085,387.751630434783,0.432958667568841,4.00782354583997,5.71817943742157,724.25,0.656731223133636,0,1,4
"CU-ensemble",2026-05-02,0.571824232109695,0.553395351772633,300.962282608696,0.349482871307178,2.97012162711322,3.93329420704146,521,0.477328229140046,0,1,4
"CU-ensemble",2026-05-09,0.404161525124007,0.415381047109994,216.322717391304,0.266259743111426,1.32352545240515,1.70402605030681,338.75,0.321711181591279,0.5,1,4
"CU-ensemble",2026-05-16,0.44451882976914,0.482628950431557,225.289565217391,0.312776970716017,1.86936802951324,2.45482343126955,360.25,0.385518697218142,0.25,1,4
"CU-ensemble",2026-05-23,2.18284627432518,9.82641447260128,1062,6.96034803678237,6.87141455471812,48.624299738374,1062,6.96034803678237,0,0,4
"Cornell_JHU-hierarchSIR",2025-11-22,1.08481386687893,0.590003503453508,2949.80942880435,0.519182355062571,0.76000874310666,0.627846501803431,3559,0.664289637060353,0,0,4
"Cornell_JHU-hierarchSIR",2025-11-29,0.801436327028339,0.472445978679934,4411.92622336957,0.418264236828212,0.638361408250794,0.466885220417207,5114,0.512079735563475,0,0,4
"Cornell_JHU-hierarchSIR",2025-12-06,0.73729706478041,0.503293167442881,8638.17254836957,0.506759808581621,0.659075518014953,0.47835816993402,9685.875,0.592023291706581,0,0,4
"Cornell_JHU-hierarchSIR",2025-12-13,0.603603188924058,0.41187295376324,10946.7222157609,0.443022219510929,0.579168704306602,0.4012891037551,12355.25,0.518392533537033,0,0,4
"Cornell_JHU-hierarchSIR",2025-12-20,0.407908543845509,0.289764131736848,8093.56240923913,0.285427150534221,0.483803097251263,0.336488699727394,11225.875,0.402510126988396,0,0.25,4
"Cornell_JHU-hierarchSIR",2025-12-27,0.213104391216511,0.208321711661556,2609.28024891304,0.0935483273055243,0.287102323707265,0.271092084543871,4178.25,0.149372909245845,0.75,1,4
"Cornell_JHU-hierarchSIR",2026-01-03,0.583964137165602,0.626835887358453,4565.05519836957,0.182863347157852,0.651547178085914,0.716722693805548,7161,0.287794747646007,0.5,1,4
"Cornell_JHU-hierarchSIR",2026-01-10,0.583618889605447,0.637789365332353,8657.72628423913,0.360105136517784,0.672717322993113,0.746396186498615,12427.625,0.503565506995551,0,0.25,4
"Cornell_JHU-hierarchSIR",2026-01-17,0.657889089227533,0.690482238862562,4231.9371201087,0.209568943222357,0.678831290269326,0.722042155768286,6586.375,0.327134484424764,0,0.5,4
"Cornell_JHU-hierarchSIR",2026-01-24,7.20712926345426,9.53616523862358,6802.29929565217,0.571834473169456,8.30067618620046,12.0969929217288,8171.375,0.715580555277292,0,0,4
"Cornell_JHU-hierarchSIR",2026-01-31,3.00463486559971,3.09591978985279,4544.70038586957,0.371503056322377,2.98786589659656,3.67645333531033,6584.5,0.551579020174875,0,0,4
"Cornell_JHU-hierarchSIR",2026-02-07,0.788954929496008,0.685990874030311,1054.93294782609,0.0712373338443476,0.456834456997911,0.439027422107313,838.5,0.0575145307176892,1,1,4
"Cornell_JHU-hierarchSIR",2026-02-14,0.633234215029917,0.657397086961302,1027.7762298913,0.0882912241684085,0.356855407739376,0.35150589843133,891.75,0.0685543123100945,1,1,4
"Cornell_JHU-hierarchSIR",2026-02-21,0.424279768808598,0.467542516544496,830.469141304348,0.0836995137409043,0.362335944133048,0.38263049369892,1202.875,0.111845628409109,0.75,1,4
"Cornell_JHU-hierarchSIR",2026-02-28,0.483894769652492,0.480879728765698,1239.81538695652,0.125896815888195,0.490121914874784,0.530074761543903,2146.375,0.229748313876503,0.5,1,4
"Cornell_JHU-hierarchSIR",2026-03-07,0.320770029388243,0.351948363364102,635.809448913044,0.106520226174312,0.343483984691159,0.400414525732121,1160.25,0.189074997935822,0.75,1,4
"Cornell_JHU-hierarchSIR",2026-03-14,0.229640000662261,0.265682252881237,485.349607065217,0.105122650891421,0.153792170873039,0.228309452870006,599.375,0.15457619121819,0.75,1,4
"Cornell_JHU-hierarchSIR",2026-03-21,0.412212298285953,0.426620448004431,816.316334782609,0.203787545483165,0.409280024177582,0.510564462206492,1402.875,0.374560359651541,0.25,1,4
"Cornell_JHU-hierarchSIR",2026-03-28,0.351146765978547,0.339491849186916,567.702173913043,0.173931807536014,0.339533641877736,0.410090773705067,935.75,0.304060979914202,0.5,1,4
"Cornell_JHU-hierarchSIR",2026-04-04,0.483206879468717,0.429136641338756,336.177391304348,0.203281926592637,0.990639275548446,1.37267259769731,637.75,0.368325398724803,0.25,1,4
"Cornell_JHU-hierarchSIR",2026-04-11,0.346558592632392,0.292387629605649,238.716956521739,0.15418612377057,0.599678022584778,0.845179048443638,375.5,0.244549711768178,0.5,0.75,4
"Cornell_JHU-hierarchSIR",2026-04-18,0.635901573239367,0.443393072202562,354.811630434783,0.257875337560775,3.27423100184257,4.1124644381753,540.25,0.394494184684378,0,0.5,4
"Cornell_JHU-hierarchSIR",2026-04-25,0.766412574468465,0.544461267797731,420.050869565217,0.340067379472644,3.23287681084162,4.1691305990018,583,0.476778007647648,0,0,4
"Cornell_JHU-hierarchSIR",2026-05-02,0.558530506279103,0.405454182100747,294.961630434783,0.256635910904717,2.57928530695985,3.25159819071203,451.5,0.393203546434334,0,0.75,4
"Cornell_JHU-hierarchSIR",2026-05-09,0.24053262138343,0.184237408711364,129.051086956522,0.118191187221632,0.917064429095872,1.09969412212334,234.25,0.206998200309371,0,1,4
"Cornell_JHU-hierarchSIR",2026-05-16,0.161808401431014,0.122623321450299,81.9828260869565,0.0791287092262355,0.769472847361862,0.888135166940267,147.75,0.138610931776533,0.5,1,4
"Cornell_JHU-hierarchSIR",2026-05-23,0.142043040455268,0.101323521832988,69.600652173913,0.0724277972187411,0.817940986703964,0.891505855651319,127.5,0.129015787197864,0.75,1,4
"DMAPRIME-DLM",2026-02-14,1.90720229003051,2.14590878234882,3065.98369565217,0.285639279442706,1.64723364598131,1.98915381249927,4168.5,0.394397390354478,0,0,4
"DMAPRIME-DLM",2026-02-21,1.19040182561538,1.66588580392268,2367.33706521739,0.304834313980773,1.07378480853173,1.53059085652084,3616.75,0.456970698133112,0,0.5,4
"DMAPRIME-DLM",2026-02-28,0.294762902555096,0.397075229097015,754.194673913044,0.104122012707462,0.305924460235189,0.424992564793509,1343.75,0.185211231267314,0.25,1,4
"DMAPRIME-DLM",2026-03-07,0.475202090290785,0.483129283160551,937.234782608696,0.145149055039218,0.439089115050766,0.490894864599529,1477.25,0.230281187913991,0.25,0.5,4
"DMAPRIME-DLM",2026-03-14,0.21105539653633,0.24137590490402,437.841630434783,0.0935077758910993,0.222062489584623,0.271460277481075,791.75,0.166298612684132,0,1,4
"DMAPRIME-DLM",2026-03-21,0.227889850639119,0.272137539923745,448.356739130435,0.129267617105585,0.21447344829171,0.287546134854015,729.75,0.209493582484667,0.25,0.75,4
"DMAPRIME-DLM",2026-03-28,0.131300402391366,0.13531811459161,210.676413043478,0.0688413721162695,0.132515947522269,0.164014396499755,363,0.120787697437069,0.5,1,4
"DMAPRIME-DLM",2026-04-04,1.29004748400681,1.16791431617836,892.150326086957,0.549546901897852,1.63673055838571,2.48274159089924,1045.5,0.660192115923607,0,0,4
"DMAPRIME-DLM",2026-04-11,0.327801619573025,0.266071143650737,224.284239130435,0.139141579509051,0.587565847447565,0.782552430903935,362.75,0.222857454653382,0,0.75,4
"DMAPRIME-DLM",2026-04-18,0.840005117066442,0.584652922722248,467.317717391304,0.338828796445229,3.68672906714503,4.67348080648894,606.75,0.446824441512715,0,0.25,4
"DMAPRIME-DLM",2026-04-25,0.646079682624001,0.430315283321851,352.015326086957,0.266597026113617,2.73379618837677,3.31938512733948,491.25,0.377461998694177,0,0,4
"DMAPRIME-DLM",2026-05-02,0.320600154837091,0.208950161682453,166.837608695652,0.129866183378865,1.64960896141372,1.86535687459629,285.75,0.222417164045043,0,1,4
"DMAPRIME-DLM",2026-05-09,0.092148744205235,0.0605832214117536,49.2288043478261,0.0386346182773176,0.216118183503251,0.240393704045265,56.25,0.0461248547753768,0.75,1,4
"DMAPRIME-DLM",2026-05-16,0.111521692915969,0.0772469139710326,55.1205434782609,0.0483554897028992,0.416678737200654,0.435626816313682,76.75,0.0647625668856537,0.75,1,4
"DMAPRIME-DLM",2026-05-23,0.162568534580246,0.107965678819068,78.1775,0.0754281145719264,0.891430846043459,0.924197427084466,136,0.130282301756525,0.25,1,4
"Epistorm-Ensemble_Flu",2026-02-21,0.44576627306569,0.52433802450207,877.421936632893,0.0946863764931783,0.320222873623096,0.359179511417295,1072.375,0.106338893126875,0.75,1,4
"Epistorm-Ensemble_Flu",2026-02-28,0.167674233614146,0.196436717519571,427.657352439208,0.0512152146413347,0.0544523080924251,0.0685684729656285,236.653499916196,0.02945300384114,1,1,4
"Epistorm-Ensemble_Flu",2026-03-07,0.273528472844446,0.311466069297508,545.29699684513,0.095270220226479,0.262045333113208,0.321137498881607,889.892692059278,0.153281003703121,0.75,1,4
"Epistorm-Ensemble_Flu",2026-03-14,0.229111741764287,0.271990420008671,482.313949084741,0.107193195446546,0.202269377658959,0.274226784163738,741.932628214359,0.17413608429633,0.5,1,4
"Epistorm-Ensemble_Flu",2026-03-21,0.231055857364943,0.259280041154714,454.012242506467,0.12292360534712,0.215298425269526,0.285394061645028,731.641006827355,0.207593350850462,0.25,1,4
"Epistorm-Ensemble_Flu",2026-03-28,0.225958859362245,0.226212199141747,363.524388551797,0.115437083112784,0.218606082270605,0.264711581541568,598.792902767658,0.194900264722808,0.25,1,4
"Epistorm-Ensemble_Flu",2026-04-04,0.369867130598353,0.309497870441178,254.812262081279,0.144954670865499,0.657445800856491,0.779795072483585,418.026984595111,0.205776859762098,1,1,4
"Epistorm-Ensemble_Flu",2026-04-11,0.289915125147348,0.248657553093853,196.11916237141,0.128620137445334,0.509903207751521,0.691378263679473,317.144232493763,0.198113652273168,1,1,4
"Epistorm-Ensemble_Flu",2026-04-18,0.480213633565463,0.385791551823432,265.693519047424,0.223037024657882,3.37319982892809,4.11207156211978,553.232586307849,0.391295687962804,0.75,1,4
"Epistorm-Ensemble_Flu",2026-05-02,0.348851300272014,0.260856985598636,185.21069519498,0.166571003667184,1.80035493721139,2.2985153892051,323.027419301337,0.286572494803204,1,1,4
"Epistorm-Ensemble_Flu",2026-05-09,0.267449773509148,0.213052549741546,142.947606081291,0.136341031578098,0.522827101595712,0.641146576096543,136.390029261344,0.123803958348547,1,1,4
"Epistorm-Ensemble_Flu",2026-05-16,0.252730539111609,0.194370296056703,127.660466142486,0.125008374436502,0.620195920987193,0.712721452525161,120.493367557075,0.11267623866322,1,1,4
"Epistorm-Ensemble_Flu",2026-05-23,0.253182338173252,0.190719754513483,123.793587940461,0.136266865311241,0.888244704935508,0.951706483901304,136.686096950063,0.13570295258393,1,1,4
"FluSight-HJudge_ensemble",2025-11-22,0.596096352355942,0.313971190548632,1617.215,0.27529123927201,0.542482374156406,0.398584100441137,2537,0.4198070322791,0,1,4
"FluSight-HJudge_ensemble",2025-11-29,0.5702715930594,0.335929291222032,3160.58989130435,0.298685521781567,0.600985418321685,0.422095677665252,4836,0.464225558922861,0,1,4
"FluSight-HJudge_ensemble",2025-12-06,0.587718684317044,0.365068630979826,7087.78467391304,0.37699076803892,0.669371672737076,0.463252742124935,9990.5,0.582313938726823,0,0.5,4
"FluSight-HJudge_ensemble",2025-12-13,0.522596953780258,0.357193141198662,9567.93206521739,0.389123837640433,0.637931720283202,0.440322219182204,13733.25,0.576036192402335,0,0.5,4
"FluSight-HJudge_ensemble",2025-12-20,0.427891261749356,0.320142089159016,8437.53673913044,0.313257954502944,0.551987545022543,0.402593808901499,12705,0.477134452244433,0.25,0.25,4
"FluSight-HJudge_ensemble",2025-12-27,0.456868932979885,0.401581591772021,5432.20456521739,0.173446530298532,0.653377648754087,0.566197086089211,9229,0.300081502523753,0.25,1,4
"FluSight-HJudge_ensemble",2026-01-03,1.18465310809513,1.09616952946452,9183.60956521739,0.315820989855154,1.33686388141536,1.24877878165313,14588.5,0.495362126623807,0.25,1,4
"FluSight-HJudge_ensemble",2026-01-10,0.783616402188686,0.784257152569125,11632.5697826087,0.443013352067177,0.979177950983042,0.983993503990832,18086.25,0.663323335543648,0,0.25,4
"FluSight-HJudge_ensemble",2026-01-17,0.4976081839634,0.511537203451345,3226.91054347826,0.156436838547213,0.618185066118407,0.666500941877736,5998.75,0.301978015878317,0.25,1,4
"FluSight-HJudge_ensemble",2026-01-24,1.45167490799583,1.3329403763093,1370.54913043478,0.0797816904869095,1.00546420089962,1.00460410169712,985,0.0589666752956162,1,1,4
"FluSight-HJudge_ensemble",2026-01-31,1.96735890434408,2.06855371531839,2975.94315217391,0.248371217344264,2.5852205396618,3.07894949686273,5716.25,0.463663809792536,0,1,4
"FluSight-HJudge_ensemble",2026-02-07,1.30419238167803,1.3748587583592,1724.1697826087,0.141028763717143,1.82886015840496,1.99335533326569,3370.5,0.261880198106185,0.5,1,4
"FluSight-HJudge_ensemble",2026-02-14,0.773970554292123,0.781644464045469,1242.4777173913,0.10359860651764,0.65151581137599,0.623927014196628,1621.5,0.120927490094517,0.75,1,4
"FluSight-HJudge_ensemble",2026-02-21,0.462972006164989,0.475007365819494,914.139456521739,0.0857154765083656,0.27082334072072,0.283993203019609,905,0.0836246815329624,1,1,4
"FluSight-HJudge_ensemble",2026-02-28,0.339005497451155,0.362591399636883,873.246195652174,0.0955108428519788,0.307380548297217,0.358597203917808,1356,0.156794688515,1,1,4
"FluSight-HJudge_ensemble",2026-03-07,0.349826035098847,0.384152487746007,707.311847826087,0.119129770869939,0.261447968566811,0.345669303068669,910.5,0.170254050706856,0.75,1,4
"FluSight-HJudge_ensemble",2026-03-14,0.403095492341821,0.449798581282955,859.582826086957,0.179694438138766,0.354267990781137,0.465245846038379,1326,0.3003413350152,0.5,1,4
"FluSight-HJudge_ensemble",2026-03-21,0.353585497480611,0.382674013547034,700.861956521739,0.182998627869676,0.321653193700709,0.429851778700122,1109.25,0.316971679475892,0.25,1,4
"FluSight-HJudge_ensemble",2026-03-28,0.306407244945244,0.306957934464141,495.676195652174,0.157565057020286,0.308198977010826,0.380264202558901,850.25,0.28227228695858,0.25,1,4
"FluSight-HJudge_ensemble",2026-04-04,0.351056949897473,0.279962808628318,242.057934782609,0.131189711128665,0.606289834796035,0.719400405909856,386.5,0.190505016713908,1,1,4
"FluSight-HJudge_ensemble",2026-04-11,0.278441011269579,0.230403621567788,188.287173913043,0.119146590745909,0.426558499758777,0.56798343980816,267.25,0.16408645420638,1,1,4
"FluSight-HJudge_ensemble",2026-04-18,0.461525441556825,0.336075247051456,255.216304347826,0.193590858290597,3.09067429723293,3.71774422273653,507.75,0.354485956591327,0.25,1,4
"FluSight-HJudge_ensemble",2026-04-25,0.404509902228349,0.28012634666287,220.025,0.173412044835968,2.34566570996203,2.79673729083482,422.75,0.319367237194483,0,1,4
"FluSight-HJudge_ensemble",2026-05-02,0.316453274813078,0.23204992402291,166.894456521739,0.146839245471874,1.73136515231023,2.04089309370323,303.75,0.247181352215159,1,1,4
"FluSight-HJudge_ensemble",2026-05-09,0.208074433146499,0.154006918272545,111.197608695652,0.098336043169172,0.327450864983056,0.373248470752488,84.75,0.0712949493561843,1,1,4
"FluSight-HJudge_ensemble",2026-05-16,0.187583064593852,0.137953990640549,94.9140217391304,0.0888003035821631,0.364776106943136,0.387802491424707,68.5,0.0589531440421995,1,1,4
"FluSight-HJudge_ensemble",2026-05-23,0.198196327634633,0.141330873390777,96.7421739130435,0.10045783694345,0.664349132219351,0.68877589299094,101.75,0.0975708010142224,1,1,4
"FluSight-baseline",2025-11-22,1,1,2700.42902173913,0.88214767039852,1,1,4677.25,1.06169028676748,0,1,4
"FluSight-baseline",2025-11-29,1,1,5464.86945652174,0.884304952504204,1,1,7952.25,1.09645822288425,0,0.75,4
"FluSight-baseline",2025-12-06,1,1,11806.3922826087,1.01850353462641,1,1,14693.25,1.24765434228019,0,0.5,4
"FluSight-baseline",2025-12-13,1,1,18192.2532608696,1.08548084175188,1,1,21319,1.30092653624092,0,0.25,4
"FluSight-baseline",2025-12-20,1,1,19869.1764130435,0.98828811106945,1,1,23175.75,1.19629676117603,0,0,4
"FluSight-baseline",2025-12-27,1,1,11636.897173913,0.42178956900202,1,1,13868.25,0.518412876681862,0.25,0.25,4
"FluSight-baseline",2026-01-03,1,1,7658.29467391304,0.285244320747395,1,1,10756.75,0.392282847017584,0,0.25,4
"FluSight-baseline",2026-01-10,1,1,14874.6898913043,0.565803258041752,1,1,18515,0.675378211505451,0,0,4
"FluSight-baseline",2026-01-17,1,1,6495.85347826087,0.306239906063973,1,1,9797,0.45676803700312,0,1,4
"FluSight-baseline",2026-01-24,1,1,946.2025,0.0600890170520596,1,1,977.5,0.0585712988446843,0.5,1,4
"FluSight-baseline",2026-01-31,1,1,1501.72695652174,0.119272437802803,1,1,2180.25,0.147915975612093,0.25,1,4
"FluSight-baseline",2026-02-07,1,1,1327.20989130435,0.102966444149654,1,1,1843.5,0.131287485602636,0.5,1,4
"FluSight-baseline",2026-02-14,1,1,1642.19608695652,0.13579908745757,1,1,2607.25,0.203993569071929,0.25,1,4
"FluSight-baseline",2026-02-21,1,1,2013.45489130435,0.183805086003829,1,1,3444.5,0.30272574401742,0,1,4
"FluSight-baseline",2026-02-28,1,1,2601.97032608696,0.265509076099403,1,1,4461.5,0.44048120360089,0,1,4
"FluSight-baseline",2026-03-07,1,1,2057.55847826087,0.314033635990776,1,1,3525.5,0.493379037443674,0,1,4
"FluSight-baseline",2026-03-14,1,1,2133.07239130435,0.396672678276159,1,1,3686.25,0.631795017580941,0,1,4
"FluSight-baseline",2026-03-21,1,1,2000.55652173913,0.481488173587943,1,1,3465.25,0.739314769892075,0,1,4
"FluSight-baseline",2026-03-28,1,1,1636.8975,0.518597412559361,1,1,2797.5,0.750364754619382,0,1,4
"FluSight-baseline",2026-04-04,1,1,703.195652173913,0.477385801899577,1,1,656.25,0.271395562753378,1,1,4
"FluSight-baseline",2026-04-11,1,1,679.886086956522,0.517702375441459,1,1,615.75,0.282570584221994,1,1,4
"FluSight-baseline",2026-04-18,1,1,563.126630434783,0.585182401522976,1,1,175,0.101408720948112,1,1,4
"FluSight-baseline",2026-04-25,1,1,554.786739130435,0.628309833270466,1,1,183.5,0.116036781204022,1,1,4
"FluSight-baseline",2026-05-02,1,1,537.089347826087,0.637709705995029,1,1,181.5,0.124813616333043,1,1,4
"FluSight-baseline",2026-05-09,1,1,543.245108695652,0.645127233954181,1,1,260.5,0.191339809856005,1,1,4
"FluSight-baseline",2026-05-16,1,1,520.254239130435,0.656327623612364,1,1,202,0.163665064028429,1,1,4
"FluSight-baseline",2026-05-23,1,1,501.454891304348,0.7288621199712,1,1,160.5,0.148652920978929,1,1,4
"FluSight-ensemble",2025-11-22,0.732971708725699,0.401749641226437,1986.02206521739,0.352142771690389,0.698107005661924,0.554386651049362,3271.25,0.586482463457373,0,1,4
"FluSight-ensemble",2025-11-29,0.689015498798848,0.416409029433503,3827.25619565217,0.371314651096096,0.712655365105415,0.539975155466061,5739,0.596237514347348,0,0.75,4
"FluSight-ensemble",2025-12-06,0.673965039004208,0.441279816279564,8087.58152173913,0.453887230763167,0.69467284452001,0.49416931588139,10325,0.618841053751436,0,0.5,4
"FluSight-ensemble",2025-12-13,0.641960585749018,0.459678940623771,11756.2885869565,0.500793482775698,0.715548646682647,0.530423836888475,15353.5,0.691618514821742,0,0.25,4
"FluSight-ensemble",2025-12-20,0.515001133563048,0.398743810750565,10173.4786956522,0.390992329326272,0.625374769495429,0.471722072574784,14441.5,0.561137054318662,0,0.25,4
"FluSight-ensemble",2025-12-27,0.463664454559277,0.413269685339646,5456.59086956522,0.176557491650494,0.610122444561041,0.534646511474958,8523.75,0.280080236108707,0.25,0.75,4
"FluSight-ensemble",2026-01-03,1.12132319025378,1.04809881345216,8692.95119565217,0.302050838035575,1.28730928324165,1.21515920390052,14026.25,0.481518511845019,0.25,1,4
"FluSight-ensemble",2026-01-10,0.709273523070432,0.71467757429729,10522.8056521739,0.403585573615162,0.923167276678805,0.940873630763984,17022.75,0.633416721269565,0,0.25,4
"FluSight-ensemble",2026-01-17,0.499970090595712,0.512434206449398,3248.80043478261,0.157055580957032,0.629256311237674,0.677792556407693,6113.75,0.307454164545263,0.5,1,4
"FluSight-ensemble",2026-01-24,1.92808952504061,2.25686378898593,1834.07467391304,0.136536726206697,2.76478178386019,3.21235478174849,2782.75,0.194230713922486,1,1,4
"FluSight-ensemble",2026-01-31,1.92453716757129,2.04886930801553,2918.71684782609,0.246766625264399,2.58632823142211,3.09975374707508,5729,0.46788429380422,0,1,4
"FluSight-ensemble",2026-02-07,1.28694474350917,1.35323463142285,1699.36684782609,0.138596073279183,1.67809817511859,1.78288767854179,3080.5,0.2330481919883,0.5,1,4
"FluSight-ensemble",2026-02-14,0.768359015805545,0.774261585231124,1234.63326086957,0.102685359789897,0.573539460632284,0.530461508979803,1423,0.102358341203209,0.75,1,4
"FluSight-ensemble",2026-02-21,0.481575537883988,0.485520627071979,950.647826086957,0.0875255478875491,0.341772919391394,0.363138056083133,1144.25,0.107114541582202,1,1,4
"FluSight-ensemble",2026-02-28,0.387321078617609,0.410235300856402,999.5725,0.108256112303006,0.389914271440793,0.448479725014504,1728,0.196876135539486,1,1,4
"FluSight-ensemble",2026-03-07,0.394724920141599,0.425980643944099,799.564673913044,0.132411664992135,0.297616801983751,0.394165241503433,1049.75,0.196696705014361,0.75,1,4
"FluSight-ensemble",2026-03-14,0.420592338309313,0.460070479812841,895.11652173913,0.183366247467191,0.357345238811122,0.469161897966773,1338,0.302975152994585,0.5,1,4
"FluSight-ensemble",2026-03-21,0.380175579280663,0.404098871298786,754.645543478261,0.193495347734463,0.343509181531403,0.452913653956585,1184,0.333804017491985,0.25,1,4
"FluSight-ensemble",2026-03-28,0.337426069483872,0.334889302970605,547.049782608696,0.172246559847232,0.351025985600538,0.428546572222686,969.5,0.318480409846097,0.25,1,4
"FluSight-ensemble",2026-04-04,0.379676517795568,0.313876898267934,261.986847826087,0.147231617905914,0.671378494503936,0.822335972749237,429,0.21842998623683,1,1,4
"FluSight-ensemble",2026-04-11,0.29549135240936,0.24269657421855,199.614565217391,0.12537560094946,0.332946454251761,0.442052501906142,210.75,0.128986223722587,1,1,4
"FluSight-ensemble",2026-04-18,0.469152091351272,0.361607398014975,259.845217391304,0.20903015403551,2.97970731348798,3.5896450639577,490.25,0.342881263323845,0.5,1,4
"FluSight-ensemble",2026-04-25,0.405247775917715,0.29828178661538,220.845869565217,0.185361647011211,2.14527972710982,2.47780853568512,385.25,0.281550602301674,0.5,1,4
"FluSight-ensemble",2026-05-02,0.295001637672832,0.212217039208508,155.038260869565,0.133715137248868,1.47829470676653,1.678742603319,257.75,0.201735384512032,1,1,4
"FluSight-ensemble",2026-05-09,0.204277388963752,0.146159457769069,109.428913043478,0.0935539567058584,0.16522650316082,0.172642999853088,42,0.0322693323936933,1,1,4
"FluSight-ensemble",2026-05-16,0.202122085508227,0.146031066696425,102.661304347826,0.0943090497154421,0.262304204952513,0.273471159403218,48.75,0.0410767737406492,1,1,4
"FluSight-ensemble",2026-05-23,0.197550286084209,0.140059456240163,96.8754347826087,0.100126283754179,0.51481894376932,0.516148557062094,78.75,0.0729991788522411,1,1,4
"FluSight-lop_norm",2025-11-22,0.687072220679474,0.407422915320159,1859.51684782609,0.35681676570865,0.71385827795624,0.575334038936137,3338.25,0.60730057912139,0,1,4
"FluSight-lop_norm",2025-11-29,0.622810195990882,0.406642280930654,3426.9327173913,0.359744563570519,0.705530645069352,0.536993034958966,5655,0.589684993147312,0,1,4
"FluSight-lop_norm",2025-12-06,0.60876583519714,0.436392543970374,7245.56489130435,0.446095054554778,0.752280094953893,0.563182725196996,11162.25,0.705212165819494,0,0.75,4
"FluSight-lop_norm",2025-12-13,0.558569198695281,0.436018215783839,10182.5111956522,0.473059236584986,0.749748598337753,0.571341914284692,16081.75,0.745185880223469,0,1,4
"FluSight-lop_norm",2025-12-20,0.452303221776199,0.368786191401177,8945.19413043478,0.362261851719089,0.652954959734139,0.5004841313227,15086.75,0.595746701509285,0.25,1,4
"FluSight-lop_norm",2025-12-27,0.462990222425635,0.422470691078103,5471.8652173913,0.181164943942337,0.609512442417354,0.534817622236697,8519.5,0.280320834724306,0.25,1,4
"FluSight-lop_norm",2026-01-03,1.16185893209843,1.03766513255022,8946.44413043478,0.29673813005682,1.35960725146954,1.26435045169241,14786.25,0.500036306531581,0.25,1,4
"FluSight-lop_norm",2026-01-10,0.608679296314964,0.595844005894351,9028.93641304348,0.336248003676056,0.876290787019679,0.908459093338168,16184.25,0.612483796969418,0,1,4
"FluSight-lop_norm",2026-01-17,0.534770389794464,0.582364363536262,3481.525,0.179388328073681,0.543322012278682,0.596698388567689,5279.75,0.270676993722734,1,1,4
"FluSight-lop_norm",2026-01-24,2.43102197111306,3.24774293175017,2307.7797826087,0.196422524547934,3.56721678635904,4.26796455531317,3575,0.257204018418554,1,1,4
"FluSight-lop_norm",2026-01-31,1.9635626646102,2.25208737300926,2981.90815217391,0.272000353341958,2.63127540033382,3.15924041242713,5826.25,0.476676849677636,0,1,4
"FluSight-lop_norm",2026-02-07,1.40253334849596,1.53451834255801,1855.21902173913,0.157671223332415,1.7672109442925,1.91644567589233,3256.25,0.251708902584864,0.5,1,4
"FluSight-lop_norm",2026-02-14,0.848521712986679,0.901575527832005,1364.82902173913,0.119894476938124,0.661566050710579,0.637246912702696,1648.5,0.12369437307813,0.75,1,4
"FluSight-lop_norm",2026-02-21,0.546150187099144,0.594939155079652,1079.52402173913,0.107589342381361,0.249311482870269,0.259759537616091,831.25,0.0763454456589452,1,1,4
"FluSight-lop_norm",2026-02-28,0.370753177722251,0.409318624783538,956.190108695652,0.108013836489122,0.262593718853547,0.313964060988007,1163,0.137881182296737,1,1,4
"FluSight-lop_norm",2026-03-07,0.399136256842624,0.436701473080699,805.690217391304,0.135227282104591,0.223619501692875,0.311258154212639,787,0.155337674895997,0.75,1,4
"FluSight-lop_norm",2026-03-14,0.424230534630532,0.466861582005278,899.428913043478,0.184966309216209,0.322036596195572,0.43127407038057,1208.75,0.279261123898342,0.5,1,4
"FluSight-lop_norm",2026-03-21,0.36290093895684,0.397715917544017,720.359891304348,0.190543180341326,0.301446282045588,0.407325581882461,1038,0.300008389271856,0.25,1,4
"FluSight-lop_norm",2026-03-28,0.355795124197426,0.363403408433953,576.834565217391,0.187120319872145,0.324759340280851,0.397516010906306,895.75,0.295016073194085,0.75,1,4
"FluSight-lop_norm",2026-04-04,0.448004238459228,0.444716919066995,309.627934782609,0.209443349936233,0.653915614016482,0.801646085964909,418.5,0.213427819575785,1,1,4
"FluSight-lop_norm",2026-04-11,0.334919867490481,0.327350250247891,226.08097826087,0.169296415073634,0.331635881479223,0.435843653085456,209.5,0.127064022840389,1,1,4
"FluSight-lop_norm",2026-04-18,0.489229297788928,0.424575334121086,271.211304347826,0.245522394792016,2.74773098710083,3.26358675815033,452.25,0.311835142357379,0.75,1,4
"FluSight-lop_norm",2026-04-25,0.441947868612317,0.379387185178636,241.04402173913,0.235931373577856,2.21112257733502,2.57865987681001,397.5,0.293407456513071,0.5,1,4
"FluSight-lop_norm",2026-05-02,0.319723127574552,0.259659917544709,168.145108695652,0.163963458612636,1.45521199873969,1.65335980854058,254,0.199000124836699,1,1,4
"FluSight-lop_norm",2026-05-09,0.240033119508944,0.191283699636603,128.751086956522,0.122794959428006,0.178838673831721,0.187409028079639,45.5,0.0350646343200505,1,1,4
"FluSight-lop_norm",2026-05-16,0.233769664565386,0.185923080374957,119.034565217391,0.120359682822328,0.231281740374186,0.244986952934258,43.5,0.037311666073836,1,1,4
"FluSight-lop_norm",2026-05-23,0.227388777953317,0.176755734496187,111.978804347826,0.127058793083946,0.417998546200167,0.410438285951872,63.75,0.0578560069351135,1,1,4
"FluSight-trained_mean",2025-11-22,0.732971708725699,0.401749641226437,1986.02206521739,0.352142771690389,0.698107005661924,0.554386651049362,3271.25,0.586482463457373,0,1,4
"FluSight-trained_mean",2025-11-29,0.504101148678988,0.291544618531351,2786.24879925615,0.258230321382852,0.574489539028446,0.397746654032485,4613.77920333007,0.43634937147752,0,1,4
"FluSight-trained_mean",2025-12-06,0.554972379249202,0.342163223563346,6678.93493783409,0.352222894967458,0.643211024820548,0.435073695422946,9598.41065151223,0.546448156929963,0,0.75,4
"FluSight-trained_mean",2025-12-13,0.511668433829346,0.355399965690647,9367.15853398763,0.386523831544512,0.657084082247858,0.466238143439584,14097.6693589353,0.607320483456002,0,0.5,4
"FluSight-trained_mean",2025-12-20,0.505363660196592,0.389404660820233,9976.26759285489,0.381756123419807,0.631277183555217,0.477400840358286,14576.9401794091,0.567874276070521,0,0.25,4
"FluSight-trained_mean",2025-12-27,0.503723301160676,0.447226189465697,5956.68416251994,0.191863043748329,0.715450625997087,0.625205927263572,10064.7321277224,0.32960128537545,0.25,1,4
"FluSight-trained_mean",2026-01-03,1.1823081885073,1.08161797814584,9137.16649321429,0.310568100623108,1.33852848104379,1.24993713220557,14528.2672416971,0.493531250440088,0.25,0.75,4
"FluSight-trained_mean",2026-01-10,0.757102896413109,0.740740589453209,11234.9837255141,0.418069466949804,0.959331229388169,0.969826602669592,17698.4453379751,0.653194287577993,0,0.5,4
"FluSight-trained_mean",2026-01-17,0.823461311429221,0.781088405080387,5358.8197774017,0.239495272129417,0.949583071207072,0.957942605858729,9285.76123195426,0.436882311853624,0,1,4
"FluSight-trained_mean",2026-01-24,2.14976589879848,2.51733421602304,2035.69191746676,0.151432711622662,3.87692122983282,4.59416782461275,3840.93108700612,0.273341715207467,0.75,1,4
"FluSight-trained_mean",2026-01-31,1.85461207784903,1.93147397074374,2810.77918771903,0.2323409807409,2.44937344827825,2.85664073071809,5412.24454795419,0.42972758640157,0,1,4
"FluSight-trained_mean",2026-02-07,1.23653506070937,1.28967659735192,1639.5441943345,0.132727435896394,1.54061011716333,1.64581656507289,2842.49404776122,0.216509170987111,0.75,1,4
"FluSight-trained_mean",2026-02-14,0.808923809391819,0.824213897968313,1301.04744026458,0.109461634273558,0.63493461342803,0.608328834985226,1580.6847622639,0.117949309420286,0.75,1,4
"FluSight-trained_mean",2026-02-21,0.528340306395269,0.518201802147007,1047.7520243897,0.0938009394101438,0.388976564318159,0.421257374894685,1315.86099903815,0.125656605908975,1,1,4
"FluSight-trained_mean",2026-02-28,0.460381930386539,0.467714883953941,1189.07070301742,0.123472894635817,0.432965585422932,0.494056164565479,1917.16589326139,0.216684941984556,0.75,1,4
"FluSight-trained_mean",2026-03-07,0.47719834856313,0.50276163840335,975.211103331037,0.157889089012482,0.361134661647326,0.468509301729023,1300.43610680458,0.237710277372498,0.75,1,4
"FluSight-trained_mean",2026-03-14,0.484597260395296,0.526564766403738,1038.14904623756,0.211284234740933,0.425455041324894,0.537782242899319,1590.88453147604,0.346380870095271,0.5,1,4
"FluSight-trained_mean",2026-03-21,0.380034016282911,0.403223703282754,753.998517919767,0.192953462248185,0.349823619984163,0.457642224734195,1203.78055893012,0.336870291133309,0.25,1,4
"FluSight-trained_mean",2026-03-28,0.255240884454246,0.259718396103345,412.288668123459,0.133178568817493,0.184381116086423,0.212681428843581,502.348297936387,0.15544759788129,0.75,1,4
"FluSight-trained_mean",2026-04-04,0.512380549939975,0.451394736609396,355.648166193156,0.213405717287864,1.02816892100312,1.44169399006007,662.708087424269,0.387779420658008,0.75,1,4
"FluSight-trained_mean",2026-04-11,0.492292725360135,0.462747775716109,332.801186127796,0.239416726319147,1.00640787945538,1.51250549666021,621.448534823753,0.431667319426676,0.5,1,4
"FluSight-trained_mean",2026-04-18,0.649331268932605,0.522555359271488,360.779022521829,0.302883514247137,4.2546025295116,5.85064223102544,703.063409715861,0.563126851426683,0.25,1,4
"FluSight-trained_mean",2026-04-25,0.567424448023148,0.446195026249086,310.427938058211,0.278377735159672,3.29602718700187,4.3758475115972,596.158593104888,0.502603703226391,0,1,4
"FluSight-trained_mean",2026-05-02,0.423682693201147,0.330836286990637,223.987384832432,0.209824940794532,2.33758774192246,2.96554298019511,411.993739329275,0.361736615506328,0.5,1,4
"FluSight-trained_mean",2026-05-09,0.138066326711762,0.0918585282020291,73.8409692425626,0.0586090997491296,0.14084686461365,0.152413727522716,36.3086826174807,0.0289733171289479,1,1,4
"FluSight-trained_mean",2026-05-16,0.140058456256268,0.091273764067969,71.4317893256829,0.0590446491774681,0.21878448882998,0.239280835654943,44.6864047403411,0.0397130041610585,1,1,4
"FluSight-trained_mean",2026-05-23,0.126320608530458,0.0839293678813177,61.8390775773171,0.0597923331837767,0.39762706619584,0.401519836750201,61.486854271527,0.0575648958186767,1,1,4
"FluSight-trained_med",2025-11-22,0.732971708725699,0.401749641226437,1986.02206521739,0.352142771690389,0.698107005661924,0.554386651049362,3271.25,0.586482463457373,0,1,4
"FluSight-trained_med",2025-11-29,0.648316536898521,0.388266233446804,3597.89083329322,0.345773527114506,0.675542164847689,0.499826904141214,5436.89313159253,0.551086109066136,0,0.75,4
"FluSight-trained_med",2025-12-06,0.583396786951,0.362712541842163,7044.45707798977,0.374938661745804,0.658796314317614,0.449220227607752,9844.0425,0.565283372309399,0,0.75,4
"FluSight-trained_med",2025-12-13,0.574948637146938,0.400411451945328,10566.0280359565,0.437778544900386,0.672968185948419,0.475925892201863,14504.839315296,0.62389367032547,0,0.5,4
"FluSight-trained_med",2025-12-20,0.455676276252791,0.348994378758026,8988.04673111132,0.341623418841484,0.589390330422497,0.438240179338544,13581.9049303655,0.520002889697784,0,0.25,4
"FluSight-trained_med",2025-12-27,0.456295101242397,0.407309963434007,5379.23222525974,0.174326097540238,0.611245560937463,0.534938180474688,8554.89707232314,0.280781559048992,0.25,1,4
"FluSight-trained_med",2026-01-03,1.0556741283672,0.964989868639173,8150.13087239375,0.276842265705288,1.28550335745726,1.21295357210296,13956.3244329523,0.479142248502666,0.25,1,4
"FluSight-trained_med",2026-01-10,0.734503387047891,0.718931108266856,10910.9942331737,0.406300939243406,1.0193643105182,1.01270441720013,18831.25,0.682707113199483,0,1,4
"FluSight-trained_med",2026-01-17,0.624349949759747,0.622213759684232,4051.57195723809,0.190350912993333,0.751219312095911,0.78961097964895,7317.62191909535,0.358999028226074,0.25,1,4
"FluSight-trained_med",2026-01-24,2.22842328176188,2.6970257267628,2118.1070648411,0.162999940230621,3.43760476956817,4.1046500291975,3434.92383780447,0.246321833552493,0.75,1,4
"FluSight-trained_med",2026-01-31,1.93324720214196,2.0311807184945,2926.33669674567,0.244044569247332,2.55803825839243,3.04257113087372,5659.97745470267,0.458585660559515,0,1,4
"FluSight-trained_med",2026-02-07,1.27172738591991,1.31616353738202,1682.53116783388,0.134976819796602,1.5973475655071,1.67361828916684,2927.83095580517,0.218314040431281,0.75,1,4
"FluSight-trained_med",2026-02-14,0.771488576547432,0.763853085882947,1242.62964353263,0.101476020912448,0.559602666829743,0.52675608928104,1392.78004735543,0.10208929406676,0.75,1,4
"FluSight-trained_med",2026-02-21,0.556212952046893,0.549087146609355,1101.48489392849,0.099253486987153,0.469342178478974,0.503926783439752,1589.32071232317,0.150394012242373,1,1,4
"FluSight-trained_med",2026-02-28,0.502581338763369,0.511062702186301,1296.75756739967,0.134743528635894,0.526317597586621,0.583884268976984,2328.3025,0.255673790531471,0.75,1,4
"FluSight-trained_med",2026-03-07,0.442689852790722,0.468592127130882,898.537812804444,0.146010522271384,0.299748135733464,0.405683650933893,1085.69375,0.207301688805962,0.75,1,4
"FluSight-trained_med",2026-03-14,0.451457641059382,0.489384479859533,962.340713851739,0.195326713677656,0.399311625211616,0.510683754337832,1489.69969165733,0.328428683401122,0.5,1,4
"FluSight-trained_med",2026-03-21,0.404769045418326,0.430314038698202,804.900680640539,0.206497374127037,0.350284911982492,0.462356483001574,1211.5447006566,0.341833784931075,0.25,1,4
"FluSight-trained_med",2026-03-28,0.376814748582866,0.370274442303178,611.598768578437,0.190661830079212,0.373256795152871,0.452903316478769,1031.3225,0.336741494838088,0.25,1,4
"FluSight-trained_med",2026-04-04,0.409407226645024,0.349858112152748,282.680106971709,0.164287074980037,0.666091025807663,0.818857357958967,426.033955456249,0.217815106236421,1,1,4
"FluSight-trained_med",2026-04-11,0.331295984263194,0.2834245240416,223.617422095743,0.146426791481845,0.418349814768802,0.541859387944454,259.886571721037,0.155193034173765,1,1,4
"FluSight-trained_med",2026-04-18,0.492685353362373,0.394754827011271,272.742551262859,0.228214742645966,2.88947561324118,3.44958218267672,475,0.329098059414925,0.5,1,4
"FluSight-trained_med",2026-04-25,0.419240608031593,0.331645113305837,228.94847510503,0.207302629733488,2.12143735766322,2.44749849192808,381.03,0.278170869491952,0.5,1,4
"FluSight-trained_med",2026-05-02,0.290442043727534,0.212577340512445,152.604301557961,0.134003470841989,1.3890468930629,1.56350937448034,242.106135099268,0.18782070684111,1,1,4
"FluSight-trained_med",2026-05-09,0.21584585774821,0.149945451165005,115.622456877205,0.0959379060718001,0.151229326787285,0.162407400131495,38.7957431726031,0.0306954603119005,1,1,4
"FluSight-trained_med",2026-05-16,0.200088184927553,0.139055383370023,101.649544499072,0.089806239276306,0.175339116986661,0.1873556935194,34.185645356376,0.0296297250894213,1,1,4
"FluSight-trained_med",2026-05-23,0.18443275264979,0.126705734712281,90.4590423417816,0.0905407460483603,0.421531782586238,0.427562729438313,65.09,0.0611672748565573,1,1,4
"Gatech-ensemble_stat",2025-11-22,0.722407268620684,0.973277990919479,1957.67702407706,0.867496107670782,0.838623299020096,0.729305830147583,3939.11837292279,0.775945594519923,0.25,1,4
"Gatech-ensemble_stat",2025-11-29,0.91330086624133,0.619060174654811,5172.53475073759,0.568916971820136,0.847979879890615,0.724840481569088,6925.10192944554,0.821193438348188,0.25,0.5,4
"Gatech-ensemble_stat",2025-12-06,0.927834044554053,0.739088193001036,10980.8264558165,0.756115428965597,0.906182605183176,0.799481066647214,13431.1905044154,1.00568757885749,0,0,4
"Gatech-ensemble_stat",2025-12-13,0.707863650973449,0.511488271895875,13003.9980109647,0.559422612779357,0.737926394487616,0.55812020335693,15831.5812967466,0.72874491326947,0,0.25,4
"Gatech-ensemble_stat",2025-12-20,0.190436321760062,0.127218741924486,3812.79816315021,0.125584505510593,0.250179389823948,0.161274876904954,5838.89747389388,0.192853505623534,0,0.5,4
"Gatech-ensemble_stat",2025-12-27,0.181254032053529,0.154041572271631,2150.46415054043,0.0666538262043541,0.250987447584487,0.211820511615889,3552.87504861133,0.112910874134652,0.5,0.75,4
"Gatech-ensemble_stat",2026-01-03,0.306189074768147,0.329200326899591,2307.88863974076,0.0924513305990384,0.332372537865439,0.387080034358377,3551.61316217373,0.151156860863453,0.25,1,4
"Gatech-ensemble_stat",2026-01-10,0.78462766858129,0.797102400112143,11979.6575094119,0.461512474345916,0.879336828537233,0.88984235380783,16676.703898589,0.612810506545052,0,0,4
"Gatech-ensemble_stat",2026-01-17,1.02692049014605,0.980517200583292,6967.16900440984,0.311891870406527,1.05710471489471,1.00361078968329,10730.9278925792,0.471830947590588,0.25,0.75,4
"Gatech-ensemble_stat",2026-01-24,1.38323445530092,1.31331677536306,1313.81083082542,0.0789940419906702,0.812380729178082,0.821314562905378,797.752336694803,0.0483058427771543,1,1,4
"Gatech-ensemble_stat",2026-01-31,2.12299089011233,2.23835181649214,3174.31883306354,0.26528959640087,2.59148501296112,2.9941673881692,5660.412625,0.443759749740321,0.25,1,4
"Gatech-ensemble_stat",2026-02-07,1.16376230254609,1.10533348944134,1560.39140731754,0.11473342528523,0.894716225850641,0.897277459105424,1653.91149183985,0.118181821419086,1,1,4
"Gatech-ensemble_stat",2026-02-14,0.996375536883102,0.949498948492731,1635.8280271,0.128496531322484,0.79262996810248,0.807513495108157,2042.71921802967,0.162850674986665,0.75,1,4
"Gatech-ensemble_stat",2026-02-21,0.937831853324018,0.852708658858062,1870.25856826865,0.155280155385515,0.866955977890401,0.869617393168332,2942.48132436252,0.260029798685454,0.75,1,4
"Gatech-ensemble_stat",2026-02-28,0.840320204117466,0.784677493691662,2175.41877519723,0.207204133074476,0.830693718797053,0.860808935631178,3682.0459022444,0.377266221483018,0.5,1,4
"Gatech-ensemble_stat",2026-03-07,0.949014310128744,0.817221018966106,1924.82572817167,0.253643616906881,0.900822281826966,0.916741538414142,3127.11704204819,0.446809992628801,0.5,1,4
"Gatech-ensemble_stat",2026-03-14,0.813654387367433,0.732836967451993,1737.61400170311,0.291505242348676,0.791632245945905,0.850143782861047,2927.37454813885,0.539654471965646,0.5,1,4
"Gatech-ensemble_stat",2026-03-21,0.82855332951471,0.717349907905111,1662.2469075612,0.346342943337978,0.828484020887442,0.880564246589705,2870.21616705019,0.651273590965054,0.25,1,4
"Gatech-ensemble_stat",2026-03-28,0.85058661213183,0.709140807749511,1395.67454937904,0.3683123568536,0.833671497006539,0.879075943593501,2329.28921299354,0.659336851866106,0.75,1,4
"Gatech-ensemble_stat",2026-04-04,0.972637762249759,0.671174602300326,683.27409709667,0.319301709501425,0.88253200658348,0.902014278876075,570.21599697673,0.241256938459645,1,1,4
"Gatech-ensemble_stat",2026-04-11,0.726071133105338,0.907602059869372,493.040077972738,0.476511210427538,0.709963639476748,1.01220096131841,443.50137241601,0.293055224093675,1,1,4
"Gatech-ensemble_stat",2026-04-18,0.827350451979551,0.969519510109561,463.056542834949,0.571136327538934,3.32011310307977,4.56101564318396,554.627579886128,0.444081311037874,1,1,4
"Gatech-ensemble_stat",2026-04-25,0.803469797075664,0.885408561015869,444.313467834814,0.562531560084907,2.51515191004023,3.26656446372062,458.535214714676,0.378524599099915,1,1,4
"Gatech-ensemble_stat",2026-05-02,0.766434715664189,1.17649004740591,408.518306004345,0.765172497640075,3.67796629989593,6.52154957255431,659.279746988432,0.818813146851679,1,1,4
"Gatech-ensemble_stat",2026-05-09,0.836095593946109,0.736306173627148,453.30753897666,0.479496438835296,0.233724282462844,0.240077561007191,59.2476798857726,0.0448028172419821,1,1,4
"Gatech-ensemble_stat",2026-05-16,0.826018899633166,0.749219237128142,429.586082674381,0.49675289182949,0.346190273692298,0.374345889484476,66.2116907162256,0.0579601137843417,1,1,4
"Gatech-ensemble_stat",2026-05-23,0.793944737211064,0.731363046493168,397.774122150676,0.535846870081559,0.385725381240804,0.395205117120141,59.6177410047408,0.0565259396538025,1,1,4
"JHU_CSSE-CSSE_Ensemble",2026-01-03,1.02038020068497,0.966878388126755,7857.64600387263,0.27670222352113,1.28612807363493,1.21743129417341,13865.8383637978,0.477743865710266,0,1,4
"LUcompUncertLab-chimera",2025-11-22,1.42256087789865,0.896297739611276,3826.72956521739,0.781358555127551,0.936968075188349,0.898804158315397,4352,0.943615005443616,0,0,4
"LUcompUncertLab-chimera",2025-12-06,1.02336812567421,0.822870280686729,11976.6922826087,0.829790848749572,0.868401242824633,0.744988175241513,12748,0.923656749700945,0,0,4
"LUcompUncertLab-chimera",2025-12-13,0.855564462176462,0.679258834691242,15535.2655434783,0.734329806323254,0.834292351382741,0.691654657190358,17818.25,0.898334843278055,0,0,4
"LUcompUncertLab-chimera",2025-12-20,0.838980965608041,0.753158956993323,16610.1381521739,0.739846965680083,0.876888004303116,0.788956565471264,20276,0.939961553011208,0,0,4
"LUcompUncertLab-chimera",2025-12-27,0.96891932955919,0.943291029440826,11255.5547826087,0.396840786994366,0.964686701369216,0.946182240145339,13371.5,0.490085772331387,0.25,0.5,4
"LUcompUncertLab-chimera",2026-01-03,2.40718689689392,1.99472728467032,18820.357173913,0.577077529755626,2.16063150213974,1.73723789137905,23574,0.686470701789053,0.25,0.25,4
"LUcompUncertLab-puca",2026-01-10,1.04113884616355,0.953121335731612,15563.8797826087,0.541682601659958,1.32835176187164,1.21188522807108,24644,0.819135283398555,0,0.5,4
"LUcompUncertLab-puca",2026-01-17,1.09128377045667,1.4361393438296,7085.89913043478,0.438606431436119,1.21225548639855,1.16282510032045,11876.5,0.531019998732824,1,1,4
"LUcompUncertLab-puca",2026-01-24,3.90400703493855,3.42071504476618,3650.46934782609,0.202550941360479,6.78347793426245,5.83096526179627,6622.5,0.341224560833153,0.75,1,4
"LUcompUncertLab-puca",2026-01-31,5.55347190510462,10.4073219444684,8433.99195652174,1.27654746768067,4.97883958356372,9.6658199061909,11010,1.47319195623823,0,0,4
"LUcompUncertLab-puca",2026-02-07,1.49186259940374,2.07477410157672,1967.2347826087,0.213190796855217,1.70322595717317,1.78932975428105,3117,0.232954013156596,0.75,1,4
"LUcompUncertLab-puca",2026-02-14,1.05236604889822,1.53202260522551,1689.68760869565,0.204412040154882,0.83992956361259,0.832397090160055,2094,0.161700436274376,0.75,1,4
"LUcompUncertLab-puca",2026-02-21,0.693487529652333,1.10685997716878,1363.60326086957,0.200350768647282,0.225347387246434,0.213928688949575,741.75,0.0618752444923931,1,1,4
"LUcompUncertLab-puca",2026-02-28,0.509977283124895,1.19369828155025,1302.31989130435,0.315176583191769,0.291196043399426,0.39452390891732,1277,0.171604853101984,1,1,4
"LUcompUncertLab-puca",2026-03-07,0.616961247396296,1.40076274375483,1227.31760869565,0.430092584852898,0.337664230283737,0.370482777598343,1137.5,0.174204085407679,1,1,4
"LUcompUncertLab-puca",2026-03-14,0.542031063830864,1.42447491979464,1122.22445652174,0.552349296481155,0.210258146731254,0.222458350584071,736.75,0.132851391120439,1,1,4
"LUcompUncertLab-puca",2026-03-21,0.249593608294968,0.337070665053462,489.1875,0.160656698707083,0.177510013094312,0.204592832081843,595.25,0.146726052544049,0.75,1,4
"LUcompUncertLab-puca",2026-03-28,0.311052560940972,0.680849544892965,504.82597826087,0.355619773346494,0.14051146632426,0.170266211711738,383.25,0.124860495549211,1,1,4
"LUcompUncertLab-puca",2026-04-04,0.554625254090329,0.524306576527344,382.472173913043,0.246536610137792,0.330802509091138,0.330341701382409,208.5,0.0861779036408588,1,1,4
"LUcompUncertLab-puca",2026-04-11,0.535111150279169,0.748355315604694,358.595217391304,0.386299314974248,0.350175437024474,0.472363116162641,223,0.139439266358264,1,1,4
"LUcompUncertLab-puca",2026-04-18,0.637743672687088,0.811245598483635,352.131304347826,0.468339299846617,1.5040640032876,1.73327470441396,251.25,0.168181438176649,1,1,4
"LUcompUncertLab-puca",2026-04-25,0.640881316248567,0.928992278611903,348.71347826087,0.57530692211145,1.89352027847195,2.15031268668811,338.25,0.242570539206496,1,1,4
"LUcompUncertLab-puca",2026-05-02,0.644369076088866,1.00113738014911,336.604347826087,0.625677800986691,1.8160541108161,2.06277948729157,313.75,0.245142527158269,1,1,4
"LUcompUncertLab-puca",2026-05-16,0.731732980468678,1.15372692639274,307.273260869565,0.558384709972732,1.15065277542008,1.30263845672184,159.5,0.13217303850409,1,1,2
"LosAlamos-DoSiDo",2025-11-22,0.703514774393605,0.577831752584188,1926.99793478261,0.523662687264006,0.639746536946467,0.481164657505064,3018.5,0.512310448878849,0,1,4
"LosAlamos-DoSiDo",2025-11-29,0.988881456576477,1.019964515897,5360.34282608696,0.90408399300844,0.959540509757951,0.923054810586257,7606.5,1.00586554035007,0,0.75,4
"LosAlamos-DoSiDo",2025-12-06,0.936568978578283,1.30532776231661,10947.3725,1.34131925461758,1.01961601138856,1.0482572626194,14937.75,1.30308744666415,0,0.5,4
"LosAlamos-DoSiDo",2025-12-13,0.816125659162792,1.18682233279831,14769.6283695652,1.30609607151863,0.94814154617281,0.886221634034314,20241.75,1.15361108719009,0,1,4
"LosAlamos-DoSiDo",2025-12-20,0.804196183048635,1.25439795056717,15937.4407608696,1.25759417133687,0.936885254109482,0.881778760544038,21707.75,1.05415699677266,0,0.5,4
"LosAlamos-DoSiDo",2025-12-27,0.990403452769079,2.3401248207291,11593.0340217391,1.01908224969239,1.05137308994579,1.07858982172118,14618.25,0.561313579581953,0.25,0.75,4
"LosAlamos-DoSiDo",2026-01-03,1.00032571989047,3.24209494757906,7558.23663043478,0.907123807357207,0.841303169415381,0.858319654702603,9086.75,0.338954396342794,0.75,1,4
"LosAlamos-DoSiDo",2026-01-10,0.898146590775342,1.84959085139385,13464.4176086957,1.04707581077876,1.543832333937,1.32265886678665,28836.75,0.897663882663344,1,1,4
"LosAlamos-DoSiDo",2026-01-17,2.18285203398732,3.61297236415534,14456.0630434783,1.11783263840333,3.22824803301192,2.24113975121197,32191.25,1.03289311897837,1,1,4
"LosAlamos-DoSiDo",2026-01-24,11.7613596560078,22.1081392766536,11252.5451086957,1.31416849488495,20.9090229266967,12.970477218208,21090.25,0.775925574811056,1,1,4
"LosAlamos-DoSiDo",2026-01-31,1.81906888351,3.39592435248855,2747.88782608696,0.409876739065916,1.01281065415111,1.02193068187321,2221,0.152157396431603,1,1,4
"LosAlamos-DoSiDo",2026-02-07,1.38636056471771,1.91811018451617,1841.59576086956,0.198733606123024,0.892878562741991,0.879933422204056,1632.5,0.114474373256081,1,1,4
"LosAlamos-DoSiDo",2026-02-14,0.997795732466068,1.4140627277123,1617.83445652174,0.190641996613271,0.683715329927147,0.681006472652895,1731.5,0.134785613938267,1,1,4
"LosAlamos-DoSiDo",2026-02-21,0.772610922257507,0.816610365382334,1546.13065217391,0.149654992951465,0.779383165831923,0.808474643075145,2668.75,0.243629818450625,0.5,1,4
"LosAlamos-DoSiDo",2026-02-28,0.929389235227202,0.943217800681341,2420.39293478261,0.250985579319706,0.875451720210344,0.90023509809011,3895,0.395777756457263,0,1,4
"LosAlamos-DoSiDo",2026-03-07,0.622540198493963,0.677503809530768,1281.92641304348,0.214580517563576,0.617520748046917,0.704227464252607,2190.5,0.350712496892348,0.5,1,4
"LosAlamos-DoSiDo",2026-03-14,0.529836458598768,0.604476369296001,1135.41847826087,0.242438987194404,0.525789340322984,0.632319671248577,1961.5,0.405807978826192,0.5,1,4
"LosAlamos-DoSiDo",2026-03-21,0.477993146304441,0.565632127087138,953.875108695652,0.272800680706126,0.485102169874471,0.598211197099321,1679.75,0.44266967417721,0.25,1,4
"LosAlamos-DoSiDo",2026-03-28,0.475143868202956,0.54173901191787,772.495869565218,0.280782164818811,0.498660415532514,0.584709831291427,1383,0.436197042028226,0.5,1,4
"LosAlamos-DoSiDo",2026-04-04,0.683757837585718,1.49508710140149,474.604239130435,0.713158528467079,1.05690421306505,1.55807237303344,684.5,0.421480026631179,1,1,4
"LosAlamos-DoSiDo",2026-04-11,0.597090422675515,1.16415494221034,403.275760869565,0.607085841838147,1.02260953651113,1.58695909948901,633.25,0.454792299964973,1,1,4
"LosAlamos-DoSiDo",2026-04-18,0.709059112713082,1.15765343868126,393.002391304348,0.67303291468915,4.10726804909043,5.4628826736154,676.25,0.523245521200497,1,1,4
"LosAlamos-DoSiDo",2026-04-25,0.563379051239591,0.739980176188016,307.29652173913,0.464048234997489,2.84237341969486,3.479759500228,511.25,0.396434358758833,0.75,1,4
"LosAlamos-DoSiDo",2026-05-02,0.32915324516307,0.360720042562162,173.15597826087,0.22969440369013,1.110986055357,1.19999678798628,191.75,0.142479859094177,1,1,4
"LosAlamos-DoSiDo",2026-05-09,0.161262379439267,0.10455064559505,87.3273913043478,0.0675679016794856,0.473656581195225,0.508287084295348,123.75,0.0976733541596171,0.75,1,4
"LosAlamos-DoSiDo",2026-05-16,0.14889647931184,0.0992274423048982,77.4169565217391,0.0655582467699563,0.546744264266049,0.573187470437158,111.25,0.0947106270644027,0.75,1,4
"LosAlamos-DoSiDo",2026-05-23,0.123556946917245,0.0802974679513579,61.3494565217391,0.0580759188328434,0.530672516744503,0.548677268182967,84.25,0.08091911870442,0.75,1,4
"LosAlamos-ThinMint",2025-11-22,1.64496364463669,1.15434379976529,4428.01173913043,1.00936150126724,1.08640075594152,1.18774722406944,5054,1.25322698213931,0,0,4
"LosAlamos-ThinMint",2025-11-29,1.08738253356598,0.807830114400854,5936.105,0.711214583563004,0.969579764735508,0.939673095654247,7690.25,1.02544900781465,0,0.25,4
"LosAlamos-ThinMint",2025-12-06,0.926864382476675,0.753511018446093,10904.4014130435,0.763715862641245,0.945351595390198,0.879042518816167,13874,1.09239304905797,0,0.25,4
"LosAlamos-ThinMint",2025-12-13,0.850673532610738,0.728312856214062,15555.1638043478,0.793867685800026,0.940365268239456,0.874068513654779,20104.75,1.14051301880035,0,0.25,4
"LosAlamos-ThinMint",2025-12-20,0.727850509359656,0.641484540552423,14560.3070652174,0.639322083276798,0.883189414582722,0.799810021418641,20561.25,0.963863669322915,0,0.5,4
"LosAlamos-ThinMint",2025-12-27,0.535872141178287,0.511794587360568,6275.33173913043,0.217814413158212,0.724876674101985,0.659045393562455,10079.5,0.343185993430806,0.25,1,4
"LosAlamos-ThinMint",2026-01-03,0.675146980468039,0.677722290518896,5192.90391304348,0.194114748216626,0.766446812603467,0.80284639064421,8296.75,0.317867320675864,0.25,1,4
"LosAlamos-ThinMint",2026-01-10,0.8681856404588,0.839270146385184,12892.3045652174,0.474122977211073,1.06853783513211,1.04704578800249,19734.25,0.705649933321099,0,0.25,4
"LosAlamos-ThinMint",2026-01-17,2.04099664226949,1.50259017831864,13144.7761956522,0.455961358242483,2.30128618922225,1.84358120207814,22292.5,0.834419108858039,0,1,4
"LosAlamos-ThinMint",2026-01-24,4.33699780562698,8.63843334308934,4069.62108695652,0.514777303885935,8.30246079885349,11.8432274234923,8133,0.695664981556919,0.5,1,4
"LosAlamos-ThinMint",2026-01-31,2.54090130981989,3.21620700281405,3827.82706521739,0.384672276363122,3.48590429807691,4.48659741984877,7653.25,0.66986729572454,0,1,4
"LosAlamos-ThinMint",2026-02-07,1.53467484240691,1.59408878905389,2028.23380434783,0.163048207136303,1.7304418877448,1.8174581421945,3165,0.236466216603075,1,1,4
"LosAlamos-ThinMint",2026-02-14,1.07203251058813,0.971536450356915,1735.80565217391,0.129442535840373,0.710128079336814,0.710477322726343,1797,0.140485136060559,1,1,4
"LosAlamos-ThinMint",2026-02-21,0.898456653216579,0.788409302529699,1777.08989130435,0.141952158025201,0.636731166780933,0.674669319490617,2178.25,0.203278534172143,1,1,4
"LosAlamos-ThinMint",2026-02-28,0.684592027087747,0.633044671828452,1764.61630434783,0.166444076397979,0.546774560018114,0.610778531205305,2437,0.269381240713292,0.75,1,4
"LosAlamos-ThinMint",2026-03-07,0.647101665479739,0.621050839828583,1303.4572826087,0.191230599741644,0.367190524832626,0.469517713266126,1305.5,0.235758391759594,0.75,1,4
"LosAlamos-ThinMint",2026-03-14,0.541277473637124,0.547826942482742,1135.69130434783,0.214158882711995,0.339430172661507,0.451216625290017,1285.75,0.295393943191566,0.5,1,4
"LosAlamos-ThinMint",2026-03-21,0.40892918838882,0.469607553054595,808.857282608696,0.224523255138245,0.301073185988864,0.390057381597753,1028,0.285297014327677,1,1,4
"LosAlamos-ThinMint",2026-03-28,0.417506812847014,0.448123292000631,678.065869565217,0.231564722556648,0.334195570221177,0.408790941451117,921.75,0.303463111411718,1,1,4
"LosAlamos-ThinMint",2026-04-04,1.22774107662287,3.67305032452821,847.810108695652,1.73737473088771,2.90307227055423,16.2730323836115,1857,4.49094969455629,0,1,4
"LosAlamos-ThinMint",2026-04-11,0.844870466116451,1.80658348438078,566.368260869565,0.932835678987425,1.91286937683052,3.48491956925056,1166.75,0.982571277650945,0.75,1,4
"LosAlamos-ThinMint",2026-04-18,0.673407063160165,0.687921796616433,373.401956521739,0.400596929776636,1.57311613218476,1.85618166398802,264,0.181120518750737,1,1,4
"LosAlamos-ThinMint",2026-04-25,0.788576597461209,1.3470308913137,430.31097826087,0.84331042025421,4.53794349528976,6.78646249482316,818.25,0.777733251628987,1,1,4
"LosAlamos-ThinMint",2026-05-02,0.626284014055367,0.553644280250667,329.306086956522,0.353037978497378,0.498500140143314,0.560387992460058,90.25,0.0704804324625656,1,1,4
"LosAlamos-ThinMint",2026-05-09,0.524586150631538,0.517869740522879,280.854673913043,0.332521956030111,0.624293941846694,0.701105771891687,158,0.130494736512263,1,1,4
"LosAlamos-ThinMint",2026-05-16,0.554693614333828,0.426568859210797,282.522282608696,0.277000397062877,0.551876718390917,0.564271005273052,108,0.0895857429633058,1,1,4
"LosAlamos-ThinMint",2026-05-23,0.621769074092223,0.41031216993646,308.029673913043,0.295043492466791,1.31833729355802,1.24025714426387,206.5,0.180080405091755,1,1,4
"LosAlamos_NAU-CModel_Flu",2025-11-22,2.06426573979533,1.81279357387057,5536.44454673913,1.58317231749929,1.23855418297278,1.64681950912524,5737,1.73151127519152,0,0,4
"LosAlamos_NAU-CModel_Flu",2025-11-29,1.40269467277601,1.24696029595262,7574.6180201087,1.0888039058895,1.1179139927986,1.29376503350741,8811.375,1.40439814456933,0,0,4
"LosAlamos_NAU-CModel_Flu",2025-12-06,1.14193010045568,1.01575854620531,13380.8141934783,1.02925948476791,0.98509130980052,0.964137410089073,14453.375,1.19944719273045,0,0,4
"LosAlamos_NAU-CModel_Flu",2025-12-13,1.13216904930546,1.10971398961812,20498.9850195652,1.19993335796304,1.0078109605612,1.01847559730229,21464.5,1.32301700735178,0,0,4
"LosAlamos_NAU-CModel_Flu",2025-12-20,1.15830082341431,1.20645586624908,23017.1807119565,1.19151331010952,1.04350213612472,1.09293074854624,24180.25,1.30735736698965,0,0,4
"LosAlamos_NAU-CModel_Flu",2025-12-27,1.38535312827949,1.56053370958458,16184.8452755435,0.6613484974259,1.28483334784885,1.46530952523339,17892.5,0.764041208961811,0,0.25,4
"LosAlamos_NAU-CModel_Flu",2026-01-03,0.830007318066573,0.759062626144306,6062.71217119565,0.20435853760228,0.719405822954469,0.702308858254558,7389.625,0.260862245889513,0.5,0.5,4
"LosAlamos_NAU-CModel_Flu",2026-01-10,0.10954842362682,0.132548252070573,1608.99477934783,0.0739524700657822,0.146533344866508,0.185149597760187,2675.375,0.123135185193747,0.5,1,4
"LosAlamos_NAU-CModel_Flu",2026-01-17,0.315370971927154,0.487389740842124,2155.67365923913,0.158693650628815,0.312917335237487,0.496800115958345,3227,0.241492682681934,0.5,0.75,4
"LosAlamos_NAU-CModel_Flu",2026-01-24,5.40638815876278,7.13833533783718,5204.96166358696,0.438039062959352,6.91193674669277,9.89583132973932,6885.375,0.594685115449202,0,0.5,4
"LosAlamos_NAU-CModel_Flu",2026-01-31,2.45229211262664,2.50715698292791,3799.86299293478,0.308834235871762,2.28940522648686,2.78087728967173,5130.875,0.425505231821778,0.25,0.5,4
"LosAlamos_NAU-CModel_Flu",2026-02-07,2.22745219343141,2.39382244238336,2970.55392989131,0.248116661631324,2.29050876299885,2.71115277667774,4250.75,0.359613576776038,0,0.25,4
"LosAlamos_NAU-CModel_Flu",2026-02-14,1.59974531793175,1.75083658858211,2565.33798532609,0.232296626688325,1.49160137165545,1.75042219068786,3769.75,0.34639564211034,0,0,4
"LosAlamos_NAU-CModel_Flu",2026-02-21,0.887301570270186,1.02218469522429,1735.03685271739,0.182882733227691,0.820879888786662,0.992283054955118,2737.125,0.291672474350746,0,0.75,4
"LosAlamos_NAU-CModel_Flu",2026-02-28,0.276265546522587,0.347646030123748,702.855096195652,0.0904031218924629,0.301762231733862,0.387354119851524,1313.375,0.166789477006321,0,1,4
"LosAlamos_NAU-CModel_Flu",2026-03-07,0.300614058879831,0.323745614732832,595.569295108696,0.0981296130608284,0.328724356975493,0.381645361867445,1110.875,0.180573895626226,0,1,4
"LosAlamos_NAU-CModel_Flu",2026-03-14,0.32128721403267,0.39517346417758,688.621400543478,0.159472029214204,0.273222428724454,0.36406239338102,1009.25,0.232625688142182,0.5,0.5,4
"LosAlamos_NAU-CModel_Flu",2026-03-21,0.188455242621069,0.214614733062042,369.142932065217,0.10145938789979,0.196347713654205,0.253704697409586,664.75,0.183892236414524,0,1,4
"LosAlamos_NAU-CModel_Flu",2026-03-28,0.185759833452817,0.190051186575319,298.548446195652,0.0968540407428519,0.19297655919499,0.23781582379309,529.25,0.175323417225155,0.25,1,4
"LosAlamos_NAU-CModel_Flu",2026-04-04,0.217015573054913,0.136200067596742,148.432992391304,0.0632462406724577,0.398178670752013,0.411605326236196,251.5,0.107897525621917,0.75,1,4
"LosAlamos_NAU-CModel_Flu",2026-04-11,0.214533417760759,0.158123451042296,144.920434782609,0.0818837676928658,0.381709003165014,0.471693131336096,236.5,0.135344329424477,0.5,1,4
"LosAlamos_NAU-CModel_Flu",2026-04-18,0.210786768060539,0.127674137263194,117.017826086957,0.0739493306745422,1.21353332728592,1.31841751971635,201,0.127023630475694,0.5,1,4
"LosAlamos_NAU-CModel_Flu",2026-04-25,0.281377341988116,0.185258167186933,154.894782608696,0.116208281069604,1.52193156832882,1.76296446522079,276.25,0.202929166636958,0.25,1,4
"LosAlamos_NAU-CModel_Flu",2026-05-02,0.32500918837528,0.229474387028411,173.318913043478,0.146773505522279,1.67551253955127,2.01001592685521,295.75,0.245318518443651,0.25,1,4
"LosAlamos_NAU-CModel_Flu",2026-05-09,0.26042987168691,0.202717042880245,140.850543478261,0.131225684107218,0.921362921876201,1.1390035099753,237,0.21616788328171,0.25,1,4
"LosAlamos_NAU-CModel_Flu",2026-05-16,0.285923070576174,0.230967699699276,146.743369565217,0.151289981101441,1.2336717573053,1.52737203880928,239.25,0.241365944966187,0.25,1,4
"LosAlamos_NAU-CModel_Flu",2026-05-23,0.319531347573472,0.2500824227815,158.020543478261,0.180779626027735,1.63978305412475,1.96854715193094,256.5,0.286392818531332,0,1,4
"MDPredict-SIRS",2025-11-22,0.573177011914549,0.535753216319083,1545.38826086957,0.465245348278832,0.501687704683007,0.346893002291114,2373.25,0.369797218651035,0.75,1,4
"MDPredict-SIRS",2025-11-29,0.383404722198406,0.231574454937758,2069.3277173913,0.20143678619482,0.330164436509152,0.185186059629371,2699.5,0.20558961148138,1,1,4
"MDPredict-SIRS",2025-12-06,0.540050240532876,0.380513318649595,6429.0977173913,0.387749231646928,0.680346295397195,0.475815470025981,10152.75,0.598086640311884,0.5,0.75,4
"MDPredict-SIRS",2025-12-13,0.572588002378058,0.37190872060251,10325.325,0.39489360022531,0.306119830984479,0.151484965367525,6609.25,0.194799041289348,1,1,4
"MDPredict-SIRS",2025-12-20,0.52584188522438,0.320224990712196,10620.285,0.315899571117737,0.540744071290781,0.343655963681087,12523.5,0.408144976889953,1,1,4
"MDPredict-SIRS",2025-12-27,1.29819093602259,0.959945999339483,16604.7647826087,0.443268766417416,1.32626295244512,0.912516001293019,20157.5,0.51478338741304,0.25,0.25,4
"MDPredict-SIRS",2026-01-03,2.78456918990604,2.24036257848011,21260.0030434783,0.634580631315054,2.33257884263998,1.83540277658823,24963,0.714188325242796,0,0.25,4
"MDPredict-SIRS",2026-01-10,0.172405761840613,0.198544358966356,2571.26032608696,0.114481998152254,0.114759656565854,0.204667161444332,2207.5,0.146468868795332,0.25,1,4
"MDPredict-SIRS",2026-01-17,0.535689214849492,0.863793756593153,3607.38739130435,0.276144613573074,0.483928331886649,0.804773290197445,4859.75,0.379784127882857,0.25,0.5,4
"MDPredict-SIRS",2026-01-24,8.20566973107412,14.084094148967,7792.50793478261,0.856310895845087,10.8363179778576,20.6586011174817,10722.75,1.2382379285634,0,1,4
"MDPredict-SIRS",2026-01-31,3.08016277060379,4.16164251631243,4672.11728260869,0.502770080119524,4.59547560047682,7.35652375848542,10135.5,1.10936310049587,0.25,1,4
"MDPredict-SIRS",2026-02-07,2.99371144709011,4.02037094560665,3966.46543478261,0.415528158859214,4.53965230868529,7.05136370845032,8410.75,0.937454013395369,0.5,1,4
"MIGHTE-Joint",2025-12-20,0.363622906900372,0.284667538922586,7161.0065557965,0.278474380761017,0.492207717016737,0.356956158190326,11288.782652522,0.421584643993048,0.25,1,4
"MIGHTE-Joint",2025-12-27,0.488604056064606,0.430547133563655,5805.69988005317,0.185321626796182,0.645560397804274,0.566083536877964,9073.59315737574,0.29830868970859,0.75,1,4
"MIGHTE-Joint",2026-01-03,1.28269489612314,1.06428078972363,9990.79686720558,0.307300378896997,1.2528864042666,1.17738219491048,13955.0851953273,0.47551043286942,0.5,1,4
"MIGHTE-Joint",2026-01-10,0.88369934684451,0.819273012322428,13258.8788737649,0.46731822935021,1.06203847740465,1.03767219849321,19814.15484642,0.704747184187501,0,0.5,4
"MIGHTE-Joint",2026-01-17,1.52821555672743,1.28699732299187,10074.2143265737,0.399142527253353,1.56049499239656,1.38231506634181,15470.5093457105,0.636909345757235,0,0.75,4
"MIGHTE-Joint",2026-01-24,2.25743736224877,1.85932863361996,2121.03741651907,0.11072671100746,2.41059560335346,2.2776620957543,2361.42175576226,0.133767030444716,1,1,4
"MIGHTE-Joint",2026-01-31,2.10617523323664,2.41192721631026,3203.04386232399,0.29158337306451,2.92919057546345,3.72825666195803,6514.46423544756,0.566390132743205,0.25,1,4
"MIGHTE-Joint",2026-02-07,1.24014958892011,1.1340277649482,1645.50099007255,0.116146440590251,0.836440621688894,0.827665075601173,1518.95282123849,0.106896802985643,1,1,4
"MIGHTE-Joint",2026-02-14,0.964654982915849,0.927568721107028,1560.03751120972,0.123557720798058,0.551897890574442,0.540729411709493,1379.76987978679,0.105373633967181,1,1,4
"MIGHTE-Joint",2026-02-21,0.805663613082878,1.18270657589724,1601.17614249066,0.217256735901222,0.406289373524205,0.56787364700853,1401.01258143361,0.174903217771325,1,1,4
"MIGHTE-Joint",2026-02-28,0.707033113528844,0.672573609051836,1827.00221916605,0.177523354387045,0.685168875953399,0.734784416685115,3033.8210037274,0.321873208076994,0.75,1,4
"MIGHTE-Joint",2026-03-07,0.824877129375266,0.75324754748004,1682.41227492573,0.235362707345503,0.711614913836466,0.781792799903413,2516.78580948671,0.387853897818256,0.75,1,4
"MIGHTE-Joint",2026-03-14,0.864748458841898,0.787181302734337,1837.09041271268,0.312238302218915,0.831504511132592,0.878199905502399,3053.33885831192,0.553707263471723,0.5,1,4
"MIGHTE-Joint",2026-03-21,0.598242135202091,0.570485389512696,1195.19347125619,0.274796056417078,0.562162243374576,0.667281797785865,1945.4890037983,0.49355635958354,0.25,1,4
"MIGHTE-Joint",2026-03-28,0.62784548776209,0.56992803769299,1022.6539578263,0.29469444579388,0.618963869347302,0.696060253079752,1716.82186394663,0.519174308274806,0,1,4
"MIGHTE-Joint",2026-04-04,0.467765510720711,0.451971715924077,322.051824057613,0.211593125666093,0.670802237148114,0.789877302964125,425.936767139416,0.208085287351756,1,1,4
"MIGHTE-Joint",2026-04-11,0.543081545310116,0.520161649661089,368.445322153447,0.268178737443225,0.373839767404792,0.475793906901375,228.307996522101,0.133302200533902,1,1,4
"MIGHTE-Joint",2026-04-18,0.656822183460278,0.547205502303279,366.11008559702,0.317160611217989,2.73722031668001,3.15318505776796,447.068877668306,0.298346027908058,1,1,4
"MIGHTE-Joint",2026-04-25,0.637968669786237,0.531219667072458,351.476874706972,0.33215262335802,2.5979727314016,3.32269231142684,468.851314372001,0.380726791789738,1,1,4
"MIGHTE-Joint",2026-05-02,0.539560143552714,0.438368088964719,286.148840270368,0.275805683503134,2.01298559633196,2.47127203745535,355.021014823753,0.301750415935274,1,1,4
"MIGHTE-Joint",2026-05-09,0.46923065710887,0.35655726021662,252.634135205599,0.227353612369429,0.345211650248189,0.445366718976539,91.1612417447947,0.0873074161697387,1,1,4
"MIGHTE-Joint",2026-05-16,0.507880418351356,0.337879204117281,262.129067371351,0.217108352328725,0.399685704367945,0.431364304727031,75.6012907883012,0.066126852032466,1,1,4
"MIGHTE-Joint",2026-05-23,0.438660554315638,0.298278435800681,217.764229657504,0.213593805487519,0.955410817758147,1.06110702252863,148.410207305398,0.1529902900201,1,1,4
"MIGHTE-Nsemble",2025-11-22,1.43581182435263,0.935505105543987,3899.4928235213,0.823831778263708,1.00121699120418,1.00447711085679,4669.6688558993,1.06172600434423,0,0.25,4
"MIGHTE-Nsemble",2025-11-29,1.10385086848208,0.845859754531661,5981.80375292977,0.739802985442775,0.964020444678862,0.931592691637978,7632.51508048771,1.01395119412768,0,0,4
"MIGHTE-Nsemble",2025-12-06,0.383159271328945,0.255133693199525,4581.63307709289,0.262264681616935,0.554963794260344,0.333581659685579,8530.15908751482,0.431684278227947,0.5,1,4
"MIGHTE-Nsemble",2025-12-13,0.288410707576306,0.204974003677268,5242.24240373699,0.221468839075697,0.456934802983706,0.270819813683612,9915.12511603266,0.357253926055647,0.25,1,4
"MIGHTE-Nsemble",2025-12-20,0.311179371860851,0.241454302057032,6111.71758947336,0.23545056238877,0.413039705821547,0.294776002013719,9427.86824897664,0.346318688674898,0.25,1,4
"MIGHTE-Nsemble",2025-12-27,0.461413481323516,0.398675060930971,5498.11786726615,0.172111491385321,0.594513313890985,0.517479182366127,8354.27100512955,0.272941652577936,0.75,1,4
"MIGHTE-Nsemble",2026-01-03,1.62192241650842,1.25412698672059,12579.9114775178,0.360281885475611,1.6965154287272,1.46684847433232,18658.4962918764,0.584710002545215,0.5,0.75,4
"MIGHTE-Nsemble",2026-01-10,1.39534345241757,1.10777187879933,20898.7374798186,0.629508083395311,1.71915399710799,1.42955090070962,31821.4858352477,0.964089683766993,0,0.5,4
"MIGHTE-Nsemble",2026-01-17,1.91290036334417,1.53097948604089,12527.2266085221,0.471704613703031,2.03183734769195,1.68644207191547,19981.9789512905,0.771721552222834,0,0.75,4
"MIGHTE-Nsemble",2026-01-24,2.42033339932387,1.99719734168241,2254.81568175766,0.118077846018082,2.39669040983214,2.24784528655569,2305.93587609652,0.129711223652116,1,1,4
"MIGHTE-Nsemble",2026-01-31,3.21444835780019,3.90307751164405,4871.43801639734,0.469981848090739,4.04961659302067,5.76572240270209,8921.38427824815,0.866546284400948,0,1,4
"MIGHTE-Nsemble",2026-02-07,1.4065916784105,1.31469991681219,1851.99883491836,0.133529763425011,1.1449843043933,1.15752251917927,2064.22215568359,0.148225852251364,1,1,4
"MIGHTE-Nsemble",2026-02-14,1.04823335491527,1.0407143596066,1681.13000967782,0.137365028997541,0.727472676336552,0.743837130293515,1806.29096912177,0.143609400907824,0.75,1,4
"MIGHTE-Nsemble",2026-02-21,1.07983096485549,1.89441836911486,2141.31034472798,0.34845558243316,1.32030713590519,2.43302860706688,4491.80603468708,0.741971014747275,0.75,1,4
"MIGHTE-Nsemble",2026-02-28,0.657704642368964,0.631734802399382,1695.11203603839,0.166437002219491,0.611455861130901,0.668533802031744,2711.40146971476,0.293324267227247,0.5,1,4
"MIGHTE-Nsemble",2026-03-07,0.845692481182491,0.788692918525024,1723.53069175694,0.246342146378379,0.757346446415842,0.820369147303564,2664.15810267761,0.40450962599375,0.5,1,4
"MIGHTE-Nsemble",2026-03-14,0.861646463780437,0.808506779625462,1834.12337973464,0.321570775318571,0.765327285504695,0.829502491020078,2835.79863191786,0.527501649084757,0.25,1,4
"MIGHTE-Nsemble",2026-03-21,0.56309517929338,0.555841572493382,1120.55275463785,0.266968481038675,0.502874011375092,0.617113587489608,1743.28465362015,0.457033823927247,0.25,1,4
"MIGHTE-Nsemble",2026-03-28,0.498031680346339,0.479269480871212,811.012504683595,0.248013269946569,0.50794967915138,0.599665705501568,1412.38332775421,0.448381582020569,0,1,4
"MIGHTE-Nsemble",2026-04-04,0.467765510720711,0.451971715924077,322.051824057613,0.211593125666093,0.670802237148114,0.789877302964125,425.936767139416,0.208085287351756,1,1,4
"MIGHTE-Nsemble",2026-04-11,0.361919280372557,0.348720982060392,244.190138149879,0.181386077804447,0.442788794042971,0.593752554055425,277.479197724049,0.171483922727367,1,1,4
"MIGHTE-Nsemble",2026-04-18,0.525098808074225,0.452541916616668,290.662886750043,0.261851588101111,3.21906737985922,3.90234045558121,528.875729669586,0.372264975708497,1,1,4
"MIGHTE-Nsemble",2026-04-25,0.512748550680109,0.441268077571165,283.135993833135,0.28046899095892,2.60256798557896,3.66125084061405,475.775448699107,0.427799305038514,0.75,1,4
"MIGHTE-Nsemble",2026-05-02,0.382632662658687,0.294005825675773,204.152744040425,0.189670683946057,1.81145724140066,2.37445772539054,327.858276883364,0.299411793533935,0.5,1,4
"MIGHTE-Nsemble",2026-05-09,0.296991078953779,0.214338708590022,158.354152213155,0.137493931072012,0.641936853510281,0.821982517950507,167.527968430954,0.159139559859616,1,1,4
"MIGHTE-Nsemble",2026-05-16,0.287785438493778,0.197316927291012,144.732152816198,0.127241733776094,0.66887979291135,0.795728042512542,133.534711364655,0.130051312706303,1,1,4
"MIGHTE-Nsemble",2026-05-23,0.260159962829674,0.192581521033966,127.367666169529,0.138052855543355,1.07047439052059,1.26642535296076,169.863717347376,0.187362642445119,1,1,4
"MOBS-EpyStrain_Flu",2025-11-29,0.435476755607784,0.238729214850972,2403.7427173913,0.210845838197862,0.51012592382366,0.339217910224035,4100.5,0.371835078232301,0,1,4
"MOBS-EpyStrain_Flu",2025-12-06,0.480452666789453,0.2802154682154,5797.03652173913,0.289051117643778,0.569437846288817,0.363079669149823,8527.75,0.456896840737943,0,0.5,4
"MOBS-EpyStrain_Flu",2025-12-13,0.403845186848512,0.253768406825664,7372.90891304348,0.275465776781262,0.5048183617118,0.321859509455358,10841.75,0.419474173424291,0.25,0.25,4
"MOBS-EpyStrain_Flu",2025-12-20,0.332943603754359,0.22611356652225,6536.40923913043,0.220184684898533,0.430057855169479,0.283656950400476,9897.75,0.335791067144118,0,0.5,4
"MOBS-EpyStrain_Flu",2025-12-27,1.12906614854051,0.858923253998796,14381.8,0.396394843500339,1.26505771447987,0.889027894638346,19041,0.498411284999285,0.25,0.5,4
"MOBS-EpyStrain_Flu",2026-01-03,4.29839506495023,2.94328603440873,32731.5272826087,0.830276691518249,3.87218654385019,2.53725756565969,41352.25,0.983069943106533,0,0,4
"MOBS-EpyStrain_Flu",2026-01-10,1.3899548050158,1.24793209336267,20477.4725,0.700063299188289,1.38415951520194,1.2374050224167,25387,0.82910592497606,0,0,4
"MOBS-EpyStrain_Flu",2026-01-24,8.56763019399077,15.339880456067,8239.0472826087,0.946847978834729,10.1749768911798,20.3350120886136,10128.5,1.2308345354664,0,0.25,4
"MOBS-EpyStrain_Flu",2026-01-31,3.12604506144576,3.83797115560866,4818.33141304348,0.47185959553623,3.32004660698709,4.78427116420397,7420,0.733655071325991,0.25,0.75,4
"MOBS-EpyStrain_Flu",2026-02-07,3.55258640531373,4.68110743890067,4752.99902173913,0.489135955704501,3.77602304945218,5.457139882357,7013.75,0.72805951198382,0,0.5,4
"MOBS-EpyStrain_Flu",2026-02-14,2.16064086264815,2.99497980618442,3519.34782608696,0.406999995020712,2.14229456037373,3.10485642891717,5466.25,0.625349297453937,0,0.5,4
"MOBS-EpyStrain_Flu",2026-02-21,1.41238717017611,2.06381186986122,2802.71380434783,0.37710097274581,1.28769923307086,1.94268635498631,4334,0.580063333144236,0,0.5,4
"MOBS-EpyStrain_Flu",2026-02-28,0.954382488024362,1.56638196180085,2450.97684782609,0.413419931566495,0.84989746895464,1.45551013607071,3725,0.63481314334283,0,0.25,4
"MOBS-EpyStrain_Flu",2026-03-07,1.12368773455659,1.50629740996239,2226.97260869565,0.457662415321235,0.963154937058749,1.48178946571443,3258.75,0.703954678225208,0,0.25,4
"MOBS-EpyStrain_Flu",2026-03-14,0.780668668824636,1.15273902924744,1600.88706521739,0.442251686221209,0.707104473544276,1.20572992577717,2503.25,0.735396152784523,0,0.5,4
"MOBS-EpyStrain_Flu",2026-03-21,0.511238134552189,0.868137302675141,1004.93130434783,0.416287184596272,0.530481694977213,1.03302342249147,1803,0.75932713431608,0,1,4
"MOBS-EpyStrain_Flu",2026-03-28,0.157376974434322,0.228704007820675,255.702282608696,0.118304534425911,0.142009494142141,0.249558879646855,397,0.188194769783285,0.75,1,4
"MOBS-EpyStrain_Flu",2026-04-04,0.387214388618984,0.317199162357339,267.977065217391,0.149256997728981,0.784385638685012,1.00544765813522,503.25,0.26853354781144,0.75,1,4
"MOBS-EpyStrain_Flu",2026-04-11,0.424259663910301,0.364384483626263,285.780217391304,0.187323608020128,0.873948053840805,1.18976781091757,534.25,0.334963189058229,0.25,1,4
"MOBS-EpyStrain_Flu",2026-04-18,0.512095409515849,0.356868350840936,282.120326086956,0.204293842630794,3.3058934308972,3.95134007788724,540.5,0.374314707609669,0,1,4
"MOBS-EpyStrain_Flu",2026-04-25,0.461296883231386,0.319098462690054,249.760217391304,0.196197607861533,2.72693124994216,3.21976717904036,487.5,0.36365887009589,0.25,1,4
"MOBS-EpyStrain_Flu",2026-05-02,0.472986110518819,0.355075089386772,229.152753623188,0.191549982706322,2.81100256256582,3.44749717088258,437.333333333333,0.345589654547051,0.333333333333333,1,3
"MOBS-EpyStrain_Flu",2026-05-09,0.295425789231975,0.225874069830999,156.133586956522,0.142174457453236,1.04202619412813,1.20354544838949,261.25,0.221428251349739,0.75,1,4
"MOBS-EpyStrain_Flu",2026-05-16,0.277145782887254,0.218166644495058,138.201739130435,0.137869844479947,1.24528487080188,1.43145956392373,233.5,0.217048850660492,1,1,4
"MOBS-EpyStrain_Flu",2026-05-23,0.230839494812308,0.162485971032154,112.022391304348,0.114557669734242,0.858516445809605,0.882205418927117,130.25,0.123564995077342,1,1,4
"MOBS-GLEAM_RL_FLUH",2025-11-22,0.770722103640278,0.441126846804211,2073.18586825403,0.384110511290778,0.73784485470178,0.613566867080452,3434.26829195023,0.644417514366781,0,1,4
"MOBS-GLEAM_RL_FLUH",2025-11-29,0.386320919490885,0.225877508106469,2112.19390543442,0.197839041247976,0.49668985227562,0.33526720218631,3967.27913030982,0.365094312609463,0,1,4
"MOBS-GLEAM_RL_FLUH",2025-12-06,0.429466501564411,0.249046345196486,5198.17112247024,0.257446386864782,0.550295830952899,0.339211135146295,8310.82638823986,0.429799206867574,0.25,1,4
"MOBS-GLEAM_RL_FLUH",2025-12-13,0.387809602499533,0.241410319601418,7324.83779959498,0.270875647047175,0.527474904106888,0.326559050509104,11677.6173861027,0.44018091253013,0.25,1,4
"MOBS-GLEAM_RL_FLUH",2025-12-20,0.517442964762104,0.400196394786735,10311.7361660012,0.39670257738195,0.684905420549962,0.529025100779839,15923.8239868879,0.635229411364717,0,0.5,4
"MOBS-GLEAM_RL_FLUH",2025-12-27,0.495435098173233,0.459852650421517,5785.07330617651,0.194832409699671,0.708864953595902,0.633614766559061,9834.95846581459,0.328939811328452,0.5,1,4
"MOBS-GLEAM_RL_FLUH",2026-01-03,0.939990991862312,0.879503482604885,7194.13190729473,0.250420257211735,1.0872719776678,1.06123703280505,11692.8658847809,0.415925559711924,0.25,1,4
"MOBS-GLEAM_RL_FLUH",2026-01-10,0.591946052098777,0.586832902219711,8688.02812404104,0.327846083235554,0.775728244271733,0.805964432036617,14181.9971837997,0.538479417633277,0,0.75,4
"MOBS-GLEAM_RL_FLUH",2026-01-17,0.367943162613902,0.394847014766433,2359.9411745174,0.119897477638426,0.345469770369172,0.384621284062613,3295.1577091217,0.171265946894574,1,1,4
"MOBS-GLEAM_RL_FLUH",2026-01-24,3.15128342170694,3.96367545220547,3029.34813884909,0.242611494000329,5.08735268443753,6.67081089210906,5100.27372312546,0.40309235666078,0.25,1,4
"MOBS-GLEAM_RL_FLUH",2026-01-31,2.95625185271612,3.25720063612465,4545.9680550415,0.39835930017176,3.02217301892488,3.95083734626741,6723.38329935074,0.600619825585786,0,0.5,4
"MOBS-GLEAM_RL_FLUH",2026-02-07,3.96750320114681,5.06848423547926,5292.62123668765,0.527174727090391,3.8805919998198,5.55234956769544,7199.38010382652,0.738789342519581,0,0.25,4
"MOBS-GLEAM_RL_FLUH",2026-02-14,2.53774302900484,3.28858578566185,4096.76016194959,0.440829488114234,2.34020923004151,3.26870809315926,5941.95068702102,0.652226986965885,0,0.25,4
"MOBS-GLEAM_RL_FLUH",2026-02-21,1.57722561901679,2.20130841128615,3105.81641538139,0.398036445771645,1.39091788254432,2.04757961739699,4662.15953844786,0.607297321502864,0,0.25,4
"MOBS-GLEAM_RL_FLUH",2026-02-28,0.163907175707792,0.193783157434449,416.088925744941,0.0502253854324423,0.123669376456902,0.134428685274684,530.796621531249,0.0567914080189729,1,1,4
"MOBS-GLEAM_RL_FLUH",2026-03-07,0.275476248214113,0.307895815168619,548.036799247627,0.0939519275616748,0.289724374285802,0.346806314916901,980.895887315273,0.164813348226257,0.25,1,4
"MOBS-GLEAM_RL_FLUH",2026-03-14,0.219291022439352,0.2668852971181,464.001397569477,0.105878172305408,0.202269377658959,0.274226784163738,741.932628214359,0.17413608429633,0.5,1,4
"MOBS-GLEAM_RL_FLUH",2026-03-21,0.216973279474218,0.247673177197638,425.996680603798,0.11730681023539,0.216549035408647,0.286443352611556,735.763229608536,0.208322721692036,0.25,1,4
"MOBS-GLEAM_RL_FLUH",2026-03-28,0.214631743721571,0.215195921487443,344.587056021618,0.109537184509343,0.218606082270605,0.264711581541568,598.792902767658,0.194900264722808,0.25,1,4
"MOBS-GLEAM_RL_FLUH",2026-04-04,0.231055416050056,0.173226293830482,159.705099131423,0.0813633372169332,0.435563463345299,0.518574428675429,279.166729152203,0.138280642388013,0.75,1,4
"MOBS-GLEAM_RL_FLUH",2026-04-11,0.172597362144322,0.127692880116752,116.133634860315,0.0656146934880849,0.20529799390999,0.261225201794972,130.636770933867,0.076547443239902,1,1,4
"MOBS-GLEAM_RL_FLUH",2026-04-18,0.22774834997377,0.140627787604071,125.497560218676,0.0805378815932997,1.23965323359171,1.33386732443665,203.256086006761,0.126703055289681,0.75,1,4
"MOBS-GLEAM_RL_FLUH",2026-04-25,0.221696188349697,0.135330158998035,120.001295096054,0.0831557001026886,1.09605416620813,1.13525989583714,194.99099830538,0.127495866507184,1,1,4
"MOBS-GLEAM_RL_FLUH",2026-05-02,0.17875433873413,0.110717163558837,93.1080463686607,0.0687845933229033,0.521358710235351,0.523830614258254,88.6266511529684,0.0611217584709096,1,1,4
"MOBS-GLEAM_RL_FLUH",2026-05-09,0.169700185918078,0.112455120457138,90.2635118792796,0.071255484947378,0.303212653712765,0.324679079571907,76.7015403846745,0.0604111852735612,1,1,4
"MOBS-GLEAM_RL_FLUH",2026-05-16,0.17718735477738,0.114237836317518,89.9610506794207,0.0734806697239633,0.356038070504525,0.383333101582101,75.1946821063756,0.0658361675690611,1,1,4
"MOBS-GLEAM_RL_FLUH",2026-05-23,0.201333363094675,0.122389717742005,99.4983149917241,0.088012298596762,0.820765850150954,0.835382993387165,131.709985292284,0.124227812344297,0.75,1,4
"NAU-FourCAT",2025-11-22,0.951871662481448,0.576909959981131,2588.34902173913,0.508687760621713,0.879690355797607,0.790557820195759,4120,0.838396740084689,0,1,4
"NAU-FourCAT",2025-11-29,0.735858711479436,0.528272654159867,4035.71358695652,0.466488100929438,0.84881664112336,0.728335236726017,6770,0.797987413335386,0,1,4
"NAU-FourCAT",2025-12-13,0.381510361486699,0.285684924939154,6977.85576086956,0.310390269976275,0.591970506930528,0.388343876391907,12845.25,0.512737780333733,0.5,1,4
"NAU-FourCAT",2025-12-20,0.333521682619145,0.25593738507025,6601.42119565217,0.251177889383687,0.47545139243972,0.334396795538112,10927.5,0.395729353043158,0.25,1,4
"NAU-FourCAT",2025-12-27,0.467748657282205,0.419510038886176,5565.50826086956,0.180936728652146,0.673580489637565,0.584328551664017,9500.5,0.309124144106681,0.25,1,4
"NAU-FourCAT",2026-01-03,0.820124881689836,0.745178796229459,6217.7625,0.2100404541334,0.968828107015944,0.96523604108917,10388.5,0.377609849818483,0.5,1,4
"NAU-FourCAT",2026-01-10,0.638377705012911,0.611808645814657,9388.66380434783,0.342451647099535,0.887725273419847,0.897212551862228,16254.5,0.600285911812943,0,1,4
"NAU-FourCAT",2026-01-17,0.63192578832385,0.613532666859808,4054.42847826087,0.186002683627329,0.661022888709568,0.684746992484968,6329.75,0.306304002698289,0.5,1,4
"NAU-FourCAT",2026-01-24,2.47918258220237,2.8327319978002,2342.14358695652,0.170322838165652,3.15102266435497,3.74158928958062,3176.5,0.226834970374609,1,1,4
"NAU-FourCAT",2026-01-31,1.88966958831313,1.98199879114964,2869.43336956522,0.238818539368074,2.48547153255378,2.93908933339642,5503.5,0.44327433204217,0.25,1,4
"NAU-FourCAT",2026-02-07,1.43774337211782,1.52379435163525,1898.59347826087,0.1560922139778,1.96158448808494,2.17347348338488,3616.75,0.285758762901742,0.5,1,4
"NAU-FourCAT",2026-02-14,0.685250752756158,0.680813092788753,1099.89119565217,0.0901531777317769,0.492462099853599,0.448723940143817,1221.25,0.086547850470128,1,1,4
"NAU-FourCAT",2026-02-21,0.446196782982648,0.456858226726438,878.247391304348,0.0821115280543173,0.254223654035732,0.267993613485112,850.25,0.078994406299719,1,1,4
"NAU-FourCAT",2026-02-28,0.351838848769195,0.369687791459118,899.530108695652,0.096625713952993,0.254023483769853,0.287637221394681,1109.5,0.124456223672622,1,1,4
"NAU-FourCAT",2026-03-07,0.397680510786143,0.413603474285964,801.395760869565,0.127953472197785,0.226161862735712,0.315982036008533,804,0.159146843794736,0.75,1,4
"NAU-FourCAT",2026-03-14,0.252958157656578,0.293702460431481,532.901630434783,0.115714628893239,0.16234739322339,0.237438362399557,619.75,0.157675821698765,0.75,1,4
"NAU-FourCAT",2026-03-21,0.253626177873461,0.28711749696567,499.294891304348,0.13651570158079,0.198032509185221,0.267379038124733,673.75,0.19462739446538,0.75,1,4
"NAU-FourCAT",2026-03-28,0.193769901446549,0.277053544023995,313.320760869565,0.143156835314104,0.113350057304596,0.146037841560879,309.5,0.107416971722779,0.75,1,4
"NAU-FourCAT",2026-04-04,0.689196700532103,0.934591261481203,479.960543478261,0.446806537980621,1.35866909114236,2.12127085538906,876.25,0.572413086529001,0,1,4
"NAU-FourCAT",2026-04-11,0.664010249793618,0.870532189651446,449.355,0.452535889740735,1.29270487115257,2.04250270760096,794.25,0.580329970529149,0,1,4
"NAU-FourCAT",2026-04-18,0.753982997965551,0.781176102458363,417.162173913043,0.451804370920285,4.4312403989774,5.89252171015727,728.25,0.562699456998355,0,1,4
"NAU-FourCAT",2026-04-25,0.407553562870527,0.365750554005306,221.544239130435,0.226435290349161,1.98247883953868,2.23735467620641,355.5,0.253735137564581,0.25,1,4
"NAU-FourCAT",2026-05-02,0.321703288738678,0.305820846646811,168.168152173913,0.191380053797839,1.35450880056175,1.50314798205097,235,0.179563478554405,1,1,4
"NAU-FourCAT",2026-05-09,0.227657751656522,0.203101065847418,121.365652173913,0.129178883684069,0.251821141507644,0.27651351858096,65.25,0.0528272376957499,1,1,4
"NAU-FourCAT",2026-05-16,0.247614337259637,0.20225131870046,125.319565217391,0.129988580342244,0.606356166961685,0.620148365010113,117.75,0.0977885966394403,1,1,4
"NAU-FourCAT",2026-05-23,0.226518066522629,0.194731216643808,111.193260869565,0.139270334712935,0.468372149003094,0.491732824276397,74.5,0.072640866179511,1,1,4
"NAU-epymorph",2025-11-22,0.935208371931326,0.562539106298378,2472.11163043478,0.473518700368503,0.85017071020291,0.65109789603665,3924.75,0.664685582744822,0.25,0.75,4
"NAU-epymorph",2025-11-29,1.19929227627621,0.950320197632642,6420.15510869565,0.818958509726376,0.883489106489657,0.846127478274608,6927.25,0.908207645624243,0,0,4
"NAU-epymorph",2025-12-06,0.458002309690565,0.240507418044502,5602.00097826087,0.250531299755905,0.440996938616488,0.251578497244706,6683.5,0.319031486559379,0,0.25,4
"NAU-epymorph",2025-12-13,0.55568848880747,0.352853133293405,10164.8743478261,0.383669249543147,0.523853899497024,0.337019998963868,11263.5,0.439666967018864,0,0,4
"NAU-epymorph",2025-12-20,0.554743761954097,0.419451377278077,10891.2434782609,0.408258708972807,0.515353842382822,0.380710429991725,11809.75,0.449032799943089,0,0.25,4
"NAU-epymorph",2025-12-27,0.817088938247777,0.715175513952345,9935.5197826087,0.316140622792752,0.786521423932672,0.655034276939248,11358.75,0.354434472566924,0,0,4
"NAU-epymorph",2026-01-03,3.83504165918433,2.79963801490827,29059.81,0.78688283748909,2.88981223210648,2.11256297158496,30747.75,0.817355558854979,0,0,4
"NAU-epymorph",2026-01-10,1.66329793001124,1.43335298088872,24472.052826087,0.803180850206298,1.40580903755006,1.24526833995209,25749,0.833354679135524,0,0,4
"NAU-epymorph",2026-01-17,1.15208252054504,1.12084814304774,7296.34956521739,0.335252456990622,0.841522414469234,0.826498888970624,8034.75,0.368768479955476,0,0,4
"NAU-epymorph",2026-01-24,4.67498282320534,5.92783714660491,4554.96239130435,0.368117505753119,5.04978858106146,6.94467862390086,5122.25,0.424775392511853,0,0.25,4
"NAU-epymorph",2026-01-31,3.086234988498,3.09139691984071,4711.29815217391,0.374797300710874,2.46039060529692,2.96008192227746,5473.75,0.449024406472615,0,0,4
"NAU-epymorph",2026-02-07,2.22134748583291,2.19229845037602,2923.885,0.223624137274249,1.97629219466301,2.18838326849937,3643.5,0.287648195731387,0,0.25,4
"NAU-epymorph",2026-02-14,0.425203990040924,0.40168781823673,688.51402173913,0.0538063525730281,0.463470839348311,0.471175964585291,1185,0.0943614381209716,0,0.75,4
"NAU-epymorph",2026-02-21,0.96769945346597,0.961187576565003,1915.67358695652,0.173858290255129,0.758650758803343,0.769695413172807,2562.25,0.228908649959398,0,0.25,4
"NAU-epymorph",2026-02-28,0.881703607597037,0.912660763695635,2254.81739130435,0.238728737506426,0.626661693508169,0.662803631753265,2745,0.287393486808015,0,0,4
"NAU-epymorph",2026-03-07,0.563869319918156,0.65564746450809,1159.00576086957,0.208042911020407,0.433559578302568,0.523805114387014,1511.75,0.257468405107888,0,0,4
"NAU-epymorph",2026-03-14,0.714120612842057,0.80883076656222,1522.73869565217,0.323415690338118,0.500937743256745,0.595342159192113,1832.75,0.375446877040941,0,0,4
"NAU-epymorph",2026-03-21,0.405938838995419,0.496586577354149,807.075217391304,0.238273243488897,0.292358537068549,0.393849359295302,1005.25,0.289802149717076,0,0.25,4
"NAU-epymorph",2026-03-28,0.940802027503967,0.899999172168587,1524.28554347826,0.46275724822985,0.624362344081995,0.694003493207722,1728,0.516639404145895,0,0,4
"NAU-epymorph",2026-04-04,0.196185999243136,0.118829892099099,133.525543478261,0.0547299235012954,0.305991174686132,0.297522697023358,192.25,0.0773491652146159,0.25,0.5,4
"NAU-epymorph",2026-04-11,0.171454610308967,0.106572159103769,113.10847826087,0.0535031731097658,0.277018526967298,0.288252115027121,165.75,0.0792087073229282,0.5,0.75,4
"NAU-epymorph",2026-04-18,0.161795387391205,0.0945586682129925,88.8122826086956,0.0538812641298918,0.91909480260511,0.960015926609887,150,0.0906789227065337,0.25,1,4
"NAU-epymorph",2026-04-25,0.163584703998362,0.0896994338890358,87.8821739130435,0.054635494481139,0.76124417702599,0.757977795519792,135,0.0848118044012556,0.5,0.75,4
"NAU-epymorph",2026-05-02,0.213439465935761,0.120829374235514,118.012391304348,0.0796762578339584,1.03901939768523,1.03587294680508,192.5,0.131834278315638,0.25,1,4
"NAU-epymorph",2026-05-09,0.692894984921364,0.398096769156701,374.66152173913,0.256462831388158,1.96022501156524,1.78731039840675,505.25,0.338117946270019,0,0,4
"NAU-epymorph",2026-05-16,0.770361803602909,0.443672371877408,398.245326086957,0.290708250010551,2.65968060967735,2.34538879752369,521.25,0.371653254005559,0,0,4
"NAU-epymorph",2026-05-23,0.489724988451681,0.288758729322164,245.903695652174,0.210892396015802,2.1538359190544,1.95584682951298,342.75,0.287844925434268,0,0.25,4
"NAU-vulPES",2025-11-22,0.736552507399858,0.402357855404737,1999.4125,0.353478685436512,0.713692806039042,0.571477766215758,3343.5,0.604548072982323,0,1,4
"NAU-vulPES",2025-11-29,0.453207003453797,0.269051980320285,2494.96956521739,0.237686507002569,0.572298094677222,0.395139574030803,4598.25,0.433702592823988,0,1,4
"NAU-vulPES",2025-12-06,0.421324359983389,0.25408068450912,5090.70684782609,0.263061758648695,0.574390840379856,0.357597490430873,8702.25,0.455483921280317,0.5,1,4
"NAU-vulPES",2025-12-13,0.418671595064079,0.293631923211983,7692.26086956522,0.320967267769877,0.619181466110878,0.418019550566338,13381.75,0.54935351084625,0.25,1,4
"NAU-vulPES",2025-12-20,0.436365084024226,0.344702477450491,8627.56141304348,0.338609447921469,0.62364358704301,0.468359479214936,14406,0.557402813196352,0.25,1,4
"NAU-vulPES",2025-12-27,0.490755500495773,0.438890546199825,5787.44826086957,0.187676929696988,0.641625665436672,0.567162920758292,8950.5,0.296482264534905,0.5,1,4
"NAU-vulPES",2026-01-03,1.10168846510623,0.966696477695724,8459.245,0.275713805425026,1.30470426584313,1.22551207510181,14140.25,0.483363872019148,0.25,1,4
"NAU-vulPES",2026-01-10,0.684408858144574,0.639948258846147,10120.2545652174,0.359834254766574,0.938655506009923,0.950084903422085,17264.75,0.638283265329864,0,1,4
"NAU-vulPES",2026-01-17,0.534104994502542,0.532538571208422,3450.34336956522,0.162497916825085,0.509808469219972,0.547864317398806,4881,0.244944026857656,0.75,1,4
"NAU-vulPES",2026-01-24,2.12384326273713,2.39659828223951,2017.07619565217,0.144814428274115,2.9483302208082,3.48518248836422,2982.25,0.211977070966546,1,1,4
"NAU-vulPES",2026-01-31,1.6250076234159,1.645642511149,2466.32152173913,0.198111184142972,2.20787807837379,2.5229604047483,4887,0.38013780842188,0.25,1,4
"NAU-vulPES",2026-02-07,1.35358826021241,1.39615484090665,1787.33923913043,0.142904483820538,1.80821700535337,1.95079464043894,3325.5,0.255578669722706,0.5,1,4
"NAU-vulPES",2026-02-14,0.781083517270113,0.770583624489801,1253.4547826087,0.101999416574632,0.601273540957381,0.557158347994467,1491.5,0.107478124040434,0.75,1,4
"NAU-vulPES",2026-02-21,0.489802171975078,0.483593304846069,967.24847826087,0.0871568939192851,0.307732009990166,0.328956890913479,1034.5,0.0975659242447193,1,1,4
"NAU-vulPES",2026-02-28,0.385055202684934,0.398393870498567,992.075652173913,0.104937160675925,0.328947948795085,0.385057224625986,1455.25,0.168864356642952,1,1,4
"NAU-vulPES",2026-03-07,0.429780329442274,0.457080493466235,875.732282608696,0.14315722023492,0.306096518931484,0.411899611097423,1107.5,0.210215434992924,0.75,1,4
"NAU-vulPES",2026-03-14,0.411097857882528,0.456827756409967,878.396086956522,0.18290253238299,0.350735664723138,0.460879652061509,1313.5,0.297689415844891,0.5,1,4
"NAU-vulPES",2026-03-21,0.427124662094055,0.452588979384046,847.235,0.216549667303971,0.39572451660897,0.501868031656864,1359.75,0.36899786295772,0.25,1,4
"NAU-vulPES",2026-03-28,0.368506622443232,0.357461499567835,595.973260869565,0.183301494621372,0.366140400887271,0.440935057872127,1010,0.327260287687241,0.25,1,4
"NAU-vulPES",2026-04-04,0.366807777832335,0.296481333423353,253.705434782609,0.139478056845909,0.643897636573844,0.795711553399209,412.75,0.21233124718045,1,1,4
"NAU-vulPES",2026-04-11,0.294532722393666,0.239531588178079,198.911956521739,0.123665768066416,0.428813094606644,0.555790414315875,266.5,0.15930071651739,1,1,4
"NAU-vulPES",2026-04-18,0.45804573929657,0.327999371171739,253.369565217391,0.188953558600994,2.93087576009251,3.49478427577901,481.5,0.333165733631324,0.25,1,4
"NAU-vulPES",2026-04-25,0.335108814672856,0.223299585475725,182.242934782609,0.138064321419107,1.66747466671969,1.8295076025247,298.25,0.206815589758417,0.75,1,4
"NAU-vulPES",2026-05-02,0.257567725068569,0.172511317801034,135.376304347826,0.108382110420543,0.859897743530887,0.917260898372019,148.75,0.109207950442396,1,1,4
"NAU-vulPES",2026-05-09,0.206889746427764,0.141102890919087,110.788804347826,0.0901609452076133,0.165242845062228,0.180431997359203,42.75,0.0344294143598907,1,1,4
"NAU-vulPES",2026-05-16,0.19668072576663,0.137977777993663,99.9298913043478,0.0890963230822658,0.127599485568818,0.135656763661821,24.25,0.0208710810050896,1,1,4
"NAU-vulPES",2026-05-23,0.183764648941522,0.127857414559139,90.2554347826087,0.0914659328852115,0.391215503499876,0.397236934327716,60.75,0.0572211954497637,1,1,4
"NEU_ISI-AdaptiveEnsemble",2025-11-22,0.743110322772683,0.39746085756274,2009.4422826087,0.347598274633946,0.653230519722654,0.513640006487099,3048.5,0.540580141870207,0,1,4
"NEU_ISI-AdaptiveEnsemble",2025-11-29,0.596027109307932,0.366206361906774,3255.79065217391,0.321509302081413,0.623237600891077,0.455357475250001,4970.75,0.496438970244175,0,1,4
"NEU_ISI-AdaptiveEnsemble",2025-12-06,0.57647691453956,0.369747782867699,6884.56684782609,0.378862998767426,0.675410825409227,0.473818575528037,10037.25,0.593167069763268,0,0.75,4
"NEU_ISI-AdaptiveEnsemble",2025-12-13,0.559490784188341,0.397513579212804,10205.9027173913,0.431023420857447,0.703907413166186,0.520775744239047,15065,0.676729768907112,0,0.5,4
"NEU_ISI-AdaptiveEnsemble",2025-12-20,0.656134569457558,0.521651882896256,12961.572826087,0.511229525862024,0.701424125981191,0.557225236124074,16197,0.66273743629605,0,0.25,4
"NEU_ISI-AdaptiveEnsemble",2025-12-27,0.685143159430802,0.607689735756627,8114.25891304348,0.261323305382225,0.811467871438254,0.704970059757726,11438.75,0.372044730517769,0,0.25,4
"NEU_ISI-AdaptiveEnsemble",2026-01-03,1.04416120746164,1.05937909597039,8085.77097826087,0.305779602722939,0.971657291705008,0.975905650103452,10473.5,0.383723478421779,0,0.5,4
"NEU_ISI-AdaptiveEnsemble",2026-01-10,0.925700162619158,0.920020752029965,13681.5497826087,0.517511853610591,0.82532014800391,0.861788164712904,15162,0.578431543035067,0,0,4
"NEU_ISI-AdaptiveEnsemble",2026-01-17,0.986086738416242,1.00426123739517,6340.44391304348,0.304602598971069,0.79853238796741,0.820674910501317,7708.75,0.370047050543865,0,0,4
"NEU_ISI-AdaptiveEnsemble",2026-01-24,1.07560213028911,0.972208223229428,1017.27086956522,0.0583738417844708,0.163848905417558,0.167684083276884,166.5,0.010209064960776,1,1,4
"NEU_ISI-AdaptiveEnsemble",2026-01-31,0.697074430737921,0.629349301926224,1048.38989130435,0.0750159386946528,0.572139768417549,0.547868582338144,1244.5,0.0808084104638342,0.5,1,4
"NEU_ISI-AdaptiveEnsemble",2026-02-07,1.35074829924983,1.44768861277266,1792.96184782609,0.149151637677795,2.48883383133435,2.95036403577322,4606.5,0.39008840989359,0.5,1,4
"NEU_ISI-AdaptiveEnsemble",2026-02-14,1.06044945080587,1.17680837716564,1712.2602173913,0.157091897082181,1.54903218338207,1.81263525520485,3911.5,0.358232195015222,0.75,1,4
"NEU_ISI-AdaptiveEnsemble",2026-02-21,0.597986271088873,0.620194261979901,1180.89956521739,0.111988190245254,0.490718544792447,0.535130253458554,1675.25,0.160839900913678,1,1,4
"NEU_ISI-AdaptiveEnsemble",2026-02-28,0.369411777242896,0.390731892672957,943.659130434783,0.102148012281652,0.341298121237368,0.38350532236548,1492.5,0.166078178133747,1,1,4
"NEU_ISI-AdaptiveEnsemble",2026-03-07,0.259716180091152,0.296494604330625,521.403804347826,0.0913590347050067,0.159889635410003,0.235420552668324,560.5,0.117198905748287,1,1,4
"NEU_ISI-AdaptiveEnsemble",2026-03-14,0.267642535413066,0.315497091626002,566.580326086956,0.12501755446998,0.228457998538971,0.329199999770041,890.75,0.221703629752533,0.5,1,4
"NEU_ISI-AdaptiveEnsemble",2026-03-21,0.283678047988907,0.31742718354742,560.397608695652,0.151337023257609,0.278932916600504,0.379243353752014,959,0.278911131777549,0.25,1,4
"NEU_ISI-AdaptiveEnsemble",2026-03-28,0.285645955387369,0.287369465002452,461.150108695652,0.147218917013338,0.300592120393553,0.366813508802984,828,0.271811560873531,0,1,4
"NEU_ISI-AdaptiveEnsemble",2026-04-04,0.206344390532268,0.150015519993802,141.790434782609,0.0700438223036881,0.294040510914109,0.31518739114619,186,0.0827134096548319,0.75,1,4
"NEU_ISI-AdaptiveEnsemble",2026-04-11,0.153412085230198,0.12133516308662,103.376956521739,0.06252840660814,0.152863568369147,0.176553797349227,93.5,0.0496653515249383,0.75,1,4
"NEU_ISI-AdaptiveEnsemble",2026-04-18,0.227457792615543,0.148855677479256,125.168260869565,0.0851369341480292,0.918517592177821,0.91950234461843,148,0.0856053499286014,0.75,1,4
"NEU_ISI-AdaptiveEnsemble",2026-04-25,0.212941819249049,0.13078391853448,115.709565217391,0.0805773939464218,0.806283144140586,0.80411820512254,144,0.0906868141614587,0.75,1,4
"NEU_ISI-AdaptiveEnsemble",2026-05-02,0.192924528164789,0.111157815296188,103.482934782609,0.0710873086494743,0.794801119948155,0.80979008357964,148.5,0.103986919333962,0.5,1,4
"NEU_ISI-AdaptiveEnsemble",2026-05-09,0.32112853769719,0.192787695584232,173.837934782609,0.124511511087512,1.22616288082366,1.19558833723928,315.5,0.226056213407474,0.25,1,4
"NEU_ISI-AdaptiveEnsemble",2026-05-16,0.407002752343693,0.242180958511885,211.337282608696,0.159754076903624,1.95118797341367,1.80693141643395,382.25,0.286573642355056,0,1,4
"NEU_ISI-AdaptiveEnsemble",2026-05-23,0.369300848737104,0.210255291928684,169.49768115942,0.133075003419409,2.11993420861265,1.94172245512693,306.666666666667,0.244042531418995,0.333333333333333,1,3
"NEU_ISI-FluBcast",2025-11-22,0.932859593499086,0.532049115995779,2528.70891304348,0.466774189896717,0.813331113732764,0.69879087510033,3802.25,0.738274634828499,0,0.25,4
"NEU_ISI-FluBcast",2025-11-29,0.865793799373479,0.561433132189233,4780.56206521739,0.498640963404441,0.819060916138645,0.683287692580569,6554,0.750950602648913,0,0.5,4
"NEU_ISI-FluBcast",2025-12-06,0.896579125709116,0.676906543885469,10631.4741304348,0.691516443122728,0.875187340866084,0.745608202130129,12913.75,0.931172367249419,0,0.25,4
"NEU_ISI-FluBcast",2025-12-13,0.695971460645589,0.507802055398931,12675.4684782609,0.550455072903305,0.749681454261954,0.571742517434378,16077,0.745438006838942,0,0,4
"NEU_ISI-FluBcast",2025-12-20,0.507750206998042,0.379974919465996,9989.21717391304,0.370982364853568,0.568996344946477,0.418353105827199,13104.5,0.496128911956949,0.25,0.25,4
"NEU_ISI-FluBcast",2025-12-27,0.646067123353191,0.551824982293498,7793.93554347826,0.241456821756017,0.89721495658952,0.737989523062651,12892.25,0.396854706598769,0,0.5,4
"NEU_ISI-FluBcast",2026-01-03,2.43517808492951,2.0071496997604,18705.8965217391,0.571853733942717,2.38870409268587,1.86726426274424,25676.5,0.729011965710607,0,0.25,4
"NEU_ISI-FluBcast",2026-01-10,1.77391732005781,1.4812874684024,26222.1457608696,0.833002869741365,1.86507195564927,1.50949409294392,34341.5,1.01410629637919,0,0,4
"NEU_ISI-FluBcast",2026-01-17,1.09696609865515,1.10002106237203,7096.43739130435,0.335528838311166,1.03696356303258,1.02886554169319,10129,0.468789416494348,0,0.25,4
"NEU_ISI-FluBcast",2026-01-24,3.23003814552748,3.96155294232201,3085.46847826087,0.240873186825022,5.32095954865666,6.88623033960568,5301.25,0.412874313376296,0,1,4
"NEU_ISI-FluBcast",2026-01-31,3.40290248713365,3.60120105038329,5128.41826086956,0.430708681176328,3.27845166337543,4.20107465166537,7228.75,0.630937859283214,0,0.25,4
"NEU_ISI-FluBcast",2026-02-07,1.90905486045086,2.02300878382218,2511.95836956522,0.206487885271202,2.44102714192189,2.80293014226305,4495,0.367996998533337,0,0.75,4
"NEU_ISI-FluBcast",2026-02-14,0.852195151052806,0.826735208237153,1352.89565217391,0.108222831047895,0.925181336803263,0.944880413432409,2315.5,0.184475283496413,0.5,1,4
"NEU_ISI-FluBcast",2026-02-21,0.365115947006993,0.35746722688698,708.015326086956,0.0632556147580098,0.286182953187189,0.270121750276949,940,0.0777650132022338,0.75,0.75,4
"NEU_ISI-FluBcast",2026-02-28,0.14123336568444,0.168320526864809,363.97152173913,0.0443833177829339,0.057322789833017,0.0775533928684965,255.75,0.0343930582658323,1,1,4
"NEU_ISI-FluBcast",2026-03-07,0.252755595740338,0.283277329825511,503.947934782609,0.0866728817592654,0.259462442371924,0.317068223026414,880.75,0.151256609485444,0.5,1,4
"NEU_ISI-FluBcast",2026-03-14,0.185421657414156,0.217947843592103,387.435543478261,0.0851852431754157,0.192912875896986,0.247023483668582,693.75,0.153088672264838,0.5,1,4
"NEU_ISI-FluBcast",2026-03-21,0.169147708788244,0.192245439080308,330.507282608696,0.0905452106546225,0.171192717110764,0.221432543305473,578.25,0.159962413710238,0.5,1,4
"NEU_ISI-FluBcast",2026-03-28,0.114070866633823,0.125194221051918,183.079673913043,0.0638334732144302,0.0927046206916284,0.114532794794307,252.75,0.0839598222606424,0.75,1,4
"NEU_ISI-FluBcast",2026-04-04,0.767721598091759,0.641810897448717,532.429347826087,0.302976846334243,1.19009528972529,1.64811244926554,762,0.439466299157248,0,0,4
"NEU_ISI-FluBcast",2026-04-11,0.611409265211599,0.533344455636381,417.114456521739,0.278244725600702,0.963591705676157,1.40036966177705,593.25,0.398022858716993,0,0.5,4
"NEU_ISI-FluBcast",2026-04-18,1.01880152015728,0.740629448768154,565.334347826087,0.428240169005283,4.42493289766553,5.935600896154,727.75,0.567421367021371,0,0,4
"NEU_ISI-FluBcast",2026-04-25,0.917533455253911,0.664379981560907,500.678152173913,0.412880716227487,3.7583117471661,5.04115452955426,676.75,0.5754175730282,0,0,4
"NEU_ISI-FluBcast",2026-05-02,0.72443031853241,0.543513906337579,381.817282608696,0.343286490411935,3.11446830574353,4.11974956376341,544.75,0.497833577237127,0,0,4
"NEU_ISI-FluBcast",2026-05-09,0.506013985717034,0.406249906228802,270.691413043478,0.25978120529594,1.6204600644694,2.12477404836417,412.5,0.398533538053798,0,0.25,4
"NEU_ISI-FluBcast",2026-05-16,0.461633756356925,0.371950989718466,232.680543478261,0.238586457025305,1.8541533075506,2.35100348548007,354.25,0.364846691784313,0,0.25,4
"NEU_ISI-FluBcast",2026-05-23,0.404708308776873,0.30241224828632,196.642717391304,0.214022073851104,1.92814997889405,2.28130148559726,297.75,0.326374137510552,0,0.5,4
"NIH-Flu_ARIMA",2025-11-22,0.864677655746467,0.482248740849113,2339.81203369565,0.422703479810708,0.741912180891731,0.612802840173327,3466.25,0.646831603895347,0,1,4
"NIH-Flu_ARIMA",2025-12-06,0.73011128696955,0.517693838909549,8556.1973451087,0.520398152030457,0.724144353312408,0.550544639871628,10634.5,0.68068409327581,0,0,4
"NIH-Flu_ARIMA",2025-12-13,0.89729026068474,0.764732660735057,16178.8415255435,0.819974467920522,0.882644810676124,0.776262866314724,18770.125,1.00283776931532,0,0,4
"NIH-Flu_ARIMA",2025-12-20,0.554221846423517,0.432193374383433,10914.3723086957,0.422205938828557,0.636998259869748,0.492097238366439,14678.625,0.583696580175299,0,0.25,4
"NIH-Flu_ARIMA",2025-12-27,0.54615362163008,0.492823177364779,6438.97418967391,0.211024656573963,0.684716873939017,0.60423136857096,9602.125,0.317496062978865,0.25,0.75,4
"NIH-Flu_ARIMA",2026-01-03,1.41612317366866,1.32406956786322,11096.8317396739,0.385058262797123,1.42912942524895,1.30806170987676,15608.125,0.51899568644107,0,0.5,4
"NIH-Flu_ARIMA",2026-01-10,0.961969127859947,0.947886845077057,14438.7740815217,0.540106258772385,1.02045450578749,1.00747355917058,19060.375,0.68490556776481,0,0.25,4
"NIH-Flu_ARIMA",2026-01-17,0.290185253796432,0.322110358502786,1920.38695706522,0.100436382126884,0.325061686853467,0.379515803348643,3236.25,0.176193360404889,0.25,1,4
"NIH-Flu_ARIMA",2026-01-24,1.33090931449028,1.171775997565,1280.24465597826,0.0712644244799511,2.04766000911058,1.94980970554142,2067.625,0.117722405031345,0.25,1,4
"NIH-Flu_ARIMA",2026-01-31,3.34426763665015,3.62804633791207,5040.9444,0.433894851622812,3.44471410098784,4.45327291564167,7578.125,0.666965309368568,0,1,4
"NIH-Flu_ARIMA",2026-02-07,0.708472230668954,0.665123001099161,937.21144076087,0.0681707343615392,0.787810800118934,0.778758422303693,1447.25,0.101800602203707,0.75,1,4
"NIH-Flu_ARIMA",2026-02-14,0.817332815468674,0.755781474289632,1336.97297391304,0.102109808191957,0.785938943208077,0.797870607466711,2034.75,0.161759740956394,0.25,1,4
"NIH-Flu_ARIMA",2026-02-21,0.561089610189028,0.56079707108255,1114.65665380435,0.101779537833483,0.56249479050311,0.598136108638479,1904.25,0.178365881963953,0,1,4
"NIH-Flu_ARIMA",2026-02-28,0.538013510828566,0.572091686939017,1398.72707445652,0.152092404655577,0.511506224624473,0.575555380796042,2272.5,0.253129997771411,0,1,4
"NIH-Flu_ARIMA",2026-03-14,0.949752171916415,0.941830912445352,2002.23636195652,0.371396396204479,0.815005370085524,0.853901487471518,2953.5,0.532144579527797,0,0.75,4
"NIH-Flu_ARIMA",2026-03-21,0.55156756084016,0.597861130813079,1098.02566413043,0.287059646522032,0.502868350750105,0.608362407336988,1732.75,0.448378995881217,0,0.75,4
"NIH-Flu_ARIMA",2026-03-28,0.477747622399806,0.473220500799682,773.498431521739,0.242987827142243,0.447857598236705,0.533000893949394,1240,0.397037080212059,0,0.75,4
"NIH-Flu_ARIMA",2026-04-04,0.361170890028892,0.290073226778923,249.39617826087,0.136183027585055,0.729625149345194,0.909187568838247,466,0.24120511155243,0.25,1,4
"NIH-Flu_ARIMA",2026-04-11,0.171737761977393,0.120657051444931,115.857140217391,0.0621867669380581,0.0889545181988828,0.0954404642525103,53,0.0260778272149071,1,1,4
"NIH-Flu_ARIMA",2026-04-18,0.431011578912533,0.314974987934833,239.976744565217,0.183263752461986,2.7359060844632,3.33047997117037,452.875,0.32065005854771,0,1,4
"NIH-Flu_ARIMA",2026-04-25,0.258754917130098,0.161043863154679,140.574305978261,0.0994380043425062,1.2727753801872,1.34008198533488,226.625,0.150645842771072,0.5,1,4
"NIH-Flu_ARIMA",2026-05-02,0.401957980469369,0.295427280404249,209.792044021739,0.18474158392941,2.12615069357491,2.53164809127533,369.25,0.302685610360276,0.25,1,4
"NIH-Flu_ARIMA",2026-05-09,0.1735848957488,0.120097413374382,94.2389527173913,0.0777563823240398,0.300392478167103,0.331588075861447,78.375,0.0637675385260397,1,1,4
"NIH-Flu_ARIMA",2026-05-16,0.180139670768092,0.126842049932581,93.1359538043478,0.0831834154833227,0.335399546330373,0.359195652780612,64.125,0.0555232169260595,1,1,4
"NIH-Flu_ARIMA",2026-05-23,0.208945215057406,0.148523707715069,102.55723423913,0.106355381161971,0.592781666002335,0.600701518893882,91,0.0853304764038638,0.75,1,4
"NU-PGF_FLUH",2025-11-29,0.299800881591873,0.152440508767355,1672.32858695652,0.135865530092671,0.381610751568321,0.224190531799689,3115.5,0.24856209014495,0.5,1,4
"NU-PGF_FLUH",2025-12-06,0.480944304921682,0.290030003705241,5783.28195652174,0.298787614980161,0.596828476637313,0.385045040660078,8957.25,0.486042245070701,0,0.75,4
"NU-PGF_FLUH",2025-12-13,0.523892935673579,0.366223588551897,9478.66630434783,0.394380647783291,0.621299865918618,0.433186254569546,13296.75,0.562577886817906,0,0.25,4
"NU-PGF_FLUH",2025-12-20,0.233521610671433,0.129015685798859,4742.30793478261,0.129382529112799,0.323014143166378,0.173970995068492,7608.75,0.210338433674469,0.25,1,4
"NU-PGF_FLUH",2025-12-27,2.30393368014783,1.42026313107738,28299.7666304348,0.635048220133203,2.35714788593921,1.33928299695673,34307.25,0.730887599735241,0,0.25,4
"NU-PGF_FLUH",2026-01-03,3.71353697417374,2.68014890280207,27984.0048913044,0.749743863010728,3.15421732548044,2.2201896101331,33427.25,0.855886705589303,0,0,4
"NU-PGF_FLUH",2026-01-10,0.703665257544357,0.690390842430016,10290.3602173913,0.383853606988139,0.746927125074633,0.771090660584252,13630,0.514088110183704,0,0.25,4
"NU-PGF_FLUH",2026-01-17,0.703355403266318,1.3045164744908,4768.98163043478,0.421922670841207,0.627386444799662,1.24105484157397,6369.5,0.595367347342824,0.25,0.25,4
"NU-PGF_FLUH",2026-01-24,9.10149645307698,13.6598612991623,8629.00413043478,0.8265216237116,9.4670813100756,15.7609367915295,9375,0.942620144655633,0,0,4
"NU-PGF_FLUH",2026-01-31,4.52733689010446,5.16216538781098,6893.33152173913,0.625835908954481,3.46546876878876,4.8312237011063,7699.75,0.734299092462197,0,0,4
"NU-PGF_FLUH",2026-02-07,1.50530598964214,1.60458110989167,2009.0877173913,0.166747396023992,1.86347031777943,2.18795435168852,3477.75,0.292349815479271,0,1,4
"NU-PGF_FLUH",2026-02-14,0.565056326408963,0.572184839638816,906.756847826087,0.0760454131040512,0.550195699607112,0.567448174076939,1383,0.111597804251265,0.5,0.75,4
"NU-PGF_FLUH",2026-02-21,0.311517640695643,0.319143676837885,617.19097826087,0.0577891818246368,0.227745515055334,0.237075689664807,757.75,0.0693491880357699,0.75,1,4
"NU-PGF_FLUH",2026-02-28,0.384683713011456,0.628683478405632,1008.80413043478,0.1700683292594,0.385909779210391,0.656516490475257,1738.5,0.295081437703059,0.25,1,4
"NU-PGF_FLUH",2026-03-07,0.432479662973809,0.487409983993916,857.294565217391,0.147822449552471,0.43959339284374,0.52054973795746,1485.75,0.245887424869743,0.25,1,4
"NU-PGF_FLUH",2026-03-14,0.385346317070085,0.423797066563878,818.4775,0.168695940956046,0.377431706690835,0.46922933586534,1379.5,0.295839991309928,0,1,4
"NU-PGF_FLUH",2026-03-21,0.385743835046857,0.418914380685628,759.784891304348,0.198772489498639,0.371492683347411,0.467204758392554,1269.75,0.341849379645607,0,0.75,4
"NU-PGF_FLUH",2026-03-28,0.199215584954682,0.219159531114507,319.865217391304,0.111932449472451,0.137055020428438,0.172959605706665,374,0.127161188148446,0.75,0.75,4
"NU-PGF_FLUH",2026-04-04,1.43760228211116,1.47725700155084,995.813369565217,0.698466080592405,1.97546101385293,3.53651459688929,1266.25,0.947601795007127,0,0,4
"NU-PGF_FLUH",2026-04-11,0.253779558335429,0.215330845631915,174.022173913043,0.11326484463859,0.428852522816094,0.607802691160206,275.75,0.180666887683049,0.75,1,4
"NU-PGF_FLUH",2026-04-18,0.826180718934276,0.679528250413616,459.444565217391,0.395065728447329,4.83556186143291,6.95685292106726,798,0.668973118526088,0,1,4
"NU-PGF_FLUH",2026-04-25,0.731257653553787,0.605353384782381,399.926304347826,0.378446006418808,4.03508734471713,5.75896132858064,729.25,0.661541535016605,0,1,4
"NU-PGF_FLUH",2026-05-02,0.180157336716083,0.118076078956066,96.1995652173913,0.0756587017971036,0.473601596660408,0.53595273705455,85.5,0.0671046041220793,1,1,4
"NU-PGF_FLUH",2026-05-09,0.347353694216075,0.314081543883342,187.68847826087,0.20388452844775,1.35829084887392,1.8433510717215,350.75,0.352195751125656,0.5,1,4
"NU-PGF_FLUH",2026-05-16,0.311162353842872,0.280044183229927,160.292826086957,0.185061036918259,1.52510616820519,2.03050222872443,299,0.325647848794584,0.5,1,4
"NU-PGF_FLUH",2026-05-23,0.341035028912342,0.302134045363286,169.007608695652,0.219908241615529,2.07298625379094,2.71129399416891,326.75,0.398986608834083,0,1,4
"OHT_JHU-nbxd",2025-11-22,0.39788302776046,0.165334024725464,1076.17701195652,0.142719406655232,0.229861246660751,0.147889406979964,1062.485,0.152533817780567,1,1,4
"OHT_JHU-nbxd",2025-11-29,0.309183469207425,0.145364777261553,1671.886825,0.126024571788635,0.237081401609912,0.14575649299416,1875.3625,0.157870197509726,1,1,4
"OHT_JHU-nbxd",2025-12-06,0.184056482844515,0.105267108723959,2110.67787608696,0.104237170969469,0.168370171057765,0.0958715437576836,2421.64,0.116716929672242,1,1,4
"OHT_JHU-nbxd",2025-12-13,0.139197818612964,0.0872527264030466,2499.23900326087,0.0927031309358524,0.123248282826295,0.0729596303058005,2591.3925,0.0930535316619681,1,1,4
"OHT_JHU-nbxd",2025-12-20,0.257534565287671,0.180435850268833,5074.66729130435,0.17594198782853,0.393283760122203,0.263925837921994,9027.7125,0.311465546590465,0.5,1,4
"OHT_JHU-nbxd",2025-12-27,0.501438400490892,0.447385689170696,5942.61432173913,0.19234793551761,0.732589537592576,0.639161037425735,10318.7675,0.337315885099626,0.25,1,4
"OHT_JHU-nbxd",2026-01-03,0.952263385340038,0.913143194891506,7337.47152717391,0.261747682885911,1.12589387388268,1.09759807214103,12163.17,0.43198178018125,0.25,1,4
"OHT_JHU-nbxd",2026-01-10,0.537972323430542,0.565311391076518,7980.42188478261,0.319216658798421,0.721749625167819,0.786713017319465,13321.6,0.530302392250353,0,1,4
"OHT_JHU-nbxd",2026-01-17,0.746667565775084,0.735108706815843,4897.04565869565,0.227076733167018,0.882384175950332,0.902211895068799,8698.065,0.414282296387244,0,1,4
"OHT_JHU-nbxd",2026-01-24,2.09271516979284,1.77056936987494,1976.62793478261,0.105852947217646,2.74562184001682,2.56002866596621,2724.77,0.152132194672018,1,1,4
"OHT_JHU-nbxd",2026-01-31,0.833307034397872,0.729717435000668,1259.62072934783,0.0873951495589484,0.607897416614704,0.598237199447005,1352.4775,0.0904084087064509,1,1,4
"OHT_JHU-nbxd",2026-02-07,0.923706323566978,0.886237483213326,1220.85744673913,0.0906860363928004,0.97017491264691,0.961374323946282,1778.175,0.125363265069331,1,1,4
"OHT_JHU-nbxd",2026-02-14,0.897417630650675,0.838468810115217,1454.51509673913,0.11193401566091,0.988567803709078,0.990518440961707,2523.1975,0.197490345327964,0.5,1,4
"OHT_JHU-nbxd",2026-02-21,0.777267811834981,0.739116101916347,1551.70390326087,0.134640619658684,0.805265571051071,0.826629570545613,2747.21,0.248126394547445,0.5,1,4
"OHT_JHU-nbxd",2026-02-28,0.50461121690156,0.504782629181074,1296.35919891304,0.132547455605428,0.5274970014616,0.574615561274348,2319.3475,0.250031275427155,0.25,1,4
"OHT_JHU-nbxd",2026-03-07,0.415544164625247,0.446294718830729,842.521027173913,0.138995460713585,0.238862427872859,0.34139601282831,895.9,0.180982332533425,0.75,1,4
"OHT_JHU-nbxd",2026-03-14,0.393620436445788,0.436584374117268,834.130634782609,0.172687044705672,0.299989616316697,0.410331760773756,1146.4875,0.271086987506119,0.5,1,4
"OHT_JHU-nbxd",2026-03-21,0.412404540762442,0.433752503365773,823.112688043478,0.208958792631001,0.383630134760564,0.499749736811562,1332.51,0.370979570274189,0.25,1,4
"OHT_JHU-nbxd",2026-03-28,0.474636004812835,0.446604808077314,774.319577173913,0.231107315248547,0.497996461886007,0.587763404998793,1386.0725,0.439937163338209,0,1,4
"OHT_JHU-nbxd",2026-04-04,0.419456734485121,0.273020903093129,289.671334782609,0.127879898547674,0.188528267050483,0.215078956044541,122.12,0.057710369966697,1,1,4
"OHT_JHU-nbxd",2026-04-11,0.424876886039775,0.368555687562379,286.344316304348,0.190820104304448,0.588484216761266,0.855531171676346,372.99,0.251348047013048,1,1,4
"OHT_JHU-nbxd",2026-04-18,0.610507811606784,0.496266609580778,339.37432173913,0.288172453063752,3.72936440615187,5.09422552522414,618.9925,0.492184567925727,0.25,1,4
"OHT_JHU-nbxd",2026-04-25,0.664126102732774,0.558964499046053,362.362607608696,0.347416183482679,3.93149686763926,5.48151005518836,708.6975,0.626218111180745,0.25,1,4
"OHT_JHU-nbxd",2026-05-02,0.533228366577588,0.444388645600293,279.116155434783,0.278325733652655,3.15410826672044,4.15740901126039,549.6125,0.499364122847316,0.25,1,4
"OHT_JHU-nbxd",2026-05-09,0.340488401580368,0.281858503294436,181.401244565217,0.179557478328749,1.15772941931836,1.42532565218671,294.9175,0.267468071442454,1,1,4
"OHT_JHU-nbxd",2026-05-16,0.307050644529996,0.246987871985267,154.949673913043,0.158910352891247,1.02003860256076,1.21614582114491,196.93,0.191050252552103,1,1,4
"OHT_JHU-nbxd",2026-05-23,0.292580045645135,0.233046240726029,142.990630434783,0.166267240778774,1.38887600980505,1.59939721078465,216.2575,0.231194797876435,1,1,4
"PSI-PROF",2025-11-22,0.79184140963994,0.43527662663657,2146.99080978261,0.38243142222498,0.71284092580707,0.56762749775457,3345.9175,0.601718195594114,0,0.5,4
"PSI-PROF",2025-11-29,0.464450713519215,0.26786269656091,2584.36385978261,0.239438864132353,0.572618752444597,0.384733074118563,4648.3675,0.426872856637718,0,1,4
"PSI-PROF",2025-12-06,0.484448998655827,0.298690372338259,5888.96720217391,0.311977900005287,0.631777175499559,0.411110471527673,9582.015,0.525705643624507,0,1,4
"PSI-PROF",2025-12-13,0.534692549549295,0.374475058719663,9804.22790869565,0.409373038086562,0.687862496687442,0.49077208050731,14846.9925,0.644718530358656,0,0.5,4
"PSI-PROF",2025-12-20,0.545508461589813,0.41949444322711,10754.8623,0.410668809810106,0.636009317697126,0.482379702980863,14684.3725,0.573728579369452,0,0.25,4
"PSI-PROF",2025-12-27,0.648346201954136,0.556675290041844,7751.9098576087,0.241403828976801,0.874536075229205,0.735109794987172,12470.875,0.392329319602919,0,0.75,4
"PSI-PROF",2026-01-03,1.75226744176494,1.46528986836376,13497.6886163043,0.41796472065468,1.87088430975562,1.57882211971715,20304.61,0.622202377430213,0.25,0.5,4
"PSI-PROF",2026-01-10,1.31899405145231,1.17818373970438,19527.1060206522,0.663066730693515,1.38107899662942,1.24673037108401,25498.7325,0.839641211511476,0,0,4
"PSI-PROF",2026-01-17,1.04734104482944,0.932061338122273,6750.13126304348,0.283262738304104,1.24073650755519,1.17608580914932,12013.5325,0.53192741593817,0.25,1,4
"PSI-PROF",2026-01-24,2.17009419149359,2.50704950308195,2053.81319347826,0.151511522745352,2.26806046083667,2.44531585549003,2249.445,0.146012225239541,1,1,4
"PSI-PROF",2026-01-31,1.49490655607474,1.57700174389569,2283.37807391304,0.191522769674775,1.82001093176375,2.09433479931351,4096.065,0.321529260323157,0.5,1,4
"PSI-PROF",2026-02-07,1.37288773292182,1.39374750496038,1819.68750434783,0.143372350961464,1.57780307960056,1.71073193558735,2917.5225,0.225625540125282,0.5,1,4
"PSI-PROF",2026-02-14,0.727015129818205,0.717130390459594,1164.30628152174,0.0947814686207097,0.580773959798366,0.543053738936912,1442.71,0.104953063763635,0.5,1,4
"PSI-PROF",2026-02-21,0.889316208715356,0.770875861690178,1768.28548804348,0.139906377381386,0.782466514384303,0.811019334247623,2679.2425,0.244334822672899,1,1,4
"PSI-PROF",2026-02-28,0.734743856127816,0.636305701469193,1891.49451304348,0.167306580523737,0.649411368217433,0.694268584199704,2859.9375,0.302602500724088,0.75,1,4
"PSI-PROF",2026-03-07,0.585720004243482,0.547908124115069,1185.19469782609,0.170146401594137,0.327924674530737,0.42651281922913,1158.0975,0.212614406250171,0.75,1,4
"PSI-PROF",2026-03-14,0.652057553039976,0.630704628641562,1375.3775173913,0.249273340436483,0.513130028419402,0.607569656739348,1878.165,0.383162420507995,0.75,1,4
"PSI-PROF",2026-03-21,0.376749434345604,0.417855812896566,745.204676086957,0.199376514769518,0.349700224511846,0.449942539088809,1197.9675,0.329974302251636,0.25,1,4
"PSI-PROF",2026-03-28,0.324412601540892,0.327139215871967,523.146927173913,0.167404316267184,0.318628044021802,0.385583613649131,877.1675,0.285584411360889,0.25,0.75,4
"PSI-PROF",2026-04-04,0.357749857169909,0.324092953627579,248.277132608696,0.153580794993091,0.699842042336133,0.894536207420332,450.04,0.239687142023908,0.75,1,4
"PSI-PROF",2026-04-11,0.243800395661422,0.199307118211948,164.263826086957,0.103143598352393,0.193872209703925,0.214003723066725,117.22,0.0595251515950435,1,1,4
"PSI-PROF",2026-04-18,0.48133681676575,0.345177459754127,266.773765217391,0.199541083467943,2.99896622765153,3.64524859695772,493.93,0.348646316015978,0,1,4
"PSI-PROF",2026-04-25,0.38557990682129,0.257002317688157,209.065202173913,0.158608975278803,2.06788222156571,2.35613457614069,370.8225,0.267207143051601,0,1,4
"PSI-PROF",2026-05-02,0.290459342145122,0.229919248451595,152.456769565217,0.145363190991106,1.53504833943971,1.7509021324735,267.4475,0.210213425377639,0.75,1,4
"PSI-PROF",2026-05-09,0.138685618687592,0.0889221507135963,75.288127173913,0.0575984107542624,0.386967115043699,0.42178569228225,101.78,0.0816229998221725,0.75,1,4
"PSI-PROF",2026-05-16,0.120620587085442,0.0796581258437514,62.5398923913043,0.0523890571573877,0.343581733323304,0.37146871397033,71.985,0.0632298250793986,1,1,4
"PSI-PROF",2026-05-23,0.105460756834235,0.0690787597596118,51.3771815217391,0.0489617303862244,0.476218504481854,0.479903431088674,73.2125,0.068313100476723,0.75,1,4
"PSI-PROF_MOA",2025-11-22,0.586316866504952,0.280098961804525,1602.56926086957,0.246704063738585,0.497150783895085,0.35528356072647,2327.135,0.374566830582956,0,0.75,4
"PSI-PROF_MOA",2025-11-29,0.683149907655304,0.386223754440986,3808.21772065217,0.344679576728795,0.612558769220942,0.434850002917527,4916.19,0.477138962359124,0,0.5,4
"PSI-PROF_MOA",2025-12-06,0.701522140365038,0.432867297250112,8512.79118478261,0.450385502817178,0.665885226782227,0.455429969536129,9963.875,0.574374886310552,0,0.5,4
"PSI-PROF_MOA",2025-12-13,0.68162281400073,0.474899665074642,12511.368626087,0.518867503511439,0.700364265849114,0.510138480460862,15044.57,0.666213070957816,0,0.25,4
"PSI-PROF_MOA",2025-12-20,0.707035593960198,0.560486046842767,14005.73475,0.551065295061702,0.724463056293977,0.5815837400772,16739.96,0.692355149271106,0,0,4
"PSI-PROF_MOA",2025-12-27,0.652146259310366,0.593787156598342,7618.34684565217,0.25183764989953,0.731906575794929,0.658987199447512,10176.355,0.342961943048247,0.25,0.25,4
"PSI-PROF_MOA",2026-01-03,2.22785016489374,1.90208476708865,17314.9212902174,0.547592706402367,1.94591903981641,1.61677842146761,21226.9175,0.639648862533508,0.25,0.25,4
"PSI-PROF_MOA",2026-01-10,1.17468475806585,1.11190803121683,17475.3720543478,0.628964857557329,1.22624957112705,1.15119559042841,22694.935,0.776878869140456,0,0.25,4
"PSI-PROF_MOA",2026-01-17,1.22019027414148,1.15779636885417,7850.86558478261,0.351447800530758,1.22979590668431,1.17346455515276,11958.9825,0.532655217622758,0,0.5,4
"PSI-PROF_MOA",2026-01-24,1.95094503119454,1.782176451707,1821.2329673913,0.105803785724316,2.3523181655104,2.26100163351962,2265.3125,0.130645814244394,0.75,1,4
"PSI-PROF_MOA",2026-01-31,0.957224127694431,0.938254973139927,1463.94412608696,0.114132329822747,1.06314369083469,1.12962969245694,2423.2225,0.175520944949377,1,1,4
"PSI-PROF_MOA",2026-02-07,1.16806214910784,1.28685670361293,1555.36940869565,0.133155176251863,1.28254393667558,1.36816273809748,2378.0875,0.180991795249835,0.75,1,4
"PSI-PROF_MOA",2026-02-14,0.663310153382189,0.616414178944458,1090.6251326087,0.0837262495014483,0.542387484111211,0.576936968871862,1462.6675,0.122301077826373,0.75,1,4
"PSI-PROF_MOA",2026-02-21,0.893972436518958,0.83361551389728,1784.64051304348,0.151923068592734,0.942523770271586,0.94463605064918,3213.975,0.28342226171105,0.25,1,4
"PSI-PROF_MOA",2026-02-28,0.614981641209857,0.61490861555347,1586.06121956522,0.162164110889605,0.640775971322353,0.68662539102883,2823.02,0.299386862340452,0,1,4
"PSI-PROF_MOA",2026-03-07,0.454900946390013,0.485148290815873,925.405511956522,0.151771102324227,0.335956550930022,0.439082688331563,1196.7175,0.220637978717706,0.75,1,4
"PSI-PROF_MOA",2026-03-14,0.419505484396343,0.467111231498402,892.85782173913,0.186526653756839,0.349578928666108,0.453480405698716,1295.3075,0.290096238185307,0.5,1,4
"PSI-PROF_MOA",2026-03-21,0.562508216122946,0.59033941819004,1117.83139673913,0.283167790589019,0.51574541350953,0.613890892069277,1769.9375,0.45093509943153,0.25,1,4
"PSI-PROF_MOA",2026-03-28,0.376394707812784,0.37306566766777,608.256332608696,0.191276101536423,0.380603065257147,0.455696604738639,1049.84,0.338219244771733,0,1,4
"PSI-PROF_MOA",2026-04-04,0.401256773098543,0.338126876931304,276.823625,0.158868907461465,0.822715794301449,1.03091295226379,525.3925,0.273706450446729,0.5,1,4
"PSI-PROF_MOA",2026-04-11,0.220614608160927,0.180598964609874,149.142713043478,0.0937240592321982,0.17420145882763,0.200059485148011,106.78,0.0565091206311918,1,1,4
"PSI-PROF_MOA",2026-04-18,0.413841296409684,0.30228956948703,229.250684782609,0.174737185486465,2.66092095235887,3.14130971976018,437.6625,0.299813295635311,0,1,4
"PSI-PROF_MOA",2026-04-25,0.363756945503581,0.246163362381217,197.351667391304,0.152062755025822,2.03330589744752,2.30596301534963,364.3725,0.261266634343553,0.25,1,4
"PSI-PROF_MOA",2026-05-02,0.223819854101067,0.16504776018678,117.463579347826,0.103816604257726,1.01040507586437,1.09830817300056,175.2,0.131099662994283,0.75,1,4
"PSI-PROF_MOA",2026-05-09,0.195946571453691,0.122321933710149,106.573538043478,0.0793500444133211,0.734807719221477,0.75863057466406,191.3825,0.145237964861334,0.75,1,4
"PSI-PROF_MOA",2026-05-16,0.116304681865677,0.0784674244841645,59.2872891304348,0.0507838263689804,0.172046171508504,0.18569756464125,33.39,0.0292115938147874,1,1,4
"PSI-PROF_MOA",2026-05-23,0.130796635742073,0.082787187944981,64.8066184782609,0.0596951200491518,0.500584992204664,0.519844950067178,79.595,0.0767995775601906,0.75,1,4
"SigSci-TSENS",2025-12-20,0.95993115484187,0.87383632811199,19066.6955434783,0.86231912332762,0.911890272519189,0.839322854981795,21132.75,1.00365925847463,0,0,4
"SigSci-TSENS",2025-12-27,0.768518139848529,0.703906315063733,8929.09336956522,0.296383494606442,0.811757084715726,0.750263582908161,11261.5,0.389275482619861,0,0.5,4
"SigSci-TSENS",2026-01-03,1.41013091540358,1.32608029866928,10967.1318478261,0.38294487449829,1.47235161232083,1.34130968949284,15987.5,0.529362192883233,0,0.5,4
"SigSci-TSENS",2026-01-10,0.918071443762214,0.906194695126587,13652.424673913,0.512308327111399,1.05953812202738,1.04111051610929,19632.5,0.703462902177052,0,0,4
"SigSci-TSENS",2026-01-17,0.280537770839553,0.315739123312916,1852.66217391304,0.0982845329789392,0.330534672054993,0.386230396453668,3286,0.179012208179358,1,1,4
"SigSci-TSENS",2026-01-24,1.40725517279853,1.54875675368808,1319.23391304348,0.0921355187373207,2.29368626613173,2.52492379116622,2239.75,0.147745578368293,0.75,1,4
"SigSci-TSENS",2026-01-31,1.37219213444503,1.27797905222397,2053.62173913043,0.151433337705693,1.62260489721035,1.71185295355489,3546.25,0.253896337597292,0.25,0.75,4
"SigSci-TSENS",2026-02-07,0.992826596599638,0.943379358959046,1304.65510869565,0.0959596062720331,1.16837417690422,1.16541798754923,2134.25,0.151391872327714,0.5,1,4
"SigSci-TSENS",2026-02-14,0.833069846020175,0.789738935938129,1340.65663043478,0.104822007645109,0.858803497105745,0.858982970822578,2173.75,0.169785564265047,0.75,1,4
"SigSci-TSENS",2026-02-21,0.624935405785282,0.622603305350945,1248.28380434783,0.113559772561268,0.65036891831864,0.68631399206003,2221.25,0.206520877415592,0.5,1,4
"SigSci-TSENS",2026-02-28,0.457903083052683,0.502043880908281,1206.14032608696,0.135173038542463,0.459200306666088,0.53370188650463,2093.25,0.24066369775838,0.5,1,4
"SigSci-TSENS",2026-03-07,0.515397752771268,0.568757436880491,1059.44489130435,0.179386526942867,0.475976308406264,0.574602249767022,1700,0.289293175445548,0.5,1,4
"SigSci-TSENS",2026-03-14,0.671286674637215,0.695903997248681,1449.23695652174,0.280735870872235,0.672738455065596,0.758758338445512,2513,0.486506106051606,0.25,1,4
"SigSci-TSENS",2026-03-21,0.496794267421963,0.548057338249398,994.778043478261,0.265074459715609,0.506641830348297,0.621828132678179,1762.25,0.461780080687868,0.25,1,4
"SigSci-TSENS",2026-03-28,0.401030068890835,0.486001463235888,656.02597826087,0.253852375288321,0.402159469268218,0.495384983613298,1120.5,0.371307739198335,0.75,1,4
"SigSci-TSENS",2026-04-04,1.1394828237588,2.68340059896971,784.351413043478,1.27206070189876,2.51303236124541,6.55355113953217,1610.5,1.7741097565539,0,1,4
"SigSci-TSENS",2026-04-11,0.490687862735166,0.662016555938969,332.85402173913,0.349060545093218,0.201792138571955,0.219537513329975,120.75,0.0603476180454268,1,1,4
"SigSci-TSENS",2026-04-18,0.901007589818183,1.88427150290205,499.6825,1.10638703341511,6.61539508104498,24.3417028598836,1094.75,2.43651518287514,0.5,1,4
"SigSci-TSENS",2026-04-25,0.66990332392453,1.27792116751022,368.70152173913,0.816792845974669,3.79073396027389,5.89758287884729,693,0.690214835733852,1,1,4
"SigSci-TSENS",2026-05-02,0.678322194871012,1.39733622821386,358.724130434783,0.895909947381764,3.88485489247342,6.05615044829593,685,0.741285495063743,1,1,4
"SigSci-TSENS",2026-05-09,0.609832127932952,1.30647139292948,327.094456521739,0.846298169530457,1.97112032786006,2.79388138506464,502.75,0.526315088365326,1,1,4
"SigSci-TSENS",2026-05-16,0.566998121772151,0.819811795200528,291.950217391304,0.54705719468565,0.275174555235243,0.295883194097312,52.5,0.0459430145519915,1,1,4
"SigSci-TSENS",2026-05-23,0.588626601305157,1.24349719820566,290.979456521739,0.903548757157018,2.83227186820657,4.12230573728493,445,0.605704086852047,1,1,4
"UGA_CEID-Walk",2025-11-29,1.55688682612937,1.45181250690303,8419.71495641304,1.27277655697915,1.1191847971113,1.29702273127985,8834.35625,1.41164813942308,0,0,4
"UGA_CEID-Walk",2025-12-06,1.3025119028332,1.37280340758646,15170.9978231522,1.38568677111121,1.0866477474216,1.24317385129007,15857.73925,1.54023861525161,0,0,4
"UGA_CEID-Walk",2025-12-13,1.21257316063853,1.31843883822756,21890.4392001087,1.42138655279601,1.082499227643,1.22368378144911,22972.9555,1.58319188768594,0,0,4
"UGA_CEID-Walk",2025-12-20,1.20717739276282,1.3328812393271,23980.8606861957,1.31585651928671,1.10195872042689,1.23643466414657,25518.867,1.47748875516081,0,0,4
"UGA_CEID-Walk",2025-12-27,1.65284905339296,2.1220923614384,19345.6099828261,0.901637838308217,1.55493016588396,2.04135809086207,21686.48375,1.06617755830795,0,0,4
"UGA_CEID-Walk",2026-01-03,0.9675168043615,1.00240129288314,7094.1596501087,0.271505864611393,0.89564111313056,0.933727741074132,9206.79525,0.347016777618412,0.5,0.75,4
"UGA_CEID-Walk",2026-01-10,0.147764322290143,0.203608180116365,2486.9767442029,0.136748146154373,0.169301709468686,0.235260692998942,3648.901,0.193877613846449,1,1,3
"UGA_CEID-Walk",2026-01-17,0.846318142495355,0.987449713504086,5531.19507847826,0.306757482112125,1.07994164874235,1.06008645066909,10618.69,0.485502831257572,1,1,4
"UGA_CEID-Walk",2026-01-24,3.94920485257306,7.60887344114709,3726.8145251087,0.459623230118323,1.8955347766826,1.78376993904177,1879.31625,0.105753696974979,1,1,4
"UGA_CEID-Walk",2026-01-31,2.22533647036564,4.86025509120274,3361.89274684783,0.586298171957976,1.09393334966129,1.07596281313096,2410.3395,0.160800462443265,1,1,4
"UGA_CEID-Walk",2026-02-07,1.78154138146539,2.72376194039944,2378.36034608696,0.284620598850322,1.25187747456821,1.23023175313862,2342.47425,0.163859401150208,1,1,4
"UGA_CEID-Walk",2026-02-14,1.32301243218181,1.59202137595558,2164.77275315217,0.215642143822923,1.08581032187571,1.06959524680512,2855.4485,0.220003834438503,1,1,4
"UGA_CEID-Walk",2026-02-21,0.988132351524703,0.95498636920699,1997.43089891304,0.176153253061003,1.03500146123007,1.02825297562693,3568.08925,0.311470930693024,0.25,1,4
"UGA_CEID-Walk",2026-02-28,1.13710729116017,1.13038528980453,2972.0402548913,0.301799447932196,1.0277110388973,1.02147249150829,4573.10525,0.448853595027713,0,0.5,4
"UGA_CEID-Walk",2026-03-07,0.985339942061522,0.907731077916322,2033.34790695652,0.286955952471182,1.04722377641104,1.03226423198852,3692.64375,0.509174443086749,0.25,1,4
"UGA_CEID-Walk",2026-03-14,1.0209334718971,0.936266746916549,2177.52527152174,0.37273194761946,1.05280884383361,1.03581233563928,3856.75425,0.650679657194847,0.25,1,4
"UGA_CEID-Walk",2026-03-21,0.953291934009728,0.883638603539965,1908.84061054348,0.426649100085443,1.05199553678205,1.03266870680569,3648.6265,0.763793937989653,0.25,1,4
"UGA_CEID-Walk",2026-03-28,0.911215577001026,0.859388700888702,1494.67186793478,0.447822245270822,1.06518819092548,1.04211739418273,2983.788,0.782527538801124,0,1,4
"UGA_CEID-Walk",2026-04-04,1.04957238054724,1.06249807197313,731.535676630435,0.503991378774303,1.23084490472792,1.17253944369198,810.3965,0.318832921962928,1,1,4
"UGA_CEID-Walk",2026-04-11,0.973439067609704,1.00856108536848,657.659582934783,0.521945181588906,1.23589595042293,1.1810324989602,763.879,0.33453722974108,1,1,4
"UGA_CEID-Walk",2026-04-18,0.956531769353567,1.08079940511969,532.452060978261,0.625075128456908,1.66601213464035,1.52861092063954,292.41725,0.154931094808388,1,1,4
"UGA_CEID-Walk",2026-04-25,0.85080512750767,0.98822884317208,467.397487608696,0.616736721131229,1.54948359523749,1.45495596554506,287.7785,0.170352306578677,1,1,4
"UGA_CEID-Walk",2026-05-02,0.327217888268612,0.208542755632307,174.561976413043,0.13311755282436,1.16279725570737,1.14379609647567,212.75575,0.143749623232592,1,1,4
"UGA_CEID-Walk",2026-05-09,0.327095343483301,0.199474313629999,177.137632391304,0.128820585154192,1.11398903787057,1.09687753676675,290.571,0.210050657696784,1,1,4
"UGA_CEID-Walk",2026-05-16,0.230845161103861,0.142897218848099,120.823237173913,0.0948659038746962,1.08551082732422,1.0751375832052,219.36475,0.175954563841606,0.5,1,4
"UGA_CEID-auto_AVG_LB",2025-11-29,0.888608084529365,0.634920643425986,4921.43256887037,0.567390501141369,0.911142786690386,0.828054993361644,7302.02431749717,0.914887306031389,0.25,0.75,4
"UGA_CEID-auto_AVG_LB",2025-12-06,0.843158388514217,0.673136163003458,10077.2535862317,0.693888609677805,0.926635892135586,0.840065328284748,13727.9959042113,1.05706333289114,0.25,0.5,4
"UGA_CEID-auto_AVG_LB",2025-12-13,0.759553091966591,0.643110262444674,13944.6874673516,0.704566660777156,0.914811265339412,0.821745578409514,19631.4112513736,1.07745629364431,0.25,0.5,4
"UGA_CEID-auto_AVG_LB",2025-12-20,0.671381042071191,0.605482444168579,13362.8750631355,0.599545011064366,0.899864565408367,0.819227234148775,20887.1033806728,0.982262147417173,0,0.5,4
"UGA_CEID-auto_AVG_LB",2025-12-27,0.456699617317197,0.396441000197893,5423.53769849255,0.170649031688786,0.537030489807723,0.468119261875263,7494.61182104521,0.245144564364614,1,1,4
"UGA_CEID-auto_AVG_LB",2026-01-03,2.30688746732041,1.64047255510216,17567.9217238358,0.463898538110101,2.61006527411573,1.98663665855936,27860.661493428,0.770891829226331,0.25,1,4
"UGA_CEID-auto_AVG_LB",2026-01-10,1.0650711006948,0.896313942621742,15813.5981524329,0.506104577147044,1.37062977677019,1.2406409560881,25298.3976020155,0.835346495063537,0,1,4
"UGA_CEID-auto_AVG_LB",2026-01-17,0.541583710007618,0.523344109927543,3547.66759657404,0.161314099187798,0.507886845359579,0.566792581468902,5032.09829069546,0.261678115328232,1,1,4
"UGA_CEID-auto_AVG_LB",2026-01-24,2.28294663185442,2.57319707596618,2138.05503398575,0.152652476299582,3.64041946070344,4.21077202761658,3548.23679990255,0.245858279997145,0.75,1,4
"UGA_CEID-auto_AVG_LB",2026-01-31,1.77046216248721,1.77184234749569,2653.18231615803,0.209952076213455,2.31978044585213,2.60985148001618,5061.36728421704,0.386288365051759,0.25,1,4
"UGA_CEID-auto_AVG_LB",2026-02-07,1.47142958855313,1.36784921397358,1944.1566826037,0.139447843227264,1.46997807169831,1.49002169418585,2681.91274259704,0.19321135268321,1,1,4
"UGA_CEID-auto_AVG_LB",2026-02-14,1.24472456377179,1.08469779802212,2026.19497471247,0.145078324660705,1.0522097793458,1.05213669538597,2698.03050155761,0.210764623915349,1,1,4
"UGA_CEID-auto_AVG_LB",2026-02-21,1.036334864173,0.91510376597371,2065.63879835592,0.16593328366389,0.883136568618057,0.901415357342985,3018.24628854906,0.27097146689679,0.75,1,4
"UGA_CEID-auto_AVG_LB",2026-02-28,0.834739197828142,0.771163059494817,2176.7927733294,0.205057895295827,0.695580885191789,0.74965780064463,3146.94829385869,0.334950299673332,0.5,1,4
"UGA_CEID-auto_AVG_LB",2026-03-07,0.775161103212617,0.741492088636349,1584.31290571664,0.231779690440957,0.622419595835203,0.708351397458879,2202.9295912035,0.352010330842323,0.75,1,4
"UGA_CEID-auto_AVG_LB",2026-03-14,0.734700002715106,0.716595270182904,1571.0957937709,0.285828743244736,0.609380247749482,0.706406164094255,2280.90890878198,0.454219448540076,0.5,1,4
"UGA_CEID-auto_AVG_LB",2026-03-21,0.648974722497681,0.624432823643456,1301.96330611912,0.301815060391351,0.590701299859912,0.695064845944412,2052.09751535645,0.515557495450321,0.25,1,4
"UGA_CEID-auto_AVG_LB",2026-03-28,0.555505643796188,0.51273158439552,918.959612836938,0.268753526667388,0.533515247899943,0.630281224620117,1506.24227327723,0.47758989292617,0.25,1,4
"UGA_CEID-auto_AVG_LB",2026-04-04,0.477236813493369,0.331130807477138,326.484892840439,0.152927666902606,0.609279686284202,0.660059595575533,379.534780209446,0.16971945865195,0.75,1,4
"UGA_CEID-auto_AVG_LB",2026-04-11,0.359028299146879,0.224748072159463,241.899288335776,0.11494843439263,0.254518740259073,0.287446139539007,156.450805069062,0.0812267150375803,1,1,4
"UGA_CEID-auto_AVG_LB",2026-04-18,0.407231797729676,0.250923130056551,223.82451014134,0.142845438214927,1.95952303848321,2.08633697886818,315.967815182034,0.194336848882115,0.75,1,4
"UGA_CEID-auto_AVG_LB",2026-04-25,0.370919162748228,0.22013534623924,201.336405170589,0.135232172065832,1.32255451916113,1.35694546091671,232.737270231031,0.150401590640879,0.75,1,4
"UGA_CEID-auto_AVG_LB",2026-05-02,0.321647031602956,0.182396542293251,169.236162692273,0.114032399051793,0.793688278919838,0.806276050339972,137.380113907306,0.0958703299713008,1,1,4
"UGA_CEID-auto_AVG_LB",2026-05-09,0.328577604611391,0.188182028925392,176.790086148584,0.120409333704267,0.67962672841652,0.708516158678028,177.827204250541,0.13623343966634,1,1,4
"UGA_CEID-auto_AVG_LB",2026-05-16,0.304265043697942,0.179885015301543,156.094332584036,0.116578400564999,0.636476396969025,0.661375868331907,135.117677257482,0.113833195988728,1,1,4
"UGA_flucast-Copycat",2025-11-22,0.740682567420396,0.410566231639859,2007.17010869565,0.360473372554564,0.734553279990205,0.593775469166426,3445.25,0.629198492468246,0,1,4
"UGA_flucast-Copycat",2025-11-29,0.613600504925814,0.384850157999854,3386.93369565217,0.341885251472479,0.721316139763944,0.550302468445989,5801,0.606781693018545,0,1,4
"UGA_flucast-Copycat",2025-12-06,0.453388829160839,0.283904077232555,5489.18315217391,0.295228045494553,0.617008343436757,0.396053210196758,9372.5,0.506956664288057,0.5,1,4
"UGA_flucast-Copycat",2025-12-13,0.450388793730025,0.321028136296378,8257.80108695652,0.35078516770917,0.65354226985114,0.453475132263311,14098.25,0.595046308724325,0.25,1,4
"UGA_flucast-Copycat",2025-12-20,0.472201090811131,0.378534593426945,9325.11076086957,0.371489093608383,0.641878159767951,0.489548500337798,14815.75,0.582044612022925,0.25,0.75,4
"UGA_flucast-Copycat",2025-12-27,0.634765098960771,0.528458452404043,7699.87043478261,0.232140744599776,0.908820339215386,0.744852123724281,13087.75,0.401276705802128,0.25,1,4
"UGA_flucast-Copycat",2026-01-03,2.93963786710457,2.16831917018256,22637.1165217391,0.618103600596324,3.1119183378354,2.20401694020647,33578,0.861675580583002,0,0.25,4
"UGA_flucast-Copycat",2026-01-10,1.46910038682662,1.194429381442,21790.8883695652,0.672800120316287,1.80455866450356,1.47955183143212,33339.25,0.99634883313537,0,0.25,4
"UGA_flucast-Copycat",2026-01-17,0.39525107229525,0.431108040979133,2546.93782608696,0.131566055242848,0.334041691302215,0.362879189835667,3169,0.16058797955214,0.75,1,4
"UGA_flucast-Copycat",2026-01-24,3.08708993087337,3.88785650844035,2953.4072826087,0.236743072772083,5.49807828748269,7.23051337764839,5483,0.434054241496324,0,1,4
"UGA_flucast-Copycat",2026-01-31,2.11370835936669,2.16615995061696,3206.68543478261,0.26072319059075,2.60942912725486,3.10403630650086,5765.75,0.466909061796486,0,1,4
"UGA_flucast-Copycat",2026-02-07,1.36358925946231,1.36833785230982,1793.2227173913,0.139400352645023,1.73383525037065,1.83044666886302,3176.25,0.238587249598834,0.25,1,4
"UGA_flucast-Copycat",2026-02-14,0.713919824289767,0.67871191223117,1149.22847826087,0.0900695314450705,0.686461949728395,0.678247704137574,1725.25,0.133040986258163,0.75,1,4
"UGA_flucast-Copycat",2026-02-21,0.689071673012772,0.660086188418868,1378.97673913043,0.120629499560972,0.647472454346567,0.689100136206263,2220.5,0.208046590195444,0.5,1,4
"UGA_flucast-Copycat",2026-02-28,0.701339020329038,0.703247611203635,1816.22923913043,0.18618859737217,0.723949735811663,0.768021743492221,3204.75,0.336304275563254,0,1,4
"UGA_flucast-Copycat",2026-03-07,0.669559048704114,0.67876868868556,1376.56695652174,0.214520616064391,0.6686463898206,0.744127927807817,2352,0.367502423686164,0.25,1,4
"UGA_flucast-Copycat",2026-03-14,0.703436785132726,0.728224892308744,1501.25293478261,0.291013115434495,0.679147680003572,0.755450482160061,2485.25,0.475513113907698,0.25,1,4
"UGA_flucast-Copycat",2026-03-21,0.692012350559817,0.696670823394003,1374.3475,0.333800092104506,0.651151935653306,0.732439982591212,2235.25,0.538003865708143,0,0.75,4
"UGA_flucast-Copycat",2026-03-28,0.57119325328303,0.537680219381907,923.564456521739,0.27558779401727,0.556904879332626,0.632193776813187,1540,0.470276819850495,0,0.75,4
"UGA_flucast-Copycat",2026-04-04,0.36503518560332,0.283693337383415,251.984130434783,0.13303658883432,0.541299324855337,0.631988148310397,344.75,0.167197882338321,1,1,4
"UGA_flucast-Copycat",2026-04-11,0.32025784246223,0.231697593216333,215.405652173913,0.118974194261231,0.114117149243816,0.139029270884311,73.25,0.0411741444905733,1,1,4
"UGA_flucast-Copycat",2026-04-18,0.463476849820462,0.32594813876571,256.791195652174,0.18805153789064,2.72603078525271,3.22736748552587,448.5,0.308169316036061,1,1,4
"UGA_flucast-Copycat",2026-04-25,0.343647658264222,0.200859897485661,187.48402173913,0.124129794247085,0.799948500682124,0.780367171108514,140.25,0.0861477588332622,1,1,4
"UGA_flucast-Copycat",2026-05-02,0.320063836635393,0.176258634355039,169.177608695652,0.110973321811771,0.52312264222851,0.540728260345669,95.5,0.0680509369000921,1,1,4
"UGA_flucast-Copycat",2026-05-09,0.316202468021653,0.182751769951874,169.971304347826,0.116977364773494,0.737579475926598,0.760835960396248,191.5,0.14520611065051,1,1,4
"UGA_flucast-Copycat",2026-05-16,0.252665883172602,0.161374143448007,128.299347826087,0.103921847936086,0.294771074671491,0.318505302658475,60.75,0.0533654407696136,1,1,4
"UGA_flucast-Copycat",2026-05-23,0.216196464929906,0.136902890270544,106.280760869565,0.0979019396131433,0.363613707818023,0.378788481016907,57.25,0.055433434587246,1,1,4
"UGA_flucast-INFLAenza",2025-11-22,0.520688467160141,0.261578344206574,1411.96515163043,0.229092947610923,0.526844791334268,0.382331447847294,2465.375,0.403076063027587,0,1,4
"UGA_flucast-INFLAenza",2025-11-29,0.461877607932115,0.25954658617878,2548.57027391304,0.229404490628934,0.533917342520779,0.36314620268146,4283.625,0.397745909646168,0,1,4
"UGA_flucast-INFLAenza",2025-12-06,0.570700752901908,0.347726358103255,6869.70665108696,0.358162011269379,0.644748485035712,0.434992562679103,9624.25,0.54654150094057,0,0.75,4
"UGA_flucast-INFLAenza",2025-12-13,0.620604815502412,0.436574472948367,11414.603111413,0.477332163799604,0.714050390188615,0.527094116017433,15353.25,0.688980486500342,0,0.5,4
"UGA_flucast-INFLAenza",2025-12-20,0.664191675062714,0.536200465040851,13185.4057788043,0.529100103455694,0.763082216474704,0.626263289607429,17691,0.749210286020144,0,0,4
"UGA_flucast-INFLAenza",2026-01-10,0.216045711043613,0.255762205984926,3222.90190271739,0.145319716131342,0.294213170595982,0.386130554516311,5478.25,0.262681245930046,0.25,1,4
"UGA_flucast-INFLAenza",2026-01-17,0.341133906693594,0.366626102701992,2223.47027336957,0.112673955047243,0.391987601582663,0.450028000345461,3836.625,0.205541560994437,0.5,1,4
"UGA_flucast-INFLAenza",2026-01-24,1.09455987601357,1.05961372198671,1034.23551847826,0.0634905702294807,0.356393705714704,0.367426607920408,350.75,0.0216767292474045,1,1,4
"UGA_flucast-INFLAenza",2026-01-31,0.984550635103443,0.89413708847268,1480.99720652174,0.106431720179872,1.25960067125664,1.28905954191216,2756,0.191428038493183,0.25,1,4
"UGA_flucast-INFLAenza",2026-02-07,0.858029584081444,0.790276808888075,1136.35412391304,0.0809582778344311,0.924927132593955,0.919504664848301,1696.375,0.120055300328067,1,1,4
"UGA_flucast-INFLAenza",2026-02-14,0.732401837843271,0.681338628114673,1187.15212228261,0.0910514080914144,0.726053643189549,0.730549359683388,1850.375,0.145609575136652,0.75,1,4
"UGA_flucast-INFLAenza",2026-02-21,0.593773293132225,0.577840607580465,1182.75246141304,0.105059419260191,0.575129895672335,0.613159508547542,1959.25,0.184061896370647,0.75,1,4
"UGA_flucast-INFLAenza",2026-02-28,0.539327874830662,0.55677247276984,1401.8609875,0.148001079759445,0.548483808843124,0.61178356196792,2441,0.269470651807101,0.25,1,4
"UGA_flucast-INFLAenza",2026-03-07,0.590945191810289,0.627960494962245,1218.79967065217,0.199278336806965,0.512716333245829,0.613115206512667,1830.25,0.307507174102964,0.5,0.75,4
"UGA_flucast-INFLAenza",2026-03-14,0.628138616522478,0.67909195631556,1351.84548369565,0.273819038450489,0.564946450629883,0.665750644035243,2096.875,0.424995989785874,0.25,0.5,4
"UGA_flucast-INFLAenza",2026-03-21,0.645320704554348,0.673013754233988,1286.72652282609,0.323647909552087,0.580642398200925,0.679977658092109,2003,0.501533874623908,0.25,0.5,4
"UGA_flucast-INFLAenza",2026-03-28,0.613255057183004,0.587942501664394,997.621961956522,0.303321760097824,0.585220052095002,0.666983393001523,1625.375,0.498092865726339,0,0.75,4
"UGA_flucast-INFLAenza",2026-04-04,0.226025877582655,0.149806879943619,156.159386413043,0.070149223729767,0.232104434112406,0.237682707847526,146.625,0.062210600646275,1,1,4
"UGA_flucast-INFLAenza",2026-04-11,0.183214488769556,0.126855683451043,123.130376630435,0.0650620011453952,0.126325161518094,0.145998589191694,77,0.0409303954712068,1,1,4
"UGA_flucast-INFLAenza",2026-04-18,0.320718879665622,0.209181156318336,177.277377173913,0.120301420470573,2.09022674005906,2.357636304442,343,0.224365446535284,0,1,4
"UGA_flucast-INFLAenza",2026-04-25,0.362149293063666,0.237700362928083,196.897207065217,0.147058619859266,2.07909352280409,2.39358851912407,373.625,0.272251168015314,0,1,4
"UGA_flucast-INFLAenza",2026-05-02,0.283991298381032,0.197476569550013,149.479842391304,0.124506187750788,1.65903713005543,1.93833995351536,290.625,0.234361613994094,0,1,4
"UGA_flucast-INFLAenza",2026-05-09,0.188490764677514,0.140975416922604,101.036216304348,0.0903531237378893,0.686927044947846,0.804500483859167,175.75,0.151627153104066,1,1,4
"UGA_flucast-INFLAenza",2026-05-16,0.200172235118468,0.155932294789923,101.533314130435,0.100766658723331,0.972933500589396,1.14652472910491,187,0.179119147774089,0.5,1,4
"UGA_flucast-INFLAenza",2026-05-23,0.20445008405573,0.151135060687795,99.9888206521739,0.107856395353795,1.21116961773425,1.35631894410035,188,0.195314457837135,0.5,1,4
"UGA_flucast-Scenariocast",2025-11-29,0.272102076184496,0.138767520731938,1484.65456521739,0.121776445993188,0.179609788431608,0.0831354102419299,1538.5,0.0951576258595304,1,1,4
"UGA_flucast-Scenariocast",2025-12-06,0.330031379870019,0.190220536767839,3972.80934782609,0.196460635276207,0.456795354639854,0.25295921340383,7110.5,0.329516718883301,0.5,1,4
"UGA_flucast-Scenariocast",2025-12-13,0.344103052597275,0.227570432648966,6335.09434782609,0.249440495233307,0.516718215294618,0.318989059396193,11231,0.421783686667728,0.25,1,4
"UGA_flucast-Scenariocast",2025-12-20,0.424674099156392,0.339276575491466,8401.4847826087,0.33379984122804,0.613946413526213,0.456868898205468,14191,0.544196396036983,0.25,1,4
"UGA_flucast-Scenariocast",2025-12-27,0.552287528421269,0.517468166455785,6521.96315217391,0.22179728218284,0.608432348405219,0.538147227526009,8434.5,0.279369884286147,0.5,1,4
"UGA_flucast-Scenariocast",2026-01-03,0.959468517990253,0.806345326165554,7328.62217391304,0.22823825323613,1.10029233991587,1.06916200371219,11859.5,0.41986110407536,1,1,4
"UGA_flucast-Scenariocast",2026-01-10,0.59402368603336,0.523205170707305,8768.20163043478,0.293631876730045,0.76565338923565,0.79445302677342,13986.25,0.53033443830307,0.5,1,4
"UGA_flucast-Scenariocast",2026-01-17,0.830392246667291,0.791894698090945,5395.75413043478,0.2435370753233,0.658298598058197,0.665970684730758,6268.75,0.295990382023181,0.75,1,4
"UGA_flucast-Scenariocast",2026-01-24,3.07078875847332,3.57434615109919,2921.00945652174,0.21696177787855,3.21953984933354,4.03037203901963,3331,0.251674757629269,1,1,4
"UGA_flucast-Scenariocast",2026-01-31,1.91760388215076,2.13829314503784,2924.2,0.259446214173431,2.47240935685871,3.03814716523608,5522,0.463464470840004,1,1,4
"UGA_flucast-Scenariocast",2026-02-07,2.10605392101149,2.59918377183572,2798.7775,0.268834240782272,3.06959066600879,3.95297098914424,5696.75,0.525134529690038,0.75,1,4
"UGA_flucast-Scenariocast",2026-02-14,1.39076548396481,1.71376708559603,2242.55663043478,0.229223280299577,1.70056167493711,2.13295486230209,4314.75,0.424695572852645,0.5,1,4
"UGA_flucast-Scenariocast",2026-02-21,0.696034784821898,0.854770774018925,1371.60695652174,0.154420647870122,0.660522037201761,0.811899562722216,2214.5,0.24047524082376,1,1,4
"UGA_flucast-Scenariocast",2026-02-28,0.360198045422615,0.469234881774422,925.882608695652,0.123688572890468,0.21156716964893,0.294988521775905,934.75,0.129171407342425,1,1,4
"UGA_flucast-Scenariocast",2026-03-07,0.355766061154519,0.392957707314985,711.313260869565,0.120219279894645,0.299913372625665,0.352125257968865,1016,0.167050945205268,1,1,4
"UGA_flucast-Scenariocast",2026-03-14,0.269455888553004,0.29796086788634,564.690108695652,0.116471767142859,0.17562843842378,0.2360884004098,637,0.14774508989683,1,1,4
"UGA_flucast-Scenariocast",2026-03-21,0.274020786754534,0.288369367099349,542.015217391304,0.137553797735926,0.193986512059123,0.271584619698743,662,0.198203658907615,0.75,1,4
"UGA_flucast-Scenariocast",2026-03-28,0.31379113128017,0.301151757151028,507.296086956522,0.154308825836474,0.258005452583597,0.31083026764393,707.5,0.22918707206899,0.75,1,4
"UGA_flucast-Scenariocast",2026-04-04,0.359190914001459,0.281872720255805,249.838586956522,0.133369640143802,0.624623807897138,0.789031941674698,402,0.211531750888116,1,1,4
"UGA_flucast-Scenariocast",2026-04-11,0.275976395874289,0.211761714786854,187.304673913043,0.109903880094283,0.316096123336829,0.417614228797186,200.5,0.122007734339284,1,1,4
"UGA_flucast-Scenariocast",2026-04-18,0.379738696641103,0.25991572455901,210.289565217391,0.149877244066578,2.47280779787145,2.8594548754453,405.75,0.272090395525795,0.5,1,4
"UGA_flucast-Scenariocast",2026-04-25,0.329935586040003,0.2205876104191,179.853586956522,0.136870995589833,1.79706531322781,2.01468130600477,322.5,0.228673010999495,0.75,1,4
"UGA_flucast-Scenariocast",2026-05-09,0.20763100492453,0.146552173718568,111.939891304348,0.0944457730327112,0.237807795045676,0.267646460601141,61.75,0.0511711011548708,1,1,4
"UGA_flucast-Scenariocast",2026-05-16,0.188707359068366,0.131614672160993,97.0509782608696,0.0860768779207716,0.173879116015028,0.188138020935745,33.75,0.0296107887304016,1,1,4
"UGA_flucast-Scenariocast",2026-05-23,0.173205130461442,0.11962080149689,85.6322826086957,0.0861759087328395,0.430476835879481,0.439996874319132,67,0.0635436709636239,1,1,4
"UGuelph-CompositeCurve",2025-12-06,1.43028653875708,1.85495739827333,16491.6798913043,1.84633359244911,1.18644194138428,1.68270189905366,17169,2.05871957330598,0,0,4
"UGuelph-CompositeCurve",2025-12-13,1.41270020088596,2.15628151653476,25275.4480434783,2.29138569884842,1.2355093355795,1.98404511179399,26032.25,2.53504706207706,0,0,4
"UGuelph-CompositeCurve",2026-01-10,2.4231297775851,1.71649381408644,36183.677826087,0.970715502801615,2.71707490575671,1.84822907993925,50692.25,1.25075389637364,0,0,4
"UGuelph-CompositeCurve",2026-01-24,4.32402532896743,5.33776927226084,4137.92347826087,0.325527486303207,5.79066287606349,7.83785774419101,5780,0.471773610011508,0,1,4
"UGuelphensemble-GRYPHON",2025-12-20,0.769063922262993,0.667593291286671,15299.4669261573,0.660499906860498,0.862979390809278,0.761257477622491,20024.4309473177,0.912087088215909,0,0.25,4
"UGuelphensemble-GRYPHON",2026-01-10,0.609596816571082,0.635929299278221,9057.42859180064,0.359567833068813,0.764717191286915,0.822242746523695,14120.8455737409,0.554413812757815,0,0.5,4
"UGuelphensemble-GRYPHON",2026-02-14,1.0052399352101,0.93429184238456,1656.82078917066,0.12694099311501,1.10740630906124,1.09727526770585,2880.6572562536,0.223099967779143,0.5,1,4
"UGuelphensemble-GRYPHON",2026-02-21,0.68369190229287,0.670524216683055,1364.5424231403,0.122179565087895,0.649714867754818,0.684965947052749,2213.24036621193,0.205461325173739,0.75,1,4
"UGuelphensemble-GRYPHON",2026-02-28,0.614977514927491,0.637404295216223,1609.26199219948,0.170399997999499,0.62302164715232,0.684744542492574,2797.64649630326,0.304053677263175,0.25,1,4
"UGuelphensemble-GRYPHON",2026-03-07,0.579976253937367,0.598632612098712,1192.30683516439,0.188592043536736,0.507465892997369,0.607911771420524,1816.97003165709,0.306010897005756,0.75,1,4
"UGuelphensemble-GRYPHON",2026-03-14,0.721270022224131,0.711378041414839,1544.96084869194,0.284323236504924,0.713465694500535,0.789511436413416,2646.56367574199,0.502927954752546,0.5,1,4
"UGuelphensemble-GRYPHON",2026-03-21,0.528077974580147,0.536197061193057,1057.30082056305,0.258645244520441,0.515272570287264,0.628219227532304,1790.05515720653,0.466114179332521,0.25,1,4
"UGuelphensemble-GRYPHON",2026-03-28,0.634549030149726,0.591237416158373,1038.17365446423,0.306621775341117,0.636324152181989,0.718399605099984,1777.21863069706,0.53907052348859,0.25,1,4
"UGuelphensemble-GRYPHON",2026-04-04,0.547549912173424,0.426068998917299,379.848581874556,0.200467171892813,0.506281113553096,0.569561932656891,320.626329717505,0.149593845625274,1,1,4
"UGuelphensemble-GRYPHON",2026-04-11,0.508120952854115,0.370106287191539,345.13507946634,0.191645288976454,0.0439812113007512,0.0527108134710506,27.2106155168856,0.0150301070299481,1,1,4
"UGuelphensemble-GRYPHON",2026-04-18,0.567539290952169,0.401762630504141,315.369496831709,0.232383262368233,2.74305035359202,3.24121597649961,450.665505045659,0.309050336496613,1,1,4
"UI_CompEpi-EpiGen",2025-12-06,0.976952131938626,0.77050868694607,11623.5472826087,0.79023949479896,0.90471038137338,0.797593775207066,13347.25,0.996961819455432,0,0.25,4
"UI_CompEpi-EpiGen",2025-12-13,0.909576606449135,0.74503310235558,16517.3214130435,0.805273677263211,0.858270855818591,0.735682840841825,18270.25,0.951734389836334,0,0.25,4
"UI_CompEpi-EpiGen",2025-12-20,0.521260875171753,0.373747831110186,10315.2865217391,0.366881904672114,0.513568857512153,0.364880281174165,11857.25,0.433878663963865,0,0,4
"UI_CompEpi-EpiGen",2025-12-27,0.610814799187899,0.548885933198972,7214.58826086957,0.236099537032452,0.597968510575186,0.519238943511788,8405.25,0.273938303245628,0.25,0.25,4
"UI_CompEpi-EpiGen",2026-01-03,1.53366455490331,1.46270516676397,11959.107173913,0.423840286149778,1.26809051861848,1.19923228507201,13800.25,0.474796107792685,0,0,4
"UI_CompEpi-EpiGen",2026-01-10,1.11574907015335,1.09510866411945,16724.4291304348,0.623294058506047,1.04010393799401,1.02316086024412,19384.5,0.694407526864962,0,0,4
"UI_CompEpi-EpiGen",2026-01-17,1.35471995917491,1.33673754978408,8888.56760869565,0.412897943824431,1.14535727250487,1.1073954066236,11311.25,0.509001639125673,0,0,4
"UI_CompEpi-EpiGen",2026-01-24,6.48548008648921,5.15866968749862,6016.69130434783,0.303564040483419,8.07373782930277,6.67149944980271,7844,0.38882270095244,0,0.25,4
"UI_CompEpi-EpiGen",2026-01-31,1.12488875638946,0.892908508228656,1664.03043478261,0.104946520992015,1.1630721434497,1.02603945624064,2498,0.149928001451676,0.25,1,4
"UI_CompEpi-EpiGen",2026-02-14,2.46626760306766,3.75374129519135,3956.47608695652,0.500732301862704,2.44067349239943,3.39103704231346,6181.25,0.67298027966259,0,1,4
"UI_CompEpi-EpiGen",2026-02-21,1.18087629803698,1.83508544511157,2301.45565217391,0.328271646346734,1.12671567850962,1.43665372738337,3747.75,0.420428057800665,0.25,1,4
"UI_CompEpi-EpiGen",2026-02-28,0.328500978804667,0.656825858255911,851.280543478261,0.176346747163058,0.199398587645521,0.239579902181299,887.5,0.105581853216948,1,1,4
"UI_CompEpi-EpiGen",2026-03-07,0.513402510625658,0.719734656157247,1032.09826086957,0.222367310786764,0.437409859895952,0.527968228798581,1495.75,0.25349717904368,0.5,1,4
"UI_CompEpi-EpiGen",2026-03-14,0.811338748069949,0.802827351374123,1743.79065217391,0.32214913535141,0.783904842415044,0.844276842039896,2920,0.539326869367369,0.25,1,4
"UI_CompEpi-EpiGen",2026-03-21,0.480199278674169,0.656222753400519,950.114130434783,0.314585662320304,0.420113005471823,0.518684575048217,1437.25,0.379990135693115,0.75,1,4
"UI_CompEpi-EpiGen",2026-03-28,0.584469258061415,0.576757995652978,955.120652173913,0.299337034522932,0.654197421217361,0.733097102662754,1825,0.549452424687782,0,1,4
"UI_CompEpi-EpiGen",2026-04-04,0.741123212303404,1.38012623443029,512.591630434783,0.65351719212683,1.07705544348096,1.41237779786421,687,0.374570725209222,1,1,4
"UI_CompEpi-EpiGen",2026-04-11,0.729864462260424,0.737194428805791,490.751413043478,0.380771179680973,0.791533350605417,0.808087138681887,483.25,0.226600522337386,1,1,4
"UI_CompEpi-EpiGen",2026-04-18,0.899011937662339,1.97754439057778,497.410108695652,1.14734630538432,5.7688350615149,9.32739368780653,951.25,0.895223409327622,1,1,4
"UI_CompEpi-EpiGen",2026-04-25,0.790942534526165,1.44250303098524,432.298804347826,0.901171901092478,2.86293105651251,3.7468890727151,521.25,0.434320524719258,1,1,4
"UI_CompEpi-EpiGen",2026-05-23,0.53884123870705,0.341709450934526,268.827608695652,0.246902308836279,2.56109862098755,2.23673286826244,413.75,0.33346069711827,1,1,4
"UM-DeepOutbreak",2025-11-22,0.687938995861542,0.35386454217954,1838.13427042187,0.305542110997816,0.462035784126611,0.346839522667376,2134.81327833333,0.360907310237324,0,0,4
"UM-DeepOutbreak",2025-11-29,0.788911338909195,0.454939341739542,4336.42319364172,0.401584014681994,0.562832941248609,0.390366534036366,4513.850605,0.427616339537985,0,0,4
"UM-DeepOutbreak",2025-12-06,0.489982967039804,0.253470630651263,6116.13214355978,0.268937526340806,0.418640274234955,0.230695810143776,6427.204726875,0.295611408731831,0,0.5,4
"UM-DeepOutbreak",2025-12-13,0.372703357112644,0.249931179663615,6776.92579996196,0.268898117605656,0.475871948738517,0.306534801010624,10154.8013633333,0.396373219280215,0,1,4
"UM-DeepOutbreak",2025-12-20,0.452921742212285,0.351565715482312,8899.3662423913,0.342521751492868,0.536965448387375,0.402936322977679,12310.0557108333,0.475280153989029,0,0.25,4
"UM-DeepOutbreak",2025-12-27,0.685299637577456,0.590779309899009,8366.15217450761,0.261767898714854,0.860079605221612,0.704231981823058,12478.510082375,0.382289114960396,0,1,4
"UM-DeepOutbreak",2026-01-03,2.35406445680021,1.93272069118225,18080.1947752967,0.550354110865704,2.20390727853528,1.76657010188597,23746.3472058333,0.691451727906983,0,0.25,4
"UM-DeepOutbreak",2026-01-10,0.701942591353451,0.714321467575125,10322.2544222844,0.399984251209572,0.835701075884654,0.865091668326314,15322.4291225,0.579606240544091,0,0.5,4
"UM-DeepOutbreak",2026-01-17,0.805812352869584,3.01093673165613,5347.12399779978,0.965202784919194,0.913120832612518,2.22371463367948,9133.06744129167,1.05287826995956,0.25,1,4
"UM-DeepOutbreak",2026-01-24,5.86764286616994,16.5466191663329,5564.68817206687,1.0100126452177,9.98142787111561,17.7784949522653,9892.862616125,1.06462194567127,0,1,4
"UM-DeepOutbreak",2026-01-31,3.09953734860915,7.42442827598811,4677.89044889855,0.896882142351003,3.88854730843353,5.48113698661042,8574.48146916667,0.823717841869296,0,1,4
"UM-DeepOutbreak",2026-02-07,2.00881381028167,3.7183342766886,2663.49051259964,0.382904418512965,1.70137275100849,1.75059073712879,3105.58315666667,0.22705769811584,0.5,1,4
"UM-DeepOutbreak",2026-02-21,1.14777049963137,1.7527977695563,2303.73035999275,0.324017393086769,0.931617836707991,0.942993923585898,3205.16059125,0.285228376443538,1,1,4
"UM-DeepOutbreak",2026-02-28,0.808629554949981,1.47145107888779,2113.47842596014,0.394190416221119,0.628505081094282,0.688821175612699,2812.61620958333,0.304871379724862,0.75,1,4
"UM-DeepOutbreak",2026-03-07,0.682504893081582,1.33904912042592,1409.77234793659,0.428932975869305,0.283110675350229,0.388227917332123,1038.281235,0.201202155941624,1,1,4
"UM-DeepOutbreak",2026-03-14,0.963764906000505,2.36586632181145,2016.87990075888,0.923673588791864,0.118504694375533,0.175630176046142,454.899391875,0.116854036715504,1,1,4
"UM-DeepOutbreak",2026-03-21,0.842567088334115,1.59044069527337,1680.12816852087,0.76515328308345,0.437591357273898,0.50676088784164,1485.50275104427,0.368049531579375,1,1,4
"UM-DeepOutbreak",2026-03-28,0.915703818369735,1.49123253699555,1504.24306736673,0.775793666065351,0.504330604030851,0.55961811372435,1392.08685780762,0.41482137669146,1,1,4
"UM-DeepOutbreak",2026-04-04,1.72667842723936,2.39975326677412,1206.84912391231,1.13630111608152,0.513652967979545,0.68454551221182,331.158381583659,0.184894788769942,1,1,4
"UM-DeepOutbreak",2026-04-11,1.7684937642777,2.3396515525723,1202.40657771655,1.20313036874226,0.792275347275607,0.892886397922012,482.397084375326,0.249103705872191,1,1,4
"UM-DeepOutbreak",2026-04-18,2.15187997161558,2.08047120978519,1213.5739465576,1.20923674658422,2.3168134826132,2.22748354305842,385.641405917969,0.213730935182265,1,1,4
"UM-DeepOutbreak",2026-04-25,1.81473140442091,2.01535017881731,1006.08846358395,1.2647505248295,2.15712348173901,1.98858622613605,408.082048666992,0.236958130338536,1,1,4
"UM-DeepOutbreak",2026-05-09,1.35697317780607,1.34328434828083,742.827490021124,0.88669625314528,1.01763523148732,0.880026721335378,272.045599479166,0.17141800430403,1,1,4
"UM-DeepOutbreak",2026-05-16,1.06310415547928,0.835485064774668,555.794198890003,0.546844719356737,1.38931727996613,1.40603259730489,272.709990808919,0.222232516380047,1,1,4
"UM-DeepOutbreak",2026-05-23,0.598209952292478,0.660352214830889,300.334074529296,0.481364094175255,1.2234145208376,1.21009664924247,195.565904915466,0.178644715352317,0.75,1,4
"UMass-AR2",2025-11-22,0.793380983221848,0.446688770935339,2161.40154511954,0.394278276197663,0.745094284659318,0.604331815471301,3500.63369577062,0.641704089984497,0,1,4
"UMass-AR2",2025-11-29,0.77223673750095,0.482579540501125,4282.43506771742,0.430389304630928,0.755410835849745,0.592175107720904,6072.22449622808,0.653269215184379,0,0.75,4
"UMass-AR2",2025-12-06,0.852830110634024,0.62062623144469,10170.4998690774,0.637492527770488,0.838437203961036,0.682272483025626,12437.904912764,0.85665563992684,0,0,4
"UMass-AR2",2025-12-13,0.858911810000762,0.690734210283135,15647.3601552725,0.750234718204537,0.862127078534743,0.730377339401825,18459.3097670322,0.952695472178437,0,0,4
"UMass-AR2",2025-12-20,0.816337077824119,0.705009295524246,16159.6704015959,0.692941740136581,0.84378415884719,0.735534702050998,19531.5942682729,0.877780750408487,0,0.25,4
"UMass-AR2",2025-12-27,0.662921683097947,0.576488423745169,7896.58029290257,0.249091680979629,0.867184043275557,0.734006751931248,12335.4371659689,0.390774897433474,0,0.75,4
"UMass-AR2",2026-01-03,3.0239179618377,2.30272251556686,23363.0801084044,0.658041639090604,2.87150378366173,2.08412034045591,31133.8544598297,0.818378866287072,0,0.25,4
"UMass-AR2",2026-01-10,0.68168057597535,0.700352136479119,10064.5884342325,0.39332156905049,0.81696130663099,0.861619158722161,15058.7946761037,0.58002740304577,0,0.25,4
"UMass-AR2",2026-01-17,1.86407150005236,1.65415223507443,11359.2640164289,0.463181952899605,1.83625798746653,1.61528850102191,17145.9800383062,0.687432884205553,0,0.333333333333333,3
"UMass-AR2",2026-01-24,8.92957739738826,14.5593332822219,8448.89496279084,0.880875954333829,10.65843605023,19.5091494025483,10537.3401445433,1.16655463471073,0,0,4
"UMass-AR2",2026-01-31,4.23267121533681,4.91406605644774,6382.10490778366,0.588930179700949,3.95991782984417,5.58614903656425,8728.18059789718,0.839708689559846,0,0.25,4
"UMass-AR2",2026-02-07,1.78773890029441,1.86526844266798,2347.20810937555,0.189936493210824,2.15291038327031,2.37722444407263,3952.29884269169,0.310755739672437,0.25,0.75,4
"UMass-AR2",2026-02-14,0.957356577220675,0.941429734038074,1529.51259638366,0.124094775047444,0.747995335480154,0.71427425043851,1857.58248040796,0.138006270731372,0.5,0.75,4
"UMass-AR2",2026-02-21,0.545455861786364,0.559320953284289,1072.27764701943,0.10042940547621,0.337723982825303,0.345882788976642,1121.79678516158,0.101155563354108,0.75,1,4
"UMass-AR2",2026-02-28,0.271724912661523,0.323941965120795,706.853588988688,0.0861428766568803,0.13222215826879,0.175703819021232,599.347379235121,0.0791719557659869,1,1,4
"UMass-AR2",2026-03-07,0.471666569037703,0.534296122489213,935.050219902715,0.16207598467579,0.449992326988917,0.518381978281319,1515.95629532867,0.243921075865982,0.5,1,4
"UMass-AR2",2026-03-14,0.373251452688152,0.419814240045025,796.681158866174,0.167320808609693,0.329892507145256,0.435866393912555,1241.46791654725,0.284195039137581,0.5,1,4
"UMass-AR2",2026-03-21,0.325430084619536,0.363098737164055,649.683319443225,0.175019244589265,0.327028051025051,0.430364000886978,1126.08358588569,0.317343817416863,0.75,1,4
"UMass-AR2",2026-03-28,0.260903238563426,0.315488059728865,428.378702733599,0.165091077465137,0.201700745152599,0.271423880130368,562.699210784409,0.204067550955833,0.75,1,4
"UMass-AR2",2026-04-04,1.40798034928029,2.52321736592981,968.238154523732,1.19886720221548,2.53068057422572,5.77242102296676,1618.83430658316,1.54858625794645,0,0.75,4
"UMass-AR2",2026-04-11,0.487557857508866,0.330031927280243,333.999121352062,0.172241335912404,0.500557683113555,0.541823753206161,317.836426776375,0.157711753934138,1,1,4
"UMass-AR2",2026-04-18,0.568066107900621,0.506898055785989,314.944740595256,0.294107483856147,2.28717216369567,2.50527630112707,369.360820644903,0.233750679240495,0.75,1,4
"UMass-AR2",2026-04-25,0.562569813101494,0.350303611040619,312.295098884241,0.220510217749107,1.78398231361057,1.73859777314188,325.666603942589,0.199990090713498,0.75,1,4
"UMass-AR2",2026-05-02,0.61957499770371,0.328782171109331,337.143922166889,0.212161547615149,2.43063756667155,2.17333773321706,450.011828555271,0.275068124534243,1,1,4
"UMass-AR2",2026-05-09,0.586918522886612,0.350297422751584,321.965420300357,0.228465706402788,1.52664382739662,1.41256812716638,408.866462008511,0.276745873576735,1,1,4
"UMass-AR2",2026-05-16,0.54868259656573,0.358187872944072,289.319035499716,0.238668754371772,1.50777633094488,1.40335298951973,320.942507478375,0.240504518002798,1,1,4
"UMass-AR2",2026-05-23,0.526298115654437,0.3689196764015,266.190712630975,0.270224056082903,1.7112327942013,1.59459638243331,280.652424977934,0.240981345181905,1,1,4
"UMass-flusion",2025-11-22,0.708098934184049,0.370541641719648,1920.11685329251,0.325023189741825,0.616776955679414,0.465990760874247,2891.34977501942,0.492571155336957,0,0.25,4
"UMass-flusion",2025-11-29,0.619060590993385,0.352359425442315,3427.29515313995,0.31269461565227,0.578624137017495,0.398821753804223,4653.81620874872,0.438135528980693,0,0.75,4
"UMass-flusion",2025-12-06,0.607604046982992,0.374434118829592,7350.55004974109,0.387680447440466,0.618658560391826,0.405229970534147,9295.02709330658,0.512174351027814,0,0.5,4
"UMass-flusion",2025-12-13,0.605232553301364,0.411334387898316,11149.4200137188,0.45100794648428,0.629505042494754,0.428264246268438,13620.1621870426,0.563471702427372,0,0.25,4
"UMass-flusion",2025-12-20,0.361779680269549,0.261124324399252,7120.17348757981,0.255258029420821,0.34814930494151,0.228580903182765,7978.54028211613,0.269755493768369,0.25,0.25,4
"UMass-flusion",2025-12-27,0.509611723646553,0.452622011593947,6052.41191646715,0.195190363760254,0.737152395082584,0.620071551724837,10601.4052089777,0.334471728084298,0.25,0.75,4
"UMass-flusion",2026-01-03,1.03935076082724,1.00997030969161,8083.12545145976,0.2919938598372,1.23568151366474,1.17925521060721,13414.5056638032,0.465920913784497,0,0.5,4
"UMass-flusion",2026-01-10,0.873687284675333,0.852563008663085,13002.9795583514,0.482460698269476,1.10784949444929,1.0738562461376,20519.3544814283,0.725285015871724,0,0.25,4
"UMass-flusion",2026-01-24,2.6509982005707,2.28076348550567,2487.33919111576,0.135729630596706,4.70665801773535,4.23117741745116,4586.4732811554,0.247164864517107,1,1,4
"UMass-flusion",2026-01-31,0.941572770408261,0.928490305052384,1425.03487129976,0.111334546688083,1.24376859146851,1.27952293288018,2742.14586146095,0.191648916800582,1,1,4
"UMass-flusion",2026-02-07,1.35371313950144,1.33035378153642,1776.16643299455,0.135241669139322,1.5457552708204,1.6136291179323,2836.55869388845,0.210799628782549,0.25,1,4
"UMass-flusion",2026-02-14,1.20207889466512,1.19866994486744,1910.61662165517,0.157162646639153,1.16766226280357,1.25259233338989,2932.48346790575,0.245636916572546,0.25,0.75,4
"UMass-flusion",2026-02-21,0.397204055442714,0.377094235222691,770.609430120189,0.0667312179787459,0.276443506297428,0.27352043289439,913.298356445915,0.0794887504396677,0.75,0.75,4
"UMass-flusion",2026-02-28,0.33462335038826,0.381366058021496,871.985699580523,0.101718801044241,0.358347217584999,0.422992392570063,1596.57660481377,0.186702811059345,0,1,4
"UMass-flusion",2026-03-07,0.385669255427076,0.473933858218953,795.531157630794,0.151095263781354,0.328266892777438,0.425023279905725,1155.43454050013,0.21134282313057,0.25,0.75,4
"UMass-flusion",2026-03-14,0.408221429773285,0.517262658381747,894.501587207617,0.213320807598947,0.302891328186842,0.407498389712822,1132.73303051908,0.263495590034208,0.25,0.5,4
"UMass-flusion",2026-03-21,0.457151026520465,0.546578750318268,910.222491050597,0.262700603931876,0.289380762524612,0.388232661011453,993.497728296558,0.2852695969282,0,0.25,4
"UMass-flusion",2026-03-28,0.431053131078048,0.463506308087099,700.475808356677,0.239186452486433,0.30531172986137,0.380011558852707,843.20798448165,0.282421010084953,0,0,4
"UMass-flusion",2026-04-04,0.360856533459171,0.261854833762003,248.292498258557,0.122397101292356,0.630771940587383,0.768767792111431,403.715728277048,0.204709004089399,0,1,4
"UMass-flusion",2026-04-11,0.201720143696475,0.152513197067117,136.696598880066,0.0788896391303243,0.367116173339954,0.461303089011805,227.067792205963,0.131473064075776,0,1,4
"UMass-flusion",2026-04-18,0.478004492236476,0.297807192760131,262.173465606133,0.169647040408306,2.64211558320851,3.0296980115286,432.0220614883,0.287030531363957,0,0.75,4
"UMass-flusion",2026-04-25,0.408913963768924,0.243924967879801,219.898726556942,0.1488092589537,1.79240565036032,1.97190040022643,320.251751416155,0.222615294531634,0,0.75,4
"UMass-flusion",2026-05-02,0.232204927416723,0.144030995925692,120.067918931772,0.088877527246047,1.24059417068906,1.36382279697993,214.881918308055,0.162635509523138,0,0.75,4
"UMass-flusion",2026-05-09,0.0631541304373942,0.0415598343520638,33.9522425251513,0.0266628227362793,0.113078419318184,0.124573354431505,29.11376097611,0.023662940687518,0.5,1,4
"UMass-flusion",2026-05-16,0.0805058133846081,0.0547915296822236,42.5788300781932,0.0368179131145976,0.258081260491404,0.27984900322781,54.5459646674225,0.0481654971616061,0.5,1,4
"UMass-flusion",2026-05-23,0.126151644184486,0.0821815131244852,62.7184910543543,0.0595767529224581,0.663070562370798,0.680607331004054,105.385816109118,0.10035196007007,0.5,0.75,4
"UMass-trends_ensemble",2025-11-22,1.47843389143352,0.91476429642579,4013.82233695652,0.80704923055253,0.926498940404894,0.865369272285132,4338.25,0.918436624953415,0,0,4
"UMass-trends_ensemble",2025-11-29,1.22062972939763,0.886476317704606,6683.30554347826,0.784801927582859,0.914946846431421,0.834595495360054,7294,0.915646136931879,0,0,4
"UMass-trends_ensemble",2025-12-06,1.08399478232134,0.899531812563926,12775.1490217391,0.916730610337854,0.926772752284289,0.839000788104279,13660,1.04818017220483,0,0,4
"UMass-trends_ensemble",2025-12-13,1.01460717587075,0.887609317441203,18430.0569021739,0.961937559641366,0.923714303913474,0.839131173353084,19720.125,1.09148608344487,0,0,4
"UMass-trends_ensemble",2025-12-20,0.96300053745561,0.87286694229574,19106.3298369565,0.859725487357864,0.903530071873598,0.827714646132779,20913.25,0.987732856853393,0,0,4
"UMass-trends_ensemble",2025-12-27,0.793066702857457,0.739427375250364,9220.23760869565,0.311512980214712,0.906535075070739,0.864069259953579,12578.625,0.448204785465464,0,0.5,4
"UMass-trends_ensemble",2026-01-03,1.57589302245088,1.43539204580326,12324.8423369565,0.416566082444867,1.62592756264627,1.44181222671761,17664,0.568649666763784,0.25,0.5,4
"UMass-trends_ensemble",2026-01-10,1.44592368097175,1.2794658021599,21590.81625,0.72545996667524,1.49104804676371,1.30502391974095,27688.375,0.882350261084976,0,0,4
"UMass-trends_ensemble",2026-01-17,1.11854940541287,0.983615423900415,7321.12163043478,0.303089026393332,1.36413454992478,1.27079340790404,13420.125,0.582058959161086,0,1,4
"UMass-trends_ensemble",2026-01-24,3.17311883951625,4.94493590456527,2990.47342391304,0.299399991565479,1.06261547414009,1.1304303974228,1070.625,0.0683680608456276,1,1,4
"UMass-trends_ensemble",2026-01-31,2.5232857817431,4.13024294209605,3813.81940217391,0.501012677905902,3.15539788407277,3.94706002857657,6948.125,0.591545660068119,0,1,4
"UMass-trends_ensemble",2026-02-07,1.84684560654856,2.42206126606651,2436.58472826087,0.249453620436099,2.10822243997816,2.34319145376007,3879.875,0.30727107857323,0.25,1,4
"UMass-trends_ensemble",2026-02-14,0.831131075434338,0.774096347152221,1323.89880434783,0.101661063109907,0.756385066377275,0.750647346889486,1905.125,0.147588346159112,0.5,0.75,4
"UMass-trends_ensemble",2026-02-21,0.783764897007897,0.803260475064563,1577.04673913043,0.147828223682482,0.753538332438279,0.784327538107896,2577.625,0.236167769359571,0,0.5,4
"UMass-trends_ensemble",2026-02-28,1.04150511476891,1.08109149031742,2726.11652173913,0.289199379719694,0.878305883160942,0.9028503318246,3911.875,0.397308220211265,0,0.25,4
"UMass-trends_ensemble",2026-03-07,0.683003327462709,0.710818994597004,1417.55804347826,0.226615263662052,0.691194184306165,0.765493558175062,2449.75,0.380605689922051,0.25,1,4
"UMass-trends_ensemble",2026-03-14,0.542909389974674,0.585964224311392,1164.92777173913,0.235180606586508,0.535244769552436,0.642075229647189,2000,0.412530609394673,0.5,1,4
"UMass-trends_ensemble",2026-03-21,0.469196755881531,0.490337867969028,933.858043478261,0.235497484258413,0.48515179164897,0.597365266231162,1677.875,0.441613837355198,0.25,1,4
"UMass-trends_ensemble",2026-03-28,0.392909897151693,0.400326798576237,640,0.207110969930843,0.465667098537003,0.554624384847287,1292.875,0.414213409439157,0.5,1,4
"UMass-trends_ensemble",2026-04-04,0.525420922156986,0.789610714751819,363.759619565217,0.377008013139739,0.608090169880948,0.723687525753264,387.875,0.191835702709023,1,1,4
"UMass-trends_ensemble",2026-04-11,0.454785353349805,0.653637210681835,306.538641304348,0.3410943856806,0.482334022648866,0.627157275020474,298.625,0.178967866755719,1,1,4
"UMass-trends_ensemble",2026-04-18,0.604089977408561,0.788342100208557,334.560597826087,0.461122103802944,3.37883264251883,4.16644520845727,555.25,0.397330581323179,0.75,1,4
"UMass-trends_ensemble",2026-04-25,0.426197553001155,0.339473819833922,231.588097826087,0.211105700213817,1.90237568185832,2.13547321810233,340.875,0.241951242254101,0.25,0.75,4
"UMass-trends_ensemble",2026-05-02,0.218982861323052,0.1509315215025,114.735054347826,0.0947149590985872,1.03465136766472,1.1247212673742,179.5,0.134371863176899,0.75,1,4
"UMass-trends_ensemble",2026-05-09,0.101581281506084,0.0689206817708737,54.6151630434783,0.0442487365645925,0.19420718105523,0.215000698110529,49.875,0.0406879824797,1,1,4
"UMass-trends_ensemble",2026-05-16,0.0915774015799874,0.0632512741078262,46.5589130434783,0.0408378643986122,0.233832821840908,0.244842164201661,44.5,0.037741268110878,1,1,4
"UMass-trends_ensemble",2026-05-23,0.125638342436103,0.085700439635427,61.1410869565217,0.0607573164832056,0.524309000593786,0.524895951870251,80.125,0.0741725641416626,0.75,1,4
"UNC_IDD-InfluPaint",2025-11-22,1.17824302091561,0.69611704766655,3182.0102173913,0.609927247773413,0.8643668461781,0.769588025098797,4042.25,0.814460639015736,0,0,4
"UNC_IDD-InfluPaint",2025-11-29,0.939077872802628,0.61229529145867,5134.77036682547,0.539044447694087,0.793278148235338,0.650499213820313,6328.28120038079,0.711908854596469,0,0,4
"UNC_IDD-InfluPaint",2025-12-06,1.0282666799121,0.869756343345591,12063.7265502545,0.880145505473891,0.970501480181111,0.933387951206094,14218.6212577078,1.15800444753347,0,0,4
"UNC_IDD-InfluPaint",2025-12-13,1.06298319601642,1.01439985912387,19250.8446200661,1.09501493137676,1.01608137135783,1.04106423399291,21603.0056311253,1.3483325095291,0,0,4
"UNC_IDD-InfluPaint",2025-12-20,1.06877190377697,1.092727148439,21217.691370539,1.07759071593698,1.05465092079948,1.11886919735438,24421.2749010652,1.33649281966232,0,0,4
"UNC_IDD-InfluPaint",2025-12-27,0.859243819651302,0.800266944683532,9986.82508619476,0.336994314256853,0.805444283769769,0.741110633584515,11152.3529671006,0.383481282882204,0.25,0.25,4
"UNC_IDD-InfluPaint",2026-01-03,1.36451288943542,1.31758559195344,10466.7463694337,0.375700302092257,1.24205032413783,1.17671017542954,13379.5386083852,0.461765766520851,0.25,0.25,4
"UNC_IDD-InfluPaint",2026-01-10,1.0907758407928,1.05681739689219,16073.5979775748,0.592952852518729,1.02557457889118,1.00812299307484,18835.338958973,0.676317035377236,0,0,4
"UNC_IDD-InfluPaint",2026-01-17,0.569857985825522,0.608571029817408,3632.03152696506,0.183031332842142,0.550250639612674,0.594346374004279,5301.71632133222,0.267476258176048,0,0.25,4
"UNC_IDD-InfluPaint",2026-01-24,2.80735598067955,3.19686395600379,2687.63055193969,0.194628587532655,4.15224685460849,5.06007422502902,4138.92125032293,0.303328768720537,0,0.5,4
"UNC_IDD-InfluPaint",2026-01-31,4.48448505652171,4.84670240193252,6775.47010973821,0.580989941654173,3.4959984387355,4.58242632478937,7699.53183306778,0.687329787509433,0,0,4
"UNC_IDD-InfluPaint",2026-02-07,4.19767754807898,4.83782326573015,5550.29959284071,0.497049590085945,3.48909176625254,4.56590872157499,6449.82105603817,0.603402075406926,0,0,4
"UNC_IDD-InfluPaint",2026-02-14,2.3305045533164,2.65907233478025,3737.24078962323,0.353125679730424,1.86725764654395,2.36242505729254,4732.37825693552,0.469625465222727,0,0,4
"UNC_IDD-InfluPaint",2026-02-21,0.887073958558792,1.0313217355616,1735.59651735148,0.184849506970065,0.801012428151575,0.997939900535568,2680.93471911494,0.294895152760734,0,0.75,4
"UNC_IDD-InfluPaint",2026-02-28,0.190315898469329,0.237929515603194,485.135366889988,0.0619701851656487,0.182615800818616,0.221183999675948,792.025177075985,0.0946460420602313,0.25,1,4
"UNC_IDD-InfluPaint",2026-03-07,0.337130536278822,0.403065335127898,691.260444213777,0.127259284772187,0.286190529548291,0.385578355521502,1011.34721562728,0.192561646072627,0.75,1,4
"UNC_IDD-InfluPaint",2026-03-14,0.436959832762993,0.533483006779566,948.312086870878,0.217538535796254,0.368373130142549,0.475844522603254,1374.78282981631,0.306916453624953,0.25,0.5,4
"UNC_IDD-InfluPaint",2026-03-21,0.664350319116935,0.734178465546488,1329.58523535008,0.354191523745985,0.52371058122541,0.634040399037153,1813.85978534058,0.469216483073295,0.25,0.25,4
"UNC_IDD-InfluPaint",2026-03-28,0.648696055305424,0.647239350932637,1054.35934656864,0.33367567891076,0.528238678407923,0.613489198725158,1467.16069184133,0.458174383230673,0,0,4
"UNC_IDD-InfluPaint",2026-04-04,0.322950185553907,0.20241736782885,223.626863874848,0.0948706994927626,0.554278594558814,0.587670424689149,357.09287954062,0.156848652593304,0.25,1,4
"UNC_IDD-InfluPaint",2026-04-11,0.120890590814773,0.0796395306287583,81.3085655207093,0.0407928566583687,0.153361995324532,0.172770114092685,93.4871939051679,0.048381112178232,1,1,4
"UNC_IDD-InfluPaint",2026-04-18,0.190611394001674,0.110753972572759,104.460688361318,0.062998755047873,0.96669590733324,0.970407055201218,156.086491173802,0.090580042246351,0.5,1,4
"UNC_IDD-InfluPaint",2026-04-25,0.337168085701206,0.210182959034508,181.640882216276,0.128319222304363,1.70521278127969,1.87138518660915,302.240173291969,0.209062978669666,0.5,1,4
"UNC_IDD-InfluPaint",2026-05-02,0.316427684844321,0.203944450309436,163.213566688719,0.12545892289975,1.57801463171012,1.74769646387926,270.964213819821,0.206204279352187,0.5,1,4
"UNC_IDD-InfluPaint",2026-05-09,0.152242232236535,0.105081549266075,81.0717748060659,0.0667446217304431,0.426374264339702,0.45388307736752,107.195161560703,0.0837949580755417,1,1,4
"UNC_IDD-InfluPaint",2026-05-16,0.146154698275314,0.110370722818605,75.1609568694758,0.0724943929293098,0.468623670483408,0.574503808035478,92.4482751862433,0.0925924501517932,0.75,1,4
"UNC_IDD-InfluPaint",2026-05-23,0.301582727751414,0.285379686665408,157.042456729142,0.221538530697597,1.20988398104065,1.83335518308896,204.005060159761,0.294578349857362,0.5,0.75,4
"UVAFluX-Ensemble",2025-11-22,0.669833675114469,0.332532171802597,1871.07967391304,0.299042461216931,0.596655063156536,0.430380044240311,2856.75,0.465279893860193,0.25,0.75,4
"UVAFluX-Ensemble",2025-11-29,0.790073995850443,0.469750901727596,4434.87239130435,0.423280518357943,0.713213994182771,0.535944914018638,5769,0.595137508868961,0.25,0.5,4
"UVAFluX-Ensemble",2025-12-06,0.901431138174293,0.662476562698936,10714.7192391304,0.677684120852088,0.839508887675943,0.689732340875136,12390.75,0.860596858080854,0,0.25,4
"UVAFluX-Ensemble",2025-12-13,0.643421546605308,0.426973115074096,9065.53550724638,0.405611186451276,0.638569307383948,0.435304790842022,10475.3333333333,0.494734230571199,0.333333333333333,0.333333333333333,3
"UVAFluX-Ensemble",2025-12-20,0.659282848784655,0.325206468108659,13652.5245652174,0.327482310662173,0.78736576607771,0.35896572258763,18997.75,0.437169575707529,0,0.5,4
"UVAFluX-Ensemble",2025-12-27,0.498881547878197,0.43156787301311,5811.92423913044,0.182560165170053,0.566980276723576,0.493843995389493,7887.75,0.257526636533052,0,0.5,4
"UVAFluX-Ensemble",2026-01-03,1.60879293984824,1.51517124980824,12473.0307608696,0.436102338474482,1.41178083693708,1.29851249591931,15335.25,0.51293822870366,0.25,0.25,4
"UVAFluX-Ensemble",2026-01-10,0.473759940800459,0.524964468254775,7055.88586956522,0.29788497349873,0.56748360024972,0.658095217643383,10524,0.445645875372024,0.25,0.5,4
"UVAFluX-Ensemble",2026-01-17,0.652812227481656,0.625530542002249,4408.03467391304,0.197666589526542,0.696193690167027,0.711454490972061,7152.5,0.338170314879348,0.5,1,4
"UVAFluX-Ensemble",2026-01-24,1.86992650724699,1.55481481381249,1793.80826086957,0.0941099349073303,2.40991138503036,2.19828942613456,2451,0.133422404398268,0.75,1,4
"UVAFluX-Ensemble",2026-01-31,2.22077729000513,2.33241280269626,3360.37293478261,0.280186781290731,2.67432332359499,3.18303495278555,5898,0.477882707362203,0,1,4
"UVAFluX-Ensemble",2026-02-07,2.05491295369887,2.25182991543713,2691.19239130435,0.228603100748449,2.47164865805147,2.79110859314547,4525.5,0.363553498410163,0.25,1,4
"UVAFluX-Ensemble",2026-02-14,0.932807517647353,0.902176150878731,1505.9677173913,0.120035027622067,0.954370048216545,0.958032822872615,2415,0.189195116508739,0.5,1,4
"UVAFluX-Ensemble",2026-02-21,0.703522291747416,0.685453293483811,1423.16663043478,0.12651419522442,0.676058000145722,0.721246296055361,2375.25,0.222726711727886,0.5,1,4
"UVAFluX-Ensemble",2026-02-28,0.506219045152453,0.53694931581279,1306.23913043478,0.141816825463389,0.509817640695358,0.564110176288667,2247,0.246164439386287,0.75,1,4
"UVAFluX-Ensemble",2026-03-07,0.506498079850089,0.557258623917875,1023.3122826087,0.171917555476458,0.374177464840082,0.46800052335682,1285.25,0.22603752848981,1,1,4
"UVAFluX-Ensemble",2026-03-14,0.827747291531131,0.766122412990863,1747.89456521739,0.30227816686767,0.902828455421001,0.922726565829277,3283.5,0.576861298929342,0.25,1,4
"UVAFluX-Ensemble",2026-03-21,0.583129510327296,0.598202078045906,1186.37706521739,0.292914011956666,0.537539326994574,0.637823464447704,1897.25,0.478950810582575,0.25,0.75,4
"UVAFluX-Ensemble",2026-03-28,0.348574165100023,0.360005450525658,578.297934782609,0.188852983379241,0.321383840514749,0.408470456717044,915.5,0.313403283019994,0.5,1,4
"UVAFluX-Ensemble",2026-04-04,0.879573993910024,0.828503621556882,602.954239130435,0.384969766414722,1.79982895547267,2.76433105114564,1143,0.727731448066349,0.25,1,4
"UVAFluX-Ensemble",2026-04-11,0.480941901269465,0.354963880086774,326.123260869565,0.182545966885333,0.590439611737544,0.705487672078377,359.25,0.196978644576386,1,1,4
"UVAFluX-Ensemble",2026-04-18,0.73016666081461,0.556420580822259,403.85152173913,0.320289311552259,5.0684659094498,7.07435716288496,832.5,0.675457451590142,0.25,1,4
"UVAFluX-Ensemble",2026-04-25,0.478308740864003,0.368253092584176,263.496304347826,0.232032361777611,2.44198238712523,3.12072265474038,444.25,0.360872401252938,1,1,4
"UVAFluX-Ensemble",2026-05-02,0.430200190983418,0.237714437418986,225.181630434783,0.148868803871157,0.848922175344197,0.81217779999283,145.5,0.0960024618457678,1,1,4
"UVAFluX-Ensemble",2026-05-09,0.477846518445982,0.25737796860037,254.165543478261,0.163290052489158,1.43326664330407,1.32876062222684,361,0.246083226331554,1,1,4
"UVAFluX-Ensemble",2026-05-16,0.528018505942699,0.283462888220324,268.984456521739,0.183181736662449,2.35745746487082,2.1050606027542,453.5,0.328116321348674,0.25,1,4
"UVAFluX-Ensemble",2026-05-23,0.594412072751191,0.308735509778435,296.583369565217,0.223816474064354,3.22267523935115,2.73250377976277,510.5,0.400022017808964,0.25,1,4
"UVAFluX-FS_OptimWISE",2025-12-20,0.348777351319645,0.251809197001753,6852.34304347826,0.245484079183871,0.446978440046894,0.311096950901281,10269.25,0.367964222724174,0,0.5,4
"UVAFluX-FS_OptimWISE",2025-12-27,0.577837749276192,0.510761394726896,7106.96097826087,0.228652134886849,0.752219333241219,0.621130367090661,10957.25,0.339359805510473,0.25,0.75,4
"UVAFluX-FS_OptimWISE",2026-01-03,1.82172155485529,1.60406060130867,14088.7330434783,0.460883635520905,1.79796332950849,1.53828228245844,19422.5,0.603974415709287,0.25,0.5,4
"UVAFluX-FS_OptimWISE",2026-01-10,0.714706791671107,0.731803815840839,10556.190326087,0.411279636213426,0.813625192694709,0.857133274879449,14979.5,0.576414851700831,0,0.25,4
"UVAFluX-FS_OptimWISE",2026-01-17,0.372637670903428,0.398813687560917,2435.67923913043,0.122863853651252,0.44508112702247,0.50428897913081,4369.25,0.230933315913534,0,1,4
"UVAFluX-FS_OptimWISE",2026-01-24,1.66699758421118,1.89440262687339,1578.14902173913,0.11389189338432,2.80502715478461,3.17616944100027,2777,0.188670156489007,0.75,1,4
"UVAFluX-FS_OptimWISE",2026-01-31,1.75974776695551,1.82762343041273,2661.22673913043,0.219311764772012,2.33577291207201,2.66648840627601,5146.5,0.399489290229531,0,1,4
"UVAFluX-FS_OptimWISE",2026-02-07,1.306431210175,1.37154284150733,1727.63434782609,0.140787208175845,1.69270035720519,1.80454669646119,3113.5,0.236411895185965,0.25,1,4
"UVAFluX-FS_OptimWISE",2026-02-14,0.83083626832674,0.847585496271292,1329.60260869565,0.112095273572082,0.764305141979379,0.751787082244833,1908.5,0.146289207293531,0.5,1,4
"UVAFluX-FS_OptimWISE",2026-02-21,0.358917414324976,0.378036971796736,707.822717391304,0.0682008584989334,0.191560591794016,0.195110425205285,634.25,0.0568635285267391,1,1,4
"UVAFluX-FS_OptimWISE",2026-02-28,0.318502210730091,0.34294169080709,819.151630434783,0.0902028539141405,0.291021259759549,0.334305738964143,1280.5,0.145704473019552,0.75,1,4
"UVAFluX-FS_OptimWISE",2026-03-07,0.32888556916086,0.373749275194884,670.587391304348,0.117281197655764,0.2276140071068,0.324841555350007,814.75,0.164671068044108,0.75,1,4
"UVAFluX-FS_OptimWISE",2026-03-14,0.46741666417143,0.523931136125178,1001.3552173913,0.210607893013413,0.45583248885621,0.558856931787039,1681.5,0.355505025655553,0.25,1,4
"UVAFluX-FS_OptimWISE",2026-03-21,0.33003770491327,0.37618935757886,655.595326086956,0.180193261213121,0.31131551896089,0.41932070948537,1073,0.309113160992228,0.25,1,4
"UVAFluX-FS_OptimWISE",2026-03-28,0.36704322868935,0.367180697233087,592.485326086957,0.187887919748151,0.341154741720352,0.417096686472653,942.25,0.310006833640209,0,0.75,4
"UVAFluX-FS_OptimWISE",2026-04-04,0.288663055992945,0.222775413327231,200.164347826087,0.105118925804567,0.572284505061401,0.703826754239813,367.75,0.188369207994427,0.5,1,4
"UVAFluX-FS_OptimWISE",2026-04-11,0.215721515891469,0.173545397794767,146.993586956522,0.0904443401804474,0.387379103445617,0.51341379237161,243,0.148636866049655,0.5,1,4
"UVAFluX-FS_OptimWISE",2026-04-18,0.476264917994822,0.32663499791344,263.950543478261,0.188525402495054,3.00112840452209,3.62701363234625,494,0.34667605128437,0,1,4
"UVAFluX-FS_OptimWISE",2026-04-25,0.477166887782361,0.322901035049088,259.258369565217,0.199593073830942,2.6553696145662,3.18614071530381,477,0.362312233061898,0,1,4
"UVAFluX-FS_OptimWISE",2026-05-02,0.307585994791955,0.217350478982644,163.049130434783,0.138327585383504,1.69312360234142,2.03867916966359,298.25,0.248630091592545,0.25,1,4
"UVAFluX-FS_OptimWISE",2026-05-09,0.294705078275883,0.207200491806094,154.339347826087,0.129125344195,0.903168029011099,1.02073431604744,224.75,0.18616156736421,0.5,0.75,4
"UVAFluX-FS_OptimWISE",2026-05-16,0.305957064015831,0.222153584946731,150.098043478261,0.137628699621551,1.21120551284928,1.38491115093476,223.75,0.206300721841348,0.5,1,4
"UVAFluX-FS_OptimWISE",2026-05-23,0.178081742975525,0.125225121955948,85.7846739130435,0.0876924645471129,0.914689355831091,0.961613023538724,139.5,0.13562542777834,0.75,1,4
"VTSanghani-PRIME",2025-11-29,0.956196855101531,0.630460613496114,5294.83054347826,0.55985232285656,0.811465152372892,0.676195320112453,6466.25,0.73946399167157,0.25,0.25,4
"VTSanghani-PRIME",2025-12-06,0.890415198478499,0.656156922567361,10617.332173913,0.671446096913038,0.832015167688049,0.680110714508255,12266.5,0.847216840822675,0,0.25,4
"VTSanghani-PRIME",2025-12-13,0.95068600154241,0.811770808778893,17274.5110869565,0.877296151115324,0.905294881027124,0.815397485013118,19250,1.05348282774513,0,0,4
"VTSanghani-PRIME",2025-12-20,0.878846050715089,0.771252514121972,17448.2086956522,0.759948241739459,0.868367996681507,0.775974074161492,20084.25,0.924763711053926,0,0,4
"VTSanghani-PRIME",2025-12-27,0.499822818611768,0.464070486737988,5859.53130434783,0.197285302386512,0.685476607495878,0.612773239220727,9530.25,0.318999356894311,0.25,0.5,4
"VTSanghani-PRIME",2026-01-03,0.749559196159556,0.707536718750498,5677.02652173913,0.198812509026222,1.00215873256714,0.996294359729499,10696,0.387714167883092,0.5,1,4
"VTSanghani-PRIME",2026-01-10,0.171566318083136,0.280686619569072,2532.29510869565,0.158239642841355,0.235873582276036,0.363253857022648,4349.75,0.245673706751804,0.5,1,4
"VTSanghani-PRIME",2026-01-17,0.403035278465926,0.644825622996213,2682.77065217391,0.204188883267436,0.353088332861598,0.570355504256855,3621.5,0.275819383030736,0.5,0.75,4
"VTSanghani-PRIME",2026-01-24,4.30522910690275,5.59312042465617,4119.90934782609,0.339684732025896,6.42126204080806,8.5964514240627,6356.25,0.511949276686535,0.25,0.5,4
"VTSanghani-PRIME",2026-02-07,1.59326694220668,1.81940905064673,2099.05173913043,0.185827202871105,2.20548094288118,2.46228531885743,4056.5,0.322742294501282,0.5,1,4
"VTSanghani-PRIME",2026-02-14,1.00490291765564,1.15313048764346,1606.48434782609,0.152222812208152,1.09184159050824,1.14156168790476,2733.75,0.222962190686735,0.75,1,4
"VTSanghani-PRIME",2026-02-21,0.65030044058914,0.711488156615897,1273.92989130435,0.127156453106682,0.265126850108518,0.268387359351863,881,0.0785774586280619,1,1,4
"VTSanghani-PRIME",2026-02-28,0.416813832795713,0.480317266656985,1062.40369565217,0.12500911079374,0.116672324793475,0.156834061440163,532,0.0710046793735395,1,1,4
"VTSanghani-PRIME",2026-03-07,0.45541254459905,0.50384335891288,907.17652173913,0.153218112473291,0.288813004789296,0.359154482943155,981.5,0.171737826417812,1,1,4
"VTSanghani-PRIME",2026-03-14,0.523355147081593,0.535362396061755,1099.03641304348,0.209541503840656,0.418550132110894,0.533034555611046,1572.25,0.34469477496337,0.5,1,4
"VTSanghani-PRIME",2026-03-21,0.427286443316498,0.434944637579512,844.813152173913,0.207571663090997,0.372574786080266,0.487859176815704,1288.25,0.360619662274111,1,1,4
"VTSanghani-PRIME",2026-03-28,0.427575462000603,0.417840690856279,693.589239130435,0.214935900444367,0.419918243870972,0.50891274850117,1165.25,0.379940599998638,1,1,4
"VTSanghani-PRIME",2026-04-04,0.508594883521638,0.350710163507838,350.070434782609,0.163398452888344,0.367027348952315,0.394141463730109,235.25,0.104728710726553,1,1,4
"VTSanghani-PRIME",2026-04-11,34.0342727675984,3.68661381866648,23246.1794565217,1.89201949615002,68.2040867228952,10.7890771999066,42277.75,3.02701111086453,0,1,4
