"model_id","reference_date","wis_scaled_relative_skill","wis_scaled_relative_skill__log","wis","wis__log","ae_median_scaled_relative_skill","ae_median_scaled_relative_skill__log","ae_median","ae_median__log","interval_coverage_50","interval_coverage_95","n"
"CADPH-FluCAT_Ensemble",2025-11-22,0.538698297861305,0.383578830846491,31.9461069780654,0.11024963369706,0.445004217978522,0.394276943575038,35.0964982144238,0.136627317300038,0.75,1,4
"CADPH-FluCAT_Ensemble",2025-11-29,0.661821704044811,0.538690755400518,94.1005894276565,0.252625423486984,0.799109984648351,0.687700290261244,170.212015096975,0.455435161962213,0.25,1,4
"CADPH-FluCAT_Ensemble",2025-12-06,0.662613533772686,0.549565934785885,202.111431676389,0.330635376392934,0.773798960999026,0.636743936907662,333.997958948222,0.562269414805344,0.25,1,4
"CADPH-FluCAT_Ensemble",2025-12-13,0.744004612695269,0.625989774774757,404.974623193289,0.533680368838837,0.864387817321294,0.737764805936131,603.490918741174,0.839332995612685,0,0.5,4
"CADPH-FluCAT_Ensemble",2025-12-20,0.660491699842439,0.568409400814493,308.621965392183,0.313260144094783,0.940178474958264,0.782507776545714,558.573047403951,0.560888983727297,0,1,4
"CADPH-FluCAT_Ensemble",2025-12-27,0.575563798637251,0.501556263631669,243.810354320149,0.201861341179019,0.699585157193033,0.602442362484149,361.025121364047,0.30333538740995,0.5,1,4
"CADPH-FluCAT_Ensemble",2026-01-03,1.15812799745948,0.850283610994119,286.391801873166,0.145960331671572,1.5045178147833,1.22124105872029,452.079569865957,0.252873856451346,0.5,1,4
"CADPH-FluCAT_Ensemble",2026-01-10,2.68816128430171,1.73929708591954,827.636559558444,0.323308653366233,4.01021294468255,2.94585539589705,1345.14652027047,0.59293659272102,0,1,4
"CADPH-FluCAT_Ensemble",2026-01-17,0.565472415655621,0.470496687920364,191.861357190628,0.100573036910583,0.364787270565214,0.366011685057352,154.367023074677,0.0917702217465957,1,1,4
"CADPH-FluCAT_Ensemble",2026-01-24,0.614173182386964,0.578460057646647,249.649871568193,0.156060542556942,0.710967883096589,0.695058513525978,470.585493161915,0.280719670925976,0.25,1,4
"CADPH-FluCAT_Ensemble",2026-01-31,0.74163988484968,0.710366644851313,250.125953966491,0.153461905922761,0.782203407894981,0.746344475537985,418.493202895155,0.245443167799374,0.5,1,4
"CADPH-FluCAT_Ensemble",2026-02-07,1.33019444168204,1.37313906155081,356.591917384052,0.235125768384737,1.4253207331117,1.48928847769135,578.949151338983,0.376702811549942,0.5,1,4
"CADPH-FluCAT_Ensemble",2026-02-14,1.58444532691735,1.47940306359732,354.763392022503,0.204358853750396,1.77479056956841,1.96840409775302,575.812638566233,0.364903807739108,0.25,1,4
"CADPH-FluCAT_Ensemble",2026-02-21,0.936133168917933,0.982314431425056,221.721508369991,0.17962146289873,0.992837873106507,1.24315805257687,335.436232461868,0.306366718079413,0.5,1,4
"CADPH-FluCAT_Ensemble",2026-02-28,0.66959086157738,0.736034778231659,155.013722582357,0.152080995093845,0.636422500089201,0.874763059410908,225.109141558341,0.251737965798446,0.75,1,4
"CADPH-FluCAT_Ensemble",2026-03-07,0.898899339628105,0.995625066124316,179.649200399753,0.21979737431638,0.975651011081225,1.21098486937457,305.584378336992,0.400377620581797,0.25,1,4
"CADPH-FluCAT_Ensemble",2026-03-14,0.602028481332675,0.690126503568601,91.1994659322711,0.159144718964617,0.581970985361675,0.819013579062022,133.162581797849,0.263120212915112,0.5,1,4
"CADPH-FluCAT_Ensemble",2026-03-21,0.40949574736179,0.463870005542549,58.0835770448314,0.130273622198705,0.343811085099302,0.463120351033995,75.327227780553,0.170809867360403,0.75,1,4
"CADPH-FluCAT_Ensemble",2026-03-28,0.755271205831671,0.875874063220767,85.9811067668144,0.234869686577498,0.894276151826809,1.17085575985598,148.656555135849,0.43499714468714,0,1,4
"CADPH-FluCAT_Ensemble",2026-04-04,0.370641098592261,0.369808572392178,25.4069790643,0.0991101021076196,0.39344117021446,0.451114170958258,25.5574882742988,0.107631588233523,1,1,4
"CADPH-FluCAT_Ensemble",2026-04-11,0.346906157492985,0.36138388484062,22.5355051090191,0.103584556869789,0.484992115636701,0.508367278770369,28.129599427345,0.132566644507508,1,1,4
"CADPH-FluCAT_Ensemble",2026-04-18,0.385027201236447,0.387384012791553,23.5728901326482,0.130036072123028,0.946440187659012,0.821457555733535,42.100958487834,0.224802805608501,1,1,4
"CADPH-FluCAT_Ensemble",2026-04-25,0.479921630801714,0.503928386534367,33.4737681819724,0.2014683145781,1.08172932147955,0.972338997655352,62.9101572984827,0.369905831494614,0.25,1,4
"CADPH-FluCAT_Ensemble",2026-05-02,0.596743390157572,0.529494321058172,29.3357633643245,0.132003012320293,1.36322234870172,1.18986093135846,44.7343610096163,0.223903381382262,1,1,4
"CADPH-FluCAT_Ensemble",2026-05-09,0.534741833418477,0.560591201412673,26.9787696261836,0.134415112484321,2.04523930630412,1.93073491656521,41.7299675707663,0.23219058722373,1,1,4
"CADPH-FluCAT_Ensemble",2026-05-23,0.490761864225865,0.514974650852198,19.3726563490366,0.11636071169068,1.87918034136442,1.40636945679146,27.427332210385,0.18135852109931,1,1,4
"CEPH-Rtrend_fluH",2025-11-22,0.585353526922402,0.458695188949829,32.5357483277592,0.342845699367757,0.573077227193468,0.444110644183925,52.4807692307692,0.531559775105277,0.447115384615385,0.865384615384615,208
"CEPH-Rtrend_fluH",2025-11-29,0.69571993055545,0.575084912828799,74.3350647993311,0.468766878292923,0.784267382388287,0.614407304132941,120.461538461538,0.760773031033152,0.25,0.8125,208
"CEPH-Rtrend_fluH",2025-12-06,0.579032459222019,0.44638404760035,129.633377926421,0.446281118976233,0.70646380140693,0.495250483005347,201.629807692308,0.699312745192489,0.307692307692308,0.778846153846154,208
"CEPH-Rtrend_fluH",2025-12-13,0.595739454998716,0.47195829355934,203.500309364548,0.54097576365246,0.724835868523046,0.532200266474383,299.384615384615,0.808468690913284,0.149038461538462,0.5625,208
"CEPH-Rtrend_fluH",2025-12-20,0.493006123829631,0.382619931795923,185.386448578595,0.414136866342482,0.596432697485944,0.433330792511581,271.081730769231,0.60778978210062,0.221153846153846,0.596153846153846,208
"CEPH-Rtrend_fluH",2025-12-27,0.652290178990849,0.555925695110344,160.701989966555,0.32118407966213,0.770733052664613,0.637718857485813,238.596153846154,0.478726125440954,0.3125,0.730769230769231,208
"CEPH-Rtrend_fluH",2026-01-03,0.83631583161327,0.869270521681664,150.177711120401,0.287126596639497,0.979180727486305,1.04256210513541,237.298076923077,0.463942039958953,0.346153846153846,0.860576923076923,208
"CEPH-Rtrend_fluH",2026-01-10,0.54587685820254,0.603797341400494,156.870510033445,0.322728231016313,0.691059151043649,0.778887311461808,245.557692307692,0.509740455715733,0.283653846153846,0.769230769230769,208
"CEPH-Rtrend_fluH",2026-01-17,0.576668361790108,0.858626159451128,91.1478574414716,0.367213020924227,0.627080596503681,1.01768752954972,136.514423076923,0.580675518846993,0.389423076923077,0.889423076923077,208
"CEPH-Rtrend_fluH",2026-01-24,1.63208118101149,2.32514286464766,138.508574414716,0.762218725181826,1.50464480804406,2.48199071746431,196.139423076923,1.16914655509945,0.158653846153846,0.663461538461538,208
"CEPH-Rtrend_fluH",2026-01-31,1.78491582413233,2.14530225467217,133.171977424749,0.728480031155915,1.79058335003756,2.40571577616188,193.908653846154,1.15263406973535,0.129807692307692,0.692307692307692,208
"CEPH-Rtrend_fluH",2026-02-07,1.57970217159963,1.65749770825858,77.9026755852843,0.376975874577166,1.72016028166184,1.97031136004985,123.413461538462,0.624709417905447,0.293269230769231,0.865384615384615,208
"CEPH-Rtrend_fluH",2026-02-14,0.898709405762378,1.00588497593344,42.9964757525084,0.229390630940235,0.975336062740934,1.19245879493452,67.6298076923077,0.354391858101674,0.615384615384615,0.961538461538462,208
"CEPH-Rtrend_fluH",2026-02-21,0.630057309424084,0.831074774118772,36.2738440635451,0.256991534560735,0.696820385265045,1.00567413562245,58.9182692307692,0.415446565826457,0.524038461538462,0.975961538461538,208
"CEPH-Rtrend_fluH",2026-02-28,0.527641925847592,0.92009825123022,31.4167203177258,0.304894469086655,0.54664832575942,1.09028854246676,49.6875,0.498090884383641,0.475961538461538,0.951923076923077,208
"CEPH-Rtrend_fluH",2026-03-07,0.521143893173219,0.83758272982316,23.8042683946488,0.3247753728333,0.547281916024531,0.904821549983554,40.3557692307692,0.528535246645987,0.480769230769231,0.947115384615385,208
"CEPH-Rtrend_fluH",2026-03-14,0.399911382787633,0.66220456528396,18.2615969899666,0.296400111242268,0.387268624721338,0.669777681637496,28.6826923076923,0.456255188557923,0.653846153846154,0.990384615384615,208
"CEPH-Rtrend_fluH",2026-03-21,0.365743898669153,0.586752155349615,15.2286935618729,0.302570146899583,0.324292119960588,0.554071621780785,22.25,0.451336355889728,0.658653846153846,0.966346153846154,208
"CEPH-Rtrend_fluH",2026-03-28,0.409650964250648,0.641933470903296,14.1888064381271,0.374500786727543,0.372368777157168,0.598286592927917,20.8076923076923,0.549066928069943,0.600961538461538,0.903846153846154,208
"CEPH-Rtrend_fluH",2026-04-04,0.74496889996484,1.14586322904831,13.2220714882943,0.503903219890394,1.14533891827989,1.86746762937536,22.2932692307692,0.883710223299007,0.495192307692308,0.975961538461538,208
"CEPH-Rtrend_fluH",2026-04-11,0.818961726479281,1.21923477170864,12.674375,0.564748033079437,1.49708716935375,2.08913910656718,21.1009615384615,1.00530683342591,0.370192307692308,0.995192307692308,208
"CEPH-Rtrend_fluH",2026-04-18,0.898452775118587,1.12346581188153,12.354377090301,0.541661715083536,1.97569854741749,2.14102540765101,19.8221153846154,0.942141330516452,0.528846153846154,0.975961538461538,208
"CEPH-Rtrend_fluH",2026-04-25,0.828386353998625,1.04671805786674,11.129383361204,0.536759630606358,1.75640661615088,1.78082183752701,18.1682692307692,0.926785561838671,0.370192307692308,0.956730769230769,208
"CEPH-Rtrend_fluH",2026-05-02,0.70116806275686,0.964189132512804,9.54908235785953,0.496141071461598,1.4829884622152,1.6843822132027,15.4134615384615,0.838331204572545,0.461538461538462,0.932692307692308,208
"CEPH-Rtrend_fluH",2026-05-09,0.60949055808461,0.901632902112562,7.66579640468227,0.458934266046785,1.51582734203101,1.54458871416279,12.9278846153846,0.759090308050303,0.504807692307692,0.961538461538462,208
"CEPH-Rtrend_fluH",2026-05-16,0.595868035900383,0.879110721375086,7.33289297658863,0.467493996135396,1.5708723323766,1.34496317943904,11.8413461538462,0.760233179684102,0.5625,0.942307692307692,208
"CEPH-Rtrend_fluH",2026-05-23,0.584478157407677,0.826814707458767,6.80145066889632,0.432140145978034,1.6798103442926,1.36596915500324,11.1490384615385,0.692937392037754,0.625,0.971153846153846,208
"CFA_Pyrenew-Pyrenew_HE_Flu",2025-11-22,0.614457928627739,0.434296108586287,17.5692787927845,0.260932557779668,0.523946908924877,0.413624190751428,24.7446808510638,0.390736548945689,0.436170212765957,0.882978723404255,94
"CFA_Pyrenew-Pyrenew_HE_Flu",2025-11-29,0.491033754789355,0.391005627581694,18.7612702358927,0.202939941399817,0.448892281115337,0.373849038121171,26.1010638297872,0.303308444440105,0.48936170212766,0.893617021276596,94
"CFA_Pyrenew-Pyrenew_HE_Flu",2025-12-06,0.432319887509502,0.325582017528705,25.9781344588344,0.18489728202642,0.495121450338185,0.34586088330995,40.9521276595745,0.291901138572856,0.340425531914894,0.925531914893617,94
"CFA_Pyrenew-Pyrenew_HE_Flu",2025-12-13,0.48806797414325,0.294035604165525,66.0410152646503,0.213536147323154,0.5426245170668,0.319246913828742,94.2445652173913,0.320003171662917,0.293478260869565,0.782608695652174,92
"CFA_Pyrenew-Pyrenew_HE_Flu",2025-12-20,0.286050619723227,0.209105530023623,87.3325217391304,0.222147735576905,0.350683414031883,0.243750746568153,130.11170212766,0.338080627978953,0.265957446808511,0.829787234042553,94
"CFA_Pyrenew-Pyrenew_HE_Flu",2025-12-27,0.375327014284174,0.240114960880387,101.275004227053,0.148363301907484,0.439446060935421,0.2724490088157,150.122222222222,0.217991767768756,0.344444444444444,0.755555555555556,90
"CFA_Pyrenew-Pyrenew_HE_Flu",2026-01-03,2.05579541806218,1.6076246791762,244.490694056429,0.285048484626021,1.94583085777413,1.57074201196367,307.989361702128,0.369600106472521,0.276595744680851,0.627659574468085,94
"CFA_Pyrenew-Pyrenew_HE_Flu",2026-01-10,0.68463978795879,0.793798323858193,148.528997259964,0.309446402631593,0.819837929656374,0.957071502035159,221.786458333333,0.459019951390605,0.145833333333333,0.625,96
"CFA_Pyrenew-Pyrenew_HE_Flu",2026-01-17,0.363365102609998,0.459677145338837,48.2319404438406,0.147778457215397,0.406285774262671,0.542972946743212,75.2395833333333,0.235530832381547,0.40625,0.9375,96
"CFA_Pyrenew-Pyrenew_HE_Flu",2026-01-24,0.93150320495955,0.631908160203482,59.5689905117754,0.149616024922002,0.956227467077213,0.707318783145768,93.671875,0.238327882209325,0.427083333333333,0.927083333333333,96
"CFA_Pyrenew-Pyrenew_HE_Flu",2026-01-31,0.716930164109037,0.511903129254904,45.5445145652174,0.139835913517291,0.78959671408209,0.589661146242013,72.635,0.225360759817417,0.47,0.97,100
"CFA_Pyrenew-Pyrenew_HE_Flu",2026-02-07,0.694683098502468,0.666882658924064,38.6786482391304,0.131167510218091,0.758936189393024,0.734999750938803,63.135,0.208305278571053,0.42,0.94,100
"CFA_Pyrenew-Pyrenew_HE_Flu",2026-02-14,0.89253747347063,0.83558271587483,43.9580225,0.151860366248633,0.969587949304068,1.02015565671238,70.17,0.242334383378884,0.36,0.88,100
"CFA_Pyrenew-Pyrenew_HE_Flu",2026-02-21,1.00094048726425,0.933589991165353,50.5156387907609,0.220395898514223,1.06607268495272,1.0855389581026,77.6302083333333,0.33395376808036,0.28125,0.75,96
"CFA_Pyrenew-Pyrenew_HE_Flu",2026-02-28,0.693228267147249,0.994631250526152,35.0904408478261,0.244022265646081,0.698713079556782,1.09378159513282,53.35,0.364737447775864,0.27,0.74,100
"CFA_Pyrenew-Pyrenew_HE_Flu",2026-03-07,1.51500181009061,1.0949751362675,64.9948782391304,0.315437374833493,1.38899618846159,1.09122880017391,93.815,0.457404444374754,0.28,0.68,100
"CFA_Pyrenew-Pyrenew_HE_Flu",2026-03-14,1.55648974931839,1.41293528293068,58.4679459565217,0.383985541159643,1.45664649348349,1.38707796911946,86.96,0.557286797962433,0.19,0.57,100
"CFA_Pyrenew-Pyrenew_HE_Flu",2026-03-21,0.682756175018861,0.912947307920779,30.0257299039434,0.413908152018781,0.637234126350665,0.849715831533875,45.7267441860465,0.587165770302465,0.22093023255814,0.720930232558139,86
"CFA_Pyrenew-Pyrenew_HE_Flu",2026-03-28,1.24546721028356,1.25590859182203,47.7466750293772,0.667087707503349,1.07931035122676,1.08879306835572,67.2905405405405,0.882797117512683,0.0405405405405405,0.364864864864865,74
"CFA_Pyrenew-Pyrenew_HE_Flu",2026-04-04,1.78128527336113,1.62604809095059,34.0310045150502,0.566726988453159,2.50289400536817,2.24752410571423,52,0.80231431094688,0.153846153846154,0.602564102564103,78
"CFA_Pyrenew-Pyrenew_HE_Flu",2026-04-11,1.4346727275348,1.08248866447216,20.3160681677019,0.366389273086119,2.78367255693955,1.77490680863467,32.2678571428571,0.580087109461512,0.214285714285714,0.767857142857143,56
"CFA_Pyrenew-Pyrenew_HE_Flu",2026-04-18,0.52564031623877,0.52768036528998,8.43591968167702,0.223757063348289,1.15858200480115,0.913508848455543,13.7946428571429,0.347655109016703,0.5,0.964285714285714,56
"CFA_Pyrenew-Pyrenew_HE_Flu",2026-04-25,0.576028691650078,0.624111225084646,8.84126227208976,0.265189578958674,0.886897121799554,0.946395540801906,11.2338709677419,0.421151566217221,0.548387096774194,0.919354838709677,62
"CFA_Pyrenew-Pyrenew_HE_Flu",2026-05-02,0.598124275096281,0.680391531328268,8.48095695652174,0.287136899391008,1.18241572142166,1.14265784000277,12.4571428571429,0.451451303097137,0.528571428571429,0.942857142857143,70
"CFA_Pyrenew-Pyrenew_HE_Flu",2026-05-09,0.518348443903852,0.695339891459574,5.18238631713555,0.307619153267291,1.21759995215543,1.20898965710517,7.98529411764706,0.491711738253726,0.426470588235294,0.926470588235294,68
"CFA_Pyrenew-Pyrenew_HE_Flu",2026-05-16,0.385540442380361,0.522950476809979,3.79001525032938,0.24570791966439,0.883225084662842,0.821495112501797,5.33333333333333,0.401976564300259,0.651515151515151,0.96969696969697,66
"CFA_Pyrenew-Pyrenew_HE_Flu",2026-05-23,0.57470000699757,0.703830679880597,6.79925833333333,0.326826383762184,1.3405192347787,1.08904552039766,9.06944444444444,0.495621068780922,0.555555555555556,0.861111111111111,72
"CFA_Pyrenew-Pyrenew_H_Flu",2025-11-22,0.579634893892306,0.76668953487585,15.9249500905797,0.465930664517741,0.546150590722823,0.739416009318485,25.1614583333333,0.716618051935677,0.322916666666667,0.864583333333333,96
"CFA_Pyrenew-Pyrenew_H_Flu",2025-11-29,0.58484870654522,0.712899091567753,21.4314825181159,0.372728430401192,0.578791883167158,0.70412447812943,32.59375,0.579904364477655,0.427083333333333,0.854166666666667,96
"CFA_Pyrenew-Pyrenew_H_Flu",2025-12-06,0.569469417469236,0.636537358969432,33.5525360470275,0.351035545713843,0.609048075017953,0.65089839849391,49.8724489795918,0.537163931978773,0.418367346938776,0.877551020408163,98
"CFA_Pyrenew-Pyrenew_H_Flu",2025-12-13,0.553201300327535,0.518069427605041,75.3877011548913,0.375666972387909,0.663702490030624,0.583704152389282,116.890625,0.588341093446916,0.239583333333333,0.833333333333333,96
"CFA_Pyrenew-Pyrenew_H_Flu",2025-12-20,0.653506260953915,0.521482764820435,209.561415409207,0.547058824227967,0.768931250212751,0.602202169193499,290.75,0.807889948103151,0.0882352941176471,0.549019607843137,102
"CFA_Pyrenew-Pyrenew_H_Flu",2025-12-27,0.49439638547718,0.407022587320265,133.067924692817,0.251977825453358,0.587000803035626,0.461053135932223,199.608695652174,0.367730868093397,0.41304347826087,0.858695652173913,92
"CFA_Pyrenew-Pyrenew_H_Flu",2026-01-03,2.82565545286482,2.09428508741493,326.981088451087,0.366972185037223,3.16220755325897,2.34420899843185,489.552083333333,0.545756064995711,0.229166666666667,0.645833333333333,96
"CFA_Pyrenew-Pyrenew_H_Flu",2026-01-10,1.20229598906347,1.1532835336386,295.743013533674,0.460281599197598,1.44376334955036,1.38895373306192,440.235294117647,0.679571280468827,0.0882352941176471,0.519607843137255,102
"CFA_Pyrenew-Pyrenew_H_Flu",2026-01-17,0.552808739934915,0.660001761670714,77.3731946504689,0.217319277685117,0.630704036505735,0.796009050574684,122.81862745098,0.351661666019211,0.490196078431373,1,102
"CFA_Pyrenew-Pyrenew_H_Flu",2026-01-24,1.53171293577049,1.74004526402424,94.4808707161125,0.410985673834405,1.5212790410765,1.91298907997254,143.56862745098,0.642210866086189,0.274509803921569,0.803921568627451,102
"CFA_Pyrenew-Pyrenew_H_Flu",2026-01-31,1.37015360471139,1.49522452686937,88.2280533248082,0.419128729986981,1.3759737621678,1.60467112743151,127.235294117647,0.625372485727824,0.323529411764706,0.794117647058823,102
"CFA_Pyrenew-Pyrenew_H_Flu",2026-02-07,1.0894591501631,1.18114187657788,57.812462254902,0.235579730853184,1.171616599608,1.28982076341764,91.5490196078431,0.365283855977902,0.5,0.911764705882353,102
"CFA_Pyrenew-Pyrenew_H_Flu",2026-02-14,1.15921784904321,1.28483544765985,57.029794458653,0.240266541747511,1.23732838597913,1.55564274606042,89.2156862745098,0.379945936125198,0.46078431372549,0.92156862745098,102
"CFA_Pyrenew-Pyrenew_H_Flu",2026-02-21,0.971520377960632,1.03543026682816,49.176526552795,0.251613196197227,1.02480901555659,1.24740910659236,75.5969387755102,0.401258221537259,0.479591836734694,0.938775510204082,98
"CFA_Pyrenew-Pyrenew_H_Flu",2026-02-28,0.874553637221732,0.902096359447807,42.417699488491,0.214343760721447,0.909663945375374,1.06244081913967,66.3235294117647,0.343091036037906,0.558823529411765,0.990196078431373,102
"CFA_Pyrenew-Pyrenew_H_Flu",2026-03-07,0.676223104114213,0.893551700489342,28.3841152387042,0.264093989831925,0.619037253466984,0.912646950273932,41.656862745098,0.399762208011085,0.53921568627451,0.911764705882353,102
"CFA_Pyrenew-Pyrenew_H_Flu",2026-03-14,0.617204254943119,0.80462779196969,22.0399203111679,0.218200176053951,0.572286924300051,0.835868166122637,31.906862745098,0.329494190178925,0.647058823529412,0.96078431372549,102
"CFA_Pyrenew-Pyrenew_H_Flu",2026-03-21,0.635905342075634,0.724633832373535,26.4330747229326,0.317161832915467,0.577552426765589,0.709053715663396,39.0588235294118,0.4728628780219,0.558823529411765,0.911764705882353,102
"CFA_Pyrenew-Pyrenew_H_Flu",2026-03-28,0.459132355706961,0.69249780714723,16.7098450554135,0.387450564776819,0.414466463382377,0.680907459985546,24.6519607843137,0.577874462098155,0.362745098039216,0.862745098039216,102
"CFA_Pyrenew-Pyrenew_H_Flu",2026-04-04,0.907298394195185,1.05207845901748,15.9733922421142,0.381501862673475,1.2700868774766,1.6735509573504,23.7450980392157,0.61597402364642,0.372549019607843,0.901960784313726,102
"CFA_Pyrenew-Pyrenew_H_Flu",2026-04-11,0.680251110060775,0.943561274819199,8.96609162404092,0.348781342463536,1.20427615219532,1.51586887057323,13.8235294117647,0.564306938960245,0.450980392156863,0.931372549019608,102
"CFA_Pyrenew-Pyrenew_H_Flu",2026-04-18,0.74292051292806,0.939892730577705,9.65756749786871,0.403401263810965,1.64027311407317,1.64432269100746,15.5343137254902,0.62953142465607,0.46078431372549,0.92156862745098,102
"CFA_Pyrenew-Pyrenew_H_Flu",2026-04-25,0.76634853749566,0.92738901412615,10.0046546248934,0.446339467407267,1.50218644001961,1.4511609427374,15.5490196078431,0.70734418508079,0.362745098039216,0.892156862745098,102
"CFA_Pyrenew-Pyrenew_H_Flu",2026-05-02,0.828108845159641,0.800208554723899,10.7430710358056,0.363139739784058,1.44935887213425,1.31963247291328,14.3823529411765,0.564953845737206,0.588235294117647,0.92156862745098,102
"CFA_Pyrenew-Pyrenew_H_Flu",2026-05-09,0.628051091688459,0.790880063697269,6.58506570758738,0.349113553309985,1.30209141464765,1.34525646424897,9.31862745098039,0.567519292964401,0.568627450980392,0.950980392156863,102
"CFA_Pyrenew-Pyrenew_H_Flu",2026-05-16,0.531773497017714,0.726660613873348,5.43395147058824,0.324776439806352,1.33543654686582,1.10130166755451,8.27450980392157,0.514296621272797,0.57843137254902,0.970588235294118,102
"CFA_Pyrenew-Pyrenew_H_Flu",2026-05-23,0.493364484787168,0.649553859532069,5.19493403665814,0.298979922065092,1.28471954419001,1.0440840216481,7.71078431372549,0.464245747410164,0.647058823529412,0.980392156862745,102
"CMU-TimeSeries",2025-11-22,0.595351074472103,0.425058562567083,33.4248549584593,0.317842450537935,0.555406882318489,0.410594570535137,51.8553692692884,0.49659224752724,0.591346153846154,0.975961538461538,208
"CMU-TimeSeries",2025-11-29,0.592331977831256,0.450910938175183,64.1734077115195,0.371473086562131,0.648064751715167,0.473021345236918,102.501061288826,0.600776139092947,0.514423076923077,0.971153846153846,208
"CMU-TimeSeries",2025-12-06,0.579157260518999,0.443128278023083,131.576404806117,0.447740143366782,0.734361037305415,0.506829449340108,212.861551872764,0.72671546154026,0.379807692307692,0.899038461538462,208
"CMU-TimeSeries",2025-12-13,0.766260308983046,0.622215747982574,262.964270186732,0.717352336958192,0.922091936702389,0.731326981345822,381.491756529915,1.11687052117894,0.120192307692308,0.610576923076923,208
"CMU-TimeSeries",2025-12-20,0.493907067674391,0.372957926001006,184.192494956032,0.399637264878982,0.664360895878631,0.470126325892415,298.714075216691,0.653030354130699,0.240384615384615,0.860576923076923,208
"CMU-TimeSeries",2025-12-27,0.56831786923736,0.487974824350668,140.723915732973,0.284672890879498,0.676548236828473,0.577790667451941,212.209439543601,0.441424921268609,0.5,0.918269230769231,208
"CMU-TimeSeries",2026-01-03,1.00688001509346,0.989709891865102,180.694462234332,0.327622830590723,1.22196782760204,1.27266947467641,296.191378375966,0.566913815230943,0.326923076923077,0.990384615384615,208
"CMU-TimeSeries",2026-01-10,0.241349399764079,0.361868601281899,67.84941043282,0.191616524914609,0.293624162343923,0.436649403444155,101.456407538163,0.281811882833709,0.721153846153846,1,208
"CMU-TimeSeries",2026-01-17,0.516665031023156,0.631913759572669,81.6748055181953,0.267991105588094,0.57589115416168,0.728723499363245,124.995538209277,0.410523834502819,0.692307692307692,1,208
"CMU-TimeSeries",2026-01-24,0.855651557881033,0.885077402275961,73.6950649064223,0.291650224609551,0.918274630095061,0.985294738509718,120.390578722884,0.464880585668642,0.432692307692308,0.995192307692308,208
"CMU-TimeSeries",2026-01-31,0.69953688826017,0.652382914662046,53.550511130185,0.225213064871594,0.696299158825712,0.693379479995649,78.4125879720821,0.342137319940586,0.620192307692308,0.985576923076923,208
"CMU-TimeSeries",2026-02-07,1.07209839442213,1.02766776353523,53.3584790917771,0.233985794488475,1.20369535200423,1.15581451381018,87.2046045660569,0.366273925932953,0.495192307692308,0.980769230769231,208
"CMU-TimeSeries",2026-02-14,0.960372846902779,1.05700866938311,46.4070058015136,0.242911248890492,0.962808549207758,1.22934803571203,68.4877608340884,0.371789802073798,0.509615384615385,0.980769230769231,208
"CMU-TimeSeries",2026-02-21,0.569065012384481,0.63716734925172,33.1069246469105,0.198396718430255,0.544008822765238,0.677572127370368,47.3328554380137,0.286296111241123,0.677884615384615,0.980769230769231,208
"CMU-TimeSeries",2026-02-28,0.429008312262935,0.607888232435836,25.5296103231494,0.199466783710886,0.383500669105951,0.646095253120004,34.9901121678142,0.293560290432344,0.634615384615385,0.985576923076923,208
"CMU-TimeSeries",2026-03-07,0.437882507577998,0.601320114946181,20.2289786089553,0.235967288332439,0.372579903248439,0.589853703202735,27.7966302894931,0.350683524367269,0.576923076923077,0.975961538461538,208
"CMU-TimeSeries",2026-03-14,0.572655789576413,0.737268360977657,26.7729311236163,0.336879105544112,0.515105918329381,0.726371525432914,39.7180206426357,0.518440899819449,0.389423076923077,0.913461538461538,208
"CMU-TimeSeries",2026-03-21,0.425531293720293,0.611989318069991,17.8223360888105,0.319916131070189,0.373627291304009,0.592676286579327,25.7464670474106,0.489275820162711,0.418269230769231,0.903846153846154,208
"CMU-TimeSeries",2026-03-28,0.409967365532802,0.620415196718014,13.8260988947783,0.359637901869268,0.373406776926103,0.614380519707912,20.0497604627504,0.552624019521219,0.365384615384615,0.889423076923077,208
"CMU-TimeSeries",2026-04-04,0.44341782975585,0.528856871996824,7.7094855100875,0.229649680699177,0.562976683314792,0.732009395426518,10.8224503819485,0.343550171845054,0.586538461538462,0.980769230769231,208
"CMU-TimeSeries",2026-04-11,0.42577846942207,0.568423671915553,6.63515162755066,0.269730219959794,0.711546098362912,0.836911440121019,10.0925743427672,0.412288927502591,0.552884615384615,0.966346153846154,208
"CMU-TimeSeries",2026-04-25,0.538224528315489,0.649092344956301,7.38145920831696,0.344536771698597,1.17258051074999,1.01969836264743,12.3957061721896,0.552212288493657,0.418269230769231,0.966346153846154,208
"CMU-TimeSeries",2026-05-02,0.467329131921629,0.615045171572055,6.37419788760727,0.318451299888159,1.00602258976912,1.01747334490018,10.3070267857986,0.501912855639622,0.389423076923077,0.913461538461538,208
"CMU-TimeSeries",2026-05-09,0.351850781222784,0.519490338115586,4.46648744172096,0.267072967226122,0.843519548410735,0.83436690275465,7.15892663288865,0.410418139533382,0.466346153846154,0.932692307692308,208
"CMU-TimeSeries",2026-05-16,0.339859708099379,0.540863724992622,4.10803131959851,0.285248780567244,0.82198580822904,0.783432270808532,6.07871471857401,0.437215133061196,0.485576923076923,0.918269230769231,208
"CMU-TimeSeries",2026-05-23,0.358872456835528,0.527621326797495,4.20511889214461,0.280825158411785,0.993535944900788,0.834453082516965,6.50910855682457,0.428411811910763,0.442307692307692,0.908653846153846,208
"CU-ARNB_Net",2025-12-13,0.75989163821729,0.587380551419019,257.729383361204,0.666651593245843,0.891560278261054,0.660951070501938,367.129807692308,0.997754054234657,0.221153846153846,0.629807692307692,208
"CU-ARNB_Net",2025-12-20,0.687695540280405,0.615288657018969,254.284293478261,0.655277520661454,0.927983975502878,0.759855465234034,413.980769230769,1.04841493490182,0.129807692307692,0.807692307692308,208
"CU-ARNB_Net",2025-12-27,0.620070972628599,0.517136706950319,149.61554138796,0.291343881478705,0.774210357543779,0.594925889140587,232.057692307692,0.431345403474971,0.548076923076923,0.9375,208
"CU-ARNB_Net",2026-01-03,0.830044760226912,0.884393081136547,147.57720735786,0.28782821140999,0.920142674683314,1.11522052323375,217.365384615385,0.486419705876806,0.581730769230769,1,208
"CU-ARNB_Net",2026-01-10,0.443859201858601,0.545902269342871,126.627221989967,0.289714549156112,0.565462344134216,0.735424995568784,198.4375,0.476903761679406,0.548076923076923,0.995192307692308,208
"CU-ARNB_Net",2026-01-17,0.566149630825832,0.666597447139239,89.4044481605351,0.283000675229417,0.619679331219967,0.775932762081118,133.600961538462,0.435229298176408,0.625,0.985576923076923,208
"CU-ARNB_Net",2026-01-24,1.03614652544284,1.10124944853711,89.2347993311037,0.362377221282772,1.07423882909283,1.17326822184282,140.403846153846,0.550042110543375,0.552884615384615,0.942307692307692,208
"CU-ARNB_Net",2026-01-31,1.27491527002386,1.28057498446619,96.6189966555184,0.439767187487597,1.35170503374001,1.38763974960354,147.461538461538,0.668337969734036,0.408653846153846,0.855769230769231,208
"CU-ARNB_Net",2026-02-07,1.3116289991136,1.36800264041644,64.6794607023411,0.308996302353991,1.55022072279628,1.58073986223353,110.456730769231,0.492948440479538,0.4375,0.947115384615385,208
"CU-ARNB_Net",2026-02-14,1.02344386526549,1.16288913552354,48.887510451505,0.2626563973596,1.05956352562255,1.38433128948401,74.8605769230769,0.411179230690543,0.557692307692308,0.971153846153846,208
"CU-ARNB_Net",2026-02-21,0.711865411757912,0.882076243691682,41.2319335284281,0.271838586125993,0.773451962657051,1.07440066691048,66.3509615384615,0.447250734782593,0.5,0.966346153846154,208
"CU-ARNB_Net",2026-02-28,0.495900785563191,0.723434292648271,28.9681605351171,0.233481505538682,0.496615502885172,0.811004818741278,44.1153846153846,0.361007449467457,0.610576923076923,0.995192307692308,208
"CU-ARNB_Net",2026-03-07,0.528068910712604,1.03915904051478,24.7259009197324,0.416723547995626,0.45215043059753,0.947509826935057,34.3701923076923,0.576414527921055,0.620192307692308,0.9375,208
"CU-ARNB_Net",2026-03-14,0.445030882200651,0.636079185208948,20.4393227424749,0.284729701739142,0.396054520278895,0.64296299115568,29.5528846153846,0.443311368932777,0.596153846153846,0.980769230769231,208
"CU-ARNB_Net",2026-03-21,0.446894512979005,0.630347205744137,18.8302173913043,0.329155790198125,0.400741203836709,0.610594710143842,27.5144230769231,0.49858663515348,0.600961538461538,0.947115384615385,208
"CU-ARNB_Net",2026-03-28,0.394292468093718,0.5854111724554,13.7430873745819,0.345843612936224,0.344258980332385,0.556202276323535,19.4903846153846,0.516286096981171,0.610576923076923,0.942307692307692,208
"CU-ARNB_Net",2026-04-04,0.711454184386576,0.86068178091406,12.6013795986622,0.373859728821055,1.13917402064262,1.26209461765156,22.1105769230769,0.587131743974947,0.620192307692308,0.985576923076923,208
"CU-ARNB_Net",2026-04-11,0.621094108551507,0.831708711080835,9.71026337792642,0.390445476863103,1.14094251027175,1.23127358709012,16.2355769230769,0.599942295346776,0.639423076923077,0.966346153846154,208
"CU-ARNB_Net",2026-04-18,0.751173471607397,0.894672269326359,10.5017642140468,0.435604089253463,1.76599364607463,1.56419595054301,17.9567307692308,0.694230574280859,0.5,0.961538461538462,208
"CU-ARNB_Net",2026-04-25,0.723118239482796,0.877980554554558,9.64782817725752,0.447651537096667,1.60160873361002,1.41163557847227,16.4567307692308,0.728258810423549,0.4375,0.975961538461538,208
"CU-ARNB_Net",2026-05-02,0.568901382312675,0.688231005106946,7.84077550167224,0.353756305518072,1.18818928790029,1.11835444013898,12.375,0.555541853720151,0.653846153846154,0.956730769230769,208
"CU-ARNB_Net",2026-05-09,0.437394174719863,0.613622729178704,5.59435827759197,0.313501523005837,1.02063560834225,0.989830640326935,8.97596153846154,0.49760894327096,0.668269230769231,0.990384615384615,208
"CU-ARNB_Net",2026-05-16,0.439948555336789,0.629504150672717,5.36836956521739,0.331099246313045,1.15387738127164,0.928591380318932,8.64423076923077,0.51885457782213,0.634615384615385,0.980769230769231,208
"CU-ARNB_Net",2026-05-23,0.462568642854437,0.603179884541526,5.50990593645485,0.32136278189919,1.37683173836962,0.97641251849603,9.32692307692308,0.507125515787446,0.605769230769231,0.985576923076923,208
"CU-ensemble",2025-11-22,0.749565170217026,0.535052299398825,42.99875,0.412392338443339,0.67368215742052,0.512794162616074,62.1057692307692,0.626447765598698,0.418269230769231,0.831730769230769,208
"CU-ensemble",2025-11-29,0.651229835408155,0.478375189724609,71.7471237458194,0.398440244072487,0.639432322996248,0.475147226588834,101.980769230769,0.608029173728649,0.384615384615385,0.855769230769231,208
"CU-ensemble",2025-12-06,0.709200579803876,0.529725189518957,161.875294732441,0.539191406705549,0.742045124054166,0.541593945767209,215.538461538462,0.78104291438845,0.3125,0.663461538461538,208
"CU-ensemble",2025-12-13,0.728488837476711,0.56288224932126,249.701289715719,0.647548533988265,0.824166624275224,0.612926252509418,340.918269230769,0.933472124036387,0.197115384615385,0.524038461538462,208
"CU-ensemble",2025-12-20,0.743536751213303,0.643383922202705,277.838890050167,0.694055292344677,0.854513531979062,0.714678015573708,383.788461538462,0.996913846560382,0.0721153846153846,0.447115384615385,208
"CU-ensemble",2025-12-27,0.689869055826014,0.611081847279057,166.543357023411,0.344402573228764,0.857539360635337,0.728161251775164,258.721153846154,0.531103414014051,0.298076923076923,0.774038461538462,208
"CU-ensemble",2026-01-03,1.09126731475988,1.05692543091543,198.12572951505,0.34865062250956,1.29945798465939,1.21986637343928,314.033653846154,0.536455612680234,0.375,0.875,208
"CU-ensemble",2026-01-10,0.821152662353937,0.841897680652931,241.145198578595,0.457785965031816,1.01764508799785,1.0418296658334,377.572115384615,0.707491375651607,0.230769230769231,0.764423076923077,208
"CU-ensemble",2026-01-17,0.644394358195351,0.71961424450261,102.118010033445,0.305233646077783,0.766272412117294,0.872628476474662,166.6875,0.49122540226311,0.427884615384615,0.9375,208
"CU-ensemble",2026-01-24,1.05781491993932,1.07965801722936,90.8928929765886,0.355303381088126,1.05833209360018,1.13099770925834,138.509615384615,0.535519218034332,0.399038461538462,0.846153846153846,208
"CU-ensemble",2026-01-31,1.67808540465898,1.92497602889219,128.109588210702,0.67469879254778,1.57142422052017,1.97388082306181,173.5,0.974281033968507,0.221153846153846,0.600961538461538,208
"CU-ensemble",2026-02-07,1.03320135125663,1.03349688662445,50.8229744983278,0.233765145725003,1.13063681865603,1.05682628256809,80.2115384615385,0.327509809644094,0.625,0.971153846153846,208
"CU-ensemble",2026-02-14,0.861967729291714,1.02315096336778,41.1328825250836,0.232017469175379,0.892729956150484,1.10733333935872,62.3701923076923,0.327632227998381,0.649038461538462,0.980769230769231,208
"CU-ensemble",2026-02-21,0.726855684996193,0.85100242465548,42.6678992474916,0.264404774241401,0.793504555903023,0.978807900813332,69.1057692307692,0.406644549085826,0.5625,0.975961538461538,208
"CU-ensemble",2026-02-28,0.487662521019737,0.871803089176438,29.3096446488294,0.291095216036386,0.451304428879888,0.924217712441351,41.4711538461538,0.427631235813946,0.581730769230769,0.971153846153846,208
"CU-ensemble",2026-03-07,0.55558532230741,0.835605461293876,25.7439360367893,0.328798174637897,0.489422526355823,0.822458786951071,36.25,0.486993991202922,0.668269230769231,0.956730769230769,208
"CU-ensemble",2026-03-14,0.446054494785995,0.617822507194598,20.3686433946488,0.274688287404695,0.396147862734826,0.601817953096865,29.5096153846154,0.414378743246776,0.697115384615385,0.971153846153846,208
"CU-ensemble",2026-03-21,0.397627164117209,0.544976616748457,16.6764903846154,0.283964718789942,0.319629526901753,0.516224890148093,21.9086538461538,0.424561817894844,0.711538461538462,0.975961538461538,208
"CU-ensemble",2026-03-28,0.394087308977208,0.528727106649968,13.5275,0.306777396976525,0.328887804862054,0.517747861615762,18.1586538461538,0.470675948799334,0.745192307692308,0.980769230769231,208
"CU-ensemble",2026-04-04,0.622717438403915,0.78938307828778,10.9133570234114,0.34116810935364,0.908179158982778,1.14789693426326,17.6201923076923,0.535030903720778,0.798076923076923,0.995192307692308,208
"CU-ensemble",2026-04-11,0.607582838422294,0.758370634353631,9.47515886287625,0.353196728819555,0.962818485713459,1.08309337259398,13.7884615384615,0.527074058760728,0.841346153846154,0.980769230769231,208
"CU-ensemble",2026-04-18,0.732952254669868,0.980965245200103,10.1952508361204,0.474292389854421,1.72858591081041,1.73824637220603,17.4423076923077,0.765833827770725,0.615384615384615,0.980769230769231,208
"CU-ensemble",2026-04-25,0.693762170436464,0.933910048981305,9.30377090301003,0.480497727522007,1.53470165312522,1.56072464264236,15.7115384615385,0.810472628677181,0.548076923076923,0.975961538461538,208
"CU-ensemble",2026-05-02,0.57464845211662,0.823453482762175,7.83014005016722,0.418725167162117,1.25430401609242,1.33013928978674,12.7692307692308,0.649980292690307,0.658653846153846,0.9375,208
"CU-ensemble",2026-05-09,0.459213230218766,0.737063633441594,5.97500836120401,0.379862567440048,1.05450613076669,1.11370996269535,9.31730769230769,0.564842949309553,0.673076923076923,0.975961538461538,208
"CU-ensemble",2026-05-16,0.469174549733817,0.753135608705639,5.70632734113712,0.393967060975676,1.18294515672829,1.07934528635384,8.70673076923077,0.599476407454626,0.663461538461538,0.966346153846154,208
"CU-ensemble",2026-05-23,1.75868601958531,4.34242213783233,20.4134615384615,2.20797104322732,3.11274005347132,4.46911248333573,20.4134615384615,2.20797104322732,0.0865384615384615,0.0865384615384615,208
"Cornell_JHU-hierarchSIR",2025-11-22,0.863429129437496,0.834722658651496,49.1139080685619,0.641569117318092,0.80349898722791,0.942963166866853,73.1610576923077,1.14258207415437,0.264423076923077,0.831730769230769,208
"Cornell_JHU-hierarchSIR",2025-11-29,0.704184661736575,0.766285431187349,75.5946069711539,0.634838605177973,0.719249428231158,0.847103071262472,111.459134615385,1.07056870267909,0.211538461538462,0.764423076923077,208
"Cornell_JHU-hierarchSIR",2025-12-06,0.599172163186437,0.687485731234289,130.922972899247,0.678937184025396,0.66467526227302,0.766058971022381,186.6875,1.07509790919051,0.129807692307692,0.634615384615385,208
"Cornell_JHU-hierarchSIR",2025-12-13,0.52393235855184,0.587854037460874,174.403369774247,0.661993586813977,0.590051062109217,0.667483175921554,239.444711538462,1.00436301150713,0.0961538461538462,0.5,208
"Cornell_JHU-hierarchSIR",2025-12-20,0.447887689028254,0.478463576206217,162.305323769324,0.50668412504211,0.527809154256241,0.555918250846866,232.67989874483,0.76759952755252,0.149038461538462,0.576923076923077,208
"Cornell_JHU-hierarchSIR",2025-12-27,0.520816087778362,0.552241892310891,123.797850857023,0.310340205651412,0.622720167336473,0.645149330686006,186.867788461538,0.472520654978956,0.302884615384615,0.778846153846154,208
"Cornell_JHU-hierarchSIR",2026-01-03,0.676550138578396,0.745524615303069,118.136123118729,0.237712936950232,0.791992275526915,0.860729444948941,184.865384615385,0.366143974081313,0.379807692307692,0.870192307692308,208
"Cornell_JHU-hierarchSIR",2026-01-10,0.568545604789021,0.611693528961997,165.728408152174,0.329533385974963,0.688989286583147,0.748319535796644,247.074519230769,0.49228954722453,0.254807692307692,0.730769230769231,208
"Cornell_JHU-hierarchSIR",2026-01-17,0.710589522239766,0.733699676570582,113.031328720736,0.310630741527742,0.793626386211825,0.856352395877769,173.966346153846,0.483414755066116,0.298076923076923,0.802884615384615,208
"Cornell_JHU-hierarchSIR",2026-01-24,0.736185661205837,0.733052374333835,63.3239206626254,0.238380030171674,0.756717542138558,0.833478159953539,98.9543269230769,0.387767355474693,0.447115384615385,0.932692307692308,208
"Cornell_JHU-hierarchSIR",2026-01-31,1.04606459523297,0.857336820829787,79.4197821801839,0.29354460426863,1.03774597752172,0.926105049318382,113.53125,0.444980549574369,0.403846153846154,0.865384615384615,208
"Cornell_JHU-hierarchSIR",2026-02-07,1.14575777312212,1.12746720090608,57.0310576086957,0.257203261681234,1.2450147960409,1.25214465474412,89.3581730769231,0.393838938890878,0.5,0.889423076923077,208
"Cornell_JHU-hierarchSIR",2026-02-14,1.04634165843756,1.19132318833716,50.336690562291,0.273680885821791,1.08631683756766,1.40652945662074,75.5216346153846,0.416837960030652,0.490384615384615,0.899038461538462,208
"Cornell_JHU-hierarchSIR",2026-02-21,0.927765143112174,0.98127283952851,52.9545150710702,0.301530353222181,0.93784029171209,1.09385480642787,78.6225961538462,0.449253909248461,0.456730769230769,0.875,208
"Cornell_JHU-hierarchSIR",2026-02-28,0.846274330590262,0.996024842025103,50.2661485994983,0.327060042947323,0.840042591366589,1.08080903408544,76.5216346153846,0.490446857407455,0.442307692307692,0.836538461538462,208
"Cornell_JHU-hierarchSIR",2026-03-07,1.00344177581739,0.975954793732493,44.7227363085284,0.371534627392538,0.923645271587839,0.961071803027685,66.4735576923077,0.554495455953529,0.408653846153846,0.841346153846154,208
"Cornell_JHU-hierarchSIR",2026-03-14,0.707955071656626,0.893445053010948,30.7791767558528,0.387571649019156,0.658717084175672,0.867266237930307,46.7740384615385,0.583992789803706,0.418269230769231,0.860576923076923,208
"Cornell_JHU-hierarchSIR",2026-03-21,0.640463754132691,0.82258030069086,24.9754031981605,0.411329127289025,0.586474127809017,0.797024930358499,37.5649038461538,0.632006171309828,0.408653846153846,0.870192307692308,208
"Cornell_JHU-hierarchSIR",2026-03-28,0.655007916243074,0.761919666368457,20.833150083612,0.42306349662729,0.627177015505007,0.745003573494892,32.0384615384615,0.647610443720629,0.418269230769231,0.884615384615385,208
"Cornell_JHU-hierarchSIR",2026-04-04,0.900682491253963,0.922873406550667,14.4869356187291,0.384311694650127,1.26506052630616,1.35089551479966,22.3028846153846,0.606855895322757,0.572115384615385,0.932692307692308,208
"Cornell_JHU-hierarchSIR",2026-04-11,0.630578086786895,0.853109504470845,9.4111872909699,0.398201544880928,1.11658643676506,1.34740687163349,15.2259615384615,0.659166487785441,0.600961538461538,0.966346153846154,208
"Cornell_JHU-hierarchSIR",2026-04-18,0.639329246416868,0.900187748721695,8.99244774247492,0.454985143188359,1.36058268234422,1.64373264994545,14.0480769230769,0.770904120444866,0.548076923076923,0.927884615384615,208
"Cornell_JHU-hierarchSIR",2026-04-25,0.608033868149588,0.936843258518442,8.76021739130435,0.52916887522482,1.11698475801283,1.4508429890423,13.2548076923077,0.903438965356509,0.5,0.908653846153846,208
"Cornell_JHU-hierarchSIR",2026-05-02,0.640627429608951,1.11038581173694,9.05894439799331,0.593460794663914,1.23978763807404,1.87042489192038,13.6923076923077,1.01320873404705,0.427884615384615,0.889423076923077,208
"Cornell_JHU-hierarchSIR",2026-05-09,0.569635905074911,1.17025913536332,7.53716764214047,0.621379226566389,1.28651722667482,1.94596992651846,11.8125,1.05420992016589,0.427884615384615,0.894230769230769,208
"Cornell_JHU-hierarchSIR",2026-05-16,0.551258056865869,1.21354453848706,6.81835911371237,0.646989195542693,1.40008496386846,1.93761939763031,10.6875,1.10481834790135,0.403846153846154,0.908653846153846,208
"Cornell_JHU-hierarchSIR",2026-05-23,0.564902333498205,1.22764048432402,6.83813127090301,0.679026940878047,1.55718199775539,2.15702326053449,10.6778846153846,1.164282198982,0.389423076923077,0.884615384615385,208
"DMAPRIME-DLM",2026-03-14,0.49735825629123,0.739961921996026,29.4760869565217,0.711968944289019,0.438908898754994,0.654936305814114,44.5,0.97456334557738,0,0.5,4
"DMAPRIME-DLM",2026-03-21,0.526131626395057,0.771325639257938,14.2563043478261,0.560286671806095,0.447563321504952,0.659103758664225,20,0.784574981165316,0.25,0.25,4
"DMAPRIME-DLM",2026-03-28,0.518120945944104,0.772982845316685,14.1142391304348,0.769376757624593,0.474417660655268,0.689507908723988,20.75,1.06981672517903,0,0,4
"DMAPRIME-DLM",2026-04-04,0.281020151293858,0.39647907286155,2.11663043478261,0.214370951926148,0.35567931183039,0.502661540921101,2.75,0.304098831081123,0.5,1,4
"DMAPRIME-DLM",2026-04-11,0.484950006639191,0.669230028236278,3.56086956521739,0.359563630259301,0.853524464325355,1.02225080763347,5.5,0.58157540490284,0.25,0.75,4
"DMAPRIME-DLM",2026-04-18,0.515899241862982,0.647502831647494,3.2025,0.336317707334638,1.22852339137424,1.20676028765026,5.25,0.565440774618448,0.25,0.75,4
"DMAPRIME-DLM",2026-04-25,0.903860516565208,1.20484952589108,6.58739130434783,0.868227861787781,1.57245267878978,1.71472259127525,8.5,1.25154523593672,0,0,4
"DMAPRIME-DLM",2026-05-02,0.333418131387303,0.424736318761681,1.84728260869565,0.17516009558207,0.917870433283757,0.93523289667229,3.25,0.304930290323519,0.5,1,4
"DMAPRIME-DLM",2026-05-09,0.390152852480978,0.5421967404829,2.72608695652174,0.23391719899991,1.08077608137334,1.12024290551308,4.5,0.406235524742516,0.25,1,4
"DMAPRIME-DLM",2026-05-16,0.545896496109807,0.762856529653827,3.19304347826087,0.368075703119509,1.59359828581262,1.25475158503042,4.75,0.521935086123633,0.75,0.75,4
"DMAPRIME-DLM",2026-05-23,0.541670382811938,0.741652973249174,3.08663043478261,0.357850578215867,1.63647450025684,1.23474652912666,4.75,0.532828343096669,0.5,0.75,4
"DMAPRIME-QR",2026-01-17,1.12162032809349,1.12124407984717,176.47597826087,0.483225030442325,1.05232174922192,1.02137280786988,240.25,0.627711988098461,0,0,4
"DMAPRIME-QR",2026-01-24,2.65250165868834,4.56179085672662,167.786630434783,1.7239053106105,2.19374689635598,4.326133163747,193.25,2.00723481239479,0,0.5,4
"DMAPRIME-QR",2026-01-31,2.2629338701306,2.47881811514859,111.788586956522,0.695621559144215,1.55772217442366,1.83911334510415,118.25,0.702473845822345,0,0.25,4
"DMAPRIME-QR",2026-02-07,1.01136126678551,0.997237310394907,32.3114130434783,0.175709886170283,1.33304422491255,1.34846429557094,54.75,0.274872667429537,0.75,1,4
"DMAPRIME-QR",2026-02-14,0.896744063625544,0.843207219368537,38.3370652173913,0.222598155092045,0.971745585949029,1.06005037113989,64,0.36806946840966,0.5,1,4
"DMAPRIME-QR",2026-02-21,0.812506864293085,0.886893181659556,37.4169565217391,0.250998820602655,0.876877879020311,1.08110357650168,60.75,0.437778788354176,0.5,1,4
"DMAPRIME-QR",2026-02-28,1.22815203233499,1.41420385829121,108.124347826087,0.783937186324463,1.13011414209094,1.3083014534585,161.25,1.05531927167022,0,0.25,4
"DMAPRIME-QR",2026-03-07,0.881390487248793,1.09108682042662,52.7030434782609,0.759806563984543,0.787302226892065,0.945301599083137,81.5,1.03978268614396,0,0.25,4
"DMAPRIME-QR",2026-03-14,0.796714542319022,1.02826697362983,47.5902173913043,0.989971828150931,0.687408140713571,0.853133112555469,70.25,1.27237088773206,0,0.25,4
"DMAPRIME-QR",2026-03-21,0.204652077696811,0.33503043214653,5.50065217391304,0.241599181200722,0.22607753779925,0.375254207509162,10,0.443435240931344,0,1,4
"DMAPRIME-QR",2026-03-28,0.270356912173048,0.493510661266333,7.37054347826087,0.492209437776533,0.262662455266993,0.473577312016545,11.5,0.736555775239986,0,0.5,4
"DMAPRIME-QR",2026-04-04,0.395875145055791,0.576986067266085,2.93402173913044,0.303984276850766,0.622260532060252,0.854569152378274,4.5,0.476272038633764,0.25,0.75,4
"DMAPRIME-QR",2026-04-11,0.474483209279413,0.649141644812498,3.48467391304348,0.348441649118169,0.815486273597805,0.955821863218494,5.25,0.543037734946026,0.25,0.5,4
"DMAPRIME-QR",2026-04-18,0.461002507341244,0.574468835215251,2.84630434782609,0.296489207047844,1.05633799575488,0.973971404759317,4.5,0.454519194386357,0.25,0.75,4
"DMAPRIME-QR",2026-04-25,1.03478720814321,1.42782016564285,7.53880434782609,1.02766914746493,1.57245267878978,1.71472259127525,8.5,1.25154523593672,0,0,4
"DMAPRIME-QR",2026-05-02,1.39069886455595,1.24729151308911,7.87010869565217,0.520877063519362,3.3846996383608,2.31467503939777,12.25,0.765121098731071,0.25,0.5,4
"DMAPRIME-QR",2026-05-09,1.68076999657915,1.80016574146586,11.764347826087,0.776665840564276,4.06337028207875,2.88786391603109,17,1.050576464895,0,0,4
"DMAPRIME-QR",2026-05-16,0.310587476385048,0.497704600315271,1.77141304347826,0.234926236597668,1.03461993070032,0.948667140731776,3,0.386224847824133,0.5,1,4
"DMAPRIME-QR",2026-05-23,0.660873936234624,0.857610577416859,3.77239130434783,0.414501689210778,2.0580572451814,1.42651020725638,6,0.617409794414303,0.25,0.75,4
"Epistorm-Ensemble_Flu",2026-02-21,0.667557763648747,0.908641838707593,38.8700771005189,0.285781563591657,0.689806159808727,1.05432984591748,58.9197942371155,0.441660565443162,0.451923076923077,0.865384615384615,208
"Epistorm-Ensemble_Flu",2026-02-28,0.44540537411268,0.699451577821359,27.2506147918502,0.236350103171806,0.434621868079236,0.809978092101733,41.122330062786,0.380107997035996,0.406862745098039,0.892156862745098,204
"Epistorm-Ensemble_Flu",2026-03-07,0.429993979460226,0.595754129561869,19.8307889868418,0.234230135944993,0.401944997835618,0.604911014419006,29.9015551746846,0.359055538072421,0.543269230769231,0.971153846153846,208
"Epistorm-Ensemble_Flu",2026-03-14,0.355936979703195,0.547895735311529,16.3647208897527,0.2471825346244,0.334288508662774,0.557024806341958,25.2495082852927,0.391510039505391,0.450980392156863,0.950980392156863,204
"Epistorm-Ensemble_Flu",2026-03-21,0.340228264923222,0.524004045704017,12.5387351424258,0.27376192229422,0.323742238926205,0.523105020791109,19.4534262973512,0.428705353841484,0.395,0.9,200
"Epistorm-Ensemble_Flu",2026-03-28,0.321245141280623,0.523421450152836,10.9947874545266,0.285840567802212,0.286837534868778,0.484015944777703,16.1868878325572,0.421411364632753,0.402173913043478,0.820652173913043,184
"Epistorm-Ensemble_Flu",2026-04-04,0.492635324891394,0.566736314731816,8.34504863383373,0.244374956694044,0.698210271492881,0.812715814933658,12.850979479426,0.372337990422692,0.627450980392157,0.995098039215686,204
"Epistorm-Ensemble_Flu",2026-04-11,0.46374135796916,0.577674969018029,7.06848898324259,0.273016567072617,0.820432017275291,0.868382524377137,11.4182125391264,0.427030433536768,0.509803921568627,0.950980392156863,204
"Epistorm-Ensemble_Flu",2026-04-18,0.514752186879877,0.609228064534131,7.0357231857227,0.294226428861035,1.14300786740444,1.00997203850487,11.430998321804,0.446942076813215,0.596153846153846,0.975961538461538,208
"Epistorm-Ensemble_Flu",2026-05-02,0.436028997605282,0.555313885059082,5.90842543485833,0.285452402286535,0.889484494605283,0.850390336252134,9.2472059543321,0.424437953056721,0.649038461538462,0.966346153846154,208
"Epistorm-Ensemble_Flu",2026-05-09,0.349309125694766,0.50162638248105,4.40651183651045,0.25682854432821,0.689560309915335,0.754963391338676,5.92108076820524,0.374724973877384,0.716346153846154,0.971153846153846,208
"Epistorm-Ensemble_Flu",2026-05-16,0.333644065838483,0.50527188604229,3.9998032333166,0.264127667419682,0.713762598357988,0.715478667414836,5.22647953969942,0.396797547021556,0.668269230769231,0.980769230769231,208
"Epistorm-Ensemble_Flu",2026-05-23,0.348547131628031,0.519478681110229,3.95333897050946,0.277040150063784,0.89572274653206,0.810726356760793,5.78930708769674,0.423984588609897,0.661764705882353,0.985294117647059,204
"FluSight-HJudge_ensemble",2025-11-22,0.62645100345237,0.482363528359629,35.6627508361204,0.367525172669279,0.581456816054013,0.459476428676283,53.9471153846154,0.560006385478838,0.355769230769231,0.879807692307692,208
"FluSight-HJudge_ensemble",2025-11-29,0.687413786641124,0.548811313790964,74.9329744983278,0.455097267982924,0.689818019524682,0.558216343180909,107.456730769231,0.702790208263032,0.283653846153846,0.817307692307692,208
"FluSight-HJudge_ensemble",2025-12-06,0.668500611877075,0.541045750996326,149.973471989967,0.542245676403603,0.71759090272758,0.563420331191534,205.418269230769,0.797717129538175,0.245192307692308,0.649038461538462,208
"FluSight-HJudge_ensemble",2025-12-13,0.572527327637757,0.490813928882524,195.352380852843,0.563723948018115,0.689759202654677,0.550042304155733,285.038461538462,0.83682401820783,0.139423076923077,0.605769230769231,208
"FluSight-HJudge_ensemble",2025-12-20,0.526485665726401,0.455554705296085,195.993471989967,0.491545495389585,0.654008645502103,0.533521320989452,293.105769230769,0.74442230152229,0.125,0.629807692307692,208
"FluSight-HJudge_ensemble",2025-12-27,0.514659735599254,0.446678927198071,126.713864966555,0.257583316601341,0.645516096972453,0.537552746799443,200.326923076923,0.403685287782515,0.360576923076923,0.870192307692308,208
"FluSight-HJudge_ensemble",2026-01-03,0.974847905204102,0.923961105446381,177.778246237458,0.309062066806252,1.15108881695521,1.08372936410953,280.961538461538,0.483871787798347,0.3125,0.836538461538462,208
"FluSight-HJudge_ensemble",2026-01-10,0.745697245917966,0.780396170152142,217.70664506689,0.423601646795309,0.924475765458309,0.968544324030268,335.836538461538,0.646121662341659,0.134615384615385,0.677884615384615,208
"FluSight-HJudge_ensemble",2026-01-17,0.565816589409711,0.618514544221535,90.5427633779264,0.264225881206696,0.670945678232561,0.749845449470176,147.870192307692,0.425927431924531,0.471153846153846,0.923076923076923,208
"FluSight-HJudge_ensemble",2026-01-24,0.731706358962708,0.70797094299672,63.5515342809365,0.233477153617964,0.774598502349093,0.799464398278056,102.5,0.376978789633133,0.533653846153846,0.980769230769231,208
"FluSight-HJudge_ensemble",2026-01-31,1.02637504906396,0.900446822505867,77.8105790133779,0.309551669511625,1.07438478409912,0.983292929553176,116.995192307692,0.473753577482711,0.461538461538462,0.899038461538462,208
"FluSight-HJudge_ensemble",2026-02-07,0.99950568906042,0.918573529132551,49.4361287625418,0.207601803651447,1.12022921075345,1.03072873494026,79.9326923076923,0.320958405005462,0.581730769230769,0.951923076923077,208
"FluSight-HJudge_ensemble",2026-02-14,0.829409030327881,0.839340219398387,39.5002989130435,0.189738298921331,0.904621690462911,1.00811016597632,62.5144230769231,0.295609140015544,0.634615384615385,0.975961538461538,208
"FluSight-HJudge_ensemble",2026-02-21,0.624638321080138,0.671102275696715,35.9248390468227,0.206416282277233,0.692095259730844,0.797106159390743,58.8605769230769,0.328161530257106,0.552884615384615,0.995192307692308,208
"FluSight-HJudge_ensemble",2026-02-28,0.451867963416699,0.589670682946199,27.1130581103679,0.194795553860043,0.455539524465307,0.667241912366234,42.0480769230769,0.306542928683702,0.567307692307692,1,208
"FluSight-HJudge_ensemble",2026-03-07,0.464762107280632,0.601386589244693,21.3577006688963,0.235253340531621,0.426608000392362,0.610720054715559,31.5048076923077,0.360166015206958,0.620192307692308,0.990384615384615,208
"FluSight-HJudge_ensemble",2026-03-14,0.468610983863115,0.619583527956284,21.5141785117057,0.278847470995871,0.445234726862959,0.638705848443034,33.5240384615385,0.445263215163241,0.5,0.966346153846154,208
"FluSight-HJudge_ensemble",2026-03-21,0.437346919977478,0.597280025202179,18.412470735786,0.312723836988204,0.408676412719276,0.606381535487611,28.375,0.502985013385162,0.466346153846154,0.947115384615385,208
"FluSight-HJudge_ensemble",2026-03-28,0.422499010750298,0.589026510398868,14.245599916388,0.33975529887021,0.40366754380531,0.617684501465825,21.7403846153846,0.554375786518248,0.447115384615385,0.903846153846154,208
"FluSight-HJudge_ensemble",2026-04-04,0.461400328747732,0.541231952878667,8.07778846153846,0.236907679627351,0.596054792058971,0.701368437652315,11.5817307692308,0.330750058243266,0.745192307692308,1,208
"FluSight-HJudge_ensemble",2026-04-11,0.429728436885179,0.568284134368543,6.68521948160535,0.267940305605076,0.706529074801941,0.803240134090331,10.0528846153846,0.393241298839782,0.721153846153846,0.990384615384615,208
"FluSight-HJudge_ensemble",2026-04-18,0.518339543926954,0.610197679465689,7.16128135451505,0.297247865737587,1.17879088244434,1.00755250928812,11.8990384615385,0.448291023544803,0.615384615384615,0.980769230769231,208
"FluSight-HJudge_ensemble",2026-04-25,0.497022688063138,0.615928197880332,6.6441889632107,0.318390370007132,1.06899429678168,0.963053559952776,10.9471153846154,0.505496247234052,0.5,0.971153846153846,208
"FluSight-HJudge_ensemble",2026-05-02,0.432974352293061,0.552777711656868,5.94054974916388,0.286218557312649,0.877872599204164,0.850607486473574,9.16346153846154,0.427998950684059,0.697115384615385,0.971153846153846,208
"FluSight-HJudge_ensemble",2026-05-09,0.335498752579129,0.500981166918928,4.27298704013378,0.258402605195313,0.696877943305073,0.770904875397329,6.00961538461539,0.385539527341432,0.754807692307692,0.980769230769231,208
"FluSight-HJudge_ensemble",2026-05-16,0.31087040081246,0.49959496102852,3.74327968227425,0.261940345555059,0.678479285955757,0.714376399369912,4.98076923076923,0.396887829715849,0.6875,0.995192307692308,208
"FluSight-HJudge_ensemble",2026-05-23,0.322202943741079,0.499527717029833,3.80573369565217,0.268210992047966,0.826178447190555,0.808527052515424,5.65865384615385,0.43377522448407,0.625,0.995192307692308,208
"FluSight-baseline",2025-11-22,1,1,56.4584719899666,0.749684487675355,1,1,90.1105769230769,1.20219145628767,0.254807692307692,0.961538461538462,208
"FluSight-baseline",2025-11-29,1,1,107.663411371237,0.814620894764216,1,1,153.384615384615,1.24841168765012,0.125,0.841346153846154,208
"FluSight-baseline",2025-12-06,1,1,223.507002508361,0.993833814451731,1,1,282.971153846154,1.41023840195562,0.0384615384615385,0.639423076923077,208
"FluSight-baseline",2025-12-13,1,1,341.011099498328,1.14352511926921,1,1,410.9375,1.51893706191473,0.00961538461538462,0.403846153846154,208
"FluSight-baseline",2025-12-20,1,1,370.28439590301,1.06803598896381,1,1,445.634615384615,1.38700591474431,0,0.288461538461538,208
"FluSight-baseline",2025-12-27,1,1,240.013697742475,0.5623169227892,1,1,300.100961538462,0.729601603277297,0.0817307692307692,0.480769230769231,208
"FluSight-baseline",2026-01-03,1,1,179.792130016722,0.326610579207509,1,1,238.245192307692,0.4335365742497,0.115384615384615,0.673076923076923,208
"FluSight-baseline",2026-01-10,1,1,300.971415133779,0.553556738081758,1,1,370.831730769231,0.676721638466331,0.0576923076923077,0.466346153846154,208
"FluSight-baseline",2026-01-17,1,1,162.541992056856,0.430081144650507,1,1,222.754807692308,0.569106058326605,0.134615384615385,0.677884615384615,208
"FluSight-baseline",2026-01-24,1,1,87.6238524247492,0.332747643114165,1,1,134.197115384615,0.47798596577215,0.192307692307692,0.932692307692308,208
"FluSight-baseline",2026-01-31,1,1,76.6278532608696,0.349781717825759,1,1,111.495192307692,0.496572423903065,0.206730769230769,0.923076923076923,208
"FluSight-baseline",2026-02-07,1,1,49.7258779264214,0.227966610162146,1,1,72.375,0.317262961942173,0.384615384615385,0.980769230769231,208
"FluSight-baseline",2026-02-14,1,1,47.6220401337793,0.225155620541145,1,1,69.1971153846154,0.29106823992562,0.4375,0.980769230769231,208
"FluSight-baseline",2026-02-21,1,1,57.6549540133779,0.308576713514873,1,1,84.6346153846154,0.414592326386039,0.379807692307692,0.980769230769231,208
"FluSight-baseline",2026-02-28,1,1,60.2895087792642,0.327990417224071,1,1,92.5480769230769,0.452596363625049,0.317307692307692,0.990384615384615,208
"FluSight-baseline",2026-03-07,1,1,46.3810681438127,0.389467048025472,1,1,75.0432692307692,0.589140456907616,0.298076923076923,1,208
"FluSight-baseline",2026-03-14,1,1,46.22872909699,0.450467672989421,1,1,75.5480769230769,0.696875825329941,0.298076923076923,1,208
"FluSight-baseline",2026-03-21,1,1,42.6439234949833,0.522492960174176,1,1,69.9134615384615,0.820541569527792,0.293269230769231,1,208
"FluSight-baseline",2026-03-28,1,1,34.1950919732441,0.579543729567191,1,1,54.8557692307692,0.900002480977994,0.365384615384615,1,208
"FluSight-baseline",2026-04-04,1,1,17.2155873745819,0.432865388415064,1,1,19.2451923076923,0.471426424079715,0.865384615384615,1,208
"FluSight-baseline",2026-04-11,1,1,15.5017307692308,0.468151012116701,1,1,14.6730769230769,0.507301763966402,0.875,1,208
"FluSight-baseline",2026-04-18,1,1,13.8067955685619,0.486716189795806,1,1,10.3798076923077,0.462599433543101,0.889423076923077,1,208
"FluSight-baseline",2026-04-25,1,1,13.5945631270903,0.520251045050711,1,1,10.4375,0.534782342800435,0.865384615384615,1,208
"FluSight-baseline",2026-05-02,1,1,13.4475585284281,0.505030936061643,1,1,10.3269230769231,0.495869708784731,0.889423076923077,1,208
"FluSight-baseline",2026-05-09,1,1,12.6003992474916,0.502248110493301,1,1,8.39423076923077,0.485002764329192,0.927884615384615,1,208
"FluSight-baseline",2026-05-16,1,1,12.076904264214,0.522685080715244,1,1,7.52884615384615,0.566463250758992,0.942307692307692,1,208
"FluSight-baseline",2026-05-23,1,1,11.6829055183946,0.52536869341233,1,1,6.76923076923077,0.533211967067389,0.961538461538462,1,208
"FluSight-ensemble",2025-11-22,0.770490306772024,0.598370125670178,44.4877821906354,0.460455713041911,0.715369189177826,0.593922803631054,66.7115384615385,0.728815544603665,0.278846153846154,0.855769230769231,208
"FluSight-ensemble",2025-11-29,0.764069172665687,0.610810716398313,83.1841659698997,0.506070542872339,0.757103629382368,0.622603750545049,117.466346153846,0.781128067565982,0.235576923076923,0.783653846153846,208
"FluSight-ensemble",2025-12-06,0.748704817602788,0.599694129851763,168.305342809365,0.60213088414346,0.772141327990904,0.611248969919058,220.927884615385,0.866682608491838,0.177884615384615,0.610576923076923,208
"FluSight-ensemble",2025-12-13,0.689105640070348,0.582536065434113,235.151329431438,0.669088304710188,0.778146766753406,0.633270531681596,321.240384615385,0.963073006100666,0.105769230769231,0.475961538461538,208
"FluSight-ensemble",2025-12-20,0.593604480052204,0.51925389234553,220.670551839465,0.559386051182233,0.713277963963675,0.592180649064769,319.081730769231,0.824988673310051,0.0961538461538462,0.548076923076923,208
"FluSight-ensemble",2025-12-27,0.541404680393208,0.483418247066029,132.264711538462,0.276847706090735,0.672292058805808,0.580009369469493,206.360576923077,0.431768627219952,0.322115384615385,0.841346153846154,208
"FluSight-ensemble",2026-01-03,0.949653610015484,0.905309572887425,173.213919314381,0.302654576764212,1.12935494763085,1.07565776243265,276.480769230769,0.481376404014533,0.341346153846154,0.865384615384615,208
"FluSight-ensemble",2026-01-10,0.731088202505233,0.760878185931685,213.882698578595,0.413637605924598,0.928871154973814,0.965564267050312,339.288461538462,0.646748094013371,0.153846153846154,0.711538461538462,208
"FluSight-ensemble",2026-01-17,0.586033958335094,0.636312862479558,94.0057086120401,0.272038623283039,0.697034617536482,0.775918223919731,153.807692307692,0.440575564447244,0.451923076923077,0.942307692307692,208
"FluSight-ensemble",2026-01-24,0.760604651699279,0.745719486403339,65.391870819398,0.24356120566037,0.795046067439727,0.832914592882309,103.658653846154,0.386961568975541,0.519230769230769,0.980769230769231,208
"FluSight-ensemble",2026-01-31,1.00759052081156,0.901237179168363,76.3147909698997,0.3097346167056,1.04343516347627,0.971576927353548,113.524038461538,0.468227496002235,0.490384615384615,0.908653846153846,208
"FluSight-ensemble",2026-02-07,0.999936119325144,0.924390987954242,49.285016722408,0.208432671204374,1.07685069722536,0.997393119896448,76.5817307692308,0.309656583656923,0.658653846153846,0.961538461538462,208
"FluSight-ensemble",2026-02-14,0.822906867543431,0.826988834751463,39.1611371237458,0.186589063764713,0.885802173221305,0.939060863010162,60.9567307692308,0.273881501651386,0.6875,0.975961538461538,208
"FluSight-ensemble",2026-02-21,0.650079639760841,0.691524213810001,37.3386726588629,0.212650074503839,0.722769156327448,0.821426752384949,61.3942307692308,0.33853300938739,0.581730769230769,0.995192307692308,208
"FluSight-ensemble",2026-02-28,0.474229175154077,0.604508856766722,28.4461015886288,0.19938185375049,0.472684355952496,0.663008091090597,43.6538461538462,0.303620356702518,0.639423076923077,1,208
"FluSight-ensemble",2026-03-07,0.480166192906254,0.610065811800935,22.0945296822742,0.238524136654403,0.435100068827292,0.618194408501803,32.2355769230769,0.365605651834693,0.649038461538462,0.995192307692308,208
"FluSight-ensemble",2026-03-14,0.485412532564713,0.628767395445125,22.378752090301,0.283594291293735,0.458507500905297,0.645413428415815,34.5913461538462,0.450667949602586,0.548076923076923,0.971153846153846,208
"FluSight-ensemble",2026-03-21,0.450635026664326,0.60147563157269,18.9903971571906,0.315111359723552,0.417341922273854,0.612963924508942,29.1778846153846,0.511536832624861,0.490384615384615,0.975961538461538,208
"FluSight-ensemble",2026-03-28,0.445503066359555,0.596207954691635,15.0149602842809,0.34346234060987,0.421259890709706,0.633348337110619,22.7067307692308,0.56808170433283,0.490384615384615,0.947115384615385,208
"FluSight-ensemble",2026-04-04,0.476696425900732,0.570256421525543,8.30568143812709,0.249225948415993,0.591165836416817,0.694632609536449,11.4759615384615,0.326564602129873,0.788461538461538,1,208
"FluSight-ensemble",2026-04-11,0.439667283654505,0.575285027708497,6.8361893812709,0.271472516497273,0.683057623596738,0.781397063024023,9.75,0.383942695755217,0.793269230769231,0.995192307692308,208
"FluSight-ensemble",2026-04-18,0.510986833187663,0.623330584489731,7.05858486622074,0.304038480425047,1.13193201519389,0.963445785271656,11.4423076923077,0.429488070397301,0.721153846153846,0.985576923076923,208
"FluSight-ensemble",2026-04-25,0.493955137249425,0.627069241235068,6.63869356187291,0.32590949782331,1.04049030650095,0.919353120739098,10.6682692307692,0.48325544439433,0.649038461538462,0.980769230769231,208
"FluSight-ensemble",2026-05-02,0.427152657048549,0.553398929878128,5.83880225752508,0.286307005010064,0.816784705766408,0.820174941696951,8.5625,0.415565341454121,0.754807692307692,0.990384615384615,208
"FluSight-ensemble",2026-05-09,0.347858629452806,0.519349766281064,4.41496655518395,0.267266720612461,0.652174036010397,0.759275243477257,5.71634615384615,0.38730005372741,0.788461538461538,1,208
"FluSight-ensemble",2026-05-16,0.332975699154319,0.530298262529806,4.01892558528428,0.278086633712138,0.698799251120574,0.743474911891094,5.16826923076923,0.415280533887852,0.793269230769231,0.995192307692308,208
"FluSight-ensemble",2026-05-23,0.341045989459808,0.514110426852356,4.01262123745819,0.275312238877888,0.835547044513496,0.812086887389133,5.76442307692308,0.43776348886739,0.735576923076923,0.995192307692308,208
"FluSight-lop_norm",2025-11-22,0.722246677510983,0.60156181348849,41.0764987458194,0.458324395573035,0.743138260616584,0.607988884886414,68.5480769230769,0.740293434642407,0.336538461538462,0.985576923076923,208
"FluSight-lop_norm",2025-11-29,0.692326484160343,0.591101167254235,74.8428804347826,0.487625260695862,0.760440013390968,0.616630413090552,117.769230769231,0.771589689001959,0.288461538461538,0.942307692307692,208
"FluSight-lop_norm",2025-12-06,0.65293511347155,0.564580496602338,145.734009197324,0.564401468482935,0.793844748986248,0.628096263723402,226.634615384615,0.888454046966974,0.245192307692308,0.884615384615385,208
"FluSight-lop_norm",2025-12-13,0.616500021422773,0.548346879893189,209.986009615385,0.628346163256467,0.8016987446175,0.646468976750722,330.879807692308,0.982816320314197,0.149038461538462,0.817307692307692,208
"FluSight-lop_norm",2025-12-20,0.559612021192082,0.489540017117712,208.246580267559,0.526277031742748,0.729079514741998,0.594960601978209,326.177884615385,0.828225032895964,0.134615384615385,0.836538461538462,208
"FluSight-lop_norm",2025-12-27,0.544948537032589,0.48306325803062,133.052297240803,0.27616694060897,0.678254188372287,0.579012597481431,206.889423076923,0.428653596510465,0.432692307692308,0.961538461538462,208
"FluSight-lop_norm",2026-01-03,0.995533282287923,0.912369967061518,179.547140468227,0.301546686183783,1.1629105387542,1.10344947458246,284.245192307692,0.492983991824388,0.432692307692308,1,208
"FluSight-lop_norm",2026-01-10,0.684066843360268,0.70250355313815,198.193150083612,0.37873290372215,0.902165280642707,0.952359751382594,329.173076923077,0.63771465854036,0.221153846153846,0.980769230769231,208
"FluSight-lop_norm",2026-01-17,0.596293224122569,0.642592259991883,95.4363461538462,0.273623795655835,0.662236571557196,0.757762665096892,145.711538461538,0.429822982918171,0.552884615384615,0.995192307692308,208
"FluSight-lop_norm",2026-01-24,0.789845918001394,0.810315338675776,67.9322972408027,0.264872891839647,0.77620571388942,0.816479930435287,101.076923076923,0.37873192950889,0.649038461538462,0.990384615384615,208
"FluSight-lop_norm",2026-01-31,0.986349234150393,0.967677431767908,74.7205455685619,0.332651347097564,1.06858414582424,0.991878787614685,116.485576923077,0.478014265787656,0.548076923076923,0.975961538461538,208
"FluSight-lop_norm",2026-02-07,1.03666297340832,1.01895849293943,51.2274184782609,0.230512526890022,1.12424093099056,1.04000006627867,80.1826923076923,0.324110965219331,0.682692307692308,0.990384615384615,208
"FluSight-lop_norm",2026-02-14,0.866527373831505,0.923298112592766,41.1821279264214,0.208219292025779,0.911904046624073,0.978383862588048,62.7259615384615,0.285119153816383,0.735576923076923,0.995192307692308,208
"FluSight-lop_norm",2026-02-21,0.653737393991352,0.743820733651347,37.4610075250836,0.229146961938082,0.698583201354521,0.830134636124732,59.5,0.342873078146885,0.682692307692308,1,208
"FluSight-lop_norm",2026-02-28,0.507088932513182,0.659211116378202,30.4094857859532,0.217341295657051,0.483451198700472,0.675829004799239,44.9326923076923,0.311580957463814,0.701923076923077,1,208
"FluSight-lop_norm",2026-03-07,0.511006036329442,0.638628811147227,23.5141617892977,0.249271048781894,0.429817020665793,0.61189523934672,31.7932692307692,0.361566980357054,0.701923076923077,1,208
"FluSight-lop_norm",2026-03-14,0.499811517773048,0.639884384832431,22.9812123745819,0.287427680380433,0.446949911146006,0.634663040688745,33.6394230769231,0.442176832339585,0.629807692307692,1,208
"FluSight-lop_norm",2026-03-21,0.460110858927305,0.607758603379808,19.3366199832776,0.316846544886026,0.404361508891239,0.597953820308569,28.2259615384615,0.497821485173036,0.552884615384615,0.995192307692308,208
"FluSight-lop_norm",2026-03-28,0.447604456737149,0.598290458870378,15.1445798494983,0.345810475756613,0.395827270980504,0.609873831804305,21.3701923076923,0.547764346189483,0.567307692307692,1,208
"FluSight-lop_norm",2026-04-04,0.524573943299562,0.649630124000722,9.09855142140468,0.282880714729347,0.582713623062475,0.678653852580174,11.4134615384615,0.321437280658502,0.831730769230769,1,208
"FluSight-lop_norm",2026-04-11,0.487779977593981,0.642468499415228,7.55811872909699,0.301680428038687,0.684473970675403,0.789866292998387,9.74038461538461,0.387254072716031,0.826923076923077,1,208
"FluSight-lop_norm",2026-04-18,0.544349221731216,0.665952667827748,7.50658026755853,0.32464724955952,1.11199564177086,0.937171745529404,11.2115384615385,0.417072719667527,0.75,1,208
"FluSight-lop_norm",2026-04-25,0.52449483040591,0.66209158980049,7.06001254180602,0.343962651591968,1.03530675220197,0.895024855685254,10.6153846153846,0.470563074063602,0.730769230769231,0.995192307692308,208
"FluSight-lop_norm",2026-05-02,0.449405465494309,0.591801486390256,6.12053093645485,0.304706056384817,0.81505514069359,0.80472932992987,8.51923076923077,0.405134124162912,0.793269230769231,1,208
"FluSight-lop_norm",2026-05-09,0.386295836990564,0.56018162506762,4.88193352842809,0.286471532375806,0.690251472141498,0.771536151627586,6.00480769230769,0.38932560597124,0.836538461538462,1,208
"FluSight-lop_norm",2026-05-16,0.373592750833914,0.571269133214464,4.50011287625418,0.298894546455287,0.70008092491416,0.731178089511744,5.20673076923077,0.411185304905634,0.826923076923077,1,208
"FluSight-lop_norm",2026-05-23,0.378135046675173,0.556323526815468,4.43617056856187,0.296728136977636,0.843031733198417,0.820385671279201,5.76923076923077,0.439075032580203,0.826923076923077,1,208
"FluSight-trained_mean",2025-11-22,0.770490306772024,0.598370125670178,44.4877821906354,0.460455713041911,0.715369189177826,0.593922803631054,66.7115384615385,0.728815544603665,0.278846153846154,0.855769230769231,208
"FluSight-trained_mean",2025-11-29,0.593088310989761,0.443282307432453,64.8699671729719,0.367192735623712,0.59992266661167,0.453669037724719,95.4702611865321,0.581168306370289,0.370192307692308,0.889423076923077,208
"FluSight-trained_mean",2025-12-06,0.599120193928707,0.446084538705103,135.95913392523,0.450787382126887,0.64981973281153,0.478055470285495,187.571711534833,0.683634746104382,0.355769230769231,0.735576923076923,208
"FluSight-trained_mean",2025-12-13,0.58149728574371,0.459380167089503,201.049126794541,0.533148626996772,0.678420133697443,0.508787078218549,282.318618723123,0.780806289473084,0.158653846153846,0.557692307692308,208
"FluSight-trained_mean",2025-12-20,0.522834337083828,0.445912206799997,195.108328920043,0.481596861016188,0.655180587052667,0.522898955801682,294.607879330053,0.731639846701117,0.139423076923077,0.697115384615385,208
"FluSight-trained_mean",2025-12-27,0.567737676301537,0.473196725667479,140.60965436867,0.273749741954484,0.69312497256821,0.572506163591162,216.2090110901,0.431827382092642,0.350961538461538,0.870192307692308,208
"FluSight-trained_mean",2026-01-03,1.05366628588966,0.957088730051996,191.374582439828,0.318844817847965,1.20134875807657,1.11878465083659,290.730227731175,0.495873726118151,0.346153846153846,0.846153846153846,208
"FluSight-trained_mean",2026-01-10,0.70064470075008,0.724639719903165,203.576528181434,0.391921925415884,0.859878474163517,0.920770793504143,309.234247136674,0.609682368057822,0.134615384615385,0.778846153846154,208
"FluSight-trained_mean",2026-01-17,0.680940946999641,0.68846188097004,109.196245019314,0.293186975291906,0.759301866472523,0.804486511607532,168.490126517932,0.458052205694562,0.413461538461538,0.899038461538462,208
"FluSight-trained_mean",2026-01-24,0.670137158320364,0.650903771419879,57.9023941087892,0.213085014692832,0.709492885992289,0.740126586553598,93.083386465725,0.345170548201828,0.528846153846154,0.975961538461538,208
"FluSight-trained_mean",2026-01-31,0.843423929387519,0.697495074717592,64.1398165381391,0.239486985668724,0.917299581170803,0.773492478042382,100.403625484338,0.372883251749588,0.548076923076923,0.951923076923077,208
"FluSight-trained_mean",2026-02-07,0.967038663599059,0.869308497087178,47.8807428964769,0.196521578720443,1.07418342564882,0.97353098298835,76.9234664407779,0.30418725984852,0.586538461538462,0.975961538461538,208
"FluSight-trained_mean",2026-02-14,0.826225000957613,0.819344935259671,39.3268866810415,0.184765695936819,0.905386789582973,0.975712719602635,62.4995281610038,0.284664101648275,0.600961538461538,0.985576923076923,208
"FluSight-trained_mean",2026-02-21,0.613796169390421,0.577982856738436,35.2185738922136,0.176043745651632,0.637043730096908,0.667890875170023,54.3574979418938,0.27335986709196,0.620192307692308,0.995192307692308,208
"FluSight-trained_mean",2026-02-28,0.580397621247165,0.61252449641129,34.7002221281106,0.200280098868663,0.57649824950014,0.683308850110667,53.0582939394549,0.309358373549546,0.5625,1,208
"FluSight-trained_mean",2026-03-07,0.562710759345988,0.645615938072801,25.9711574372883,0.252453910144272,0.509432589739609,0.661610972332958,37.8866965144195,0.391251869423316,0.5625,0.966346153846154,208
"FluSight-trained_mean",2026-03-14,0.546357726928366,0.682116501540231,25.209376766368,0.308658364658597,0.506987672285232,0.691676708238806,38.3183813701403,0.483420698937988,0.447115384615385,0.923076923076923,208
"FluSight-trained_mean",2026-03-21,0.463351780823875,0.624617650941111,19.3906357678675,0.325919368716228,0.421709566176872,0.625854204315699,29.0993268231228,0.516561957293763,0.418269230769231,0.899038461538462,208
"FluSight-trained_mean",2026-03-28,0.369084961310374,0.541009630726386,12.6501330644948,0.3152508672629,0.315949563625104,0.53564777057649,17.4929561561008,0.49102104077116,0.466346153846154,0.918269230769231,208
"FluSight-trained_mean",2026-04-04,0.501620008222926,0.580763123045964,8.8556521585979,0.253585227743878,0.704249735271595,0.818036778504321,13.7890448501683,0.385020559418058,0.721153846153846,1,208
"FluSight-trained_mean",2026-04-11,0.526813630751291,0.663843251910188,8.18286841584267,0.309800076644338,0.931196485605391,1.02411442600108,13.1689459547139,0.49563063475677,0.673076923076923,0.980769230769231,208
"FluSight-trained_mean",2026-04-18,0.647610850362981,0.750577177222052,8.94541255185501,0.363799264838214,1.49383802871397,1.36601402674974,15.0085654285085,0.602764016837219,0.567307692307692,0.961538461538462,208
"FluSight-trained_mean",2026-04-25,0.605401088331449,0.72670867768476,8.10509041321039,0.374251145287987,1.33506057694008,1.21038068634351,13.703893495986,0.630846855750328,0.423076923076923,0.951923076923077,208
"FluSight-trained_mean",2026-05-02,0.495331840110524,0.630405631550626,6.73416879357054,0.322592400485114,1.04456654827554,1.04457117893972,10.6980239391639,0.513112797084353,0.548076923076923,0.927884615384615,208
"FluSight-trained_mean",2026-05-09,0.328009721993955,0.501023903425392,4.21855078073016,0.260930362905633,0.653242161430228,0.773772450227556,5.90578246728553,0.40509964581061,0.596153846153846,0.947115384615385,208
"FluSight-trained_mean",2026-05-16,0.322481942471588,0.515586344290022,3.92557261192067,0.272201369274925,0.702714007089541,0.739615340451908,5.2455361273205,0.414264697546337,0.567307692307692,0.918269230769231,208
"FluSight-trained_mean",2026-05-23,0.32744433892528,0.520764072080075,3.90129987577715,0.282276583015211,0.842461132460027,0.821599570520377,5.81398105736473,0.442767821536382,0.475961538461538,0.899038461538462,208
"FluSight-trained_med",2025-11-22,0.770490306772024,0.598370125670178,44.4877821906354,0.460455713041911,0.715369189177826,0.593922803631054,66.7115384615385,0.728815544603665,0.278846153846154,0.855769230769231,208
"FluSight-trained_med",2025-11-29,0.697720584657798,0.560720502362348,75.9450144109827,0.464939377660045,0.717024014751801,0.57771082624755,111.72610172631,0.727664952424762,0.245192307692308,0.836538461538462,208
"FluSight-trained_med",2025-12-06,0.635365034988197,0.514676976734807,142.668012025751,0.516771203578888,0.703037114205941,0.548314793173683,201.82078884127,0.778816980118415,0.259615384615385,0.677884615384615,208
"FluSight-trained_med",2025-12-13,0.62072307276452,0.538126577933525,212.044082867798,0.618582720129047,0.739451417742264,0.604182830827957,305.459841481713,0.91887487962643,0.110576923076923,0.586538461538462,208
"FluSight-trained_med",2025-12-20,0.538379735685585,0.471061230027863,200.383560533843,0.507908693240404,0.671001792799794,0.556647697839138,300.77308317044,0.776758378901496,0.125,0.634615384615385,208
"FluSight-trained_med",2025-12-27,0.516909349087541,0.46394381504925,126.839667774495,0.266992473912835,0.642383039572816,0.563385653216841,198.594042224173,0.422344453243494,0.341346153846154,0.860576923076923,208
"FluSight-trained_med",2026-01-03,0.91853848209517,0.883604537222781,166.700256982175,0.294324177367019,1.1075545879694,1.06537659329795,270.377649534419,0.476290231068706,0.365384615384615,0.908653846153846,208
"FluSight-trained_med",2026-01-10,0.700988281039132,0.741243186514462,205.343345635856,0.403210898598653,0.903867106409727,0.957173693544787,332.175156374015,0.6447483613194,0.182692307692308,0.764423076923077,208
"FluSight-trained_med",2026-01-17,0.610181412082924,0.66589808569156,97.2219720347596,0.283285559848444,0.716344373123962,0.810531758997916,157.043044317307,0.458886544776574,0.442307692307692,0.9375,208
"FluSight-trained_med",2026-01-24,0.762735883091648,0.76443501190613,65.657775734746,0.250320274389533,0.796992143084444,0.846763064514584,104.309890167492,0.39554102355827,0.509615384615385,0.985576923076923,208
"FluSight-trained_med",2026-01-31,0.955077285464486,0.86476479673722,72.0170294370249,0.295842441502656,1.00415204760446,0.934996490712567,108.878050746953,0.448348111460844,0.552884615384615,0.9375,208
"FluSight-trained_med",2026-02-07,0.969264019312708,0.9093252027335,47.8477831674282,0.205364477541464,1.03732397990486,0.984969912344236,73.8104165682062,0.306594445686132,0.673076923076923,0.975961538461538,208
"FluSight-trained_med",2026-02-14,0.828403135374635,0.825731210124264,39.452754922329,0.186350229331976,0.89590976113805,0.95444568038154,61.7741279176015,0.278813316673081,0.725961538461538,0.985576923076923,208
"FluSight-trained_med",2026-02-21,0.697880684335532,0.680759192754702,40.0148390143142,0.208216149012083,0.758203785956716,0.790363464939197,64.534134921943,0.325123447181863,0.610576923076923,0.995192307692308,208
"FluSight-trained_med",2026-02-28,0.55346052273575,0.635606509043432,33.2743675374738,0.209288573488843,0.548905139003963,0.693373951542906,50.8525637678827,0.317037199866929,0.639423076923077,1,208
"FluSight-trained_med",2026-03-07,0.52609439671767,0.635628194950694,24.3120095154232,0.248933655493796,0.468520062247791,0.643914133798377,34.9043233763228,0.381712708680375,0.586538461538462,0.990384615384615,208
"FluSight-trained_med",2026-03-14,0.521265303907324,0.658233722306311,24.133337380992,0.29815875548223,0.485148875532185,0.674101658219782,36.8019648315043,0.472235916245349,0.548076923076923,0.971153846153846,208
"FluSight-trained_med",2026-03-21,0.474460404999958,0.625651857946881,20.0089136606452,0.328385004400286,0.436744893157869,0.634415238204787,30.3282228985711,0.526356179485727,0.451923076923077,0.971153846153846,208
"FluSight-trained_med",2026-03-28,0.469322202547778,0.619459242724581,15.8616754825128,0.357789955285908,0.44328529272155,0.647002658102507,23.9839027995225,0.581302500700053,0.423076923076923,0.942307692307692,208
"FluSight-trained_med",2026-04-04,0.485106170129933,0.573517214752679,8.47723556845726,0.250731580835193,0.586680961118238,0.691796975003906,11.4918331957076,0.327709599828311,0.769230769230769,1,208
"FluSight-trained_med",2026-04-11,0.455730061045037,0.597600660302535,7.09114517121312,0.282101194300344,0.693071198312013,0.813167379725591,9.92278739929789,0.401661651559477,0.754807692307692,0.980769230769231,208
"FluSight-trained_med",2026-04-18,0.541164614198552,0.673297157094086,7.48809835790884,0.328840037436125,1.20397412253571,1.08020335583304,12.181540105893,0.482750027492882,0.644230769230769,0.980769230769231,208
"FluSight-trained_med",2026-04-25,0.517952475380121,0.658979799849023,6.94084952200805,0.341385728587561,1.11686055643367,0.995383013706226,11.4239495003271,0.520113766875488,0.567307692307692,0.980769230769231,208
"FluSight-trained_med",2026-05-02,0.429969181770131,0.556335396369365,5.88433290083518,0.287975186221825,0.814818648286045,0.854106699435863,8.47638847554302,0.430291269851256,0.716346153846154,0.990384615384615,208
"FluSight-trained_med",2026-05-09,0.343339678584231,0.519074946326119,4.38585278471104,0.268298988640513,0.641658298533679,0.770480823629121,5.69741762080301,0.396698100127865,0.682692307692308,0.995192307692308,208
"FluSight-trained_med",2026-05-16,0.32447055716456,0.542792005950366,3.92167890918057,0.284715120593743,0.682099023244329,0.787837654441338,5.06222426182442,0.443953839271972,0.692307692307692,0.995192307692308,208
"FluSight-trained_med",2026-05-23,0.330687935898229,0.516526263571845,3.91606585493229,0.278814579570869,0.817944825643958,0.823415111962586,5.65679156149079,0.445870818830993,0.600961538461538,1,208
"Gatech-ensemble_prob",2025-11-22,0.985856831537433,0.752994629440503,56.770002090301,0.575540991243154,0.885136048143131,0.738607315788618,80.4615384615385,0.886585999734844,0.259615384615385,0.788461538461538,208
"Gatech-ensemble_prob",2025-11-29,0.923143216202597,0.711564991908255,101.042552257525,0.591334994835742,0.827447998150335,0.678538876134187,128.764423076923,0.853665553265243,0.221153846153846,0.644230769230769,208
"Gatech-ensemble_prob",2025-12-06,1.03682667811411,0.894316276268558,231.981348244147,0.897454710445704,0.957307734083087,0.850544736738432,271.793269230769,1.20242887912653,0.115384615384615,0.403846153846154,208
"Gatech-ensemble_prob",2025-12-13,0.825479516427217,0.734010427393853,280.007671404682,0.837059051138051,0.883806080995322,0.773573244233476,361.942307692308,1.16796511683155,0.0961538461538462,0.389423076923077,208
"Gatech-ensemble_prob",2025-12-20,0.530468126211648,0.538528624975525,196.560660535117,0.576333652427626,0.613065487411664,0.579501749433729,273.139423076923,0.802427235867295,0.173076923076923,0.5,208
"Gatech-ensemble_prob",2025-12-27,0.846010769862788,0.784362181742801,209.032928511706,0.448539977153827,1.00271136836676,0.89810755319136,309.096153846154,0.664216111630068,0.211538461538462,0.673076923076923,208
"Gatech-ensemble_prob",2026-01-03,1.95071784535037,1.4275443926795,379.688755545697,0.476767393166156,1.9384002742131,1.40634426887963,501.586734693878,0.622673598185801,0.204081632653061,0.520408163265306,196
"Gatech-ensemble_prob",2026-01-10,1.3309854488611,1.11390275562209,400.627807274248,0.61122005760141,1.47807332517844,1.21975830918032,552.783653846154,0.823651045858499,0.177884615384615,0.485576923076923,208
"Gatech-ensemble_prob",2026-01-17,1.10582181496515,1.03350451742504,194.223303016859,0.461211018728743,1.17541477306756,1.0975702674825,282.102040816327,0.646222760468176,0.280612244897959,0.698979591836735,196
"Gatech-ensemble_prob",2026-01-24,0.996584821055373,0.922243341254002,87.8600244010648,0.302933998163974,1.01846006619001,0.990912988486689,138.295918367347,0.46867338894253,0.301020408163265,0.816326530612245,196
"Gatech-ensemble_prob",2026-01-31,1.08184810011779,0.966121717776746,81.0905562659847,0.333441674180429,1.09868056667112,1.0528464679156,118.553921568627,0.509516828336688,0.274509803921569,0.833333333333333,204
"Gatech-ensemble_prob",2026-02-07,1.13343092751457,0.986554222594623,54.9589705882353,0.221406136533531,1.14006403786122,1.06781147410965,79.8823529411765,0.332083933423519,0.514705882352941,0.901960784313726,204
"Gatech-ensemble_prob",2026-02-14,1.00831538908606,0.9071675251285,47.0126278772379,0.203760847179726,1.04073442124698,1.07438392679661,70.1029411764706,0.31151189510281,0.534313725490196,0.931372549019608,204
"Gatech-ensemble_prob",2026-02-21,0.756459709545702,0.75421789591799,41.9204177323103,0.231593303406695,0.802963280430431,0.847672320083639,65.1764705882353,0.347703172281169,0.519607843137255,0.946078431372549,204
"Gatech-ensemble_prob",2026-02-28,0.454548722121949,0.563717053441257,28.1326630434783,0.18373163807628,0.446015533186065,0.602262115901596,42.4,0.269768824181493,0.655,0.99,200
"Gatech-ensemble_prob",2026-03-07,0.474708254754863,0.626834965873244,22.5202673913043,0.239259853363751,0.446377575662731,0.64360637882897,34.15,0.372135728980766,0.635,0.995,200
"Gatech-ensemble_prob",2026-03-14,0.561756510732799,0.685227484855132,26.621502173913,0.311640493041662,0.554852060125149,0.724196517678072,42.985,0.508529291161532,0.515,0.975,200
"Gatech-ensemble_prob",2026-03-21,0.602182583573881,0.713518560881711,26.1804195652174,0.375054693489509,0.605829595143621,0.763739506031496,43.085,0.629163708678859,0.4,0.955,200
"Gatech-ensemble_prob",2026-03-28,0.601865277098444,0.703443683822215,21.0579586956522,0.407804398893394,0.604759012554335,0.751002299613516,33.805,0.67561993744427,0.395,0.925,200
"Gatech-ensemble_prob",2026-04-04,0.567897158429939,0.61317838521741,10.0633086956522,0.26456293473267,0.646476957297598,0.72501715443426,12.515,0.333654162130943,0.87,1,200
"Gatech-ensemble_prob",2026-04-11,0.517405100337618,0.64554346447397,8.24688043478261,0.30147337357704,0.762482417941616,0.773604174630698,11.19,0.376741342196069,0.87,1,200
"Gatech-ensemble_prob",2026-04-18,0.540433607521651,0.610407963298712,7.68145434782609,0.298106825989477,0.839815940676519,0.810062266738597,8.645,0.361947897466601,0.865,1,200
"Gatech-ensemble_prob",2026-04-25,0.523317178359986,0.602291328989388,7.32225,0.314537092850693,0.826231812785191,0.73292077022388,8.865,0.391545211279723,0.86,0.995,200
"Gatech-ensemble_prob",2026-05-02,0.527721400146423,0.668461251467878,7.34278913043478,0.33165243111496,0.797806410922132,0.85686278747156,8.68,0.421977383070341,0.835,1,200
"Gatech-ensemble_prob",2026-05-09,0.501293484631719,0.671793723488304,6.56415434782609,0.339156488394979,0.797683513880372,0.89665814918146,7.17,0.448098838638679,0.88,1,200
"Gatech-ensemble_prob",2026-05-16,0.509500291008457,0.69857964586829,6.28525869565217,0.360815394904362,0.929736918154555,0.928803632727058,6.995,0.511187970357405,0.87,1,200
"Gatech-ensemble_prob",2026-05-23,0.53933838400785,0.753355226247057,6.52574782608696,0.399613109175498,1.16548156601069,1.1437708685894,8.15,0.605401933435339,0.805,1,200
"Gatech-ensemble_stat",2025-11-22,0.824783787807783,0.786276066741516,46.6534455850039,0.585404731935248,0.734803849656981,0.534403672095414,67.1127477215422,0.63747124232861,0.572115384615385,0.903846153846154,208
"Gatech-ensemble_stat",2025-11-29,1.05301347225446,0.80988858469984,115.154805684,0.681898725860151,0.885741179446714,0.734607983409951,138.006144621303,0.936187545657168,0.211538461538462,0.552884615384615,208
"Gatech-ensemble_stat",2025-12-06,0.985063535092149,0.776988331588525,219.266012053576,0.773749952935749,0.883758169319079,0.712711843555051,251.488252088357,1.00416673222605,0.0673076923076923,0.283653846153846,208
"Gatech-ensemble_stat",2025-12-13,0.946271251899866,0.798933745765048,320.560417946931,0.90927049223698,0.871786767716665,0.736623312262504,359.439805349174,1.11610366229528,0.0288461538461538,0.173076923076923,208
"Gatech-ensemble_stat",2025-12-20,0.592690449363611,0.412936740788685,222.303708192611,0.443856114769907,0.626399302771396,0.428426222884022,282.657637748699,0.596385849386899,0.144230769230769,0.447115384615385,208
"Gatech-ensemble_stat",2025-12-27,0.511783117066875,0.421294630241963,127.217085866207,0.245835802621352,0.574349516709495,0.455423022124115,178.205908349135,0.342992949891508,0.307692307692308,0.658653846153846,208
"Gatech-ensemble_stat",2026-01-03,1.02418641882269,1.05028624972277,183.064046340931,0.346558684548686,1.04993981929263,1.04249248142544,249.909346862307,0.457234629234781,0.25,0.514423076923077,208
"Gatech-ensemble_stat",2026-01-10,0.916805981546997,0.915555078888403,278.017454657109,0.511477434639071,0.992209129342935,0.984894752909293,373.496929011852,0.676283854379706,0.105769230769231,0.442307692307692,208
"Gatech-ensemble_stat",2026-01-17,0.756775051182686,0.791008760818177,125.476040967086,0.34673260002431,0.834652925772588,0.860649361113618,189.797141625542,0.49773877848874,0.293269230769231,0.692307692307692,208
"Gatech-ensemble_stat",2026-01-24,0.916009559655947,0.867027585084263,79.7013424049565,0.286522389737036,0.925705523536463,0.943155817880651,123.133823846613,0.44665002319323,0.370192307692308,0.846153846153846,208
"Gatech-ensemble_stat",2026-01-31,1.41583226725103,1.51501612373585,106.340365739219,0.51124573961044,1.3264449432727,1.60869953594202,144.21750061522,0.763949939531922,0.384615384615385,0.759615384615385,208
"Gatech-ensemble_stat",2026-02-07,1.00089199297875,0.905856636701306,49.3491405629698,0.204353547887647,0.95076853969598,0.932828092802652,68.4035866010848,0.293800639815154,0.610576923076923,0.927884615384615,208
"Gatech-ensemble_stat",2026-02-14,0.856588460254714,0.877174396191477,41.1985893244629,0.198279107011421,0.817127188789015,0.913575593947886,56.6809517148285,0.265664581855569,0.6875,0.9375,208
"Gatech-ensemble_stat",2026-02-21,0.813129935737626,0.872885128864584,47.0345659344757,0.272423084309184,0.789602798247766,0.906280652782035,66.9095558065161,0.378484690085861,0.600961538461538,0.932692307692308,208
"Gatech-ensemble_stat",2026-02-28,0.692212028666042,0.752903122409322,41.9280838769562,0.247741196835529,0.684084837368211,0.809405317236816,63.2523024307612,0.365633529911404,0.538461538461538,0.966346153846154,208
"Gatech-ensemble_stat",2026-03-07,0.790707038890432,0.806726192798535,36.7461308749277,0.314609894747619,0.752235150769347,0.839313312644238,56.2705997041543,0.493740673327196,0.514423076923077,0.966346153846154,208
"Gatech-ensemble_stat",2026-03-14,0.734540387270298,0.803491900533269,34.3639285609463,0.364715638670737,0.706356641589079,0.830973877017663,53.8561931670714,0.580731260032969,0.514423076923077,0.975961538461538,208
"Gatech-ensemble_stat",2026-03-21,0.750218829353991,0.800686040213198,31.976023481504,0.420637546696046,0.733444278871571,0.839679621929033,51.2397237063131,0.689244018812257,0.480769230769231,0.985576923076923,208
"Gatech-ensemble_stat",2026-03-28,0.806431197872836,0.822449538833499,27.5563556067636,0.476895426574129,0.802649455237153,0.883014533989669,43.8293914406635,0.793662360898976,0.408653846153846,0.951923076923077,208
"Gatech-ensemble_stat",2026-04-04,0.800647480459787,0.792905915586382,13.8836778619876,0.345830361231863,0.825281321939065,0.868050554708669,15.7643394487994,0.40638628217574,0.846153846153846,1,208
"Gatech-ensemble_stat",2026-04-11,0.720877720654999,0.991989416526916,11.3282069431807,0.468201376493762,1.03083970734876,1.43692982992708,14.8454252252471,0.707414783800517,0.793269230769231,0.985576923076923,208
"Gatech-ensemble_stat",2026-04-18,0.738487638558634,0.972599857425776,10.1423567515675,0.474719447286416,1.28763704604378,1.55552005730041,12.8152859057077,0.699177307137334,0.778846153846154,1,208
"Gatech-ensemble_stat",2026-04-25,0.711004646321614,0.908167663244178,9.65440434122345,0.470920955072171,1.24635246039483,1.33877245472622,12.6913047934254,0.691333710310552,0.793269230769231,0.990384615384615,208
"Gatech-ensemble_stat",2026-05-02,0.671686030189563,0.974114667816336,9.07797162669921,0.49997151104122,1.10005512553257,1.51078232648683,11.5153985028578,0.774550791921304,0.798076923076923,1,208
"Gatech-ensemble_stat",2026-05-09,0.674726448527895,0.801174252253159,8.51686076485077,0.405735363452584,0.770151871412635,0.89823386796036,6.68700220150032,0.449400880032024,0.889423076923077,1,208
"Gatech-ensemble_stat",2026-05-16,0.710373967709575,0.833906126923727,8.60055156640978,0.435768926257369,0.943362628822796,0.991012305974723,7.09498372986055,0.564979761437155,0.860576923076923,1,208
"Gatech-ensemble_stat",2026-05-23,0.685130197079187,0.799748524060885,7.99459348781335,0.423337083807375,0.948448333228239,0.935513114913078,6.56713246080019,0.507568269506876,0.870192307692308,1,208
"Google_SAI-FluEns",2025-11-22,0.803528027648278,0.614037518216371,46.2937648933947,0.471601769748891,0.74726613400924,0.619806854467202,69.7487980769231,0.762530562521047,0.274038461538462,0.855769230769231,208
"Google_SAI-FluEns",2025-11-29,0.703066870168496,0.525115394282774,77.5310004820757,0.438236032537106,0.701386677734861,0.547809164432577,111.581129807692,0.703251780306666,0.288461538461538,0.850961538461538,208
"Google_SAI-FluEns",2025-12-06,0.543029139661068,0.376012056783595,123.903340577388,0.381162930143766,0.612938159115999,0.403237817209947,179.946848290598,0.584965162398232,0.403846153846154,0.831730769230769,208
"Google_SAI-FluEns",2025-12-13,0.469253222088286,0.359313152161036,162.907882510832,0.41799617138513,0.595701123129747,0.421529134206288,251.303103146853,0.653063187523706,0.25,0.788461538461538,208
"Google_SAI-FluEns",2025-12-20,0.427787862152579,0.322498226794355,160.689291585588,0.349753862557477,0.548169128479802,0.393103323884181,252.799825174825,0.560228274314044,0.240384615384615,0.846153846153846,208
"Google_SAI-FluEns",2025-12-27,0.517874714815287,0.414343999480369,127.594537061037,0.238967426162638,0.632902059783809,0.499725174524704,197.356169871795,0.376366821659003,0.456730769230769,0.942307692307692,208
"Google_SAI-FluEns",2026-01-03,1.06131602579308,0.983422428501649,191.350064611204,0.326090406206836,1.26888090635127,1.18254693816558,304.787860576923,0.522169899198248,0.350961538461538,0.966346153846154,208
"Google_SAI-FluEns",2026-01-10,0.76385822541557,0.78131437287943,222.999027254912,0.424941393889851,0.974164132279456,1.01106398279398,353.220853365385,0.674328615729361,0.173076923076923,0.927884615384615,208
"Google_SAI-FluEns",2026-01-17,0.592330802224619,0.630604004870256,95.196931525223,0.26958474095549,0.647269584928273,0.725248104823313,142.26014957265,0.409766600065909,0.480769230769231,0.942307692307692,208
"Google_SAI-FluEns",2026-01-24,0.812618278236377,0.787678067806801,69.8750653741639,0.257909257066507,0.859449856473141,0.897699196875936,112.029326923077,0.418433253461285,0.471153846153846,0.975961538461538,208
"Google_SAI-FluEns",2026-01-31,1.05057884252229,0.929759251476845,79.0770313482441,0.317365182063507,1.12520244753416,1.05988508260565,121.852403846154,0.506484054546991,0.4375,0.947115384615385,208
"Google_SAI-FluEns",2026-02-07,1.08658514791734,0.971944509246527,53.3825158528428,0.217544151407998,1.24246991752684,1.13068259962833,88.0788461538462,0.348743601094881,0.581730769230769,0.980769230769231,208
"Google_SAI-FluEns",2026-02-14,0.875887543915667,0.833412641713805,41.6284366785117,0.187080068233989,0.931278348178119,0.966809826959806,64.9274038461539,0.283837198519835,0.629807692307692,0.990384615384615,208
"Google_SAI-FluEns",2026-02-21,0.580711196282672,0.691547320348727,33.455724312291,0.215332503856574,0.582203060206852,0.796170626839605,49.5581730769231,0.332943737003346,0.649038461538462,0.985576923076923,208
"Google_SAI-FluEns",2026-02-28,0.441754594108537,0.56790835402949,26.4455454995819,0.186939694742523,0.398123254206264,0.621241840303743,37.0182692307692,0.287175571289186,0.649038461538462,0.985576923076923,208
"Google_SAI-FluEns",2026-03-07,0.445518081407436,0.586543144459645,20.7495103407191,0.230737198169581,0.385521058302349,0.598370628164516,29.1639423076923,0.358953704366835,0.625,0.975961538461538,208
"Google_SAI-FluEns",2026-03-14,0.424495663443969,0.585338559449332,19.4985031709866,0.262951242004015,0.369686211965148,0.58817000820041,27.8264423076923,0.409518797729275,0.567307692307692,0.947115384615385,208
"Google_SAI-FluEns",2026-03-21,0.432841297332216,0.600250001478818,17.9401538963211,0.311584577627599,0.36094765007287,0.583624306544073,24.5596153846154,0.479969962939722,0.485576923076923,0.875,208
"Google_SAI-FluEns",2026-03-28,0.415470624834783,0.579285695147644,14.1345327508361,0.336587727337341,0.341418095214303,0.564421217711668,18.9971153846154,0.520416846448145,0.456730769230769,0.903846153846154,208
"Google_SAI-FluEns",2026-04-04,0.537492630263204,0.576695025818119,9.32030216346154,0.25001984411797,0.665832439120427,0.759197160465274,12.7990384615385,0.3549443241738,0.793269230769231,1,208
"Google_SAI-FluEns",2026-04-11,0.465481002337488,0.532219412474238,7.2413968687291,0.250752082929409,0.700836768004293,0.739301217477871,10.0682692307692,0.365149982702557,0.764423076923077,0.980769230769231,208
"Google_SAI-FluEns",2026-04-18,0.524299099363535,0.550960950004542,7.24420998118729,0.267979622903861,1.16231624871326,0.938653922386243,11.7317307692308,0.415016753679514,0.668269230769231,0.985576923076923,208
"Google_SAI-FluEns",2026-04-25,0.503349482826463,0.557797316607587,6.82807164715719,0.292765121159452,1.06281655614013,0.875827532548509,11.0778846153846,0.467264414283031,0.615384615384615,0.985576923076923,208
"Google_SAI-FluEns",2026-05-02,0.460604074575427,0.535467454950631,6.27291379389632,0.277198481621525,0.861716811516762,0.847745914646388,8.96586538461538,0.423783409517153,0.663461538461538,0.985576923076923,208
"Google_SAI-FluEns",2026-05-09,0.384143512495477,0.525733910594406,4.83563639423077,0.269366531567066,0.746038779307293,0.832492923365565,6.41201923076923,0.416287018343273,0.649038461538462,0.971153846153846,208
"Google_SAI-FluEns",2026-05-16,0.377794442636726,0.542768180722727,4.5548231208194,0.284210555808912,0.841156026076647,0.78092081288118,6.20961538461538,0.432138587665944,0.639423076923077,0.961538461538462,208
"Google_SAI-FluEns",2026-05-23,0.380234743500526,0.538189205972255,4.47654906981605,0.288467454088612,0.945009040256607,0.838050539032192,6.44903846153846,0.445197069184149,0.581730769230769,0.942307692307692,208
"JHU_CSSE-CSSE_Ensemble",2026-01-03,0.972148692769035,0.907426332692236,183.753512256816,0.306894338180514,1.15808816893147,1.06623810780547,291.485960384974,0.479136506791784,0.165,0.785,200
"LUcompUncertLab-chimera",2025-11-22,1.17289526238706,0.957323428219553,54.0559931798807,0.738061943071716,0.92158263992429,0.856853863943564,69.8725490196078,1.04550146769573,0.176470588235294,0.504901960784314,204
"LUcompUncertLab-chimera",2025-11-29,0.89156637561539,0.77519290363522,77.7752237851662,0.63053404981525,0.815334833483848,0.723650109262717,103.485294117647,0.894617351439652,0.142156862745098,0.524509803921569,204
"LUcompUncertLab-chimera",2025-12-06,0.843491860699459,0.759725225054197,164.593098891731,0.752064923258067,0.847579120363508,0.735882895738645,211.495098039216,1.03199206400237,0.0882352941176471,0.450980392156863,204
"LUcompUncertLab-chimera",2025-12-13,0.825133270759836,0.765566920969379,277.074078177258,0.868335611822301,0.930227138242128,0.84242024776935,382.423076923077,1.27820556765111,0.100961538461538,0.673076923076923,208
"LUcompUncertLab-chimera",2025-12-20,0.863643286827669,0.802939179735679,316.654168060201,0.854474091108005,0.960320372606941,0.885782000706115,428.182692307692,1.22834959773214,0.0384615384615385,0.548076923076923,208
"LUcompUncertLab-chimera",2025-12-27,0.898591767770247,0.952815815396563,215.281433946488,0.540598342149822,1.00023587487174,1.02872890346628,300.600961538462,0.756158875664919,0.269230769230769,0.759615384615385,208
"LUcompUncertLab-chimera",2026-01-03,1.32559270083343,1.40747786177623,235.189400083612,0.442382157607519,1.38009849767146,1.3396069943255,333.6875,0.58617291276142,0.600961538461538,1,208
"LUcompUncertLab-puca",2026-01-10,1.10121139726195,0.979302145424692,323.524767976589,0.529086688286668,1.33393828584711,1.14242506867935,481.432692307692,0.752215759808604,0.278846153846154,0.807692307692308,208
"LUcompUncertLab-puca",2026-01-17,0.949830246843763,1.07744015604971,155.775721153846,0.463875331330572,1.08792429982243,1.00775652827247,250.379807692308,0.587266835425558,0.706730769230769,0.990384615384615,208
"LUcompUncertLab-puca",2026-01-24,1.09282645560374,1.05725754405861,95.6638461538462,0.349208671220866,1.0642990555433,0.930114164328449,149.548076923077,0.464225923230934,0.639423076923077,0.985576923076923,208
"LUcompUncertLab-puca",2026-01-31,1.92437604723324,3.73688728567089,145.102759197324,1.29021554831814,1.79645065732368,3.9473764529002,195.855769230769,1.90867522411857,0.1875,0.591346153846154,208
"LUcompUncertLab-puca",2026-02-07,1.22525027277189,1.42199178706415,60.5126818561873,0.322289040300983,1.09167938079763,1.05506418748885,77.7596153846154,0.328935179445118,0.634615384615385,0.894230769230769,208
"LUcompUncertLab-puca",2026-02-14,0.996215834121738,1.40602677347833,47.5203741638796,0.318056855903921,0.908385148529744,0.94709123625347,62.5817307692308,0.275732293695345,0.716346153846154,0.923076923076923,208
"LUcompUncertLab-puca",2026-02-21,0.659355698778993,1.09324386486937,37.7028532608696,0.336656243843971,0.606921250593273,0.727980289682258,51.3365384615385,0.301350149856472,0.725961538461538,0.990384615384615,208
"LUcompUncertLab-puca",2026-02-28,0.598952870240634,1.28557165500717,36.1625438963211,0.423280113641592,0.579974087546567,1.0399976421125,54.1923076923077,0.475588466244463,0.759615384615385,1,208
"LUcompUncertLab-puca",2026-03-07,0.683666372029163,1.21979302544855,32.0786204013378,0.474933526916715,0.612054534308812,0.892792133106852,46.5336538461538,0.520497478854784,0.769230769230769,1,208
"LUcompUncertLab-puca",2026-03-14,0.606345153437379,1.15952952239519,28.0890698160535,0.51856039880187,0.502082982895404,0.804137751138904,38.4326923076923,0.551315893801332,0.807692307692308,1,208
"LUcompUncertLab-puca",2026-03-21,0.496240767494714,0.862856531111824,18.362041773231,0.448697776334353,0.457572923674285,0.781578852209608,27.421568627451,0.64138999482353,0.637254901960784,0.965686274509804,204
"LUcompUncertLab-puca",2026-03-28,0.539268093564836,1.02581890668523,18.2858131270903,0.59086949925522,0.418140278682515,0.84222800019399,22.4903846153846,0.751108257518458,0.875,0.990384615384615,208
"LUcompUncertLab-puca",2026-04-04,0.610458353696484,0.855519500982967,10.465654264214,0.371571750858149,0.79061648947815,0.941870383649339,14.8028846153846,0.434631416957822,0.774038461538462,1,208
"LUcompUncertLab-puca",2026-04-11,0.582095626606779,0.936367792261237,8.88993102006689,0.435451427225252,0.909155677079101,1.23626120753535,12.5721153846154,0.591672806985305,0.798076923076923,0.990384615384615,208
"LUcompUncertLab-puca",2026-04-18,0.608613263323481,0.913220832917962,8.27916596989967,0.440721371738382,1.10410279840476,1.10435343212264,10.9471153846154,0.486735585763908,0.865384615384615,0.985576923076923,208
"LUcompUncertLab-puca",2026-04-25,0.57599157096598,0.920489749175865,7.72160326086957,0.479047262916422,1.02186121582189,1.29415028231535,10.3221153846154,0.670628231942645,0.860576923076923,0.975961538461538,208
"LUcompUncertLab-puca",2026-05-02,0.583063632968099,1.00281800145747,7.62331730769231,0.493138540423437,1.04977524786789,1.38542368397155,10.5240384615385,0.678566377013733,0.870192307692308,0.980769230769231,208
"LUcompUncertLab-puca",2026-05-16,0.6840373347342,1.09730261048564,6.90523829431438,0.465432250969623,1.50190154957539,1.43109065297733,9,0.597667458965606,0.884615384615385,1,104
"LosAlamos-DoSiDo",2025-11-22,0.842472763175057,0.814871383725598,47.5728407190635,0.608975103695623,0.740833013511433,0.61486879381637,68.4423076923077,0.751041484362379,0.173076923076923,0.879807692307692,208
"LosAlamos-DoSiDo",2025-11-29,1.00888711737709,1.15514618013594,108.531053511706,0.94434360598773,0.934446884987239,0.935758334495508,144.528846153846,1.18156556599374,0.0673076923076923,0.735576923076923,208
"LosAlamos-DoSiDo",2025-12-06,0.974042711451269,1.16182197565677,216.8995840301,1.1783449365427,0.985526255135717,1.02773240572436,281.052884615385,1.47751031213604,0.0384615384615385,0.533653846153846,208
"LosAlamos-DoSiDo",2025-12-13,0.782671710411706,0.894028856912662,265.907805183946,1.03120506562257,0.928841836393065,0.866388955167802,383.985576923077,1.32782071917576,0.0432692307692308,0.730769230769231,208
"LosAlamos-DoSiDo",2025-12-20,0.751710591322106,0.916401827247038,276.919947742475,0.982634582647109,0.905035928672214,0.90330427710291,403.288461538462,1.25577158333911,0.0432692307692308,0.793269230769231,208
"LosAlamos-DoSiDo",2025-12-27,0.927405505935593,1.23153573754832,224.326197742475,0.700567736006361,1.05040881888942,1.08401204925286,317.033653846154,0.795382440769197,0.264423076923077,0.903846153846154,208
"LosAlamos-DoSiDo",2026-01-03,1.07473292753488,1.54358704697231,191.767784280936,0.494982231897861,1.06075405823654,0.960210967442138,251.524038461538,0.408249146305739,0.697115384615385,1,208
"LosAlamos-DoSiDo",2026-01-10,1.14954421850709,1.12665489024115,341.81654264214,0.60360499212382,1.52310614159907,1.17562412503803,576.033653846154,0.79819975921928,0.581730769230769,0.995192307692308,208
"LosAlamos-DoSiDo",2026-01-17,2.42891390963282,1.69870042558228,412.617984949833,0.731007312325794,2.96148488946904,1.81318960808718,703.990384615385,1.06456347136345,0.375,0.980769230769231,208
"LosAlamos-DoSiDo",2026-01-24,4.24774764713364,2.32827749730317,386.1504159699,0.775790034639067,4.76271316585742,2.32315726200484,665.951923076923,1.12676109615865,0.394230769230769,0.971153846153846,208
"LosAlamos-DoSiDo",2026-01-31,1.15073350489982,1.42766731452962,87.1177320234114,0.492828736118725,1.04187111102999,1.12442948252342,115.649038461538,0.561422306247892,0.75,0.985576923076923,208
"LosAlamos-DoSiDo",2026-02-07,1.15552635736871,1.52976881974901,57.2208131270903,0.350802360785336,0.891865448990952,1.00287252208465,64.5961538461538,0.324153457420163,0.725961538461538,0.956730769230769,208
"LosAlamos-DoSiDo",2026-02-14,1.05467881500482,1.59061110360165,50.1857211538462,0.360788992646172,0.961072347943018,1.3743373759545,66.4230769230769,0.41008329858343,0.778846153846154,0.985576923076923,208
"LosAlamos-DoSiDo",2026-02-21,0.862682265353769,1.24251680862384,49.6079243311037,0.387080217788072,0.929327829996264,1.47852753530151,78.6778846153846,0.62538132426359,0.528846153846154,0.966346153846154,208
"LosAlamos-DoSiDo",2026-02-28,0.762248023884682,1.02359853254286,45.8091262541806,0.336494349274715,0.771689486330068,1.0527209030674,71.5913461538462,0.481602363482341,0.451923076923077,0.870192307692308,208
"LosAlamos-DoSiDo",2026-03-07,0.652790431547652,0.905112219721555,30.1379849498328,0.354559268387132,0.630539597762348,0.876745486951751,46.9182692307692,0.520484753113892,0.548076923076923,0.995192307692308,208
"LosAlamos-DoSiDo",2026-03-14,0.610767156744387,0.851514869352914,28.2363189799331,0.382125367015441,0.548725195603791,0.781898372147556,41.7788461538462,0.552482230183924,0.591346153846154,0.995192307692308,208
"LosAlamos-DoSiDo",2026-03-21,0.643542888133163,0.856244776207096,28.1515259197324,0.446614972552344,0.531712367892253,0.740709029003491,39.6586538461538,0.646736010555423,0.533653846153846,0.932692307692308,208
"LosAlamos-DoSiDo",2026-03-28,0.578475522626395,0.83393518713848,20.379391722408,0.491776730066129,0.499205552575243,0.762797730733391,28.6778846153846,0.709025178152652,0.533653846153846,0.942307692307692,208
"LosAlamos-DoSiDo",2026-04-04,0.673277480635831,1.38922770445132,11.6714590301003,0.600904252971221,0.904376469425916,2.33226371596882,17.5817307692308,1.12318024879277,0.745192307692308,0.990384615384615,208
"LosAlamos-DoSiDo",2026-04-11,0.633812428472884,1.31266131678511,9.81204222408027,0.614868057306098,1.08703223949609,2.2611926597214,15.5913461538462,1.13009744759937,0.6875,0.990384615384615,208
"LosAlamos-DoSiDo",2026-04-18,0.702273952867576,1.28389002864885,9.74238921404682,0.625006022742769,1.71336266213825,2.66763684609782,17.3413461538462,1.20248937360836,0.596153846153846,0.980769230769231,208
"LosAlamos-DoSiDo",2026-04-25,0.64556462406888,1.10587437651262,8.63940844481605,0.570920558078986,1.43513695889505,1.99309474847678,14.7115384615385,1.05401665003922,0.528846153846154,0.966346153846154,208
"LosAlamos-DoSiDo",2026-05-02,0.512989813519754,0.885008946284675,6.97484322742475,0.453111913109933,1.02854682097233,1.47703768794664,10.6298076923077,0.742170728086376,0.6875,0.990384615384615,208
"LosAlamos-DoSiDo",2026-05-09,0.345442984504431,0.6763630984033,4.42188545150502,0.35302040311729,0.724298180775577,1.06000541640253,6.26923076923077,0.543744085187378,0.610576923076923,0.995192307692308,208
"LosAlamos-DoSiDo",2026-05-16,0.317406842231241,0.667484518717845,3.83408026755853,0.34947929377914,0.76897211666318,0.990987126965922,5.65384615384615,0.555281804193091,0.644230769230769,0.985576923076923,208
"LosAlamos-DoSiDo",2026-05-23,0.339770495365366,0.598700203659666,4.02514005016722,0.322681018188445,0.946277898341615,0.978280999318306,6.3125,0.517273485778591,0.615384615384615,0.975961538461538,208
"LosAlamos-ThinMint",2025-11-22,1.40533110239303,1.18226052349102,80.1677194816053,0.904749687649364,1.09561245768113,1.09850757162127,98.9375,1.32041399837365,0.0961538461538462,0.495192307692308,208
"LosAlamos-ThinMint",2025-11-29,1.05410005616859,0.92728385343472,112.626780936455,0.757857187105605,0.989832199445895,0.955621221443276,151.721153846154,1.18834518688631,0.0673076923076923,0.644230769230769,208
"LosAlamos-ThinMint",2025-12-06,0.924284187753262,0.849668341491176,204.328212792642,0.843591029184567,0.949971878374989,0.899770002497641,268.75,1.26652727688728,0.0432692307692308,0.524038461538462,208
"LosAlamos-ThinMint",2025-12-13,0.872127006327634,0.813939719437645,295.898683110368,0.931019072287337,0.943820335697989,0.88363902176216,388.913461538462,1.34461354693934,0.0384615384615385,0.423076923076923,208
"LosAlamos-ThinMint",2025-12-20,0.742650488215089,0.698501936474608,275.268595317726,0.752588643652665,0.860819007485155,0.787844101669501,385.716346153846,1.10127646849548,0.0480769230769231,0.5,208
"LosAlamos-ThinMint",2025-12-27,0.632722443327066,0.623427889056941,151.090641722408,0.351725381508239,0.769204819127568,0.737470836024662,230.846153846154,0.54000907447728,0.259615384615385,0.826923076923077,208
"LosAlamos-ThinMint",2026-01-03,0.8656711849985,0.918516247441792,154.58831312709,0.300863134554624,0.956676120187444,0.990677651582366,226.201923076923,0.428501196401704,0.3125,0.692307692307692,208
"LosAlamos-ThinMint",2026-01-10,0.93107680287489,0.946634347543048,277.171454849498,0.520448584384085,1.07274679438433,1.0679881642302,395.894230769231,0.720193591410358,0.144230769230769,0.524038461538462,208
"LosAlamos-ThinMint",2026-01-17,1.72217851343576,1.2751635629505,275.711197742475,0.540899168121297,1.99598228876039,1.56540567158591,440.740384615385,0.882603546425553,0.211538461538462,0.764423076923077,208
"LosAlamos-ThinMint",2026-01-24,1.21937750689467,2.20130722760683,104.184030100334,0.71795853823603,1.38050178987311,2.53223606451228,179.625,1.18113787085239,0.485576923076923,0.985576923076923,208
"LosAlamos-ThinMint",2026-01-31,1.26074126925411,2.07816593117763,95.7726546822743,0.722987362385813,1.40405329982983,2.51641721779675,152.980769230769,1.23186431152461,0.471153846153846,0.927884615384615,208
"LosAlamos-ThinMint",2026-02-07,1.07347122794706,1.60885044518593,53.2099331103679,0.375998788572153,1.14499699855201,1.86461894168277,82.6826923076923,0.619261822818518,0.701923076923077,1,208
"LosAlamos-ThinMint",2026-02-14,1.07318838872031,1.45098687145909,51.2786663879599,0.331016345781366,1.11456641852457,1.81590154456361,77.6153846153846,0.540339911287318,0.706730769230769,0.942307692307692,208
"LosAlamos-ThinMint",2026-02-21,0.990339493193075,1.39601033546587,57.6985075250836,0.441804175680374,0.980512835401672,1.6523902747123,85.4519230769231,0.702861186003783,0.581730769230769,0.913461538461538,208
"LosAlamos-ThinMint",2026-02-28,0.72176414959656,0.989247357277556,43.0600982441472,0.323756950770488,0.672388067978298,1.10709533075155,61.5240384615385,0.508247439375023,0.615384615384615,0.942307692307692,208
"LosAlamos-ThinMint",2026-03-07,0.696342126550633,0.89422654058874,32.4186872909699,0.352944166107814,0.583051874487326,0.878228754494801,44.0192307692308,0.52597618830395,0.663461538461538,0.985576923076923,208
"LosAlamos-ThinMint",2026-03-14,0.637569750980153,0.914019455948933,29.8654117892977,0.415965275012407,0.553004848488419,0.890973287926935,42.3221153846154,0.630561288346103,0.591346153846154,0.951923076923077,208
"LosAlamos-ThinMint",2026-03-21,0.640280748292535,1.01466567289962,27.4229744983278,0.522089648641514,0.591112761422779,1.02902483736093,41.4423076923077,0.826994874599477,0.591346153846154,0.951923076923077,208
"LosAlamos-ThinMint",2026-03-28,0.551389239891913,0.9749330337199,19.1634071906355,0.580456562858792,0.480415998639591,0.991914011695571,26.9086538461538,0.920658135305602,0.586538461538462,0.942307692307692,208
"LosAlamos-ThinMint",2026-04-04,0.950278211500346,2.18343114081937,16.712506270903,0.955950725004096,1.60019370553204,4.03378480711617,30.8413461538462,1.90143824029466,0.451923076923077,0.975961538461538,208
"LosAlamos-ThinMint",2026-04-11,0.848098636152246,1.89175469563845,13.1843290133779,0.885256425655686,1.64625829803181,3.55078163017022,23.4230769230769,1.7443907575521,0.403846153846154,0.956730769230769,208
"LosAlamos-ThinMint",2026-04-18,0.75080802528694,1.08038239326367,10.2839318561873,0.530712423483043,1.4694266892863,1.86963309086608,14.8125,0.851929731743151,0.706730769230769,0.961538461538462,208
"LosAlamos-ThinMint",2026-04-25,0.735981625152879,1.28745079886992,9.84540342809365,0.665813046112219,1.6115619402673,2.44831909887683,16.5288461538462,1.30295821244701,0.649038461538462,0.966346153846154,208
"LosAlamos-ThinMint",2026-05-02,0.742570669171023,0.962893712303618,9.99120610367893,0.499900654659654,1.25818348072188,1.5566817541675,13.0817307692308,0.80029915876157,0.716346153846154,0.951923076923077,208
"LosAlamos-ThinMint",2026-05-09,0.645534008005932,1.02086503430391,8.08433737458194,0.523934069710561,1.22504324186671,1.75021640115634,10.6346153846154,0.896084483002199,0.725961538461538,0.975961538461538,208
"LosAlamos-ThinMint",2026-05-16,0.604405888393409,0.967990206926849,7.35298076923077,0.503608579981009,1.29184194111822,1.49281100252186,9.48557692307692,0.811948642260863,0.711538461538462,0.975961538461538,208
"LosAlamos-ThinMint",2026-05-23,0.638604083714304,0.856377330929403,7.54985576923077,0.451851187310126,1.32603151787921,1.23796941320258,9.0625,0.643820357393347,0.783653846153846,0.961538461538462,208
"LosAlamos_NAU-CModel_Flu",2025-11-22,1.93387569983177,1.83224636324673,108.480860677749,1.34194477478537,1.24992490531257,1.33598118738978,112.259803921569,1.53993764219595,0.053921568627451,0.0980392156862745,204
"LosAlamos_NAU-CModel_Flu",2025-11-29,1.52501691138757,1.56115781329773,162.061515018813,1.28076117995822,1.1434138911241,1.26581843327449,175.237980769231,1.58297132966214,0.0625,0.25,208
"LosAlamos_NAU-CModel_Flu",2025-12-06,1.24070932388074,1.16652009665588,272.998795108696,1.15437944501305,1.01987555240616,0.980162402246056,288.084134615385,1.37846389600814,0.0528846153846154,0.177884615384615,208
"LosAlamos_NAU-CModel_Flu",2025-12-13,1.1836132357143,1.12535396889303,398.816593185619,1.27479343177784,1.01255110997563,0.974021533274977,415.485576923077,1.47219260437955,0.0528846153846154,0.144230769230769,208
"LosAlamos_NAU-CModel_Flu",2025-12-20,1.2173345975826,1.13044535992356,447.323711433947,1.19519847831639,1.05085469322172,0.994370693840112,467.692307692308,1.37020416762157,0.0240384615384615,0.100961538461538,208
"LosAlamos_NAU-CModel_Flu",2025-12-27,1.49008656461797,1.2904956065284,358.376997355769,0.720586605741781,1.26826265635053,1.15580789199663,383.134615384615,0.840724369441757,0.0865384615384615,0.254807692307692,208
"LosAlamos_NAU-CModel_Flu",2026-01-03,1.61866519792778,1.6137633976098,278.117961904264,0.505743139733387,1.36899213437577,1.46652643217313,314.579326923077,0.615294732542078,0.206730769230769,0.394230769230769,208
"LosAlamos_NAU-CModel_Flu",2026-01-10,0.835619121602022,1.05885303708436,231.338095673077,0.547089184766811,0.777638598990389,1.06231634315206,266.762019230769,0.674879247963223,0.163461538461538,0.413461538461538,208
"LosAlamos_NAU-CModel_Flu",2026-01-17,1.02774052603753,1.27731308866234,160.788548630853,0.531149855944762,0.873479363966418,1.1961289817066,188.447115384615,0.664466926736506,0.134615384615385,0.413461538461538,208
"LosAlamos_NAU-CModel_Flu",2026-01-24,1.8980858222769,2.01649494441138,160.539145704431,0.650336029351724,1.39476186092993,1.67888685636992,180.622596153846,0.778101695492993,0.192307692307692,0.480769230769231,208
"LosAlamos_NAU-CModel_Flu",2026-01-31,2.09124233697028,2.44595026292241,152.967948442726,0.818253987797314,1.62796397316397,2.00816016352126,173.742788461538,0.949590751988429,0.163461538461538,0.370192307692308,208
"LosAlamos_NAU-CModel_Flu",2026-02-07,2.40886935624365,3.08137438916232,116.797186778846,0.693439624329423,1.94838400794337,2.68131234883714,137.677884615385,0.839114333280817,0.0769230769230769,0.288461538461538,208
"LosAlamos_NAU-CModel_Flu",2026-02-14,2.09563268777847,2.95472377309451,98.3220431960702,0.663742287118655,1.6992513677923,2.80907958159053,116.735576923077,0.822662455424566,0.0528846153846154,0.230769230769231,208
"LosAlamos_NAU-CModel_Flu",2026-02-21,1.36739272281989,2.00338444573654,79.2419294418896,0.629688378608297,1.12300417529081,1.8938962237086,96.0793269230769,0.797880969834331,0.0384615384615385,0.25,208
"LosAlamos_NAU-CModel_Flu",2026-02-28,0.99581102555861,1.63296489352927,63.5738250104515,0.570994216394562,0.802635428805223,1.53611099086956,78.0745192307692,0.737541230083669,0.0625,0.331730769230769,208
"LosAlamos_NAU-CModel_Flu",2026-03-07,0.980381293458371,1.22539133832346,49.126215541388,0.503316838555682,0.762948710629199,1.08142173758588,61.0697115384615,0.666472305516121,0.144230769230769,0.456730769230769,208
"LosAlamos_NAU-CModel_Flu",2026-03-14,0.941936775226452,0.910447473737917,45.1716803616221,0.41426959483383,0.712859150195639,0.793620989242248,55.3365384615385,0.556685130096389,0.221153846153846,0.538461538461538,208
"LosAlamos_NAU-CModel_Flu",2026-03-21,0.670695952504997,0.797979536646962,29.6697553825251,0.427633127182472,0.508736571594838,0.677540907043683,36.4519230769231,0.567938277722188,0.293269230769231,0.600961538461538,208
"LosAlamos_NAU-CModel_Flu",2026-03-28,0.636676577349927,0.712170618553186,22.4340378448997,0.417938153869437,0.494353848861343,0.619200763565326,27.6778846153846,0.564045818239129,0.331730769230769,0.625,208
"LosAlamos_NAU-CModel_Flu",2026-04-04,0.965046148687766,0.876224842788719,17.1004944188963,0.384142845611182,1.0952127968976,1.12318894195188,20.9663461538462,0.526752047118306,0.360576923076923,0.658653846153846,208
"LosAlamos_NAU-CModel_Flu",2026-04-11,0.804021279682982,0.831021772158677,12.7114966555184,0.392904284112176,1.12243355490999,1.07381125090689,16.0384615384615,0.525796788704308,0.322115384615385,0.620192307692308,208
"LosAlamos_NAU-CModel_Flu",2026-04-18,0.761095475040541,0.762703648699967,10.6765551839465,0.37666988208488,1.35187394307401,1.14288017443196,13.7355769230769,0.513227590548935,0.259615384615385,0.625,208
"LosAlamos_NAU-CModel_Flu",2026-04-25,0.675334532601721,0.717639302819613,9.39884197324415,0.383810668999218,1.14339394564158,0.961821784068225,12.2115384615385,0.523031514933322,0.245192307692308,0.600961538461538,208
"LosAlamos_NAU-CModel_Flu",2026-05-02,0.550858039708373,0.683997948491718,7.70834448160535,0.356515269824814,0.959595503151981,0.960159413786048,10.0336538461538,0.476445563066051,0.283653846153846,0.658653846153846,208
"LosAlamos_NAU-CModel_Flu",2026-05-09,0.487429290335446,0.672865116825271,6.51327341137124,0.357053777978059,0.967909303462414,0.940393450051322,8.59615384615385,0.480068197366318,0.322115384615385,0.6875,208
"LosAlamos_NAU-CModel_Flu",2026-05-16,0.549110364735743,0.783931964071866,6.69640050167224,0.413867062894956,1.17468898496118,0.974993106108471,8.70673076923077,0.544902768058528,0.298076923076923,0.610576923076923,208
"LosAlamos_NAU-CModel_Flu",2026-05-23,0.568336593252961,0.833973122464379,6.71665342809365,0.445905252921854,1.30122261006531,1.111180747262,8.67307692307692,0.576749969355278,0.283653846153846,0.586538461538462,208
"MDPredict-SIRS",2025-12-06,0.677004361314402,0.555177976536407,152.607884615385,0.565237658833495,0.677309582880774,0.51273207770512,194.615384615385,0.736842965980559,0.524038461538462,0.8125,208
"MDPredict-SIRS",2025-12-13,0.608480335123245,0.650283882908873,204.847040133779,0.73854274785235,0.582948097219041,0.573444311318298,242.682692307692,0.889289056708112,0.653846153846154,0.841346153846154,208
"MDPredict-SIRS",2025-12-20,0.635554054944463,0.724495983805868,236.971410953177,0.784659400867513,0.70126088867636,0.664919352285382,320.302884615385,0.946382652155888,0.663461538461538,0.846153846153846,208
"MDPredict-SIRS",2025-12-27,1.80442345647976,0.917331897360299,467.80768812709,0.548789078457799,2.04841596881296,0.929712177795224,661.399038461538,0.71624527505101,0.211538461538462,0.485576923076923,208
"MDPredict-SIRS",2026-01-03,4.4191875843945,2.67784809583208,795.743676839465,0.881091570538051,4.44884927391652,2.53265506726058,1062.33173076923,1.10268530634959,0.149038461538462,0.317307692307692,208
"MIGHTE-Joint",2025-12-20,0.545157016377766,0.500755321046838,203.889450714818,0.542850029898331,0.726554549990174,0.619127925979622,327.837263946653,0.870070671238016,0.134615384615385,0.764423076923077,208
"MIGHTE-Joint",2025-12-27,0.592568685483301,0.479247679606772,147.498142166212,0.277274110094809,0.68244374224562,0.573423425707806,212.645394281976,0.430648500366533,0.5,0.985576923076923,208
"MIGHTE-Joint",2026-01-03,1.13906999823789,0.841112332380619,209.91264105667,0.278708464024966,1.09459296242069,0.907611574756893,276.880403958479,0.413118889202707,0.639423076923077,0.971153846153846,208
"MIGHTE-Joint",2026-01-10,0.731074427086191,0.659097880443414,216.290150610112,0.358998288691786,0.857032067835871,0.820882883497258,316.066153517715,0.550580850791442,0.365384615384615,0.894230769230769,208
"MIGHTE-Joint",2026-01-17,0.885586057547513,0.811142952577395,145.1992043161,0.350644838546642,0.956586352802587,0.927115890810308,217.145857044863,0.535033982537035,0.360576923076923,0.899038461538462,208
"MIGHTE-Joint",2026-01-24,0.843636672924382,0.800128878280444,73.9090838679838,0.268221146778858,0.789658829996663,0.850160331143634,107.158454330137,0.413869065990949,0.533653846153846,0.971153846153846,208
"MIGHTE-Joint",2026-01-31,0.985013347353475,0.880358009332015,74.7474359358497,0.303787064258071,1.00307289337914,0.960341828334317,110.537314390043,0.469131520417376,0.524038461538462,0.9375,208
"MIGHTE-Joint",2026-02-07,1.14227901179755,1.0350576792411,56.5698304703978,0.233460673136961,1.15708953249239,1.09772650250701,82.7556989993623,0.342456621286381,0.725961538461538,0.995192307692308,208
"MIGHTE-Joint",2026-02-14,0.920549704239522,0.921069120772385,43.7556912211762,0.206235931905177,0.884736127585105,0.951586407049132,60.339438144217,0.272684144634082,0.798076923076923,1,208
"MIGHTE-Joint",2026-02-21,0.669245689777134,0.714320964427774,38.3572010403214,0.220753317348584,0.625388471824508,0.743259892293302,52.7966533386938,0.307007641119352,0.745192307692308,0.985576923076923,208
"MIGHTE-Joint",2026-02-28,0.577103347048855,0.65912607185739,34.812597159199,0.216926641172822,0.503358938030661,0.668747902350644,46.8295194696512,0.304759174201959,0.721153846153846,1,208
"MIGHTE-Joint",2026-03-07,0.680682189320287,0.73090973377232,32.0380728966987,0.288383913697571,0.590200505005974,0.726051235937274,44.8624714798824,0.433018958971509,0.639423076923077,0.990384615384615,208
"MIGHTE-Joint",2026-03-14,0.672457486857286,0.761502404428414,31.5653384877402,0.347318224816058,0.59834690595544,0.767658634239698,46.0534129832939,0.540358396894393,0.548076923076923,0.985576923076923,208
"MIGHTE-Joint",2026-03-21,0.60930529820462,0.720653803030494,25.9374763002736,0.379610215637712,0.542396504126027,0.728595381356361,38.1172095873688,0.608018197227285,0.490384615384615,0.980769230769231,208
"MIGHTE-Joint",2026-03-28,0.595818567394012,0.681221959216753,20.3681986082726,0.395687991071641,0.524817998933219,0.688321251796934,28.6089113946574,0.62009996264154,0.495192307692308,0.971153846153846,208
"MIGHTE-Joint",2026-04-04,0.57043134462827,0.647246510907828,9.86067771520003,0.27865001347929,0.789183924455754,0.890107307346531,14.9717147454371,0.410699616264151,0.692307692307692,0.995192307692308,208
"MIGHTE-Joint",2026-04-11,0.600641393033455,0.669379804000723,9.36076863971521,0.313864292553279,0.773972699103009,0.83385823438504,11.0184457668047,0.408435692429481,0.870192307692308,0.995192307692308,208
"MIGHTE-Joint",2026-04-18,0.63276283660134,0.676980736818977,8.74610432676922,0.329263721597334,1.16547714964292,0.997036092063789,11.7557433468071,0.443278077078724,0.788461538461538,0.995192307692308,208
"MIGHTE-Joint",2026-04-25,0.609905322431575,0.673450290764579,8.28711502879859,0.351120103212112,1.10807324416802,0.957572554441333,11.3922330218623,0.50452343636775,0.706730769230769,1,208
"MIGHTE-Joint",2026-05-02,0.549456657456242,0.622686934781925,7.42814596062284,0.318453093430314,0.89173148300168,0.872690159394419,9.28127132919066,0.434422571755209,0.769230769230769,0.985576923076923,208
"MIGHTE-Joint",2026-05-09,0.498488432047489,0.583558190844411,6.30621115139145,0.298272983048418,0.697899868717364,0.77943676730641,6.27375171044241,0.4030108568953,0.754807692307692,0.990384615384615,208
"MIGHTE-Joint",2026-05-16,0.521191146538202,0.615329713802502,6.23688876580858,0.32082170195496,0.759663057220255,0.79964808438516,5.54517648228926,0.441737528575207,0.730769230769231,0.985576923076923,208
"MIGHTE-Joint",2026-05-23,0.501163241590338,0.607348599335201,5.86626190982291,0.32206280562279,0.91773679245423,0.851968833514127,6.22478534903981,0.450521378655562,0.701923076923077,0.990384615384615,208
"MIGHTE-Nsemble",2025-11-22,1.02118507743371,0.738427261226878,58.3216643229528,0.562683561844431,0.816158449363012,0.664464746700336,76.7955540552315,0.816879596851871,0.225961538461538,0.692307692307692,208
"MIGHTE-Nsemble",2025-11-29,0.96430691899212,0.781328920889822,104.673526009824,0.649328848982329,0.897643336622776,0.750534082482231,139.384159661039,0.947309177200627,0.201923076923077,0.649038461538462,208
"MIGHTE-Nsemble",2025-12-06,0.508017102671796,0.44948131426471,113.266570092328,0.448892147183997,0.645766177995026,0.497074568957435,186.734759026799,0.706701762868837,0.533653846153846,0.894230769230769,208
"MIGHTE-Nsemble",2025-12-13,0.469031960386489,0.420662087076815,161.367660306562,0.485614388696663,0.620739675826419,0.509163324829609,259.288496645548,0.782213562263503,0.394230769230769,0.879807692307692,208
"MIGHTE-Nsemble",2025-12-20,0.459612469394236,0.405729854352948,172.117991662581,0.439433096922701,0.615869725245033,0.50218065578703,280.314349007322,0.709744387325475,0.331730769230769,0.846153846153846,208
"MIGHTE-Nsemble",2025-12-27,0.679730143523347,0.49778580965571,170.065369957889,0.287374108419409,0.72939223808211,0.571409664559806,227.193048643641,0.427287169050323,0.677884615384615,0.975961538461538,208
"MIGHTE-Nsemble",2026-01-03,1.41323383675918,0.961643743719413,260.037751840888,0.31774354089169,1.31806616793923,1.06936557460854,330.509849132808,0.48235401446664,0.653846153846154,0.980769230769231,208
"MIGHTE-Nsemble",2026-01-10,0.913644023446134,0.734125925285196,270.557026782202,0.399452820510953,0.980713760959975,0.884906728462589,358.906868808665,0.58964163698626,0.432692307692308,0.870192307692308,208
"MIGHTE-Nsemble",2026-01-17,1.02312932826646,0.878398042595173,167.503463150401,0.378313108033853,1.10956940277677,1.00508542261267,252.704524937544,0.580409206453447,0.384615384615385,0.894230769230769,208
"MIGHTE-Nsemble",2026-01-24,0.897724009252001,0.840288147097433,78.6334807520958,0.282318357637061,0.853764331527427,0.898379081186045,116.045155290348,0.43937618085747,0.538461538461538,0.961538461538462,208
"MIGHTE-Nsemble",2026-01-31,1.06308807015871,0.974946600695887,80.582555402329,0.336366341285467,1.14119777178083,1.08246328637573,126.152363361137,0.529478893212385,0.485576923076923,0.923076923076923,208
"MIGHTE-Nsemble",2026-02-07,1.28691652498753,1.16923234196338,63.8258985086853,0.263383215552107,1.3976881020068,1.32198288025348,99.9689180186712,0.411355205139876,0.653846153846154,0.995192307692308,208
"MIGHTE-Nsemble",2026-02-14,1.05086764131997,1.03563892115254,49.9706898943013,0.231632392387571,1.08400767316805,1.21560394253452,75.5861170907403,0.354437593091282,0.725961538461538,1,208
"MIGHTE-Nsemble",2026-02-21,0.670976352111312,0.719860187236205,38.3143589944125,0.22222906059769,0.640481088413048,0.797975209030616,53.679543920261,0.329113837012176,0.706730769230769,0.980769230769231,208
"MIGHTE-Nsemble",2026-02-28,0.553063141042541,0.64367953169862,33.1726749620811,0.211076336259979,0.47535197586989,0.666730480654748,44.1029441025656,0.304621213678952,0.711538461538462,0.995192307692308,208
"MIGHTE-Nsemble",2026-03-07,0.643150088541852,0.721065112830948,30.3573327363932,0.284962114416945,0.521595375888798,0.690386904954691,40.786475325805,0.42145579023336,0.586538461538462,0.975961538461538,208
"MIGHTE-Nsemble",2026-03-14,0.625721789857197,0.746764764281216,29.4024459522836,0.340734285083447,0.551447268222964,0.737947633412365,42.7418443489859,0.523574953205725,0.524038461538462,0.913461538461538,208
"MIGHTE-Nsemble",2026-03-21,0.55394594716265,0.696500212798184,23.4188422337232,0.36575892153775,0.502790854230082,0.697342877572913,34.7492045232903,0.577564195915843,0.485576923076923,0.9375,208
"MIGHTE-Nsemble",2026-03-28,0.470092484916896,0.605655362162761,16.0460425679647,0.352022663535017,0.414437836011834,0.599613261822464,22.9233769267443,0.548262678882578,0.471153846153846,0.951923076923077,208
"MIGHTE-Nsemble",2026-04-04,0.57043134462827,0.647246510907828,9.86067771520003,0.27865001347929,0.789183924455754,0.890107307346531,14.9717147454371,0.410699616264151,0.692307692307692,0.995192307692308,208
"MIGHTE-Nsemble",2026-04-11,0.547067271812011,0.674882994344764,8.48740715050975,0.313937621196381,0.989546509124146,1.02287182330486,13.9737016173814,0.49622837767915,0.548076923076923,0.985576923076923,208
"MIGHTE-Nsemble",2026-04-18,0.634677414861211,0.719592593475749,8.76798188431023,0.347719100797112,1.42975744161545,1.23662394794012,14.4027228683682,0.546981953388817,0.442307692307692,0.966346153846154,208
"MIGHTE-Nsemble",2026-04-25,0.592201024047389,0.686206971003349,8.02133793293875,0.357747922931156,1.27174556948099,1.0841128674184,13.1600253333883,0.572894715818629,0.403846153846154,0.961538461538462,208
"MIGHTE-Nsemble",2026-05-02,0.485788396057893,0.590419150773452,6.67507819533372,0.305071171299274,1.03350742025656,0.972305973736494,10.7358537126485,0.480316889556093,0.504807692307692,0.9375,208
"MIGHTE-Nsemble",2026-05-09,0.375056368170455,0.538515805818367,4.80448023159385,0.278217421218827,0.791811038856482,0.869757873769488,6.84306586783682,0.434118729158389,0.528846153846154,0.961538461538462,208
"MIGHTE-Nsemble",2026-05-16,0.356296799229621,0.549670955450434,4.28807773396686,0.288214083673653,0.862869166748176,0.819754119630704,6.31588298097931,0.453235425347704,0.509615384615385,0.9375,208
"MIGHTE-Nsemble",2026-05-23,0.358617965305417,0.527563951341453,4.22428534259438,0.282799497573975,0.954579649889477,0.834477814251128,6.57626944422337,0.444834182699232,0.485576923076923,0.932692307692308,208
"MOBS-EpyStrain_Flu",2025-11-29,0.492006809178536,0.530142479845782,53.4531317934783,0.448935139847248,0.52769870127545,0.548001829780948,82.8072916666667,0.706653567138076,0.348958333333333,0.880208333333333,192
"MOBS-EpyStrain_Flu",2025-12-06,0.490127919862921,0.474904163248338,107.598527280477,0.470683292978468,0.547240819774908,0.49897992234483,155.014705882353,0.703695286928045,0.357843137254902,0.769607843137255,204
"MOBS-EpyStrain_Flu",2025-12-13,0.463443147023943,0.397837851732173,156.286027280477,0.452823739453101,0.53984089995529,0.44896815117581,222.436274509804,0.682676793397255,0.284313725490196,0.740196078431373,204
"MOBS-EpyStrain_Flu",2025-12-20,0.392984970354707,0.286574477386475,153.620430157262,0.320022664976499,0.470902233828117,0.332551069961842,222.170212765957,0.481758065390507,0.308510638297872,0.728723404255319,188
"MOBS-EpyStrain_Flu",2025-12-27,1.08010226545622,0.706404009578805,291.098808876812,0.432864127747204,1.21372452563636,0.7528254813344,406.6875,0.592834728769776,0.260416666666667,0.604166666666667,192
"MOBS-EpyStrain_Flu",2026-01-03,3.41245026542574,2.56792579186586,610.404827365729,0.845693809993971,3.23313067872494,2.31526541257738,769.563725490196,1.01126353826152,0.0637254901960784,0.215686274509804,204
"MOBS-EpyStrain_Flu",2026-01-10,1.3482144590786,1.3812107463943,382.296101875533,0.736872278295015,1.40200036410533,1.38489961885965,491.009803921569,0.902717765626626,0.0392156862745098,0.132352941176471,204
"MOBS-EpyStrain_Flu",2026-01-24,1.74687004974948,2.32990250871216,154.40854859335,0.798167284675475,1.44373309746682,2.21905971231013,192.950980392157,1.07862934681912,0.137254901960784,0.431372549019608,204
"MOBS-EpyStrain_Flu",2026-01-31,1.55127529304989,1.73793093394859,123.763073316283,0.627006454800478,1.44455174392037,1.77470763795755,165.338235294118,0.897433450238853,0.230392156862745,0.53921568627451,204
"MOBS-EpyStrain_Flu",2026-02-07,2.34979941454547,2.62463262083719,122.311800937766,0.622682298811981,2.1331699359741,2.66702957952136,158.127450980392,0.867472542192536,0.176470588235294,0.480392156862745,204
"MOBS-EpyStrain_Flu",2026-02-14,1.4570648402991,1.90807697960056,71.2413192668372,0.436368457635855,1.39019643900317,2.18509276331557,100.338235294118,0.65804463007074,0.28921568627451,0.705882352941177,204
"MOBS-EpyStrain_Flu",2026-02-21,0.943480709612557,1.41458407999923,53.3978434782609,0.415510672768348,0.945416389135984,1.58147029259774,78.87,0.621618067074318,0.275,0.675,200
"MOBS-EpyStrain_Flu",2026-02-28,0.508671323929709,0.838921265917157,31.4254752770673,0.286656553036507,0.491625670562908,0.95891393355323,46.8872549019608,0.456238787511444,0.401960784313726,0.872549019607843,204
"MOBS-EpyStrain_Flu",2026-03-07,0.504703791989739,0.709333029924253,23.9442455242967,0.281814570614286,0.485890293295369,0.744919880791939,37.4166666666667,0.447559221204348,0.470588235294118,0.892156862745098,204
"MOBS-EpyStrain_Flu",2026-03-14,0.356328648498068,0.568003839516669,16.7107374254049,0.257273562152031,0.339376010434885,0.585790607288278,26.0637254901961,0.409176280448485,0.53921568627451,0.965686274509804,204
"MOBS-EpyStrain_Flu",2026-03-21,0.343996350812591,0.541505134598455,14.2472271952259,0.280902503006326,0.347341915110408,0.561059793239152,23.5588235294118,0.456193700905206,0.514705882352941,0.965686274509804,204
"MOBS-EpyStrain_Flu",2026-03-28,0.310581524090983,0.45956442508874,10.294226342711,0.263795833293556,0.307980733540804,0.473091805553271,16.5637254901961,0.426726076110865,0.534313725490196,0.96078431372549,204
"MOBS-EpyStrain_Flu",2026-04-04,0.525782621733237,0.590812077845827,8.75326939471441,0.2514742674738,0.776746082765864,0.86675842574041,14.0980392156863,0.395559576249674,0.57843137254902,0.975490196078431,204
"MOBS-EpyStrain_Flu",2026-04-11,0.492284277558816,0.598856282276599,7.40564791133845,0.280638849177915,0.864916424897914,0.908173187663777,11.7941176470588,0.442747019012273,0.529411764705882,0.950980392156863,204
"MOBS-EpyStrain_Flu",2026-04-18,0.52170397446093,0.635158550117828,6.99397911338448,0.309260227921787,1.1538670449017,1.11849894009947,11.2156862745098,0.497240910728668,0.5,0.92156862745098,204
"MOBS-EpyStrain_Flu",2026-04-25,0.480421178601551,0.584967646085934,6.47631926683717,0.316256889877651,0.96265085421221,0.885867581847817,10.0735294117647,0.491452303940856,0.504901960784314,0.92156862745098,204
"MOBS-EpyStrain_Flu",2026-05-02,0.469733147236329,0.657584560301502,6.01032111395283,0.317601330239529,1.01895897792177,1.10668526335605,9.81699346405229,0.502293462846827,0.490196078431373,0.928104575163399,153
"MOBS-EpyStrain_Flu",2026-05-09,0.412462536871882,0.597932116139945,5.06475916453538,0.310664010152082,1.00454371468361,0.989916863149215,8.06372549019608,0.491347949104818,0.495098039215686,0.955882352941177,204
"MOBS-EpyStrain_Flu",2026-05-16,0.387648290201152,0.570379629640113,4.54737212276215,0.300187933402524,1.00723858235383,0.841740362580123,7.1078431372549,0.466504277232548,0.495098039215686,0.970588235294118,204
"MOBS-EpyStrain_Flu",2026-05-23,0.366675355461015,0.559663588749761,4.14773657289003,0.296369038278762,1.02784442350529,0.896937996114846,6.56862745098039,0.461355095609316,0.549019607843137,0.985294117647059,204
"MOBS-GLEAM_RL_FLUH",2025-11-22,0.840222670541171,0.893053476267926,46.4959549313614,0.665158824435245,0.741301858680058,0.793324053979686,65.311611675024,0.925626102806737,0.13,0.48,200
"MOBS-GLEAM_RL_FLUH",2025-11-29,0.665662011159514,0.755658945661403,72.7044926659094,0.61972625399134,0.625666355778753,0.679316957451981,98.821815064367,0.846162329314443,0.255102040816327,0.586734693877551,196
"MOBS-GLEAM_RL_FLUH",2025-12-06,0.611653990647118,0.701559411623979,134.259391426016,0.696744924696261,0.634565471161874,0.654634166185249,179.412177233135,0.921894346597765,0.215686274509804,0.549019607843137,204
"MOBS-GLEAM_RL_FLUH",2025-12-13,0.548747202520697,0.469079154704501,186.967108167331,0.538330975628837,0.604682078683662,0.49278773660791,249.587492910086,0.750780216356968,0.225490196078431,0.573529411764706,204
"MOBS-GLEAM_RL_FLUH",2025-12-20,0.613100429665702,0.550500771078299,227.852245790591,0.592426073805361,0.688980657340567,0.579963272566152,309.004738543548,0.807830150532759,0.132352941176471,0.441176470588235,204
"MOBS-GLEAM_RL_FLUH",2025-12-27,0.678666894285856,0.591992960157072,163.811341982659,0.333828221829703,0.789910063546015,0.669644028351431,239.889988604714,0.490219832031582,0.299019607843137,0.71078431372549,204
"MOBS-GLEAM_RL_FLUH",2026-01-03,0.992920718033059,1.09675858358047,183.095502995624,0.369216369440756,1.09742795132909,1.18409171944029,271.308704638014,0.53150800866864,0.269607843137255,0.700980392156863,204
"MOBS-GLEAM_RL_FLUH",2026-01-10,0.671386221853393,0.827924037820044,196.615079420788,0.452838834148378,0.79718761820901,0.968992157600889,293.075851870518,0.655313609032924,0.117647058823529,0.514705882352941,204
"MOBS-GLEAM_RL_FLUH",2026-01-17,0.438698515538176,0.508803059454544,70.6340653892246,0.218190576603845,0.483333251799891,0.593049732499565,108.287298352111,0.341027357327582,0.46078431372549,0.916666666666667,204
"MOBS-GLEAM_RL_FLUH",2026-01-24,0.906631126494627,0.871473929589937,78.4714232624944,0.287498971585563,0.873033228627994,0.906898761747816,115.041768606971,0.426480506806823,0.416666666666667,0.78921568627451,204
"MOBS-GLEAM_RL_FLUH",2026-01-31,1.22740777741146,1.28145973526895,97.7109895289206,0.461097136866998,1.15402395054765,1.26663007569801,131.711538427016,0.636763950598108,0.259803921568627,0.553921568627451,204
"MOBS-GLEAM_RL_FLUH",2026-02-07,2.16106852349752,2.36423035932262,110.071287563908,0.54906481026248,1.92247804053532,2.30186448951982,140.616843125399,0.735859856021463,0.166666666666667,0.450980392156863,204
"MOBS-GLEAM_RL_FLUH",2026-02-14,1.98244740727318,2.5872337632646,99.8311925477148,0.610403427130154,1.72535482877345,2.66119920158042,125.053465012826,0.808677842467014,0.102941176470588,0.397058823529412,204
"MOBS-GLEAM_RL_FLUH",2026-02-21,1.32558257672773,2.12997876960386,77.9512148038731,0.652241135985914,1.09531165023314,2.04486398644712,94.6993822133541,0.834572011430591,0.195,0.4,200
"MOBS-GLEAM_RL_FLUH",2026-02-28,0.633576199192334,0.874333741026683,39.3325417904044,0.297296209649915,0.572825010715025,0.879856458128712,54.2790610328609,0.41105388279869,0.176470588235294,0.544117647058823,204
"MOBS-GLEAM_RL_FLUH",2026-03-07,0.588456269474506,0.763052299150738,27.788759703259,0.306094646691227,0.515373907244459,0.70746000691053,39.1074690105868,0.425832560078811,0.21078431372549,0.573529411764706,204
"MOBS-GLEAM_RL_FLUH",2026-03-14,0.496137319094877,0.717440601598813,23.1623902983716,0.329074932736333,0.435312530994528,0.642295264125525,32.9646006296663,0.451396560765638,0.205882352941176,0.53921568627451,204
"MOBS-GLEAM_RL_FLUH",2026-03-21,0.482341648826124,0.718257606652693,20.1515948056477,0.376393867750772,0.419651587685288,0.628544823961576,28.681497239599,0.516250388293868,0.156862745098039,0.524509803921569,204
"MOBS-GLEAM_RL_FLUH",2026-03-28,0.441228112976048,0.665649987961986,14.9153701676651,0.388232847809091,0.395280059861421,0.575489985274671,21.4764352592767,0.5225486623825,0.220588235294118,0.558823529411765,204
"MOBS-GLEAM_RL_FLUH",2026-04-04,0.719189174359683,0.738772235355889,11.7668032677111,0.310050566197958,0.954227629050927,1.0016564084373,17.0402963336776,0.451672609312144,0.230392156862745,0.651960784313726,204
"MOBS-GLEAM_RL_FLUH",2026-04-11,0.581030977810191,0.697128383590026,8.45987826031684,0.320595145586595,0.955566050523253,0.953007979217855,12.691892789275,0.456916200358884,0.274509803921569,0.651960784313726,204
"MOBS-GLEAM_RL_FLUH",2026-04-18,0.630968358811347,0.706075818196823,8.20013106530888,0.337070265292127,1.29108594002783,1.10318013005158,12.2256872072524,0.481404036949649,0.259803921568627,0.67156862745098,204
"MOBS-GLEAM_RL_FLUH",2026-04-25,0.597554491405034,0.61537997445695,7.81071510938708,0.322358092220267,1.15682999420445,0.876552355894129,11.7149065223102,0.467430348621873,0.274509803921569,0.71078431372549,204
"MOBS-GLEAM_RL_FLUH",2026-05-02,0.535066648514472,0.619305164553732,7.13076934510334,0.321191082655503,1.09793495906598,0.9601804375854,10.9174158390538,0.468641891967072,0.269607843137255,0.705882352941177,204
"MOBS-GLEAM_RL_FLUH",2026-05-09,0.518485193644137,0.662594059763417,6.02596451182567,0.329632906956774,1.20180291474235,1.01317028234974,9.07995064972498,0.478290428161281,0.284313725490196,0.715686274509804,204
"MOBS-GLEAM_RL_FLUH",2026-05-16,0.473744027901811,0.619355261867665,5.41420900623431,0.317144705057718,1.23116211195585,0.865363635835435,8.42418205402061,0.466844338228906,0.299019607843137,0.730392156862745,204
"MOBS-GLEAM_RL_FLUH",2026-05-23,0.564617027656679,0.707750063875108,6.42003153696219,0.37315393719024,1.52673565998243,1.04892026256065,9.75812914234805,0.536784965049278,0.240196078431373,0.681372549019608,204
"NAU-FourCAT",2025-11-22,0.915822110650545,0.831242460008192,52.2091492474916,0.641546878344769,0.896930995038936,0.845375940086856,81.4375,1.02331679028633,0.105769230769231,0.918269230769231,208
"NAU-FourCAT",2025-11-29,0.791138712602553,0.831198921779105,84.4396174749164,0.686067943068869,0.831452373200247,0.853847024471261,127.899038461538,1.06876333916208,0.129807692307692,0.850961538461538,208
"NAU-FourCAT",2025-12-13,0.571824204134575,0.668517646665604,193.126120401338,0.766829334612278,0.72335058607672,0.745474599658816,297.125,1.13254930473329,0.206730769230769,0.725961538461538,208
"NAU-FourCAT",2025-12-20,0.519487866847827,0.583472660362191,191.687035953177,0.628545993813874,0.668200239995631,0.680541101497311,296.543269230769,0.947692084750546,0.168269230769231,0.769230769230769,208
"NAU-FourCAT",2025-12-27,0.532446434919108,0.536778842031874,129.333787625418,0.307749511899622,0.657264191842974,0.631428916158715,201.793269230769,0.472539819753256,0.403846153846154,0.923076923076923,208
"NAU-FourCAT",2026-01-03,0.740298808526562,0.721489856457626,128.755081521739,0.232178303423551,0.884275563135635,0.866141340936194,206.086538461538,0.373105291351229,0.610576923076923,1,208
"NAU-FourCAT",2026-01-10,0.650812420820134,0.674710434266578,182.808545150502,0.356757118474303,0.900296382386969,0.933351531978863,312.216346153846,0.601868209923591,0.197115384615385,0.995192307692308,208
"NAU-FourCAT",2026-01-17,0.575301736069969,0.603467450062874,91.357481187291,0.257119517450059,0.62831307584787,0.694055710875755,137.456730769231,0.393114078558897,0.552884615384615,0.985576923076923,208
"NAU-FourCAT",2026-01-24,0.700833997140862,0.694710177964633,61.0120443143813,0.230521666855776,0.641553149018946,0.705688918812443,86.0865384615385,0.338067196932914,0.653846153846154,1,208
"NAU-FourCAT",2026-01-31,0.792965851048732,0.726936176530434,60.6744836956522,0.250433187383489,0.8359541652183,0.792571321780109,93.0576923076923,0.384944244348174,0.504807692307692,0.961538461538462,208
"NAU-FourCAT",2026-02-07,0.984698679187572,0.907946505428225,49.2084845317726,0.207020559434553,1.06920732448011,1.03424034066708,77.0192307692308,0.325756527455338,0.5,0.980769230769231,208
"NAU-FourCAT",2026-02-14,1.17933117883765,0.997110432000825,55.4917015050167,0.22372474902922,1.28508506232312,1.21535072557054,87.8701923076923,0.355241997389919,0.495192307692308,0.995192307692308,208
"NAU-FourCAT",2026-02-21,1.20305479301776,0.903741847184895,67.9103302675585,0.272675681394151,1.29778384335976,1.07685404250962,108.264423076923,0.436975595080294,0.389423076923077,0.980769230769231,208
"NAU-FourCAT",2026-02-28,1.02376029627067,0.8988786972351,60.5571885451505,0.291877440924611,1.04388255737228,1.00503870830312,94.7403846153846,0.451923760645054,0.403846153846154,0.990384615384615,208
"NAU-FourCAT",2026-03-07,0.887065141886473,0.828211765630716,40.561849916388,0.319992672453636,0.86001885204975,0.857239813277512,63.3557692307692,0.499720643766922,0.413461538461538,0.975961538461538,208
"NAU-FourCAT",2026-03-14,0.628934730150808,0.699376635977939,28.8826985785953,0.314048463435726,0.600796651771068,0.715459102133527,44.8461538461538,0.493377198211604,0.447115384615385,0.990384615384615,208
"NAU-FourCAT",2026-03-21,0.514781516904982,0.660085422930932,21.9111015886288,0.349110266718953,0.479549965513223,0.665059461110352,33.4423076923077,0.553257636720556,0.423076923076923,0.985576923076923,208
"NAU-FourCAT",2026-03-28,0.475861980770073,0.624759413401693,16.541847826087,0.369134954913867,0.460896304779428,0.652651394903365,25.7740384615385,0.606768434393951,0.379807692307692,1,208
"NAU-FourCAT",2026-04-04,0.589138669309102,0.922473711700271,10.1119251672241,0.398809375460549,0.829042425036334,1.39161438618484,15.5144230769231,0.643082603558055,0.639423076923077,1,208
"NAU-FourCAT",2026-04-11,0.566437041688783,1.00547070946104,8.79025501672241,0.476847826025633,0.963542589964286,1.6375801243772,13.7019230769231,0.815011081598356,0.524038461538462,0.995192307692308,208
"NAU-FourCAT",2026-04-18,0.682074688708951,1.06073489989661,9.45847617056856,0.519570062474346,1.48513574413794,1.82227559235212,14.8990384615385,0.811735829045266,0.447115384615385,0.966346153846154,208
"NAU-FourCAT",2026-04-25,0.589769550550578,0.917647631048253,7.91817098662207,0.477307755085529,1.22094756455014,1.40461334056833,12.4663461538462,0.733062004731795,0.403846153846154,0.9375,208
"NAU-FourCAT",2026-05-02,0.455945117076811,0.725688631326931,6.12147784280937,0.367557463055943,0.892109152481592,1.09661814815829,8.88942307692308,0.523301281511506,0.586538461538462,0.966346153846154,208
"NAU-FourCAT",2026-05-09,0.345551900970016,0.636199212530222,4.44723244147157,0.330923781054549,0.662310086204312,0.855744560002196,5.93269230769231,0.446561441760641,0.605769230769231,0.980769230769231,208
"NAU-FourCAT",2026-05-16,0.325599825998781,0.631755278240882,3.92337165551839,0.328676877220582,0.754120273393532,0.867088112900059,5.53365384615385,0.481257364727786,0.625,0.980769230769231,208
"NAU-FourCAT",2026-05-23,0.335669024689441,0.597600534899936,3.99800376254181,0.323799079911388,0.90497530034781,0.91971243899423,6.14903846153846,0.492556448826201,0.591346153846154,0.985576923076923,208
"NAU-epymorph",2025-11-22,1.36541596530045,1.48046913788357,75.6939924749164,1.10260843437516,1.14412893744235,1.48779793189336,101.120192307692,1.74798706951042,0.144230769230769,0.740384615384615,208
"NAU-epymorph",2025-11-29,1.0008295117724,0.971664093652252,104.885560200669,0.782607539487819,0.949158591893085,0.952472976472539,143.764423076923,1.16992724228215,0.0528846153846154,0.495192307692308,208
"NAU-epymorph",2025-12-06,0.468092292427423,0.463707786037384,102.434243311037,0.457330877198522,0.560142992421,0.503668816492517,157.865384615385,0.703843231642587,0.298076923076923,0.798076923076923,208
"NAU-epymorph",2025-12-13,0.497356637512756,0.441363848775001,167.316086956522,0.500601365810893,0.60296918702075,0.502281561774252,246.894230769231,0.757958097162642,0.197115384615385,0.668269230769231,208
"NAU-epymorph",2025-12-20,0.529536079065228,0.429963022383701,196.864535953177,0.462490557370237,0.603879226989045,0.48274909927376,271.4375,0.673870454717235,0.192307692307692,0.5625,208
"NAU-epymorph",2025-12-27,0.657884761135839,0.519189960810549,162.125840301003,0.300952155346989,0.792555392509827,0.592735405220564,244.692307692308,0.4447226321762,0.293269230769231,0.677884615384615,208
"NAU-epymorph",2026-01-03,2.57141094658206,2.03554275639085,444.591565635452,0.657129801404798,2.52195523722703,1.90765331344545,579.615384615385,0.817392237974841,0.0769230769230769,0.298076923076923,208
"NAU-epymorph",2026-01-10,1.36253874725504,1.38185915467203,376.928988294314,0.725190206408651,1.40752541363633,1.37858204378062,480.730769230769,0.884578597982049,0.0144230769230769,0.0913461538461538,208
"NAU-epymorph",2026-01-17,0.807078078690654,0.904904691914915,125.011490384615,0.379040135380598,0.796420655938919,0.911435755878366,170.235576923077,0.508812970701478,0.173076923076923,0.442307692307692,208
"NAU-epymorph",2026-01-24,0.98776294485016,0.989830281134934,86.8871530100334,0.331771815061917,0.910924821800481,1.01837089587473,121.360576923077,0.486175772374862,0.240384615384615,0.701923076923077,208
"NAU-epymorph",2026-01-31,1.14446795173515,1.07971196071351,89.1159908026756,0.377790079486808,1.06527798174675,1.11365403156816,120.432692307692,0.550287855050472,0.245192307692308,0.658653846153846,208
"NAU-epymorph",2026-02-07,1.27234947412627,1.2562399684875,64.7084030100335,0.290792013021266,1.2990096241373,1.40802391029811,95.2163461538462,0.450037132512892,0.322115384615385,0.788461538461538,208
"NAU-epymorph",2026-02-14,1.23475746816665,1.11120207992947,58.5284301839465,0.251236758735611,1.30148775218159,1.32881808164475,89.2788461538462,0.388239084824002,0.389423076923077,0.836538461538462,208
"NAU-epymorph",2026-02-21,1.09606673721902,0.950676099119941,61.5026400501672,0.286880214279245,1.16417916651055,1.11418547039651,96.4038461538462,0.45058294027813,0.274038461538462,0.798076923076923,208
"NAU-epymorph",2026-02-28,0.723167900000278,0.800368368309217,43.0706730769231,0.262736276596647,0.735164484187783,0.899888715000597,67.1971153846154,0.409176627362944,0.350961538461538,0.817307692307692,208
"NAU-epymorph",2026-03-07,0.547969565143903,0.658389270741517,24.7820714882943,0.254809514607092,0.528930757708727,0.683386361449788,38.5721153846154,0.399653875169612,0.403846153846154,0.908653846153846,208
"NAU-epymorph",2026-03-14,0.516885601427012,0.666288699268042,23.3963127090301,0.298078877994034,0.484631066331113,0.660546027877528,35.8461538461538,0.455646250429986,0.408653846153846,0.841346153846154,208
"NAU-epymorph",2026-03-21,0.394814319381683,0.558939097866947,16.4723453177258,0.29086966358075,0.360348488081409,0.54975919164183,24.6298076923077,0.449959676506148,0.408653846153846,0.860576923076923,208
"NAU-epymorph",2026-03-28,0.628503941842217,0.813009897285978,21.1603699832776,0.468808652442191,0.573895187727145,0.752443004614764,30.9615384615385,0.67407805573329,0.25,0.663461538461538,208
"NAU-epymorph",2026-04-04,0.576354101910966,0.587363844834587,10.0356605351171,0.255137208091275,0.814585429480325,0.872737193896388,15.4182692307692,0.404149271218895,0.495192307692308,0.918269230769231,208
"NAU-epymorph",2026-04-11,0.499305071577324,0.585083039410381,7.87708821070234,0.278057922497801,0.841595326603316,0.860112562820039,12.1105769230769,0.424993173644236,0.524038461538462,0.932692307692308,208
"NAU-epymorph",2026-04-18,0.572213992854241,0.620591943853079,8.03463837792642,0.306820818530465,1.27082190286165,1.09420779318,12.9615384615385,0.492136091184737,0.442307692307692,0.927884615384615,208
"NAU-epymorph",2026-04-25,0.566149863554164,0.644488853066914,7.63658653846154,0.335173215424852,1.18148514106041,1.01320658716886,12.2644230769231,0.534754291870362,0.427884615384615,0.913461538461538,208
"NAU-epymorph",2026-05-02,0.514490288066269,0.611453928696399,6.86414924749164,0.308196033499904,1.03729930318438,1.01468754494613,10.3173076923077,0.483273501397062,0.514423076923077,0.947115384615385,208
"NAU-epymorph",2026-05-09,0.540162569214718,0.591756472885999,7.01188545150502,0.305309680335587,1.24644131365358,0.959262902495236,10.9134615384615,0.476457005503589,0.538461538461538,0.966346153846154,208
"NAU-epymorph",2026-05-16,0.573319831652763,0.603417102090147,7.1182504180602,0.3211740329096,1.48166798496414,0.907075891025306,11.1826923076923,0.509210263985562,0.519230769230769,0.966346153846154,208
"NAU-epymorph",2026-05-23,0.489743600984656,0.615621054573979,5.7722512541806,0.329838237922055,1.38892237008428,1.0348739023181,9.28365384615385,0.541095106073389,0.447115384615385,0.980769230769231,208
"NAU-vulPES",2025-11-22,0.708839380023181,0.602564251429012,40.6562144648829,0.464829789249833,0.708955301996102,0.613846666563879,64.8557692307692,0.743800961117848,0.221153846153846,0.879807692307692,208
"NAU-vulPES",2025-11-29,0.601676979424406,0.530657517848868,65.0308612040134,0.439751049541944,0.631838697220335,0.544064687963466,98.0721153846154,0.6829024968968,0.326923076923077,0.865384615384615,208
"NAU-vulPES",2025-12-06,0.554543360478907,0.471830060727345,124.913706103679,0.47778371119582,0.639898397991861,0.499021113263158,184.807692307692,0.715768385636358,0.298076923076923,0.769230769230769,208
"NAU-vulPES",2025-12-13,0.556557491903889,0.496976051533208,190.186189381271,0.573120589451993,0.704946111980314,0.570807243335107,292.216346153846,0.872492341220508,0.163461538461538,0.701923076923077,208
"NAU-vulPES",2025-12-20,0.532513362419612,0.493707687392731,197.829408444816,0.532508506404712,0.681759435279657,0.579218729262305,305.091346153846,0.808577756109371,0.158653846153846,0.673076923076923,208
"NAU-vulPES",2025-12-27,0.54989963854493,0.496778750710686,134.34529264214,0.284620114752129,0.671044235818381,0.593350994662682,205.076923076923,0.441302982665706,0.408653846153846,0.889423076923077,208
"NAU-vulPES",2026-01-03,0.94270476429009,0.873395069931247,170.349481605351,0.28939651570153,1.14246662090966,1.09911627891959,279.817307692308,0.491625099783509,0.423076923076923,0.990384615384615,208
"NAU-vulPES",2026-01-10,0.709908955828411,0.731494183451298,205.594180602007,0.394269784244751,0.933494615336812,0.999611722269509,340.105769230769,0.669275798472165,0.221153846153846,0.971153846153846,208
"NAU-vulPES",2026-01-17,0.585835502433111,0.611827939084833,93.2995464046823,0.260040910032591,0.642991876344699,0.731897583215355,140.995192307692,0.414400143133011,0.519230769230769,0.995192307692308,208
"NAU-vulPES",2026-01-24,0.752962252518263,0.756613116159324,64.9122387123746,0.248595764597895,0.786795769410858,0.843548893088883,102.908653846154,0.394249765939441,0.514423076923077,0.990384615384615,208
"NAU-vulPES",2026-01-31,0.848113082340894,0.790283041264109,64.3020422240803,0.271524780445646,0.921117547597833,0.878580759006665,100.475961538462,0.42257505277132,0.528846153846154,0.966346153846154,208
"NAU-vulPES",2026-02-07,0.913341925333779,0.84423023725414,45.1436078595318,0.190346715378295,1.01314265662532,0.955937761244806,72.3076923076923,0.298040564112207,0.600961538461538,0.985576923076923,208
"NAU-vulPES",2026-02-14,0.842250704968831,0.776925986076383,40.013102006689,0.174986706355207,0.906447372465337,0.928342860204397,62.4326923076923,0.271178396708763,0.629807692307692,0.990384615384615,208
"NAU-vulPES",2026-02-21,0.747204691601868,0.706821585558585,42.7147449832776,0.216446124753421,0.819842506010577,0.870229977906912,69.1923076923077,0.357175548455787,0.447115384615385,0.985576923076923,208
"NAU-vulPES",2026-02-28,0.599999420526057,0.651252060397498,35.9473704013378,0.214103725820728,0.621073750412146,0.752437298558076,57.2307692307692,0.342571719889316,0.475961538461538,1,208
"NAU-vulPES",2026-03-07,0.561538655622807,0.670621807625925,25.8610765050167,0.262304301054149,0.539521516406755,0.698211208572193,40.0576923076923,0.412670183636236,0.519230769230769,0.961538461538462,208
"NAU-vulPES",2026-03-14,0.527622371535481,0.665703410128351,24.2574561036789,0.300982660343906,0.500101529570919,0.681141161883405,37.6826923076923,0.475567459170211,0.413461538461538,0.951923076923077,208
"NAU-vulPES",2026-03-21,0.523327707377455,0.694723938075584,22.1045255016722,0.364982465445493,0.499049902701475,0.696859896086466,34.5913461538462,0.575451099313051,0.350961538461538,0.903846153846154,208
"NAU-vulPES",2026-03-28,0.497233607007705,0.681790185090848,16.9351212374582,0.396952727534672,0.477782129459448,0.689495547438703,26.0048076923077,0.622093741290614,0.293269230769231,0.899038461538462,208
"NAU-vulPES",2026-04-04,0.462947488798908,0.54940003442227,8.13833612040134,0.241251566413918,0.600650533908729,0.769318919593274,11.7067307692308,0.365148785561614,0.697115384615385,0.995192307692308,208
"NAU-vulPES",2026-04-11,0.441311334502176,0.595552062398386,6.90960284280936,0.282881555593858,0.722543578984437,0.895243008102619,10.3605769230769,0.442903348256788,0.625,0.975961538461538,208
"NAU-vulPES",2026-04-18,0.532872603694282,0.645433830573985,7.39860994983278,0.315943100798464,1.22611282908373,1.12651855330702,12.3701923076923,0.501815925445397,0.519230769230769,0.966346153846154,208
"NAU-vulPES",2026-04-25,0.525918832782978,0.678059159951999,6.96670986622074,0.346831040895666,1.13612311190843,1.0846591718602,11.5480769230769,0.561296721500819,0.418269230769231,0.951923076923077,208
"NAU-vulPES",2026-05-02,0.429192591203808,0.559112260172698,5.95665133779264,0.295469024958849,0.789976217557173,0.876899288269996,8.47596153846154,0.453486039525907,0.620192307692308,0.956730769230769,208
"NAU-vulPES",2026-05-09,0.353553202254462,0.531717029962321,4.55959030100334,0.277603774856268,0.728582564216103,0.851531031520542,6.46634615384615,0.4351832513548,0.591346153846154,0.975961538461538,208
"NAU-vulPES",2026-05-16,0.331463186673817,0.571296027083207,4.04028637123746,0.302165475637572,0.770331423195344,0.883567428675421,5.72115384615385,0.494313962674102,0.581730769230769,0.975961538461538,208
"NAU-vulPES",2026-05-23,0.326651438480166,0.526863024435637,3.89446697324415,0.28604378733573,0.832951561355929,0.842918773288747,5.76442307692308,0.456752049246025,0.557692307692308,0.985576923076923,208
"NEU_ISI-AdaptiveEnsemble",2025-11-22,0.593538357121996,0.491148958040579,34.0871150362319,0.378042276194056,0.513754999827475,0.452352694948091,49.6666666666667,0.564322300672615,0.354166666666667,0.791666666666667,192
"NEU_ISI-AdaptiveEnsemble",2025-11-29,0.519558642528244,0.409782731519743,57.1814086956522,0.340975005080055,0.533645999222728,0.41972875185824,84.05,0.529815179295422,0.35,0.835,200
"NEU_ISI-AdaptiveEnsemble",2025-12-06,0.514702953301861,0.405627444598098,119.530716503993,0.41344629070268,0.600833844154554,0.440554686477571,177.586734693878,0.633725567693365,0.285714285714286,0.755102040816326,196
"NEU_ISI-AdaptiveEnsemble",2025-12-13,0.569684312256356,0.457942023221776,195.712619352089,0.528090946660284,0.682509652380997,0.506108474248718,282.696078431373,0.770278625079486,0.137254901960784,0.573529411764706,204
"NEU_ISI-AdaptiveEnsemble",2025-12-20,0.641930885349282,0.518092278738319,250.327187789084,0.564816372001407,0.705932621248442,0.542761270237307,331.462765957447,0.767331976239724,0.111702127659574,0.361702127659574,188
"NEU_ISI-AdaptiveEnsemble",2025-12-27,0.702045643675576,0.622022142860038,175.883354347826,0.360546956827583,0.798975597580166,0.691722162377874,250.465,0.518630740177718,0.275,0.605,200
"NEU_ISI-AdaptiveEnsemble",2026-01-03,0.892269183872961,0.961778625127103,162.004347826087,0.312091898002996,0.997360938209505,1.06913539616551,243.854166666667,0.46702703049573,0.333333333333333,0.729166666666667,192
"NEU_ISI-AdaptiveEnsemble",2026-01-10,0.751556389173737,0.800250832790037,226.47527294686,0.443034229086026,0.817976745773021,0.936263318119402,309.316666666667,0.640680998623316,0.161111111111111,0.577777777777778,180
"NEU_ISI-AdaptiveEnsemble",2026-01-17,0.911118469372592,0.84136067285697,151.062597604259,0.35851301644528,1.04429194888618,0.960193205928606,239.367346938776,0.543072790927723,0.275510204081633,0.75,196
"NEU_ISI-AdaptiveEnsemble",2026-01-24,1.10838037925966,1.24877150420856,101.888347826087,0.401640749596415,1.02600212473137,1.28503322482671,145.00625,0.595350200596617,0.3625,0.70625,160
"NEU_ISI-AdaptiveEnsemble",2026-01-31,1.41260157322545,1.47780363028385,107.41525083612,0.482275630375503,1.37002439126981,1.44486672022655,150.076923076923,0.665543544177765,0.33974358974359,0.641025641025641,156
"NEU_ISI-AdaptiveEnsemble",2026-02-07,1.55323110324275,1.63451487423849,86.5178260869565,0.39876550081545,1.584492289091,1.66331562724593,125.546052631579,0.554005986325221,0.328947368421053,0.723684210526316,152
"NEU_ISI-AdaptiveEnsemble",2026-02-14,1.32098824650885,1.50472068551655,64.4818691389599,0.344499488712242,1.33491889461032,1.7800585682674,94.3529411764706,0.528402398582721,0.367647058823529,0.769607843137255,204
"NEU_ISI-AdaptiveEnsemble",2026-02-21,0.699842114946418,0.978693457564027,40.4105543478261,0.294148910425988,0.700812076374386,1.08286147609284,60.285,0.437173500903611,0.43,0.84,200
"NEU_ISI-AdaptiveEnsemble",2026-02-28,0.483370488362128,0.812362194723765,29.4899326086957,0.276355315515491,0.468531641345218,0.90689960993819,43.735,0.425317494780115,0.385,0.855,200
"NEU_ISI-AdaptiveEnsemble",2026-03-07,0.437988097158031,0.659516318917292,20.5586717391304,0.262057305443392,0.410103501636201,0.663954486795169,31.005,0.396866986431115,0.42,0.825,200
"NEU_ISI-AdaptiveEnsemble",2026-03-14,0.371383538077545,0.612426878244125,15.9467635314996,0.275297411044271,0.3523048315899,0.597915920965356,24.5357142857143,0.413935554037733,0.392857142857143,0.811224489795918,196
"NEU_ISI-AdaptiveEnsemble",2026-03-21,0.373372306990032,0.588948535972395,13.7665630434783,0.309827811740019,0.348129685702171,0.556907320650992,20.955,0.460699240368461,0.37,0.775,200
"NEU_ISI-AdaptiveEnsemble",2026-03-28,0.348225183244559,0.563589312594085,11.7085026619343,0.307968098136972,0.320264262896884,0.523645461085105,17.4795918367347,0.453005068755831,0.408163265306122,0.770408163265306,196
"NEU_ISI-AdaptiveEnsemble",2026-04-04,0.484987768857711,0.595964984288486,8.7843336483932,0.260235386423833,0.622655767995814,0.800717744256789,12.4347826086957,0.3781621784594,0.451086956521739,0.782608695652174,184
"NEU_ISI-AdaptiveEnsemble",2026-04-11,0.423542660739251,0.534425781606426,6.69405434782609,0.256733380332433,0.697026344823397,0.756371928165853,10.035,0.377149930748832,0.43,0.855,200
"NEU_ISI-AdaptiveEnsemble",2026-04-18,0.450606739053473,0.580193560438826,6.34935669920142,0.287098402218953,0.909401335658261,0.937211334417554,9.19897959183673,0.419943785918792,0.438775510204082,0.816326530612245,196
"NEU_ISI-AdaptiveEnsemble",2026-04-25,0.442631299357508,0.588633248257928,5.95651747655584,0.317677814304598,0.887412881356056,0.850661985889737,9.21078431372549,0.469159624346859,0.377450980392157,0.833333333333333,204
"NEU_ISI-AdaptiveEnsemble",2026-05-02,0.359255913595864,0.540716377387554,4.93791481810115,0.285331295711693,0.703274285222089,0.833078261307456,7.40816326530612,0.423501192739969,0.448979591836735,0.86734693877551,196
"NEU_ISI-AdaptiveEnsemble",2026-05-09,0.319172726197148,0.513958095201806,4.01999556344277,0.276459714493661,0.736469874604123,0.77188397727653,6.11734693877551,0.396827107867098,0.479591836734694,0.852040816326531,196
"NEU_ISI-AdaptiveEnsemble",2026-05-16,0.35510716947347,0.611189929810759,4.2173,0.32900702249979,0.895246008718667,0.835186053555546,6.41,0.474432031408114,0.425,0.81,200
"NEU_ISI-AdaptiveEnsemble",2026-05-23,0.360723226737415,0.625131861343735,4.16216811594203,0.324833851778358,0.941219860211343,0.92684565696527,6.15333333333333,0.462729083466709,0.446666666666667,0.773333333333333,150
"NEU_ISI-FluBcast",2025-11-22,0.939863748517801,0.850582083601681,69.1300248447205,0.581903339213437,0.788158279886099,0.795169766744546,91.05,0.845274874335564,0.114285714285714,0.507142857142857,140
"NEU_ISI-FluBcast",2025-11-29,0.95025668852585,0.871125078720261,128.704439359268,0.659017117885176,0.817471031378165,0.788338043733324,159.407894736842,0.900523194497201,0.171052631578947,0.440789473684211,152
"NEU_ISI-FluBcast",2025-12-06,0.932868945721602,0.884016664732648,229.215473429952,0.846504023969659,0.863709670403732,0.799415054646361,271.572222222222,1.0818368787235,0.0555555555555556,0.344444444444444,180
"NEU_ISI-FluBcast",2025-12-13,0.730706707509592,0.701958390187394,284.165499412456,0.729154736955323,0.751299434648867,0.683464637628739,358.290540540541,0.946885923591653,0.0945945945945946,0.324324324324324,148
"NEU_ISI-FluBcast",2025-12-20,0.577530007582505,0.511365704799552,238.969090909091,0.523829443061332,0.58517580646626,0.499833087928809,294.073863636364,0.667912927006557,0.119318181818182,0.295454545454545,176
"NEU_ISI-FluBcast",2025-12-27,0.743366908053139,0.565762082002432,193.412339130435,0.336478932517428,0.86360588493446,0.612325220755883,282.74,0.472273555281068,0.27,0.565,200
"NEU_ISI-FluBcast",2026-01-03,2.31553520963864,1.78077896246238,437.312190453686,0.593763966226532,2.25631098162296,1.7137538332103,567.891304347826,0.758876892556942,0.0760869565217391,0.277173913043478,184
"NEU_ISI-FluBcast",2026-01-10,1.78004287111757,1.57907890398715,525.501894079556,0.837241497829524,1.87958636257072,1.56123858315628,691.468085106383,1.01607710735373,0.0106382978723404,0.101063829787234,188
"NEU_ISI-FluBcast",2026-01-17,1.031695473358,1.05815608228295,174.715350996377,0.463205760051013,0.978487091577921,1.01067765303792,227.21875,0.588599899074587,0.130208333333333,0.348958333333333,192
"NEU_ISI-FluBcast",2026-01-24,1.05971621539734,1.16800178151466,92.2869432661718,0.39499108433497,0.972660139613786,1.17358806732582,128.670731707317,0.567362152330174,0.201219512195122,0.554878048780488,164
"NEU_ISI-FluBcast",2026-01-31,1.46823991648975,1.38889703031334,107.850987511563,0.418326262487499,1.30918553079696,1.36482447815367,142.095744680851,0.584699113086399,0.186170212765957,0.531914893617021,188
"NEU_ISI-FluBcast",2026-02-07,1.34342405645958,1.31322535947522,68.7856804347826,0.299299542777509,1.37183320723682,1.44891085425357,101.2,0.454912570313986,0.31,0.72,200
"NEU_ISI-FluBcast",2026-02-14,1.42348367349487,1.57578962479863,70.3706782608696,0.351974017923784,1.3085799103526,1.67148882791844,93.885,0.483398456758135,0.22,0.615,200
"NEU_ISI-FluBcast",2026-02-21,0.962903560726716,1.22037386534331,55.1810108695652,0.362508895720571,0.864514570438754,1.2341472649136,73.19,0.490700151444915,0.195,0.565,200
"NEU_ISI-FluBcast",2026-02-28,0.653549693799999,0.874266402523691,38.9992275670675,0.286843829307674,0.597151798879064,0.914766052814419,54.9946808510638,0.41625742358088,0.218085106382979,0.691489361702128,188
"NEU_ISI-FluBcast",2026-03-07,0.578198014219684,0.777648697110106,27.2872486413043,0.295452234259973,0.510149493348831,0.738105755122187,38.6458333333333,0.420277238554258,0.296875,0.703125,192
"NEU_ISI-FluBcast",2026-03-14,0.419710971859976,0.656839251408804,18.7646988224638,0.300866493628253,0.366097137863261,0.612828358408369,26.703125,0.433395701419876,0.296875,0.708333333333333,192
"NEU_ISI-FluBcast",2026-03-21,0.432120100010506,0.638268852934899,16.4768722271517,0.33362487615879,0.366693273193243,0.567313144649986,22.8724489795918,0.464128636076062,0.239795918367347,0.668367346938776,196
"NEU_ISI-FluBcast",2026-03-28,0.324990849969938,0.589802827999717,11.3409944495837,0.340384717744297,0.268000442797363,0.507756684140372,15.4255319148936,0.467330182143553,0.281914893617021,0.622340425531915,188
"NEU_ISI-FluBcast",2026-04-04,0.677550947222876,0.764003535507722,13.0292264914055,0.326582228099979,0.77477959346308,0.971650834336872,16.3139534883721,0.449202400254009,0.331395348837209,0.645348837209302,172
"NEU_ISI-FluBcast",2026-04-11,0.637317493945536,0.755482928369416,9.98916512488437,0.338734502780404,0.889570483518425,0.986884503239177,12.6968085106383,0.461568151310129,0.303191489361702,0.606382978723404,188
"NEU_ISI-FluBcast",2026-04-18,0.829195212758627,0.854257887453663,11.9927268431002,0.405579003514662,1.4023356863364,1.25261249249508,14.7336956521739,0.538218765423826,0.255434782608696,0.527173913043478,184
"NEU_ISI-FluBcast",2026-04-25,0.790031859053948,0.862892212966918,10.6544333950046,0.427780523753315,1.27971881078539,1.15371004404759,13.4893617021277,0.580506276361303,0.228723404255319,0.5,188
"NEU_ISI-FluBcast",2026-05-02,0.598095402297104,0.668090130772973,8.76057419659735,0.35012922148393,1.0241506064994,0.966575553536961,11.195652173913,0.475061944679966,0.326086956521739,0.592391304347826,184
"NEU_ISI-FluBcast",2026-05-09,0.479121594107555,0.637392929702432,6.23938735177866,0.321463422348585,1.01621264457491,0.947752297810691,8.55681818181818,0.448952847221541,0.272727272727273,0.613636363636364,176
"NEU_ISI-FluBcast",2026-05-16,0.433229005173684,0.631358213331012,5.36055335968379,0.32195332976653,0.973480666945098,0.850662975219452,7.18181818181818,0.45025123834473,0.357954545454545,0.647727272727273,176
"NEU_ISI-FluBcast",2026-05-23,0.428771186388889,0.599889086180381,5.3976884057971,0.313061622932868,0.986738147800861,0.854676641310442,6.99444444444444,0.432336900121807,0.327777777777778,0.633333333333333,180
"NIH-Flu_ARIMA",2025-11-22,1.13998776665782,0.975116524544353,64.2632097186701,0.74483316289008,0.89879915656967,0.804495373672871,80.156862745098,0.964191898012802,0.0294117647058824,0.308823529411765,204
"NIH-Flu_ARIMA",2025-12-06,1.0371181673011,0.935633889992631,233.099499147485,0.941586734367978,0.929803776275776,0.81213434124307,267.039215686275,1.15885940538436,0,0.0833333333333333,204
"NIH-Flu_ARIMA",2025-12-13,1.05019385071041,0.992089805867068,358.576005967604,1.14185559279564,0.964421280552082,0.882134965219641,400.225490196078,1.35173578383758,0.00490196078431373,0.0245098039215686,204
"NIH-Flu_ARIMA",2025-12-20,0.742068532545414,0.772881293024821,283.209393478261,0.843160710774163,0.779730800225933,0.78351731342363,358.585,1.10713372487752,0.04,0.335,200
"NIH-Flu_ARIMA",2025-12-27,0.774983322502282,0.729812148262362,188.887233589088,0.416034313471273,0.845402714159587,0.774702525251881,258.421568627451,0.572363959859504,0.166666666666667,0.612745098039216,204
"NIH-Flu_ARIMA",2026-01-03,1.23044135241327,1.12106098732572,230.945545652174,0.375946367629677,1.30915593121357,1.16576172110407,326.94,0.518727077301923,0.17,0.625,200
"NIH-Flu_ARIMA",2026-01-10,0.946204707561074,0.922018778364678,285.4647,0.505459761753372,1.02904307773528,0.987052114296728,381.42,0.657602987812927,0.085,0.47,200
"NIH-Flu_ARIMA",2026-01-17,0.653899782136616,0.780223058389236,105.482732310315,0.336137367967714,0.696247001481599,0.833803162617564,153.872549019608,0.474049748972626,0.245098039215686,0.720588235294118,204
"NIH-Flu_ARIMA",2026-01-31,1.08196448507461,1.25381698514211,85.719497826087,0.459061598210769,1.00437483210982,1.22732561844899,113.56,0.623392246735823,0.32,0.795,200
"NIH-Flu_ARIMA",2026-02-07,0.995458893483989,0.951822157338342,49.1870608695652,0.215175110701946,1.03439839002394,1.05819140037158,73.8,0.331434925811632,0.355,0.88,200
"NIH-Flu_ARIMA",2026-02-14,1.05312208677636,0.922031072290917,49.9752855924979,0.205493939147324,1.04310980449541,1.03627062626165,71.6666666666667,0.298470965311782,0.46078431372549,0.833333333333333,204
"NIH-Flu_ARIMA",2026-02-21,0.807226211525924,1.01874870373417,47.3912190963342,0.324826482477336,0.808547555302139,1.09611029486243,69.7549019607843,0.463851354551985,0.299019607843137,0.799019607843137,204
"NIH-Flu_ARIMA",2026-02-28,0.531315661282386,0.711312830243835,32.0556628303495,0.236400412401016,0.542754718764995,0.79856089344324,50.4117647058824,0.36740336186008,0.338235294117647,0.92156862745098,204
"NIH-Flu_ARIMA",2026-03-14,0.658628513414918,0.796523846547843,31.3722165387894,0.367701403885563,0.609328123025518,0.756010874669045,47.25,0.537017244774502,0.254901960784314,0.808823529411765,204
"NIH-Flu_ARIMA",2026-03-21,0.573509222397917,0.738087514048462,25.6004859335038,0.403512422604462,0.517895730653178,0.679970317176371,37.9019607843137,0.58409755217001,0.259803921568627,0.78921568627451,204
"NIH-Flu_ARIMA",2026-03-28,0.467662683570379,0.740444128694761,15.6319437340153,0.430841992652487,0.424757453468921,0.6737279204151,22.6960784313725,0.606778330198269,0.279411764705882,0.725490196078431,204
"NIH-Flu_ARIMA",2026-04-04,0.70928577471274,0.952506196464174,12.29539428815,0.419602351393658,0.923690633765618,1.31559847252461,17.4852941176471,0.619684397331852,0.264705882352941,0.779411764705882,204
"NIH-Flu_ARIMA",2026-04-11,0.610972711435016,0.865322376758271,9.70308610400682,0.426385235640173,0.969075794936248,1.18076814185957,13.9019607843137,0.600620528932243,0.362745098039216,0.808823529411765,204
"NIH-Flu_ARIMA",2026-04-18,0.579240790256153,0.654559682460711,8.03040920716112,0.326276973980811,1.22843081442669,1.07419976411159,12.3480392156863,0.488231697440464,0.387254901960784,0.877450980392157,204
"NIH-Flu_ARIMA",2026-04-25,0.64175118235507,0.934516441860666,8.28608695652174,0.475935317938568,1.18849361217802,1.29007503577132,11.921568627451,0.673000810369451,0.308823529411765,0.754901960784314,204
"NIH-Flu_ARIMA",2026-05-02,0.762309288122887,0.97996389269433,10.4417540494459,0.522011310899209,1.35101321541936,1.46844849260407,14.0735294117647,0.752213221779068,0.264705882352941,0.740196078431373,204
"NIH-Flu_ARIMA",2026-05-09,0.547393433473456,0.740964006966613,6.41418158567775,0.371569021573242,1.25200079151299,1.19559261890531,9.51960784313725,0.568079831986617,0.382352941176471,0.931372549019608,204
"NIH-Flu_ARIMA",2026-05-16,0.540441261007716,0.961552219742884,6.24993393009378,0.49142249735186,1.35828063220364,1.33392454559905,9.54901960784314,0.725413139383038,0.308823529411765,0.848039215686274,204
"NIH-Flu_ARIMA",2026-05-23,0.454830753540216,0.663157345159352,5.38069693094629,0.365328836664249,1.15384278882388,1.04319073406813,7.98039215686275,0.570012041091642,0.377450980392157,0.926470588235294,204
"NU-PGF_FLUH",2025-11-22,0.657432211567459,0.405621560045101,28.958152173913,0.208224287350475,0.608452414310171,0.415714275782267,42.75,0.338869307411947,0.5,1,16
"NU-PGF_FLUH",2025-11-29,0.565874409977102,0.435141523551087,50.1541032608696,0.299562725868254,0.679899267330495,0.505834082353448,89.3125,0.531904850963883,0.1875,1,16
"NU-PGF_FLUH",2025-12-06,0.672798387139927,0.521517088343591,137.780190217391,0.489755964719247,0.758577782577318,0.573611376374197,198.25,0.748462957094787,0.125,0.6875,16
"NU-PGF_FLUH",2025-12-13,0.526604616669669,0.415306890666673,170.091114130435,0.379572468422749,0.701359695536186,0.515862518254415,286.5,0.642893742873721,0.0625,0.875,16
"NU-PGF_FLUH",2025-12-20,0.453211530381647,0.282691163890426,138.262989130435,0.231114680388226,0.562732672008235,0.332081557016313,216.9375,0.358797956338923,0.5,1,16
"NU-PGF_FLUH",2025-12-27,1.44551687908869,0.630992171816152,341.427472826087,0.282767943282928,1.78638425313229,0.763431708427622,533.1875,0.447028685523541,0.3125,0.8125,16
"NU-PGF_FLUH",2026-01-03,3.69719191440201,2.04891615244956,586.93535326087,0.550156937806482,3.89198984439487,2.08120436105331,806.875,0.739567610798334,0.125,0.5,16
"NU-PGF_FLUH",2026-01-10,2.23599040710812,1.34410008056284,606.753722826087,0.663149431707439,2.52814689922158,1.43212008798337,818.5,0.843306861496058,0.125,0.25,16
"NU-PGF_FLUH",2026-01-17,0.515031779047537,0.569954379188217,112.508097826087,0.262657006022458,0.626218335941588,0.66420271295973,186.25,0.404151679665822,0.3125,0.8125,16
"NU-PGF_FLUH",2026-01-24,0.901806741930061,0.67349230397246,131.510760869565,0.184685536344612,0.860865139620434,0.702166659898907,203.25,0.286438830361684,0.5625,0.8125,16
"NU-PGF_FLUH",2026-01-31,0.666925177799753,1.40157910377151,69.5055434782609,0.327857397617197,0.676975771077334,1.4992540998523,110.875,0.508016340403552,0.25,0.75,16
"NU-PGF_FLUH",2026-02-07,1.19223192341738,1.37388742061356,100.352173913043,0.271525441370647,1.29402463123155,1.58909577294723,164.75,0.447121331367873,0.3125,0.8125,16
"NU-PGF_FLUH",2026-02-14,0.835810740514417,2.0006616440322,58.7573369565217,0.42326156242589,0.884009544744377,2.44670500052093,87.625,0.621160472767496,0.3125,0.75,16
"NU-PGF_FLUH",2026-02-21,0.651776143575851,1.08184584899101,48.8370108695652,0.291617424596873,0.799380046790666,1.38720643064172,85.3125,0.475132363369126,0.125,1,16
"NU-PGF_FLUH",2026-02-28,0.638906385334401,1.20683580159396,50.0467934782609,0.318952949148671,0.730863635939219,1.55167377930852,87.25,0.545834020467272,0.0625,1,16
"NU-PGF_FLUH",2026-03-07,0.570929116968799,0.744138358889435,37.8638858695652,0.204886254509137,0.608440844832491,0.801527585229906,64.5625,0.318662208413365,0.5625,1,16
"NU-PGF_FLUH",2026-03-14,0.574894306460771,0.680587421291609,32.7511956521739,0.226912275265835,0.554907665155337,0.632305421221346,49.75,0.312747370959335,0.625,0.9375,16
"NU-PGF_FLUH",2026-03-21,0.392571180051188,0.585520732201446,21.0028260869565,0.213846462400796,0.343632478393485,0.518065342982109,29.3125,0.287968022521131,0.75,0.9375,16
"NU-PGF_FLUH",2026-03-28,0.710251754676712,0.713979257169266,36.2264130434783,0.3221713611607,0.728333826157546,0.716726497463998,58.1875,0.513657710447039,0.375,0.9375,16
"NU-PGF_FLUH",2026-04-04,0.522334512375059,0.870228886901486,17.0566304347826,0.366645010746037,0.754992345860795,1.29417925720209,26.0625,0.569508413816964,0.5,0.9375,16
"NU-PGF_FLUH",2026-04-11,0.423690101076298,0.820086890725124,12.535625,0.330362161397931,0.68017355652532,1.18584787364573,19.25,0.504942751010503,0.5625,0.9375,16
"NU-PGF_FLUH",2026-04-18,0.676208177901214,0.829412214897801,17.771277173913,0.349055329211186,1.58925777948807,1.38742320078733,31.0625,0.534740495319641,0.4375,1,16
"NU-PGF_FLUH",2026-04-25,0.581505935270241,0.783412312894038,15.9727445652174,0.332232781004992,1.29653943791057,1.28201912971185,28.5625,0.536542818269605,0.375,1,16
"NU-PGF_FLUH",2026-05-02,0.509720152228893,0.620937673353188,11.5582608695652,0.222332364434905,1.26394609321472,0.981581545404211,20.25,0.300167637196559,0.8125,1,16
"NU-PGF_FLUH",2026-05-09,0.365138819430163,0.52517270834649,9.35380434782609,0.189168955909852,0.334642788988159,0.581291113304759,5.9375,0.195677371861107,0.9375,1,16
"NU-PGF_FLUH",2026-05-16,0.339599803681792,0.472531621102696,7.28220108695652,0.189422474745661,0.450703313251055,0.63400683792457,5.875,0.257903588455584,0.875,1,16
"NU-PGF_FLUH",2026-05-23,0.383941433188977,0.442759687477112,7.61741847826087,0.208325365782385,0.984771848826359,0.537547906003535,10.125,0.253003558200416,1,1,16
"OHT_JHU-nbxd",2025-11-22,0.685486830114532,0.400488102919241,36.7265176630435,0.292013843797764,0.627310616736019,0.384039789016379,53.9041346153846,0.439945772133429,0.5625,0.942307692307692,208
"OHT_JHU-nbxd",2025-11-29,0.646648828870051,0.364174128227564,67.9404258779264,0.294561705491026,0.70136741540317,0.368260399325326,106.701009615385,0.452611102157214,0.451923076923077,0.889423076923077,208
"OHT_JHU-nbxd",2025-12-06,0.51495021426219,0.289561772437619,112.790057044314,0.285617390503227,0.631252004468628,0.309224300445478,177.477211538462,0.430889176758367,0.423076923076923,0.855769230769231,208
"OHT_JHU-nbxd",2025-12-13,0.521132051622904,0.298662042711052,180.470028637124,0.347153140336384,0.65180747648386,0.33417506291312,275.106490384615,0.517477485483638,0.326923076923077,0.774038461538462,208
"OHT_JHU-nbxd",2025-12-20,0.570070141098236,0.377481250160107,217.615717474916,0.414221198849825,0.660880006523618,0.411601432085894,309.407788461538,0.59283603910405,0.206730769230769,0.625,208
"OHT_JHU-nbxd",2025-12-27,0.804737930454774,0.617813636604437,202.903660493311,0.361928811239031,0.932151796228292,0.687286138540593,296.337451923077,0.524061899812486,0.216346153846154,0.644230769230769,208
"OHT_JHU-nbxd",2026-01-03,1.04539496039118,0.904308455254419,188.963294711538,0.298896106470355,1.1804968542366,0.998456082052425,284.768365384615,0.438759382686456,0.336538461538462,0.730769230769231,208
"OHT_JHU-nbxd",2026-01-10,0.61801910606675,0.675458528105739,179.10148770903,0.365004247039745,0.7685852540974,0.817856646958315,275.463365384615,0.539490075322331,0.158653846153846,0.615384615384615,208
"OHT_JHU-nbxd",2026-01-17,0.787898536253611,0.808602869437963,127.544064903846,0.348100289186946,0.865331036332762,0.892116594237753,195.878413461538,0.51736537567638,0.274038461538462,0.706730769230769,208
"OHT_JHU-nbxd",2026-01-24,0.999521789836746,0.85910805275675,89.7782473871237,0.291481369186379,0.986440187559612,0.898188479494024,136.527788461538,0.43930438369764,0.365384615384615,0.783653846153846,208
"OHT_JHU-nbxd",2026-01-31,0.915478524293106,0.788225022243649,71.5242678929766,0.27847608129236,0.979243928786821,0.853691473208006,111.619807692308,0.427420067634105,0.423076923076923,0.846153846153846,208
"OHT_JHU-nbxd",2026-02-07,0.952881626405264,0.890013063399304,47.264702027592,0.202068510244911,1.04472158968045,1.00103200619993,75.0111057692308,0.314305153153388,0.447115384615385,0.903846153846154,208
"OHT_JHU-nbxd",2026-02-14,1.05777478496747,0.927861719827092,49.5336055392977,0.205499344842872,1.12850448162304,1.10600936885645,76.961875,0.317716929994984,0.466346153846154,0.913461538461538,208
"OHT_JHU-nbxd",2026-02-21,0.923912596330319,0.801602117369383,51.7613816053512,0.240765552347893,0.954190683369764,0.887894276473295,78.6735576923077,0.357226378166499,0.456730769230769,0.860576923076923,208
"OHT_JHU-nbxd",2026-02-28,0.649935213865793,0.646077061587543,38.1009875,0.207283817026518,0.656819756338941,0.72747709972121,59.1794711538462,0.322825177807898,0.475961538461538,0.918269230769231,208
"OHT_JHU-nbxd",2026-03-07,0.57066441107634,0.674296291899613,25.8409234531773,0.259672434836529,0.542357564196043,0.680924412313829,39.5959134615385,0.395049909478271,0.524038461538462,0.903846153846154,208
"OHT_JHU-nbxd",2026-03-14,0.542014058359319,0.668295323746589,24.3444903428094,0.295816418292259,0.514152524177908,0.674556900626772,37.6384615384615,0.459764902107699,0.456730769230769,0.889423076923077,208
"OHT_JHU-nbxd",2026-03-21,0.5357687283984,0.700978525534204,22.1690338001672,0.363675838457889,0.505282929735373,0.696212452509666,34.2133173076923,0.564939708989068,0.346153846153846,0.798076923076923,208
"OHT_JHU-nbxd",2026-03-28,0.61394025273366,0.760484302408019,20.5975050585284,0.436785429614587,0.596319232647769,0.74944935389454,32.0060576923077,0.668029578454594,0.259615384615385,0.759615384615385,208
"OHT_JHU-nbxd",2026-04-04,0.538845440888943,0.548309862754619,9.2090275083612,0.236082209467427,0.69635109439058,0.781355652159971,13.0535096153846,0.360548501637454,0.668269230769231,0.975961538461538,208
"OHT_JHU-nbxd",2026-04-11,0.496222250555405,0.610242951686434,7.67966617892977,0.28862445548313,0.758695275824602,0.89137775122716,10.8150480769231,0.441143307858928,0.620192307692308,0.966346153846154,208
"OHT_JHU-nbxd",2026-04-18,0.581117757520558,0.688757285429805,8.06532510451505,0.337829110589662,1.28747400938247,1.19428174229075,13.0578365384615,0.53596999788248,0.528846153846154,0.932692307692308,208
"OHT_JHU-nbxd",2026-04-25,0.608449899453923,0.76213681634303,8.2634504180602,0.399896850444923,1.35722253921601,1.24262658274205,14.0822115384615,0.659022147583361,0.379807692307692,0.923076923076923,208
"OHT_JHU-nbxd",2026-05-02,0.518647105679634,0.638063995544815,7.16133975752508,0.33295600080207,1.06922030015323,1.01649615726171,11.3759134615385,0.520890766483962,0.528846153846154,0.903846153846154,208
"OHT_JHU-nbxd",2026-05-09,0.399073249727613,0.547291841602604,4.99443881688963,0.280215012268076,0.901449970571041,0.887461639380222,7.62485576923077,0.436947880497939,0.543269230769231,0.918269230769231,208
"OHT_JHU-nbxd",2026-05-16,0.405487113792263,0.576817356943206,4.87217240802676,0.303797461676353,0.914520382857902,0.810372505655037,6.77221153846154,0.450621072352523,0.524038461538462,0.879807692307692,208
"OHT_JHU-nbxd",2026-05-23,0.386034455338929,0.587530453298575,4.54259477424749,0.31628599083635,1.01248418188406,0.897992316555904,6.92375,0.476705929759502,0.485576923076923,0.855769230769231,208
"PSI-PROF",2025-11-22,0.678647136361506,0.678572016131298,38.3873915551839,0.516813302104027,0.716880699014836,0.710291705343674,65.3637980769231,0.865823073095807,0.307692307692308,0.961538461538462,208
"PSI-PROF",2025-11-29,0.611019960543095,0.625941836104561,65.5251143812709,0.515609159043163,0.658115874965558,0.677003025096044,101.415721153846,0.851206749635298,0.317307692307692,0.966346153846154,208
"PSI-PROF",2025-12-06,0.557890620149955,0.577406946075246,123.643777299331,0.57952172713183,0.668662188098106,0.654291079500736,191.221490384615,0.930772945237419,0.355769230769231,0.913461538461538,208
"PSI-PROF",2025-12-13,0.56205727053727,0.565301677152885,190.645028908863,0.649469995290793,0.71063290704141,0.679707525774227,293.495048076923,1.03842644388989,0.182692307692308,0.889423076923077,208
"PSI-PROF",2025-12-20,0.528528596697503,0.511622381913651,196.630440112876,0.552893681007054,0.657871523381317,0.627564564395255,294.108125,0.878481303423898,0.216346153846154,0.841346153846154,208
"PSI-PROF",2025-12-27,0.756406404882134,0.551386100640335,190.741061266722,0.32109118967527,0.901474032322801,0.708907536274178,285.016826923077,0.536920826641644,0.456730769230769,0.961538461538462,208
"PSI-PROF",2026-01-03,1.76642057309939,1.1611824802245,322.527556396321,0.385281680782424,1.70305518630658,1.32560578053918,412.895817307692,0.585776298010604,0.394230769230769,0.971153846153846,208
"PSI-PROF",2026-01-10,1.27453859263812,1.0247921117436,367.734536580268,0.550464101196035,1.38803431152658,1.27509352005661,493.174086538462,0.835473341474956,0.177884615384615,0.903846153846154,208
"PSI-PROF",2026-01-17,0.941258722707358,0.886059491163855,148.886284092809,0.374771377798787,1.1351607593838,1.10410276468649,247.850240384615,0.621250886785559,0.504807692307692,0.985576923076923,208
"PSI-PROF",2026-01-24,0.888452006419988,1.02801100241926,76.9010661998328,0.339898844978432,0.950487213227077,1.08042768243789,124.943990384615,0.507936492545059,0.581730769230769,0.995192307692308,208
"PSI-PROF",2026-01-31,0.987348504372261,1.04744125780024,74.108333361204,0.355748902879587,1.02966565225002,0.99596252447489,110.498125,0.471296257714674,0.586538461538462,0.980769230769231,208
"PSI-PROF",2026-02-07,1.19662868579344,1.35759864305702,59.531118645485,0.308671816002856,1.0947481464831,1.26559223274045,78.9974038461538,0.402747667280562,0.716346153846154,1,208
"PSI-PROF",2026-02-14,1.1993600258901,1.28038780556428,56.6641841555184,0.285859938505076,1.33392532489445,1.54800914242248,91.3209134615385,0.449625971885778,0.605769230769231,0.971153846153846,208
"PSI-PROF",2026-02-21,1.03050685872437,0.986787104556017,58.6266553720736,0.299240875986758,1.16666144166866,1.08885359093256,98.7031730769231,0.444195445419318,0.668269230769231,1,208
"PSI-PROF",2026-02-28,0.928629501795767,0.950681259249818,55.7731310827759,0.312357922439573,0.842410854838335,0.976464377527565,76.3710096153846,0.437562510235031,0.706730769230769,0.990384615384615,208
"PSI-PROF",2026-03-07,0.832214646072484,0.800676405124573,38.6593048913044,0.314584625559236,0.526986422052443,0.714611981658198,39.4871634615385,0.42623638444055,0.769230769230769,0.985576923076923,208
"PSI-PROF",2026-03-14,0.837753405796095,0.797472569562636,38.9941426630435,0.362306001794905,0.641937331656251,0.810852972349654,49.3860096153846,0.570510749794067,0.778846153846154,0.990384615384615,208
"PSI-PROF",2026-03-21,0.555809329013504,0.700079100886296,23.6946536789298,0.368747350732876,0.451486252619491,0.630605356766439,31.385625,0.521138072386815,0.668269230769231,0.956730769230769,208
"PSI-PROF",2026-03-28,0.527702183274535,0.66476870385693,17.7431220317726,0.380135723956831,0.435916884440635,0.649042383729298,23.1951442307692,0.579189317299729,0.649038461538462,0.932692307692308,208
"PSI-PROF",2026-04-04,0.637205298245831,0.783799715012687,11.2750603051839,0.348617887165374,0.833619366673577,1.06437870082618,16.3735576923077,0.513375449335736,0.711538461538462,1,208
"PSI-PROF",2026-04-11,0.604964547029277,0.737630350383514,9.44483091555184,0.349520221712204,0.773507928093584,0.997754978028983,11.1304807692308,0.498193903147228,0.706730769230769,0.990384615384615,208
"PSI-PROF",2026-04-18,0.599847902348533,0.812613136191109,8.23751341973244,0.400472822845018,1.26354276282323,1.49308682136752,12.8091826923077,0.682876795773337,0.524038461538462,0.947115384615385,208
"PSI-PROF",2026-04-25,0.593847018117081,0.809922779953052,7.88368683110368,0.413622094572356,1.19033365476303,1.29753426235636,12.0278365384615,0.666834534681407,0.485576923076923,0.966346153846154,208
"PSI-PROF",2026-05-02,0.474803544028335,0.617009717293408,6.30832775919732,0.313185959747763,0.770644347115838,0.903873201033491,8.08326923076923,0.460885025749841,0.677884615384615,0.990384615384615,208
"PSI-PROF",2026-05-09,0.443127486201899,0.659867328472733,5.5365627090301,0.3364070846999,0.742918266937988,0.962727603437566,6.64653846153846,0.49974635105924,0.721153846153846,0.971153846153846,208
"PSI-PROF",2026-05-16,0.40592585324921,0.68795535215624,4.84720992892977,0.3615110374556,0.762958247554166,0.934575708309542,5.59485576923077,0.525218022788317,0.682692307692308,0.951923076923077,208
"PSI-PROF",2026-05-23,0.333678231253331,0.56179168032634,3.96660098244147,0.304081876495917,0.80315320959696,0.84263840352108,5.43889423076923,0.448159106557633,0.567307692307692,0.903846153846154,208
"PSI-PROF_MOA",2025-11-22,0.658305421802263,0.528745633588827,36.7203494983278,0.397303294873206,0.564890794619777,0.468025217151442,50.4460096153846,0.55808141966409,0.4375,0.769230769230769,208
"PSI-PROF_MOA",2025-11-29,0.72155394550598,0.566469351725876,79.3833475752508,0.469306144265151,0.620631239680443,0.482704957884284,100.381346153846,0.626884296679125,0.336538461538462,0.706730769230769,208
"PSI-PROF_MOA",2025-12-06,0.737145463839082,0.604358243170867,168.173946488294,0.612517013757462,0.687074861601217,0.553303692477644,198.190865384615,0.79368552233953,0.274038461538462,0.528846153846154,208
"PSI-PROF_MOA",2025-12-13,0.731342054456435,0.599596122079244,255.454952236622,0.699014940354651,0.705025739627199,0.565377511607375,296.616730769231,0.879502640180474,0.149038461538462,0.399038461538462,208
"PSI-PROF_MOA",2025-12-20,0.741609600688669,0.597736517065075,278.096005664716,0.644285615231967,0.721769667063605,0.585498513803807,325.047307692308,0.818861193578706,0.0769230769230769,0.274038461538462,208
"PSI-PROF_MOA",2025-12-27,0.768886515562729,0.623853050785058,191.099256166388,0.361711358303329,0.796019810594417,0.652580926275221,246.67125,0.488558163672471,0.139423076923077,0.408653846153846,208
"PSI-PROF_MOA",2026-01-03,1.91044986432977,1.54073322730873,351.340910785953,0.517725381998325,1.798081093734,1.41326473699105,434.123653846154,0.623265409120893,0.173076923076923,0.413461538461538,208
"PSI-PROF_MOA",2026-01-10,1.18655852115188,1.09751899543079,351.545253198161,0.601855311318852,1.21446771822808,1.14342340652106,440.502259615385,0.760102725807861,0.0865384615384615,0.355769230769231,208
"PSI-PROF_MOA",2026-01-17,1.13782263961553,1.04709083178228,186.705451860368,0.45224437819332,1.14991044379182,1.093108582871,258.399855769231,0.624282809728553,0.134615384615385,0.533653846153846,208
"PSI-PROF_MOA",2026-01-24,1.03464601785809,0.883973488302478,89.9181643394649,0.289210962755612,1.04117807009704,0.955274177585061,137.269951923077,0.44436509712726,0.3125,0.836538461538462,208
"PSI-PROF_MOA",2026-01-31,0.832842259055564,0.772664507752878,64.3723026337793,0.270512068274637,0.866369304079332,0.799897901530592,96.8556730769231,0.394212613707662,0.461538461538462,0.899038461538462,208
"PSI-PROF_MOA",2026-02-07,1.01627167699512,1.01136300536513,50.8035213001672,0.231408581789384,1.06012549279412,1.08546243834982,77.3601923076923,0.347187363346851,0.586538461538462,0.942307692307692,208
"PSI-PROF_MOA",2026-02-14,0.978517641988928,0.945083897560921,47.2878700250836,0.215588553897546,1.02625636527114,1.05481819533259,71.9541826923077,0.311442027564388,0.548076923076923,0.932692307692308,208
"PSI-PROF_MOA",2026-02-21,1.04940646821103,0.931524584794068,60.093585326087,0.28537402385268,1.11341284439988,1.03723605988598,93.5650480769231,0.425497713873493,0.485576923076923,0.884615384615385,208
"PSI-PROF_MOA",2026-02-28,0.773511891905092,0.873927087213056,46.6721003553512,0.287925300666626,0.730646110690057,0.934824503268392,68.1082211538462,0.427101224822314,0.471153846153846,0.889423076923077,208
"PSI-PROF_MOA",2026-03-07,0.572915674142666,0.718220984579417,27.1003327341137,0.285598428267701,0.502244311400136,0.701152836235482,38.2109615384615,0.421147965165676,0.620192307692308,0.961538461538462,208
"PSI-PROF_MOA",2026-03-14,0.568533944066993,0.702259028659729,26.7796174122074,0.319961943854678,0.485650993569409,0.66409990179537,37.2344711538462,0.469327675258008,0.658653846153846,0.927884615384615,208
"PSI-PROF_MOA",2026-03-21,0.66242292823972,0.749716493097225,28.7812691471572,0.397962183571158,0.577050912690585,0.696577892844667,40.9721634615385,0.580158643047158,0.5,0.870192307692308,208
"PSI-PROF_MOA",2026-03-28,0.514330680738003,0.633785154758999,17.1891112249164,0.360437766869415,0.489636225636945,0.662863124109524,26.2038461538462,0.590963516732191,0.596153846153846,0.918269230769231,208
"PSI-PROF_MOA",2026-04-04,0.603695971614188,0.787355052685546,10.7539195234114,0.349500381396401,0.802751678146881,1.06076204940885,16.0251442307692,0.518571904966101,0.745192307692308,1,208
"PSI-PROF_MOA",2026-04-11,0.61013825333189,0.74851204793551,9.63381126672241,0.358113822270067,0.825609798484659,1.0251666781477,12.0679326923077,0.51521553415444,0.735576923076923,0.995192307692308,208
"PSI-PROF_MOA",2026-04-18,0.568916516131128,0.739997052680427,7.96993290133779,0.367714493136907,1.16999162445891,1.29320738517932,11.9086538461538,0.593041863033527,0.586538461538462,0.971153846153846,208
"PSI-PROF_MOA",2026-04-25,0.526561611398648,0.668799418601291,7.10755420150502,0.35396423056159,0.991909907627498,0.998958065500497,10.4052403846154,0.546701279226379,0.649038461538462,0.980769230769231,208
"PSI-PROF_MOA",2026-05-02,0.461796651645967,0.598707358172941,6.33147502090301,0.312870886347358,0.711258979062735,0.864760784911273,7.67591346153846,0.45776041299238,0.725961538461538,0.975961538461538,208
"PSI-PROF_MOA",2026-05-09,0.45167998313598,0.586138116871484,5.88697846989967,0.304107417823789,0.736119479403031,0.843420066125236,6.73024038461538,0.440990907946468,0.75,0.990384615384615,208
"PSI-PROF_MOA",2026-05-16,0.403794950619509,0.611299919189376,4.93835244565217,0.32233155649098,0.813077448774865,0.859863034811554,6.01807692307692,0.479031652071872,0.625,0.942307692307692,208
"PSI-PROF_MOA",2026-05-23,0.402602223666575,0.613750782777128,4.79885152591973,0.333028018367496,0.958492794512429,0.921596834175757,6.52509615384615,0.492247879392327,0.576923076923077,0.908653846153846,208
"SigSci-TSENS",2025-12-20,0.938471294102944,0.832824791455837,357.49547826087,0.903906375733383,0.903483936684516,0.791472211960633,414.65,1.11307183012928,0.025,0.125,200
"SigSci-TSENS",2025-12-27,0.906187757863175,0.852035524210012,224.12697173913,0.480009503118377,0.897434818663888,0.833474997821235,277.615,0.608293602653566,0.11,0.335,200
"SigSci-TSENS",2026-01-03,1.41463932419889,1.21518293338145,267.324660869565,0.406036470942075,1.34149996473351,1.13767093502653,334.58,0.501463648514647,0.17,0.475,200
"SigSci-TSENS",2026-01-10,1.17372220599424,1.08344286760105,360.569286956522,0.596918182195688,1.14426393985826,1.04359747244424,436.205,0.706702790874419,0.105,0.385,200
"SigSci-TSENS",2026-01-17,0.658334444139808,0.884883061731462,107.331906521739,0.374303092206813,0.692443112737588,0.883547637695053,155.15,0.495414624266709,0.27,0.64,200
"SigSci-TSENS",2026-01-24,1.0283220946069,1.33922715690697,89.110229468599,0.439085449154939,1.04276789634018,1.36578686814215,137.95,0.636870740636226,0.283333333333333,0.694444444444444,180
"SigSci-TSENS",2026-01-31,1.12906684725785,1.28410934825975,92.3610684551341,0.457639071920743,1.12759371881335,1.41257023527065,132.957446808511,0.711814096323801,0.281914893617021,0.75,188
"SigSci-TSENS",2026-02-07,1.05712748705733,1.17141059275246,55.0111548913044,0.265012510076418,1.10568595423428,1.21553868753604,84.3333333333333,0.384623552246378,0.46875,0.885416666666667,192
"SigSci-TSENS",2026-02-14,1.1043810268127,1.30936708157363,54.427413487134,0.292549073080929,1.19777405768574,1.51372645158317,85.8469387755102,0.439709130566647,0.51530612244898,0.892857142857143,196
"SigSci-TSENS",2026-02-21,0.931784534351777,1.12233571744478,54.2313642413487,0.322746385764303,1.02344423561695,1.28229200234551,88.2397959183673,0.490466890768141,0.494897959183673,0.918367346938776,196
"SigSci-TSENS",2026-02-28,0.801681968341269,0.988168623076636,49.4615326086956,0.319133474772601,0.836904027185877,0.962336717583479,79.465,0.431356965516094,0.54,0.905,200
"SigSci-TSENS",2026-03-07,0.775246845649376,0.965514355721046,36.4056891304348,0.368431984771177,0.78716087702732,0.89776465760689,59.32,0.51227046155938,0.62,0.99,200
"SigSci-TSENS",2026-03-14,0.827255203111885,1.01289535417045,38.8574391304348,0.443844754598465,0.853940330896712,0.970344633702687,65.355,0.655350688502697,0.58,0.98,200
"SigSci-TSENS",2026-03-21,0.728639941138261,0.944842343177858,31.8071695652174,0.49331107141,0.715026894675306,0.898713714298699,51.37,0.733476739721085,0.64,0.985,200
"SigSci-TSENS",2026-03-28,0.689729774582509,1.01432061331824,23.3403260869565,0.593705441017181,0.666044942685671,1.04860078245405,35.7,0.941685749279112,0.685,0.99,200
"SigSci-TSENS",2026-04-04,0.900423309368685,1.78854916125528,15.5372,0.779742331937982,1.16672938977552,3.07509009390362,22.585,1.47081917643187,0.81,0.995,200
"SigSci-TSENS",2026-04-11,0.936127049833726,1.31712020816106,14.505447826087,0.623293761434563,1.10152050295632,1.82241186183015,15.74,0.909300008672657,0.95,1,200
"SigSci-TSENS",2026-04-18,0.938662412384868,1.42323801109892,12.9693260869565,0.695988226226471,1.54065380689137,2.65691357233103,16.07,1.23484677906589,0.945,1,200
"SigSci-TSENS",2026-04-25,0.899739482286203,1.31381799645614,12.2925543478261,0.688932371982899,1.5460873273164,2.2578999240449,16.275,1.2341416268185,0.94,1,200
"SigSci-TSENS",2026-05-02,0.917733555583936,1.36960117066966,12.2772739130435,0.693492328697706,1.41217464595385,2.40736580942083,15.02,1.21230685241462,0.95,1,200
"SigSci-TSENS",2026-05-09,0.891186256210882,1.35941350527941,10.953497826087,0.679413633983137,1.39489799515038,2.45481571228634,11.48,1.20719084901309,0.96,1,200
"SigSci-TSENS",2026-05-16,0.990224037479586,1.18397502069132,11.7665717391304,0.618130989751771,1.1711849532499,1.26902426033614,8.575,0.710877402650338,0.99,1,200
"SigSci-TSENS",2026-05-23,0.937763303983198,1.22146841904722,10.777052173913,0.633498960426578,1.06663910001014,1.30816266902335,7.205,0.690699961972723,0.99,1,200
"UGA_CEID-Walk",2025-11-29,1.51413790842701,1.59148517014288,160.944199002926,1.30732248497408,1.12303549097118,1.23237665849909,171.925653846154,1.54239422982635,0.0192307692307692,0.0865384615384615,208
"UGA_CEID-Walk",2025-12-06,1.34325722211119,1.57290279842706,294.636231925167,1.55856817748657,1.10561269830547,1.27783354606555,311.016288461538,1.79715634734597,0,0.0336538461538462,208
"UGA_CEID-Walk",2025-12-13,1.24751494324013,1.4591138723545,420.444232334866,1.66251366154798,1.09030140662913,1.24482419221284,447.084581730769,1.88841593272662,0,0.0288461538461538,208
"UGA_CEID-Walk",2025-12-20,1.25966436682209,1.47427363529456,462.883431655518,1.57087843246463,1.12179103856965,1.29219157969129,499.411086538462,1.79045153503198,0,0.0144230769230769,208
"UGA_CEID-Walk",2025-12-27,1.5780309626504,1.95183087294315,378.817650965719,1.10175053699567,1.41246739052171,1.7631410273437,426.35025,1.29314700989956,0.0528846153846154,0.139423076923077,208
"UGA_CEID-Walk",2026-01-03,1.07310642624185,1.49027062459331,181.487120108696,0.462378578225567,1.06777625818586,1.46813980751277,241.895221153846,0.607778866036124,0.3125,0.533653846153846,208
"UGA_CEID-Walk",2026-01-10,0.547425913234617,0.619335012922463,181.727529481605,0.395218340059671,0.737209094056723,0.793558983040021,300.576955128205,0.61504681436522,0.294871794871795,0.91025641025641,156
"UGA_CEID-Walk",2026-01-17,0.824953084166175,0.880100914108074,133.625346323161,0.379504884989077,0.990252215968839,1.00674514086789,219.804543269231,0.572394479136319,0.466346153846154,0.966346153846154,208
"UGA_CEID-Walk",2026-01-24,1.13943552481686,1.4469091796375,98.6334821425585,0.47902211188334,1.03729638673588,1.0295760891978,140.683331730769,0.498725435978909,0.735576923076923,0.990384615384615,208
"UGA_CEID-Walk",2026-01-31,1.24362850700797,1.57723702014168,93.8740054619565,0.542676001041704,1.03283429046768,1.08472161407441,115.320451923077,0.543501342260071,0.764423076923077,0.947115384615385,208
"UGA_CEID-Walk",2026-02-07,1.32174640751101,1.68691312828298,65.2660648223244,0.385291829847806,1.07453562365787,1.07899416029442,76.8520384615385,0.340054476907888,0.75,0.942307692307692,208
"UGA_CEID-Walk",2026-02-14,1.23235685703149,1.62644085898185,58.8550459448161,0.367528272773599,1.03316631227667,1.16704278300733,71.9400192307692,0.343343658894809,0.764423076923077,0.956730769230769,208
"UGA_CEID-Walk",2026-02-21,1.03347743475535,1.17463973342114,59.4113033549331,0.361283313128599,1.01891128522056,1.12675803350799,86.1493653846154,0.47057911879807,0.528846153846154,0.860576923076923,208
"UGA_CEID-Walk",2026-02-28,0.963286335892164,1.05356192694959,57.2525327027592,0.343420651366066,0.979821923053979,0.987177217315691,89.8734519230769,0.445936164779151,0.456730769230769,0.865384615384615,208
"UGA_CEID-Walk",2026-03-07,0.972303763175574,0.989928805822993,44.9971216847826,0.384850730736051,0.998962114722367,1.00053933837212,74.7086298076923,0.588155754218191,0.509615384615385,0.956730769230769,208
"UGA_CEID-Walk",2026-03-14,0.989657713492223,1.01632648586754,45.530799701087,0.458029894001823,0.978988013392533,0.992100327400169,72.9899903846154,0.687219602481438,0.543269230769231,0.932692307692308,208
"UGA_CEID-Walk",2026-03-21,1.04150522446863,1.02026725020132,44.4109361642977,0.532211519346774,0.977486622834476,0.991349205808392,67.9587067307692,0.811227814484874,0.490384615384615,0.923076923076923,208
"UGA_CEID-Walk",2026-03-28,1.03763724445513,1.0529201592689,35.604482416388,0.615962382324749,1.0362987100581,1.03704708407798,56.4592692307692,0.931680117081659,0.427884615384615,0.884615384615385,208
"UGA_CEID-Walk",2026-04-04,1.04138822545163,1.16422436040437,17.7213785597826,0.500854620759403,1.09409877561012,1.16373614750032,20.2781105769231,0.53887175662548,0.855769230769231,0.990384615384615,208
"UGA_CEID-Walk",2026-04-11,0.9643076425966,1.0901811819288,15.0354814381271,0.511957363128197,1.08529406626173,1.12488189615377,15.6316730769231,0.567611235443083,0.855769230769231,1,208
"UGA_CEID-Walk",2026-04-18,0.894030249092805,1.07630975960902,12.4487453720736,0.52815919870048,1.28824010510443,1.2125122787156,13.1446105769231,0.554087285026256,0.879807692307692,0.975961538461538,208
"UGA_CEID-Walk",2026-04-25,0.79356440397326,0.981618947771548,10.9436214381271,0.51481233884005,1.17733255069125,1.06271061322496,12.6737548076923,0.586393681094942,0.865384615384615,0.980769230769231,208
"UGA_CEID-Walk",2026-05-02,0.534334928327953,0.671381672106985,7.29007846989967,0.34753486408137,1.05734852420764,1.04112623124145,10.9190576923077,0.515710803976089,0.668269230769231,0.971153846153846,208
"UGA_CEID-Walk",2026-05-09,0.477180007552161,0.67701310398077,6.03421450668896,0.346278999990848,1.00411037612199,1.01177254507415,8.36103846153846,0.488199778635174,0.697115384615385,0.956730769230769,208
"UGA_CEID-Walk",2026-05-16,0.416849920334839,0.693007488873958,5.10638148411371,0.366031884429078,0.981301007725904,1.01945432254515,7.42280288461538,0.579440695684047,0.658653846153846,0.956730769230769,208
"UGA_CEID-auto_AVG_LB",2025-11-29,1.02684893443949,0.877295353031046,111.100255854309,0.729274962666159,0.912691014317933,0.810641021482957,141.324989715196,1.01946211694679,0.201923076923077,0.567307692307692,208
"UGA_CEID-auto_AVG_LB",2025-12-06,0.960419420999473,0.841168446943439,214.885027376725,0.850212998563687,0.929030557418629,0.801277793360662,265.09475868175,1.14194786074146,0.197115384615385,0.504807692307692,208
"UGA_CEID-auto_AVG_LB",2025-12-13,0.878730107777306,0.796128656081314,299.459274677508,0.918154732274858,0.924386604383338,0.808252131712954,381.870156352609,1.23564334037273,0.144230769230769,0.418269230769231,208
"UGA_CEID-auto_AVG_LB",2025-12-20,0.791010159671163,0.75312939855419,294.181477799824,0.814500662800997,0.897031369549849,0.824428360836846,401.983898246728,1.15339527807708,0.0721153846153846,0.403846153846154,208
"UGA_CEID-auto_AVG_LB",2025-12-27,0.707878540399211,0.540638520928141,175.948570340668,0.311049423224085,0.846983357471484,0.666936460593063,264.451948841395,0.500065441768402,0.394230769230769,0.923076923076923,208
"UGA_CEID-auto_AVG_LB",2026-01-03,2.0155874189148,1.19572874462159,365.066801316509,0.393519043936937,2.28236847139042,1.40803913954946,548.876831349598,0.615053260736132,0.326923076923077,0.841346153846154,208
"UGA_CEID-auto_AVG_LB",2026-01-10,1.10483889144202,0.942561996189585,328.127689577018,0.516256748163884,1.33014642907482,1.1583431799047,493.895960979632,0.784822142463848,0.197115384615385,0.716346153846154,208
"UGA_CEID-auto_AVG_LB",2026-01-17,0.684009250574141,0.701333079566836,109.474628307583,0.297967974326077,0.765844898410058,0.818700449753482,167.131929806425,0.457809287799605,0.519230769230769,0.908653846153846,208
"UGA_CEID-auto_AVG_LB",2026-01-24,0.951389420340839,0.948237745585702,81.6822786802455,0.3105731249257,0.978551742918315,1.057729917868,127.959574835725,0.495171018809201,0.423076923076923,0.923076923076923,208
"UGA_CEID-auto_AVG_LB",2026-01-31,1.14134505978461,1.1249595163328,86.1173325389422,0.386923936311013,1.17981551095408,1.2285338305043,127.717639342888,0.590494947006722,0.350961538461538,0.870192307692308,208
"UGA_CEID-auto_AVG_LB",2026-02-07,1.16104464135784,1.06487896621856,57.5828080520492,0.24070535908086,1.14854831370865,1.16839192415396,82.0082464436487,0.366455916438541,0.596153846153846,0.951923076923077,208
"UGA_CEID-auto_AVG_LB",2026-02-14,1.03460099080056,0.932882445289669,49.3677263993158,0.208831474796237,0.985999567504524,1.09726809427188,67.6096497656366,0.316908019697403,0.668269230769231,0.975961538461538,208
"UGA_CEID-auto_AVG_LB",2026-02-21,0.869616826644126,0.783172948782633,49.8029122579307,0.238988269527921,0.818134612042966,0.89584766395574,68.7845696421506,0.365682145491029,0.605769230769231,0.956730769230769,208
"UGA_CEID-auto_AVG_LB",2026-02-28,0.828840396256379,0.760987736328019,50.2997238692087,0.249814834883602,0.759791102357622,0.839233872942086,70.7524919760141,0.381178022728155,0.610576923076923,0.956730769230769,208
"UGA_CEID-auto_AVG_LB",2026-03-07,0.795681771980968,0.785463056945583,37.9682420131159,0.311974421896877,0.720245921575542,0.776089078410554,55.2572039145698,0.463735000429325,0.543269230769231,0.884615384615385,208
"UGA_CEID-auto_AVG_LB",2026-03-14,0.763963436359579,0.884694465206011,36.2414411953906,0.407598970463526,0.689079212021087,0.855261953683024,53.1492904237329,0.604429480594655,0.408653846153846,0.8125,208
"UGA_CEID-auto_AVG_LB",2026-03-21,0.702341145140587,0.844100850385118,29.8980234403971,0.446242402512041,0.629014556521142,0.805869074350043,44.0490226195039,0.673356325935005,0.350961538461538,0.75,208
"UGA_CEID-auto_AVG_LB",2026-03-28,0.626444320413905,0.75284135996202,21.3871342591712,0.437925227525593,0.589424993541571,0.730863000982585,32.2164417562966,0.660157392796504,0.302884615384615,0.745192307692308,208
"UGA_CEID-auto_AVG_LB",2026-04-04,0.542840236147694,0.57889472952371,9.70053198250068,0.254787782395671,0.71423444542974,0.821996253816717,14.0771965424941,0.390387334796119,0.495192307692308,0.932692307692308,208
"UGA_CEID-auto_AVG_LB",2026-04-11,0.47639702545977,0.539634338581824,7.56285650053754,0.257432101168597,0.717223663522891,0.771872713050589,10.3101933196591,0.383598662622086,0.5625,0.942307692307692,208
"UGA_CEID-auto_AVG_LB",2026-04-18,0.512186814339468,0.536211749805478,7.05970473490564,0.260524775936068,1.08000472370197,0.893985089401967,10.7321542669471,0.39277223998833,0.519230769230769,0.918269230769231,208
"UGA_CEID-auto_AVG_LB",2026-04-25,0.488455531672228,0.523942011763471,6.42370231553544,0.266395192444094,0.952497403645512,0.786071650514906,9.58828606259292,0.40503083556429,0.495192307692308,0.908653846153846,208
"UGA_CEID-auto_AVG_LB",2026-05-02,0.378181557517332,0.507455698553615,5.17700079741241,0.264093607851112,0.711155026538613,0.779774452022867,7.26595663329906,0.386157618337656,0.543269230769231,0.908653846153846,208
"UGA_CEID-auto_AVG_LB",2026-05-09,0.371336341455637,0.540262195755741,4.80027327556178,0.28386886557186,0.74437614677906,0.825577719376624,6.50751213850262,0.416410423753996,0.5,0.889423076923077,208
"UGA_CEID-auto_AVG_LB",2026-05-16,0.369947516910562,0.598480765855265,4.56033872448745,0.319670026363429,0.808117533811631,0.826609080167375,6.05231520059204,0.463515388659885,0.475961538461538,0.855769230769231,208
"UGA_flucast-Copycat",2025-11-22,0.713068632162727,0.742017025306045,39.9458256688963,0.570617499124922,0.698342567142567,0.688688437588981,62.5480769230769,0.826326932316206,0.211538461538462,0.745192307692308,208
"UGA_flucast-Copycat",2025-11-29,0.728904210718026,0.768144657804644,76.8350585284281,0.625458570603506,0.717273671809248,0.705451866181477,109.75,0.874516775355126,0.259615384615385,0.581730769230769,208
"UGA_flucast-Copycat",2025-12-06,0.58179044021714,0.573395776048233,131.85656354515,0.588904476468084,0.665094261905369,0.572018401857468,192.548076923077,0.827852005435347,0.278846153846154,0.677884615384615,208
"UGA_flucast-Copycat",2025-12-13,0.616812888687598,0.535897945152882,211.245357441472,0.620232558157673,0.75180695807678,0.588294472821302,312.668269230769,0.90340683646829,0.144230769230769,0.543269230769231,208
"UGA_flucast-Copycat",2025-12-20,0.578469702510812,0.518293688744958,217.839483695652,0.567289720491098,0.70205997549192,0.584035659516541,318.283653846154,0.826894686967101,0.149038461538462,0.5625,208
"UGA_flucast-Copycat",2025-12-27,0.635811638254117,0.540752324506979,159.803053929766,0.317491044885232,0.79705459003122,0.651637099981384,252.456730769231,0.498916317394485,0.317307692307692,0.850961538461538,208
"UGA_flucast-Copycat",2026-01-03,1.7941921195559,1.37108408857339,329.966337792642,0.458517814503712,2.10473989583228,1.58948206476964,516.692307692308,0.706753633499396,0.235576923076923,0.759615384615385,208
"UGA_flucast-Copycat",2026-01-10,1.24015104592344,1.07297819445213,365.773712374582,0.582696915879383,1.52756706313174,1.32358502092996,561.783653846154,0.886906352014138,0.0817307692307692,0.596153846153846,208
"UGA_flucast-Copycat",2026-01-17,0.680790617666029,0.724473735062872,107.103762541806,0.304955818388425,0.804542313759385,0.905097124076368,173.379807692308,0.504644981042361,0.370192307692308,0.923076923076923,208
"UGA_flucast-Copycat",2026-01-24,0.953042299641042,1.00801827035612,81.4623244147157,0.330279804918881,0.921659214157558,1.07140850491564,119.581730769231,0.499829203487203,0.418269230769231,0.831730769230769,208
"UGA_flucast-Copycat",2026-01-31,1.00590084479716,0.961243337149157,76.2408507525084,0.331705833205058,1.01826273328081,1.01103842956284,110.836538461538,0.487635096242927,0.379807692307692,0.793269230769231,208
"UGA_flucast-Copycat",2026-02-07,0.97814512305377,0.930339528126066,48.1780058528428,0.210369426580576,1.07682874293687,1.04178356609376,76.4086538461538,0.324601015328377,0.4375,0.9375,208
"UGA_flucast-Copycat",2026-02-14,0.825973255247724,0.779412523118717,39.7783110367893,0.177271788088232,0.902532901111091,0.952367430595427,63.2355769230769,0.280445959593462,0.533653846153846,0.971153846153846,208
"UGA_flucast-Copycat",2026-02-21,0.806833438303988,0.735972771896902,47.0711893812709,0.227925107448655,0.877222889571373,0.888998648985651,75.3509615384615,0.368123453769418,0.370192307692308,0.947115384615385,208
"UGA_flucast-Copycat",2026-02-28,0.654760502074064,0.708681796336895,40.2308131270903,0.235914814527235,0.6838784114257,0.822254038687423,65.4855769230769,0.382912300501682,0.355769230769231,0.9375,208
"UGA_flucast-Copycat",2026-03-07,0.588007639072005,0.768588478667281,27.5170777591973,0.303999396592354,0.584041541224327,0.792038433608447,44.1826923076923,0.472737317133534,0.350961538461538,0.879807692307692,208
"UGA_flucast-Copycat",2026-03-14,0.656691486873069,0.814325643438457,30.724391722408,0.372595088438258,0.632374900469964,0.792877900251831,48.3509615384615,0.558365716527304,0.360576923076923,0.802884615384615,208
"UGA_flucast-Copycat",2026-03-21,0.708131965489386,0.867212408049092,30.4699331103679,0.457866901707477,0.661047111767405,0.807796387812962,46.5769230769231,0.669058173779085,0.278846153846154,0.706730769230769,208
"UGA_flucast-Copycat",2026-03-28,0.650307506323151,0.854356617785624,22.1397826086957,0.494848638713465,0.623853107331911,0.810832510631645,34.0528846153846,0.731356539752207,0.206730769230769,0.697115384615385,208
"UGA_flucast-Copycat",2026-04-04,0.527511858208894,0.656532332263731,9.48975752508361,0.292186175795616,0.698230841377337,0.926508987809809,13.8269230769231,0.445735637994565,0.605769230769231,0.927884615384615,208
"UGA_flucast-Copycat",2026-04-11,0.513853191247594,0.71504037835514,8.19957357859532,0.346336233432367,0.836433545787852,1.0354278980565,12.1875,0.519688801109095,0.504807692307692,0.9375,208
"UGA_flucast-Copycat",2026-04-18,0.566716059931869,0.738593590949262,7.96290551839465,0.367506426564036,1.27705628920503,1.27164555254956,13.0673076923077,0.577385049105037,0.466346153846154,0.9375,208
"UGA_flucast-Copycat",2026-04-25,0.589060879757275,0.814909063988161,7.78427257525084,0.414016643315484,1.21750944076063,1.27306366623258,12.4086538461538,0.656616027655828,0.403846153846154,0.894230769230769,208
"UGA_flucast-Copycat",2026-05-02,0.573916758340947,0.710979941968312,7.88683528428094,0.376093095885265,1.12945032715274,1.1574117436357,11.6490384615385,0.578154058204522,0.538461538461538,0.903846153846154,208
"UGA_flucast-Copycat",2026-05-09,0.524556758434407,0.692718836346727,6.65506897993311,0.354113847966348,1.16833598610488,1.12931310461184,9.87019230769231,0.546655886464674,0.490384615384615,0.9375,208
"UGA_flucast-Copycat",2026-05-16,0.434746962128628,0.727501250627828,5.35411998327759,0.389275951730748,1.10856871178084,1.11794523296984,8.24038461538461,0.627189756996518,0.475961538461538,0.9375,208
"UGA_flucast-Copycat",2026-05-23,0.373073376905791,0.58256133572222,4.44295359531773,0.31646258132667,1.02865037180774,0.956625521391452,6.94711538461539,0.505438655229371,0.591346153846154,0.966346153846154,208
"UGA_flucast-INFLAenza",2025-11-22,0.657870507001206,0.500273087027431,37.7444909176421,0.383385878365593,0.600224603989539,0.493646623066024,55.5192307692308,0.600138345173048,0.336538461538462,0.826923076923077,208
"UGA_flucast-INFLAenza",2025-11-29,0.616041826218198,0.457841473444671,67.4107047867893,0.380430675461569,0.618471701230283,0.466116474526395,97.4831730769231,0.591873521199195,0.360576923076923,0.841346153846154,208
"UGA_flucast-INFLAenza",2025-12-06,0.631639758784469,0.492480797665449,142.431377487458,0.497593480437713,0.704228145595348,0.525031204210287,202.600961538462,0.749625154332099,0.293269230769231,0.716346153846154,208
"UGA_flucast-INFLAenza",2025-12-13,0.648878135737925,0.552544350267782,222.872974320652,0.639910857122441,0.761318372514526,0.610728477376709,315.668269230769,0.93486756071694,0.149038461538462,0.567307692307692,208
"UGA_flucast-INFLAenza",2025-12-20,0.660822284653952,0.610801564989486,245.392757995401,0.658490421316192,0.805243138530026,0.69864518622086,360.435096153846,0.974414585446707,0.0480769230769231,0.509615384615385,208
"UGA_flucast-INFLAenza",2026-01-10,0.313155234135957,0.413578691676941,88.6887654264214,0.218832864300474,0.382285957992672,0.527731592126336,132.651442307692,0.340374413552068,0.591346153846154,0.971153846153846,208
"UGA_flucast-INFLAenza",2026-01-17,0.511850919737271,0.579539833027157,81.3069575459866,0.245710832729171,0.574336514040509,0.68206284202598,124.264423076923,0.381313710884171,0.524038461538462,0.932692307692308,208
"UGA_flucast-INFLAenza",2026-01-24,0.833595773243682,0.800486038767598,72.2087889005017,0.264157042582989,0.881959321763455,0.892829623587745,116.254807692308,0.420549133861839,0.495192307692308,0.918269230769231,208
"UGA_flucast-INFLAenza",2026-01-31,0.929588358142869,0.841563307484687,70.3869724289298,0.28930956563701,1.01810682005527,0.935695242108842,111.153846153846,0.45189278057039,0.418269230769231,0.932692307692308,208
"UGA_flucast-INFLAenza",2026-02-07,0.926185386564518,0.834702686096775,45.4985197115385,0.186948724980822,0.955696965581416,0.898980686292264,68.2644230769231,0.281314093849065,0.649038461538462,0.985576923076923,208
"UGA_flucast-INFLAenza",2026-02-14,0.773872581990973,0.700549771831227,36.7011441994147,0.15630812246269,0.735236199087367,0.759989290340216,50.7860576923077,0.220117144542753,0.778846153846154,0.990384615384615,208
"UGA_flucast-INFLAenza",2026-02-21,0.637568289768699,0.608968889220446,36.4998869983278,0.186530600600385,0.618780110782856,0.670670451423749,52.8509615384615,0.277050873009524,0.653846153846154,0.985576923076923,208
"UGA_flucast-INFLAenza",2026-02-28,0.554727891317207,0.583876228302163,33.2836027905518,0.191133228218834,0.538771127713513,0.648308749954773,49.9975961538462,0.29479777753852,0.634615384615385,0.995192307692308,208
"UGA_flucast-INFLAenza",2026-03-07,0.588882132406294,0.659914903275652,27.2943276651338,0.259039054327064,0.531518358916636,0.665493481231076,39.8629807692308,0.395231300365098,0.5625,0.9375,208
"UGA_flucast-INFLAenza",2026-03-14,0.59105282606616,0.714524045007371,27.2310705476589,0.323212166045448,0.54837665797294,0.721505243679925,41.4495192307692,0.503346306316808,0.456730769230769,0.894230769230769,208
"UGA_flucast-INFLAenza",2026-03-21,0.580309371583304,0.734427767443183,24.2826231605351,0.383340104330863,0.54808639576942,0.728079044589432,37.6610576923077,0.597761576960575,0.360576923076923,0.841346153846154,208
"UGA_flucast-INFLAenza",2026-03-28,0.545698472805238,0.709892902202695,18.4719652173913,0.410779679599372,0.518401300953687,0.711208586464945,28.1778846153846,0.640700932686062,0.302884615384615,0.8125,208
"UGA_flucast-INFLAenza",2026-04-04,0.451246385698401,0.492962847510841,7.81304723035117,0.212991710340022,0.58292446221061,0.684818268886728,11.2259615384615,0.320363094357394,0.6875,0.975961538461538,208
"UGA_flucast-INFLAenza",2026-04-11,0.395705007242483,0.485361367400243,6.1633254180602,0.22800154108567,0.631924157890046,0.700765492214726,8.99038461538461,0.343278979949235,0.692307692307692,0.971153846153846,208
"UGA_flucast-INFLAenza",2026-04-18,0.486469794609038,0.529031399497137,6.72475232023411,0.257018538691234,1.12335462229744,0.910741394537237,11.3100961538462,0.403187899726212,0.557692307692308,0.956730769230769,208
"UGA_flucast-INFLAenza",2026-04-25,0.518255003957316,0.564437938050431,6.93758825250836,0.291721303330787,1.12304726184212,0.889676438393938,11.5384615384615,0.466386266754994,0.461538461538462,0.951923076923077,208
"UGA_flucast-INFLAenza",2026-05-02,0.46156916372865,0.532746887236922,6.32655838210702,0.27372269911769,0.952487895314109,0.869345502835902,9.78365384615385,0.427620311903812,0.528846153846154,0.956730769230769,208
"UGA_flucast-INFLAenza",2026-05-09,0.371685870410157,0.50485466718345,4.81801351379599,0.261749500896726,0.922374585517441,0.832887254121334,8.08173076923077,0.417592578005376,0.572115384615385,0.975961538461538,208
"UGA_flucast-INFLAenza",2026-05-16,0.359359609313972,0.498199832005372,4.38755609322742,0.262837122699259,0.956750910175106,0.730813723306413,7.14182692307692,0.408346411563542,0.649038461538462,0.966346153846154,208
"UGA_flucast-INFLAenza",2026-05-23,0.382609577331041,0.521463398937052,4.53315685618729,0.277441224329458,1.12569885132489,0.87934546064839,7.46634615384615,0.452203183834236,0.543269230769231,0.990384615384615,208
"UGA_flucast-Scenariocast",2025-11-29,0.550253528652768,0.508493865705136,59.8505330267559,0.429895511675653,0.568372127977179,0.497913053667881,90.2644230769231,0.648404271293344,0.379807692307692,0.826923076923077,208
"UGA_flucast-Scenariocast",2025-12-06,0.520125246786125,0.48417781974099,116.303112458194,0.4883265170912,0.605061167343052,0.504287833630495,173.519230769231,0.721719859488654,0.350961538461538,0.798076923076923,208
"UGA_flucast-Scenariocast",2025-12-13,0.478816602455571,0.401649384840431,164.494195234114,0.465472601495827,0.611542380962077,0.461944577826641,254.346153846154,0.709312691093704,0.269230769230769,0.778846153846154,208
"UGA_flucast-Scenariocast",2025-12-20,0.476629271455483,0.411409488844889,177.147600334448,0.442547248644999,0.593585645052662,0.473446232810979,265.985576923077,0.660590675949343,0.206730769230769,0.701923076923077,208
"UGA_flucast-Scenariocast",2025-12-27,0.585714769144402,0.477725351154981,143.976551003344,0.274407231425931,0.685234701917472,0.557331839060288,212.331730769231,0.418687896885465,0.466346153846154,0.889423076923077,208
"UGA_flucast-Scenariocast",2026-01-03,1.18535422417647,1.09895532409689,214.572056856187,0.364612730376492,1.43958587258681,1.40525647348991,355.730769230769,0.633397617363256,0.346153846153846,0.932692307692308,208
"UGA_flucast-Scenariocast",2026-01-10,0.846224004349461,0.853444021910176,243.723589046823,0.457992923178799,1.12989833136605,1.20409848845406,409.0625,0.803117806747466,0.201923076923077,0.884615384615385,208
"UGA_flucast-Scenariocast",2026-01-17,0.757024967603374,0.717144989297218,120.677677675585,0.304132719492768,0.786504046944286,0.85336167539835,173.644230769231,0.486168341308229,0.557692307692308,0.985576923076923,208
"UGA_flucast-Scenariocast",2026-01-24,0.889297932921766,0.967745789970114,76.7218331939799,0.320070972836167,0.883600835689176,1.037934331565,116.004807692308,0.488933886449805,0.591346153846154,0.932692307692308,208
"UGA_flucast-Scenariocast",2026-01-31,0.989708041857147,1.05154352866811,74.6674142976589,0.361690820955069,1.10319863992933,1.17761908680662,120.408653846154,0.570602065438712,0.514423076923077,0.918269230769231,208
"UGA_flucast-Scenariocast",2026-02-07,1.20814039015785,1.31938523692084,59.5951902173913,0.29996280274262,1.47977566455325,1.58831791199745,105.427884615385,0.499773575680819,0.490384615384615,0.961538461538462,208
"UGA_flucast-Scenariocast",2026-02-14,1.05944869125165,1.20874155918012,50.5158444816053,0.274484406760486,1.2104669449769,1.54363771220454,84.625,0.457415136565843,0.504807692307692,0.966346153846154,208
"UGA_flucast-Scenariocast",2026-02-21,0.719103961351605,0.954024050806125,41.5921112040134,0.29930677906076,0.650084083075073,1.09504878009793,57.6153846153846,0.477990101369933,0.442307692307692,0.947115384615385,208
"UGA_flucast-Scenariocast",2026-02-28,0.467166117367524,0.697224373790758,28.2992433110368,0.233618770213401,0.439789404850113,0.808520761941416,41.4567307692308,0.378467229190124,0.538461538461538,0.975961538461538,208
"UGA_flucast-Scenariocast",2026-03-07,0.439472749543955,0.650919713207033,20.4492767558528,0.256671915353882,0.393449159191591,0.641689264875711,29.8365384615385,0.385583626284193,0.576923076923077,0.932692307692308,208
"UGA_flucast-Scenariocast",2026-03-14,0.387578025159306,0.562322412363733,17.7615510033445,0.25288369866855,0.350479456252485,0.567248192599288,26.4423076923077,0.399130561425973,0.533653846153846,0.956730769230769,208
"UGA_flucast-Scenariocast",2026-03-21,0.417161180049314,0.621800421427876,17.375637541806,0.324126845047499,0.366465348344059,0.606211516213884,25.0048076923077,0.500719200939194,0.418269230769231,0.913461538461538,208
"UGA_flucast-Scenariocast",2026-03-28,0.431957118310957,0.674679204684023,14.7358925585284,0.395169708483377,0.377573229413063,0.652631932649633,20.6490384615385,0.597636925120317,0.346153846153846,0.850961538461538,208
"UGA_flucast-Scenariocast",2026-04-04,0.463146626692128,0.59805612777153,8.28715719063545,0.268074352389967,0.617654880706582,0.837053941808221,12.2692307692308,0.404936457041203,0.615384615384615,0.932692307692308,208
"UGA_flucast-Scenariocast",2026-04-11,0.449261077512585,0.657986994418459,7.08969690635451,0.31641505470882,0.76277607211265,0.968686178960251,10.9615384615385,0.48134899357084,0.552884615384615,0.951923076923077,208
"UGA_flucast-Scenariocast",2026-04-18,0.521979147355968,0.667574654934038,7.26977424749164,0.329357488438195,1.20588590334485,1.15004335710612,12.2307692307692,0.516811366504264,0.427884615384615,0.918269230769231,208
"UGA_flucast-Scenariocast",2026-04-25,0.561211514612179,0.755297130471585,7.37524456521739,0.384333094047961,1.20014206178373,1.18755767825961,12.2211538461538,0.614415792090111,0.346153846153846,0.875,208
"UGA_flucast-Scenariocast",2026-05-09,0.368521242761231,0.562305836659487,4.70960493311037,0.290965681823536,0.787713633486505,0.904074240182357,6.89903846153846,0.456632530828447,0.538461538461538,0.947115384615385,208
"UGA_flucast-Scenariocast",2026-05-16,0.369421930938497,0.668165882124459,4.53247909698997,0.356052417176096,0.87886690578364,1.02275786741434,6.55769230769231,0.573100736519197,0.466346153846154,0.927884615384615,208
"UGA_flucast-Scenariocast",2026-05-23,0.335916651410519,0.547005630377847,4.00965091973244,0.297550743249264,0.906957558544569,0.903661459053304,6.20192307692308,0.484314666097896,0.519230769230769,0.975961538461538,208
"UGuelph-CompositeCurve",2025-12-06,1.36128887209044,1.6098980291038,298.500844481605,1.58651014386124,1.13232580457696,1.35080144993982,317.778846153846,1.88723302326918,0.0432692307692308,0.120192307692308,208
"UGuelph-CompositeCurve",2025-12-13,1.38574892937016,1.82574076666065,464.939251672241,2.0525646950902,1.1894230585848,1.57953841151977,485.355769230769,2.36574206927359,0,0.0192307692307692,208
"UGuelph-CompositeCurve",2026-01-10,2.40505075756905,1.87587228105591,706.512844899666,1.01762019559839,2.4543657992965,1.85033907695302,886.673076923077,1.22216354782099,0.0336538461538462,0.120192307692308,208
"UGuelph-CompositeCurve",2026-01-24,1.1322002800142,1.28908260377569,100.419880852843,0.437810557550533,0.919800203986819,1.13461146935058,124.490384615385,0.553052109349591,0.0528846153846154,0.509615384615385,208
"UI_CompEpi-EpiGen",2025-12-06,0.999247025327515,0.76993258116989,224.270513640239,0.768094937545153,0.858053702099733,0.666118525698078,245.700980392157,0.94007358842869,0.17156862745098,0.392156862745098,204
"UI_CompEpi-EpiGen",2025-12-13,1.02296473001236,0.834116182006243,348.790127877238,0.954331069022383,0.901479889254854,0.735797029450402,373.024509803922,1.11783346939055,0.0637254901960784,0.196078431372549,204
"UI_CompEpi-EpiGen",2025-12-20,0.851601139799391,0.605996281117702,316.391982097187,0.64722827831225,0.762848168628057,0.541125839251794,342.656862745098,0.750729543705149,0.0441176470588235,0.147058823529412,204
"UI_CompEpi-EpiGen",2025-12-27,0.835130834034719,0.662527151405962,201.798708439898,0.371511188902338,0.767554167202332,0.60652568323793,233.612745098039,0.443022107978157,0.0735294117647059,0.254901960784314,204
"UI_CompEpi-EpiGen",2026-01-03,1.3776015027103,1.24879171852596,251.618927962489,0.415452910316978,1.22523576012086,1.10277915711604,296.838235294118,0.485726207256255,0.112745098039216,0.264705882352941,204
"UI_CompEpi-EpiGen",2026-01-10,1.02794748784281,0.975000853208282,308.424838022165,0.535424693784208,0.973866336706532,0.924992447151877,359.514705882353,0.618940598739917,0.0833333333333333,0.284313725490196,204
"UI_CompEpi-EpiGen",2026-01-17,1.16995578911952,1.10895298137821,190.017608695652,0.476420852417423,1.05608633221916,1.00894059061408,235.642156862745,0.574167871689465,0.0931372549019608,0.348039215686274,204
"UI_CompEpi-EpiGen",2026-01-24,1.34029205327902,1.19202001318062,119.931555839727,0.401178368804773,1.14532373674739,1.07014990552462,155.764705882353,0.513268467226075,0.156862745098039,0.495098039215686,204
"UI_CompEpi-EpiGen",2026-01-31,1.3489997205925,1.11797443370481,103.889194373402,0.389728257332407,1.22624334278602,1.10478442281624,136.78431372549,0.544343084144397,0.196078431372549,0.647058823529412,204
"UI_CompEpi-EpiGen",2026-02-14,1.35336477988564,1.46598964872839,63.5256074168798,0.321192937435369,1.28994900265278,1.60114978225731,88.2058823529412,0.457475251246903,0.294117647058824,0.813725490196078,204
"UI_CompEpi-EpiGen",2026-02-21,0.674933130891287,0.991680766062687,38.2438874680307,0.305988522371788,0.67831648928746,1.05054572269256,56.4509803921569,0.433821296194941,0.426470588235294,0.901960784313726,204
"UI_CompEpi-EpiGen",2026-02-28,0.657829551129316,1.01427552433106,38.3611061381074,0.325579697721549,0.667501117826123,1.02008002640466,59.5490196078431,0.451807694095968,0.392156862745098,0.916666666666667,204
"UI_CompEpi-EpiGen",2026-03-07,0.605572998306732,0.883456236719183,28.0970439045183,0.348285653474164,0.595961257455373,0.83268567930114,44.4117647058824,0.490913828209522,0.549019607843137,0.96078431372549,204
"UI_CompEpi-EpiGen",2026-03-14,0.761491440817638,0.863135401924063,34.586332054561,0.380382888968747,0.66528611032229,0.826388137408614,49.078431372549,0.564618618966767,0.475490196078431,0.862745098039216,204
"UI_CompEpi-EpiGen",2026-03-21,0.686550826277179,0.962220955850377,27.7543329070759,0.48963896084408,0.650296221925105,0.826566725058107,42.6960784313725,0.658902656953617,0.661764705882353,0.970588235294118,204
"UI_CompEpi-EpiGen",2026-03-28,0.581136292105726,0.833991443975068,19.6076982097187,0.490844845319932,0.576150943386565,0.76451910437879,31.1127450980392,0.694378519762664,0.651960784313726,0.96078431372549,204
"UI_CompEpi-EpiGen",2026-04-04,0.836661233831287,1.27895880006175,13.7771376811594,0.533124348310863,1.13579867706076,1.54838533394676,20.4901960784314,0.685173348783435,0.887254901960784,1,204
"UI_CompEpi-EpiGen",2026-04-11,0.722545381399197,0.924252660924347,10.8984867860188,0.432339433245726,1.20157966761043,1.12363375573669,16.5294117647059,0.544255969356767,0.764705882352941,0.985294117647059,204
"UI_CompEpi-EpiGen",2026-04-18,0.841095019984561,1.10441834910467,11.3808439897698,0.538652175201133,1.38023556353908,1.209909034262,13.8921568627451,0.545777662195238,0.936274509803922,1,204
"UI_CompEpi-EpiGen",2026-04-25,0.820535581805802,1.04720620591328,10.9673401534527,0.550960783400747,1.18931699424214,1.11616683129279,12.421568627451,0.61499053173703,0.916666666666667,0.990196078431373,204
"UI_CompEpi-EpiGen",2026-05-23,0.633389292675032,0.871079147651018,7.12338235294118,0.461793410267286,1.707387397334,1.35567859844076,10.9754901960784,0.707352036226251,0.696078431372549,0.985294117647059,204
"UM-DeepOutbreak",2025-11-22,0.933015234205434,0.597325819946388,54.49815963631,0.469036940415367,0.651983587826855,0.460081140752251,60.3190460425944,0.566313415394209,0.139423076923077,0.379807692307692,208
"UM-DeepOutbreak",2025-11-29,0.824800616506182,0.555597110321893,90.7136523438162,0.468877561934097,0.611800711510733,0.42209976337671,96.2237612701406,0.537910963245748,0.0913461538461538,0.288461538461538,208
"UM-DeepOutbreak",2025-12-06,0.753219380312844,0.581399901112193,169.186451515136,0.5858088116405,0.619394885301429,0.460927445462576,177.555173650283,0.655947604800479,0.105769230769231,0.245192307692308,208
"UM-DeepOutbreak",2025-12-13,0.578130890880818,0.528661636303174,197.529426676298,0.600678497164734,0.654602253532916,0.524908675576602,269.662730117868,0.796805106242659,0.105769230769231,0.653846153846154,208
"UM-DeepOutbreak",2025-12-20,0.571470477709665,0.50239055659449,213.653036231766,0.54053793155815,0.638516350169753,0.518901440800697,288.734688318379,0.728686979800038,0.0865384615384615,0.605769230769231,208
"UM-DeepOutbreak",2025-12-27,0.719496123255241,0.577729965222348,177.679113631532,0.335196377917169,0.818504929473066,0.612658555444107,252.602480601142,0.4596133129138,0.129807692307692,0.716346153846154,208
"UM-DeepOutbreak",2026-01-03,2.17625211440663,1.81748884342125,384.09429077909,0.594930361177356,2.14345645973993,1.72970364173495,502.314730166602,0.750503702446936,0.0769230769230769,0.4375,208
"UM-DeepOutbreak",2026-01-10,0.826475759680181,0.927279958452584,236.923078145858,0.496444240356954,0.94704120158256,1.03262220456164,334.946998375087,0.676482325343967,0.0961538461538462,0.697115384615385,208
"UM-DeepOutbreak",2026-01-17,0.632699400165341,1.35987759627838,99.7130692235217,0.572259826734574,0.742634583361261,1.34251060193585,160.845957210852,0.74946707938448,0.274038461538462,0.995192307692308,208
"UM-DeepOutbreak",2026-01-24,1.31837509708071,2.21402495220955,111.945046949876,0.719975704779096,1.39132617325564,2.05838515312684,180.262221466745,0.960376241189392,0.264423076923077,0.966346153846154,208
"UM-DeepOutbreak",2026-01-31,1.4688507241549,2.08857515870434,109.502154563564,0.708803094641561,1.57861780148065,1.82923867070354,170.996250931286,0.880259645749173,0.341346153846154,0.971153846153846,208
"UM-DeepOutbreak",2026-02-07,1.6729202503432,2.15601609577034,82.7526682496355,0.489521862410927,1.53613091699713,1.72190744804874,110.445499598521,0.546809730173866,0.557692307692308,0.966346153846154,208
"UM-DeepOutbreak",2026-02-21,1.14841180573068,1.28598285570736,65.7954776928892,0.393331143701859,1.06546460387046,0.955376335794952,89.5605846107524,0.388919909759839,0.658653846153846,1,208
"UM-DeepOutbreak",2026-02-28,1.01594009073525,1.2111046906119,61.5967342058696,0.399371729138771,0.950484489875532,1.01382745537072,88.1204177953566,0.460511211952413,0.644230769230769,1,208
"UM-DeepOutbreak",2026-03-07,0.8724478609902,1.07609857366109,41.1869722709439,0.422899921684713,0.665399184138836,0.802840618552114,50.8213124877305,0.480661359910565,0.75,1,208
"UM-DeepOutbreak",2026-03-14,1.10880521345317,1.4172278129039,51.5714495041679,0.631952455488303,0.470149422557441,0.650545635627593,35.6959777317476,0.454356381203088,0.956730769230769,1,208
"UM-DeepOutbreak",2026-03-21,0.976468150572651,1.15767247004793,40.8326408976552,0.593095447229363,0.538126981831172,0.664861913570249,38.174260095649,0.544509684465241,0.927884615384615,1,208
"UM-DeepOutbreak",2026-03-28,1.0483236319668,1.13167225372637,35.7812754108781,0.648875369378955,0.493755939690062,0.687396908463742,28.9778877249673,0.650542957378656,0.918269230769231,1,208
"UM-DeepOutbreak",2026-04-04,1.77373516653699,1.58195701727295,30.0611747835802,0.674536075611723,0.866610326206603,0.902067252365261,16.6692253497496,0.418084647675878,0.980769230769231,1,208
"UM-DeepOutbreak",2026-04-11,1.92035677700696,1.52916129693437,29.0703336360759,0.701434890616919,0.969244428337339,0.915036027862473,13.7443848319526,0.450142983381519,0.980769230769231,1,208
"UM-DeepOutbreak",2026-04-18,1.96619322647432,1.49296433755795,26.5649565873922,0.713797864956815,1.33883466902609,1.14550984683866,13.2896315721089,0.50903865088015,0.956730769230769,1,208
"UM-DeepOutbreak",2026-04-25,1.80946815808964,1.33317709563567,24.1671701576157,0.689177491250769,1.2826047101847,1.01454980397501,13.1153213638524,0.538356071803378,0.927884615384615,1,208
"UM-DeepOutbreak",2026-05-09,1.5691749178328,1.17653895614299,19.7978998714059,0.589040268840924,1.56922835528273,1.33015950479185,13.3996774249398,0.658004225564192,0.923076923076923,1,208
"UM-DeepOutbreak",2026-05-16,1.4760534590145,1.0924972765228,17.7435226650474,0.571490655527362,1.69209271142058,1.24608668252268,12.538892828413,0.6918283681149,0.947115384615385,1,208
"UM-DeepOutbreak",2026-05-23,0.714125844409297,0.867722998392109,8.3374788248355,0.462311612419134,1.21011433349522,1.14322577757565,8.09274969256052,0.604917441328035,0.879807692307692,1,208
"UMass-AR2",2025-11-22,0.864994484384117,0.777205049531977,49.2534192419892,0.591403389561312,0.852739773397585,0.777986913357384,76.9520061826973,0.932182540744907,0.225961538461538,0.831730769230769,208
"UMass-AR2",2025-11-29,0.929246895712906,0.845918981673726,100.221975488084,0.694252935020178,0.890921171455618,0.836663285634958,136.89468726068,1.04098071719019,0.158653846153846,0.649038461538462,208
"UMass-AR2",2025-12-06,0.93915637330009,0.889597645847204,210.782122426311,0.891990087011831,0.9217818381565,0.879576716454299,262.567848971146,1.24480913979008,0.0865384615384615,0.451923076923077,208
"UMass-AR2",2025-12-13,0.93570309152564,0.929654970608876,317.919010453799,1.06700027975868,0.935565472817333,0.930089682210644,385.14305804584,1.41631564112121,0.0336538461538462,0.240384615384615,208
"UMass-AR2",2025-12-20,0.921512452722546,0.928250700745198,342.901135668528,1.00394003027513,0.944019740324885,0.950930445821952,423.372344642374,1.33274263852317,0,0.144230769230769,208
"UMass-AR2",2025-12-27,0.737530234821342,0.774108098372995,178.379994228,0.441027058216443,0.837581277796623,0.865692978500229,253.898824228083,0.639587206504398,0.1875,0.576923076923077,208
"UMass-AR2",2026-01-03,1.17851504782721,0.931293223950951,216.840728121498,0.30990916852757,1.31653622164852,1.05321934962452,325.602174828648,0.470652256463459,0.317307692307692,0.778846153846154,208
"UMass-AR2",2026-01-10,0.632930159328627,0.668383102700591,186.028392454784,0.363641340138916,0.757837209468698,0.806596129629174,276.568287395331,0.539604987539012,0.3125,0.706730769230769,208
"UMass-AR2",2026-01-17,1.34874159338283,1.10055107926215,209.709689686603,0.430485232589169,1.43788108683737,1.20962790385245,311.570883072622,0.636771706913689,0.307692307692308,0.705128205128205,156
"UMass-AR2",2026-01-24,1.22063837365947,1.32979272345938,103.025288323456,0.431066257038119,1.16646773236211,1.4225674234882,150.947120166006,0.663999112655874,0.293269230769231,0.75,208
"UMass-AR2",2026-01-31,1.24379276567363,1.38507987982788,93.7131385671405,0.48288677848951,1.24253466712568,1.43499181322041,134.952442734298,0.699964479712152,0.288461538461538,0.793269230769231,208
"UMass-AR2",2026-02-07,1.1089440635051,1.03475902377166,54.395651521221,0.233824196692296,1.1170124107428,1.09170593429406,79.7484165674951,0.343423631435937,0.5625,0.923076923076923,208
"UMass-AR2",2026-02-14,1.01234012698358,0.992721700170775,48.0512970387791,0.221676383820166,1.07947115377187,1.1247673452205,74.1754058430454,0.323230147023653,0.548076923076923,0.951923076923077,208
"UMass-AR2",2026-02-21,0.781339908890171,0.938057029715852,45.7437940179021,0.299314632317001,0.807524528980995,0.996521252566688,69.593316709414,0.423422143433738,0.557692307692308,0.951923076923077,208
"UMass-AR2",2026-02-28,0.618487785459715,0.678191173671868,36.8093675581854,0.219341975016976,0.653864725126161,0.77039678621447,59.7240789630767,0.34434866639291,0.557692307692308,0.995192307692308,208
"UMass-AR2",2026-03-07,0.550130040301825,0.710388625261415,26.0643809024256,0.281863492219918,0.493520394977138,0.723011222188378,37.9734718665165,0.43586157142046,0.625,0.971153846153846,208
"UMass-AR2",2026-03-14,0.676637597593093,0.78476608359319,31.9381340332,0.356776760344256,0.65821872576467,0.816931108547039,50.9617728644577,0.577528095621469,0.480769230769231,0.966346153846154,208
"UMass-AR2",2026-03-21,0.684983730844326,0.799284413819311,29.6647571306861,0.421457484251007,0.654438960983643,0.811796563463136,46.552065319555,0.67412380791718,0.447115384615385,0.927884615384615,208
"UMass-AR2",2026-03-28,0.627879844759761,0.811321466777319,21.592880263707,0.474575670235414,0.616812115475222,0.835527995104848,33.9302936887366,0.755862782595497,0.375,0.923076923076923,208
"UMass-AR2",2026-04-04,0.799880082241599,1.0188323805225,13.9692060600503,0.438070353347117,1.05765576886423,1.35344713125173,20.1348381830609,0.629574583279401,0.644230769230769,0.975961538461538,208
"UMass-AR2",2026-04-11,0.768514768849781,0.791553321792994,12.1269821969868,0.37434024892841,1.11769131417961,1.05696360287514,16.2268621685158,0.527687782658961,0.706730769230769,0.975961538461538,208
"UMass-AR2",2026-04-18,0.734310988906703,0.783217143696007,10.0713202575445,0.381395940276785,1.3215508521145,1.17907406981877,13.1217183602557,0.524746423011728,0.730769230769231,0.980769230769231,208
"UMass-AR2",2026-04-25,0.79200642087562,0.814187430411623,10.803860864624,0.420114909914455,1.37607631092093,1.09094253868509,14.3707613995384,0.573400720756492,0.6875,0.971153846153846,208
"UMass-AR2",2026-05-02,0.956913214974691,0.85378789174801,12.550778294828,0.428676404103843,1.86346592588861,1.3346563339117,18.2389124451223,0.629252834069194,0.697115384615385,0.985576923076923,208
"UMass-AR2",2026-05-09,0.739853388921244,0.807350588313892,9.25360827137167,0.406681587763448,1.47801436011461,1.27044347501723,12.3582804015345,0.611203317615845,0.764423076923077,0.985576923076923,208
"UMass-AR2",2026-05-16,0.741347219403315,0.860102376676545,9.07209515792679,0.449394711150038,1.60760873842416,1.28819057059668,12.0881419994979,0.718893022030907,0.716346153846154,0.995192307692308,208
"UMass-AR2",2026-05-23,0.707613486417044,0.850887905750626,8.24726575485762,0.451797585772221,1.58242668370389,1.36135682571447,10.5215765217652,0.714264358588303,0.778846153846154,1,208
"UMass-flusion",2025-11-22,0.669301845491662,0.504414613419077,38.6354281460381,0.387884219858181,0.620677917846796,0.502799162051407,57.7846052462785,0.615644161870935,0.331730769230769,0.875,208
"UMass-flusion",2025-11-29,0.681181268067092,0.512193924896079,74.3532056774396,0.4234923394117,0.656775113567131,0.519575100414653,102.416048239045,0.652892388354938,0.278846153846154,0.783653846153846,208
"UMass-flusion",2025-12-06,0.639410005952674,0.482225368112555,143.854613487254,0.483384084605013,0.667272321845173,0.495115772369988,191.789275547414,0.70343023255238,0.264423076923077,0.644230769230769,208
"UMass-flusion",2025-12-13,0.62508630265948,0.472339498995645,214.63724926097,0.544831538140942,0.683124942773228,0.500841632645432,284.012449970646,0.76793789690452,0.158653846153846,0.447115384615385,208
"UMass-flusion",2025-12-20,0.381614932541821,0.276446743759493,142.683093446124,0.299528633551769,0.429962718167439,0.288742878571973,198.392934165658,0.413611701511127,0.317307692307692,0.644230769230769,208
"UMass-flusion",2025-12-27,0.531161097775181,0.41550021922965,131.239877117944,0.241138871549743,0.651910156979492,0.484178729674283,202.795946884158,0.365979254471709,0.326923076923077,0.788461538461538,208
"UMass-flusion",2026-01-03,0.883875480631182,0.909352884141022,160.086090537135,0.303465156292966,1.02586660565656,1.02514665892691,247.271708125173,0.454145401832199,0.293269230769231,0.802884615384615,208
"UMass-flusion",2026-01-10,0.693846165495558,0.7720601998209,200.914292847568,0.418176972099789,0.882080522204575,0.958265079375637,314.110279420924,0.630970919459109,0.144230769230769,0.625,208
"UMass-flusion",2026-01-24,0.75168779730879,0.724476145822554,64.6739002572803,0.236159122550981,0.821711127610011,0.815992784054906,106.916135570759,0.377575565387922,0.543269230769231,0.942307692307692,208
"UMass-flusion",2026-01-31,1.12669937872212,1.04835526294785,84.700752614015,0.360250398952438,1.11324445170747,1.11770832905811,120.504733494144,0.53759120863033,0.317307692307692,0.740384615384615,208
"UMass-flusion",2026-02-07,1.28193734536505,1.11037752572822,63.2312397397338,0.250371904700827,1.31406572372261,1.24783816291396,94.0011304465651,0.390340619554824,0.278846153846154,0.850961538461538,208
"UMass-flusion",2026-02-14,0.991701394979347,0.910924879782199,47.6773316072777,0.206806341451967,1.00794002541566,1.09757103228305,71.1748232262383,0.326258547399097,0.384615384615385,0.932692307692308,208
"UMass-flusion",2026-02-21,0.636661413632332,0.778459181756854,37.1762529973873,0.245556267279456,0.650015000160415,0.90071643231127,56.0877718423382,0.380873341243383,0.298076923076923,0.908653846153846,208
"UMass-flusion",2026-02-28,0.49000673562717,0.595642615674348,29.6294949703872,0.196947096514279,0.496977686685295,0.670671825655564,46.5737297072842,0.309441469375052,0.322115384615385,0.9375,208
"UMass-flusion",2026-03-07,0.455286603314441,0.626159172140395,21.3031997577662,0.248124280923681,0.403283976483265,0.603848687047853,30.5076197833055,0.361885027492388,0.403846153846154,0.831730769230769,208
"UMass-flusion",2026-03-14,0.445034036940578,0.652788050709408,20.6788876808842,0.297321157723999,0.38170702822076,0.593962953055237,28.9938521064094,0.417112757408928,0.326923076923077,0.754807692307692,208
"UMass-flusion",2026-03-21,0.439641838513634,0.643462824751823,18.3969165956963,0.336405621773236,0.366041806431408,0.570225130547501,24.894446438567,0.465032408419171,0.254807692307692,0.692307692307692,208
"UMass-flusion",2026-03-28,0.390915175455958,0.632274172501498,13.6346187977553,0.375697587274637,0.348981410108525,0.589682881314737,19.5450912927505,0.544991835905387,0.225961538461538,0.716346153846154,208
"UMass-flusion",2026-04-04,0.471743215362204,0.589389834217733,8.41316138849492,0.259476485060522,0.647571324431806,0.809203436653918,12.6334422980031,0.384074834406433,0.475961538461538,0.918269230769231,208
"UMass-flusion",2026-04-11,0.39777197650112,0.564663839495518,6.1993873341757,0.267122378823461,0.691913593427027,0.838905512235895,9.84309059474925,0.413956531447042,0.524038461538462,0.956730769230769,208
"UMass-flusion",2026-04-18,0.565719298930184,0.727660564403921,7.78544043767962,0.354560318612012,1.1980287156178,1.21957657431992,12.0044537607502,0.543424399616316,0.360576923076923,0.894230769230769,208
"UMass-flusion",2026-04-25,0.506639180997998,0.630960887652089,6.69688579239645,0.324673386026944,1.00805267457125,0.96624656025912,10.279563332815,0.507457054400964,0.326923076923077,0.879807692307692,208
"UMass-flusion",2026-05-02,0.412359945228547,0.555650383906694,5.67804544970889,0.288343703112449,0.801077433943023,0.891869974751943,8.27421556401748,0.445542067151691,0.480769230769231,0.932692307692308,208
"UMass-flusion",2026-05-09,0.286501443891761,0.506116549002103,3.72298308394263,0.265576154142797,0.620556458556505,0.783217946755745,5.60428807676281,0.410042718706213,0.495192307692308,0.971153846153846,208
"UMass-flusion",2026-05-16,0.290045667776774,0.550877056418417,3.52124997342216,0.290208653371399,0.687598309487819,0.774697921887061,5.10132544908206,0.433702726947398,0.519230769230769,0.923076923076923,208
"UMass-flusion",2026-05-23,0.311870265047141,0.526927022762444,3.75791784709201,0.288592241374119,0.831133774846039,0.854540652827777,5.74115098665756,0.463070755938549,0.403846153846154,0.951923076923077,208
"UMass-trends_ensemble",2025-11-22,1.32163237540344,1.15043972064188,74.8629431438127,0.879992350426046,0.934013083282464,0.92386345860575,84.3413461538462,1.11324962868568,0.0625,0.168269230769231,208
"UMass-trends_ensemble",2025-11-29,1.18716245411619,1.11376046760884,126.288268185619,0.907608640898975,0.926963930763405,0.901970554754359,142.105769230769,1.12400551654287,0.0913461538461538,0.197115384615385,208
"UMass-trends_ensemble",2025-12-06,1.09006115189273,1.03969229575699,241.080637541806,1.03099340243524,0.93508308010493,0.892602690538695,264.75,1.25671512050519,0.0432692307692308,0.168269230769231,208
"UMass-trends_ensemble",2025-12-13,1.03553759814562,1.00302204157226,349.53552048495,1.14222411143697,0.933092390262795,0.889034318310736,383.221153846154,1.34842224336224,0.0240384615384615,0.0961538461538462,208
"UMass-trends_ensemble",2025-12-20,0.977513623628946,0.946099713739792,358.99266722408,1.00833903021664,0.911395887870673,0.868289258301061,405.473557692308,1.20307957255224,0.0240384615384615,0.0769230769230769,208
"UMass-trends_ensemble",2025-12-27,0.881332029729627,0.829615803854083,211.526954431438,0.467926359717091,0.917748354860212,0.852180394295681,276.944711538462,0.623830032753902,0.153846153846154,0.403846153846154,208
"UMass-trends_ensemble",2026-01-03,1.37317654329361,1.22817540241493,258.249725125418,0.418287195799657,1.4164892553637,1.23831647801797,352.521634615385,0.556941773988559,0.274038461538462,0.552884615384615,208
"UMass-trends_ensemble",2026-01-10,1.39556778477721,1.25738244457804,420.608675794314,0.698263066829617,1.46810994039407,1.28056341177643,545.341346153846,0.865482071002246,0.0913461538461538,0.264423076923077,208
"UMass-trends_ensemble",2026-01-17,1.05338143557021,0.956281673888135,175.215140050167,0.419939309954565,1.24734681256088,1.15178666366704,287.764423076923,0.675534548848046,0.375,0.889423076923077,208
"UMass-trends_ensemble",2026-01-24,1.05613288880368,1.27273559805981,91.1451285535117,0.418375712859753,0.972068037524589,1.00474115432167,127.771634615385,0.46934748142723,0.721153846153846,0.927884615384615,208
"UMass-trends_ensemble",2026-01-31,1.23689720694396,1.60234443296908,93.2086099498328,0.551550766659106,1.13714148077005,1.2288539087362,124.132211538462,0.596765681547341,0.485576923076923,0.798076923076923,208
"UMass-trends_ensemble",2026-02-07,1.19228117502067,1.54340037679564,58.8767746655518,0.352425614162874,1.09660495195161,1.12012609133917,78.6081730769231,0.35327226396275,0.490384615384615,0.822115384615385,208
"UMass-trends_ensemble",2026-02-14,1.21663800244423,1.29327323333716,57.3928010033445,0.289395737461074,1.18584545379022,1.16332683231167,81.7884615384615,0.338518586415951,0.466346153846154,0.788461538461538,208
"UMass-trends_ensemble",2026-02-21,1.20787170657667,1.19531340085923,69.8560148411371,0.368238662502383,1.14411724633906,1.19606384904931,97.2331730769231,0.497180876730816,0.307692307692308,0.629807692307692,208
"UMass-trends_ensemble",2026-02-28,1.00873084464194,1.03929761910792,60.7410388795987,0.34178832120655,1.00150396846434,1.0413876084717,92.7475961538462,0.473671219692724,0.302884615384615,0.706730769230769,208
"UMass-trends_ensemble",2026-03-07,0.789287415950178,0.905632171558729,36.6246091137124,0.355062918966054,0.784593450798395,0.894348637118094,58.7860576923077,0.528623738003326,0.427884615384615,0.826923076923077,208
"UMass-trends_ensemble",2026-03-14,0.716471639078723,0.826256950091881,33.8301264632107,0.375838219515063,0.660099668938862,0.802597363033392,50.9230769230769,0.564169013392784,0.5,0.879807692307692,208
"UMass-trends_ensemble",2026-03-21,0.736492475324566,0.81800326513647,32.6996906354515,0.43173586071765,0.622073371019021,0.737979869738623,45.2572115384615,0.619043616487262,0.524038461538462,0.831730769230769,208
"UMass-trends_ensemble",2026-03-28,0.629568652133795,0.812361392041269,22.2354703177258,0.48258226860897,0.593248653762778,0.759985944038158,33.3413461538462,0.695073304284611,0.480769230769231,0.788461538461538,208
"UMass-trends_ensemble",2026-04-04,0.573052609511871,0.927379514011734,9.93312186454849,0.399579662993345,0.560515961351302,0.783280315120643,10.8413461538462,0.372269015869627,0.807692307692308,0.951923076923077,208
"UMass-trends_ensemble",2026-04-11,0.5527207382871,0.894083697454326,8.71176630434783,0.421098087915443,0.784476328127956,0.985692380311056,11.3413461538462,0.492330874803413,0.745192307692308,0.951923076923077,208
"UMass-trends_ensemble",2026-04-18,0.63273591441791,0.939897649334943,8.80044314381271,0.45841417952061,1.35383597004488,1.26167842714425,13.6466346153846,0.561359609164312,0.625,0.927884615384615,208
"UMass-trends_ensemble",2026-04-25,0.679318808900497,0.92417854421694,8.96284698996656,0.469149332309384,1.30621423488685,1.24614278324663,13.3317307692308,0.645948952349852,0.423076923076923,0.793269230769231,208
"UMass-trends_ensemble",2026-05-02,0.504446660197206,0.67648960945809,7.01689590301003,0.358173128874145,0.962326293808004,1.03120361183034,10.4423076923077,0.53452610744749,0.490384615384615,0.870192307692308,208
"UMass-trends_ensemble",2026-05-09,0.422917188492776,0.679209866064828,5.37683841973244,0.352917276232043,0.909227169453926,1.02610440042711,7.73557692307692,0.507247790236513,0.5,0.841346153846154,208
"UMass-trends_ensemble",2026-05-16,0.414904701631298,0.738995388907339,5.07163461538462,0.390836723140235,0.95696169425697,1.03487750104272,7.21634615384615,0.587593926755388,0.543269230769231,0.8125,208
"UMass-trends_ensemble",2026-05-23,0.394868332407152,0.649655914867688,4.82035744147157,0.362932967554811,1.02483210604616,0.958801634367122,7.17788461538461,0.522756368220576,0.509615384615385,0.841346153846154,208
"UNC_IDD-InfluPaint",2025-11-22,0.974383509717434,0.660357502288465,56.6686018755328,0.515495859624102,0.8654715123681,0.671352895336313,80.2549019607843,0.82961074674635,0.259803921568627,0.808823529411765,204
"UNC_IDD-InfluPaint",2025-11-29,0.829937810421027,0.5800889243125,93.2304875214402,0.494282117579092,0.785940726020087,0.58907609079765,127.243397596707,0.769087098381404,0.235294117647059,0.794117647058823,204
"UNC_IDD-InfluPaint",2025-12-06,0.980517601847359,0.781381373430983,226.516593981722,0.81118822712601,0.958070219546151,0.798413132115162,279.734046068096,1.16920614605266,0.147058823529412,0.524509803921569,204
"UNC_IDD-InfluPaint",2025-12-13,1.01713665056757,0.878226302030872,356.773647517736,1.04002753615183,1.02211845145692,0.931518662390623,430.01607702938,1.45756819673536,0.0833333333333333,0.387254901960784,204
"UNC_IDD-InfluPaint",2025-12-20,1.0072967443063,0.967144023501816,386.395140987999,1.07123212898228,1.07598293718372,1.0866224881515,494.310382555694,1.55742150762066,0.0343137254901961,0.392156862745098,204
"UNC_IDD-InfluPaint",2025-12-27,0.746706042905092,0.667548573958963,182.998838817705,0.381632602338178,0.824901701772425,0.752950794320649,252.94331025263,0.558272676855569,0.274509803921569,0.651960784313726,204
"UNC_IDD-InfluPaint",2026-01-03,0.89757131028509,0.871048121770507,163.534084634021,0.289542303290842,1.06940454435401,1.0487944257424,260.796128108056,0.465115678326358,0.343137254901961,0.916666666666667,204
"UNC_IDD-InfluPaint",2026-01-10,0.838695194503283,0.866179943508543,244.281591980686,0.469072961388267,0.975286535419274,1.04035561652482,349.878975290786,0.68709384396661,0.122549019607843,0.524509803921569,204
"UNC_IDD-InfluPaint",2026-01-17,0.48335881591036,0.575160365716326,77.8269657173145,0.247368892506178,0.530366453473309,0.67441984504903,117.896947382222,0.386062442183853,0.53921568627451,0.965686274509804,204
"UNC_IDD-InfluPaint",2026-01-24,0.877590302567127,0.906837481941141,75.661164300865,0.297578310853842,0.917772303123,1.00570639552448,120.654600891081,0.471838545083135,0.46078431372549,0.975490196078431,204
"UNC_IDD-InfluPaint",2026-01-31,1.57421754428858,1.42130149281533,118.562237632136,0.483507714875376,1.48404839633492,1.49443846258118,162.594968040274,0.718597454405934,0.284313725490196,0.725490196078431,204
"UNC_IDD-InfluPaint",2026-02-07,1.88121794800419,1.84664019097157,93.0825718649955,0.415792604229269,1.87740238055037,2.06438422099291,134.999558631979,0.645770967662416,0.284313725490196,0.769607843137255,204
"UNC_IDD-InfluPaint",2026-02-14,1.39547825912407,1.71016497957974,67.1776546750715,0.386511926418187,1.48466624703779,2.07511215291348,103.661446833399,0.608618985674582,0.338235294117647,0.901960784313726,204
"UNC_IDD-InfluPaint",2026-02-21,0.777467276938358,1.18307352024524,46.222608024754,0.378419409009653,0.7826995803437,1.34376991349216,69.5821238232015,0.587001597122564,0.446078431372549,0.926470588235294,204
"UNC_IDD-InfluPaint",2026-02-28,0.578710779721663,1.02802321778755,35.2810627241123,0.350902911225543,0.576501008654356,1.18451553009008,54.2566686675727,0.560083511175911,0.529411764705882,0.985294117647059,204
"UNC_IDD-InfluPaint",2026-03-07,0.852742120298826,1.03415164641517,38.627816717513,0.402010815861582,0.825435922684555,1.10770620880498,59.937783957977,0.645894119210487,0.549019607843137,0.995098039215686,204
"UNC_IDD-InfluPaint",2026-03-14,0.539437841562961,0.775323867326414,23.5104568322473,0.338123270997364,0.519596265868878,0.791741291994238,36.7667060428685,0.530015297989843,0.53921568627451,0.970588235294118,204
"UNC_IDD-InfluPaint",2026-03-21,0.554615757816191,0.726017177776665,21.9901554409254,0.368934095940074,0.524448849541652,0.731855328905338,33.8392621255615,0.58062621170668,0.519607843137255,0.96078431372549,204
"UNC_IDD-InfluPaint",2026-03-28,0.537297008427941,0.670225489939294,17.191458670621,0.378888229408683,0.506196784351592,0.663008652438878,25.7665218109299,0.579452196104504,0.549019607843137,0.950980392156863,204
"UNC_IDD-InfluPaint",2026-04-04,0.679652059728498,0.758490628153573,11.1311339679794,0.323705241883911,0.940243085233498,1.07106509567697,16.6483321971442,0.484553231567962,0.67156862745098,0.995098039215686,204
"UNC_IDD-InfluPaint",2026-04-11,0.58101666180308,0.695005973228784,8.95398225454932,0.333120037954808,0.926713374764748,1.0045375102098,13.2288354864996,0.50597481063112,0.681372549019608,0.985294117647059,204
"UNC_IDD-InfluPaint",2026-04-18,0.627807239794817,0.678290245013193,8.69778065689575,0.337537686313696,1.3178594184703,1.13169894070062,13.3669764623558,0.516201152189414,0.627450980392157,0.975490196078431,204
"UNC_IDD-InfluPaint",2026-04-25,0.82912101531162,0.865133083944765,11.3606974008548,0.467001272423243,1.56964704645493,1.26651646191125,16.6624456737368,0.70070025973803,0.647058823529412,0.936274509803922,204
"UNC_IDD-InfluPaint",2026-05-02,0.773976311556658,0.925019970650533,10.4558186797746,0.474893998839572,1.47632145529341,1.45821632370723,15.0164986439117,0.716307083862429,0.627450980392157,0.926470588235294,204
"UNC_IDD-InfluPaint",2026-05-09,0.61933485757038,0.819632758683332,7.79924568285472,0.427830700632952,1.33824383567066,1.23406938587457,11.5396243110826,0.637270684941214,0.676470588235294,0.936274509803922,204
"UNC_IDD-InfluPaint",2026-05-16,0.598329216596356,0.812614942524489,7.15846332989211,0.432610395932294,1.43407399632905,1.13311638587583,10.6544816911205,0.654898123387022,0.642156862745098,0.911764705882353,204
"UNC_IDD-InfluPaint",2026-05-23,0.68241193046531,0.927221225155949,7.96046549025449,0.491093453327749,1.7309167298396,1.44877053222179,11.4992144774752,0.753993041087494,0.617647058823529,0.872549019607843,204
"UVAFluX-CESGCN",2025-12-13,0.579257200210011,0.376287260483118,202.883303678514,0.435983423485984,0.557009327924232,0.353913387157006,233.805329304475,0.538966982217988,0.144230769230769,0.461538461538462,208
"UVAFluX-CESGCN",2025-12-20,0.822996954610591,0.696178807616521,307.571884773813,0.7566937170548,0.723807588866629,0.56938726095526,326.064953762751,0.801367313537406,0.0528846153846154,0.139423076923077,208
"UVAFluX-Ensemble",2025-11-22,0.759279412600087,0.509356451803407,43.8898014214047,0.387720764518358,0.664173722037627,0.46378850147628,61.2403846153846,0.56308860168193,0.639423076923077,0.884615384615385,208
"UVAFluX-Ensemble",2025-11-29,0.845900010878476,0.604641977336294,92.6925710702341,0.497630556871174,0.768443648439681,0.583914146562632,119.153846153846,0.729899038240767,0.471153846153846,0.759615384615385,208
"UVAFluX-Ensemble",2025-12-06,0.865157319950606,0.699876186005006,194.792932692308,0.699515592619412,0.818656007967463,0.707704283890063,233.033653846154,0.997611029685711,0.259615384615385,0.572115384615385,208
"UVAFluX-Ensemble",2025-12-13,0.760671042728,0.716451255245824,198.10884057971,0.718019683434918,0.738875001726386,0.674810836637031,233.897435897436,0.902626343174355,0.0897435897435897,0.365384615384615,156
"UVAFluX-Ensemble",2025-12-20,4.85563781862451,0.7416108757314,2184.2987604515,0.80355860940669,4.42318474607608,0.680175650773057,2388.49519230769,0.953937198532014,0.0336538461538462,0.115384615384615,208
"UVAFluX-Ensemble",2025-12-27,0.714512627048394,0.634638442531674,170.90552048495,0.356230329638564,0.728019254396694,0.638649050274038,218.548076923077,0.464997724768335,0.115384615384615,0.360576923076923,208
"UVAFluX-Ensemble",2026-01-03,1.39672116809297,1.19390592245124,258.135119147157,0.399915805281089,1.32776742512769,1.12966908807639,323.168269230769,0.498270527287494,0.144230769230769,0.456730769230769,208
"UVAFluX-Ensemble",2026-01-10,0.873184847626043,0.87595065815571,258.907711120401,0.476934731380605,0.967882440057131,0.958060764165984,351.769230769231,0.633841311583019,0.163461538461538,0.533653846153846,208
"UVAFluX-Ensemble",2026-01-17,0.5844232387402,0.668366548199455,95.7355309364549,0.290032486879614,0.644229084495579,0.765028700413864,144.379807692308,0.437996929572117,0.471153846153846,0.884615384615385,208
"UVAFluX-Ensemble",2026-01-24,0.959652710936613,0.870475447647636,84.0040447324415,0.289864310283793,0.962730890599891,0.889163298903027,130.682692307692,0.42825366087104,0.360576923076923,0.807692307692308,208
"UVAFluX-Ensemble",2026-01-31,1.06641467797576,0.999815929261527,80.9689882943144,0.346534631019759,1.04262232992615,1.02646219930982,113.913461538462,0.497468255000186,0.447115384615385,0.826923076923077,208
"UVAFluX-Ensemble",2026-02-07,1.38821226143134,1.23638776520138,67.9579034280936,0.275914417265449,1.4124925864549,1.29874998415758,100.230769230769,0.400887427341916,0.509615384615385,0.875,208
"UVAFluX-Ensemble",2026-02-14,0.979330738768609,0.992253599773031,46.732514632107,0.22177984365341,1.0319929831195,1.14760863559137,71.375,0.331088574092002,0.600961538461538,0.951923076923077,208
"UVAFluX-Ensemble",2026-02-21,0.906703506500432,0.823787347713251,52.983727006689,0.253226504281425,0.984796808928486,0.99109107377936,84.7980769230769,0.406978608723254,0.495192307692308,0.956730769230769,208
"UVAFluX-Ensemble",2026-02-28,0.828626005720672,0.916235710979835,49.580647993311,0.29918983168556,0.854152250257567,1.03969762418701,79.4759615384615,0.475767427100819,0.403846153846154,0.903846153846154,208
"UVAFluX-Ensemble",2026-03-07,0.68697029421926,0.766560309262785,31.4576943979933,0.297676211721129,0.66393366517689,0.820327425382842,49.2932692307692,0.481672430445926,0.581730769230769,0.951923076923077,208
"UVAFluX-Ensemble",2026-03-14,1.03022634937683,1.02683487150775,49.1629494147157,0.472112416077601,1.02929269723277,1.04243916418014,81.0528846153846,0.744736142395041,0.341346153846154,0.870192307692308,208
"UVAFluX-Ensemble",2026-03-21,0.831064980820005,0.860583935800956,35.4408277591973,0.448654671188529,0.776686611901919,0.833099104781809,54.0961538461538,0.677710533522342,0.370192307692308,0.778846153846154,208
"UVAFluX-Ensemble",2026-03-28,0.63835870100504,0.749485793600061,22.4104807692308,0.444440314466853,0.609759614502939,0.738162472344379,34.2932692307692,0.674755627046685,0.456730769230769,0.778846153846154,208
"UVAFluX-Ensemble",2026-04-04,0.673062267123257,0.781840292797268,11.5100334448161,0.333981071002156,0.919398506756877,1.11508903367259,17.5769230769231,0.514134498110271,0.682692307692308,0.961538461538462,208
"UVAFluX-Ensemble",2026-04-11,0.711646279198326,0.776890295789646,11.105602006689,0.373006975998071,1.04360832267803,1.07131256694736,15.2740384615385,0.544726275859704,0.711538461538462,0.932692307692308,208
"UVAFluX-Ensemble",2026-04-18,0.724189858390064,0.807994672175214,10.0722742474916,0.397782590995965,1.59196288338787,1.37916441857394,16.1346153846154,0.616415394073208,0.697115384615385,0.927884615384615,208
"UVAFluX-Ensemble",2026-04-25,0.694844820059721,0.776563669694055,9.44091973244147,0.404744890408941,1.29630271576844,1.11677736274505,13.3798076923077,0.587284599522413,0.711538461538462,0.899038461538462,208
"UVAFluX-Ensemble",2026-05-02,0.581722134304534,0.706738041886182,7.92260242474916,0.364948781413412,1.0738489387269,1.09468306449931,11.2548076923077,0.54778680138798,0.653846153846154,0.932692307692308,208
"UVAFluX-Ensemble",2026-05-09,0.567371093793203,0.719922695470876,7.05248118729097,0.364224248204032,1.12548260473308,1.15007998634104,9.36538461538461,0.5539050637254,0.644230769230769,0.961538461538462,208
"UVAFluX-Ensemble",2026-05-16,0.609216032155079,0.792809741094255,7.25926212374582,0.412980254236367,1.47527692854464,1.11171534655177,10.8173076923077,0.61506266974868,0.596153846153846,0.927884615384615,208
"UVAFluX-Ensemble",2026-05-23,0.687898775340583,0.904148185962273,8.05603051839465,0.484713920565256,1.81937014891446,1.40446483652916,12.2307692307692,0.734917793157888,0.519230769230769,0.860576923076923,208
"UVAFluX-FS_OptimWISE",2025-12-20,0.740031169255394,0.491603441677053,284.506877090301,0.532180011162216,0.819565704851776,0.546117860303897,376.649038461538,0.764830362034862,0.0865384615384615,0.480769230769231,208
"UVAFluX-FS_OptimWISE",2025-12-27,0.55637783086796,0.474862611394163,138.411252090301,0.276357545569243,0.672860538511024,0.551291034100872,210.831730769231,0.417399411599399,0.288461538461538,0.783653846153846,208
"UVAFluX-FS_OptimWISE",2026-01-03,1.35864523677732,1.23319233933442,248.98075041806,0.415043420638521,1.50163015061557,1.32174692128782,364.350961538462,0.587029259002135,0.259615384615385,0.629807692307692,208
"UVAFluX-FS_OptimWISE",2026-01-10,0.562331764821009,0.660914276301918,162.812313963211,0.35790087630393,0.679858409449283,0.807934062725905,244.129807692308,0.536498828154432,0.144230769230769,0.677884615384615,208
"UVAFluX-FS_OptimWISE",2026-01-17,0.453709005345254,0.534657966374764,71.9755560200669,0.226726760648739,0.517724388616707,0.617226272922384,112.264423076923,0.345202750933509,0.495192307692308,0.875,208
"UVAFluX-FS_OptimWISE",2026-01-24,0.976600847539434,0.878886650706018,83.0460890468227,0.283649794327304,0.950591245288086,0.953599199755923,123.254807692308,0.440839510172746,0.379807692307692,0.841346153846154,208
"UVAFluX-FS_OptimWISE",2026-01-31,1.33215470865735,1.13762601730271,98.8721279264214,0.382559445322825,1.27659367359954,1.19719213906304,137.302884615385,0.568118581319806,0.360576923076923,0.754807692307692,208
"UVAFluX-FS_OptimWISE",2026-02-07,1.33002017760084,1.15645029921977,64.9308737458194,0.2580031952265,1.34914070515521,1.23773879539313,95.6875,0.383223418697705,0.451923076923077,0.860576923076923,208
"UVAFluX-FS_OptimWISE",2026-02-14,0.999286310739179,0.881610565445499,46.1139820234114,0.193796390344849,1.00244450355279,1.03345403391374,67.6538461538462,0.297037410396458,0.519230769230769,0.932692307692308,208
"UVAFluX-FS_OptimWISE",2026-02-21,0.673489799226801,0.718564979817286,38.7458193979933,0.221060336335966,0.733886200128245,0.882854594850445,62.3173076923077,0.364827677182099,0.456730769230769,0.971153846153846,208
"UVAFluX-FS_OptimWISE",2026-02-28,0.509042255149878,0.645555041236349,30.5470234113712,0.213391497700701,0.52184450606887,0.73865656285569,48.1538461538462,0.339764569311343,0.495192307692308,0.995192307692308,208
"UVAFluX-FS_OptimWISE",2026-03-07,0.498610469573142,0.614765051953537,22.7784824414716,0.238351399489874,0.480785197956177,0.643060510302504,35.3413461538462,0.376627875342027,0.567307692307692,0.966346153846154,208
"UVAFluX-FS_OptimWISE",2026-03-14,0.520382765741574,0.646657872494245,23.8746091137124,0.290486939042681,0.495148629803672,0.656536830396178,37.0769230769231,0.45454159457504,0.485576923076923,0.927884615384615,208
"UVAFluX-FS_OptimWISE",2026-03-21,0.486759541548061,0.624943413147863,20.3963357023411,0.325036060444475,0.452000425241138,0.627937320332756,31.2692307692308,0.515756325949254,0.408653846153846,0.908653846153846,208
"UVAFluX-FS_OptimWISE",2026-03-28,0.420475504994464,0.612764110154048,14.3535158862876,0.355527863045052,0.390237028923196,0.603239128383097,21.4711538461538,0.546976268325845,0.384615384615385,0.841346153846154,208
"UVAFluX-FS_OptimWISE",2026-04-04,0.422642828469285,0.526407479165732,7.47290551839465,0.232464179766298,0.572879675732095,0.745779094155345,11.25,0.355697430554449,0.620192307692308,0.971153846153846,208
"UVAFluX-FS_OptimWISE",2026-04-11,0.427907790377317,0.580081669702138,6.68157817725753,0.274009692827491,0.71644951901211,0.859226756221357,10.2788461538462,0.423147065432897,0.548076923076923,0.9375,208
"UVAFluX-FS_OptimWISE",2026-04-18,0.511745659245205,0.594802532797323,7.07413252508361,0.290950173738889,1.15524909230056,1.04247996768279,11.6826923076923,0.46573577070995,0.533653846153846,0.9375,208
"UVAFluX-FS_OptimWISE",2026-04-25,0.547699007944413,0.674626913998691,7.23179765886288,0.343796222892007,1.14886234071034,1.08951691602073,11.6971153846154,0.563663861408894,0.379807692307692,0.918269230769231,208
"UVAFluX-FS_OptimWISE",2026-05-02,0.454882307656105,0.583145581653657,6.31308946488294,0.307453406589181,0.940458892918277,0.984487844586858,9.83653846153846,0.494882252428466,0.471153846153846,0.903846153846154,208
"UVAFluX-FS_OptimWISE",2026-05-09,0.315038595283548,0.480641429228832,4.03750627090301,0.250229509943688,0.74903182800941,0.799411082708938,6.46634615384615,0.397933665651002,0.5625,0.975961538461538,208
"UVAFluX-FS_OptimWISE",2026-05-16,0.305030360288224,0.521335495510497,3.68664297658863,0.27477575644024,0.745711577913711,0.783843575213532,5.51442307692308,0.436763994410741,0.5625,0.966346153846154,208
"UVAFluX-FS_OptimWISE",2026-05-23,0.323090429493663,0.521892919784266,3.80264214046823,0.281347265829086,0.842500671444849,0.800885391703249,5.74519230769231,0.425844134789417,0.596153846153846,0.956730769230769,208
"VTSanghani-PRIME",2025-11-22,1.00709398088448,1.08289732441365,58.9958089464883,0.853946899202032,0.776328134833555,0.821166211181688,72.0336538461538,1.01627283538781,0.201923076923077,0.298076923076923,208
"VTSanghani-PRIME",2025-11-29,0.980622953495214,1.04974573255392,107.173998745819,0.883530242632787,0.807016297207503,0.82766872141069,125.841346153846,1.05317507493729,0.221153846153846,0.336538461538462,208
"VTSanghani-PRIME",2025-12-06,0.929002386556976,0.943202627277396,208.366337792642,0.948645677928781,0.830232712309015,0.787704458967379,236.846153846154,1.11941331144045,0.177884615384615,0.298076923076923,208
"VTSanghani-PRIME",2025-12-13,0.891785849388173,0.825651913872715,283.4865771526,0.952049241681487,0.827244357544697,0.739305914245629,316.696078431373,1.12959880861339,0.137254901960784,0.230392156862745,204
"VTSanghani-PRIME",2025-12-20,0.857632183410119,0.744600623030896,283.010059676044,0.79921328617753,0.827577096944871,0.700163565260833,330.642156862745,0.974103182122984,0.0784313725490196,0.166666666666667,204
"VTSanghani-PRIME",2025-12-27,0.579857560863133,0.535094994548264,106.937306238185,0.32007129769279,0.692430935175646,0.594491038117548,158.809782608696,0.459861834732287,0.402173913043478,0.673913043478261,184
"VTSanghani-PRIME",2026-01-03,0.993694422259357,0.962847579188452,102.246397515528,0.308580834434582,1.22564056376678,1.20116533161662,169.821428571429,0.518203734910683,0.452380952380952,0.869047619047619,168
"VTSanghani-PRIME",2026-01-10,0.294772376437892,0.41740278687992,36.2616745005875,0.203860728634295,0.340501481754273,0.470711727503731,52.5810810810811,0.284332124307784,0.790540540540541,0.932432432432432,148
"VTSanghani-PRIME",2026-01-17,0.466655461696378,0.607308870333043,48.6091253791709,0.265210949656365,0.511807414238929,0.653827781439367,73.7732558139535,0.381139144513782,0.604651162790698,0.825581395348837,172
"VTSanghani-PRIME",2026-01-24,0.899862074632066,0.920881215274224,54.6761458333333,0.307365748295876,0.821022567429064,0.87105961614762,74.2135416666667,0.413176561653899,0.552083333333333,0.713541666666667,192
"VTSanghani-PRIME",2026-02-07,0.962675489441399,0.926013183975845,32.0562386775362,0.213080988020832,0.952674593150018,0.891583928320516,46.6458333333333,0.288068259488188,0.630208333333333,0.859375,192
"VTSanghani-PRIME",2026-02-14,0.939691001930706,0.960916264797665,34.3003438331855,0.222978138261939,0.909890930772147,1.00697103439202,48.5714285714286,0.301625610716981,0.663265306122449,0.887755102040816,196
"VTSanghani-PRIME",2026-02-21,0.557622306112494,0.692854372041152,23.8667258207631,0.217673734944374,0.503952141241879,0.668145316469451,31.6581632653061,0.279651034990227,0.831632653061224,0.933673469387755,196
"VTSanghani-PRIME",2026-02-28,0.517240432326834,0.709711603446178,25.7214326086957,0.236376120423502,0.47720084600321,0.661562125457919,36.37,0.302297922446476,0.8,0.945,200
"VTSanghani-PRIME",2026-03-07,0.531306470895137,0.721017765248365,21.1073225377107,0.278410044494773,0.45245135956916,0.640152354844168,28.8775510204082,0.371240567425327,0.770408163265306,0.933673469387755,196
"VTSanghani-PRIME",2026-03-14,0.62510159169753,0.770596998114894,29.4987241200828,0.360632636886358,0.569223584249517,0.762694824482402,44.3035714285714,0.557463896667818,0.630952380952381,0.904761904761905,168
"VTSanghani-PRIME",2026-03-21,0.520275126942396,0.670505897261561,21.9486705685619,0.350526893547577,0.475311030471932,0.666478237201599,32.9567307692308,0.548824204902538,0.658653846153846,0.9375,208
"VTSanghani-PRIME",2026-03-28,0.482398951857,0.629793510214541,16.8018581008003,0.36061553343824,0.482361813305418,0.687353199369938,26.7960199004975,0.608887460916182,0.666666666666667,0.980099502487562,201
"VTSanghani-PRIME",2026-04-04,0.516252049544778,0.667852003823673,9.10781323623902,0.289662963325423,0.585582332761481,0.759522941275642,11.4729064039409,0.354173003102807,0.822660098522167,0.921182266009852,203
"VTSanghani-PRIME",2026-04-11,28.2998606174591,4.16223118594451,455.788529411765,1.89666303243173,56.3705778607399,6.36553786401668,828.509803921569,3.0118763326574,0.00980392156862745,0.82843137254902,204
"VTSanghani-PRIME",2026-04-18,0.545610287212126,0.735861107908304,7.71950767263427,0.359496087146791,1.07215213122734,1.0085886662695,11.0735294117647,0.450780895250405,0.666666666666667,0.823529411764706,204
"VTSanghani-PRIME",2026-04-25,0.536069915782766,0.770440076082256,7.29463348036127,0.404115376176192,1.07531377726232,0.995458393135827,11.2222222222222,0.530587625853731,0.589371980676328,0.763285024154589,207
"VTSanghani-PRIME",2026-05-09,0.393200596215523,0.62141654288849,5.25593455849395,0.313455495624133,0.731679049756884,0.848377357171437,6.66494845360825,0.418586657856069,0.804123711340206,0.912371134020619,194
"VTSanghani-PRIME",2026-05-16,0.528805190855466,1.16966778012487,7.66538043478261,0.72442465482463,0.969985161857045,1.27652696789223,8.86111111111111,0.851139085326391,0.472222222222222,0.652777777777778,72
"VTSanghani-PRIME",2026-05-23,0.369267628058167,0.588865381781299,4.34470735785953,0.31461729181782,0.856585348288488,0.832989304542265,5.73557692307692,0.438720162291484,0.754807692307692,0.918269230769231,208
