"model_id","reference_date","wis_scaled_relative_skill","wis_scaled_relative_skill__log","wis","wis__log","ae_median_scaled_relative_skill","ae_median_scaled_relative_skill__log","ae_median","ae_median__log","interval_coverage_50","interval_coverage_95","n"
"CADPH-FluCAT_Ensemble",2025-11-22,0.440271349618004,0.20598847459317,31.9461069780654,0.11024963369706,0.292936487821514,0.252921739743858,35.0964982144238,0.136627317300038,0.75,1,4
"CADPH-FluCAT_Ensemble",2025-11-29,0.645448326833188,0.352765649766206,94.1005894276565,0.252625423486984,0.637642926848912,0.484932687824065,170.212015096975,0.455435161962213,0.25,1,4
"CADPH-FluCAT_Ensemble",2025-12-06,0.693880221046017,0.398619651605549,202.111431676389,0.330635376392934,0.690309392394383,0.504306979732489,333.997958948222,0.562269414805344,0.25,1,4
"CADPH-FluCAT_Ensemble",2025-12-13,0.805521909770392,0.544899778427762,404.974623193289,0.533680368838837,0.788738643163555,0.622827978058403,603.490918741174,0.839332995612685,0,0.5,4
"CADPH-FluCAT_Ensemble",2025-12-20,0.534721541752445,0.381056542932662,308.621965392183,0.313260144094783,0.650499417099745,0.508254278423028,558.573047403951,0.560888983727297,0,1,4
"CADPH-FluCAT_Ensemble",2025-12-27,0.449886033556939,0.332511503655811,243.810354320149,0.201861341179019,0.449204853229822,0.365444841898092,361.025121364047,0.30333538740995,0.5,1,4
"CADPH-FluCAT_Ensemble",2026-01-03,0.999620777619722,0.616474776325626,286.391801873166,0.145960331671572,0.972114788346746,0.707070258144256,452.079569865957,0.252873856451346,0.5,1,4
"CADPH-FluCAT_Ensemble",2026-01-10,8.63314980585075,4.68407227687069,827.636559558444,0.323308653366233,10.170767741437,6.81304716638022,1345.14652027047,0.59293659272102,0,1,4
"CADPH-FluCAT_Ensemble",2026-01-17,0.960846107895197,0.754883799530779,191.861357190628,0.100573036910583,0.474659682951088,0.445967531467238,154.367023074677,0.0917702217465957,1,1,4
"CADPH-FluCAT_Ensemble",2026-01-24,0.627392103124517,0.598743929560095,249.649871568193,0.156060542556942,0.74691803815036,0.701629809000192,470.585493161915,0.280719670925976,0.25,1,4
"CADPH-FluCAT_Ensemble",2026-01-31,0.707997019384351,0.686755806558208,250.125953966491,0.153461905922761,0.778565909497537,0.741028946607393,418.493202895155,0.245443167799374,0.5,1,4
"CADPH-FluCAT_Ensemble",2026-02-07,1.33246364509567,1.47957880219732,356.591917384052,0.235125768384737,1.53364526405284,1.70824271914461,578.949151338983,0.376702811549942,0.5,1,4
"CADPH-FluCAT_Ensemble",2026-02-14,1.17123936334556,1.03320345951028,354.763392022503,0.204358853750396,1.16781506078377,1.13424119038547,575.812638566233,0.364903807739108,0.25,1,4
"CADPH-FluCAT_Ensemble",2026-02-21,0.755441780750966,0.719722496324952,221.721508369991,0.17962146289873,0.693940880259551,0.754975092332004,335.436232461868,0.306366718079413,0.5,1,4
"CADPH-FluCAT_Ensemble",2026-02-28,0.575359823053652,0.573971571733131,155.013722582357,0.152080995093845,0.498237948792815,0.572108817071033,225.109141558341,0.251737965798446,0.75,1,4
"CADPH-FluCAT_Ensemble",2026-03-07,0.601163822510844,0.613873415955499,179.649200399753,0.21979737431638,0.618661491047578,0.691169778096126,305.584378336992,0.400377620581797,0.25,1,4
"CADPH-FluCAT_Ensemble",2026-03-14,0.451332218855536,0.46880386355068,91.1994659322711,0.159144718964617,0.383561402656585,0.469016452971905,133.162581797849,0.263120212915112,0.5,1,4
"CADPH-FluCAT_Ensemble",2026-03-21,0.445446621323691,0.410244657102845,58.0835770448314,0.130273622198705,0.342815613288497,0.352296904265484,75.327227780553,0.170809867360403,0.75,1,4
"CADPH-FluCAT_Ensemble",2026-03-28,0.587392938490277,0.570113686598454,85.9811067668144,0.234869686577498,0.59220907871238,0.669089658346864,148.656555135849,0.43499714468714,0,1,4
"CADPH-FluCAT_Ensemble",2026-04-04,0.296765025935832,0.265651770986241,25.4069790643,0.0991101021076196,0.207213479170134,0.257444545582266,25.5574882742988,0.107631588233523,1,1,4
"CADPH-FluCAT_Ensemble",2026-04-11,0.353257104535498,0.289737798292724,22.5355051090191,0.103584556869789,0.444768371787465,0.521369832170059,28.129599427345,0.132566644507508,1,1,4
"CADPH-FluCAT_Ensemble",2026-04-18,0.455625083813501,0.342945411938452,23.5728901326482,0.130036072123028,2.20094447704452,2.48334267824586,42.100958487834,0.224802805608501,1,1,4
"CADPH-FluCAT_Ensemble",2026-04-25,0.630466324979513,0.45666416870178,33.4737681819724,0.2014683145781,2.18809020848147,2.51366651718805,62.9101572984827,0.369905831494614,0.25,1,4
"CADPH-FluCAT_Ensemble",2026-05-02,0.554068955476201,0.341270165451984,29.3357633643245,0.132003012320293,1.18406963047201,1.15620720550628,44.7343610096163,0.223903381382262,1,1,4
"CADPH-FluCAT_Ensemble",2026-05-09,0.511151119213628,0.334456600166884,26.9787696261836,0.134415112484321,1.03141054375209,1.02692843061238,41.7299675707663,0.23219058722373,1,1,4
"CADPH-FluCAT_Ensemble",2026-05-23,0.412420018297993,0.265407583988719,19.3726563490366,0.11636071169068,1.1702291368268,1.15138012874957,27.427332210385,0.18135852109931,1,1,4
"CEPH-Rtrend_fluH",2025-11-22,0.749988181164909,0.314576679905245,55.1876086956522,0.170211958414348,0.313968434006611,0.27208963849754,37.5,0.146689737968279,0.75,1,4
"CEPH-Rtrend_fluH",2025-11-29,0.72326529062252,0.452901120729459,104.991086956522,0.324533686416614,0.770138351389566,0.636435607257062,205.5,0.599315173969747,0.25,1,4
"CEPH-Rtrend_fluH",2025-12-06,0.612657641359589,0.391070511554092,177.149565217391,0.32276759673031,0.713125903200202,0.534681009444283,344.25,0.594590582931575,0.25,1,4
"CEPH-Rtrend_fluH",2025-12-13,0.661366994517579,0.459227909309429,330.773152173913,0.447643901285959,0.747475279692209,0.572723003521724,571.25,0.770059489441252,0,1,4
"CEPH-Rtrend_fluH",2025-12-20,0.261176059771382,0.1592464299128,150.019891304348,0.129636225856686,0.276623588294833,0.192193069247855,234.25,0.208806558146645,0.5,1,4
"CEPH-Rtrend_fluH",2025-12-27,0.364726503767869,0.25287568158825,197.589456521739,0.153104063216749,0.349974510968236,0.267252843992145,281.75,0.221809223800176,0.5,0.75,4
"CEPH-Rtrend_fluH",2026-01-03,0.612571280525957,0.500609769941803,169.730869565217,0.115467046544393,0.386497452227705,0.352225046832269,170.5,0.120210517433806,0.75,1,4
"CEPH-Rtrend_fluH",2026-01-10,1.69066643433953,1.62439630777896,160.501195652174,0.112650894821278,1.95662674377698,2.03625499231093,257.5,0.178108061261418,0.75,1,4
"CEPH-Rtrend_fluH",2026-01-17,4.08233887317269,5.78970348848604,826.828586956522,0.792168957761782,3.16964745059453,5.12598760783363,1062.5,1.10005244740072,0,0.25,4
"CEPH-Rtrend_fluH",2026-01-24,2.49126506562727,3.33859320796155,988.165543478261,0.872745818801047,2.04651310941187,3.06747101995042,1276.25,1.22516488155875,0,0,4
"CEPH-Rtrend_fluH",2026-01-31,2.2824852547095,3.01933286034163,807.130434782609,0.679279383754908,2.14938238623825,3.09470794454162,1162.25,1.03843947949938,0,0.25,4
"CEPH-Rtrend_fluH",2026-02-07,2.61665472910351,3.67633912095631,707.683804347826,0.595177000266484,2.55772768305278,3.8751904739301,978.75,0.874598082781547,0,0,4
"CEPH-Rtrend_fluH",2026-02-14,0.681868652651025,0.852664971698398,199.975326086957,0.164653144299038,0.745760407865134,0.902211627799361,354.75,0.281906037960219,0.75,1,4
"CEPH-Rtrend_fluH",2026-02-21,0.48622353380822,0.731344655317545,139.487065217391,0.179879944236781,0.57657291294317,0.833870932887708,268.5,0.327886585711397,0.25,1,4
"CEPH-Rtrend_fluH",2026-02-28,0.774677889824612,1.53064758357546,206.854347826087,0.407862713611471,0.862602907484799,1.64855341951024,380.75,0.718498513874783,0,1,4
"CEPH-Rtrend_fluH",2026-03-07,0.593851426880615,1.32522379706779,179.279239130435,0.486663429683136,0.653037923826976,1.44627404346147,325.25,0.8570173168969,0,1,4
"CEPH-Rtrend_fluH",2026-03-14,0.622781263565955,1.28505006796787,124.404565217391,0.436302218250416,0.693377170759602,1.42316948895322,236.25,0.788288736203747,0.25,1,4
"CEPH-Rtrend_fluH",2026-03-21,0.944904611583548,1.68091675143575,123.23,0.541817347718038,1.0407826290239,1.96144705556035,229.5,0.963454078695731,0,1,4
"CEPH-Rtrend_fluH",2026-03-28,0.399788318360483,0.855579686630747,58.6707608695652,0.358441119189296,0.452589831784009,0.985707663351643,114.25,0.652682523900339,0.5,1,4
"CEPH-Rtrend_fluH",2026-04-04,0.711728198820601,1.25649801257407,61.5766304347826,0.480068044280114,0.883737677317681,1.95632121936047,109.5,0.831662361314598,0.25,1,4
"CEPH-Rtrend_fluH",2026-04-11,1.35875927096191,2.25428065249852,88.0877173913044,0.827611572534877,2.26900264931405,5.30909259151255,145,1.38442595363388,0,1,4
"CEPH-Rtrend_fluH",2026-04-18,1.86686594525312,2.77161391156119,97.275652173913,1.07121799621406,7.93247157109587,19.1506659537779,152,1.76226497964111,0,0.75,4
"CEPH-Rtrend_fluH",2026-04-25,1.75132537932709,2.22216250990006,94.0015217391304,1.00328928765201,5.12775305769401,10.9622415234435,148.5,1.6473669825313,0,1,4
"CEPH-Rtrend_fluH",2026-05-02,1.08231407402133,1.5267900832288,57.271847826087,0.602465248760665,2.76487043606349,5.41320106157204,104,1.06334003627313,0,1,4
"CEPH-Rtrend_fluH",2026-05-09,0.840833376446761,1.28971218824975,44.2620652173913,0.526165729152449,2.08072606916355,4.15196977121066,83.75,0.949347191376202,0.25,1,4
"CEPH-Rtrend_fluH",2026-05-16,1.1020791237509,1.60805254366928,52.0765217391304,0.722557511496391,4.70465016406823,9.63940828419014,93.25,1.25674948597006,0,1,4
"CEPH-Rtrend_fluH",2026-05-23,0.90609291923802,1.43301321125395,43.0503260869565,0.649194465506787,3.39980859328032,7.09857132424864,81,1.15999653012085,0.25,1,4
"CFA_Pyrenew-Pyrenew_HE_Flu",2025-11-22,0.393599099699009,0.213372660870735,14.1809097826087,0.0790308586647319,0.459917114791968,0.383230607847733,26,0.143408139590461,0,1,2
"CFA_Pyrenew-Pyrenew_HE_Flu",2025-11-29,0.526112205822127,0.287264650090555,24.6272,0.111461388004247,0.56482934621037,0.420957674443929,43.5,0.196410842423449,0,1,2
"CFA_Pyrenew-Pyrenew_HE_Flu",2025-12-06,0.406010191644665,0.217094348993561,31.4822402173913,0.0896063654341679,0.463004336454094,0.308356025062832,57.5,0.161370795241139,0.5,1,2
"CFA_Pyrenew-Pyrenew_HE_Flu",2025-12-13,0.5823833808293,0.360436300921443,121.687540217391,0.233954874053224,0.559187850434265,0.398103434368323,182,0.358182735330976,0,0.5,2
"CFA_Pyrenew-Pyrenew_HE_Flu",2025-12-20,0.1849819438884,0.0879864702689078,71.7671847826087,0.05930543259093,0.0882247221024677,0.0444364911583872,50.75,0.040381800806601,1,1,2
"CFA_Pyrenew-Pyrenew_HE_Flu",2025-12-27,0.42685808979204,0.201754368118135,202.54972173913,0.11564497540618,0.354898535722204,0.176903392271711,271,0.148689638663858,0.5,0.5,2
"CFA_Pyrenew-Pyrenew_HE_Flu",2026-01-03,0.810287721882652,0.541978638663808,157.961663043478,0.0934096938859467,0.807659991919456,0.59081353925223,262,0.155451164607823,0.5,1,2
"CFA_Pyrenew-Pyrenew_HE_Flu",2026-01-10,3.54265438584105,2.8064435159207,254.182451086957,0.153594393212001,4.15693559535345,3.60614121958879,428,0.259620689873781,0,1,2
"CFA_Pyrenew-Pyrenew_HE_Flu",2026-01-17,0.722405220947032,0.678957068082738,94.3417652173913,0.062694971206525,0.865959611356935,0.848164821564815,165,0.109445366590469,0.5,1,2
"CFA_Pyrenew-Pyrenew_HE_Flu",2026-01-24,2.17689707235208,1.48854138516974,496.86864673913,0.235822477763069,2.24310681019931,1.5906874625322,795,0.379412805597155,0,1,2
"CFA_Pyrenew-Pyrenew_HE_Flu",2026-01-31,1.18988148341937,0.926542007063736,365.345661956522,0.172142215897826,1.33893102709414,1.06892343641647,615.25,0.2896855831503,0,1,2
"CFA_Pyrenew-Pyrenew_HE_Flu",2026-02-07,0.571798093381444,0.454281145022978,203.114133695652,0.0851202094868629,0.738114687632522,0.609585018200483,373,0.161879215448709,0,1,2
"CFA_Pyrenew-Pyrenew_HE_Flu",2026-02-14,1.17634811390803,1.06560488769218,286.495639130435,0.140821878351864,1.2485435875576,1.17516953062099,502.75,0.251020669445577,0,1,2
"CFA_Pyrenew-Pyrenew_HE_Flu",2026-02-21,0.645318656661267,0.614289964156876,119.239868478261,0.0747840693197898,0.708175347117181,0.705920265801886,185,0.119095091385683,0.5,1,2
"CFA_Pyrenew-Pyrenew_HE_Flu",2026-02-28,0.523298262162959,0.551775631499294,109.220460869565,0.0889475264330771,0.549515238556645,0.614838573439021,180.75,0.15559817695936,0.5,1,2
"CFA_Pyrenew-Pyrenew_HE_Flu",2026-03-07,0.256940150220952,0.289879030321333,70.2860641304348,0.0781400770959426,0.243390893481183,0.285023338129374,112.75,0.128113481068054,0.5,1,2
"CFA_Pyrenew-Pyrenew_HE_Flu",2026-03-14,0.337908270988565,0.370639167929791,59.781375,0.0843529214880896,0.305083428903913,0.350345530567619,91,0.128085110529918,0.5,1,2
"CFA_Pyrenew-Pyrenew_HE_Flu",2026-03-21,0.614624911022163,0.570251546545974,89.7126195652174,0.155786257599125,0.520782839358623,0.535313212848297,139,0.250051801347309,0.5,1,2
"CFA_Pyrenew-Pyrenew_HE_Flu",2026-03-28,0.794885649864455,0.773217972229404,98.9025010869565,0.218373643867,0.785376840306411,0.861173289161964,164.5,0.37106290324416,0,1,2
"CFA_Pyrenew-Pyrenew_HE_Flu",2026-04-04,0.89097446299817,0.712765192882674,65.4805891304348,0.182377985941423,1.45929937158121,1.61383816399444,113,0.328228569692489,0.5,1,2
"CFA_Pyrenew-Pyrenew_HE_Flu",2026-04-11,3.13654312480453,2.0504260730126,139.249765217391,0.431005491511019,8.25908696671216,7.42107815480208,222,0.689595446331793,0,0.5,2
"CFA_Pyrenew-Pyrenew_HE_Flu",2026-04-18,0.781320170408472,0.617211639894475,31.9824902173913,0.160439702563125,4.34499533759376,5.16596212278117,61,0.303116894975143,0,1,2
"CFA_Pyrenew-Pyrenew_HE_Flu",2026-04-25,0.421371872318376,0.241217654889279,21.8591836956522,0.0896142781101465,0.492765196595999,0.47567898862531,14.25,0.0623492863522568,1,1,2
"CFA_Pyrenew-Pyrenew_HE_Flu",2026-05-02,0.799952983148363,0.499225018300329,35.3679815217391,0.139981463196563,1.8728578111836,1.80207682001905,59.5,0.256891302737073,0.5,1,2
"CFA_Pyrenew-Pyrenew_HE_Flu",2026-05-09,0.780611657451716,0.497380482774191,34.0495782608696,0.147286070227977,Inf,Inf,57.5,0.269776670865286,0.5,1,2
"CFA_Pyrenew-Pyrenew_HE_Flu",2026-05-16,0.41926256892333,0.268591926738944,17.3251663043478,0.0938281168361903,1.00837775604442,1.01072380481416,18.75,0.110165304968798,1,1,2
"CFA_Pyrenew-Pyrenew_HE_Flu",2026-05-23,0.281307906967735,0.251362056593379,10.8203391304348,0.0816795724783656,0.839747007519131,1.03953943381115,12.5,0.0937993069473992,1,1,2
"CFA_Pyrenew-Pyrenew_H_Flu",2025-11-22,0.577091381818123,0.326190170110096,20.7919195652174,0.120817208383662,0.557207273690269,0.456066698977072,31.5,0.170664021845174,0.5,1,2
"CFA_Pyrenew-Pyrenew_H_Flu",2025-11-29,1.2463081760752,0.762045892326485,58.3394195652174,0.295680978689405,1.14264327509224,0.967052562098551,88,0.45120832786915,0,0.5,2
"CFA_Pyrenew-Pyrenew_H_Flu",2025-12-06,1.25055532409913,0.794859584701611,96.9687065217391,0.328080757264372,1.11121040748982,0.923256157534311,138,0.483164161693392,0,0.5,2
"CFA_Pyrenew-Pyrenew_H_Flu",2025-12-13,1.0650324578356,0.762271816259088,222.535848913044,0.49478148097543,0.892549838193154,0.74978378868904,290.5,0.674597567251814,0,0,2
"CFA_Pyrenew-Pyrenew_H_Flu",2025-12-20,0.492432619550015,0.328556299213541,191.048391304348,0.221456473884936,0.563682091462564,0.414965141370762,324.25,0.377100874612021,0,1,2
"CFA_Pyrenew-Pyrenew_H_Flu",2025-12-27,0.384668309717167,0.270131115211061,182.53012173913,0.154838313868551,0.386328664347048,0.293276042193133,295,0.246502388577637,0.5,0.5,2
"CFA_Pyrenew-Pyrenew_H_Flu",2026-01-03,1.73583844932776,1.02889995644886,338.393290217391,0.177330291481781,1.69392811282344,1.09327352076229,549.5,0.287655293500031,0.5,1,2
"CFA_Pyrenew-Pyrenew_H_Flu",2026-01-10,3.28191889690563,2.47158930528526,234.679718478261,0.134867946235439,4.05201423442683,3.49381751559662,415.75,0.250741655973502,0,1,2
"CFA_Pyrenew-Pyrenew_H_Flu",2026-01-17,1.8666650724293,2.10718994832621,243.775201086956,0.194578154271297,2.34202713071535,2.7193876839048,446.25,0.35090394508165,0,1,2
"CFA_Pyrenew-Pyrenew_H_Flu",2026-01-24,1.79330119750691,1.98564376073431,409.314317391304,0.314576024742333,1.82128986916183,2.11286740759673,645.5,0.503963833156092,0,0.5,2
"CFA_Pyrenew-Pyrenew_H_Flu",2026-01-31,1.1450973741839,1.21382220806421,351.594981521739,0.225515997126068,1.33675478812283,1.45340163656498,614.25,0.393881812575292,0,1,2
"CFA_Pyrenew-Pyrenew_H_Flu",2026-02-07,1.29401590638017,1.43903894715201,459.660364130435,0.269637641762873,1.51283828068381,1.69278893586468,764.5,0.449530970539544,0,0.5,2
"CFA_Pyrenew-Pyrenew_H_Flu",2026-02-14,0.893525167194847,0.83284624152683,217.615058695652,0.110062344368654,0.933769048078883,0.930119788236174,376,0.198677114938682,0.5,1,2
"CFA_Pyrenew-Pyrenew_H_Flu",2026-02-21,0.663609344861043,0.791906838672727,122.619561956522,0.0964072659064194,0.699562403706296,0.807388300441713,182.75,0.136213660498341,1,1,2
"CFA_Pyrenew-Pyrenew_H_Flu",2026-02-28,1.1467151462306,1.67991799943529,239.337230434783,0.270806723113439,1.30272353926154,1.91800653499914,428.5,0.485392968389618,0,1,2
"CFA_Pyrenew-Pyrenew_H_Flu",2026-03-07,0.224851687279436,0.279856386865098,61.5082543478261,0.0754383634483318,0.128980983463421,0.166841447951885,59.75,0.0749925912166831,1,1,2
"CFA_Pyrenew-Pyrenew_H_Flu",2026-03-14,0.52896788482013,0.742411741265707,93.582875,0.168963792123246,0.574126782415331,0.831039486017909,171.25,0.303825152982181,0.5,1,2
"CFA_Pyrenew-Pyrenew_H_Flu",2026-03-21,1.11497561314867,1.30414628963227,162.745409782609,0.356277981277193,0.917926587358725,1.20341218951718,245,0.562129569249689,0,0.5,2
"CFA_Pyrenew-Pyrenew_H_Flu",2026-03-28,0.283502310611295,0.312255807004088,35.2743663043478,0.0881878601418266,0.214844728351298,0.28643089603856,45,0.123417529550089,1,1,2
"CFA_Pyrenew-Pyrenew_H_Flu",2026-04-04,0.575047143047311,0.753206483153263,42.2620706521739,0.192725855256692,1.06541768279159,1.78246407981035,82.5,0.362524352501558,0,1,2
"CFA_Pyrenew-Pyrenew_H_Flu",2026-04-11,0.860949266690504,1.00727260614078,38.222647826087,0.211731615399052,2.69722434723708,4.24483764099103,72.5,0.394446823842037,0,1,2
"CFA_Pyrenew-Pyrenew_H_Flu",2026-04-18,0.977213083467872,0.917627955133124,40.0011532608696,0.238530751316255,5.18194116081878,7.26797212100857,72.75,0.426453986638985,0,1,2
"CFA_Pyrenew-Pyrenew_H_Flu",2026-04-25,1.33157956094204,1.14345808049561,69.0773260869565,0.42480377516257,3.78651151068504,5.26247087057884,109.5,0.689774640200855,0,0.5,2
"CFA_Pyrenew-Pyrenew_H_Flu",2026-05-02,0.613954824281798,0.390183012187125,27.1445239130435,0.109406353764783,1.05446616259917,1.06782187690402,33.5,0.152221120654623,1,1,2
"CFA_Pyrenew-Pyrenew_H_Flu",2026-05-09,0.426657673858334,0.302372562096068,18.6104239130435,0.089539634059412,Inf,Inf,17,0.0882472838418908,1,1,2
"CFA_Pyrenew-Pyrenew_H_Flu",2026-05-16,0.48328452444252,0.417571336598917,19.9707423913043,0.145871592767299,2.04364558558335,2.42128623553618,38,0.263911600067281,0.5,1,2
"CFA_Pyrenew-Pyrenew_H_Flu",2026-05-23,0.323136056457064,0.288131732963912,12.4292336956522,0.0936278016057689,0.974106528722192,1.18531278927914,14.5,0.106952670128789,1,1,2
"CMU-TimeSeries",2025-11-22,0.755540721768983,0.345095533160791,55.4909464711466,0.186825225811029,0.302898846578131,0.227642478557202,37.859474555114,0.126560757511203,1,1,4
"CMU-TimeSeries",2025-11-29,0.568197410714824,0.301032302445899,81.2447701917439,0.213023729624941,0.392849291999599,0.247920711500499,109.348190103182,0.24017140503866,1,1,4
"CMU-TimeSeries",2025-12-06,0.568091244245035,0.349588881561837,163.794151150861,0.287829373413203,0.640840122798501,0.44476211108837,312.072665159474,0.499231676457774,0.5,1,4
"CMU-TimeSeries",2025-12-13,0.684380665881152,0.500661748222575,342.744127889415,0.488880568526309,0.808389851436961,0.650517192570855,617.682078357327,0.875598876368924,0,1,4
"CMU-TimeSeries",2025-12-20,0.396633114923708,0.270806202442853,229.582860541585,0.223043979169738,0.49684648445917,0.356605940466471,426.34522196576,0.393287826094295,0.5,1,4
"CMU-TimeSeries",2025-12-27,0.374452673261486,0.240007646631722,206.236492788183,0.147540581918732,0.240368111056661,0.17735967727914,192.882052594845,0.14698105851264,0.75,1,4
"CMU-TimeSeries",2026-01-03,0.869229281301659,0.585567687953933,244.115138957863,0.136959424706188,0.54625384151417,0.430102917459101,246.622749425306,0.150420780258906,1,1,4
"CMU-TimeSeries",2026-01-10,2.57913874826943,2.97505340981002,247.03704495287,0.207614032331834,3.41312596905819,4.04373132023981,454.757581558457,0.358058450569737,0.5,1,4
"CMU-TimeSeries",2026-01-17,1.85841724902187,2.24304180775192,375.058774153255,0.304199384930642,1.9709027612022,2.37718921958412,668.530253643642,0.512887051915045,0.5,1,4
"CMU-TimeSeries",2026-01-24,0.965908705216288,1.03552212162387,386.700367673937,0.272153882470813,1.13315275519428,1.19629051534929,715.88277958204,0.481627794686683,0.25,1,4
"CMU-TimeSeries",2026-01-31,0.602970466959021,0.598066644867459,214.445061904626,0.134974477731533,0.557546071795276,0.519551399100604,305.237376247774,0.175807523189599,1,1,4
"CMU-TimeSeries",2026-02-07,1.13512273036482,1.34156698067213,305.520278425958,0.215174776548455,1.43588284631211,1.63737644385212,545.60266859069,0.364681024766769,0.5,1,4
"CMU-TimeSeries",2026-02-14,0.598168937850163,0.617240542318106,177.271919494744,0.11970826144121,0.366345579543604,0.37551554470303,173.914715584884,0.116771377417384,0.75,1,4
"CMU-TimeSeries",2026-02-21,0.379807662176805,0.446704149753702,108.921893714379,0.109045776179995,0.203086416525211,0.207739400983131,92.5423775988638,0.0790618564857719,1,1,4
"CMU-TimeSeries",2026-02-28,0.357515462268826,0.461987218443704,94.9125205140422,0.121283444430563,0.267478293676671,0.334058040886597,116.820238946931,0.14282299638393,0.75,1,4
"CMU-TimeSeries",2026-03-07,0.299717644099905,0.33760437334202,89.1990601579953,0.120544211480309,0.198866107201332,0.251951419781719,96.598046163747,0.143641227229264,0.75,1,4
"CMU-TimeSeries",2026-03-14,0.286854854844081,0.336047181966136,57.2706429097892,0.112473024438554,0.172123307866096,0.198913820255901,57.529380685378,0.106478167580589,0.75,1,4
"CMU-TimeSeries",2026-03-21,0.428408230242278,0.397098812871785,55.848986005306,0.126119576671479,0.305967516557925,0.304612196183704,66.9574746263763,0.146863575124058,0.75,1,4
"CMU-TimeSeries",2026-03-28,0.33907389071563,0.356571911434098,49.5170328536465,0.146673055139233,0.31816020835962,0.397082479265527,79.6659334569919,0.257757223226893,0.75,1,4
"CMU-TimeSeries",2026-04-04,0.315179827244163,0.343548721335305,27.0076309272084,0.128887841414333,0.195295102808551,0.294772078918772,25.0331682856354,0.128642227141373,0.75,1,4
"CMU-TimeSeries",2026-04-11,0.498890535308402,0.512391600495026,32.2961669926835,0.186397438040994,0.811741710514651,1.1077826984997,53.1813265746091,0.293956180206247,0.5,1,4
"CMU-TimeSeries",2026-04-25,0.753493786542751,0.608680691869958,40.1589579245605,0.269832848907543,2.66550464280841,3.26225970991787,76.8596466037485,0.482085135257109,0,1,4
"CMU-TimeSeries",2026-05-02,0.514085484981455,0.491446318523199,26.7057360354962,0.187503056531658,1.33901003068848,1.6835871569248,49.6719757366687,0.320669612550036,0.25,1,4
"CMU-TimeSeries",2026-05-09,0.441803636798431,0.455967022655287,22.9173356825153,0.181042132161952,1.08141566026695,1.3977860018628,42.9308387513891,0.310988102896111,0.25,1,4
"CMU-TimeSeries",2026-05-16,0.512494614658606,0.480091125327357,23.7973678099398,0.20820855695907,2.31696388404719,2.9106898120038,45.443938710371,0.368246348852352,0,1,4
"CMU-TimeSeries",2026-05-23,0.456666767128754,0.467157826971464,21.470946768701,0.206276702805535,1.68668077470961,2.22159204278999,39.9341995289525,0.355147057948575,0.25,1,4
"CU-ARNB_Net",2025-12-13,1.0280663569889,0.786279196543472,516.192826086957,0.769703296282512,0.930177584758528,0.851350903920219,709,1.14488241794769,0,0.25,4
"CU-ARNB_Net",2025-12-20,0.710376819223756,0.620446466565613,412.072173913044,0.513674418530588,0.893407325942541,0.814297542546574,769.5,0.903360701638037,0,1,4
"CU-ARNB_Net",2025-12-27,0.686160589647957,0.627036447207799,374.845217391304,0.385541081454445,0.866684742828296,0.807744753601681,708,0.683046324303167,0,1,4
"CU-ARNB_Net",2026-01-03,0.905471498532896,0.955225198419461,253.090108695652,0.223590789704698,1.00520655633102,1.02256369450071,453.25,0.357889037738957,0.75,1,4
"CU-ARNB_Net",2026-01-10,2.58315233277033,3.05768604837016,246.595108695652,0.212863013639754,3.37738481378576,3.9811317038295,449.5,0.352021814410241,0.75,1,4
"CU-ARNB_Net",2026-01-17,1.65187655733081,1.93589520833129,334.072065217391,0.262774949378355,1.86600165114068,2.16800854282191,629.25,0.464000446626908,0.25,1,4
"CU-ARNB_Net",2026-01-24,1.37605976797674,1.55992371406271,547.551195652174,0.407485220650115,1.48518631095705,1.72683431370267,928.75,0.688357273383209,0,1,4
"CU-ARNB_Net",2026-01-31,1.24471025908614,1.4010903667921,440.736956521739,0.314766573531523,1.44177116004972,1.63700152889169,780,0.547586345832012,0,1,4
"CU-ARNB_Net",2026-02-07,1.37233851470979,1.66643367868479,368.733043478261,0.266758563524767,1.75604657681278,2.09970344855572,667.25,0.467532981466951,0,1,4
"CU-ARNB_Net",2026-02-14,0.571908441445161,0.604275138141736,168.975326086957,0.116970508460448,0.307481706552321,0.310173947245988,145.5,0.0961010688181085,1,1,4
"CU-ARNB_Net",2026-02-21,0.415026117581945,0.514725015440128,118.163586956522,0.124807994880953,0.344776281003431,0.360412126591145,157.25,0.137211952414859,1,1,4
"CU-ARNB_Net",2026-02-28,0.627920784963196,1.03310878500518,165.766304347826,0.270766037242307,0.722239976856252,1.09668013843666,316,0.470620122300569,0.25,1,4
"CU-ARNB_Net",2026-03-07,0.247056037035415,0.339758702014263,73.6886956521739,0.12239332967323,0.141112464733113,0.186931114225956,70,0.10873674134425,1,1,4
"CU-ARNB_Net",2026-03-14,0.323270996352001,0.462488871543898,64.3285869565217,0.15526804573468,0.255599039571539,0.347322794277936,86.25,0.188683556714219,0.75,1,4
"CU-ARNB_Net",2026-03-21,0.647277064140045,0.891664544975111,84.1209782608696,0.284825954003705,0.708678906429016,0.999351174733894,155.75,0.486399456725329,0.5,1,4
"CU-ARNB_Net",2026-03-28,0.241285132359431,0.31339081074902,35.1096739130435,0.129337866857811,0.10474102396344,0.128742770360762,25.75,0.0820028422837793,1,1,4
"CU-ARNB_Net",2026-04-04,0.734397066935967,1.14449483289615,62.5964130434783,0.426365823161496,0.996421968173971,1.80130447379588,121.25,0.744619796899479,0.25,1,4
"CU-ARNB_Net",2026-04-11,0.800250276482797,1.03945502284043,51.9240217391304,0.379933666741097,1.47341573812032,2.46686314288809,95.25,0.646540793828373,0.5,1,4
"CU-ARNB_Net",2026-04-18,1.08189943919129,1.16549442782556,56.4083695652174,0.447618950418074,5.32769301195233,8.38161094562542,102.75,0.769431170181706,0.25,1,4
"CU-ARNB_Net",2026-04-25,1.31455724328653,1.35651085656143,70.3619565217391,0.605885895223186,4.36789735094609,7.03406480581309,126.25,1.04603077579335,0,1,4
"CU-ARNB_Net",2026-05-02,0.607782076144099,0.68683510151246,32.0530434782609,0.268222125134752,1.58417534241228,2.31131531570755,60,0.452717601369404,0.5,1,4
"CU-ARNB_Net",2026-05-09,0.452652382510097,0.494874724186405,23.7197826086956,0.199611317688059,0.869288515392257,1.21307024580639,35.25,0.276880921063773,1,1,4
"CU-ARNB_Net",2026-05-16,0.740600571065414,0.834689534394487,34.5783695652174,0.36618209104415,3.4863246760157,5.13384245862032,68.75,0.656283785239117,0,1,4
"CU-ARNB_Net",2026-05-23,0.502264322893046,0.569026139762642,23.7978260869565,0.254864709595348,1.8776245563032,2.68458748813882,45,0.436448489498739,0.5,1,4
"CU-ensemble",2025-11-22,0.57351138281197,0.239069431255294,42.0498913043478,0.128183012684422,0.378894358015274,0.260024736345214,47.75,0.145686910104865,1,1,4
"CU-ensemble",2025-11-29,0.364140149139407,0.181677533270848,51.573152173913,0.126628383668357,0.219282494785689,0.139480084326958,57.75,0.128164154423563,1,1,4
"CU-ensemble",2025-12-06,0.415802581954118,0.212908940769058,119.478043478261,0.174489745229397,0.374062853160297,0.2002753042194,193.75,0.23748554394408,0.75,1,4
"CU-ensemble",2025-12-13,0.72360639631295,0.471392851855896,369.934239130435,0.469079158848114,0.742463116707,0.55534351180287,574,0.757679697241237,0.25,0.75,4
"CU-ensemble",2025-12-20,0.513847252960487,0.364900300834906,297.254239130435,0.300430944271438,0.627902210365068,0.480837754822607,539.5,0.531089674884268,0.25,1,4
"CU-ensemble",2025-12-27,0.68233480740267,0.588932982274867,370.944782608696,0.359467738225827,0.820972067989774,0.749069199791629,667.5,0.629226108089673,0,1,4
"CU-ensemble",2026-01-03,0.815574738571392,0.853894255328621,226.543586956522,0.198208939357381,0.893236632126681,0.875804349427018,400,0.303880465638067,0.75,1,4
"CU-ensemble",2026-01-10,1.90476316948878,1.77819172747233,180.040869565217,0.12206888919238,0.799419651862064,0.797032627297707,105.5,0.0696516551542052,1,1,4
"CU-ensemble",2026-01-17,1.10175373369478,1.12869944255403,224.020326086957,0.153554429899242,1.1348039563022,1.16570920701711,388,0.252338168150203,0.75,1,4
"CU-ensemble",2026-01-24,1.45826443827276,1.5498213795054,581.607934782609,0.40545374130071,1.31421134139315,1.44818685038498,823.5,0.578063498657044,0,0.5,4
"CU-ensemble",2026-01-31,1.89445385638812,2.16014772282797,671.724673913043,0.486465377389273,1.58292495544702,1.88976661905935,858,0.634318408751466,0,0.25,4
"CU-ensemble",2026-02-07,1.19367317043277,1.35551288767781,319.895869565217,0.216174002601715,1.46037275699939,1.64744987746721,553.75,0.365715723373583,0.25,1,4
"CU-ensemble",2026-02-14,0.496048033132931,0.520252888372797,145.448913043478,0.0998548796459524,0.339609141576268,0.335290563983151,160,0.103343902610612,0.75,1,4
"CU-ensemble",2026-02-21,0.353725444311383,0.39744419002486,102.674347826087,0.0982760030462097,0.28089108193989,0.354075092395827,137.5,0.146760531685753,0.75,1,4
"CU-ensemble",2026-02-28,0.342017275992174,0.439801867512524,90.049347826087,0.114228360054148,0.281947565471407,0.318868246056083,122.25,0.134711874115534,0.75,1,4
"CU-ensemble",2026-03-07,0.305806988394867,0.352976388956661,90.6640217391304,0.125668257232894,0.30671667480835,0.373292240677641,149.75,0.213943377474845,0.75,1,4
"CU-ensemble",2026-03-14,0.342844679925447,0.400951980910251,68.6251086956522,0.135134496234611,0.270401250288856,0.319338407231612,92,0.175235723830356,0.75,1,4
"CU-ensemble",2026-03-21,0.479985330842281,0.588509718944497,62.4289130434783,0.187653798564162,0.362474098538385,0.385941283081452,79,0.185252718295648,0.75,1,4
"CU-ensemble",2026-03-28,0.284277746305194,0.35302444939301,41.3613043478261,0.145294701644879,0.165823218905707,0.201496457958679,41,0.128996614987707,1,1,4
"CU-ensemble",2026-04-04,0.459909931189118,0.582514190033291,39.1967391304348,0.21704342818758,0.363049385548107,0.518624732015333,44.5,0.215743911368622,1,1,4
"CU-ensemble",2026-04-11,0.580980710346699,0.664063476626166,37.2841304347826,0.239919224604425,0.760329988804766,1.05671418116809,50.5,0.284037740181716,1,1,4
"CU-ensemble",2026-04-18,1.0667005920674,1.17582786600488,55.3941304347826,0.448066154198504,4.85535155375777,6.98382693413375,93.25,0.636356353852849,0.25,1,4
"CU-ensemble",2026-04-25,1.27203104534351,1.28889261802432,67.9471739130435,0.572813986774855,3.82054681140897,5.48426605095904,110.25,0.812257868125653,0,1,4
"CU-ensemble",2026-05-02,0.62380068421018,0.703281152813945,32.6670652173913,0.271361203652977,1.5761931162278,2.14445999904874,59,0.413475115044738,0.25,1,4
"CU-ensemble",2026-05-09,0.390446489253611,0.458832105001079,20.3129347826087,0.18311025099248,0.660072626381928,0.809823202117709,26.25,0.180328123700519,1,1,4
"CU-ensemble",2026-05-16,0.619224652957801,0.696794372091124,28.6020652173913,0.301419811384257,2.3595227488435,2.9247333958511,46,0.366985505812059,0,1,4
"CU-ensemble",2026-05-23,2.98508591920427,11.3956564168807,138.25,4.93424092876784,5.94134889331552,31.5584395713475,138.25,4.93424092876784,0,0,4
"Cornell_JHU-hierarchSIR",2025-11-22,0.453339286799449,0.233744223631924,32.2425048913043,0.123293247381602,0.435832616591154,0.392848203684815,51.25,0.209784528886506,0.5,1,4
"Cornell_JHU-hierarchSIR",2025-11-29,0.481353867377307,0.219547897691282,71.4869190217391,0.159709262657091,0.36812930044998,0.223381952506605,106.75,0.226042611283465,0.5,0.75,4
"Cornell_JHU-hierarchSIR",2025-12-06,0.827555854700668,0.445184506578023,241.822289130435,0.37017455994956,0.651829957209659,0.46419196591803,315.25,0.517142210745152,0.25,0.5,4
"Cornell_JHU-hierarchSIR",2025-12-13,0.984043393960856,0.641135033044468,495.617126086957,0.628753442755358,0.766202815924377,0.595921765493493,585.75,0.801789484017975,0,0,4
"Cornell_JHU-hierarchSIR",2025-12-20,0.949764328418254,0.674477466624081,555.104953804348,0.562211431122306,0.755591140819206,0.626515477544265,653.25,0.697705315401893,0,0,4
"Cornell_JHU-hierarchSIR",2025-12-27,0.966128283770264,0.784846289028943,531.580532608696,0.485985897470098,0.827892257865859,0.763772274704273,679,0.649549750724379,0,0,4
"Cornell_JHU-hierarchSIR",2026-01-03,1.48407592251231,1.47116604921143,411.610335869565,0.340942424062771,1.31821692331964,1.42318848859951,591.25,0.494920415121306,0,0.25,4
"Cornell_JHU-hierarchSIR",2026-01-10,1.59330499074219,1.63556395571166,150.944702717391,0.112575413566975,2.07784801445263,2.21944513220132,272,0.192375902052896,0.25,1,4
"Cornell_JHU-hierarchSIR",2026-01-17,0.815132120651834,0.792482294042054,166.756604347826,0.108357342638026,0.709601847293701,0.677447574976667,249,0.150326049410891,0.75,1,4
"Cornell_JHU-hierarchSIR",2026-01-24,0.795479528251261,0.747924643190711,321.653423369565,0.197981196193097,0.810718889099499,0.780313236329213,516.5,0.316212334263363,0.5,0.75,4
"Cornell_JHU-hierarchSIR",2026-01-31,1.07562094127301,1.05525446021675,380.684464130435,0.23643246185429,1.07113037584604,1.10280569828379,579,0.368009479519917,0,0.5,4
"Cornell_JHU-hierarchSIR",2026-02-07,1.13041933159153,1.1944590447316,302.075901086957,0.189606016022326,1.29602839350332,1.40297683807619,490,0.310159476805122,0.25,0.75,4
"Cornell_JHU-hierarchSIR",2026-02-14,0.664296504512885,0.673810989667166,197.498752717391,0.131141164665262,0.645499093642412,0.674711394481018,311.875,0.213729840602207,0.5,1,4
"Cornell_JHU-hierarchSIR",2026-02-21,1.02989698862722,1.00974983520472,304.367089673913,0.254305914463642,0.990143682124413,0.992259428239527,476.125,0.399812824080341,0.5,0.75,4
"Cornell_JHU-hierarchSIR",2026-02-28,1.01867037422805,1.01215936267236,276.033039130435,0.269807324054236,0.99497685735376,0.996039783501046,446.5,0.434721782973923,0.25,1,4
"Cornell_JHU-hierarchSIR",2026-03-07,1.82004137473307,1.61373195938137,547.013858152174,0.580253318777273,1.63030099378997,1.40280067599313,810.25,0.81456831921618,0,0.25,4
"Cornell_JHU-hierarchSIR",2026-03-14,1.60133661958528,1.43843628394424,328.053932608696,0.494449532331135,1.42793782558161,1.28211067646979,496.25,0.714145618028117,0,0.5,4
"Cornell_JHU-hierarchSIR",2026-03-21,2.0399642233854,1.59421814544513,275.892261413044,0.523570893189145,1.75958281072413,1.46881066798919,401.25,0.732380097321338,0.25,0.5,4
"Cornell_JHU-hierarchSIR",2026-03-28,2.02081000237411,1.63910435913569,299.071195652174,0.680506263666384,1.72320043073622,1.43320201689211,437,0.935947871750619,0,0.25,4
"Cornell_JHU-hierarchSIR",2026-04-04,2.31574086929043,1.46169277996226,198.180326086957,0.543136254003828,2.51011081930714,1.97803025323499,306.75,0.814695025154519,0,0.25,4
"Cornell_JHU-hierarchSIR",2026-04-11,1.01641362307188,0.648238484023382,64.2703260869565,0.228672406850424,1.81251525931531,1.64454147610367,113.75,0.414280332052605,0,1,4
"Cornell_JHU-hierarchSIR",2026-04-18,0.448378336538268,0.26162767428296,22.9297826086957,0.0977093635250149,2.0787932013275,1.95397701530175,39.25,0.174107758495752,0.75,1,4
"Cornell_JHU-hierarchSIR",2026-04-25,0.268093516579146,0.15159547971518,14.3359782608696,0.0672195333020065,0.463232580687959,0.451420406309471,13.75,0.0685807290259905,1,1,4
"Cornell_JHU-hierarchSIR",2026-05-02,0.368725446161865,0.251075584980489,19.433152173913,0.0969369031162951,0.785622843045859,0.805092239165116,30,0.157654449225564,0.75,1,4
"Cornell_JHU-hierarchSIR",2026-05-09,0.347748742251402,0.249897901076631,18.1758695652174,0.0996382642784832,0.764074647517826,0.784310255298385,30.75,0.176545575002695,0.5,1,4
"Cornell_JHU-hierarchSIR",2026-05-16,0.312759348789292,0.20145174908543,14.4509782608696,0.0864569348416663,0.996609216775544,0.980022892795822,19.5,0.123079619778399,1,1,4
"Cornell_JHU-hierarchSIR",2026-05-23,0.317097918740344,0.217320303042633,14.6901086956522,0.0941970427859379,0.903565034797617,0.898694892901791,21,0.14043850147063,1,1,4
"Epistorm-Ensemble_Flu",2026-02-21,0.388624269677439,0.419503775880081,113.428937592946,0.104490867715811,0.363609210456252,0.436606012960419,175.481167945916,0.177436049036806,0.5,1,4
"Epistorm-Ensemble_Flu",2026-02-28,0.277278027024091,0.328195732341416,74.0245169664968,0.0865627969802637,0.199854556673437,0.251427631436273,89.6493846365007,0.110598775061479,1,1,4
"Epistorm-Ensemble_Flu",2026-03-07,0.285377654665827,0.330405895833761,84.6400917247206,0.117661817504675,0.259394775592724,0.322695112025676,126.386001586914,0.184631403186545,0.75,1,4
"Epistorm-Ensemble_Flu",2026-03-14,0.220365095262944,0.252432607800788,43.5171314249259,0.0836368766196447,0.154380023006257,0.15476869413465,51.2816619873047,0.0820211394553652,1,1,4
"Epistorm-Ensemble_Flu",2026-03-21,0.456059089027801,0.475282821516694,58.977900464771,0.150223173460316,0.476881205314766,0.544738249099573,104.109679121735,0.262012106661248,0.5,0.75,4
"Epistorm-Ensemble_Flu",2026-03-28,0.134754885334501,0.168940851155032,19.4156543069794,0.0685474231656356,0.0619246544196047,0.0736526036218888,15.2726335229521,0.0470254421661471,1,1,4
"Epistorm-Ensemble_Flu",2026-04-04,0.370834564127823,0.435197244857344,31.904986999866,0.163990988530924,0.447117505052161,0.708373752059101,55.6313351761135,0.300703306994281,0.75,1,4
"Epistorm-Ensemble_Flu",2026-04-11,0.583015801991998,0.590918784746358,37.9296627621728,0.215909704703274,1.00392483786066,1.39384146467438,64.7555922575712,0.363254483872253,0.5,1,4
"Epistorm-Ensemble_Flu",2026-04-18,0.841667301376228,0.769544590821106,43.7387538690647,0.293904692371098,3.88530602210202,5.2570475279798,74.9523033352306,0.481152296105694,0.25,1,4
"Epistorm-Ensemble_Flu",2026-05-02,0.435733611591282,0.415272946848962,22.8247867339372,0.160507035027957,1.09566525187918,1.38584722375632,41.040838399911,0.267416276762464,1,1,4
"Epistorm-Ensemble_Flu",2026-05-09,0.364308522511799,0.33679668820779,18.9635748880133,0.134172465309942,0.507556612893581,0.616238341126226,20.2531667516466,0.137783412512248,1,1,4
"Epistorm-Ensemble_Flu",2026-05-16,0.383680872244877,0.317752108173273,17.7103587947659,0.136469481288998,1.2903080482887,1.44321786116285,24.9717444110399,0.179427641749562,1,1,4
"Epistorm-Ensemble_Flu",2026-05-23,0.352525041501,0.344606674729505,16.5376563989848,0.152265002848585,1.008542441634,1.23335728495541,24.0189580917358,0.198320245267155,1,1,4
"FluSight-HJudge_ensemble",2025-11-22,0.541405706956688,0.253380005399874,39.7607608695652,0.136993200379353,0.248026412061513,0.201508134661079,30.25,0.109997203604688,1,1,4
"FluSight-HJudge_ensemble",2025-11-29,0.59619718441525,0.320219127218248,87.0603260869565,0.229622094016025,0.558942467000104,0.403799794193469,149.75,0.379924239284532,0.25,1,4
"FluSight-HJudge_ensemble",2025-12-06,0.730858406356594,0.419947698705814,213.323043478261,0.348783692383602,0.689829727677527,0.504618170076532,333.5,0.561970091435135,0.25,0.75,4
"FluSight-HJudge_ensemble",2025-12-13,0.649990413626239,0.429513720236819,325.980326086957,0.419516509091557,0.711841610614832,0.528785285201931,544,0.710926147951733,0,1,4
"FluSight-HJudge_ensemble",2025-12-20,0.390231129634725,0.26297391631582,225.313369565217,0.216120418906914,0.494640061722641,0.36051737300605,423.5,0.396569241925725,0.25,1,4
"FluSight-HJudge_ensemble",2025-12-27,0.33451900744601,0.227220720292934,183.059347826087,0.138993981611084,0.292432556934565,0.222177465241764,234.75,0.184132405295872,0.75,1,4
"FluSight-HJudge_ensemble",2026-01-03,0.705297735718401,0.487841726266725,198.868043478261,0.114383790045743,0.550298059252868,0.433928643063425,249.75,0.152438180038377,1,1,4
"FluSight-HJudge_ensemble",2026-01-10,1.93849468299186,1.50894127434658,182.125108695652,0.1029044361552,1.6914007288464,1.56404342901301,217.5,0.133251536721791,0.75,1,4
"FluSight-HJudge_ensemble",2026-01-17,0.828701975848857,0.789632545595011,167.36,0.106770836241421,0.648567911083546,0.613300513637128,226.25,0.135190403158022,1,1,4
"FluSight-HJudge_ensemble",2026-01-24,0.817130200512617,0.814956421533304,325.673913043478,0.21272676758797,0.947918668880588,0.938371987895235,596,0.375075912127414,0.25,1,4
"FluSight-HJudge_ensemble",2026-01-31,1.0424519234324,1.07744195979386,367.06597826087,0.240151999883291,1.22064064476374,1.28930968363327,657.25,0.428209972913753,0,1,4
"FluSight-HJudge_ensemble",2026-02-07,1.04353973834568,1.1416968692392,279.590434782609,0.181857734897841,1.29238393304022,1.39677021891252,488.5,0.308682167100863,0.25,1,4
"FluSight-HJudge_ensemble",2026-02-14,0.544990672747174,0.545614685197023,161.527826086957,0.105826379126941,0.521312383149601,0.548284545176362,250.5,0.172697423880422,0.75,1,4
"FluSight-HJudge_ensemble",2026-02-21,0.53005264422771,0.558415713886434,155.438695652174,0.139632351209694,0.509226404355381,0.587587963058873,246.75,0.239386508298104,0.5,1,4
"FluSight-HJudge_ensemble",2026-02-28,0.371096688810501,0.406336516631694,99.2205434782609,0.107032245639867,0.333826265489156,0.39022374801737,148.75,0.169645561828745,0.75,1,4
"FluSight-HJudge_ensemble",2026-03-07,0.361492044570174,0.394200797520971,107.551195652174,0.140665778391387,0.350848574889089,0.425510531073964,172,0.244938269295038,0.5,1,4
"FluSight-HJudge_ensemble",2026-03-14,0.364606570334295,0.388201952872033,73.3848913043478,0.1311817440339,0.297608605992205,0.372453670208348,102.5,0.20718453819034,1,1,4
"FluSight-HJudge_ensemble",2026-03-21,0.400617577476525,0.393253130606771,51.9259782608696,0.124255737791765,0.307034511302859,0.286123107596446,66.5,0.135765914652286,0.75,1,4
"FluSight-HJudge_ensemble",2026-03-28,0.356539670265838,0.370195478003767,52.1404347826087,0.152458765430789,0.347369124784912,0.432170068260541,87.25,0.281362617606281,1,1,4
"FluSight-HJudge_ensemble",2026-04-04,0.305961504802072,0.300320608891089,26.0296739130435,0.111552245136538,0.166714018021527,0.235737383117741,21,0.100909211491564,1,1,4
"FluSight-HJudge_ensemble",2026-04-11,0.440967601132,0.424843020791651,28.4001086956522,0.15376389755634,0.647351969073119,0.872286919824113,43.5,0.237913914848764,1,1,4
"FluSight-HJudge_ensemble",2026-04-18,0.708927360322505,0.608364069576568,36.7998913043478,0.231692915609642,3.37068386750908,4.32375651200781,65,0.395173947319082,0.25,1,4
"FluSight-HJudge_ensemble",2026-04-25,0.795732810465652,0.629309386646933,42.3979347826087,0.278936667878042,2.73892687672186,3.38748715636107,79,0.500862506655652,0,1,4
"FluSight-HJudge_ensemble",2026-05-02,0.419902275490386,0.391951560785353,21.9598913043478,0.150945350166409,0.972815126977454,1.20882346643599,36.5,0.233592916699751,1,1,4
"FluSight-HJudge_ensemble",2026-05-09,0.359404693311987,0.331527664124395,18.6992391304348,0.131963600657134,0.426855762479401,0.513684975676496,17,0.114571027984084,1,1,4
"FluSight-HJudge_ensemble",2026-05-16,0.313942302180309,0.249754036816924,14.4564130434783,0.107054283188233,0.761487778480286,0.814150515322701,14.75,0.10140034143563,1,1,4
"FluSight-HJudge_ensemble",2026-05-23,0.273242527891292,0.223826660000938,12.7208695652174,0.0977122451051536,0.329181350444571,0.376414377942524,8,0.0616293848912108,1,1,4
"FluSight-baseline",2025-11-22,1,1,73.4529347826087,0.548490008559566,1,1,124.25,0.562702430925931,1,1,4
"FluSight-baseline",2025-11-29,1,1,142.925543478261,0.710904217218086,1,1,264,0.935326449791488,0,1,4
"FluSight-baseline",2025-12-06,1,1,286.632934782609,0.821660074667123,1,1,478.5,1.10862502787326,0,1,4
"FluSight-baseline",2025-12-13,1,1,500.318586956522,0.97910499152145,1,1,762,1.34715962817104,0,0.75,4
"FluSight-baseline",2025-12-20,1,1,578.999565217391,0.826814765592249,1,1,860,1.10770399458989,0,0.75,4
"FluSight-baseline",2025-12-27,1,1,544.849456521739,0.612965852580125,1,1,815.25,0.843131504173712,0,0.75,4
"FluSight-baseline",2026-01-03,1,1,276.00097826087,0.230769417625997,1,1,446.5,0.345779232582892,0,1,4
"FluSight-baseline",2026-01-10,1,1,95.9088043478261,0.0697751712843532,1,1,134.75,0.0892495772112318,0.5,1,4
"FluSight-baseline",2026-01-17,1,1,203.245,0.136035712521818,1,1,339.75,0.214762936984692,0,1,4
"FluSight-baseline",2026-01-24,1,1,395.518804347826,0.259154735356979,1,1,624.5,0.396717243434323,0,1,4
"FluSight-baseline",2026-01-31,1,1,350.400217391304,0.22164058679021,1,1,536,0.330161802378958,0.25,1,4
"FluSight-baseline",2026-02-07,1,1,266.275326086957,0.157835842875353,1,1,375.25,0.218868896580653,0.5,1,4
"FluSight-baseline",2026-02-14,1,1,300.580217391304,0.196830872494088,1,1,487.75,0.318790191836033,0,1,4
"FluSight-baseline",2026-02-21,1,1,297.392282608696,0.252934876361202,1,1,482.75,0.404288736034536,0,1,4
"FluSight-baseline",2026-02-28,1,1,271.733586956522,0.266974880443314,1,1,451,0.438318546684281,0,1,4
"FluSight-baseline",2026-03-07,1,1,300.251195652174,0.359511552714573,1,1,498,0.582534540431437,0,1,4
"FluSight-baseline",2026-03-14,1,1,203.880869565217,0.341756089961086,1,1,348.5,0.559712255292748,0,1,4
"FluSight-baseline",2026-03-21,1,1,133.163586956522,0.323457868331576,1,1,225.75,0.495903915501189,0,1,4
"FluSight-baseline",2026-03-28,1,1,146.985326086957,0.412962318691076,1,1,253,0.65342125386329,0,1,4
"FluSight-baseline",2026-04-04,1,1,86.0147826086957,0.374139676764976,1,1,123,0.415043202906719,0.75,1,4
"FluSight-baseline",2026-04-11,1,1,64.125,0.358870830891528,1,1,63,0.252653019606531,1,1,4
"FluSight-baseline",2026-04-18,1,1,52.153152173913,0.381388616470443,1,1,19,0.0896046328487383,0.75,1,4
"FluSight-baseline",2026-04-25,1,1,53.7847826086957,0.447351984272403,1,1,28.25,0.144139251233611,0.75,1,4
"FluSight-baseline",2026-05-02,1,1,53.2689130434783,0.388862773166147,1,1,38.5,0.197182822607235,1,1,4
"FluSight-baseline",2026-05-09,1,1,52.8352173913043,0.402076440966419,1,1,40.75,0.227642280187516,1,1,4
"FluSight-baseline",2026-05-16,1,1,47.463152173913,0.441388648945181,1,1,20,0.128245624598097,1,1,4
"FluSight-baseline",2026-05-23,1,1,47.5013043478261,0.444989212403875,1,1,23.75,0.159509272038918,1,1,4
"FluSight-ensemble",2025-11-22,0.480810997054061,0.243654762900924,35.1230434782609,0.131499364370355,0.2831225308535,0.221496221962447,34.5,0.120796791956866,1,1,4
"FluSight-ensemble",2025-11-29,0.658271018365355,0.364236504557113,96.1414130434783,0.261475186179328,0.645015616583689,0.490047949940783,172.75,0.462001941363036,0.25,1,4
"FluSight-ensemble",2025-12-06,0.767727462673644,0.447949265916762,223.52097826087,0.371438278366928,0.698424618415308,0.515366680440499,337.5,0.573738638141872,0.25,0.75,4
"FluSight-ensemble",2025-12-13,0.775669146126804,0.522855072013333,389.702934782609,0.511845094460508,0.77429256397943,0.603846740690219,592.25,0.813277727071675,0,0.5,4
"FluSight-ensemble",2025-12-20,0.482585843179911,0.334751850504769,279.165326086956,0.275832647374941,0.596963105476637,0.449312746106274,513,0.496306599700662,0,1,4
"FluSight-ensemble",2025-12-27,0.388588714768227,0.2866655123744,210.930543478261,0.174361801390855,0.386674409149462,0.304425831194332,311.25,0.253074579233536,0.5,1,4
"FluSight-ensemble",2026-01-03,0.677827264417839,0.474544340499044,191.27652173913,0.111325060052474,0.489989960021062,0.393187609086525,222.25,0.138012191238073,1,1,4
"FluSight-ensemble",2026-01-10,1.82637652847436,1.44703512052475,171.8875,0.0988683569724353,1.43842595869306,1.34416623070101,184.5,0.114246768107964,1,1,4
"FluSight-ensemble",2026-01-17,0.904168109195335,0.884005212534882,183.003804347826,0.119823049084444,0.757906877193289,0.729267068953558,263,0.159976264815275,0.75,1,4
"FluSight-ensemble",2026-01-24,0.964158953872031,0.98207155901109,384.112934782609,0.256307336516209,1.11074026023704,1.14850322949473,696.25,0.457901858339022,0,1,4
"FluSight-ensemble",2026-01-31,1.0576245119506,1.09714736331917,372.622826086957,0.244702839621963,1.21739146476463,1.28708985503637,656,0.427881547101356,0,1,4
"FluSight-ensemble",2026-02-07,1.09964560529516,1.18962107379636,294.186195652174,0.18909717774668,1.29768411968928,1.39941846498138,490.25,0.30904187767817,0.5,1,4
"FluSight-ensemble",2026-02-14,0.579584076923553,0.586515747890958,172.294782608696,0.114184171143304,0.615440534378071,0.647693248669057,296.75,0.20464718238063,0.5,1,4
"FluSight-ensemble",2026-02-21,0.590828601999603,0.613701371789301,173.4875,0.153585682306886,0.594713389127251,0.668832447818408,289.25,0.273253445637978,0.5,1,4
"FluSight-ensemble",2026-02-28,0.400297632471096,0.433038792825573,107.246956521739,0.114242978924553,0.346820978521679,0.404345569344296,154.5,0.175737470644051,0.75,1,4
"FluSight-ensemble",2026-03-07,0.371940987920514,0.409998678504745,110.889239130435,0.146617894142485,0.345495527796733,0.421726447167383,169.5,0.242983476124989,0.5,1,4
"FluSight-ensemble",2026-03-14,0.347238641584202,0.372484135520476,69.7353260869565,0.125601768836803,0.299556616263522,0.370354290743629,102.75,0.205044036782892,1,1,4
"FluSight-ensemble",2026-03-21,0.414342149978725,0.394883796126578,53.8080434782609,0.124890661234384,0.256924218633825,0.219038767305859,55.5,0.103420570404318,0.75,1,4
"FluSight-ensemble",2026-03-28,0.410781117402146,0.419000195583343,60.2319565217391,0.172974777273937,0.372673151999579,0.460584960273604,93.75,0.300287580146655,0.75,1,4
"FluSight-ensemble",2026-04-04,0.33888925264624,0.339315763760947,28.9135869565217,0.126415699954221,0.167806717293755,0.240269073572327,21.75,0.106430299281775,1,1,4
"FluSight-ensemble",2026-04-11,0.443372729676552,0.420584678079052,28.4994565217391,0.151870370740201,0.582875248494744,0.764696100407157,39,0.207451160896607,1,1,4
"FluSight-ensemble",2026-04-18,0.642783139771132,0.554558417903827,33.2757608695652,0.210730753304197,2.97658900910597,3.69707671794947,57.5,0.3385319143021,0.25,1,4
"FluSight-ensemble",2026-04-25,0.726606439722531,0.581268324960757,38.6889130434783,0.257486549310821,2.56887925965273,3.0971575549137,74,0.457025424223394,0,1,4
"FluSight-ensemble",2026-05-02,0.392686385669481,0.346870755415732,20.5104347826087,0.13315185375066,0.700413565235697,0.808333215586021,26,0.154010637472592,1,1,4
"FluSight-ensemble",2026-05-09,0.358366792258354,0.313185433140053,18.6459782608696,0.124526045718016,0.180895176676316,0.190014297133474,7,0.0409829059494902,1,1,4
"FluSight-ensemble",2026-05-16,0.353635249952781,0.283602922796298,16.3420652173913,0.121925046615847,0.754918299937072,0.79571623574459,14.5,0.0981437167864678,1,1,4
"FluSight-ensemble",2026-05-23,0.30705112803296,0.256373179446846,14.3332608695652,0.112230167326101,0.315907457311924,0.362864173575633,7.75,0.0600284148844097,1,1,4
"FluSight-lop_norm",2025-11-22,0.568197345319207,0.311200321757012,41.6813043478261,0.168532237439885,0.389131227998312,0.301970663751648,48,0.16701541386054,1,1,4
"FluSight-lop_norm",2025-11-29,0.654092659279339,0.378726413778318,95.0557608695652,0.270965664898166,0.671262776979263,0.518864711669011,179.5,0.488607059162379,0.5,1,4
"FluSight-lop_norm",2025-12-06,0.716669807373471,0.439321241619004,207.517391304348,0.362701509696321,0.738473763886259,0.567028684235739,355.5,0.629098218660564,0.25,1,4
"FluSight-lop_norm",2025-12-13,0.686167172154522,0.49043040987479,343.880217391304,0.479192238526337,0.796657498191777,0.63402963276966,609,0.853640908092134,0,1,4
"FluSight-lop_norm",2025-12-20,0.476235043223161,0.345468244659905,275.877826086957,0.285000264495177,0.615645187625909,0.468830921887018,529.5,0.51831031079827,0,1,4
"FluSight-lop_norm",2025-12-27,0.438048795749301,0.333378606167365,239.389130434783,0.204079997939593,0.465970140855412,0.371530137611729,376.5,0.310024919809495,0.5,1,4
"FluSight-lop_norm",2026-01-03,0.927657430797746,0.650108335192166,261.616195652174,0.152200884895899,0.524665345857154,0.422014218074919,238,0.1480514053628,1,1,4
"FluSight-lop_norm",2026-01-10,2.40047497661237,1.88735618943694,226.714891304348,0.12939708107915,1.38915361336753,1.3054007141304,178.25,0.110991744215291,1,1,4
"FluSight-lop_norm",2026-01-17,1.04395591088176,1.08661525952106,209.559347826087,0.146226283219879,0.764558264249344,0.734647629621719,265.25,0.161164939147566,1,1,4
"FluSight-lop_norm",2026-01-24,0.948404513162603,1.008446322288,377.698369565217,0.263364654144144,1.09745237288396,1.13207204048448,689,0.452170922574962,0,1,4
"FluSight-lop_norm",2026-01-31,0.993969838852673,1.0600647814728,350.946847826087,0.237153425571663,1.18075579896609,1.24039176268502,637,0.412984169634131,0,1,4
"FluSight-lop_norm",2026-02-07,1.05833609218353,1.1664333006392,283.643043478261,0.185852278595237,1.26840390590812,1.35898918258096,479,0.299958606229181,0.5,1,4
"FluSight-lop_norm",2026-02-14,0.628750453568167,0.627111445395817,186.925108695652,0.122000660917856,0.621179579800115,0.6531499589791,299.5,0.206330871319269,0.5,1,4
"FluSight-lop_norm",2026-02-21,0.592292452822839,0.594456433631601,172.677173913043,0.147510003166826,0.519559386222905,0.598191913257092,252.5,0.244422420298635,0.75,1,4
"FluSight-lop_norm",2026-02-28,0.439109816400972,0.491951720448021,117.41902173913,0.129642757431335,0.305277930236713,0.359199536274588,136,0.156238035358043,1,1,4
"FluSight-lop_norm",2026-03-07,0.400445517352195,0.439068481437226,119.266413043478,0.156930962118796,0.353177795319141,0.429363899205807,173.25,0.247309011467964,0.5,1,4
"FluSight-lop_norm",2026-03-14,0.394783496718375,0.442383702228786,79.3891304347826,0.149441352353619,0.302071554103924,0.373552122566067,103.75,0.207147674549707,1,1,4
"FluSight-lop_norm",2026-03-21,0.475359680145365,0.501664757331751,61.9633695652174,0.159522398020858,0.265141558418383,0.234552015734188,57.5,0.111479068004752,0.75,1,4
"FluSight-lop_norm",2026-03-28,0.391173224489927,0.41582904507851,57.2261956521739,0.171362480046299,0.300189244765255,0.378410137571279,75.25,0.245976778875394,1,1,4
"FluSight-lop_norm",2026-04-04,0.403022914875034,0.441031245401576,34.3777173913044,0.164312100405611,0.149398048160193,0.213982971595054,19.5,0.0951404000734368,1,1,4
"FluSight-lop_norm",2026-04-11,0.493992046638798,0.50434449799376,31.7304347826087,0.1821796984118,0.599992452996777,0.792534270078486,40,0.21372934788693,1,1,4
"FluSight-lop_norm",2026-04-18,0.663363350698264,0.606831385902169,34.3672826086956,0.230818330570196,2.90038254583417,3.57828102189382,56,0.327438655045871,0.25,1,4
"FluSight-lop_norm",2026-04-25,0.751250240508708,0.647092319684734,40.0583695652174,0.287297900171604,2.6098149242838,3.1741858172299,75.25,0.469047873985768,0,1,4
"FluSight-lop_norm",2026-05-02,0.417026557154208,0.383468838022196,21.7977173913044,0.147341976688574,0.677711330017116,0.791494322386684,25.25,0.151413193660721,1,1,4
"FluSight-lop_norm",2026-05-09,0.388766288373647,0.352122467082156,20.2353260869565,0.139990660027319,0.299100083766231,0.332565803586364,11.75,0.0730169461134862,1,1,4
"FluSight-lop_norm",2026-05-16,0.388061293542809,0.326197080340476,17.9847826086957,0.140781667728124,0.853595958684348,0.918728199365335,16.5,0.114118924948359,1,1,4
"FluSight-lop_norm",2026-05-23,0.333713767529545,0.297066277197207,15.6327173913043,0.130761771982537,0.356292933269774,0.415063284177501,8.75,0.0687981361707892,1,1,4
"FluSight-trained_mean",2025-11-22,0.480810997054061,0.243654762900924,35.1230434782609,0.131499364370355,0.2831225308535,0.221496221962447,34.5,0.120796791956866,1,1,4
"FluSight-trained_mean",2025-11-29,0.424369940480969,0.236003088553556,60.2938057973678,0.165814601033595,0.240580450564472,0.147721190954572,64.7008627712973,0.138328357179572,1,1,4
"FluSight-trained_mean",2025-12-06,0.434348045483318,0.252602771926806,124.662149254062,0.206579343018349,0.458105094756697,0.287038909799837,221.844394374744,0.318723898671403,0.75,1,4
"FluSight-trained_mean",2025-12-13,0.409965055005124,0.268468495714764,205.254424418347,0.261505065756926,0.503984533531642,0.3324823072661,384.677888082397,0.445086396690949,0.25,1,4
"FluSight-trained_mean",2025-12-20,0.342429993564559,0.232267801088346,197.621366905021,0.190878081248945,0.432277949739941,0.304701904495032,370.017421150841,0.335073805422818,0.5,1,4
"FluSight-trained_mean",2025-12-27,0.313864561696343,0.210934956700658,171.344591799107,0.12867311866622,0.25748459621217,0.195568643912997,206.024680905168,0.161620460704022,0.75,1,4
"FluSight-trained_mean",2026-01-03,0.817731735854096,0.53992025668808,231.070689953573,0.126836486529851,0.758190469846802,0.575520686308922,347.620884097254,0.203920572108481,0.75,1,4
"FluSight-trained_mean",2026-01-10,2.25416322708245,1.69943028056016,212.110320347821,0.115994868317578,2.30795555205267,2.07154344371008,297.944184720299,0.177128947917415,0.75,1,4
"FluSight-trained_mean",2026-01-17,0.845327496487353,0.796389216232789,169.13044535075,0.106623219959747,0.548432011095548,0.506178796068931,191.174719278229,0.111331637737416,1,1,4
"FluSight-trained_mean",2026-01-24,0.704438771043626,0.677663925993089,280.586591752077,0.176654514885701,0.825715421385042,0.791127448239677,519.308701191496,0.316068626721212,0.25,1,4
"FluSight-trained_mean",2026-01-31,0.778828136747095,0.782226323965456,275.461495543028,0.175227882668331,0.940311388600212,0.937291297319472,508.379776880587,0.312761986522714,0.5,1,4
"FluSight-trained_mean",2026-02-07,1.01350273494496,1.09486785129811,271.413579004814,0.174237067911931,1.223623385644,1.30621607942165,462.249236601569,0.288476081012792,0.5,1,4
"FluSight-trained_mean",2026-02-14,0.62880118966617,0.625479939369876,187.364649622552,0.121952459475338,0.627544027711815,0.65970433165062,303.037166128718,0.208731119565762,0.5,1,4
"FluSight-trained_mean",2026-02-21,0.540265464630587,0.553614189671403,157.400158121487,0.137296812608734,0.41236477734926,0.497583174180295,203.136467931232,0.206186607994781,0.75,1,4
"FluSight-trained_mean",2026-02-28,0.594528014701675,0.597599156810154,159.692707953141,0.157941670289821,0.526873078377392,0.598062593896031,237.305304767635,0.262361564414922,0.75,1,4
"FluSight-trained_mean",2026-03-07,0.464070514256576,0.489401373531049,138.240182311684,0.174857900351053,0.449474181010699,0.530640278126324,221.318542106892,0.306650880076359,0.5,1,4
"FluSight-trained_mean",2026-03-14,0.407068770915538,0.431793684328716,82.2154363534873,0.146491255448994,0.338603664206311,0.424680328900508,117.542459838834,0.238086656256194,0.75,1,4
"FluSight-trained_mean",2026-03-21,0.447382166724486,0.422789961366286,58.3454968029622,0.134290576197176,0.330383071234458,0.333921170964654,72.4349527590994,0.161380781133334,0.75,1,4
"FluSight-trained_mean",2026-03-28,0.223789745334803,0.264288436036115,32.6083788743098,0.10868404303655,0.102275434353808,0.13396042480886,25.3520520601226,0.0860481545024061,1,1,4
"FluSight-trained_mean",2026-04-04,0.405867946213172,0.501495139414702,34.8318467427921,0.188494968454312,0.435488692706584,0.688083432224657,54.0295107207968,0.290492962270606,0.75,1,4
"FluSight-trained_mean",2026-04-11,0.638254063602469,0.724226099259825,41.351012063057,0.263753659876894,1.15484529469772,1.72064451957166,74.8081486537835,0.451026226444564,0.5,1,4
"FluSight-trained_mean",2026-04-18,0.975392481962177,0.917722259977588,50.7198468963108,0.350316158875448,4.60256187204964,6.50439421860354,88.5157783754942,0.593709924830965,0.25,1,4
"FluSight-trained_mean",2026-04-25,1.04166200166347,0.894628707716675,55.6693698949143,0.398097483000564,3.38436745677342,4.58687092542742,97.7597393975,0.680095562066485,0,1,4
"FluSight-trained_mean",2026-05-02,0.52342946636095,0.50183862060783,27.3782062161489,0.193010316232183,1.3821262558794,1.80355871176602,51.6541599907463,0.34691773854623,0.25,1,4
"FluSight-trained_mean",2026-05-09,0.287314743344693,0.227715431306147,14.942321285132,0.0903013699632015,0.118661682302798,0.121874096843955,4.59701009717962,0.0263167307897429,1,1,4
"FluSight-trained_mean",2026-05-16,0.282233966024664,0.197743125017208,13.1267949842457,0.0853716268877534,0.247707429520604,0.240988653812216,4.7091556903388,0.0293654536499952,1,1,4
"FluSight-trained_mean",2026-05-23,0.233878301765901,0.185081321111493,10.9219683004659,0.0810146220776538,0.240639530396728,0.275220388565881,6.02768635911074,0.0465841927888953,1,1,4
"FluSight-trained_med",2025-11-22,0.480810997054061,0.243654762900924,35.1230434782609,0.131499364370355,0.2831225308535,0.221496221962447,34.5,0.120796791956866,1,1,4
"FluSight-trained_med",2025-11-29,0.583188180975965,0.319251011820918,84.9692307316144,0.228760247332088,0.558432990792324,0.399184465614052,150.112973851763,0.376838056935393,0.5,1,4
"FluSight-trained_med",2025-12-06,0.622952521541251,0.352631166289434,181.409163915127,0.292165789888696,0.618534938343177,0.425709536671691,299.716210143144,0.474714080843892,0.25,1,4
"FluSight-trained_med",2025-12-13,0.667077234865187,0.4445089449426,335.078467372616,0.43496298483205,0.732382941965061,0.549784721289005,560.74523798975,0.740886311356097,0,1,4
"FluSight-trained_med",2025-12-20,0.391724018103814,0.265216722639993,226.070777343542,0.217916710033421,0.494028914298325,0.359433529008623,423.047469300041,0.395461047191935,0.25,1,4
"FluSight-trained_med",2025-12-27,0.328351493475805,0.229250446459131,178.984781020179,0.139819988830268,0.29430146971568,0.224024255082116,236.251193806206,0.185665517000344,0.5,1,4
"FluSight-trained_med",2026-01-03,0.731829812912215,0.516641307453616,205.597902689565,0.120864688165697,0.520415032013519,0.413198450380075,235.603459596545,0.144834466124524,1,1,4
"FluSight-trained_med",2026-01-10,1.5893895564906,1.35352700793115,150.29148538803,0.093051809299338,1.02098642904407,1.00040611818964,131.567222532823,0.0854577865114452,1,1,4
"FluSight-trained_med",2026-01-17,0.898525845921197,0.902540443028558,181.484653486487,0.122151081973872,0.732179304234012,0.700634443911687,253.9775,0.153588767251305,0.75,1,4
"FluSight-trained_med",2026-01-24,0.907629365750734,0.9292370521669,362.444459637068,0.243132731025361,1.00055126445414,1.00599650958793,630.093367319802,0.402979010264901,0,1,4
"FluSight-trained_med",2026-01-31,1.07373220180725,1.12037364313317,378.739966194648,0.250210344885747,1.22196634248525,1.29331534602255,658.47343386538,0.429961503495117,0,1,4
"FluSight-trained_med",2026-02-07,1.01763703049023,1.08062036348552,272.242524516449,0.171633027480618,1.19425392238574,1.25143102806084,449.861278020833,0.275246704105421,0.5,1,4
"FluSight-trained_med",2026-02-14,0.637675682730311,0.641331036908825,190.484389369421,0.125442838252717,0.658543031213788,0.694089150737202,319.88494405026,0.220967359321325,0.5,1,4
"FluSight-trained_med",2026-02-21,0.682818291315815,0.700697016220455,200.916214324519,0.175777960221493,0.625058835788513,0.69620661719431,304.09944119317,0.284412390553717,0.5,1,4
"FluSight-trained_med",2026-02-28,0.472904835953729,0.496069041881984,126.571499650967,0.130697930334809,0.403590321416439,0.463197531042745,179.277684077334,0.200716182370382,0.75,1,4
"FluSight-trained_med",2026-03-07,0.395123399328979,0.425616103060339,117.727294524545,0.152107449551445,0.35691360041565,0.438270043361023,175.567300318287,0.253127696127632,0.5,1,4
"FluSight-trained_med",2026-03-14,0.357496056199209,0.383167380818058,71.7540344715591,0.129103244165483,0.291443144764972,0.365930705065155,100.376559094718,0.203549667837433,1,1,4
"FluSight-trained_med",2026-03-21,0.426244770648964,0.404044246217718,55.3538574462419,0.127739745495484,0.302740179317392,0.283334547129492,65.8042339756143,0.135131775724983,0.75,1,4
"FluSight-trained_med",2026-03-28,0.433995702597088,0.437097518005301,63.6294864073823,0.180351416594314,0.394801268604716,0.481819912365454,99.25,0.313871707980763,0.5,1,4
"FluSight-trained_med",2026-04-04,0.338146121335185,0.33910046091646,28.8194952773088,0.126242488806556,0.178144126197212,0.252196194039253,22.7240509325762,0.10989554886294,1,1,4
"FluSight-trained_med",2026-04-11,0.467100347479844,0.451199260368849,29.9722802375612,0.162716852442975,0.554670874196675,0.733327546250954,37.6323414383821,0.201854674171339,1,1,4
"FluSight-trained_med",2026-04-18,0.68284745197801,0.601234094001278,35.3593680129285,0.228541608886645,3.09079694862085,3.87548306360401,59.7043742321729,0.354914708044577,0.25,1,4
"FluSight-trained_med",2026-04-25,0.760497279945426,0.623847238945321,40.5354007835665,0.276888984460893,2.72108784337864,3.35760163908366,78.4357200029329,0.4960169709864,0,1,4
"FluSight-trained_med",2026-05-02,0.387410408225562,0.328892344590917,20.2193946463943,0.126030986068462,0.620497351642981,0.707298357148337,23.0178631791723,0.134611244056159,1,1,4
"FluSight-trained_med",2026-05-09,0.336675888836532,0.277256324141508,17.5419343537516,0.110285387036901,0.131155125851214,0.149594193566298,5.33173422407363,0.034070597087599,1,1,4
"FluSight-trained_med",2026-05-16,0.299523097304126,0.2208722379714,13.8299540983125,0.0947143162744227,0.546238841687697,0.556877405963061,10.4035018235412,0.0680213796859908,1,1,4
"FluSight-trained_med",2026-05-23,0.252842008263654,0.190932606797839,11.7623602217049,0.0832079995888576,0.202374707953867,0.212177194089251,4.66958521851721,0.0328954510223549,1,1,4
"Gatech-ensemble_prob",2025-11-22,0.705469898169742,0.440625961863704,51.8221739130435,0.239896700302802,0.754154109294175,0.668716196572401,93,0.37202513283703,0.75,1,4
"Gatech-ensemble_prob",2025-11-29,0.769997089839528,0.448194673047419,113.631630434783,0.326233150811444,0.676904098715614,0.526204064037999,185.25,0.509011145348501,0.5,1,4
"Gatech-ensemble_prob",2025-12-06,1.07474801779689,0.724518135663825,312.559239130435,0.601583140853324,0.899469724814047,0.800274787989269,432.75,0.890987767541712,0.25,0.5,4
"Gatech-ensemble_prob",2025-12-13,0.885054030157638,0.693582915177593,445.580326086957,0.679787217332916,0.892945529752035,0.784293592475215,681.5,1.05585214962998,0,0.5,4
"Gatech-ensemble_prob",2025-12-20,0.467946898814361,0.334275144730026,269.643695652174,0.274259069312948,0.559389026203251,0.423766776977851,478.75,0.466118021888553,0.5,1,4
"Gatech-ensemble_prob",2025-12-27,0.591189615831267,0.514380834423325,319.912173913043,0.312030243074178,0.69721779847059,0.624838676157724,562.75,0.520408032740254,0.25,1,4
"Gatech-ensemble_prob",2026-01-03,0.498386739094197,0.406283203220729,137.437717391304,0.0935597670472704,0.379686684724724,0.330151562580192,166.5,0.112110772740741,0.75,1,4
"Gatech-ensemble_prob",2026-01-10,1.64690198280315,1.65971294350155,155.290652173913,0.113527460959363,1.20515767018536,1.26896029454849,156.5,0.108943620990771,1,1,4
"Gatech-ensemble_prob",2026-01-17,1.37629259095001,1.50370758993597,283.570326086957,0.207976669234625,1.38194738025881,1.54912324893779,481.25,0.341501721579496,0.5,1,4
"Gatech-ensemble_prob",2026-01-24,1.31237777269285,1.35821155234794,523.332391304348,0.355048223697591,1.27691430290774,1.38599824312255,799.5,0.552406991082376,0,0.5,4
"Gatech-ensemble_prob",2026-01-31,1.38139983560673,1.44587948433753,484.850760869565,0.32107018351251,1.37609328846829,1.50366554777862,739.25,0.497971495581821,0,0.5,4
"Gatech-ensemble_prob",2026-02-07,1.43729730027614,1.56053225593491,383.691630434783,0.247353770101299,1.5292278014829,1.70826576471947,577.75,0.377128743915932,0.25,0.5,4
"Gatech-ensemble_prob",2026-02-14,0.789963279922558,0.78687063072899,232.277608695652,0.151485277147562,0.794072271520244,0.799261154004047,377.5,0.248298381278578,0.25,1,4
"Gatech-ensemble_prob",2026-02-21,0.832154576515244,0.833544709415129,246.047608695652,0.210005805921688,0.883436854864542,0.89744426247278,422.5,0.360039198212259,0,1,4
"Gatech-ensemble_prob",2026-02-28,0.366838337567254,0.408409695261009,98.4243478260869,0.107846185956555,0.329420217660771,0.38737114056661,147.75,0.169932894061956,0.75,1,4
"Gatech-ensemble_prob",2026-03-07,0.308787747484842,0.360400468669276,91.9639130434783,0.128910138186407,0.288706655489519,0.366995681869558,141.75,0.211663486447876,0.5,1,4
"Gatech-ensemble_prob",2026-03-14,0.493578381803348,0.525272953178531,100.112608695652,0.179089503880992,0.458685964992591,0.548065104983942,160.25,0.309236372374105,0.25,1,4
"Gatech-ensemble_prob",2026-03-21,0.526494653794415,0.499361017798347,69.8630434782609,0.161532985721735,0.529815159786602,0.592561476066466,119,0.293562134710545,1,1,4
"Gatech-ensemble_prob",2026-03-28,0.525782168654137,0.519374753846657,76.9603260869565,0.214079178749939,0.551348259232239,0.632006434016916,138.5,0.411277483136603,0,1,4
"Gatech-ensemble_prob",2026-04-04,0.521407189633923,0.428248978702146,44.5129347826087,0.159279842068017,0.486291112179151,0.528940483027553,59,0.217079294731817,1,1,4
"Gatech-ensemble_prob",2026-04-11,0.582456559489511,0.66135510394314,37.5425,0.241584470313009,0.906649137429485,1.29129867123245,59.5,0.343109276793827,1,1,4
"Gatech-ensemble_prob",2026-04-18,0.586134177543758,0.459929199736797,30.3052173913043,0.174535522376225,1.67414105011025,1.79153584015218,31.75,0.160600000401527,1,1,4
"Gatech-ensemble_prob",2026-04-25,0.632295717584255,0.529900541785934,33.760652173913,0.235719860541647,1.96410507232324,2.22060788978367,56.5,0.327013879682375,1,1,4
"Gatech-ensemble_prob",2026-05-02,0.499811075678339,0.461738237294043,26.2232608695652,0.178382535989556,0.516571834643557,0.597544331853279,19.25,0.114220516308087,1,1,4
"Gatech-ensemble_prob",2026-05-09,0.480635131706294,0.477158412522114,25.0598913043478,0.190621426256633,0.461346981698318,0.540348874975377,18.25,0.119597193808003,1,1,4
"Gatech-ensemble_prob",2026-05-16,0.515112894901063,0.4887846627906,24.0060869565217,0.213183075555609,1.36820199643707,1.57308299578808,26.75,0.198013581258243,1,1,4
"Gatech-ensemble_prob",2026-05-23,0.479947834392273,0.473909692180575,22.5169565217391,0.209269096821427,0.777440852431841,0.92566900453542,18.5,0.148515635768339,1,1,4
"Gatech-ensemble_stat",2025-11-22,0.768587912264489,0.737069417133605,55.8512461561234,0.398633076287104,0.526609856702492,0.43712148319643,64.1390593705875,0.239458096286758,1,1,4
"Gatech-ensemble_stat",2025-11-29,1.18698784447893,0.66771574215785,173.584941908574,0.486538982922015,0.87064835424165,0.726963734186809,232.018469294921,0.692494165376364,0.25,0.5,4
"Gatech-ensemble_stat",2025-12-06,0.992006187224885,0.582188472762592,284.113665632602,0.474845494128945,0.719302093565241,0.56238362566192,342.478535272389,0.616002021829354,0,0.25,4
"Gatech-ensemble_stat",2025-12-13,0.985584126832809,0.685088226733808,487.378353976742,0.658370698212428,0.724093735681016,0.58198245680597,546.761307821507,0.770972060102086,0,0,4
"Gatech-ensemble_stat",2025-12-20,0.459939844810873,0.28532705532623,269.834727689286,0.237874957349916,0.442666250785018,0.307581571511601,384.792736908517,0.34360040728449,0.25,0.25,4
"Gatech-ensemble_stat",2025-12-27,0.263548073075805,0.180183491124628,146.306564124132,0.112740893355689,0.295886798485286,0.219738553056065,245.869289750332,0.189478467919831,0.25,1,4
"Gatech-ensemble_stat",2026-01-03,1.51560268550003,0.991510790319424,416.003308600289,0.227683455280153,1.22867439411782,0.854919196675912,546.186308941612,0.295270658814754,0.25,0.5,4
"Gatech-ensemble_stat",2026-01-10,0.631502484020328,0.581489825876376,60.3394142957874,0.0403350525336837,0.520186133018696,0.505018168960204,70.0895753712176,0.0450395828860419,1,1,4
"Gatech-ensemble_stat",2026-01-17,0.530128785958557,0.490662735050653,104.818883935269,0.0647167264276638,0.555437488373215,0.538377809228372,182.645856445775,0.111578900694078,0.5,1,4
"Gatech-ensemble_stat",2026-01-24,1.15230507179586,1.12499182700512,457.425246239145,0.292360873671409,1.08000936111618,1.10832947810228,675.065951111358,0.440163461482912,0,0.25,4
"Gatech-ensemble_stat",2026-01-31,1.57709615835946,1.60448942236574,552.435869854237,0.355447330393141,1.31394403495108,1.41447813825813,705.987196495709,0.468562879389707,0,0.25,4
"Gatech-ensemble_stat",2026-02-07,1.02429100259848,1.01670088702546,272.569819476768,0.160394183420289,0.954888165284349,0.956546644306693,357.97106664376,0.209075486287,0.5,0.5,4
"Gatech-ensemble_stat",2026-02-14,0.501904017567333,0.545181886234709,152.951625886518,0.109132763149062,0.519655755492103,0.570635000299899,258.331081661295,0.186560635047349,0.25,1,4
"Gatech-ensemble_stat",2026-02-21,0.612033134427022,0.672116939680815,182.972022284554,0.171600277097052,0.615431187453736,0.684202581516197,299.68567903687,0.280162582427742,0.5,1,4
"Gatech-ensemble_stat",2026-02-28,0.576599623690925,0.621936033809366,155.955441611153,0.165586070712268,0.621036146786779,0.683163182455855,277.89637843072,0.297830245974841,0,1,4
"Gatech-ensemble_stat",2026-03-07,0.633652589346758,0.694705555053225,190.838681887726,0.250807973381402,0.65659745887216,0.729845028251354,327.08839013799,0.425892668078003,0,1,4
"Gatech-ensemble_stat",2026-03-14,0.589797857801648,0.635507255758349,121.84161236376,0.220784002689903,0.570399883489159,0.658737116105509,202.399718203519,0.376511668046992,0.25,1,4
"Gatech-ensemble_stat",2026-03-21,0.754246011498158,0.680579897236206,99.9579780032282,0.219666176556419,0.780190549636177,0.81747326910464,175.050705920894,0.403789909980691,0.25,1,4
"Gatech-ensemble_stat",2026-03-28,0.776512731550268,0.738822550728063,115.135272396102,0.307739822120476,0.805422418537999,0.85571908260693,204.924919131197,0.562208756340244,0,1,4
"Gatech-ensemble_stat",2026-04-04,0.576613119419297,0.45477354841614,49.9002751862908,0.170875275382399,0.599229823494404,0.656809936627719,74.5786980221002,0.275895346796518,0.75,1,4
"Gatech-ensemble_stat",2026-04-11,0.584272112104781,0.747379264901009,37.8609656925726,0.273384237238081,0.939991977533315,1.4316359933104,62.1918069448713,0.381591271369845,0.75,1,4
"Gatech-ensemble_stat",2026-04-18,0.806379806842323,0.860807908017422,41.8538337660927,0.329707378009903,4.06147890113455,5.51608239246295,78.2438634787645,0.504297656205691,0.5,1,4
"Gatech-ensemble_stat",2026-04-25,0.842124697698448,0.841695700029476,44.9962705357657,0.376033729020708,3.06012486328183,4.02882388006362,88.4478435716726,0.59730440520816,0.25,1,4
"Gatech-ensemble_stat",2026-05-02,0.566994313869072,0.663408426586801,29.8915944259963,0.259668548139222,1.13689720129883,1.57610741212035,43.2949401427433,0.309281133473887,1,1,4
"Gatech-ensemble_stat",2026-05-09,0.528538819056564,0.45018914996666,27.7756291746757,0.18102959975412,0.240215289659928,0.260519756586229,9.6980334119348,0.0589761794810282,1,1,4
"Gatech-ensemble_stat",2026-05-16,0.535997842848115,0.464569632394376,25.2259162713952,0.204446171744672,0.491435975498197,0.536902127556467,9.62721053807397,0.0676524562458907,1,1,4
"Gatech-ensemble_stat",2026-05-23,0.538798340997744,0.457319783758025,25.4241500762324,0.202912794778657,0.230922282179325,0.231321457351107,5.25633671192657,0.0353513137124608,1,1,4
"Google_SAI-FluEns",2025-11-22,0.519406541159338,0.267160343958641,37.5586141304348,0.142969232583666,0.271813619725396,0.219645440743128,33.125,0.119704080899675,1,1,4
"Google_SAI-FluEns",2025-11-29,0.371915893158758,0.192221364040391,52.7416360054348,0.134536153026631,0.249184320560406,0.150256874639292,67.109375,0.141212610212385,1,1,4
"Google_SAI-FluEns",2025-12-06,0.323489209235442,0.177498949702882,91.3620280193237,0.143334776608407,0.266362853083269,0.15078179835148,131.138888888889,0.168340278230908,0.75,1,4
"Google_SAI-FluEns",2025-12-13,0.233296198293048,0.141930574436734,115.270527519763,0.136216777921052,0.241733880964734,0.149037028620447,182.75,0.197553170029004,1,1,4
"Google_SAI-FluEns",2025-12-20,0.206107986814716,0.123271143377023,118.921249555336,0.100832462510519,0.123064363652154,0.0858370162526069,103.295454545455,0.0928136630090117,1,1,4
"Google_SAI-FluEns",2025-12-27,0.309338634143432,0.198623853346928,169.929597735507,0.121692976673144,0.211304758710729,0.161479816738592,170.958333333333,0.134582415968715,0.75,1,4
"Google_SAI-FluEns",2026-01-03,1.1696561317732,0.738452757274075,329.73572513587,0.173175443870851,1.19834593443198,0.849172782889283,547.015625,0.299683217679715,0.25,1,4
"Google_SAI-FluEns",2026-01-10,2.39980652207592,1.79654619544954,226.261079008152,0.122813157298486,2.26106331818543,2.01322441208304,292.96875,0.172680091449159,0.75,1,4
"Google_SAI-FluEns",2026-01-17,1.06297254346916,1.07276467656189,213.132887077295,0.143903708805063,1.08520150383501,1.10077572999048,366.111111111111,0.234680668028054,0.75,1,4
"Google_SAI-FluEns",2026-01-24,1.04081068494178,1.08556789460949,413.497160108696,0.282668756242166,1.22131556489384,1.30066296627468,764.1,0.517753518934851,0,1,4
"Google_SAI-FluEns",2026-01-31,1.24513310654856,1.34475227551202,438.958511847826,0.300253190304706,1.42439390128507,1.58733069588132,767.875,0.528277769615971,0,1,4
"Google_SAI-FluEns",2026-02-07,1.30168153093619,1.46738311987288,348.858688586957,0.233743517098427,1.62141293191261,1.86292209127582,614.275,0.412931945263783,0.25,1,4
"Google_SAI-FluEns",2026-02-14,0.555051149503826,0.556578651897787,163.114207065217,0.106889263265981,0.392594306298298,0.395785510428928,185.725,0.122596364314589,0.75,1,4
"Google_SAI-FluEns",2026-02-21,0.405495964593956,0.430595916200134,116.244747391304,0.104775770440102,0.307977287627715,0.353862392472753,142.35,0.137338827700191,1,1,4
"Google_SAI-FluEns",2026-02-28,0.364623210616356,0.393111623461445,97.0011491304348,0.102894722811812,0.23174277570562,0.263193545280085,102.05,0.113196797172821,1,1,4
"Google_SAI-FluEns",2026-03-07,0.227178445252181,0.268159998912485,67.6207155434783,0.0958835555934742,0.138224210754076,0.187645290217306,68.3,0.108747700038545,1,1,4
"Google_SAI-FluEns",2026-03-14,0.302682718690205,0.32840578397138,60.5622,0.110187915890526,0.224717931392299,0.277480711205854,76.25,0.151546957421995,1,1,4
"Google_SAI-FluEns",2026-03-21,0.451680555736325,0.419287855227517,58.6885117391304,0.132524229927171,0.316993387493745,0.29461626614575,68.8,0.140194044107595,0.75,1,4
"Google_SAI-FluEns",2026-03-28,0.242934160760105,0.267596886137211,35.44817,0.109974605046377,0.0754892046344825,0.112082990047265,19,0.0732896721565846,1,1,4
"Google_SAI-FluEns",2026-04-04,0.397656475613537,0.417123540896197,33.8524509782609,0.154751316348963,0.371981507390687,0.501690123566365,45.125,0.205999242931981,1,1,4
"Google_SAI-FluEns",2026-04-11,0.445764509768777,0.401964611446553,28.6083302173913,0.144732308319355,0.620565422201957,0.795993151307137,40.7,0.211475488729721,1,1,4
"Google_SAI-FluEns",2026-04-18,0.634868906880091,0.513627533032471,32.9017298913043,0.195134365916838,3.19136635300542,3.95396962154422,61.325,0.359885412385297,0.25,1,4
"Google_SAI-FluEns",2026-04-25,0.69478725854001,0.520542080070206,36.9846882608696,0.230238474858836,2.47525288574343,2.93783873628524,71.225,0.432832293556613,0.25,1,4
"Google_SAI-FluEns",2026-05-02,0.428836249754227,0.352252062152643,22.3701570652174,0.134519767637191,0.895302022321508,1.04806004457178,33.075,0.198475434528822,1,1,4
"Google_SAI-FluEns",2026-05-09,0.366672842193401,0.291608480707135,19.0755061956522,0.115562728492359,0.303067763577701,0.320824147427818,11.775,0.0695136832883874,1,1,4
"Google_SAI-FluEns",2026-05-16,0.393882165147858,0.300748181717843,18.2527292391304,0.129425098845014,1.12048414903108,1.23354225084014,21.725,0.153751383738771,1,1,4
"Google_SAI-FluEns",2026-05-23,0.324159064856584,0.255116899998479,15.1862377173913,0.111943979124526,0.458904059269399,0.544372354550815,11.275,0.0902622518110927,1,1,4
"JHU_CSSE-CSSE_Ensemble",2026-01-03,0.487041474721301,0.352783201353142,136.991240272805,0.0826700520717996,0.468210359348813,0.373965056025393,212.915916475102,0.131650902909413,0.75,1,4
"LUcompUncertLab-chimera",2025-11-22,0.421434252170622,0.199215453062234,30.603152173913,0.106591942611229,0.263322341949765,0.229966443837253,31.5,0.123925456510328,0.75,1,4
"LUcompUncertLab-chimera",2025-11-29,0.966508953055796,0.55320274142912,140.43597826087,0.39539243279679,0.783261682878475,0.660090281756128,207.5,0.616757957182653,0,0.5,4
"LUcompUncertLab-chimera",2025-12-06,1.15425870075927,0.73377416729232,335.675869565217,0.609806615734718,0.879199163963408,0.766457256306909,423.25,0.853407526047056,0,0.25,4
"LUcompUncertLab-chimera",2025-12-13,1.32752216280392,1.05860672218641,663.482173913044,1.03399556348415,0.953268055285365,0.896041162446605,726.75,1.20621437692983,0,0,4
"LUcompUncertLab-chimera",2025-12-20,1.14470785249036,0.921581239889178,662.349347826087,0.759808615854648,0.942354052481783,0.895942917754579,810,0.991117429394341,0,0,4
"LUcompUncertLab-chimera",2025-12-27,1.08127553336434,0.959768713080724,588.60402173913,0.58702047635469,0.975450444519438,0.96191562103582,795,0.810645923145354,0,0.25,4
"LUcompUncertLab-chimera",2026-01-03,1.7526878959801,3.29367692705558,487.897173913044,0.75985626176967,0.896031372402994,0.882070993873578,398,0.30317797963394,1,1,4
"LUcompUncertLab-puca",2026-01-10,3.19133782813627,2.38925962487585,300.681956521739,0.163237342616064,4.17860187763324,3.46792855440447,544.5,0.298893196129021,0.25,1,4
"LUcompUncertLab-puca",2026-01-17,0.824904636075692,0.861485093459382,161.971847826087,0.112428098106569,0.375286671546817,0.380815390195486,121.5,0.0778819051103619,1,1,4
"LUcompUncertLab-puca",2026-01-24,0.438729517590488,0.388911225248013,171.591195652174,0.0997997513781428,0.340923127040737,0.285664525056181,214.5,0.114131952365014,1,1,4
"LUcompUncertLab-puca",2026-01-31,2.01641134250976,2.27546251890373,714.503804347826,0.511736609378985,1.65213760497782,1.9927224390288,893.75,0.667127842378093,0,0,4
"LUcompUncertLab-puca",2026-02-07,1.11674225494948,1.10689891995246,296.966413043478,0.174516343193306,1.10250058340649,1.1343957370804,414.75,0.249120276019927,0.25,0.5,4
"LUcompUncertLab-puca",2026-02-14,0.572143702736058,0.583645423330751,168.603043478261,0.112798741005981,0.563578319034165,0.58686596195434,270,0.184223604295571,0.25,0.75,4
"LUcompUncertLab-puca",2026-02-21,0.490840334434383,0.569193506364909,145.621739130435,0.144414263303336,0.462269286123633,0.541792062958792,223.75,0.220583578441323,0.25,0.75,4
"LUcompUncertLab-puca",2026-02-28,0.441144095542947,0.682316366575653,116.275326086957,0.178387261765132,0.449328038689579,0.592482815114816,195.75,0.252509248944088,0.5,1,4
"LUcompUncertLab-puca",2026-03-07,0.297666259676187,0.563436138383653,89.0603260869565,0.204510557997811,0.268912510351894,0.398722703752051,134.5,0.235950715127899,0.75,1,4
"LUcompUncertLab-puca",2026-03-14,0.404047700746625,0.785175219872602,80.0923913043478,0.2636104941824,0.320334097418884,0.438658591725419,108,0.237605675577809,0.75,1,4
"LUcompUncertLab-puca",2026-03-21,0.702760351006096,1.25926750999173,91.1267391304348,0.40409093809115,0.699984779115579,0.914528595535642,153.25,0.441656017011736,0.5,1,4
"LUcompUncertLab-puca",2026-03-28,0.410672076158081,1.43401415068523,59.9947826086956,0.601617355342133,0.383271580975271,0.850569455052406,97.5,0.568629034131877,1,1,4
"LUcompUncertLab-puca",2026-04-04,0.299161226381032,0.356547682196908,25.5273913043478,0.133007517149925,0.278202791259622,0.378329142117496,34,0.1567387948562,0.75,1,4
"LUcompUncertLab-puca",2026-04-11,0.500035345408791,0.577430032419574,32.188152173913,0.20898094671783,0.757682142455961,1.01865038290181,49.75,0.27099982097564,0.5,1,4
"LUcompUncertLab-puca",2026-04-18,0.677276599972432,0.683255192565808,35.0096739130435,0.259588186443909,2.93766323606525,3.62987509617051,56.75,0.332358075419845,0.25,1,4
"LUcompUncertLab-puca",2026-04-25,0.720640857151963,0.687979681733941,38.3382608695652,0.30472132375943,2.51120727554541,3.00885913028223,72.25,0.443207530070133,0,1,4
"LUcompUncertLab-puca",2026-05-02,0.913103941648426,1.64870243206958,47.2554347826087,0.6263250287257,2.53293772333379,3.73550802105289,93.5,0.707194876689181,0.5,1,4
"LUcompUncertLab-puca",2026-05-16,0.851206110850842,1.26312042505264,35.174347826087,0.441250086177044,3.36125918681473,4.3446604976136,62.5,0.473552563445852,1,1,2
"LosAlamos-DoSiDo",2025-11-22,0.8214532550249,0.927318281987609,59.9348913043478,0.503860699020445,0.362446289679208,0.279080952542023,45,0.154584250602141,1,1,4
"LosAlamos-DoSiDo",2025-11-29,0.818476553002219,0.955215985673313,118.489673913043,0.683404840648872,0.681373563878422,0.524844662125243,183.75,0.498654171440055,0.5,1,4
"LosAlamos-DoSiDo",2025-12-06,0.800372337832864,0.508235756972303,232.956630434783,0.422320027982844,0.688449469180139,0.502802451049415,333.5,0.561009524151621,0,1,4
"LosAlamos-DoSiDo",2025-12-13,0.760882770726252,0.580152395017521,382.799347826087,0.572698386981423,0.739971794245457,0.554843369573322,568,0.75030292961847,0,1,4
"LosAlamos-DoSiDo",2025-12-20,0.850222846840874,0.884686498474062,492.360434782609,0.736159996712483,0.90152126061114,0.827150935707357,776.25,0.91723085403902,0,1,4
"LosAlamos-DoSiDo",2025-12-27,0.939551310756225,1.28591206447924,513.088043478261,0.797150522880111,1.00277552036691,1.00922151153646,819.5,0.854274093043206,0,1,4
"LosAlamos-DoSiDo",2026-01-03,1.40865500272084,2.90552636765812,392.6575,0.686867859396206,1.42948738759887,1.59600833721643,643.5,0.558022452597191,0,1,4
"LosAlamos-DoSiDo",2026-01-10,3.00708112188991,6.72472732265355,286.653695652174,0.468673795727495,1.12943730573035,1.14781878014559,150,0.100903854164388,1,1,4
"LosAlamos-DoSiDo",2026-01-17,1.60585576466235,2.44969592349928,322.342826086957,0.331010231359842,0.757010651421232,0.653146322846486,252,0.137063443893336,1,1,4
"LosAlamos-DoSiDo",2026-01-24,0.988158651648338,1.1469686624468,392.078152173913,0.298246881091543,0.887375094277683,0.610632914708928,557,0.242246849182132,1,1,4
"LosAlamos-DoSiDo",2026-01-31,0.997201612776603,1.05923547345194,350.990217391304,0.236170643342673,1.13067894113078,1.16758669010121,608.25,0.38728757811872,0.25,1,4
"LosAlamos-DoSiDo",2026-02-07,0.919852341442566,0.89136515173563,244.3725,0.140277212936772,0.954975626909895,0.946423681891787,357.75,0.206724925930344,0.5,0.75,4
"LosAlamos-DoSiDo",2026-02-14,0.850225624759678,0.881709408208827,255.364130434783,0.173759019024389,0.835209312949534,0.855886169483009,405.25,0.271735927082981,0,0.75,4
"LosAlamos-DoSiDo",2026-02-21,0.805252130247907,0.838533014292458,237.899347826087,0.21119741796046,0.828766681065147,0.865797099951786,397.5,0.348401020931802,0.25,1,4
"LosAlamos-DoSiDo",2026-02-28,0.585145800677198,0.68280990099513,157.129782608696,0.180998906527255,0.577132032771463,0.642808615633909,259.25,0.281263539996612,0.5,1,4
"LosAlamos-DoSiDo",2026-03-07,0.491903081670042,0.608476258915079,146.785543478261,0.218437356700159,0.527352284685962,0.607287998729475,260.25,0.35158597747372,0.5,1,4
"LosAlamos-DoSiDo",2026-03-14,0.492175686558397,0.90848639073548,98.9111956521739,0.30943198364265,0.281952152227268,0.354709158376979,97,0.197055828853445,1,1,4
"LosAlamos-DoSiDo",2026-03-21,0.616566025852597,1.28210183397509,80.4969565217391,0.413914056672916,0.341648080187194,0.329220790452339,74,0.156257542516947,0.75,1,4
"LosAlamos-DoSiDo",2026-03-28,0.444488322986046,0.684025580841042,65.2291304347826,0.284180391448768,0.319547455927404,0.40879462175073,81,0.268622018714011,1,1,4
"LosAlamos-DoSiDo",2026-04-04,0.630497941702706,1.10627300779856,53.8411956521739,0.416017113538418,0.214211098891419,0.282347788781993,26.5,0.119109765713153,1,1,4
"LosAlamos-DoSiDo",2026-04-11,0.683863473912105,1.21461439889678,43.7084782608696,0.438590086865781,0.602476621261265,0.783746634561826,40,0.211003637466593,1,1,4
"LosAlamos-DoSiDo",2026-04-18,0.820905035314397,1.21059541251943,42.4728260869565,0.461835392754736,3.44074581835363,4.42463992272376,66.25,0.403677802203592,1,1,4
"LosAlamos-DoSiDo",2026-04-25,0.88828466496364,1.04948936226743,47.370652173913,0.469004122740143,3.02207298633357,3.88175212171635,87.25,0.574855022412722,0,1,4
"LosAlamos-DoSiDo",2026-05-02,0.405505001469238,0.427068401747265,21.1698913043478,0.164441392972166,0.478960718515093,0.515463768483153,17.5,0.0963338909282732,1,1,4
"LosAlamos-DoSiDo",2026-05-09,0.265579705909465,0.217993633749508,13.9554347826087,0.0874622056967894,0.370144683201402,0.410688888026316,15.5,0.0962224275979278,1,1,4
"LosAlamos-DoSiDo",2026-05-16,0.224428177512003,0.162225133605504,10.449347826087,0.0702381275930586,0.589052749809819,0.596893737511757,11.5,0.0747868843518003,1,1,4
"LosAlamos-DoSiDo",2026-05-23,0.226436098431443,0.167963500618199,10.5827173913043,0.0735353470817332,0.776523709405119,0.789253146208277,18.25,0.12467053801641,1,1,4
"LosAlamos-ThinMint",2025-11-22,0.803950427242061,0.431308305511705,60.8103260869565,0.240901120299129,0.802969496809247,0.722006102984627,101,0.41094301338327,0.25,1,4
"LosAlamos-ThinMint",2025-11-29,1.15843287916695,0.714080295787182,167.335326086957,0.508033323965786,0.910394853137432,0.84797932249406,239.75,0.78896927011553,0,0.5,4
"LosAlamos-ThinMint",2025-12-06,1.10141937108683,0.713715616366779,317.217826086957,0.58645579585148,0.879391442529639,0.773874075621133,420.5,0.854190372700378,0,0.25,4
"LosAlamos-ThinMint",2025-12-13,1.08131039147423,0.775784474741293,544.335326086957,0.761839634308268,0.884879506127811,0.769436701278524,676.75,1.03894428002358,0,0,4
"LosAlamos-ThinMint",2025-12-20,0.829101918325395,0.601598758194813,487.58,0.50523659246953,0.795284797579652,0.676260865144941,690.25,0.757934126182197,0,0.5,4
"LosAlamos-ThinMint",2025-12-27,0.891578848219568,0.755968890789575,489.80902173913,0.467383467543245,0.881829408089617,0.838388272348237,723,0.712776470315272,0,0.5,4
"LosAlamos-ThinMint",2026-01-03,1.06565086821598,1.02700920651093,295.795326086956,0.238100795058236,1.15694216282078,1.20201411322412,518.75,0.417782131010948,0,1,4
"LosAlamos-ThinMint",2026-01-10,1.22473715175783,1.07873174811045,115.361739130435,0.0739378945858671,1.10813206221076,1.08868979328763,143.5,0.0934576222109924,1,1,4
"LosAlamos-ThinMint",2026-01-17,2.40154941194618,1.67680661848178,465.660543478261,0.218040573891541,2.05365662122725,1.66087790337987,655,0.336395318465947,0.5,1,4
"LosAlamos-ThinMint",2026-01-24,1.0185233434452,1.10474121384817,404.655543478261,0.287439212124313,1.24557599683439,1.33709617926964,779,0.532020628732519,0.25,1,4
"LosAlamos-ThinMint",2026-01-31,1.01538639349391,1.10460722747765,358.593043478261,0.247060725222142,1.27314394929227,1.37232481972102,687.25,0.457380779816738,0.25,1,4
"LosAlamos-ThinMint",2026-02-07,1.01047651712723,1.15556966301534,271.5375,0.184647768806746,1.35399165111162,1.49140834941,512.5,0.330295974908404,0.5,1,4
"LosAlamos-ThinMint",2026-02-14,0.797815308335313,0.731192685969923,236.999456521739,0.142167806774608,0.643845292479652,0.694286282404542,315,0.22228832314376,0.75,1,4
"LosAlamos-ThinMint",2026-02-21,0.576708410504058,0.576766054451154,165.174891304348,0.140010211118784,0.321683917155911,0.386254427417347,152.25,0.154005186353123,1,1,4
"LosAlamos-ThinMint",2026-02-28,0.581840634914355,0.85283484622989,153.12902173913,0.221530094297063,0.55458514529175,0.706450628720605,240.25,0.298360964691317,0.75,1,4
"LosAlamos-ThinMint",2026-03-07,0.393689200068669,0.42144941660637,117.047717391304,0.150351275056132,0.268573847525542,0.34910955645703,132.25,0.201858519085916,1,1,4
"LosAlamos-ThinMint",2026-03-14,0.404394633714439,0.578542658191082,80.2459782608696,0.192896669103833,0.300957766961173,0.352815402231121,100.25,0.187743145370956,0.75,1,4
"LosAlamos-ThinMint",2026-03-21,0.862457297925412,1.30054412636808,111.469891304348,0.411709161322811,0.944870758729038,1.33078821305395,206.5,0.640457384431528,0.5,1,4
"LosAlamos-ThinMint",2026-03-28,0.462089532797603,0.459689093199937,67.5638043478261,0.189393313148146,0.445951286446568,0.536187592916564,112.25,0.349708161536402,0.75,1,4
"LosAlamos-ThinMint",2026-04-04,0.643878284768502,1.13977958710705,54.6796739130435,0.424269788193999,0.890618452377374,1.44562224819879,108,0.594328505347094,0.75,1,4
"LosAlamos-ThinMint",2026-04-11,0.668668573635673,0.843661911050669,42.6334782608696,0.301689573648758,1.2771076724539,1.76304688285665,81,0.450474344067258,0.75,1,4
"LosAlamos-ThinMint",2026-04-18,0.648153965865662,0.60551335469162,33.4359782608696,0.229352427774039,2.83640909545388,3.41203920721044,54.5,0.310394462200085,1,1,4
"LosAlamos-ThinMint",2026-04-25,0.961505542631225,1.01866840338618,51.1055434782609,0.451872455592377,3.57136932922196,4.81261091069049,102.75,0.709390948000182,0,1,4
"LosAlamos-ThinMint",2026-05-02,0.649574804564336,0.393429082922227,33.8408695652174,0.15016888098683,1.36744278572327,1.29281696608574,50.75,0.246083439094104,1,1,4
"LosAlamos-ThinMint",2026-05-09,0.511000287974085,0.435906119743312,26.5891304347826,0.173260536204498,0,0,6.25,0.0410757628228191,1,1,4
"LosAlamos-ThinMint",2026-05-16,0.540224131308974,0.555874533365067,25.0586956521739,0.241558295120404,1.40055614263406,1.63493661269275,27.5,0.2071578085658,1,1,4
"LosAlamos-ThinMint",2026-05-23,0.541225766675147,0.523843315404171,25.3678260869565,0.230363819122354,0.421586366859945,0.511870911903089,11.25,0.0921778714651058,1,1,4
"LosAlamos_NAU-CModel_Flu",2025-11-22,2.56960488768121,2.18316149860988,188.051413043478,1.18673781983877,1.61703180995063,2.34961221145358,196.5,1.29582933335959,0,0,4
"LosAlamos_NAU-CModel_Flu",2025-11-29,1.60177808149145,1.04104566723931,232.947065217391,0.748862415213941,0.955228814364743,0.91807472813744,253,0.861250240776795,0,0,4
"LosAlamos_NAU-CModel_Flu",2025-12-06,1.6485712610904,1.3149699366704,472.720980434783,1.0823154400855,1.01964461560258,1.04440457171641,487,1.15546908628944,0,0,4
"LosAlamos_NAU-CModel_Flu",2025-12-13,1.52651406199557,1.38032811431734,761.482391304348,1.34810578912324,1.01996239516638,1.04930473789992,776.25,1.41146365101819,0,0,4
"LosAlamos_NAU-CModel_Flu",2025-12-20,1.62373292675092,1.61503979049295,939.365869565218,1.33240429136868,1.11440000460531,1.25393911207987,956.75,1.38630204210599,0,0,4
"LosAlamos_NAU-CModel_Flu",2025-12-27,1.88633131527002,2.08712425068781,1031.37271956522,1.28233067525239,1.28545189496423,1.56971058776553,1048.625,1.32545639391803,0,0,4
"LosAlamos_NAU-CModel_Flu",2026-01-03,3.86016804407007,5.30006194879134,1071.64119565217,1.23096253783298,2.43359370938431,3.65664871137095,1089.75,1.27148050469628,0,0,4
"LosAlamos_NAU-CModel_Flu",2026-01-10,11.5024161406428,18.0978002212195,1086.49413043478,1.24555390053299,8.45125742468553,14.7915550129473,1103.5,1.28343551804147,0,0,4
"LosAlamos_NAU-CModel_Flu",2026-01-17,6.45256938788085,10.8556025510019,1279.27853478261,1.44824761244532,3.92199228513177,7.08623278151209,1295.5,1.48885262022984,0,0,4
"LosAlamos_NAU-CModel_Flu",2026-01-24,3.86635265110181,6.53376817465989,1515.93293478261,1.68505096637154,2.47585133720972,4.37859963874329,1530.75,1.72747792195162,0,0,4
"LosAlamos_NAU-CModel_Flu",2026-01-31,3.4095634347011,4.80334093806477,1203.83511086957,1.07797767761163,2.27782658695979,3.3436708073658,1228.5,1.1173051582608,0,0,4
"LosAlamos_NAU-CModel_Flu",2026-02-07,2.69938050376984,3.31472204839976,728.204621739131,0.532814778233237,1.99137607346375,2.51561968280682,758.25,0.562000851669741,0,0,4
"LosAlamos_NAU-CModel_Flu",2026-02-14,1.6053622066853,1.88491123850304,468.047282608696,0.35968931594556,1.05924226925919,1.26764093419711,500.25,0.391281626921683,0,0,4
"LosAlamos_NAU-CModel_Flu",2026-02-21,0.569656617731574,0.565806675302912,159.697191847826,0.134110956038371,0.40543092678114,0.416015003045654,184.5,0.157794342771683,0.25,0.25,4
"LosAlamos_NAU-CModel_Flu",2026-02-28,0.236410150864501,0.279920436207528,62.7765804347827,0.0736281364577125,0.195456312148067,0.234676223725955,86,0.101199454908814,0.25,0.25,4
"LosAlamos_NAU-CModel_Flu",2026-03-07,0.179716730714422,0.238839820598178,53.2970130434783,0.0849843404917576,0.146895395336574,0.197969086032584,72.25,0.114250566100919,0.25,0.25,4
"LosAlamos_NAU-CModel_Flu",2026-03-14,0.923951092305625,0.948102869932261,184.531032608696,0.318929747381044,0.612656699806551,0.644988730943867,208.25,0.353389847874063,0,0,4
"LosAlamos_NAU-CModel_Flu",2026-03-21,0.380921911695732,0.376665192104299,49.7983152173913,0.120340553291032,0.304723485350785,0.332011092575449,67.25,0.16155469785078,0,0,4
"LosAlamos_NAU-CModel_Flu",2026-03-28,0.29746780824414,0.343022846627896,43.0166304347826,0.139842386409701,0.234513940256308,0.289574355008048,58.25,0.186417441514676,0,0,4
"LosAlamos_NAU-CModel_Flu",2026-04-04,0.458916012773052,0.391792408547605,38.6651244565217,0.143872191963104,0.42957541279325,0.470800736020564,51.75,0.192038137558291,0,0,4
"LosAlamos_NAU-CModel_Flu",2026-04-11,0.529950923047597,0.435360414866762,33.5766304347826,0.154517888578914,0.724827122427696,0.822679390689844,45.5,0.208163919717518,0,0,4
"LosAlamos_NAU-CModel_Flu",2026-04-18,0.634047765061053,0.441706354630291,32.6861956521739,0.166912023617098,2.24775100754375,2.42522388443457,42.75,0.218579239818058,0,0.25,4
"LosAlamos_NAU-CModel_Flu",2026-04-25,0.713824905678099,0.502604587550606,38.5382608695652,0.225970459625316,1.64167681296052,1.88982820648743,47.75,0.282103779465507,0,0,4
"LosAlamos_NAU-CModel_Flu",2026-05-02,0.291410151340967,0.250565649554221,15.5986956521739,0.0986765255941387,0.604273777611096,0.744801596451915,23,0.145989054432254,0.25,0.5,4
"LosAlamos_NAU-CModel_Flu",2026-05-09,0.281259146667676,0.258678163760413,14.7965217391304,0.104221491205457,0.573350796788607,0.719189875205397,23,0.161882066696944,0,0.75,4
"LosAlamos_NAU-CModel_Flu",2026-05-16,0.63369502086923,0.535895346097013,29.8021739130435,0.235585485119432,1.97665282850917,2.45095540840205,39,0.312306423978805,0,0,4
"LosAlamos_NAU-CModel_Flu",2026-05-23,0.51589181957411,0.475799877160698,24.7530434782609,0.214556431507832,1.40371174880346,1.82183848948408,33.5,0.293841936550951,0,0.25,4
"MDPredict-SIRS",2025-12-06,0.498513513225017,0.257266736291734,143.587065217391,0.21104671328374,0.462560323783924,0.288099744777066,226,0.3215966838119,0.25,1,4
"MDPredict-SIRS",2025-12-13,0.628979846680719,0.515179770024753,312.2925,0.49572850034554,0.291111800386456,0.159514193919379,225,0.216493373297212,1,1,4
"MDPredict-SIRS",2025-12-20,0.778841419253169,0.457655841809668,457.985108695652,0.37646784556347,0.415463954915362,0.202938613554845,364,0.225729433491897,1,1,4
"MDPredict-SIRS",2025-12-27,1.046777165417,0.444927073534825,609.131739130435,0.286141319608652,1.10757837551537,0.505861295098389,972,0.450869300919026,0.5,0.75,4
"MDPredict-SIRS",2026-01-03,5.20908864671032,2.43161640691837,1502.22304347826,0.579823133254458,4.66030046663901,2.25695080882662,2162.75,0.80175224631884,0.25,0.5,4
"MIGHTE-Joint",2025-12-20,0.39789597066902,0.266184163048445,232.847655294515,0.221597540666097,0.484098316547548,0.346850892659688,421.170715879612,0.38738143139124,0.25,1,4
"MIGHTE-Joint",2025-12-27,0.308947727859903,0.206708981281903,169.090886153011,0.126615592800391,0.27626258346202,0.205165523218773,222.246235247988,0.170516204644761,1,1,4
"MIGHTE-Joint",2026-01-03,0.571168889724822,0.424754135770276,160.126561163936,0.09914598950446,0.158935543842196,0.141885774651511,70.4415481370563,0.0486908357528866,1,1,4
"MIGHTE-Joint",2026-01-10,1.768243159034,1.41645852134255,166.063099946313,0.0966454076741778,1.21224307199139,1.12792852845266,155.538983830742,0.0958543991460734,1,1,4
"MIGHTE-Joint",2026-01-17,0.812465346344319,0.744036197132334,161.522059228376,0.0989064532781,0.561334075516679,0.533096049033641,188.926086815439,0.112940441954404,0.75,1,4
"MIGHTE-Joint",2026-01-24,0.6900990629716,0.659972048906202,271.881654654156,0.170116089167116,0.797814000048846,0.76150172759776,496.971212899909,0.301009685539345,0.25,1,4
"MIGHTE-Joint",2026-01-31,1.19325382626931,1.27801943032509,419.608038920468,0.28439190559667,1.30169798266768,1.40107433143689,700.544217619758,0.465066128518825,0,1,4
"MIGHTE-Joint",2026-02-07,1.17094869608882,1.32532255180033,314.563319648752,0.211761754659864,1.39963494941197,1.54563767558381,530.052418047421,0.342454932571264,0.25,1,4
"MIGHTE-Joint",2026-02-14,0.652981086229211,0.643875346543181,193.312779013749,0.124655902411473,0.637487892456271,0.662613377159918,305.901477110765,0.208219068520356,0.75,1,4
"MIGHTE-Joint",2026-02-21,0.633967412010843,0.650468992049755,185.170019323622,0.161723190905321,0.628595153435113,0.693747582332288,301.312068301565,0.279332510170934,0.5,1,4
"MIGHTE-Joint",2026-02-28,0.44201507462775,0.492506426886412,118.070977189103,0.129472927239933,0.335787085203714,0.390433424586829,150.070812096733,0.170463291457373,0.75,1,4
"MIGHTE-Joint",2026-03-07,0.39029574855105,0.438810201248991,116.727857805439,0.157432559059655,0.345585963604376,0.437414442603032,171.629844585773,0.254890482344792,1,1,4
"MIGHTE-Joint",2026-03-14,0.420879684880131,0.4470158300215,84.9012316127885,0.151304467627571,0.320860196443479,0.408376220099249,111.769895999322,0.22986460654447,1,1,4
"MIGHTE-Joint",2026-03-21,0.525321751468196,0.498663716218915,68.4807312995758,0.158172730857804,0.339517159566677,0.329543386505695,74.1859074170979,0.158421375188913,0.75,1,4
"MIGHTE-Joint",2026-03-28,0.406567357989321,0.412364429593525,59.5694561519145,0.169936381969893,0.337826759483982,0.426922407614126,85.230185932881,0.279047179868326,1,1,4
"MIGHTE-Joint",2026-04-04,0.498027129610561,0.649422876203258,42.6151842329597,0.244184724848306,0.565852397279715,0.87733126286772,69.5447914165671,0.367554376929751,0.75,1,4
"MIGHTE-Joint",2026-04-11,0.587214372762046,0.631870903823281,37.7548817397143,0.22894534389134,0.841150137727713,1.15304527469404,54.8736524508027,0.305150981746975,1,1,4
"MIGHTE-Joint",2026-04-18,0.744316448168948,0.690196026006841,38.6599525122147,0.263668388048055,3.38929442252417,4.47386682069815,65.5558266157932,0.410903893186738,1,1,4
"MIGHTE-Joint",2026-04-25,0.73868365319551,0.627464556895631,39.5907940755175,0.280781850394704,2.63393140195159,3.33453822097561,76.3244990236026,0.496649001040481,0.75,1,4
"MIGHTE-Joint",2026-05-02,0.512504944105856,0.414311672850399,26.9319169789704,0.160495000419096,0.648573809527372,0.796789336936084,24.5095261358757,0.155833431959799,1,1,4
"MIGHTE-Joint",2026-05-09,0.461379494733447,0.356467993642719,24.1214917880258,0.142380665643489,0.0679978306546667,0.075907284045562,2.73114954262266,0.0171092731479721,1,1,4
"MIGHTE-Joint",2026-05-16,0.47541297671727,0.348690779476039,22.1189564704273,0.149865135833359,0.73267823089629,0.755648189878806,13.8939718068186,0.0918003895543338,1,1,4
"MIGHTE-Joint",2026-05-23,0.410890242654786,0.354083152059594,19.2060613103946,0.154476463539585,0.446373083986979,0.494575507793591,10.4329966609252,0.0777550921769696,1,1,4
"MIGHTE-Nsemble",2025-11-22,0.704230532880432,0.351080479473835,50.7497011084319,0.186618338261873,0.180788671507491,0.184269760307133,21.107925965083,0.0976818919812457,1,1,4
"MIGHTE-Nsemble",2025-11-29,0.664441975149631,0.370244300881439,94.9579170262631,0.260750256484976,0.574171446071739,0.406984932364928,155.179295971962,0.386817677277885,1,1,4
"MIGHTE-Nsemble",2025-12-06,0.41709056303198,0.258327412192249,118.592945635534,0.210056467963588,0.420029058151868,0.291819733314805,200.093662010012,0.320077579131074,1,1,4
"MIGHTE-Nsemble",2025-12-13,0.36646308250355,0.24876933740906,183.030495240006,0.241324019473897,0.44650206372014,0.290580643906433,342.791309096699,0.389563383640406,1,1,4
"MIGHTE-Nsemble",2025-12-20,0.311347959641609,0.195529092232459,180.773871954839,0.161159825328635,0.263740041770479,0.17779914069652,224.776674729926,0.194659308000578,1,1,4
"MIGHTE-Nsemble",2025-12-27,0.373712863030574,0.249986092493243,205.625973273372,0.153589561447589,0.321856554268286,0.232230444524412,261.729620705962,0.19464633241254,1,1,4
"MIGHTE-Nsemble",2026-01-03,0.758418713966179,0.545021606090913,212.740016007124,0.127191078016679,0.289296246754237,0.233740452345254,133.893573563461,0.0837443472913368,1,1,4
"MIGHTE-Nsemble",2026-01-10,2.28304989204686,1.71310476844502,214.368321303315,0.116720102090869,1.9952746917705,1.79642372701063,256.539824805565,0.153039366539954,1,1,4
"MIGHTE-Nsemble",2026-01-17,0.915549621430478,0.822224694891391,181.452618645782,0.109082532497449,0.486369691836311,0.447300596109418,168.986993991391,0.0977170792068494,1,1,4
"MIGHTE-Nsemble",2026-01-24,0.674147136348947,0.65408927912436,265.052130540847,0.168295453619603,0.723515847416256,0.677116875912946,454.309849642413,0.269855963314554,0.5,1,4
"MIGHTE-Nsemble",2026-01-31,1.38886890407735,1.59596607809397,489.625257090214,0.355953400719427,1.5992436898519,1.86215222048332,860.757175062682,0.618449877603898,0,1,4
"MIGHTE-Nsemble",2026-02-07,1.321246042267,1.60283938764292,356.51359169069,0.257410291676141,1.79587548550775,2.16025224341241,683.024697275047,0.48166772782741,0.25,1,4
"MIGHTE-Nsemble",2026-02-14,0.70956304273286,0.679352214070756,208.699176825961,0.130474497515912,0.454378800764221,0.460537644060596,215.006035707147,0.14257513465524,1,1,4
"MIGHTE-Nsemble",2026-02-21,0.655686925806043,0.640220162324303,189.046449408682,0.156776631429115,0.609764919707495,0.665151799791857,287.168466661168,0.262937573345835,0.75,1,4
"MIGHTE-Nsemble",2026-02-28,0.425990246420703,0.505147656026651,112.614224096939,0.131538872401844,0.278381843272105,0.349379156913695,122.67528252294,0.150671854715209,1,1,4
"MIGHTE-Nsemble",2026-03-07,0.311485866191883,0.377659616576732,92.496539192904,0.134915259499981,0.0993163696452908,0.12909360942472,49.0490016338401,0.0745849671538585,1,1,4
"MIGHTE-Nsemble",2026-03-14,0.355486231831722,0.387219415356467,70.6772760226131,0.12904280328582,0.208260015865909,0.244616063808555,69.9408571247687,0.13182049617167,1,1,4
"MIGHTE-Nsemble",2026-03-21,0.501755086576432,0.511398187694533,64.9288489847707,0.161101277996449,0.427487728680336,0.429721064955036,92.6237021135219,0.203991480575209,0.75,1,4
"MIGHTE-Nsemble",2026-03-28,0.268733814101669,0.30128463217563,39.0134722199071,0.123128752271666,0.126165984896386,0.167302307713755,31.4249067299829,0.108058510753739,1,1,4
"MIGHTE-Nsemble",2026-04-04,0.498027129610561,0.649422876203258,42.6151842329597,0.244184724848306,0.565852397279715,0.87733126286772,69.5447914165671,0.367554376929751,0.75,1,4
"MIGHTE-Nsemble",2026-04-11,0.798338627110225,1.03315182875365,51.7733035759074,0.378759312312782,1.39877492104904,2.21703355049485,90.0480719578735,0.579073391399436,0.5,1,4
"MIGHTE-Nsemble",2026-04-18,1.11374870967137,1.16611052306257,58.0482468669103,0.448192815920085,4.7701566370548,7.40584990911136,92.2265416408238,0.6813475795346,0.25,1,4
"MIGHTE-Nsemble",2026-04-25,0.995702030512894,0.931891496018673,53.6654229511557,0.420597506264686,3.2914094678116,4.64879665916998,95.5808830733878,0.695726677534665,0,1,4
"MIGHTE-Nsemble",2026-05-02,0.501688348725683,0.489353482386251,26.4307233540957,0.191306322355175,1.09917304740838,1.57364095621025,42.2114814451772,0.314721462718414,0.75,1,4
"MIGHTE-Nsemble",2026-05-09,0.376553824813462,0.339290285096428,19.5656442791102,0.135169044523104,0.508150317807855,0.653390674079171,20.5996552583659,0.148569851284197,1,1,4
"MIGHTE-Nsemble",2026-05-16,0.384929088627569,0.31050391370895,17.7205606555283,0.132835883859222,1.40197594218384,1.59155001775957,27.1216661410025,0.197731883344517,1,1,4
"MIGHTE-Nsemble",2026-05-23,0.303865702889725,0.237211452334654,14.0965787613457,0.103124643994581,0.416462195067833,0.460692618651826,9.78387858023832,0.0728445198164043,1,1,4
"MOBS-EpyStrain_Flu",2025-11-29,0.870488968188481,0.460493175716474,128.585108695652,0.333668618770298,0.702540324147582,0.55342446301967,187.75,0.521253531305936,0,0.75,4
"MOBS-EpyStrain_Flu",2025-12-06,1.08451679263339,0.659947347754572,315.4525,0.547467031574285,0.831966469870714,0.694477541503558,399.75,0.770354466706173,0,0.25,4
"MOBS-EpyStrain_Flu",2025-12-13,0.995170185976125,0.665974706798257,499.263369565217,0.651140253524482,0.794650529376871,0.631708543024331,607.25,0.85021945361598,0,0,4
"MOBS-EpyStrain_Flu",2025-12-20,0.317788919564975,0.202000983649379,182.059347826087,0.164614402373314,0.322667992754317,0.237833048278767,272.75,0.25867541773384,0.25,1,4
"MOBS-EpyStrain_Flu",2025-12-27,0.577168858846297,0.301917721982927,326.821739130435,0.189325486267109,0.611225429022303,0.361969878399777,513.25,0.31062626571799,0.25,0.75,4
"MOBS-EpyStrain_Flu",2026-01-03,4.85471387122852,2.4289921743355,1395.46989130435,0.57790252062443,3.86831597986285,2.01921796059779,1788.5,0.716404482746681,0,0.25,4
"MOBS-EpyStrain_Flu",2026-01-10,11.342890891912,7.18963414329708,1077.99608695652,0.494184087468325,11.2148698837067,7.48284227793781,1473.25,0.648312448424176,0,0,4
"MOBS-EpyStrain_Flu",2026-01-24,1.59596105759798,1.77188787175291,645.504239130435,0.470889383639172,1.4438062608249,1.71421912442839,910,0.690446623533302,0,0.5,4
"MOBS-EpyStrain_Flu",2026-01-31,0.591650374104049,0.560352134435772,209.448586956522,0.125670025628601,0.631306897203343,0.591467990558391,342.75,0.198240617129831,1,1,4
"MOBS-EpyStrain_Flu",2026-02-07,0.899652875401042,0.975319111594121,241.2025,0.15548610796777,1.18227635193996,1.27681804222618,447,0.282522686503019,0.5,1,4
"MOBS-EpyStrain_Flu",2026-02-14,0.480096926770599,0.509247547269362,140.727717391304,0.0978422082104624,0.295686265291234,0.276270413595313,138.75,0.084620477782086,1,1,4
"MOBS-EpyStrain_Flu",2026-02-21,0.490561777826016,0.488271065185153,140.852391304348,0.119563217050584,0.543040829917431,0.568617276234875,252.5,0.222295568207042,0.25,1,4
"MOBS-EpyStrain_Flu",2026-02-28,0.322239564422008,0.354308635908043,85.6070652173913,0.0928906509003891,0.260667404685728,0.294372885639452,114.5,0.126061221294616,0.75,1,4
"MOBS-EpyStrain_Flu",2026-03-07,0.267918973159884,0.301489314977004,78.8713043478261,0.106559413302654,0.235743954950252,0.267512930409934,113.75,0.151164045619304,0.75,1,4
"MOBS-EpyStrain_Flu",2026-03-14,0.253551286405073,0.302502183295997,50.2123913043478,0.100822526985067,0.204769257827564,0.224198034634041,68.25,0.119764500467665,1,1,4
"MOBS-EpyStrain_Flu",2026-03-21,0.423251948066313,0.565712295644751,55.3613043478261,0.182510259612566,0.4552725023086,0.657580737177191,100.75,0.32446180857301,0.5,1,4
"MOBS-EpyStrain_Flu",2026-03-28,0.17146651071241,0.222536845715216,24.8552173913044,0.0914701130620906,0.128041304586102,0.188112678987361,32.25,0.123914648406342,1,1,4
"MOBS-EpyStrain_Flu",2026-04-04,0.350416206703454,0.388404392712041,29.9916304347826,0.145659726616032,0.388034299984813,0.561352587981,47.75,0.234961208013712,0.75,1,4
"MOBS-EpyStrain_Flu",2026-04-11,0.570465234878326,0.580579475323149,37.0727173913043,0.211574456233485,0.99172065025227,1.37578417613347,64,0.35856412292609,0.5,1,4
"MOBS-EpyStrain_Flu",2026-04-18,0.833959083128186,0.707288153170227,43.1622826086957,0.268155120350852,3.93330783304004,5.07770491379582,75.25,0.459877193840891,0.25,1,4
"MOBS-EpyStrain_Flu",2026-04-25,0.956097657637816,0.754148630441303,50.843152173913,0.333159608008886,3.07634016914107,3.88829229880357,88.5,0.572831669640549,0,1,4
"MOBS-EpyStrain_Flu",2026-05-02,0.859385493181542,0.848470177233143,42.0198550724638,0.282554053091767,2.24204474965836,3.0816728478231,79.6666666666667,0.524331903195298,0,1,3
"MOBS-EpyStrain_Flu",2026-05-09,0.661474438082815,0.672447347524684,33.9719565217391,0.263388725471645,1.64789118817424,2.21771690484279,64.75,0.486602487455206,0,1,4
"MOBS-EpyStrain_Flu",2026-05-16,0.552419231489373,0.4932780889504,25.278152173913,0.209756739359565,2.52439573218854,3.09807826614582,48.75,0.38398037031546,0,1,4
"MOBS-EpyStrain_Flu",2026-05-23,0.492268669021513,0.474472971869942,22.7647826086957,0.205139038281294,1.904737946083,2.44204092319459,44.25,0.381211730799098,0.25,1,4
"MOBS-GLEAM_RL_FLUH",2025-11-22,1.36996452936637,0.884224662168765,101.920264676136,0.48663531409367,1.20677852280493,1.35088746008058,148.42325592041,0.752895399595582,0,0.75,4
"MOBS-GLEAM_RL_FLUH",2025-11-29,1.50575547818691,1.01012229513596,219.722173913044,0.726583487909217,1.03418908081848,1.06729574784146,272.5,0.996641431964608,0,0.5,4
"MOBS-GLEAM_RL_FLUH",2025-12-06,1.27438327746336,0.844152533050721,369.673466568822,0.700432795164852,0.913284554828655,0.82536274394819,438.705112457275,0.91730077290824,0,0.25,4
"MOBS-GLEAM_RL_FLUH",2025-12-13,0.97376627868363,0.667782949286649,494.463070877739,0.663094708425481,0.841201592781836,0.693852205344823,647.806488037109,0.945209586317071,0,0.25,4
"MOBS-GLEAM_RL_FLUH",2025-12-20,0.878330258199805,0.690848429757997,511.583682310685,0.574639896379367,0.898459375321515,0.825580522938877,776.243026733398,0.920347009588617,0,1,4
"MOBS-GLEAM_RL_FLUH",2025-12-27,0.98921289400556,0.830949692666805,541.229347826087,0.510599897533305,0.905811653893897,0.86052536913764,739,0.726319375776091,0,0.25,4
"MOBS-GLEAM_RL_FLUH",2026-01-03,0.512685995927358,0.417349546795796,141.928302061661,0.0961122869996332,0.350716892477717,0.320135192200786,153.334564208984,0.108332627939172,0.75,1,4
"MOBS-GLEAM_RL_FLUH",2026-01-10,1.69944037462155,1.3366430819818,160.57629958443,0.0915949531880093,1.02038303205346,0.956702778348327,131.969879150391,0.0818869919138447,1,1,4
"MOBS-GLEAM_RL_FLUH",2026-01-17,0.696861220843624,0.610475069499166,139.120261734672,0.0813212965700398,0.354487977024559,0.321867124328776,119.417877197266,0.0682402183179254,1,1,4
"MOBS-GLEAM_RL_FLUH",2026-01-24,1.18455864530168,1.18762237793712,473.402282608696,0.310521753860965,1.17482430527636,1.23392865036656,734.25,0.490450717608154,0,0.5,4
"MOBS-GLEAM_RL_FLUH",2026-01-31,0.499366958150094,0.455839745153254,177.123504147737,0.102368656862348,0.559768601125417,0.512064481206438,304.423522949219,0.171915007992276,0.5,1,4
"MOBS-GLEAM_RL_FLUH",2026-02-07,1.39259479491306,1.66618114780564,376.729540644107,0.269260497950292,1.55607429988,1.91599038908787,594.954223632812,0.430943975571057,0,0.5,4
"MOBS-GLEAM_RL_FLUH",2026-02-14,0.453446958820573,0.447511141176458,133.57979220183,0.0863172862182719,0.455690455337325,0.470901483773523,217.065795898438,0.14679458245098,1,1,4
"MOBS-GLEAM_RL_FLUH",2026-02-21,0.332563622015666,0.333061653928427,95.0060874076512,0.0811131650905338,0.294822233824732,0.325494322549418,137.028167724609,0.127371096594934,1,1,4
"MOBS-GLEAM_RL_FLUH",2026-02-28,0.382760872042394,0.43317340420897,102.619156567117,0.114551619122392,0.360152799463409,0.415695464916889,159.963958740234,0.180049975968634,0.25,0.75,4
"MOBS-GLEAM_RL_FLUH",2026-03-07,0.253358119363577,0.289616219539533,74.1248688540251,0.101558329975255,0.236934629633704,0.276959257305596,114.473052978516,0.156885487057004,0.25,0.75,4
"MOBS-GLEAM_RL_FLUH",2026-03-14,0.196458283831855,0.196748741604957,38.647478292714,0.064826623582251,0.194023826021241,0.191883564237045,64.826042175293,0.102575177170809,0.75,1,4
"MOBS-GLEAM_RL_FLUH",2026-03-21,0.311227886353782,0.324538633848216,40.4137025816544,0.103484738192208,0.284461753344838,0.336982370888709,62.5856170654297,0.164695706277922,0.25,0.75,4
"MOBS-GLEAM_RL_FLUH",2026-03-28,0.112207592096519,0.144036589443017,16.3303524150019,0.0594343211554731,0.105654163011345,0.148157396959643,26.5824584960938,0.0974575981895764,0.75,1,4
"MOBS-GLEAM_RL_FLUH",2026-04-04,0.649723466750256,0.778621021647589,55.7227082683729,0.291711410634987,0.635971705316057,0.990887494367124,77.6346473693848,0.410621027955643,0,0.5,4
"MOBS-GLEAM_RL_FLUH",2026-04-11,0.652603886354938,0.637421603190808,42.7402166897318,0.234216164087528,0.990126963744744,1.35477088802761,63.7435722351074,0.352313394220864,0,0.5,4
"MOBS-GLEAM_RL_FLUH",2026-04-18,0.89222359173754,0.716236837448553,46.2985359556779,0.272224129340806,3.63478259119316,4.58811643249245,69.5731163024902,0.415716966095687,0.25,0.25,4
"MOBS-GLEAM_RL_FLUH",2026-04-25,1.27574403895821,0.972930002679904,67.8888514386053,0.430198884947132,3.16598780419361,4.05256484731809,91.0896282196045,0.597125056897335,0,0,4
"MOBS-GLEAM_RL_FLUH",2026-05-02,0.381376473792967,0.322598913657501,19.8007754956121,0.122817719915093,0.982799577351383,1.17133198041072,36.4173030853271,0.22271367357488,0,1,4
"MOBS-GLEAM_RL_FLUH",2026-05-09,0.550926211213702,0.514976597759202,28.3282351713595,0.202074960258573,1.25473706408128,1.59308784846398,49.398401260376,0.350583360597829,0,1,4
"MOBS-GLEAM_RL_FLUH",2026-05-16,0.325721017283625,0.259477520128642,14.8515111691019,0.109887348026649,1.41669221292698,1.57407851920436,27.2157955169678,0.193978888767607,0.75,1,4
"MOBS-GLEAM_RL_FLUH",2026-05-23,0.230150718791226,0.197750656319576,10.6555751568338,0.0856255368146892,0.813411015755123,0.93114617218314,18.9243068695068,0.145626759015564,1,1,4
"NAU-FourCAT",2025-11-22,0.674308556861534,0.34981674889008,50.381847826087,0.192941850868339,0.691005141116485,0.593498238967974,86.25,0.333846387876025,0.5,1,4
"NAU-FourCAT",2025-11-29,0.981497739620357,0.578725607117401,143.801413043478,0.417968727567947,0.836238105739193,0.726782970865407,223,0.685199331533468,0,1,4
"NAU-FourCAT",2025-12-13,0.797194125516665,0.58911560452405,400.32402173913,0.576904243985028,0.863908042425482,0.732890091494025,660.25,0.987913031862022,0,1,4
"NAU-FourCAT",2025-12-20,0.550323502424172,0.432922803782993,317.962717391304,0.355885202194699,0.705814030418421,0.574451607007167,605.5,0.633203701686049,0.25,1,4
"NAU-FourCAT",2025-12-27,0.457128976251468,0.314461527736006,250.733695652174,0.192215063761654,0.345390750533982,0.265613152026381,277.5,0.220205538801858,0.75,1,4
"NAU-FourCAT",2026-01-03,1.60605711265748,0.929571607898895,453.694456521739,0.217966178016447,1.61751559411641,1.07811574019698,742,0.381771323106722,0.75,1,4
"NAU-FourCAT",2026-01-10,5.25588967510608,3.45664044918268,495.04902173913,0.236023423676113,6.83824419904097,5.25713651019569,889.75,0.452589800226724,0.25,1,4
"NAU-FourCAT",2026-01-17,1.25219191148807,0.96833382409445,246.674239130435,0.127488561372722,0.987764604023148,0.873447115245839,320.5,0.179390915472666,1,1,4
"NAU-FourCAT",2026-01-24,0.419502922548711,0.361637993209139,164.659673913043,0.0928747043916004,0.249422385622197,0.21064436788729,156.5,0.0837354924243698,1,1,4
"NAU-FourCAT",2026-01-31,0.454707628124398,0.393353848780246,161.258260869565,0.0880430926344833,0.406950569990472,0.354189076924956,221.75,0.119021662787313,1,1,4
"NAU-FourCAT",2026-02-07,0.838541725837068,0.79649575437493,231.842608695652,0.130527187682169,1.02205683837426,0.990319439589932,399,0.226207932939079,0.5,1,4
"NAU-FourCAT",2026-02-14,2.12108783553796,1.82179891164263,643.622934782609,0.36091805229171,2.04538591810592,1.72336454554542,1004.5,0.5510945313581,0.25,1,4
"NAU-FourCAT",2026-02-21,2.78934720071208,2.17459005890779,810.746304347826,0.536413823840649,2.64193520436891,2.00953832868925,1242,0.789169418948252,0,0.75,4
"NAU-FourCAT",2026-02-28,2.3191807584308,1.88767690342438,621.199456521739,0.496757204920604,2.22684873806164,1.78617728045102,986.5,0.76884177141862,0,1,4
"NAU-FourCAT",2026-03-07,1.36520671568988,1.2345218252219,407.122934782609,0.441082925771716,1.32647111464738,1.21712257206912,654.5,0.703327923898056,0,1,4
"NAU-FourCAT",2026-03-14,0.974959368908494,0.904355004260986,196.828804347826,0.306887726489249,0.940573114032389,0.946849338763631,323.25,0.523634499073479,0.25,1,4
"NAU-FourCAT",2026-03-21,0.686115220811746,0.609382351901893,90.6719565217391,0.196183159594261,0.59435923850569,0.657962242930221,133.5,0.325411415202882,0.5,1,4
"NAU-FourCAT",2026-03-28,0.55831383484338,0.541451258185642,81.5528260869565,0.222707989558773,0.521756379152037,0.604692582273406,131,0.393278116618868,0.25,1,4
"NAU-FourCAT",2026-04-04,0.688640741495321,0.518148153923889,58.4019565217391,0.191407954598539,0.673176412509094,0.693077188329423,81.25,0.282850126527107,0.75,1,4
"NAU-FourCAT",2026-04-11,0.539190749933648,0.477233579336739,34.2113043478261,0.170229844425056,0.622765657373467,0.720846139136935,39.25,0.183036057430587,1,1,4
"NAU-FourCAT",2026-04-18,0.729915181395348,0.713451115704566,37.8616304347826,0.271938308954684,3.2281858421329,4.13912865925349,62.5,0.380270516454664,0.25,1,4
"NAU-FourCAT",2026-04-25,0.658477780933308,0.534892931278878,35.0385869565217,0.236640073717691,2.26752591988364,2.63540385127885,65.25,0.388274720095154,0,1,4
"NAU-FourCAT",2026-05-02,0.375503473176543,0.318136637377714,19.4089130434783,0.12041647014689,0.824494881860888,0.936082340744583,30.25,0.175808655942038,1,1,4
"NAU-FourCAT",2026-05-09,0.254878355647243,0.206849206092412,13.195652173913,0.0816911914750816,0.158914238941238,0.169965486268048,6.25,0.0373676123805327,1,1,4
"NAU-FourCAT",2026-05-16,0.230934610568878,0.158801141450469,10.6492391304348,0.0679862718704048,0.535963991452182,0.547377016074576,10.5,0.0688211863895407,1,1,4
"NAU-FourCAT",2026-05-23,0.211889050643551,0.154884798947353,9.84663043478261,0.067315263512933,0.58815391163616,0.605100437016461,13.75,0.0951102241511617,1,1,4
"NAU-epymorph",2025-11-22,1.6031550093773,1.30877159815892,117.270869565217,0.710528428332062,1.60554067319183,2.34991388773033,195.75,1.30321568816819,0,0.75,4
"NAU-epymorph",2025-11-29,1.24917349419959,0.850878142079676,178.087391304348,0.59842409239957,0.974719719296296,0.967686148827784,255,0.893874838135536,0,0.25,4
"NAU-epymorph",2025-12-06,0.820232491147869,0.498888585081577,237.252608695652,0.411673585704234,0.764518521556094,0.602041012933889,367.75,0.667749018102148,0,1,4
"NAU-epymorph",2025-12-13,0.81557819456616,0.559393602500278,406.513695652174,0.54359340463014,0.77352815546373,0.609772799259436,589.75,0.817939328274475,0,0.25,4
"NAU-epymorph",2025-12-20,0.371596499974977,0.245940837824738,212.575652173913,0.20007443292265,0.374786966561359,0.287982983531057,316.75,0.313032132114782,0.25,1,4
"NAU-epymorph",2025-12-27,0.67383988503051,0.30607035506242,391.796304347826,0.197764023656937,0.723419557427992,0.365049731232067,632.75,0.326912757536944,0.5,1,4
"NAU-epymorph",2026-01-03,6.652606673569,3.06401014070629,1892.54706521739,0.721487057937262,5.74616175527019,2.67820262645685,2637.5,0.943323758882873,0,0,4
"NAU-epymorph",2026-01-10,15.5280547548451,9.09869022074037,1468.18260869565,0.622548491025182,15.4564911122081,9.46133619704805,2025.25,0.818023823233516,0,0,4
"NAU-epymorph",2026-01-17,1.79265557532965,1.39114383156288,348.748695652174,0.180964295461326,1.67037420590914,1.39490095209578,541.25,0.286165955593905,0.25,0.75,4
"NAU-epymorph",2026-01-24,0.687800568960592,0.656682590654166,278.184347826087,0.174112080186988,0.81001911162855,0.781581950739531,517.5,0.317654522568771,0.5,1,4
"NAU-epymorph",2026-01-31,0.460767216177757,0.39075257738087,163.433152173913,0.087633690065169,0.41118427530196,0.360031979282016,221.5,0.119505919995315,0.75,1,4
"NAU-epymorph",2026-02-07,0.621603594166495,0.580667141063743,170.905217391304,0.0947293162081114,0.703486450833622,0.696878266009833,271.75,0.157735544778968,1,1,4
"NAU-epymorph",2026-02-14,1.82475396455807,1.57330231643198,547.337717391304,0.308468781848891,1.85091751199523,1.60624095972094,898.5,0.508903626902842,0,1,4
"NAU-epymorph",2026-02-21,2.18282669406083,1.78200636789425,627.185108695652,0.435133189282019,2.04825776412724,1.68111368840206,955.25,0.656670928151823,0,0,4
"NAU-epymorph",2026-02-28,0.677501814242743,0.666425690889789,180.039673913044,0.174390059110288,0.696917095450419,0.719664885935722,306.5,0.308672284282541,0.25,1,4
"NAU-epymorph",2026-03-07,0.634236757077539,0.649979975984918,187.556630434783,0.230380480268233,0.630198239014299,0.684045460865491,308.75,0.3932913551943,0,1,4
"NAU-epymorph",2026-03-14,0.593207563144219,0.595516510379481,118.93097826087,0.20072992983567,0.554636555137282,0.615207790928826,190,0.339989000349977,0.25,0.75,4
"NAU-epymorph",2026-03-21,0.533063226246259,0.505686591236684,68.6313043478261,0.158505934740652,0.465590948074038,0.496947906480726,101.25,0.237264413818452,0.5,0.75,4
"NAU-epymorph",2026-03-28,0.869060091597999,0.817657653393185,126.602717391304,0.335095124826106,0.810863095285439,0.848182388357403,203,0.549746109647561,0,0.75,4
"NAU-epymorph",2026-04-04,0.567902415424631,0.438169555312792,48.02,0.161215859988308,0.621084467321201,0.637552320417348,74.75,0.259451563911893,0.25,1,4
"NAU-epymorph",2026-04-11,0.405539473135468,0.308832245736195,25.6027173913043,0.109113934455546,0.549801059622217,0.578772017175467,34,0.143836840148577,0.5,1,4
"NAU-epymorph",2026-04-18,0.423987006567197,0.301927185445518,21.8582608695652,0.114073335510617,1.98625523445508,2.14209270394467,37.75,0.192631701935629,0.75,1,4
"NAU-epymorph",2026-04-25,0.511997909192847,0.364345568076501,27.2789130434783,0.161396472650388,1.80446088228522,2.02062565904137,52,0.298184778172435,0.25,1,4
"NAU-epymorph",2026-05-02,0.817564916180609,0.479108632588883,43.5583695652174,0.186200648717586,1.97641781797126,1.79502434809639,75,0.348362257422437,0,1,4
"NAU-epymorph",2026-05-09,1.31297988086994,0.762379067286359,69.0829347826087,0.305031943503854,2.86852132633679,2.38205744530189,115.25,0.533671491403313,0,1,4
"NAU-epymorph",2026-05-16,1.41800874293826,0.732604566427625,66.353152173913,0.316820115917879,5.58172400681151,4.35071763675199,110.25,0.54980270418573,0,1,4
"NAU-epymorph",2026-05-23,0.924478888189342,0.539459319316515,43.2133695652174,0.234974318104646,3.09940046313417,2.680008647123,72.75,0.422328710393655,0,1,4
"NAU-vulPES",2025-11-22,0.495925889417173,0.25314878410534,36.7241304347826,0.138198100290037,0.520936554413695,0.418874131614498,64.75,0.233911381903538,0.75,1,4
"NAU-vulPES",2025-11-29,0.558335822399543,0.295580087291727,81.2970652173913,0.211340232136667,0.555110765865647,0.401531571704515,148.5,0.377253703547578,0.25,1,4
"NAU-vulPES",2025-12-06,0.428688960017567,0.222416079550419,125.046630434783,0.184568744985581,0.461569408746546,0.272469094571176,228.25,0.309841607145156,0.5,1,4
"NAU-vulPES",2025-12-13,0.591855545345241,0.375036749987481,298.3325,0.368125062612563,0.672878173253606,0.478951302970384,516.75,0.647161867159435,0,1,4
"NAU-vulPES",2025-12-20,0.422901473450641,0.290319520306187,244.879673913043,0.239502951496029,0.544075098904713,0.395817353767962,468.25,0.437950237153541,0,1,4
"NAU-vulPES",2025-12-27,0.397428648420198,0.294548736156512,216.924891304348,0.18016380403621,0.41194277614102,0.322342786123768,332.75,0.26892029345481,0.5,1,4
"NAU-vulPES",2026-01-03,0.789794285008363,0.543196009925644,222.374130434783,0.127263313895671,0.451560014002895,0.362955437882412,205.25,0.127695547654377,1,1,4
"NAU-vulPES",2026-01-10,2.38158322078567,1.89612772172825,224.56097826087,0.129935583034318,1.35341903282941,1.27907536656173,172.5,0.108100190895222,1,1,4
"NAU-vulPES",2026-01-17,1.06033547686717,1.0231903573635,212.691195652174,0.137650740535943,0.735237299179238,0.703649735987304,253.75,0.153406159528254,1,1,4
"NAU-vulPES",2026-01-24,0.771613263687679,0.781100602149719,306.774347826087,0.20350995716981,0.940237525211471,0.92906253482818,591.5,0.371572102159356,0.5,1,4
"NAU-vulPES",2026-01-31,0.746334947392815,0.750077529198657,263.953913043478,0.167921052205346,0.891339370054926,0.877971094400816,481.75,0.292816675318705,0.5,1,4
"NAU-vulPES",2026-02-07,0.883559378091135,0.924332088632744,237.461195652174,0.147436195291517,0.980534444745335,0.986142575167782,368.5,0.216297472480154,0.5,1,4
"NAU-vulPES",2026-02-14,0.716853266381326,0.689821043484981,213.912608695652,0.134628049660302,0.665749164208176,0.699897009450654,322.5,0.222078393141761,0.75,1,4
"NAU-vulPES",2026-02-21,0.851607316840422,0.810770369278851,248.0325,0.201229691764753,0.841012867219761,0.866034320578626,397.75,0.343966577757808,0.5,1,4
"NAU-vulPES",2026-02-28,0.637421181370014,0.634212741867743,170.8825,0.167406469662429,0.606313173231891,0.662760490439505,270.25,0.287957086252727,0.25,1,4
"NAU-vulPES",2026-03-07,0.497224315183869,0.524439821633868,147.841195652174,0.187057794363004,0.50175554586553,0.575729745112996,246.5,0.331961303222085,0.25,1,4
"NAU-vulPES",2026-03-14,0.446024488421424,0.4646514691492,89.8478260869565,0.157339216025984,0.369351558530928,0.450566235165227,128,0.252370879581398,0.25,1,4
"NAU-vulPES",2026-03-21,0.436467560340814,0.408643417511926,57.2095652173913,0.130519554848297,0.38017576701737,0.409194675829963,84,0.199521127391922,0.75,1,4
"NAU-vulPES",2026-03-28,0.409307890147769,0.417781726348168,59.7598913043478,0.171853616486248,0.396127580188647,0.478809453165887,99.25,0.310960271096601,0.25,1,4
"NAU-vulPES",2026-04-04,0.382698560317123,0.338915083515592,32.544347826087,0.125726894146224,0.255410587708707,0.309108843746778,31.25,0.12831096584713,1,1,4
"NAU-vulPES",2026-04-11,0.433172007779836,0.394953344965307,27.7620652173913,0.142295743567781,0.527749748076667,0.68918480511824,35,0.183975532018909,1,1,4
"NAU-vulPES",2026-04-18,0.613852979990079,0.51564441380434,31.8058695652174,0.196096478396627,2.86145786775265,3.5152035604163,55.25,0.321696556473428,0.25,1,4
"NAU-vulPES",2026-04-25,0.732429168507473,0.571030341223724,38.9735869565217,0.252730138492842,2.59526178786478,3.13494182683425,74.75,0.462539805763745,0,1,4
"NAU-vulPES",2026-05-02,0.313232802416902,0.243737906675458,16.3284782608696,0.0930393806867917,0.294545392282604,0.310016200625408,10.75,0.0578500065604279,1,1,4
"NAU-vulPES",2026-05-09,0.287115299508155,0.222848729552991,14.9390217391304,0.0884446709278671,0.170659114078988,0.194459670790477,7,0.0447052764564635,1,1,4
"NAU-vulPES",2026-05-16,0.269501840450997,0.190613362586044,12.4921739130435,0.0821074378143473,0.223055016325823,0.219700650061477,4.25,0.0268379311463167,1,1,4
"NAU-vulPES",2026-05-23,0.234915307346781,0.179112667917359,10.9478260869565,0.078192147115757,0.174305568359303,0.18152701000898,4,0.02798342705573,1,1,4
"NEU_ISI-AdaptiveEnsemble",2025-11-22,0.746673719160613,0.260725501006597,55.8404347826087,0.141788499849128,0.162534843893029,0.143839421850881,19.25,0.0767277065789054,1,1,4
"NEU_ISI-AdaptiveEnsemble",2025-11-29,0.495877897057065,0.258728384940836,71.7841304347826,0.184029932849676,0.521725878351969,0.369583956814404,139.75,0.347462472116868,0.75,1,4
"NEU_ISI-AdaptiveEnsemble",2025-12-06,0.515631300812323,0.306981689142778,148.602934782609,0.252114159873342,0.623956853746316,0.455735819093279,299,0.502488597254694,0.25,1,4
"NEU_ISI-AdaptiveEnsemble",2025-12-13,0.622981110083696,0.428087721706243,311.057065217391,0.416523243327523,0.783986375954809,0.617813646772345,599,0.831126512310438,0,1,4
"NEU_ISI-AdaptiveEnsemble",2025-12-20,0.399932043256348,0.243411838469406,232.335760869565,0.200522005151734,0.439917541012464,0.309850260376472,377,0.341129102804567,0.5,1,4
"NEU_ISI-AdaptiveEnsemble",2025-12-27,0.463779615866042,0.332151075816049,252.388152173913,0.2023283514968,0.474836260852378,0.379775558749277,384,0.317177542851398,0.5,1,4
"NEU_ISI-AdaptiveEnsemble",2026-01-03,0.636077145170231,0.513093758737087,178.160434782609,0.119561278562557,0.445465796846628,0.404999767635702,198,0.139319690546223,0.75,1,4
"NEU_ISI-AdaptiveEnsemble",2026-01-10,3.69913466489572,2.49616118204032,353.01152173913,0.172398271076532,1.82627431107258,1.68013417744808,235.25,0.1433682644211,0.75,1,4
"NEU_ISI-AdaptiveEnsemble",2026-01-17,1.5607015074544,1.63062685927742,319.258260869565,0.224203002303836,1.54179262664788,1.75810329477672,534.25,0.38786013722846,1,1,4
"NEU_ISI-AdaptiveEnsemble",2026-01-24,1.72036388193071,1.98796305977246,684.705869565217,0.520343529367292,1.60775926536331,1.96151423582871,1005.25,0.782517340836859,0,1,4
"NEU_ISI-AdaptiveEnsemble",2026-01-31,1.609198356809,1.93499295888044,568.178695652174,0.433460117900478,1.92311319790745,2.50805782596005,1039.25,0.839248693001944,0,1,4
"NEU_ISI-AdaptiveEnsemble",2026-02-07,1.55020354331344,1.96757456663043,417.18902173913,0.315156082775388,2.05740544959465,2.57004582464027,781.5,0.571868115281853,0,1,4
"NEU_ISI-AdaptiveEnsemble",2026-02-14,0.557382457023215,0.577037874072069,163.38,0.110570667997793,0.622574520925908,0.645590548854815,292.75,0.198012155123326,0.75,1,4
"NEU_ISI-AdaptiveEnsemble",2026-02-21,0.307320312252915,0.317208023135223,87.280652173913,0.0764623505448107,0.198045997152498,0.197277997959387,90.25,0.0750233211688875,1,1,4
"NEU_ISI-AdaptiveEnsemble",2026-02-28,0.292852313216885,0.394252660717951,77.819347826087,0.10382474324592,0.276728617157381,0.387468075379991,122,0.167887473949847,0.5,1,4
"NEU_ISI-AdaptiveEnsemble",2026-03-07,0.214718530983561,0.310911384286193,64.525,0.112990452263187,0.185583336325569,0.295822485826081,96,0.181673169420167,1,1,4
"NEU_ISI-AdaptiveEnsemble",2026-03-14,0.32994648357704,0.435559435950389,65.2590217391304,0.144651631801157,0.347748665654697,0.47855287381431,117.25,0.25935624986108,0.75,1,4
"NEU_ISI-AdaptiveEnsemble",2026-03-21,0.571161296791427,0.571009620509693,73.535652173913,0.178865004476807,0.572419741825128,0.639479423477411,124.5,0.30510289694668,0.5,0.75,4
"NEU_ISI-AdaptiveEnsemble",2026-03-28,0.204760677503921,0.261630525299675,29.6769565217391,0.10669217264792,0.135475945772197,0.180618164990939,33.75,0.116893332580172,1,1,4
"NEU_ISI-AdaptiveEnsemble",2026-04-04,0.264781675666504,0.256607344540699,22.4817391304348,0.0948106430525195,0.199788855660926,0.249192619432416,24.5,0.103464838401322,1,1,4
"NEU_ISI-AdaptiveEnsemble",2026-04-11,0.29970075322344,0.256855702162973,19.056847826087,0.0914747014459847,0.410788831220377,0.482790934678103,26,0.122806351233655,1,1,4
"NEU_ISI-AdaptiveEnsemble",2026-04-18,0.401283468013471,0.29920516541167,20.6746739130435,0.11289651314063,1.96544845656634,2.17510677347262,37.5,0.196223173475802,0.75,1,4
"NEU_ISI-AdaptiveEnsemble",2026-04-25,0.573003712279964,0.410749237791456,30.4165217391304,0.181137138254915,2.05419114536442,2.32477363628858,59,0.341685750531463,0,1,4
"NEU_ISI-AdaptiveEnsemble",2026-05-02,0.268293468721127,0.215887050407254,13.8896739130435,0.0817732007583483,0.363332284790555,0.382496882727266,13.25,0.0713177264442004,1,1,4
"NEU_ISI-AdaptiveEnsemble",2026-05-09,0.232842032307822,0.180497664385348,12.15,0.0717433922216645,0.262960462509167,0.293773323143505,10.75,0.0672878794452987,1,1,4
"NEU_ISI-AdaptiveEnsemble",2026-05-16,0.224850123317766,0.158533874428488,10.3875,0.0679267595684273,0.546070243560773,0.554692667577907,10.75,0.0701282686772029,1,1,4
"NEU_ISI-AdaptiveEnsemble",2026-05-23,0.273915213561168,0.197171976366263,11.7139130434783,0.0743573666236635,0.831238864656017,0.870680223369512,17,0.112786303780576,1,1,3
"NEU_ISI-FluBcast",2025-11-22,0.792052844642955,0.445861238117815,59.3623913043478,0.246615534718267,0.867883987237841,0.809868535508447,109.5,0.463222824351707,0.25,1,4
"NEU_ISI-FluBcast",2025-11-29,1.37872226854695,0.908183320273599,199.357173913043,0.648302113414021,0.99820660687918,0.996355699836432,263,0.929379616314979,0,0.25,4
"NEU_ISI-FluBcast",2025-12-06,1.22816983471461,0.800090958835768,355.668804347826,0.662422801024116,0.857829198458902,0.729014191865151,414,0.8139472794848,0,0.25,4
"NEU_ISI-FluBcast",2025-12-20,0.674775827254422,0.481730344652285,385.5,0.39185456932285,0.550084469659012,0.430198103899304,468.75,0.470793567631572,0,0.25,4
"NEU_ISI-FluBcast",2025-12-27,0.391943292420336,0.25599989065334,212.458152173913,0.155051975413947,0.365528513849308,0.270806593917945,294.5,0.224921553356016,0.25,0.75,4
"NEU_ISI-FluBcast",2026-01-03,2.44512461433905,1.42721508246879,704.347065217391,0.340937715588837,1.84455255608116,1.15880190612687,860,0.415500391525074,0,0.25,4
"NEU_ISI-FluBcast",2026-01-10,13.6257736455809,8.51205702534713,1294.46358695652,0.584744464615166,11.0581512747544,7.40401707957966,1454.5,0.641964552684044,0,0,4
"NEU_ISI-FluBcast",2026-01-17,1.55169822288914,1.1847334958942,307.495,0.156586390653728,1.61786462349082,1.29889610646859,535.75,0.271217120045481,0,1,4
"NEU_ISI-FluBcast",2026-01-31,1.12244317261181,1.0894318833108,392.935543478261,0.24131211461943,1.05134250120109,1.06954789588185,565.75,0.354913392600508,0,0.25,4
"NEU_ISI-FluBcast",2026-02-07,1.10013516074484,1.13405422648436,293.28597826087,0.179431998320904,1.22560442701908,1.2959381606973,462.25,0.285544574485657,0.25,0.75,4
"NEU_ISI-FluBcast",2026-02-14,0.655141412802226,0.720991857655074,197.776304347826,0.143167424672279,0.624108513900105,0.661894153278664,302.75,0.210463531299492,0,0.75,4
"NEU_ISI-FluBcast",2026-02-21,0.76773106495985,0.867993525636275,231.329130434783,0.223410990139339,0.643341773966846,0.709778603924254,312.5,0.289717336162177,0.25,0.5,4
"NEU_ISI-FluBcast",2026-02-28,0.955026200321116,1.02116544478513,260.641956521739,0.274052007320316,0.784462728724888,0.828975217688158,354.5,0.364319585599823,0.25,0.25,4
"NEU_ISI-FluBcast",2026-03-07,0.688378278434991,0.764398260205996,205.04,0.272973135429854,0.645854645901966,0.715151247263939,319.25,0.414460015590542,0,0.75,4
"NEU_ISI-FluBcast",2026-03-14,0.19661097940841,0.206166570249444,38.5929347826087,0.0676949005929217,0.167720189509122,0.184692612079725,56,0.0987853792045783,0.5,0.75,4
"NEU_ISI-FluBcast",2026-03-21,0.595739115491706,0.565194293154673,76.7144565217391,0.177386809240789,0.482153933639033,0.552190313017186,105.25,0.265529117274631,0,0.75,4
"NEU_ISI-FluBcast",2026-03-28,0.0682281070946421,0.0916240566293144,9.92195652173913,0.0377085656578624,0.0289887580547861,0.0404840147574231,7.25,0.0262582211534781,1,1,4
"NEU_ISI-FluBcast",2026-04-04,0.53447708221174,0.630748378096954,46.1701086956522,0.238589885858955,0.466922949670647,0.717099706735591,57.5,0.300313230372117,0,0.25,4
"NEU_ISI-FluBcast",2026-04-11,1.04753583601978,1.11112717727398,68.6101086956522,0.409373971815377,1.21276921029407,1.83661489445803,78.5,0.481416691131894,0,0,4
"NEU_ISI-FluBcast",2026-04-18,1.57054521713026,1.40490441274241,81.7626086956522,0.53695340055674,4.96107074394186,7.19114466566142,95.25,0.655492439529842,0,0.25,4
"NEU_ISI-FluBcast",2026-04-25,1.73891427556596,1.44055206906267,92.8688043478261,0.640764445970082,3.64477396982919,5.11345599273709,105.25,0.758234981873985,0,0,4
"NEU_ISI-FluBcast",2026-05-02,0.960750883679157,0.928375060432101,50.6625,0.360683196438682,1.68533793456598,2.37174680324383,63.25,0.459211327320233,0,0.25,4
"NEU_ISI-FluBcast",2026-05-09,0.916026242516723,0.9243755638815,47.6280434782609,0.367887315328379,1.52866233057835,2.1657226707957,60.75,0.482724518037505,0,0,4
"NEU_ISI-FluBcast",2026-05-16,1.08079132130173,0.968225405293183,49.9229347826087,0.417067876863601,3.13872403100651,4.20972125078941,61.25,0.529409093861851,0,0,4
"NEU_ISI-FluBcast",2026-05-23,0.621272706340831,0.572416502430571,29.2975,0.253279615895081,1.64197845136203,2.12615164299705,38.75,0.338458829192911,0,0.25,4
"NIH-Flu_ARIMA",2025-11-22,0.732253767905731,0.399235864147723,54.14,0.218036419759226,0.749812178931711,0.672789181901594,92.5,0.37440186352143,0,1,4
"NIH-Flu_ARIMA",2025-12-06,0.955924106850508,0.626653604067242,272.58152173913,0.509700241840265,0.794278711917886,0.657578941227941,379,0.722627856771159,0,0.5,4
"NIH-Flu_ARIMA",2025-12-13,1.07781291760474,0.798660107446703,536.293152173913,0.773817069441042,0.857055192886615,0.732581216965699,652.5,0.981620745963843,0,0,4
"NIH-Flu_ARIMA",2025-12-20,0.661117504993341,0.467004551254446,382.043369565217,0.384327929791571,0.680141576360362,0.538899911167548,584.75,0.595566932402072,0,1,4
"NIH-Flu_ARIMA",2025-12-27,0.836783083038135,0.6884421868946,454.506086956522,0.419586768793748,0.813792890869769,0.739565383040026,662,0.62164916341406,0,0.75,4
"NIH-Flu_ARIMA",2026-01-03,0.590525129591835,0.510028328681057,161.966086956522,0.116629889262088,0.516454682876789,0.479540462479402,227.5,0.163421997204319,0.5,1,4
"NIH-Flu_ARIMA",2026-01-10,2.06934578810339,2.12281523007736,200.109239130435,0.14928970905522,2.61903520621753,2.92353110631385,349.5,0.258833619804515,0,1,4
"NIH-Flu_ARIMA",2026-01-17,1.96558207731173,2.12572971760773,394.117282608696,0.285487089894489,1.91222801743003,2.21149650973292,639.25,0.468189304330306,0,1,4
"NIH-Flu_ARIMA",2026-01-31,0.800991884094468,0.784512854192025,283.6725,0.176066968330188,0.909459005435211,0.906613153697852,492.75,0.303348235645777,0,1,4
"NIH-Flu_ARIMA",2026-02-07,1.16324480551786,1.21866944646146,310.684347826087,0.193249740553059,1.31731998613605,1.42308637310989,497.5,0.314112039382069,0.25,0.75,4
"NIH-Flu_ARIMA",2026-02-14,0.895884863053165,0.888843765620381,270.052282608696,0.175451849880272,0.936229430516105,0.944885928594632,455.75,0.300743206165714,0,1,4
"NIH-Flu_ARIMA",2026-02-21,0.655422976570599,0.692269367758753,195.057282608696,0.175780365101018,0.624485926958613,0.694748375568678,303.5,0.283515566716201,0.5,1,4
"NIH-Flu_ARIMA",2026-02-28,0.382692800888619,0.423950641316148,103.235652173913,0.112728364919258,0.354947806530584,0.413694631297854,158.5,0.180200024207512,0.5,1,4
"NIH-Flu_ARIMA",2026-03-14,0.328289495629677,0.358946735338073,65.9051086956522,0.121184986206108,0.30046532975833,0.36908195058579,103,0.204263079352971,0.5,1,4
"NIH-Flu_ARIMA",2026-03-21,0.458885895764178,0.413443386404893,59.2128260869565,0.129730528128264,0.336650140998077,0.305448377528033,72.75,0.14426856005558,0.75,1,4
"NIH-Flu_ARIMA",2026-03-28,0.346707898913109,0.382455906335279,51.3841304347826,0.159677096740731,0.329609640386271,0.42511819616525,83.75,0.279875412269472,0.25,1,4
"NIH-Flu_ARIMA",2026-04-04,0.345315085324474,0.295822574090384,29.7167391304348,0.110950905133237,0.342404134016431,0.403546592533754,42,0.167511944766823,0.75,1,4
"NIH-Flu_ARIMA",2026-04-11,0.384258300465953,0.367498826266435,24.9036956521739,0.133851197373828,0.659407938771744,0.846157364349604,43,0.223197953801198,0.25,1,4
"NIH-Flu_ARIMA",2026-04-18,0.43136376341375,0.33019566648439,22.4486956521739,0.126060791992334,2.0597328609198,2.36892544573496,39.75,0.216604522546876,0.25,1,4
"NIH-Flu_ARIMA",2026-04-25,0.875845258508731,0.685159730719828,46.7647826086956,0.304629850287829,2.78512881549005,3.49321713996138,80.5,0.518088181152792,0,1,4
"NIH-Flu_ARIMA",2026-05-02,0.27036244340042,0.209681195640011,14.218152173913,0.0807423873373919,0.3155771935902,0.332242830044832,11.5,0.061887261424185,1,1,4
"NIH-Flu_ARIMA",2026-05-09,0.868689455675198,0.895048772365967,44.658152173913,0.351223327692703,1.84595215133925,2.63576727991092,72.75,0.580558364283175,0,1,4
"NIH-Flu_ARIMA",2026-05-16,0.411607326760411,0.33901256592696,19.0919565217391,0.146475099991327,1.54968288708567,1.79898895314483,30.25,0.225959620002747,0.5,1,4
"NIH-Flu_ARIMA",2026-05-23,0.268532167772389,0.192282178071563,12.761847826087,0.0852979966950166,0.198274814048662,0.214809168878321,4.75,0.0346143188595587,1,1,4
"NU-PGF_FLUH",2025-11-22,0.517047258704653,0.237095463699769,37.3371739130435,0.126166109957454,0.271073233667294,0.274521398857029,31.5,0.145527857523941,0.75,1,4
"NU-PGF_FLUH",2025-11-29,0.651884620001166,0.359565316324266,95.1870652173913,0.258160208459056,0.662038469214036,0.510315204014012,176.75,0.479805986027969,0,1,4
"NU-PGF_FLUH",2025-12-06,0.746789168732923,0.447626316626139,216.084130434783,0.369246745424945,0.731813475728428,0.56185366341867,352,0.622718473489188,0,1,4
"NU-PGF_FLUH",2025-12-13,0.678804236753771,0.461529801966317,338.134239130435,0.448065193007273,0.723175164431665,0.549941551265602,551,0.736731481411941,0,1,4
"NU-PGF_FLUH",2025-12-20,0.472690887792991,0.173942548270174,286.43152173913,0.147697501846542,0.519306030953982,0.217163635370276,481.25,0.252939643271569,0.75,1,4
"NU-PGF_FLUH",2025-12-27,1.7029749403497,0.638626607477929,989.365217391304,0.411923980111025,1.77579203496434,0.703297684395444,1534,0.620267344107019,0.25,0.5,4
"NU-PGF_FLUH",2026-01-03,5.09963185817885,2.52073423280301,1453.96173913043,0.5952808731211,4.37872274423497,2.23050017164844,2014,0.787928562064306,0,0.25,4
"NU-PGF_FLUH",2026-01-10,16.4968461411039,9.57717810652676,1560.88554347826,0.655552592163749,16.2600721225579,9.74810480130575,2133.75,0.843501651851155,0,0,4
"NU-PGF_FLUH",2026-01-17,0.976622128201455,0.956485679585441,199.815,0.131152735375212,1.10267236149783,1.11860937612249,376.25,0.241706722221438,0.25,1,4
"NU-PGF_FLUH",2026-01-24,1.17765340576491,1.18036075715281,467.372173913044,0.307043879924838,1.16006485467355,1.21401816603794,726,0.483212516123446,0,0.5,4
"NU-PGF_FLUH",2026-01-31,0.558988013095855,0.502810796044788,196.937173913043,0.111977108750374,0.586865997926794,0.530719811413833,314.75,0.175261801157814,0.25,1,4
"NU-PGF_FLUH",2026-02-07,1.29529253946346,1.48577352972187,348.7825,0.238539214893925,1.49993616011287,1.77075629039883,571.75,0.396252077228716,0,0.75,4
"NU-PGF_FLUH",2026-02-14,0.474533717195778,0.472856922096142,140.275217391304,0.0915320093741724,0.460827372273923,0.482891747771327,220.5,0.151090877268079,0.75,1,4
"NU-PGF_FLUH",2026-02-21,0.496602236682725,0.500754213664966,143.045326086957,0.122986409856088,0.545765081282339,0.584695694305078,255,0.229806820370888,0,1,4
"NU-PGF_FLUH",2026-02-28,0.554739985764161,0.800742567241423,146.4725,0.209377001370975,0.580072878191924,0.85191477215762,254.25,0.36601119296385,0,1,4
"NU-PGF_FLUH",2026-03-07,0.397508383774441,0.44467539947586,118.666086956522,0.15918246189021,0.409259121229201,0.493629964189385,201.75,0.285636442140603,0.25,1,4
"NU-PGF_FLUH",2026-03-14,0.44118139545379,0.476408275446119,89.3559782608696,0.162299691186464,0.399303714784999,0.486070733302849,139,0.273477664304268,0.25,1,4
"NU-PGF_FLUH",2026-03-21,0.413998071724412,0.398459394558631,53.4916304347826,0.125563368891561,0.316112271304082,0.298735535677908,68.5,0.1418502427373,0.75,0.75,4
"NU-PGF_FLUH",2026-03-28,0.645890434003527,0.633641915162913,94.4455434782609,0.260713997135082,0.617792189130518,0.691372403221814,155,0.449202222189713,0,1,4
"NU-PGF_FLUH",2026-04-04,0.319918550337309,0.280588530078682,27.2294565217391,0.104195304076262,0.310121067784595,0.350729985917763,37.5,0.143620445180142,0.75,1,4
"NU-PGF_FLUH",2026-04-11,0.362154550813917,0.330324439800056,23.3348913043478,0.119549451367618,0.497625443978932,0.643430477330657,33,0.171593668977224,1,1,4
"NU-PGF_FLUH",2026-04-18,0.869162680531127,0.821545306686527,45.2720652173913,0.314707816916911,4.18162688859163,5.81088360057534,80.75,0.533112803929662,0.25,1,4
"NU-PGF_FLUH",2026-04-25,0.771618340526115,0.603647027537811,41.0933695652174,0.267502754020736,2.6792448173647,3.28298017107609,77.25,0.485107504420038,0,1,4
"NU-PGF_FLUH",2026-05-02,0.470328608989012,0.46035791201848,24.6192391304348,0.177554123361453,1.18817460747669,1.51833514108106,44.5,0.292796759819385,1,1,4
"NU-PGF_FLUH",2026-05-09,0.39085190639854,0.319088671805901,20.4092391304348,0.127217694764412,0.0899768900310698,0.0921452169918708,3.5,0.0199962675860939,1,1,4
"NU-PGF_FLUH",2026-05-16,0.343907544276359,0.243302840677585,16.0491304347826,0.105823293513143,0.29277712999463,0.317478316102583,5.75,0.0400943333443569,1,1,4
"NU-PGF_FLUH",2026-05-23,0.384132679683616,0.368039108189018,18.0825,0.163337497669982,0.893127470253189,1.14881057579946,22,0.191299443500476,1,1,4
"OHT_JHU-nbxd",2025-11-22,2.78915247535878,0.69984722782219,210.833205434783,0.383251521095867,2.77258709980917,1.23686603959142,349.115,0.688028365305146,0.5,1,4
"OHT_JHU-nbxd",2025-11-29,1.2113450106514,0.352774632250847,175.17545,0.248451606221915,1.04710266165609,0.43845456485859,281.05,0.410740538456988,0.5,1,4
"OHT_JHU-nbxd",2025-12-06,0.746839213446603,0.265709817922205,211.864615217391,0.214461038488552,0.741565845342064,0.355553566949801,351.82,0.387531906879327,0.5,1,4
"OHT_JHU-nbxd",2025-12-13,0.348936852475341,0.139914552818362,174.013223913043,0.13483964402109,0.300935204170855,0.130410678681869,232.145,0.175839078705911,1,1,4
"OHT_JHU-nbxd",2025-12-20,0.243983407504387,0.124453156497669,141.734934782609,0.102274849044276,0.125008741095282,0.0707942103372088,109.6075,0.0790536671246627,1,1,4
"OHT_JHU-nbxd",2025-12-27,0.287490693857663,0.187835331445825,157.172152173913,0.114691198805995,0.238733067836686,0.177029312884044,191.8975,0.146872172283231,0.75,1,4
"OHT_JHU-nbxd",2026-01-03,0.682236286964726,0.475274619000125,191.149239130435,0.110919046575898,0.59026740004229,0.464246690470784,267.6725,0.162890225527396,0.75,1,4
"OHT_JHU-nbxd",2026-01-10,2.15337539879133,1.64438285721842,202.089093478261,0.111990504600826,2.41758474976948,2.15160434802121,312.875,0.184369911976037,0.75,1,4
"OHT_JHU-nbxd",2026-01-17,0.722617829911565,0.618426308730636,143.191405434783,0.0818679363528117,0.33836071517784,0.301694682314161,117.015,0.0655955714617455,1,1,4
"OHT_JHU-nbxd",2026-01-24,0.410056762095765,0.368943396473507,160.437570652174,0.0943770092159852,0.374569671903609,0.336305613937018,231.5325,0.131740238084172,0.75,1,4
"OHT_JHU-nbxd",2026-01-31,0.476659112393878,0.419361222327582,168.170007608696,0.0932966416845485,0.515128310355889,0.462862871450654,276.78,0.153109489366563,1,1,4
"OHT_JHU-nbxd",2026-02-07,0.928173691447626,0.858619104536927,257.637222826087,0.141256370313625,1.12398932876665,1.07864429787246,442.0725,0.24795764784333,0.25,1,4
"OHT_JHU-nbxd",2026-02-14,1.53992421548059,1.42244466806256,465.402490217391,0.281227880057199,1.47200150441066,1.35297209459116,721.5375,0.432616923546133,0.25,0.75,4
"OHT_JHU-nbxd",2026-02-21,1.38164076159196,1.26765804753784,405.282136956522,0.316562945387282,1.39365704427971,1.28111308390113,660.9425,0.508651751958885,0.25,0.75,4
"OHT_JHU-nbxd",2026-02-28,0.866807065577725,0.832907804305532,232.877208695652,0.220200735071241,0.881161297979636,0.901349792191539,393.01,0.391410193851583,0.25,1,4
"OHT_JHU-nbxd",2026-03-07,0.648351227715953,0.665538529744043,193.946136956522,0.238718447330903,0.674934285165361,0.741759313022212,334.19,0.430478748229286,0.25,1,4
"OHT_JHU-nbxd",2026-03-14,0.906488592832785,0.877226693680592,185.42572173913,0.301808402653209,0.878230236640727,0.909904252408163,306.08,0.509755647268506,0.25,1,4
"OHT_JHU-nbxd",2026-03-21,0.947360331661198,0.821233241039134,126.391367391304,0.266757921451464,0.940731003007021,0.953870272354726,212.3875,0.47321244062024,0.25,1,4
"OHT_JHU-nbxd",2026-03-28,0.729964561561799,0.680763709333758,107.057757608696,0.281061629656237,0.733187527566433,0.793435138709506,184.6625,0.516994574908786,0.25,1,4
"OHT_JHU-nbxd",2026-04-04,0.599444452305477,0.455573399280702,51.0938304347826,0.168951559877658,0.542484182372514,0.586124364821615,66.0425,0.241205907931569,0.75,1,4
"OHT_JHU-nbxd",2026-04-11,0.575909552133966,0.532526601285316,36.7507641304348,0.191303656344879,0.628384828370524,0.843029240044285,41.615,0.225440483273212,1,1,4
"OHT_JHU-nbxd",2026-04-18,0.793484645133359,0.696826512453504,41.0082065217391,0.264669116300806,3.72143600678371,4.82341880374987,71.6375,0.440413894268644,0.5,1,4
"OHT_JHU-nbxd",2026-04-25,0.873948544279914,0.762489478336731,46.5325054347826,0.337457579253046,3.21165943421341,4.20334498294564,92.495,0.619899124590634,0,1,4
"OHT_JHU-nbxd",2026-05-02,0.58082669715484,0.544120379585903,30.1284260869565,0.206683249362937,1.30215568273065,1.6208927349769,48.0125,0.306059934067949,1,1,4
"OHT_JHU-nbxd",2026-05-09,0.479932980219904,0.434412508965709,24.8237565217391,0.171403859640807,0.698691347600564,0.816664833897813,27.41,0.178990846596672,1,1,4
"OHT_JHU-nbxd",2026-05-16,0.506737418302192,0.393473524646307,23.40935,0.169359472646375,0.916961234648939,1.02294317777718,18.0075,0.129539070740478,1,1,4
"OHT_JHU-nbxd",2026-05-23,0.425447403697737,0.370551402141895,19.8261326086957,0.16249720121897,0.753734963140496,0.945686090606577,18.6975,0.158629466769997,1,1,4
"PSI-PROF",2025-11-22,0.657322647004185,0.474125535398685,48.289625,0.25791911754036,0.557648339218489,0.455232736319646,69.2525,0.254280901279647,1,1,4
"PSI-PROF",2025-11-29,0.766004950761407,0.559236591383366,111.207042391304,0.399699891530698,0.768317033557698,0.634170945779083,204.75,0.596360578423765,0.5,1,4
"PSI-PROF",2025-12-06,0.734992549581604,0.418551066854819,215.344189130435,0.349501705650949,0.700272785901754,0.50815497509195,341.375,0.572014604512846,0.25,1,4
"PSI-PROF",2025-12-13,0.769159840116027,0.497682217434086,387.463338043478,0.488646390974247,0.750180783669778,0.568991589024813,575,0.768249619998132,0,0.5,4
"PSI-PROF",2025-12-20,0.431938761097728,0.287767894478892,248.613109782609,0.235869660080038,0.512971019046229,0.377598163794712,439,0.41523100664903,0.25,1,4
"PSI-PROF",2025-12-27,0.400505507803377,0.2378602093946,220.662815217391,0.145796042092803,0.378581960804658,0.266397265239546,307.375,0.222636200982907,0.5,1,4
"PSI-PROF",2026-01-03,1.35583170022301,0.746241871510503,387.518831521739,0.176426652270136,1.18822019574858,0.837876218391397,550.125,0.298821908372228,1,1,4
"PSI-PROF",2026-01-10,5.64518517327808,3.30463076300292,535.801832608696,0.226321978652969,6.37880066742668,4.93524819713622,831.1875,0.425359903609814,0.5,1,4
"PSI-PROF",2026-01-17,2.27883458970454,1.6872410432846,454.519489130435,0.225053376038796,1.67168716077553,1.38687663400528,542,0.284702498216411,0.75,1,4
"PSI-PROF",2026-01-24,0.865029761271706,0.89490179028886,345.730127173913,0.234890825629752,0.843760708481053,0.815521756571557,533.4425,0.327777937738605,0,1,4
"PSI-PROF",2026-01-31,1.2155002871424,1.39183777097335,431.657891304348,0.314328272565655,1.470341066871,1.74110187977772,800,0.587259017287814,0.25,1,4
"PSI-PROF",2026-02-07,0.999526788397612,1.05419865747946,268.854480434783,0.168640097420613,0.727142195879088,0.698683549104192,272.6425,0.152859825788134,0.5,1,4
"PSI-PROF",2026-02-14,1.29322550900633,1.26342654340272,392.861654347826,0.250987968275646,1.21867157622713,1.17282058973208,599.54,0.376484067174067,0,1,4
"PSI-PROF",2026-02-21,1.24937734744198,1.06054302646436,362.330427173913,0.261500566969252,1.54212038601023,1.37910986712891,726.7525,0.544236271786983,0,1,4
"PSI-PROF",2026-02-28,1.13274134985838,0.965901106527251,303.170352173913,0.254196874760801,1.26732683870363,1.19349703153661,563.84,0.516576697871637,0,1,4
"PSI-PROF",2026-03-07,0.643975056622579,0.48995622099805,191.128523913043,0.174144654431687,0.295198991808737,0.34443063544666,143.1475,0.195963620401647,1,1,4
"PSI-PROF",2026-03-14,0.743380869385876,0.482624758610817,148.715420652174,0.161283728214173,0.239403139003768,0.27030256668371,80.5625,0.146213015606007,1,1,4
"PSI-PROF",2026-03-21,0.410381875819566,0.421486211556674,53.2127434782609,0.133235899241229,0.301432883207914,0.292514463532389,65.43,0.13938275284188,0.75,1,4
"PSI-PROF",2026-03-28,0.640895614818597,0.603158344785354,93.3486597826087,0.24706811419291,0.640173426858574,0.677293040544428,158.8425,0.435366098543052,1,1,4
"PSI-PROF",2026-04-04,0.376597770889818,0.394198811315383,32.072875,0.146922451345199,0.237663671643693,0.354097276038248,29.875,0.151539228663502,0.75,1,4
"PSI-PROF",2026-04-11,0.489196568961356,0.463193907307876,31.4736913043478,0.167572630707843,0.607429978749195,0.830358249591629,41.5,0.229560290894023,0.5,1,4
"PSI-PROF",2026-04-18,0.681919566005752,0.555600292715532,35.4025554347826,0.211615925383603,3.029586405164,3.77256640671611,58.5,0.34539302190646,0.25,1,4
"PSI-PROF",2026-04-25,0.819118213473333,0.645868615099998,43.75595,0.286880488314949,2.77744349950966,3.45350887734844,80.125,0.510753176915524,0,1,4
"PSI-PROF",2026-05-02,0.583389495260942,0.534721204761679,30.628447826087,0.20580928997219,0.520769294135614,0.632655844356675,19.75,0.123182970080823,1,1,4
"PSI-PROF",2026-05-09,0.572900035300547,0.510290950005831,29.8961608695652,0.20300229994439,0.330342997466332,0.396860622061605,13.2025,0.0887701609202995,1,1,4
"PSI-PROF",2026-05-16,0.253280195238833,0.185105147348224,11.6150184782609,0.0787947063138013,0.570518486345907,0.582484920284334,10.875,0.071205777813121,1,1,4
"PSI-PROF",2026-05-23,0.22514875341992,0.16663613324761,10.4411630434783,0.0724205328054737,0.298763664195358,0.317228625677516,6.9475,0.0496557138099858,1,1,4
"PSI-PROF_MOA",2025-11-22,0.941040074923552,0.504785482148014,68.6022065217391,0.272318165928788,0.701463595114891,0.484720806223285,86.1475,0.266419996127995,0.75,1,4
"PSI-PROF_MOA",2025-11-29,0.5242256746155,0.391574244124588,73.8270923913043,0.275023980986652,0.137896084878989,0.107122529154371,34.945,0.0967287233115581,1,1,4
"PSI-PROF_MOA",2025-12-06,0.482171142227997,0.358349738236522,138.326410869565,0.294266557761217,0.46583110690413,0.296605001064916,225.0325,0.328795267504408,0.75,1,4
"PSI-PROF_MOA",2025-12-13,0.35508215922106,0.311688740196049,176.442867391304,0.303813239871403,0.3491473308102,0.217680422250842,265.465,0.290188627379818,0.75,1,4
"PSI-PROF_MOA",2025-12-20,0.411089698910839,0.350549532760529,236.633973913043,0.28794424047658,0.43932112588457,0.350310007587547,371.425,0.380668855812392,0.5,1,4
"PSI-PROF_MOA",2025-12-27,0.342216442467315,0.228024992307325,185.778451086957,0.138383204649063,0.376069902743244,0.275206890249594,303.625,0.228941439622933,0.25,1,4
"PSI-PROF_MOA",2026-01-03,1.43905004300498,0.878464273339538,411.654191304348,0.208510270015198,1.64828466322574,1.07238181159881,766.375,0.383843267698748,0.25,1,4
"PSI-PROF_MOA",2026-01-10,2.30927937699911,1.72892277361065,218.468802173913,0.118432174196377,2.89481519553883,2.45319124025807,381.4825,0.213394367805672,0.5,1,4
"PSI-PROF_MOA",2026-01-17,1.15008298811247,1.14383521210153,237.768248913043,0.158552072108252,1.17489883819503,1.22772507330767,406.955,0.269924608277537,0.25,1,4
"PSI-PROF_MOA",2026-01-24,1.06644128688421,1.07452931256613,427.446513043478,0.28263894214458,1.09442097366171,1.15223799017367,694.6,0.466256784124449,0,1,4
"PSI-PROF_MOA",2026-01-31,0.573616919661626,0.513474050766314,202.798647826087,0.114841959440101,0.563475024687274,0.509165343911734,303.645,0.169092816496944,0.5,1,4
"PSI-PROF_MOA",2026-02-07,0.839566575999599,0.842429795404619,224.256754347826,0.133598587846195,0.756128061082171,0.729219616443033,283.605,0.159586096336702,0.5,1,4
"PSI-PROF_MOA",2026-02-14,0.958903806771026,0.974114653317236,290.118744565217,0.193045279848859,1.0069129249207,1.00489185320003,492.05,0.32087811460093,0,0.75,4
"PSI-PROF_MOA",2026-02-21,1.36640609198698,1.28261168744545,396.459116304348,0.316930844148701,1.37517052065659,1.26106552862481,645.08,0.495862668310465,0,0.5,4
"PSI-PROF_MOA",2026-02-28,0.555545342855781,0.561906733671695,148.544742391304,0.147781478661187,0.393808402530232,0.426750247918747,172.8025,0.182659826675973,1,1,4
"PSI-PROF_MOA",2026-03-07,0.21469674872482,0.249807944135261,63.2471304347826,0.0883737116388967,0.211399743736366,0.261695351544083,102.875,0.14948347054044,0.5,1,4
"PSI-PROF_MOA",2026-03-14,0.230657372838796,0.249412673569549,45.5948826086957,0.0826980665455366,0.208883923647258,0.225843428593591,69.85,0.12104128429267,1,1,4
"PSI-PROF_MOA",2026-03-21,0.300622905301235,0.283753939902896,38.8047315217391,0.0891990033029735,0.233692193908927,0.198730166691875,50.5,0.0939319139212034,0.75,1,4
"PSI-PROF_MOA",2026-03-28,0.633356853412297,0.615655548905835,92.2763989130435,0.252398886646796,0.637641550734749,0.681942198965379,158.4225,0.439027488438066,0.25,1,4
"PSI-PROF_MOA",2026-04-04,0.290743445414821,0.278975883393628,24.6835054347826,0.103401993872141,0.165198994942628,0.221733560175587,20.75,0.0949211002100698,1,1,4
"PSI-PROF_MOA",2026-04-11,0.406560454401846,0.363939801820305,26.0131554347826,0.130748861840007,0.50352650045801,0.65591661386671,33.625,0.176205358046428,0.75,1,4
"PSI-PROF_MOA",2026-04-18,0.554651932255883,0.435243805701202,28.6522652173913,0.16479613846172,2.48606710750997,2.9070154668709,47.75,0.264376264439747,0.25,1,4
"PSI-PROF_MOA",2026-04-25,0.678067616323222,0.518426793467248,36.1182413043478,0.229480147403452,2.41335553434535,2.85836928648407,69.5,0.421575226996509,0,1,4
"PSI-PROF_MOA",2026-05-02,0.535752951343577,0.488575184448142,28.1163282608696,0.187810607400811,0.194333245689005,0.200758201585318,7.1175,0.0376246532946067,1,1,4
"PSI-PROF_MOA",2026-05-09,0.537164390991826,0.486086459970524,28.0565815217391,0.193756647660296,0.10590217817737,0.111239099194878,4.165,0.0244577103041834,1,1,4
"PSI-PROF_MOA",2026-05-16,0.253238564237281,0.191942176463396,11.6610358695652,0.0822330728799092,0.572024761252054,0.604455371931253,11.1,0.0754433899502593,1,1,4
"PSI-PROF_MOA",2026-05-23,0.244964887513887,0.173150061939593,11.3499652173913,0.0750901635156433,0.440310647783262,0.45113066823812,10.1675,0.0700285472771058,1,1,4
"SigSci-TSENS",2025-12-20,0.972479876364535,0.828699096602659,564.703152173913,0.68723973066154,0.907273918959247,0.83665319415591,781.25,0.927868170928099,0,0.25,4
"SigSci-TSENS",2025-12-27,0.953169323854078,0.887271928378763,519.249456521739,0.544306142822233,0.939064162608662,0.907571061016331,766,0.765839203022774,0,0.25,4
"SigSci-TSENS",2026-01-03,0.841818033419061,0.882727367845137,233.215869565217,0.204902384984629,0.941872431171469,0.931454071555093,421.25,0.322719765139359,0.25,1,4
"SigSci-TSENS",2026-01-10,1.52412738459002,1.71916950247563,144.967173913043,0.119337556152082,1.26852206558469,1.29313742563545,171.75,0.116022910052936,1,1,4
"SigSci-TSENS",2026-01-17,1.20473678447538,1.43658179081206,242.398260869565,0.194284832448911,1.30868777659801,1.3741873103337,439.75,0.291963120131894,0.5,1,4
"SigSci-TSENS",2026-01-24,0.95158860437364,1.05645313967732,376.484130434783,0.274427320886183,1.07966524931621,1.10170277098914,673,0.436275123670224,0,1,4
"SigSci-TSENS",2026-01-31,0.907684088547516,0.980241946312142,318.982934782609,0.218348274796952,1.01088791901285,1.0134081569218,542,0.334713761916516,0.25,1,4
"SigSci-TSENS",2026-02-07,1.07422206171745,1.20385091658809,287.573913043478,0.191596666309752,1.09059156270663,1.10718434227462,409,0.242115358454831,0.5,1,4
"SigSci-TSENS",2026-02-14,0.898694137060987,0.905463084948531,269.982934782609,0.178040275515887,1.00920238466149,1.00775906827095,492,0.321088688482602,0.5,1,4
"SigSci-TSENS",2026-02-21,0.770065594705375,0.81523337501687,226.286195652174,0.203659767133805,0.759577826413044,0.810421966629005,370,0.331074910661135,0.75,1,4
"SigSci-TSENS",2026-02-28,0.696692723355933,0.784644409840023,188.159130434783,0.208204319856457,0.701585723908961,0.75649165091516,317,0.332731838147019,0.75,1,4
"SigSci-TSENS",2026-03-07,0.931172352969423,0.907322694415981,280.354347826087,0.327039761406673,1.04044781031211,1.02858012197263,518.75,0.599660577781185,0.25,1,4
"SigSci-TSENS",2026-03-14,0.779948040339479,0.818119399307767,159.85902173913,0.281293455323589,0.786636019199858,0.838092617555235,277.75,0.475503352679963,0.5,1,4
"SigSci-TSENS",2026-03-21,0.908750826882723,0.901682045158448,120.847391304348,0.291803120819451,0.959413905496368,0.969181438582412,216,0.479520467726136,0.75,1,4
"SigSci-TSENS",2026-03-28,0.951713653972405,0.89497673772299,140.082826086957,0.370654701568196,1.04625020157844,1.03228097624276,264.5,0.673992133664288,0,1,4
"SigSci-TSENS",2026-04-04,0.718427813735621,1.0350572058671,61.7279347826087,0.386999351200822,0.317354457384694,0.376594036583082,40,0.160624334665643,1,1,4
"SigSci-TSENS",2026-04-11,0.943364295504423,0.947954511489468,60.3979347826087,0.340638383198112,0.96786299592898,0.971778922773913,61,0.245601968442783,1,1,4
"SigSci-TSENS",2026-04-18,0.947336210633155,1.15761719389268,49.1326086956522,0.442285472397831,0.935702065004585,1.01104098663979,17.75,0.0907408525884585,1,1,4
"SigSci-TSENS",2026-04-25,0.943635894483222,1.40160557862257,50.5821739130435,0.628910338543338,2.41302385362814,2.89226932740133,69.75,0.428831406450086,1,1,4
"SigSci-TSENS",2026-05-02,0.921415634727524,1.18111211229246,48.5709782608696,0.457529775746751,0.4277773585679,0.452808419695998,16.25,0.088460014378106,1,1,4
"SigSci-TSENS",2026-05-09,0.897510187490868,1.38069456338228,46.9336956521739,0.550803150056662,0.50900011258069,0.550597390245745,19.75,0.11906824246836,1,1,4
"SigSci-TSENS",2026-05-16,0.989728893847091,1.06283309005767,46.480652173913,0.464764112084009,1.31081507248901,1.28123172428759,26.5,0.165928940173002,1,1,4
"SigSci-TSENS",2026-05-23,0.92434035677312,1.24043907395878,43.5190217391304,0.546044522418111,0.314946834471797,0.336618501517503,7.75,0.0557080079356649,1,1,4
"UGA_CEID-Walk",2025-11-29,1.66717015093752,1.12104349752946,241.195090108696,0.802280081175434,0.998328806837141,0.996828970797173,263.52675,0.93214822965116,0,0,4
"UGA_CEID-Walk",2025-12-06,1.73385361631121,1.48370316007739,495.012763695652,1.21544636559776,1.08709434312749,1.21709351416449,517.0335,1.34088635796719,0,0,4
"UGA_CEID-Walk",2025-12-13,1.47068468943067,1.28258051741898,734.449517608696,1.2534940097583,1.01698916538473,1.04189579221735,774.15875,1.40189036406727,0,0,4
"UGA_CEID-Walk",2025-12-20,1.64336228445833,1.67895825172626,949.921891413043,1.38321334479567,1.16215798277189,1.38516965391867,997.0025,1.5298142383552,0,0,4
"UGA_CEID-Walk",2025-12-27,1.66561508569879,1.70281837798316,909.048259891304,1.0430386414466,1.24057158336847,1.45844587996927,1011.088,1.22910252174879,0,0,4
"UGA_CEID-Walk",2026-01-03,2.37927128842081,2.62135936583454,657.168306413044,0.604263507739723,1.88445535351409,2.3255772488034,841.5925,0.804282334617564,0,0,4
"UGA_CEID-Walk",2026-01-10,1.7084286214305,1.90081064807313,187.405302173913,0.150123010914583,2.36399151834596,2.60427209944777,356.973,0.257945568324197,0.333333333333333,1,3
"UGA_CEID-Walk",2026-01-17,0.975187274388678,0.996028451307246,196.411067934783,0.134205856902975,0.978827321264024,0.977167234303247,331.988,0.209398606969838,0.5,1,4
"UGA_CEID-Walk",2026-01-24,0.865227051738813,0.877151301345765,343.046132065217,0.227655374091534,0.988134026273084,0.986309005452581,616.67125,0.390928809892399,0,1,4
"UGA_CEID-Walk",2026-01-31,1.06639691518997,1.01502317702979,373.626059891304,0.224740863344522,0.992520166740527,0.991211445248792,531.78875,0.327104545204994,0,0.5,4
"UGA_CEID-Walk",2026-02-07,1.07659072490673,1.03094139840202,285.772389565217,0.162058810020563,1.00670272074817,1.00794188460363,377.8585,0.220668481650906,0.25,0.5,4
"UGA_CEID-Walk",2026-02-14,1.09106016000739,1.12746992112923,331.220013369565,0.224479898398111,0.98024449398817,0.98279842339699,479.54575,0.314291817075733,0,0.5,4
"UGA_CEID-Walk",2026-02-21,0.999213198089253,0.977708017129316,296.412845978261,0.246743105876171,1.01561397384382,1.01060709909882,490.776,0.408962331277139,0.25,1,4
"UGA_CEID-Walk",2026-02-28,1.12066477602026,1.06223369011487,302.324358913043,0.282003322094462,1.16535467688866,1.11560737981382,524.24775,0.487531291605263,0.25,1,4
"UGA_CEID-Walk",2026-03-07,0.926687705335584,0.917112183184286,278.886637173913,0.330548978516979,1.01929987774669,1.01223933007742,508.1325,0.590167952086039,0.25,1,4
"UGA_CEID-Walk",2026-03-14,1.17783831944216,1.10779647492254,239.487645217391,0.3781468076111,1.19002759668269,1.12209552078216,413.912,0.62611204296657,0.75,1,4
"UGA_CEID-Walk",2026-03-21,1.15815334124537,1.26909843530955,153.900771195652,0.408440287130767,0.885918736010149,0.908306658327456,204.27625,0.459349157560125,1,1,4
"UGA_CEID-Walk",2026-03-28,0.969799291890249,0.929882031111719,142.850969021739,0.384133456496766,1.02498302049227,1.01464288856436,259.6525,0.663727627328494,0.25,1,4
"UGA_CEID-Walk",2026-04-04,1.16477888060901,1.14214655219114,99.8769091304348,0.424859861037435,1.05386944411311,1.03185642666465,129.9825,0.429535566546922,1,1,4
"UGA_CEID-Walk",2026-04-11,1.10211388186583,1.07001098116576,70.4068516304348,0.382053008407884,1.08049227149414,1.0527960677273,68.33175,0.267032186622488,1,1,4
"UGA_CEID-Walk",2026-04-18,0.970396174904421,0.903967334938293,50.1760026086957,0.342151355991003,1.89453473305257,1.84655603817631,35.6545,0.163892663454302,1,1,4
"UGA_CEID-Walk",2026-04-25,0.90327078577222,0.990132520506529,48.4527195652174,0.440605382307327,1.06670719206277,1.10616143077539,30.1965,0.159712741094689,1,1,4
"UGA_CEID-Walk",2026-05-02,0.553173990509873,0.399043645863769,29.2722264130435,0.154525984823249,1.0443217850394,1.03399770893155,40.34825,0.204646617811273,1,1,4
"UGA_CEID-Walk",2026-05-09,0.464072686263271,0.327117012711184,24.5584781521739,0.13191671884056,1.02682175674404,1.02132467214059,41.9085,0.232863326403265,0.5,1,4
"UGA_CEID-Walk",2026-05-16,0.349871422220318,0.248343499681382,16.450672826087,0.108169650943304,0.844144881518741,0.850235262446437,17.618,0.113782469852739,1,1,4
"UGA_CEID-auto_AVG_LB",2025-11-29,1.15414389719657,0.6791550277909,169.405744457645,0.490889053369668,0.869494326053309,0.776390439365869,231.2023408718,0.730149857363931,0,0.5,4
"UGA_CEID-auto_AVG_LB",2025-12-06,1.23321068328435,0.81427187623673,358.350843516612,0.676467963687941,0.914732815293701,0.827802345334697,439.394139756938,0.920078321126553,0,0.25,4
"UGA_CEID-auto_AVG_LB",2025-12-13,1.19935886409345,0.896040561431067,602.650851408615,0.87961670260639,0.924927627957969,0.838803529752304,706.481351885663,1.13165749582525,0,0,4
"UGA_CEID-auto_AVG_LB",2025-12-20,0.845457507807183,0.644219273375905,487.750932707148,0.529520123025261,0.827877803888896,0.72399410758765,710.841703533847,0.799215005524872,0,0.25,4
"UGA_CEID-auto_AVG_LB",2025-12-27,0.460747260409781,0.344695725768142,248.944836610175,0.208647884704465,0.445998852617225,0.369142986982737,357.532359455878,0.305605247666866,0.5,1,4
"UGA_CEID-auto_AVG_LB",2026-01-03,1.29356159923389,0.768037498750124,371.437426083234,0.182691441556236,1.34119343299654,0.91300928412883,623.557184812674,0.326805851685812,0.5,1,4
"UGA_CEID-auto_AVG_LB",2026-01-10,1.42276850068369,1.2938157635876,134.770453260719,0.0890993845124431,0.824757677483919,0.816407001393917,110.039912031027,0.0721084704391901,1,1,4
"UGA_CEID-auto_AVG_LB",2026-01-17,1.66874388464779,1.83137847405768,333.064163231919,0.244493073565093,1.86047059681949,2.12427419968528,618.355719799408,0.446485986916041,0,1,4
"UGA_CEID-auto_AVG_LB",2026-01-24,1.48034482799643,1.62082233750416,581.286432559967,0.416838828539771,1.50491679565168,1.72557365005061,932.59484647965,0.679450056953226,0,0.75,4
"UGA_CEID-auto_AVG_LB",2026-01-31,1.26542853825328,1.34998727823087,443.260066402318,0.299001355133786,1.40473075505576,1.54136199636467,752.958530860122,0.508980248277152,0,1,4
"UGA_CEID-auto_AVG_LB",2026-02-07,1.05182487986214,1.0859722194969,281.322664189852,0.172137002342857,1.12538715233649,1.14938841049342,421.913954363228,0.251233230265078,0.5,1,4
"UGA_CEID-auto_AVG_LB",2026-02-14,0.889065848238098,0.854396598269444,266.293768927533,0.167185306955463,0.910542930483561,0.923224386352025,442.308434077847,0.29329233981433,0.5,1,4
"UGA_CEID-auto_AVG_LB",2026-02-21,0.927399923402547,0.891950074543299,273.879414163543,0.224003280494706,0.867202820720454,0.897703794654908,421.79322983471,0.365779092740735,0.5,1,4
"UGA_CEID-auto_AVG_LB",2026-02-28,0.858676135986147,0.834798525846922,233.190408024718,0.222777897597396,0.83338887826387,0.869731278693019,377.182870903838,0.382664177941777,0.25,1,4
"UGA_CEID-auto_AVG_LB",2026-03-07,0.327215515504659,0.374041228925874,97.6163984555028,0.133913113571063,0.292925396317193,0.377041398138177,144.640177772034,0.218586766862438,0.5,1,4
"UGA_CEID-auto_AVG_LB",2026-03-14,0.326283499366865,0.363395597597365,65.7626490728016,0.12311258678286,0.303760526903677,0.382175984380257,104.6668475574,0.212543538944333,0.75,1,4
"UGA_CEID-auto_AVG_LB",2026-03-21,0.402507543447621,0.371228243209448,52.0333554177644,0.116805604527425,0.30215990747279,0.268966895143596,65.4058552435926,0.127394980802665,0.75,1,4
"UGA_CEID-auto_AVG_LB",2026-03-28,0.543004868829643,0.568365045275576,80.7012244860867,0.237726788384587,0.510558039176552,0.60857123778523,130.782610365474,0.402890516315662,0.25,1,4
"UGA_CEID-auto_AVG_LB",2026-04-04,0.265807618221633,0.284161515704436,22.7018974200348,0.105869070509275,0.267207023724251,0.354736675993223,32.5216497698909,0.146252399030448,0.75,1,4
"UGA_CEID-auto_AVG_LB",2026-04-11,0.384196272404279,0.362962311894821,24.8649656438788,0.131842963123958,0.628640989451079,0.804907838304857,41.2200204780432,0.213784779079193,0.5,1,4
"UGA_CEID-auto_AVG_LB",2026-04-18,0.774550340520654,0.641704602295849,40.2097635641539,0.244237368217235,3.64110924931132,4.6541749215137,69.8840745996467,0.423219091674301,0.25,1,4
"UGA_CEID-auto_AVG_LB",2026-04-25,1.03306340379283,0.803474287526146,54.9757999731792,0.355598917932446,3.1030644930989,3.97688303840877,89.4128149631407,0.587308365234174,0,0.75,4
"UGA_CEID-auto_AVG_LB",2026-05-02,0.339230582595988,0.28336897789272,17.5755477252213,0.107559575388551,0.808511265501718,0.918254032087306,29.6994734514569,0.172726865910269,0.75,1,4
"UGA_CEID-auto_AVG_LB",2026-05-09,0.260943101997052,0.200739706526957,13.6441059441241,0.079952315116979,0.30490605628196,0.334682232794955,12.2549495426853,0.0752788384225986,1,1,4
"UGA_CEID-auto_AVG_LB",2026-05-16,0.293087460911663,0.202925804656088,13.5996693062402,0.0871655606104452,0.638713428620986,0.644112151058737,12.4165424888704,0.0803461774037677,1,1,4
"UGA_flucast-Copycat",2025-11-22,0.866666687782016,0.475876877560101,64.8113043478261,0.262913805286892,0.843765006072818,0.775758807426621,105.25,0.437544212179547,0.25,1,4
"UGA_flucast-Copycat",2025-11-29,1.49265864127796,0.964538922938414,215.722065217391,0.688573183542918,0.969004251496858,0.942026107788895,255.75,0.880027278677841,0,0,4
"UGA_flucast-Copycat",2025-12-06,0.40817212472295,0.201688452234172,120.195869565217,0.168854123921366,0.455964336090681,0.271010796569928,225.5,0.307605223774057,0.5,1,4
"UGA_flucast-Copycat",2025-12-13,0.659799639058334,0.406057475870672,332.376304347826,0.398568785691486,0.667161002565252,0.471129446317629,512.5,0.636895417746657,0,0.75,4
"UGA_flucast-Copycat",2025-12-20,0.295178120256223,0.179803164756517,171.267717391304,0.148678715735904,0.369420799509372,0.24108755166102,319,0.267817745343048,0.5,1,4
"UGA_flucast-Copycat",2025-12-27,0.27087440258807,0.180704669669457,148.197826086957,0.11070675871475,0.234500809167597,0.173203839713417,188.5,0.143862528378765,0.5,1,4
"UGA_flucast-Copycat",2026-01-03,0.882437170859233,0.571867949031399,248.096195652174,0.133909945496535,0.825973337472269,0.623657272619894,373.25,0.21819376802441,0.5,1,4
"UGA_flucast-Copycat",2026-01-10,2.08902943176587,1.74277749997504,196.390869565217,0.119268076048939,1.64402347395833,1.56698745756726,210.5,0.133099039537931,0.75,1,4
"UGA_flucast-Copycat",2026-01-17,1.43225110807367,1.55632660718826,292.896739130435,0.213783491692399,1.52279463731662,1.70077197753857,523,0.371034591163181,0.25,1,4
"UGA_flucast-Copycat",2026-01-24,1.3499329940935,1.46359812748898,539.146195652174,0.383728859581594,1.3841105712691,1.56950506621041,868.5,0.62784876523385,0,0.75,4
"UGA_flucast-Copycat",2026-01-31,0.947730634475529,0.966020901494975,336.57902173913,0.217518497032648,1.07353866574091,1.11917520165141,582.75,0.375533302085529,0.25,1,4
"UGA_flucast-Copycat",2026-02-07,1.004356113901,1.07699682396704,269.0575,0.171538180467569,1.22537379455748,1.32590354299124,464,0.29381236373115,0.25,1,4
"UGA_flucast-Copycat",2026-02-14,0.479950996424691,0.478316222833328,142.470869565217,0.0929713309640952,0.446272834461878,0.473873291017493,214,0.148915327489424,1,1,4
"UGA_flucast-Copycat",2026-02-21,0.538426352496055,0.533273893798329,155.941739130435,0.131693836235865,0.530748188391894,0.580239617355658,249.25,0.229307661904287,0.5,1,4
"UGA_flucast-Copycat",2026-02-28,0.276186864885902,0.310762911692844,73.7960869565217,0.0819112473400445,0.173780714082495,0.206891433522351,77,0.089442577398712,0.75,1,4
"UGA_flucast-Copycat",2026-03-07,0.324429153011813,0.370517274393294,96.2323913043478,0.131921228578083,0.318349501171787,0.389693572399481,155.75,0.223902124972861,0.5,1,4
"UGA_flucast-Copycat",2026-03-14,0.323651159950422,0.359407672656875,65.0005434782609,0.121383487572231,0.305298274829091,0.375436877671974,104.75,0.207979324574556,0.5,1,4
"UGA_flucast-Copycat",2026-03-21,0.367031411347153,0.346560746718838,47.8942391304348,0.110329443207728,0.352480440181139,0.375047649600755,77.75,0.18266298105328,0.75,1,4
"UGA_flucast-Copycat",2026-03-28,0.550273351316168,0.585128704853865,80.548152173913,0.241468187809537,0.537866523651383,0.619394529855774,135,0.402743739352224,0,1,4
"UGA_flucast-Copycat",2026-04-04,0.328960027364793,0.358800190350385,28.0335869565217,0.133609823424159,0.241326264162037,0.354033003502952,30,0.149147119573629,1,1,4
"UGA_flucast-Copycat",2026-04-11,0.427538358055217,0.407070986664734,27.4466304347826,0.146916212920172,0.596379199109675,0.78204116838818,39.5,0.209226568978313,1,1,4
"UGA_flucast-Copycat",2026-04-18,0.529330453564468,0.423955308819533,27.3272826086957,0.160515503355688,2.31641971503881,2.67460677821454,44.5,0.243199451835766,1,1,4
"UGA_flucast-Copycat",2026-04-25,0.669472129767772,0.514167472181108,35.5476086956522,0.22692934504619,2.3936631604373,2.79705694182672,68.75,0.411069916710732,0.25,1,4
"UGA_flucast-Copycat",2026-05-02,0.587050476083766,0.370803601497837,31.0221739130435,0.143341740669795,1.33372599921911,1.2865049764376,50.75,0.250658138011638,0.75,1,4
"UGA_flucast-Copycat",2026-05-09,0.602608510279559,0.400949088427034,31.719347826087,0.160924732152272,1.31033657371595,1.26221513641569,53,0.285123792907108,0.5,1,4
"UGA_flucast-Copycat",2026-05-16,0.524247964980274,0.314560560132277,24.5357608695652,0.13649019374501,1.92013940902179,1.79847416341096,38.25,0.229599031975371,0.5,1,4
"UGA_flucast-Copycat",2026-05-23,0.37512955981185,0.25130121381161,17.4739130434783,0.109447797265164,1.02569414060175,1.01937598817525,24,0.160323146500278,1,1,4
"UGA_flucast-INFLAenza",2025-11-22,0.468956444935258,0.217885063034014,34.0233233695652,0.116597255594998,0.263322341949765,0.232331410421,31.5,0.125346803712433,1,1,4
"UGA_flucast-INFLAenza",2025-11-29,0.382156252802422,0.192373994967954,54.8244260869565,0.135923244332134,0.29982645229734,0.181796250733451,82.75,0.174394637411243,1,1,4
"UGA_flucast-INFLAenza",2025-12-06,0.487518394169384,0.264732161327258,141.393805978261,0.218365497727873,0.519997073918272,0.327267842587741,254,0.367291794992193,0.5,1,4
"UGA_flucast-INFLAenza",2025-12-13,0.594767189940981,0.37721439932836,300.720680978261,0.370871159270187,0.669662821978243,0.477116897884967,514.5,0.64465434284063,0,1,4
"UGA_flucast-INFLAenza",2025-12-20,0.580492744284703,0.418272299165075,337.908003260869,0.347123353732408,0.698620601194088,0.553965563185637,603.25,0.615949268309589,0,1,4
"UGA_flucast-INFLAenza",2026-01-10,2.95684387308117,3.40506273690617,280.91473423913,0.235171327000439,4.17481305197433,5.07358415729977,548.25,0.441789365775862,0,1,4
"UGA_flucast-INFLAenza",2026-01-17,1.65319882586807,1.85208327260865,331.066372282609,0.248236410493595,1.90260802686259,2.19071685560405,634.375,0.46229819746539,0.25,1,4
"UGA_flucast-INFLAenza",2026-01-24,1.02790931750518,1.08463046154302,406.858430978261,0.281209223792748,1.22689068387697,1.30307928613346,765,0.516553731866394,0,1,4
"UGA_flucast-INFLAenza",2026-01-31,1.06823476010034,1.1506881163876,375.958880434783,0.256304432832184,1.30884747518647,1.40849750020432,704,0.467226266041721,0.25,1,4
"UGA_flucast-INFLAenza",2026-02-07,1.06281634712332,1.16887190815245,285.003883695652,0.186107760355533,1.29402409417501,1.37947453907363,487.625,0.303554358118434,0.5,1,4
"UGA_flucast-INFLAenza",2026-02-14,0.652336898511313,0.655349823671297,192.378354891304,0.126251822678324,0.421595414693007,0.433739846724101,200.375,0.135125916132336,0.75,1,4
"UGA_flucast-INFLAenza",2026-02-21,0.555935028412445,0.558832558653295,160.731676086957,0.137223465900818,0.356740976116798,0.434562860962869,174.5,0.179638345514805,0.75,1,4
"UGA_flucast-INFLAenza",2026-02-28,0.499510878694936,0.511107462936366,133.381443478261,0.134186070512255,0.381224044424268,0.442126920799234,170,0.192413552875,0.75,1,4
"UGA_flucast-INFLAenza",2026-03-07,0.426074884336551,0.451058186547404,127.065678804348,0.161342923439983,0.368201981652367,0.453934542857761,181.625,0.262835468197715,0.5,1,4
"UGA_flucast-INFLAenza",2026-03-14,0.454697374390214,0.473530040968228,91.9069483695653,0.160771404850427,0.356152277809756,0.447043459608939,124.625,0.252725230357182,0.75,1,4
"UGA_flucast-INFLAenza",2026-03-21,0.503619176617266,0.460513371101933,65.9537858695652,0.146800369219077,0.449979437360786,0.47924634829463,99.375,0.233387192340695,0.75,1,4
"UGA_flucast-INFLAenza",2026-03-28,0.390818473377839,0.394824063752647,57.0693858695652,0.162374928361651,0.350596810871618,0.434797673430509,88,0.282869151466339,0.75,1,4
"UGA_flucast-INFLAenza",2026-04-04,0.326855893440418,0.306766848992243,27.8736065217391,0.114097723125881,0.162062252310703,0.22141777772254,20.875,0.096962197654,1,1,4
"UGA_flucast-INFLAenza",2026-04-11,0.416551941160374,0.385641893247799,26.7465005434783,0.139068830213438,0.577620416483584,0.743630244910081,38,0.197760567182385,1,1,4
"UGA_flucast-INFLAenza",2026-04-18,0.675381360538807,0.569616897715812,35.0762201086957,0.217059897633024,3.30528222648594,4.20631416896851,63.75,0.384717092260467,0.25,1,4
"UGA_flucast-INFLAenza",2026-04-25,0.919792788922259,0.745043331004861,49.0792336956522,0.330931903752147,3.10127823432749,4.01344097800392,89.5,0.594123335051244,0,1,4
"UGA_flucast-INFLAenza",2026-05-02,0.495651145558545,0.472138955890065,25.9342836956522,0.181800796500203,1.33038268378345,1.7296765319159,49.75,0.332947510494069,0.5,1,4
"UGA_flucast-INFLAenza",2026-05-09,0.424091442317945,0.42427724581698,22.0505135869565,0.168943241835354,1.04906963660196,1.36855701627088,41.75,0.305451015360771,0.75,1,4
"UGA_flucast-INFLAenza",2026-05-16,0.531139138238985,0.491440133189187,24.6995375,0.213537589904217,2.46382158707081,3.15201071545174,48.375,0.39946794491198,0,1,4
"UGA_flucast-INFLAenza",2026-05-23,0.421674911873964,0.41553240482527,19.8723505434783,0.184101600442594,1.56099427962918,2.0523576805033,37.125,0.329795878407067,0.5,1,4
"UGA_flucast-Scenariocast",2025-11-29,0.35534520991724,0.165142209039944,50.8063043478261,0.116281920146189,0.183419811951679,0.111993879837458,48,0.102810776905144,1,1,4
"UGA_flucast-Scenariocast",2025-12-06,0.400164387946737,0.210773799112023,116.490869565217,0.174638162394881,0.425316426679857,0.245148726456106,211,0.279504319683348,0.75,1,4
"UGA_flucast-Scenariocast",2025-12-13,0.384565673381311,0.220747879340127,194.866630434783,0.217718628345926,0.490303754984941,0.30100731413613,379.75,0.409623835500454,0.25,1,4
"UGA_flucast-Scenariocast",2025-12-20,0.341467026000571,0.22281655066382,198.01652173913,0.184070994915688,0.401303863626189,0.273254614456288,344.5,0.301556154744043,0.5,1,4
"UGA_flucast-Scenariocast",2025-12-27,0.409773013447275,0.295132353580529,224.650108695652,0.181214637631761,0.333052501355553,0.257767058682466,267.5,0.213839099926194,0.5,1,4
"UGA_flucast-Scenariocast",2026-01-03,0.931973454483036,0.652634565018936,263.977391304348,0.153910859957222,0.389181188008167,0.318190074688378,175.75,0.111256016968895,1,1,4
"UGA_flucast-Scenariocast",2026-01-10,3.37382961573338,2.64062209448475,319.009239130435,0.181696534004093,1.96537315993981,1.79381562207698,250.75,0.151768573398483,1,1,4
"UGA_flucast-Scenariocast",2026-01-17,1.52320236620259,1.4013594459624,304.191086956522,0.188394172086796,0.708265941568249,0.661569087722642,235.75,0.139222583489616,1,1,4
"UGA_flucast-Scenariocast",2026-01-24,0.87180650254645,0.939232904243092,347.235,0.246016988812367,0.944676892547737,0.952967195723229,602.5,0.387224273931034,1,1,4
"UGA_flucast-Scenariocast",2026-01-31,0.999017103150949,1.12397378528304,355.491739130435,0.254047155751876,1.13827536940902,1.24153041553696,621.75,0.420194200519702,1,1,4
"UGA_flucast-Scenariocast",2026-02-07,1.30265097821992,1.63055862497553,352.938043478261,0.263441797906033,1.74017458845021,2.14182371010729,663.5,0.479526126486097,0.5,1,4
"UGA_flucast-Scenariocast",2026-02-14,0.768193044023748,0.897735900772237,226.660434782609,0.173808223346071,0.600946654864931,0.681524445718148,285.25,0.212088128560019,1,1,4
"UGA_flucast-Scenariocast",2026-02-21,0.522403353770297,0.550138997254869,149.987608695652,0.134430071537099,0.105127677140006,0.115880960261144,48.25,0.0444545141811035,1,1,4
"UGA_flucast-Scenariocast",2026-02-28,0.404130791094537,0.510231958028199,107.397934782609,0.134016720015979,0.224319806267847,0.300881501412605,98.75,0.12999443545162,1,1,4
"UGA_flucast-Scenariocast",2026-03-07,0.253039345944855,0.324893562660456,75.5534782608696,0.116909866732852,0.139702555704814,0.175430310133797,69,0.101502089392385,1,1,4
"UGA_flucast-Scenariocast",2026-03-14,0.28960043195274,0.344654169313315,57.6363043478261,0.115237525412813,0.171053601576196,0.16938008165522,56.75,0.0895521983703218,1,1,4
"UGA_flucast-Scenariocast",2026-03-21,0.405563702119423,0.409198756961548,52.661847826087,0.129710783328213,0.283662441746082,0.267595773299608,61.5,0.127252967714196,0.75,1,4
"UGA_flucast-Scenariocast",2026-03-28,0.251946356059899,0.274731359522738,36.7159782608696,0.112930681078167,0.174748325520395,0.215674582994425,43.25,0.138329865443819,1,1,4
"UGA_flucast-Scenariocast",2026-04-04,0.297316841416654,0.304094016059924,25.5179347826087,0.114124271323707,0.193484076183815,0.269761261094041,24.25,0.1151747599037,1,1,4
"UGA_flucast-Scenariocast",2026-04-11,0.398403392980199,0.377168622838251,25.7983695652174,0.137287883692589,0.534728163004383,0.713071556892393,36.5,0.196224457297498,1,1,4
"UGA_flucast-Scenariocast",2026-04-18,0.558770950184479,0.459365061602945,28.9896739130435,0.174935781112472,2.80086893298117,3.40860870072174,54,0.31143634895918,0.5,1,4
"UGA_flucast-Scenariocast",2026-04-25,0.738365036367464,0.5645466507925,39.2428260869565,0.249674841945703,2.6098149242838,3.18043229478523,75.25,0.469954182527328,0,1,4
"UGA_flucast-Scenariocast",2026-05-09,0.287696102587537,0.227599550167462,15.084347826087,0.0911437372872531,0.165848827528762,0.186309177158674,6.75,0.0425371889656865,1,1,4
"UGA_flucast-Scenariocast",2026-05-16,0.281221215968051,0.200856518095802,13.1921739130435,0.0877613981650106,0.191788024525526,0.199398777031657,3.75,0.0250253959050855,1,1,4
"UGA_flucast-Scenariocast",2026-05-23,0.259341044317587,0.192775031603432,12.1708695652174,0.0847726536600762,0.438941062131013,0.454960389065841,10.25,0.0714494862153798,1,1,4
"UGuelph-CompositeCurve",2025-12-06,1.39499039063368,1.02528184802494,398.789347826087,0.836227818516799,0.970060490962586,0.959614173258027,460,1.04927565240351,0,0,4
"UGuelph-CompositeCurve",2025-12-13,1.46200644118958,1.32731756827738,725.288804347826,1.28272957589618,1.04007520169864,1.12459536633521,786.5,1.49578558254233,0,0,4
"UGuelph-CompositeCurve",2026-01-10,7.25608643404024,4.8263629904882,689.74652173913,0.331601171132562,8.17429070559635,5.85010912397391,1077.25,0.508267863851463,0,0.5,4
"UGuelph-CompositeCurve",2026-01-24,0.437000303146427,0.420902779338964,172.630760869565,0.108873500507895,0.371488175517659,0.328331612786379,232,0.129931597301039,0.75,1,4
"UI_CompEpi-EpiGen",2025-12-06,1.4726646218054,1.07140518855065,425.192282608696,0.886447120772878,0.97878518070577,0.953537175521652,468.5,1.05680430711977,0,0.25,4
"UI_CompEpi-EpiGen",2025-12-13,1.3993507337869,1.15853221711875,701.053695652174,1.13620047289218,0.986391360709387,0.968187996348075,752.25,1.30557172339427,0,0,4
"UI_CompEpi-EpiGen",2025-12-20,1.17800680259812,0.910684628599744,684.239565217391,0.754200654238528,0.881056575510814,0.795365846313874,758.5,0.881606857947576,0,0,4
"UI_CompEpi-EpiGen",2025-12-27,1.19738472424713,0.999522156458885,653.394565217391,0.61207383977917,0.858523284510658,0.795936427968809,699.25,0.670155456913702,0,0,4
"UI_CompEpi-EpiGen",2026-01-03,1.81330794637774,1.14983904538605,526.864239130435,0.27741087046197,1.45865212900203,0.966816783088188,681.25,0.347758069032212,0.25,0.5,4
"UI_CompEpi-EpiGen",2026-01-10,3.41484963895475,2.7317096318482,316.446086956522,0.183968923903067,3.207300037845,2.75080048171924,411.5,0.233912163202123,0.25,0.25,4
"UI_CompEpi-EpiGen",2026-01-17,1.67269142038052,1.48906218080537,329.076086956522,0.196950173514549,1.36925646377285,1.28609418381371,448.75,0.268155244728165,0.25,0.5,4
"UI_CompEpi-EpiGen",2026-01-24,1.12291127100395,1.06186018659071,455.925108695652,0.284586417216912,0.948511981096516,0.946157019576502,607.25,0.388557121184334,0.25,0.25,4
"UI_CompEpi-EpiGen",2026-01-31,1.90195461484676,2.16541274175158,673.95902173913,0.487225648117014,1.60686687259586,1.92883105786482,870.5,0.646622430297249,0,0.25,4
"UI_CompEpi-EpiGen",2026-02-14,1.07852086272341,1.10812650138043,311.211847826087,0.208252304862389,0.888709344492614,0.947528411553636,416,0.28845689889162,0.5,0.75,4
"UI_CompEpi-EpiGen",2026-02-21,0.690959507623251,0.760648762487434,193.876195652174,0.180602085465081,0.6635288964737,0.730012499263588,301.75,0.276636978176998,0.5,0.75,4
"UI_CompEpi-EpiGen",2026-02-28,0.981056585450398,1.98570567098926,256.971195652174,0.518075416665144,1.01865402283818,1.61526204604415,443.5,0.687688971528333,0,1,4
"UI_CompEpi-EpiGen",2026-03-07,0.439820383867179,0.508214347839519,132.093804347826,0.183101720237908,0.439335046211205,0.533775215536627,218.5,0.311289025604531,0.5,1,4
"UI_CompEpi-EpiGen",2026-03-14,1.39485861496576,1.39979220794017,285.948804347826,0.482035428719193,0.969754916760306,0.978234367684342,337.5,0.546987976064135,0,0,4
"UI_CompEpi-EpiGen",2026-03-21,0.797500691455578,1.67570965250947,103.517934782609,0.534541604848689,0.747223645965674,0.948589242157632,163,0.454536762234554,0.75,1,4
"UI_CompEpi-EpiGen",2026-03-28,0.389830907562961,0.474981042079125,57.3308695652174,0.197378088685862,0.33137915983115,0.424032487435717,84.25,0.279574102671812,1,1,4
"UI_CompEpi-EpiGen",2026-04-04,1.0957317000742,3.42238004243888,92.9607608695652,1.27305142047969,1.62566860037996,7.97651008372259,197.75,3.36926537166746,0,1,4
"UI_CompEpi-EpiGen",2026-04-11,0.689426183915585,0.802780221330033,45.0204347826087,0.29492650483048,1.18800720801138,1.75108343217702,76.75,0.457806954447804,0.25,1,4
"UI_CompEpi-EpiGen",2026-04-18,0.744309392813531,0.804083988375025,38.3664130434783,0.302548009609973,1.28440266711931,1.38166206280421,24,0.121676104627487,1,1,4
"UI_CompEpi-EpiGen",2026-04-25,0.766154085939939,0.880278391145005,40.8807608695652,0.390575454665908,1.18311586093276,1.21575651887258,33.5,0.175673842485851,1,1,4
"UI_CompEpi-EpiGen",2026-05-23,0.340865292426865,0.349395316617563,15.9401086956522,0.154405046415389,0.507097457752518,0.577367548248251,12,0.0921625168466442,1,1,4
"UM-DeepOutbreak",2025-11-22,0.268450641402173,0.121632787158531,20.1628787716869,0.0669386469098344,0.220355312722917,0.149708175216868,29.2673458333333,0.0878460940093784,0.75,1,4
"UM-DeepOutbreak",2025-11-29,0.440255389283243,0.183713565221687,64.8668862685194,0.132489499686198,0.316665654911013,0.196706715694964,84.16515275,0.183529705089155,0,0.5,4
"UM-DeepOutbreak",2025-12-06,0.844242459139203,0.442353744946281,246.094864703804,0.366836493549046,0.5360718767429,0.362608328474421,257.936895375,0.400697171694243,0,0,4
"UM-DeepOutbreak",2025-12-13,0.576274224009906,0.587555356644843,287.133288237772,0.567199226560132,0.658394440570927,0.475152060897321,502.429856764583,0.637380215061115,0.25,1,4
"UM-DeepOutbreak",2025-12-20,0.303658028749183,0.264899993116326,173.822358936938,0.215747663756377,0.286583386848599,0.206559351973202,241.90504906875,0.224188950713782,0.75,1,4
"UM-DeepOutbreak",2025-12-27,0.637038843541202,0.335667314352935,363.975839884511,0.212190244937822,0.684198096544857,0.368650972139394,589.43693525625,0.324348146675355,0.25,1,4
"UM-DeepOutbreak",2026-01-03,4.34161793884681,2.2301797767515,1231.87260095788,0.525504527013218,3.90346079771607,2.0985710248041,1783.04417888125,0.738324350861289,0,0.75,4
"UM-DeepOutbreak",2026-01-10,3.42889770286251,2.90180607784333,318.657833704982,0.196624925250943,3.89481031852387,3.29240829854371,499.503212214583,0.280050777451516,0.25,1,4
"UM-DeepOutbreak",2026-01-17,3.30713498125304,6.42035504440439,658.767226914348,0.857555197532016,3.18479249911099,5.24676519307262,1058.32673403542,1.10258254772492,0,1,4
"UM-DeepOutbreak",2026-01-24,2.22421869340571,4.53812882946419,881.023110418159,1.19260878477578,2.21466924371954,3.89379066897049,1382.41407390417,1.56210046757556,0,1,4
"UM-DeepOutbreak",2026-01-31,2.03081582663491,3.14503207224375,717.998581916848,0.705642121386384,2.07094435454229,2.83148461042158,1117.8570976625,0.946216765150402,0,1,4
"UM-DeepOutbreak",2026-02-07,1.55699805933219,2.01574515048167,414.955567755471,0.319537325819634,1.54183550785999,1.71276916453295,578.519664329167,0.37459979097346,0.5,0.75,4
"UM-DeepOutbreak",2026-02-21,1.20055892711223,1.16372892009019,351.776611852736,0.289276826007478,1.19843870416337,1.14590313834206,571.687341277083,0.457773729928903,0.25,1,4
"UM-DeepOutbreak",2026-02-28,0.831732115418649,1.10896926049231,222.66872207038,0.295501304194247,0.785437185764408,0.812295491914367,347.767502902083,0.35061925120205,0.25,1,4
"UM-DeepOutbreak",2026-03-07,0.434432134633829,0.802826672925033,129.385937587174,0.290881451592242,0.267268194737398,0.324123726838375,129.88088606875,0.184984489773125,0.75,1,4
"UM-DeepOutbreak",2026-03-14,0.889274778820264,2.31904098656372,177.959657083946,0.779600057388993,0.250050801401708,0.331537567153103,84.1179564375,0.180297025788056,1,1,4
"UM-DeepOutbreak",2026-03-21,1.18672266891485,2.37671834107898,156.580185932438,0.761583321026644,0.589271435929323,0.815337194631753,129.69297242513,0.3973127371172,1,1,4
"UM-DeepOutbreak",2026-03-28,0.865521003007275,1.80240391393171,126.610951700336,0.736120352020138,0.0570282745129837,0.0884502951763548,14.4555691855469,0.0584419637329059,1,1,4
"UM-DeepOutbreak",2026-04-04,1.46640872247844,2.12932283213614,125.433360957546,0.790159423488966,0.348252446002768,0.552445102057654,44.3689488938802,0.242020168501435,1,1,4
"UM-DeepOutbreak",2026-04-11,1.91615478464465,2.42705132181078,122.724116077711,0.860285543847825,0.740148687560135,0.961421788213372,47.3495471542969,0.247732596772136,1,1,4
"UM-DeepOutbreak",2026-04-18,2.06757863512585,2.26233933404796,107.250777195489,0.854567548940958,2.60771642112468,3.18206780987911,51.0973491126302,0.297242225599106,1,1,4
"UM-DeepOutbreak",2026-04-25,1.87038052465987,2.0772851398388,100.337979110737,0.92201611884814,2.59292277778893,3.10443755490066,74.56005200625,0.456995830595719,1,1,4
"UM-DeepOutbreak",2026-05-09,1.39734996135897,1.52370541980992,73.8363788602431,0.613939262118332,0.420523885365815,0.457346651062431,16.69440399375,0.10139938592529,1,1,4
"UM-DeepOutbreak",2026-05-16,1.51580642645904,1.34692850129797,71.5685908616764,0.590673924285754,1.48127082322154,1.42835164110625,30.3123426916667,0.186984434077068,1,1,4
"UM-DeepOutbreak",2026-05-23,0.521437534292661,0.426606161864915,24.8236305171142,0.188999633646565,0.531295461109513,0.554354064598222,12.9863090075073,0.0910000813882264,1,1,4
"UMass-AR2",2025-11-22,0.773432632976783,0.557668463487856,57.1733399354405,0.305772710356082,0.881049940253753,0.830793875498918,108.920120266332,0.46380891694277,0.75,1,4
"UMass-AR2",2025-11-29,1.01888555803069,0.740165991036452,146.948813474121,0.527361255096164,0.947641170088778,0.906473736473244,249.555452087119,0.843928658703949,0,1,4
"UMass-AR2",2025-12-06,0.904625034680201,0.595091773379797,263.146848892547,0.494282133840785,0.84156008930601,0.705484888042354,405.387072068469,0.785240310547417,0,0.75,4
"UMass-AR2",2025-12-13,1.13225538249399,0.903939113708196,566.123001847107,0.883102016896301,0.960653013991279,0.911665270902189,732.055791591306,1.22662269216126,0,0,4
"UMass-AR2",2025-12-20,0.748967380295473,0.554674841916229,432.979717205755,0.457177471539312,0.770236034914468,0.642554815186111,662.800289986247,0.711283929170862,0,0.25,4
"UMass-AR2",2025-12-27,0.66770724185804,0.537286713632262,361.567908508044,0.326683302321998,0.704545430873077,0.610311854917485,572.346635052183,0.51218298271516,0,0.5,4
"UMass-AR2",2026-01-03,0.48316565420468,0.36661833167598,135.409515369984,0.0855364971012861,0.304183665321797,0.261995558243726,135.805421153529,0.0905300838713952,0.75,1,4
"UMass-AR2",2026-01-10,1.21202140973342,1.14459262163015,115.742372713119,0.0795864736806842,1.07912396263846,1.08440561466933,144.469375672231,0.0961803985724479,1,1,4
"UMass-AR2",2026-01-17,0.914143090599514,0.901324993523014,140.065131896005,0.096511192045965,0.815255823661215,0.812965386386617,186.979905982191,0.124442434435848,1,1,3
"UMass-AR2",2026-01-24,1.75205633506088,1.9634598220405,691.763982325442,0.508887842539925,1.5933822754101,1.90180137014745,992.895619245615,0.754904380706881,0,0,4
"UMass-AR2",2026-01-31,1.43480341210618,1.54286893948399,504.186892118943,0.343464744242301,1.46509162667892,1.64421642475385,789.174551139429,0.546629689420426,0,0.5,4
"UMass-AR2",2026-02-07,1.58046988989114,1.75777905272781,422.195824204474,0.279012687118375,1.67126435778043,1.9250328831806,632.619348533782,0.426139998570247,0.25,0.5,4
"UMass-AR2",2026-02-14,0.745068826053351,0.729594751350543,222.952592101554,0.142896581489512,0.817104660091202,0.838450048843753,395.854890399391,0.265790753724676,0.25,1,4
"UMass-AR2",2026-02-21,0.457693443176952,0.517275641295311,129.763768549249,0.124552160229869,0.412383834284314,0.437121679866613,187.891045746409,0.166256637403152,0.5,1,4
"UMass-AR2",2026-02-28,0.673850019082958,0.952471833954794,176.363904435352,0.246339029892157,0.691582712232053,0.951914964414556,300.657771454965,0.40381487596239,0.25,0.75,4
"UMass-AR2",2026-03-07,0.239906975137309,0.303027081114738,72.1890236919938,0.109560814740885,0.168977511713548,0.234634569579111,83.5497985353074,0.136437139829537,1,1,4
"UMass-AR2",2026-03-14,0.372873270932956,0.528306006203344,73.9650685544627,0.176306559578816,0.301648406714929,0.355337524152608,100.653170484241,0.189415441168318,0.75,1,4
"UMass-AR2",2026-03-21,0.790038005494969,0.943988893340571,101.962587899128,0.298112559466451,0.676466259181439,0.802881124144827,147.314847771901,0.383866603581019,0.5,0.75,4
"UMass-AR2",2026-03-28,0.438210974686448,0.459081197266108,64.9125458230555,0.191371973881388,0.421049697983613,0.520910871081338,107.249814530266,0.343447386945191,0.75,1,4
"UMass-AR2",2026-04-04,0.715434361537052,1.2678956466004,60.6637631783105,0.473616259831208,0.96379967938836,1.63343178262543,116.947748148333,0.672269365259704,0.25,1,4
"UMass-AR2",2026-04-11,0.558899265845834,0.645103029821516,35.8744647986059,0.232910556850424,0.770738680061267,0.958994646871149,48.9831203881107,0.245354354784151,0.75,1,4
"UMass-AR2",2026-04-18,0.670097100662033,0.636691864901765,34.7378017473521,0.242239672962493,2.53679545376167,2.91346252843941,48.064036226566,0.260561386964504,1,1,4
"UMass-AR2",2026-04-25,0.917466732777849,0.878033165461582,48.6601934559988,0.388434334981954,2.83877695786866,3.4416268444757,81.1481359164768,0.502455789606946,0.5,1,4
"UMass-AR2",2026-05-02,1.13834198436391,0.623370381715449,61.0330311107452,0.243470282548022,2.7432232400877,2.31666040298862,104.97574207156,0.452223341525409,0.5,1,4
"UMass-AR2",2026-05-09,0.672138611536047,0.489880890369853,35.6796856893854,0.197906415666039,0.919690153951647,0.925537066363172,38.3842225226552,0.215509945970962,1,1,4
"UMass-AR2",2026-05-16,0.623943060084126,0.563524284642922,29.2720704495775,0.245898247921113,0.954341347159221,0.997964626624384,17.9283988642524,0.11986260663341,0.75,1,4
"UMass-AR2",2026-05-23,0.609025578438251,0.480645913707524,29.0325988646943,0.213731963847389,0.843142720814979,0.850397735382576,20.6945292561961,0.139878010860278,1,1,4
"UMass-flusion",2025-11-22,0.426699265806841,0.219048421494146,31.1749833165168,0.118163976899501,0.278280393318169,0.220067354846909,34.1442535568308,0.120696076423918,1,1,4
"UMass-flusion",2025-11-29,0.546072727986461,0.296318626544403,79.5412181298302,0.211770362826528,0.508671273681754,0.359479127740578,135.8149038164,0.336525747504705,0.25,1,4
"UMass-flusion",2025-12-06,0.619817997870074,0.348449297878561,181.360528777173,0.289828377265955,0.591859313549559,0.396415446292906,288.618739047443,0.444609607167036,0.25,0.75,4
"UMass-flusion",2025-12-13,0.648866781632511,0.41214316397371,326.24412640176,0.403596899917648,0.624894681404556,0.427839847181343,481.221940256933,0.579217137183184,0,0.25,4
"UMass-flusion",2025-12-20,0.239464988474949,0.128589604191788,140.034186081523,0.106598652110723,0.0961910479642702,0.0545096821299441,85.2178322677248,0.0612540252083378,1,1,4
"UMass-flusion",2025-12-27,0.30784917925991,0.177324886710428,172.569132708783,0.110857366892153,0.294639440016625,0.175939396394207,258.55359859228,0.158189800302433,1,1,4
"UMass-flusion",2026-01-03,0.793902198054482,0.53806487120448,225.081520449273,0.126949648390796,0.749159743958932,0.563883781853911,344.175271007642,0.200305782783778,0.25,1,4
"UMass-flusion",2026-01-10,2.97203404766765,2.19726981805691,279.86434121822,0.14997812409951,4.02074341197305,3.37758859390469,523.2204036736,0.290792988836744,0,1,4
"UMass-flusion",2026-01-24,0.783847296001249,0.810116795739706,308.268750289148,0.208689855174937,1.02856843265919,1.03740296150938,639.48680203351,0.409482196413826,0.25,1,4
"UMass-flusion",2026-01-31,1.29348424675185,1.3498242465445,453.093015458983,0.29899411537357,1.34014997680735,1.44896294124461,718.928417510605,0.478980781944047,0,0.5,4
"UMass-flusion",2026-02-07,1.41315612276174,1.52131167553045,377.430880545205,0.241313470142509,1.39126183005198,1.526040200516,525.883601863447,0.337238253966925,0,0.5,4
"UMass-flusion",2026-02-14,0.481613476822403,0.475393363090987,140.63494154449,0.0907868400917485,0.362032930071893,0.35148578327339,170.149000822885,0.107909656307349,0.75,1,4
"UMass-flusion",2026-02-21,0.302797575928359,0.335002899236944,87.0607067677037,0.0819973391420837,0.257251470843417,0.305814871294735,119.850512546566,0.119997457414321,0.5,1,4
"UMass-flusion",2026-02-28,0.30991761489192,0.342447826316735,82.1261584318705,0.0894179524481986,0.223506934725031,0.245812236572748,97.826331815958,0.105030219311303,0.5,1,4
"UMass-flusion",2026-03-07,0.190426871528822,0.235353813864373,56.7414900026577,0.0841480416829641,0.156351781001993,0.214482167115383,77.0036782611015,0.124061665513981,0.5,1,4
"UMass-flusion",2026-03-14,0.223115825239213,0.25658026799765,44.2356157205499,0.0851933514223434,0.168990635983036,0.200802654335009,56.527466550736,0.107608442042685,0.75,1,4
"UMass-flusion",2026-03-21,0.543682798986518,0.506762845878737,69.9913620710982,0.158672542385638,0.497367175002001,0.53245953940994,108.102843850737,0.253940004469543,0.5,0.75,4
"UMass-flusion",2026-03-28,0.13956832129467,0.166990906465966,20.4226272124357,0.0688951235650285,0.0889228595947804,0.132798467702984,22.4593427647595,0.0870103998593053,1,1,4
"UMass-flusion",2026-04-04,0.227808209434624,0.245331988269087,19.5862355906498,0.0920916476411872,0.264259953052211,0.365702446950111,32.4724534500505,0.152527113825954,0.25,1,4
"UMass-flusion",2026-04-11,0.412566752027103,0.397717176553758,26.9596927887341,0.145921096197461,0.690554121758027,0.917951155353461,45.7344939882252,0.246684271579473,0.5,1,4
"UMass-flusion",2026-04-18,0.719145608316574,0.576927924853454,37.3656669447694,0.219744843779598,3.11099311344,3.86771440396141,59.9685852789855,0.353379547651862,0.25,1,4
"UMass-flusion",2026-04-25,0.818959608371273,0.593821815706216,43.4812614344149,0.262029372453786,2.25265304130451,2.63388799460199,64.9372161693763,0.389017408382259,0,0.75,4
"UMass-flusion",2026-05-02,0.243685330578142,0.196642294608022,12.6201441333622,0.0745818766063267,0.506981916021479,0.551138259638351,18.558253273818,0.103227249061234,0.75,1,4
"UMass-flusion",2026-05-09,0.160833596288229,0.126204001425853,8.39137857536396,0.0502085675877868,0.15775241789999,0.178517232741188,6.46803040671575,0.0410743890478313,1,1,4
"UMass-flusion",2026-05-16,0.171980378723304,0.12596543180928,7.93075271712531,0.0539589106587454,0.257019931910719,0.253657452729426,4.89325400548525,0.0309885089419832,1,1,4
"UMass-flusion",2026-05-23,0.150630337531043,0.120372645188531,7.02902633686934,0.0526039409440246,0.285139061236292,0.313102709365956,6.74603596836275,0.0499231030211942,1,1,4
"UMass-trends_ensemble",2025-11-22,1.30358493023139,0.725618615110417,98.2632065217391,0.404579608876906,0.930138909504399,0.89545423973834,115.75,0.504263248732457,0.25,0.25,4
"UMass-trends_ensemble",2025-11-29,1.73813262508262,1.19132699075225,250.852717391304,0.851100717736675,0.994226707624414,0.988904824406863,262.5,0.924906539099445,0,0,4
"UMass-trends_ensemble",2025-12-06,1.56342671690192,1.17638127859548,449.547282608696,0.970394990472846,0.978852524077017,0.953635213645653,468.5,1.05681579450613,0,0,4
"UMass-trends_ensemble",2025-12-13,1.42087493914902,1.18180933883962,710.323152173913,1.15577034338804,0.978033488262419,0.948989180621366,745.25,1.27740880287415,0,0,4
"UMass-trends_ensemble",2025-12-20,1.20872693513238,0.957368101065173,700.302608695652,0.790279421961517,0.915416295636765,0.851290982614923,786.875,0.941621609747163,0,0,4
"UMass-trends_ensemble",2025-12-27,0.978471881463434,0.795951248098612,531.306141304348,0.484773403795718,0.828111367872439,0.759734420716023,673,0.637773366171141,0,0,4
"UMass-trends_ensemble",2026-01-03,0.461524284192768,0.391093883297382,126.543641304348,0.0893780899584866,0.416211194175007,0.383542405483846,182.375,0.130039538632956,0.75,0.75,4
"UMass-trends_ensemble",2026-01-10,1.45277827486419,1.15729568349227,136.774076086957,0.0789964775658034,1.60077310922458,1.45172097798811,208.75,0.12517874750954,0.5,1,4
"UMass-trends_ensemble",2026-01-17,0.536042475821422,0.47773979061593,106.435489130435,0.0634079851544172,0.325030381174755,0.295898529441376,109.5,0.062715736351002,1,1,4
"UMass-trends_ensemble",2026-01-24,0.961543080716676,0.919371355109013,382.355108695652,0.23921459088141,1,1,624.5,0.396717243434323,0,0.25,4
"UMass-trends_ensemble",2026-01-31,1.2866473299457,1.23279209222393,450.857826086956,0.272993143271469,1.05363776159642,1.06646249714323,564.5,0.351921703778317,0,0.25,4
"UMass-trends_ensemble",2026-02-07,1.14798601173213,1.10355526813123,304.430434782609,0.173281840989148,1.03850023383201,1.04476685843487,389.375,0.228421296968867,0.5,0.5,4
"UMass-trends_ensemble",2026-02-14,1.44858297458888,1.4526928124049,440.972934782609,0.289600208599361,1.1840053211739,1.14797695736611,580.125,0.367164184707681,0,0,4
"UMass-trends_ensemble",2026-02-21,1.03097710130962,1.01873400738406,305.796086956522,0.257273081123723,1.01737108723768,1.0131034775498,490.625,0.409151091351521,0.25,0.75,4
"UMass-trends_ensemble",2026-02-28,0.889281755531745,0.869099189183642,240.727173913043,0.231210443983259,0.982171039690317,0.986453055775667,441.875,0.431504171002361,0.25,1,4
"UMass-trends_ensemble",2026-03-07,0.658873171584646,0.675901280116881,197.565652173913,0.242877085529213,0.726772263559236,0.788940025047584,361.125,0.459179630277937,0.5,1,4
"UMass-trends_ensemble",2026-03-14,0.448885461157504,0.582112584844065,90.5391847826087,0.1978613010979,0.332301498188119,0.424835032129151,116.25,0.240049140386761,1,1,4
"UMass-trends_ensemble",2026-03-21,0.579862035569558,0.830172665334809,75.6442391304348,0.266415308170393,0.365379846026389,0.359400531676323,79.625,0.172086853461285,0.75,0.75,4
"UMass-trends_ensemble",2026-03-28,0.372202542794727,0.467956879464245,54.42375,0.193542012795767,0.296282477120063,0.383029020484626,74.75,0.250535426308971,1,1,4
"UMass-trends_ensemble",2026-04-04,0.513676982495354,0.825090544784227,43.7973369565217,0.309875701243257,0.202136973613995,0.255093524695317,24.625,0.105226764380189,1,1,4
"UMass-trends_ensemble",2026-04-11,0.565186429818064,0.817729017042274,36.1678804347826,0.296644949098716,0.582681606097255,0.725726286303775,37.875,0.19061000568646,1,1,4
"UMass-trends_ensemble",2026-04-18,0.734135871983838,0.87489367427326,37.9716304347826,0.334496066344792,3.10815812200002,3.83218613523816,59.75,0.348910483184802,0.5,1,4
"UMass-trends_ensemble",2026-04-25,1.04423768645914,1.0362630342142,55.4896739130435,0.460797463299271,3.06876634521363,3.9018295671998,88.375,0.575718019054918,0,0.75,4
"UMass-trends_ensemble",2026-05-02,0.281632914333193,0.223050639917837,14.7565760869565,0.0857119637085712,0.215353051403305,0.235496539322546,8.125,0.0457036526021348,1,1,4
"UMass-trends_ensemble",2026-05-09,0.27761457693177,0.209551418628028,14.5748369565217,0.083918253053549,0.448815451216023,0.489298355961145,18.625,0.113579495572307,1,1,4
"UMass-trends_ensemble",2026-05-16,0.237566443121932,0.174498708328108,11.0334239130435,0.0752801509695243,0.535610153139801,0.538582904883947,10.375,0.0669518798374975,1,1,4
"UMass-trends_ensemble",2026-05-23,0.157772333704397,0.116500109395385,7.40972826086957,0.0511776798589625,0.367125217362785,0.389818261598561,8.75,0.0624603467757316,1,1,4
"UNC_IDD-InfluPaint",2025-11-22,0.373876780775583,0.184427007614618,27.3569565217391,0.0993723898838365,0.278693482143193,0.220482123102361,33.75,0.11974912652508,1,1,4
"UNC_IDD-InfluPaint",2025-11-29,0.330140775377432,0.166781332584723,46.9975786217452,0.116695758025521,0.219509066640076,0.146234536143154,58.0057495948722,0.134628040507542,0.75,1,4
"UNC_IDD-InfluPaint",2025-12-06,0.471968522179991,0.242385851241123,136.620506159513,0.199952681503284,0.471900931407132,0.275536929330105,236.848955413004,0.318124557645454,0.75,1,4
"UNC_IDD-InfluPaint",2025-12-13,0.44866494735723,0.256683372242525,228.878123717327,0.255419577467544,0.518907358843449,0.313295392405345,410.833395986844,0.437290213331384,0.5,1,4
"UNC_IDD-InfluPaint",2025-12-20,0.451940500779503,0.319225181209927,262.806127834993,0.264649944163465,0.577407120851265,0.418305026909835,501.075661002846,0.467802394719613,0.25,1,4
"UNC_IDD-InfluPaint",2025-12-27,0.579843531196597,0.46395956398251,313.819492871954,0.281938065524989,0.614966945867591,0.516732324802337,498.218889935354,0.432313777183697,0.25,0.75,4
"UNC_IDD-InfluPaint",2026-01-03,0.732501848761902,0.515580006618591,207.860740249023,0.121590129492318,0.619428628595429,0.487826774118521,283.771331484839,0.172579616294518,1,1,4
"UNC_IDD-InfluPaint",2026-01-10,3.14939024773858,2.25774814107418,297.015907042001,0.154274654141674,3.90926232756034,3.24819052939405,509.404803819573,0.279990409830693,0.75,1,4
"UNC_IDD-InfluPaint",2026-01-17,0.887738095438402,0.743341777940935,176.116504711685,0.0987135227887987,0.631759703507923,0.579437686525828,209.530325406138,0.121335692002348,0.75,1,4
"UNC_IDD-InfluPaint",2026-01-24,1.11369569987421,1.13698950545654,441.14567634881,0.295121683562055,1.18548660600982,1.24627526830842,740.247251911072,0.494809862109583,0,1,4
"UNC_IDD-InfluPaint",2026-01-31,1.95003581168981,2.22848353230053,689.527085140223,0.500137126917996,1.69163555173239,2.07280555065144,914.523321157093,0.693636874762074,0,0,4
"UNC_IDD-InfluPaint",2026-02-07,2.1756414615303,2.74360089871135,587.582798849607,0.442668556553376,2.10877378594558,2.84489575309547,806.354058486019,0.640394297336771,0,0.25,4
"UNC_IDD-InfluPaint",2026-02-14,0.76275487923219,1.00441437220682,224.603197231426,0.195143763037793,0.854758632407831,1.12251412490946,408.728443455421,0.353493543360311,0,1,4
"UNC_IDD-InfluPaint",2026-02-21,0.318171933926101,0.38815472035275,91.4494035370914,0.0951340611977843,0.177305796837778,0.191152302049649,81.1774509280796,0.0732705502864344,1,1,4
"UNC_IDD-InfluPaint",2026-02-28,0.44916717382929,0.467602784372826,120.909114308386,0.123872702117499,0.347381406218056,0.421383795629895,157.68828012065,0.186428559148154,0.75,1,4
"UNC_IDD-InfluPaint",2026-03-07,1.03669737514342,0.935501022208161,309.379637417878,0.334327182933993,1.07720027134809,1.04940664348037,531.570804522447,0.60671017383942,0,1,4
"UNC_IDD-InfluPaint",2026-03-14,0.744422805604867,0.736922104329288,152.9542168047,0.254577879022237,0.71292006601855,0.779974303059712,250.745407100397,0.441289384931473,0.25,1,4
"UNC_IDD-InfluPaint",2026-03-21,1.09821332280771,0.918802221318192,146.758340186152,0.298757585800503,1.0525308062078,1.03818793695584,237.359490381121,0.514232795415713,0.25,1,4
"UNC_IDD-InfluPaint",2026-03-28,0.890627390668542,0.81991903542524,130.681865872689,0.338312359737463,0.872705729521017,0.900031786197465,219.71576257596,0.585886766919364,0,1,4
"UNC_IDD-InfluPaint",2026-04-04,0.78653196350083,0.569644092079381,66.4394143799292,0.209258533570403,0.873092606414733,0.858718714440346,105.127411200873,0.349495265265295,0.25,1,4
"UNC_IDD-InfluPaint",2026-04-11,0.465896664623484,0.357850551816412,29.5053995948999,0.127101052710479,0.595500050280782,0.648928930656678,37.0062123576305,0.162335922492834,1,1,4
"UNC_IDD-InfluPaint",2026-04-18,0.546148637966552,0.449172294771794,28.5370928610307,0.172527716791744,2.48722878648075,3.07475154519439,48.6653398508639,0.285995069623725,1,1,4
"UNC_IDD-InfluPaint",2026-04-25,0.661671192235238,0.502019617723647,34.9992911715196,0.220248465358299,2.16110867355415,2.47748938566505,61.7126976446598,0.361531971565894,0.5,1,4
"UNC_IDD-InfluPaint",2026-05-02,0.510133610229602,0.469123340535464,26.4827180992274,0.178810812594996,1.20517026898867,1.47746734855816,44.6487686701585,0.280919531935218,0.75,1,4
"UNC_IDD-InfluPaint",2026-05-09,0.350187960311644,0.307900902190365,18.1666798755329,0.122020565364569,0.405710254519483,0.484968495144362,16.1004680538608,0.107558594874591,1,1,4
"UNC_IDD-InfluPaint",2026-05-16,0.434589961573062,0.385887413806773,20.1160049487985,0.166638691158587,1.76407587121906,2.08620511851145,34.4602666164283,0.262613560394996,0.75,1,4
"UNC_IDD-InfluPaint",2026-05-23,0.814492472238668,1.47770628878849,39.9584277981135,0.709440272558987,2.2675980345197,6.10171727630178,55.3219134511883,1.05590508049286,0.5,0.75,4
"UVAFluX-CESGCN",2025-12-13,0.261099017396786,0.173640233680926,123.000603638773,0.162043572733101,0.251570616975367,0.187472846494292,180.171630859375,0.24038548119277,0.25,0.75,4
"UVAFluX-CESGCN",2025-12-20,0.698395921574333,0.448873572300799,408.943290040787,0.374572977851292,0.549270566420751,0.39235266233058,476.261100769043,0.438167785917834,0,0.25,4
"UVAFluX-Ensemble",2025-11-22,0.613618983379746,0.315683417258948,43.9982608695652,0.168416189158404,0.54316994135824,0.442577314024007,64.75,0.238749815807823,1,1,4
"UVAFluX-Ensemble",2025-11-29,0.766636468849588,0.488488886016976,110.176086956522,0.344913512103315,0.763628058870174,0.668500373652962,200.5,0.618632833250199,0.5,1,4
"UVAFluX-Ensemble",2025-12-06,0.899110388439637,0.566608129204925,258.781956521739,0.463247497375603,0.790412648123298,0.667082665563482,375.25,0.728885925939749,0.25,0.75,4
"UVAFluX-Ensemble",2025-12-13,1.08947310262186,0.756154487203395,403.493913043478,0.643260297892816,0.823225780178036,0.677357294699287,465,0.793481768834824,0,0,3
"UVAFluX-Ensemble",2025-12-20,0.590508290382513,0.401045929384342,338.211847826087,0.327105043632202,0.534957454898121,0.409000335012712,456.25,0.448068374424288,0,0.25,4
"UVAFluX-Ensemble",2025-12-27,0.945586140515337,0.783396792005769,516.747608695652,0.481172228379178,0.851252771946432,0.790692686809364,695.25,0.668510071479959,0,0,4
"UVAFluX-Ensemble",2026-01-03,0.732003931131055,0.681664758981954,203.142608695652,0.157961260066907,0.795265334559612,0.771218018378651,355.75,0.267239122135187,0.25,1,4
"UVAFluX-Ensemble",2026-01-10,1.80035986047851,1.85791864972263,170.818152173913,0.128106965612867,2.36128553328904,2.56477453785145,310.75,0.223620107649126,0.25,1,4
"UVAFluX-Ensemble",2026-01-17,1.10664501251825,1.11995003107732,222.97,0.150714411598223,1.19133191627121,1.23431018483591,399.25,0.261274498447173,0.75,1,4
"UVAFluX-Ensemble",2026-01-24,1.15695831664332,1.17142743954846,460.486956521739,0.305388209636799,1.18030089580198,1.24001994429709,737.5,0.492722914471205,0,0.75,4
"UVAFluX-Ensemble",2026-01-31,1.15477240296596,1.18589665216056,407.934673913044,0.265350033697058,1.20412951170984,1.27591185696286,650,0.425107220805535,0,0.5,4
"UVAFluX-Ensemble",2026-02-07,2.17569111597756,2.73391548544726,585.003260869565,0.438291349238154,2.18305960403196,2.85475430260947,831.5,0.638069852417696,0,0.5,4
"UVAFluX-Ensemble",2026-02-14,0.490462141203492,0.510669173096587,146.210326086957,0.0998141955399499,0.513026562515425,0.550854411796367,248.5,0.175067170227653,0.5,1,4
"UVAFluX-Ensemble",2026-02-21,0.634938275908329,0.661332547396851,187.042826086957,0.166009568688844,0.600494336846599,0.673054483317813,292.25,0.275125085045525,0.75,1,4
"UVAFluX-Ensemble",2026-02-28,0.520065683333949,0.644411691257491,136.262391304348,0.166364436238903,0.342145241981348,0.359564362287493,146.75,0.149533132413553,0.75,0.75,4
"UVAFluX-Ensemble",2026-03-07,0.983531438189778,0.943624338754528,291.971304347826,0.335616836048668,1.02817078731366,1.01185013756805,506.5,0.5842600587986,0,1,4
"UVAFluX-Ensemble",2026-03-14,0.340465034549842,0.43975425836573,67.9680434782609,0.147563752634524,0.194264719422122,0.211409878769341,64.75,0.112632485862371,1,1,4
"UVAFluX-Ensemble",2026-03-21,0.83364096041102,0.814779836364762,108.293369565217,0.256573537550615,0.76493757994091,0.852735633013951,167.75,0.409633030098144,0.5,0.75,4
"UVAFluX-Ensemble",2026-03-28,0.455638383843378,0.475250010869777,68.3804347826087,0.200003700291875,0.40717367707309,0.493363231843669,108.25,0.339423810760263,0.75,1,4
"UVAFluX-Ensemble",2026-04-04,0.948369314883219,1.4037281430143,80.5170652173913,0.52207907704207,1.26260820343999,2.57743432595097,153.5,1.0689841590397,0,1,4
"UVAFluX-Ensemble",2026-04-11,0.486381158323639,0.408591053548302,31.4269565217391,0.147532592889998,0.396770187930317,0.462798075054897,25.75,0.120570310482762,1,1,4
"UVAFluX-Ensemble",2026-04-18,0.772496087852553,0.682397493610161,39.7602173913044,0.256845422207577,3.93899388321634,4.95602602820303,74.75,0.444249132046286,0.5,1,4
"UVAFluX-Ensemble",2026-04-25,0.875475897987795,0.732388537055643,46.2348913043478,0.320543938137069,2.9033955391568,3.55342809325002,82.75,0.516709802077598,0.5,1,4
"UVAFluX-Ensemble",2026-05-02,0.53429267560078,0.484360819576116,27.8369565217391,0.184953856337131,0.754505817854292,0.857184056028212,27.75,0.161466430224953,1,1,4
"UVAFluX-Ensemble",2026-05-09,0.675954818048876,0.456223371906034,35.4198913043478,0.181438748236436,1.0308582274268,1.02036090035893,42.75,0.236068230766796,1,1,4
"UVAFluX-Ensemble",2026-05-16,0.745464656850379,0.464309150176579,34.9088043478261,0.200030173367262,2.46160955807026,2.26786190137398,49.5,0.29085088589264,0.75,1,4
"UVAFluX-Ensemble",2026-05-23,0.865648207247968,0.509036642908925,41.0745652173913,0.224500969093417,2.79418452076649,2.39040839839641,67.5,0.386113804435161,0.5,1,4
"UVAFluX-FS_OptimWISE",2025-12-20,0.411458066331072,0.277680503645366,239.258913043478,0.229714120587132,0.505926885608843,0.360755766533949,436,0.399657464311366,0,1,4
"UVAFluX-FS_OptimWISE",2025-12-27,0.27847230888652,0.190769284825262,151.240217391304,0.115892877295308,0.241303351318186,0.184669195306425,193,0.152551472100274,0.5,1,4
"UVAFluX-FS_OptimWISE",2026-01-03,0.946100598175089,0.616358864887839,270.221195652174,0.146262581420483,0.945203664171373,0.68306935860058,439.75,0.245074263866279,0.5,1,4
"UVAFluX-FS_OptimWISE",2026-01-10,1.82796857918023,1.43907360595275,171.320543478261,0.0979240351484322,1.73964370789078,1.57814152574039,223.25,0.134220921452873,0.75,1,4
"UVAFluX-FS_OptimWISE",2026-01-17,1.27723154638964,1.34164882830513,251.634673913043,0.176629824646312,1.37382375147544,1.4801779379867,452.75,0.307745264466662,0.25,1,4
"UVAFluX-FS_OptimWISE",2026-01-24,1.64918337235485,1.81590550697889,641.49097826087,0.462396490711617,1.5007166064893,1.72961325562852,925.75,0.676926976030003,0,0.5,4
"UVAFluX-FS_OptimWISE",2026-01-31,1.99570835347221,2.22370630268479,697.477391304348,0.49131087774306,1.69556444531429,2.01052142449037,908.5,0.663705978978935,0,0.25,4
"UVAFluX-FS_OptimWISE",2026-02-07,1.80695574288667,1.97471112217002,480.670217391304,0.311357754705803,1.71145387090003,1.96311852707967,644.75,0.431582889238221,0,0.5,4
"UVAFluX-FS_OptimWISE",2026-02-14,1.45130878476258,1.56174331890828,418.85347826087,0.293170506850436,1.12212253577062,1.27102760149024,525,0.386308287194893,0.25,0.5,4
"UVAFluX-FS_OptimWISE",2026-02-21,0.610331781544209,0.655831454298527,180.860652173913,0.165850692986127,0.604631416882697,0.674393582800141,292.75,0.274458894584014,0.5,1,4
"UVAFluX-FS_OptimWISE",2026-02-28,0.43564737293876,0.472358239689915,117.418152173913,0.125318397933171,0.425503112762067,0.493624140118787,191.25,0.216455853277961,0.75,1,4
"UVAFluX-FS_OptimWISE",2026-03-07,0.466107599881981,0.519628650013842,139.958260869565,0.187176190567686,0.493551868428267,0.581902591838095,245.25,0.339114679379221,0.25,1,4
"UVAFluX-FS_OptimWISE",2026-03-14,0.460785426026907,0.491200719323553,93.6546739130435,0.167896540767995,0.412078652174345,0.504123714256069,144.75,0.286046756599926,0.5,1,4
"UVAFluX-FS_OptimWISE",2026-03-21,0.540509047728766,0.513913852513148,70.2859782608696,0.162790060597235,0.367004561412254,0.359339042967788,79.75,0.171277074339319,0.75,1,4
"UVAFluX-FS_OptimWISE",2026-03-28,0.212642418735744,0.243660679168772,31.2419565217391,0.100954003371394,0.14886616463093,0.202353717592599,37.25,0.131440241547305,1,1,4
"UVAFluX-FS_OptimWISE",2026-04-04,0.258548515033478,0.275361761268866,22.2757608695652,0.103950278103219,0.232692383099913,0.335412902879423,29,0.142490370092657,0.75,1,4
"UVAFluX-FS_OptimWISE",2026-04-11,0.452257011496901,0.445939279169368,29.865652173913,0.16568313774922,0.616483529348274,0.874431838977142,43.75,0.251408873997019,0.5,1,4
"UVAFluX-FS_OptimWISE",2026-04-18,0.717612703083251,0.578895514181283,37.3952173913043,0.22137107631128,3.11821217415959,3.93676979016561,60.25,0.360775419407598,0.25,1,4
"UVAFluX-FS_OptimWISE",2026-04-25,0.95616186664876,0.726926279292424,51.0458695652174,0.322828569836474,2.78051773511218,3.47022896274268,80.25,0.513612614847495,0,1,4
"UVAFluX-FS_OptimWISE",2026-05-02,0.327372096542143,0.290215724250745,17.1923913043478,0.112119945738022,0.852278016547821,1.0552987558191,32,0.20400872639077,0.25,1,4
"UVAFluX-FS_OptimWISE",2026-05-09,0.229908343274612,0.200085772320715,11.9447826086957,0.0794849162764,0.382376416115985,0.448526458668746,15.25,0.100264517040588,1,1,4
"UVAFluX-FS_OptimWISE",2026-05-16,0.259188976441368,0.201915282767963,11.9442391304348,0.0865522950690325,0.903510471373532,0.990342064418101,17.5,0.123354297305851,1,1,4
"UVAFluX-FS_OptimWISE",2026-05-23,0.217535423388533,0.17769685889507,10.1483695652174,0.0777632983749578,0.309670697151942,0.368017987497947,7.75,0.062301238944493,1,1,4
"VTSanghani-PRIME",2025-11-22,0.446791001962431,0.236355630344551,32.6270652173913,0.127075544823916,0.368946253102972,0.277822155827728,46.25,0.155664603036858,0.75,1,4
"VTSanghani-PRIME",2025-11-29,0.663831435720126,0.315659506503809,98.2391304347826,0.227828050609385,0.495484993828051,0.338479558457782,134.25,0.32099872553505,0.5,0.75,4
"VTSanghani-PRIME",2025-12-06,0.925780005090902,0.494134456169981,276.98,0.419656693560824,0.65684754591258,0.458184664123874,322.75,0.519121869876614,0.25,0.5,4
"VTSanghani-PRIME",2025-12-13,1.14182110267762,0.809259750900192,577.231086956522,0.797580900422353,0.857573450471302,0.724874111234673,655.5,0.976958903623587,0,0.25,4
"VTSanghani-PRIME",2025-12-20,1.05766527397341,0.805239840375938,615.320434782609,0.666905424608907,0.860809115118801,0.768000501368538,740,0.849285855986452,0,0.25,4
"VTSanghani-PRIME",2025-12-27,0.323654587281862,0.248076440996927,175.460217391304,0.150825806744547,0.385571412530855,0.2997271885441,310.75,0.249505592708619,0.5,1,4
"VTSanghani-PRIME",2026-03-14,0.439373358090669,0.496965003874726,87.7826086956522,0.16653259213659,0.306509036527958,0.386351891687482,105.75,0.215177021496912,1,1,4
"VTSanghani-PRIME",2026-03-21,0.529187419467295,0.554215598536584,69.1495652173913,0.176322314254467,0.399330180686161,0.428692009505333,88.25,0.209143138939819,1,1,4
"VTSanghani-PRIME",2026-03-28,0.520372720190377,0.527316930470561,75.924347826087,0.21650498538155,0.495136890562414,0.587259341902543,125,0.383908279998554,0.75,1,4
"VTSanghani-PRIME",2026-04-04,0.540289307015618,0.498000495430299,45.7573913043478,0.182956735711925,0.297792440391935,0.357141523435029,37,0.150019926889862,1,1,4
"VTSanghani-PRIME",2026-04-11,34.0438270296683,4.90861156561257,2196.52304347826,1.74944361754409,62.7607791033881,11.2480745527281,4012.75,2.8538821699698,0,1,4
"VTSanghani-PRIME",2026-04-18,0.643647845908337,0.597904638062973,33.0495652173913,0.225315024555202,2.31347984974374,2.67821334371449,44.5,0.243960008053129,1,1,4
"VTSanghani-PRIME",2026-04-25,0.646574543092697,0.58007863357885,34.3686956521739,0.256139001073257,2.29457244345331,2.66699703821606,66,0.392713081965993,1,1,4
"VTSanghani-PRIME",2026-05-09,0.497804117116252,0.538844908169674,25.6698913043478,0.211885313081765,0.491434566162337,0.551327460241324,19.25,0.120595737802977,1,1,4
"VTSanghani-PRIME",2026-05-23,0.421026576107966,0.418934872183361,19.4479347826087,0.180948910690448,0.710992557174513,0.823993251196636,16.75,0.130761201757599,1,1,4
