"model_id","location","wis_scaled_relative_skill","wis_scaled_relative_skill__log","wis","wis__log","ae_median_scaled_relative_skill","ae_median_scaled_relative_skill__log","ae_median","ae_median__log","interval_coverage_50","interval_coverage_95","n"
"CADPH-FluCAT_Ensemble","06",1.04400895533093,1.17153783630713,198.877057686374,0.506629542331599,0.881832606597281,0.91942047307484,240.205307858022,0.505442022043578,0.336206896551724,0.603448275862069,116
"CEPH-Rtrend_fluH","01",0.789952990046013,0.840680099559695,28.9175095108696,0.337404156454205,0.772175819829553,0.785924961269213,40.2375,0.484438284311426,0.525,0.883333333333333,120
"CEPH-Rtrend_fluH","02",1.24494900376781,1.15750865023596,5.13238891304348,0.445769946762561,1.24599520506724,1.17026435961531,7.95833333333333,0.674632805054239,0.683333333333333,0.991666666666667,120
"CEPH-Rtrend_fluH","04",0.698458759869586,0.748257618699801,90.4312682065217,0.343015541881698,0.748948137440929,0.860954557201165,125.204166666667,0.492434540175269,0.475,0.841666666666667,120
"CEPH-Rtrend_fluH","05",1.13830905127428,1.01723969891227,38.5586833152174,0.479746337671991,1.15062121813062,1.04815810014308,54.5083333333333,0.665673073819417,0.383333333333333,0.691666666666667,120
"CEPH-Rtrend_fluH","06",0.715451783036323,0.657203454204756,133.27299076087,0.285152765508983,0.758896668077791,0.83583795565607,199.725,0.458295386944857,0.308333333333333,0.816666666666667,120
"CEPH-Rtrend_fluH","08",0.879754558494783,0.969495170445118,30.4268012862319,0.351141149160759,0.923935097217475,1.0588068107064,47.9291666666667,0.560363462513966,0.333333333333333,0.875,120
"CEPH-Rtrend_fluH","09",0.990871332650954,1.0753145689888,24.4133676268116,0.412724170905663,0.958734603951886,1.10924428749191,35.7041666666667,0.641077045988236,0.45,0.841666666666667,120
"CEPH-Rtrend_fluH","10",1.15687608424378,1.25958600513572,7.25931597826087,0.498492766970655,1.29679706905385,1.40680315412421,11.8708333333333,0.847658604912148,0.5,0.941666666666667,120
"CEPH-Rtrend_fluH","11",1.05138650894565,1.23681722253237,8.02718820652174,0.558779137145517,1.16083977469149,1.3003002388825,12.5708333333333,0.944020290293589,0.441666666666667,0.908333333333333,120
"CEPH-Rtrend_fluH","12",0.866562070832641,0.97364811597118,108.482887445652,0.229023231357491,0.888780406270946,0.994472918317302,165.4125,0.358010692604145,0.366666666666667,0.858333333333333,120
"CEPH-Rtrend_fluH","13",0.776190194757412,0.819804642169299,82.684398442029,0.379606675855292,0.851175865661328,0.881888432047229,111.3625,0.559112483566991,0.333333333333333,0.8,120
"CEPH-Rtrend_fluH","15",1.24608205095366,1.45862914651857,5.94017166666667,0.467001650801345,1.22780269262427,1.41854689311991,8.9375,0.66656260534031,0.675,0.958333333333333,120
"CEPH-Rtrend_fluH","16",0.833792337255085,1.02396317295242,15.6468994202899,0.529877342247871,0.868946593402911,1.06682252718887,23.3208333333333,0.816366754898377,0.491666666666667,0.825,120
"CEPH-Rtrend_fluH","17",0.816974346159024,0.685988082717451,49.3514242934783,0.276925318429104,0.858815962097999,0.73533762805409,77.1208333333333,0.420264144147157,0.416666666666667,0.875,120
"CEPH-Rtrend_fluH","18",1.03360912811211,0.798176940453555,57.524685615942,0.301966088614176,1.06196535872979,0.803422071850202,86.6958333333333,0.452230109972599,0.325,0.85,120
"CEPH-Rtrend_fluH","19",0.745652605209772,0.717722970534838,15.3073105072464,0.322448005138105,0.806589290253549,0.781494904303507,24.3416666666667,0.53325059848466,0.475,0.95,120
"CEPH-Rtrend_fluH","20",1.08809055315659,1.06853375827646,20.5973777717391,0.452802593544815,1.10185640257064,1.12382940467059,30.625,0.688929253936655,0.441666666666667,0.833333333333333,120
"CEPH-Rtrend_fluH","21",1.08990339294307,0.875758287759268,38.4428941666667,0.361956156456443,1.03846460895919,0.906784310812909,55.1125,0.539671545255037,0.441666666666667,0.816666666666667,120
"CEPH-Rtrend_fluH","22",0.722310229090214,0.937607485153587,28.6131748007246,0.357906029875381,0.791351958377112,0.974994607724058,42.3125,0.534935530965805,0.475,0.816666666666667,120
"CEPH-Rtrend_fluH","23",1.23261550176143,1.20532937722736,11.9045663405797,0.474320553851774,1.16994360878242,1.13641754698176,17.0208333333333,0.702558948306685,0.591666666666667,0.883333333333333,120
"CEPH-Rtrend_fluH","24",0.816630706400362,0.847479357647235,33.5755893297101,0.424240817374784,0.862868649592289,0.863363104993296,49.675,0.671390876858328,0.475,0.816666666666667,120
"CEPH-Rtrend_fluH","25",0.996291637570739,0.927071501110582,78.8931238573021,0.383790651168739,0.982909697276445,0.948355569873123,108.948717948718,0.535792251586272,0.401709401709402,0.760683760683761,120
"CEPH-Rtrend_fluH","26",0.84303525564805,0.69469683377099,95.6884297826087,0.311444568217512,0.826659015530383,0.681390692430306,132.691666666667,0.420640388467865,0.466666666666667,0.766666666666667,120
"CEPH-Rtrend_fluH","27",0.966448615693231,0.804462943718333,21.4899175956893,0.337595855353904,1.00863288000625,0.86622767417253,33.7051282051282,0.542773510373225,0.598290598290598,0.957264957264957,120
"CEPH-Rtrend_fluH","28",0.779924662878215,0.981769356105432,25.1445829710145,0.347307105217385,0.824223394702127,1.0746708510288,35.9458333333333,0.510442695601346,0.516666666666667,0.816666666666667,120
"CEPH-Rtrend_fluH","29",0.867387870489402,0.736629070841195,47.6277188405797,0.289443890737687,0.860879502981922,0.71773623407562,70.075,0.40000132341932,0.483333333333333,0.858333333333333,120
"CEPH-Rtrend_fluH","30",0.870213290665576,1.05115867356856,13.5392503623188,0.55796194528467,0.931242762787298,1.04095836196221,19.5,0.874063006303985,0.466666666666667,0.833333333333333,120
"CEPH-Rtrend_fluH","31",1.11154452656102,1.03205369695205,12.4463012318841,0.447972244402262,1.15394202005668,1.14311042588348,19.6125,0.728535521972821,0.55,0.933333333333333,120
"CEPH-Rtrend_fluH","32",0.835806435599669,1.00634491533289,15.8237280615942,0.425108807256886,0.889459474136892,1.14842670493823,24.8708333333333,0.699420664131494,0.441666666666667,0.908333333333333,120
"CEPH-Rtrend_fluH","33",1.38946582407032,1.21556107539767,9.26040769927536,0.506651755699841,1.43372724532217,1.26444529613299,14.625,0.855159594661266,0.525,0.933333333333333,120
"CEPH-Rtrend_fluH","34",0.774863645806431,0.760110539805981,62.0481852173913,0.309369703613199,0.817230495377565,0.780664647262122,90.7625,0.442517089512952,0.408333333333333,0.775,120
"CEPH-Rtrend_fluH","35",0.679537770300996,0.847824306252598,18.4833489492754,0.380697195490154,0.765761431475961,0.954595823694945,28.7333333333333,0.594052183332147,0.433333333333333,0.908333333333333,120
"CEPH-Rtrend_fluH","36",0.810814608799772,0.740294951759933,109.46273240942,0.294593328528326,0.806720315023251,0.777344796307721,155.429166666667,0.42788886215072,0.45,0.75,120
"CEPH-Rtrend_fluH","37",0.616402058668048,0.765266092408541,70.5036332246377,0.418649590616665,0.685398529629404,0.818818463063312,97.6916666666667,0.651165177700183,0.35,0.791666666666667,120
"CEPH-Rtrend_fluH","38",1.1963990836889,1.22892673803218,7.03561586956522,0.476864892600686,1.22680040068072,1.19132910609074,10.8625,0.768436123494991,0.558333333333333,0.916666666666667,120
"CEPH-Rtrend_fluH","39",1.12480253230379,0.825862125711336,95.0887692210145,0.37302629598253,1.12516241057473,0.833963418622869,133.316666666667,0.516246259140222,0.383333333333333,0.708333333333333,120
"CEPH-Rtrend_fluH","40",0.85421831603917,0.843600869465414,39.6459232971014,0.36063276930954,0.836972549407883,0.881799789049991,56.8791666666667,0.537141718037115,0.391666666666667,0.816666666666667,120
"CEPH-Rtrend_fluH","41",1.07113263339363,1.15305451508557,17.8100945652174,0.397254965183608,1.17336681378362,1.31748840494121,27.2958333333333,0.603234784050798,0.508333333333333,0.883333333333333,120
"CEPH-Rtrend_fluH","42",0.862003841880366,0.775712500955689,86.7363136775362,0.275272457237113,0.877847395881132,0.861510465842074,124.904166666667,0.417310528808212,0.441666666666667,0.833333333333333,120
"CEPH-Rtrend_fluH","44",0.983574017963084,1.15679579170279,6.01641139492754,0.463025336419503,1.10035358133183,1.20541266153515,9.82083333333333,0.763437458028005,0.616666666666667,1,120
"CEPH-Rtrend_fluH","45",0.657865906617501,0.828162692851453,43.8958376086957,0.328839510613996,0.743009610019714,0.90446466779662,61.2375,0.475960068255744,0.45,0.8,120
"CEPH-Rtrend_fluH","46",1.12608264377691,1.16364188687746,9.57527746376812,0.540135507689824,1.13910573114749,1.18461961764089,14.7291666666667,0.875735678014352,0.483333333333333,0.908333333333333,120
"CEPH-Rtrend_fluH","47",0.761104180710877,0.758345597392356,40.8294399094203,0.258542386504724,0.812068288746348,0.823332345669495,62.0416666666667,0.391936646789387,0.491666666666667,0.9,120
"CEPH-Rtrend_fluH","48",1.01324532709442,1.08143155990676,185.14328865942,0.449268332647127,1.02750836435724,0.985468793130345,268.266666666667,0.608224710335875,0.316666666666667,0.708333333333333,120
"CEPH-Rtrend_fluH","49",1.30523297113526,1.20317825493892,11.2791048913043,0.509694420249953,1.40862610991085,1.35547174717898,17.1083333333333,0.8506058720326,0.591666666666667,0.908333333333333,120
"CEPH-Rtrend_fluH","50",1.22994167749965,1.31332146298839,4.55185275362319,0.472447991560106,1.14803914188087,1.22154120797723,6.79583333333333,0.736515352378613,0.675,0.95,120
"CEPH-Rtrend_fluH","51",0.950135094366833,1.10463674021829,68.6333225905797,0.373172616419648,1.02109770994124,1.2609826380718,96.475,0.568863043953781,0.35,0.783333333333333,120
"CEPH-Rtrend_fluH","53",0.964377212943931,1.03201478126662,21.4601787862319,0.370653099288781,1.02491033161363,1.15513011510547,34.6916666666667,0.60133437646858,0.341666666666667,0.941666666666667,120
"CEPH-Rtrend_fluH","54",1.14238287551889,1.03855588436069,26.1540261956522,0.507976265200145,1.1442694625421,1.07617398275815,38.0083333333333,0.793653331495583,0.383333333333333,0.8,120
"CEPH-Rtrend_fluH","55",0.914722410462572,0.849405263226591,31.9895227173913,0.378048758713957,0.934577703930907,0.845535178888854,47.6083333333333,0.567154188180943,0.466666666666667,0.841666666666667,120
"CEPH-Rtrend_fluH","56",0.839816387987885,1.10705090106213,7.71707425724638,0.503381950551802,0.898004848830017,1.15163438224704,11.6791666666667,0.812148989203911,0.525,0.908333333333333,120
"CEPH-Rtrend_fluH","72",0.903973514635949,0.967009358708284,11.4846510507246,0.192940870800136,0.917598925284574,1.0447947761958,17.2625,0.28743903974292,0.641666666666667,0.975,120
"CMU-TimeSeries","01",0.916029950073742,0.941185835455004,33.498564359804,0.389667588837938,1.04837808384899,0.981085784457214,53.9180621693416,0.612507212596404,0.407407407407407,0.944444444444444,108
"CMU-TimeSeries","02",1.2356835665115,1.09530630356993,5.07835330782627,0.423435402998827,1.23745184481686,1.18107624390289,7.59281807196804,0.66579814433249,0.3,0.8375,80
"CMU-TimeSeries","04",0.804612450494839,0.763386184074658,106.103141551863,0.354383780494912,0.944366501151677,0.907429482812589,162.43147571382,0.526496127401858,0.451923076923077,0.884615384615385,104
"CMU-TimeSeries","05",0.945529288677732,0.82362374941494,31.3692924546599,0.391497363732289,1.0675075992226,0.923425959335946,49.0445533395771,0.584814760894374,0.366071428571429,0.857142857142857,112
"CMU-TimeSeries","06",0.967945996976999,0.788355849112042,173.867219797251,0.351491240224731,1.08730650908748,0.997641479080786,280.752118263989,0.565264913669545,0.53,0.98,100
"CMU-TimeSeries","08",1.0328744156144,0.897338603276126,33.1232041611294,0.33741802741251,1.05105105022518,0.962278305377331,50.4078302245598,0.528001948404017,0.447916666666667,0.947916666666667,96
"CMU-TimeSeries","09",0.983439512801472,0.926263607168749,23.3380406899973,0.379466937834776,0.995102065293847,0.94953646677753,35.5526171275079,0.583255732654646,0.403846153846154,0.913461538461538,104
"CMU-TimeSeries","10",1.01955941263872,0.851890737723243,6.38617721317597,0.335996162875436,1.10452885809888,0.877866748325136,10.039201814653,0.526454522688099,0.461538461538462,0.875,104
"CMU-TimeSeries","11",0.973520496065399,0.999978995938274,8.23419290733473,0.456261366234318,1.02502473286865,0.933298411270775,12.0454545801791,0.675732967030058,0.354166666666667,0.739583333333333,96
"CMU-TimeSeries","12",1.00419140329167,0.937713743004105,131.677703055956,0.220452048429783,1.04185939797178,0.912966609269892,202.506727019298,0.326312093930696,0.615384615384615,0.990384615384615,104
"CMU-TimeSeries","13",0.775674025576506,0.841165128935556,84.6874745670187,0.407902775425102,0.888383124720387,0.929087492724698,120.036637809199,0.622118973617745,0.462962962962963,0.888888888888889,108
"CMU-TimeSeries","15",1.10020533687002,0.996564013730991,5.3325107569425,0.325082806617228,1.13087487088218,1.06993224395878,8.31897358584471,0.508395077549487,0.473214285714286,0.955357142857143,112
"CMU-TimeSeries","16",0.886421527148279,0.901523721403471,15.223050250663,0.456224521016817,0.907520307633216,0.898705527414387,22.0563683501662,0.667973427122065,0.375,0.84375,96
"CMU-TimeSeries","17",1.00141690301912,0.830808864299141,61.135253349667,0.344453009120896,1.03342648969399,0.890888285905448,94.1891782988632,0.525720804017991,0.518518518518518,0.944444444444444,108
"CMU-TimeSeries","18",1.07100322578879,0.912505620992345,60.017078508215,0.358265765226863,1.19789208824726,1.01112839667509,98.7020424476066,0.592322996313441,0.285714285714286,0.982142857142857,112
"CMU-TimeSeries","19",0.893061896276126,0.886727755003199,18.172274932859,0.401057637123701,0.955162012924041,0.920379307500291,28.6050131150029,0.62539506531265,0.398148148148148,0.925925925925926,108
"CMU-TimeSeries","20",0.86021841732112,0.826600069797832,15.5824115392199,0.356145825378597,0.929838349736997,0.901614110265512,24.5134853156227,0.557130444547978,0.401785714285714,0.928571428571429,112
"CMU-TimeSeries","21",1.01082614680571,0.847263804168703,36.1527887055822,0.362706806932723,1.08211942705343,0.937312627640777,58.1369622974645,0.577038437165543,0.339285714285714,0.919642857142857,112
"CMU-TimeSeries","22",0.88407220742759,0.873671936364341,36.3784929539867,0.330879616236161,1.07514938009945,1.00179888701381,60.0348804546738,0.545940900703501,0.333333333333333,0.990740740740741,108
"CMU-TimeSeries","23",0.936063865076606,0.834710904792117,9.49810565945594,0.339100744525851,1.04046166746461,0.868702898058803,15.9930636044319,0.551305869525049,0.365384615384615,0.923076923076923,104
"CMU-TimeSeries","24",0.918591810158014,0.853806828553945,37.8245829691499,0.436937374885342,1.05329848407979,0.901215525755567,60.9592750325182,0.706690041633666,0.267857142857143,0.928571428571429,112
"CMU-TimeSeries","25",0.971969097837615,0.851409195873194,68.1448963764488,0.347039255622821,1.09290360196253,0.989627551616155,108.554303954195,0.552838224875247,0.333333333333333,0.913978494623656,96
"CMU-TimeSeries","26",0.883166079946196,0.7912490020728,91.3057573173389,0.373821793956308,1.0200855120667,0.93652385875231,148.220708648155,0.607685286902303,0.302083333333333,0.958333333333333,96
"CMU-TimeSeries","27",0.996688140433396,0.826002225482265,22.4855719816006,0.362203833249164,1.01546660174072,0.835484307810089,34.4019399794943,0.538005074821496,0.541284403669725,0.963302752293578,112
"CMU-TimeSeries","28",0.86964545431486,0.790370810623501,28.9213831044969,0.280286969289399,1.0009595165021,0.910884550841598,44.9019285453607,0.432611593431804,0.446428571428571,0.928571428571429,112
"CMU-TimeSeries","29",0.907519944775766,0.800611166655402,46.0709148660776,0.31755881050911,1.0416064705443,0.944324802262709,77.4855942267377,0.528001574750795,0.355769230769231,0.990384615384615,104
"CMU-TimeSeries","30",0.90104151073718,0.957919164161373,13.8518717364413,0.516922266086223,1.00053875573061,0.918682602387056,20.3160136942518,0.78089377533592,0.32,0.78,100
"CMU-TimeSeries","31",0.964524097417117,0.844421340304441,10.4310329175332,0.380391374953494,0.989175288707574,0.882259395782029,16.3694633149206,0.581686040071699,0.473214285714286,0.883928571428571,112
"CMU-TimeSeries","32",0.990849065593104,0.918149169001519,17.5898986556312,0.389729099713448,1.0473746355768,0.961750824027549,27.6780845285239,0.582075697089954,0.461538461538462,0.913461538461538,104
"CMU-TimeSeries","33",0.963231729031296,0.911681265681443,6.31535013208239,0.396988469928491,0.939057968856998,0.840753086561725,9.31577288937647,0.589219971232511,0.462962962962963,0.842592592592593,108
"CMU-TimeSeries","34",0.919344925610032,0.76456218848028,75.3210467656691,0.316633358061131,1.0064557699284,0.834598029182962,114.107204702278,0.482694800619847,0.446428571428571,0.910714285714286,112
"CMU-TimeSeries","35",0.92327977070748,0.865336227721398,24.6331101187735,0.398575064858531,0.985444966365602,0.951430053035745,35.936205142493,0.604242658987154,0.407407407407407,0.888888888888889,108
"CMU-TimeSeries","36",0.972318821266709,0.818580199833943,128.34080467343,0.343989914423565,1.05291371431313,0.931864509373985,196.869633998173,0.542322760445242,0.423076923076923,0.913461538461538,104
"CMU-TimeSeries","37",0.849029178367894,0.95382942982827,97.1795052446949,0.54731320772546,1.05360475023094,1.01616275678131,150.199947957516,0.849838214124036,0.385416666666667,0.875,96
"CMU-TimeSeries","38",1.02746941083272,1.00819827001711,6.43924005010223,0.399145466835181,0.981167910893696,0.89630054423062,9.21827206650633,0.591593583205646,0.398148148148148,0.824074074074074,108
"CMU-TimeSeries","39",0.961284797982937,0.805666570842045,79.921761791586,0.373467195032602,1.09893396186446,0.926703997063301,127.177539835014,0.585300861841105,0.392857142857143,0.910714285714286,112
"CMU-TimeSeries","40",0.696688415280362,0.716062176198346,31.0722083480302,0.304114255438903,0.793524466737398,0.807470962314433,52.0580581867696,0.492414052203371,0.317307692307692,0.980769230769231,104
"CMU-TimeSeries","41",0.975002965534685,0.762390272132311,16.6744011777244,0.271383723677512,1.0643590838214,0.870295720959923,25.5036378524995,0.411135341698388,0.571428571428571,0.982142857142857,112
"CMU-TimeSeries","42",0.940871615309925,0.773212338772383,92.590147215452,0.278324439169022,1.05901140837523,0.901855852216486,148.383389122069,0.442871424309172,0.518518518518518,0.962962962962963,108
"CMU-TimeSeries","44",0.958592408448474,0.877884471203337,5.816823185226,0.365365888161055,1.04814275705569,0.893993555027412,9.17423977943793,0.588174477356156,0.37962962962963,0.907407407407407,108
"CMU-TimeSeries","45",0.815459332290144,0.822127662917706,54.2441557395308,0.330898620842787,1.00740285257657,0.942623536775776,83.22004501383,0.505306363150906,0.453703703703704,0.935185185185185,108
"CMU-TimeSeries","46",0.961138112248232,0.889986297390061,8.09753297588907,0.403266587361589,0.991383728014967,0.868543078475826,12.5784020836831,0.621413796671828,0.333333333333333,0.851851851851852,108
"CMU-TimeSeries","47",0.832167831505097,0.742665617478223,40.7805225331725,0.248094148489052,0.908112909906497,0.820515945430443,62.7717762511881,0.379804147890002,0.586538461538462,0.980769230769231,104
"CMU-TimeSeries","48",1.02470263633852,1.05249009917239,193.171961406117,0.454276640076516,1.05902844520167,0.946323198621766,286.286486816085,0.605611931327189,0.518518518518518,0.944444444444444,108
"CMU-TimeSeries","49",1.08412490406852,0.928637857637188,9.14520132794105,0.391194307924115,1.27508850508583,1.03024570461634,15.186689343192,0.638769567612521,0.45,0.96,100
"CMU-TimeSeries","50",0.877707061772118,0.903088206227122,3.02435708322783,0.323870122241468,0.875149420348767,0.851153423662777,4.77553869693316,0.511739319557534,0.432692307692308,0.923076923076923,104
"CMU-TimeSeries","51",0.852248378588783,0.776154308826677,56.2770826605836,0.252383454229252,0.99646209116332,0.882844477432268,86.1719958046487,0.378398149178743,0.61,0.96,100
"CMU-TimeSeries","53",1.10225850728819,0.873313320235785,24.6930593093236,0.321125124896424,1.18589005502412,0.980687149902631,40.5303367487672,0.524602328734242,0.471153846153846,0.990384615384615,104
"CMU-TimeSeries","54",1.01696373676589,0.902355762864785,23.3385272879189,0.456363028994063,1.07547616613298,0.923559782729201,35.5741032715498,0.696667159260946,0.37037037037037,0.87037037037037,108
"CMU-TimeSeries","55",0.902664391939653,0.810352111542926,28.2546702656357,0.385825424562437,0.970424397488331,0.865960430961272,44.2285855088315,0.615397997340534,0.364583333333333,0.947916666666667,96
"CMU-TimeSeries","56",1.00485485339079,1.04405777300858,8.84450103473661,0.488427658180318,1.11808171597152,1.03296286935358,13.9227850344623,0.75010366964223,0.270833333333333,0.770833333333333,96
"CMU-TimeSeries","72",1.34796582169309,1.15233787125591,17.5512889037578,0.233475479219343,1.45814999937469,1.31372250662152,28.1017088493115,0.364074481078243,0.651785714285714,0.991071428571429,112
"CU-ensemble","01",0.983187186001606,0.83640008726692,35.9426930459808,0.33687826727805,0.959608104679818,0.80966326444291,49.5077416666667,0.495031550444197,0.441666666666667,0.791666666666667,120
"CU-ensemble","02",1.43606458860465,1.23348108306381,5.84041140934783,0.465977791802889,1.34457374520901,1.32117710248745,8.26330833333333,0.73690560677741,0.408333333333333,0.816666666666667,120
"CU-ensemble","04",0.785821924277593,0.730002595742968,99.5608176998501,0.333447107787083,0.848911833307008,0.847231452698773,139.404133333333,0.482620524692142,0.416666666666667,0.733333333333333,120
"CU-ensemble","05",0.804833743773102,0.656587351185584,27.1209970180383,0.30768569540822,0.921894728997704,0.754147846619303,43.4313333333333,0.4741917696653,0.341666666666667,0.858333333333333,120
"CU-ensemble","06",0.784746685482063,0.728388585541853,143.146846135314,0.318187575138845,0.831311015629255,0.870944167562556,215.96875,0.480915746444534,0.283333333333333,0.841666666666667,120
"CU-ensemble","08",0.805775570776899,0.749513784982895,27.4828842387289,0.271825903455082,0.724382110496923,0.693425832793322,37.0412416666667,0.367643379866973,0.533333333333333,0.783333333333333,120
"CU-ensemble","09",1.02932048331618,0.784791413068956,25.1042524886417,0.306998864739489,1.06152780002084,0.795533776084084,38.9821833333333,0.467076811624188,0.366666666666667,0.825,120
"CU-ensemble","10",0.835806568832472,0.738887676775503,5.36827972536232,0.293836313915138,0.869227895414749,0.734310809602161,8.12884166666667,0.446886360884394,0.533333333333333,0.891666666666667,120
"CU-ensemble","11",0.757670630701209,0.755242594009379,5.7738477166868,0.34042803637173,0.729155680972363,0.665078172164117,7.84981666666667,0.482006765983416,0.5,0.783333333333333,120
"CU-ensemble","12",0.947425865407959,1.05363598615131,120.930626372663,0.254022323964224,0.987891042709264,1.09677743475008,187.492941666667,0.404141361593697,0.225,0.783333333333333,120
"CU-ensemble","13",0.808441885983605,0.779380321355269,86.5290184693927,0.363866744932567,0.817758026029065,0.761318033783493,107.852925,0.486908514298114,0.408333333333333,0.683333333333333,120
"CU-ensemble","15",0.960721351367734,0.885766016387676,4.57690818007246,0.287368748814327,0.966435162734902,0.940262492800121,7.00775,0.445601631340862,0.325,0.858333333333333,120
"CU-ensemble","16",0.783043002655312,0.720088447437513,14.906661586087,0.375036704449788,0.810701501588702,0.756576438178369,21.9878583333333,0.583291004885141,0.466666666666667,0.791666666666667,120
"CU-ensemble","17",0.881424524365907,0.6710154974457,53.1843489077134,0.273335787008313,0.867661140010455,0.676397711153873,77.4379333333333,0.388993605425302,0.475,0.808333333333333,120
"CU-ensemble","18",0.962633362354994,0.753002755094143,53.2488670419324,0.282492125840584,1.00570438227127,0.777861835076843,82.2945416666667,0.437571324507389,0.258333333333333,0.808333333333333,120
"CU-ensemble","19",0.791296729388008,0.710302415253261,16.5263632275996,0.315157279096695,0.836683400083422,0.735725769576696,25.7241666666667,0.49144849445127,0.325,0.833333333333333,120
"CU-ensemble","20",0.702458009610458,0.627877640960408,13.229433366469,0.268303097269964,0.775987681641335,0.690935131742382,21.4973333333333,0.425301041132993,0.366666666666667,0.908333333333333,120
"CU-ensemble","21",0.926441027612303,0.668226079669195,32.8689470535491,0.276408285530409,0.930375267573156,0.677996015981766,49.4903833333333,0.40165920565591,0.558333333333333,0.85,120
"CU-ensemble","22",0.875177001690258,0.768092075306771,34.6311291031785,0.291951864746185,0.881493133134911,0.760532357987422,47.1883583333333,0.414777742406083,0.425,0.758333333333333,120
"CU-ensemble","23",0.952189439484054,0.852300917706635,9.33558203041793,0.337706897540145,0.966254196703931,0.809631308044084,14.366925,0.503280462063634,0.5,0.85,120
"CU-ensemble","24",0.847674996570455,0.818034313174742,34.2807006413251,0.415866208001903,0.889053492411188,0.792080226017895,50.86505,0.615891612934428,0.325,0.791666666666667,120
"CU-ensemble","25",1.01565057036876,0.87375177323079,80.430984503885,0.365933138784216,1.00774478889673,0.920246539231088,111.075085470085,0.522406775848549,0.307692307692308,0.752136752136752,120
"CU-ensemble","26",0.80070170199609,0.559627688166041,89.5855003072464,0.250955336476454,0.830054154709487,0.613740295687854,131.418016666667,0.379405914070577,0.441666666666667,0.825,120
"CU-ensemble","27",0.924433848514557,0.733554989800261,20.7753994583798,0.306948588980021,0.937846686265729,0.712308028143336,31.7349487179487,0.438521581775617,0.478632478632479,0.88034188034188,120
"CU-ensemble","28",0.774420424025255,0.664218427116407,24.4526897495471,0.231040185593274,0.801905012259306,0.726080740347918,34.1449083333333,0.336898877745272,0.466666666666667,0.858333333333333,120
"CU-ensemble","29",0.776188821926058,0.528318968003462,42.4732808137681,0.206886692932391,0.849468990980531,0.575211277623162,68.2531083333333,0.317866520579289,0.491666666666667,0.908333333333333,120
"CU-ensemble","30",0.75861974594002,0.739842989691312,11.7876254464545,0.393651790570583,0.81270688013886,0.712208157132984,16.8205583333333,0.599886279377269,0.391666666666667,0.775,120
"CU-ensemble","31",1.11047336133924,0.877228127648097,12.4363561739926,0.387283230285282,1.0870050560713,0.884266703198286,18.5951416666667,0.571924908272336,0.366666666666667,0.7,120
"CU-ensemble","32",0.903907885455479,0.819662780318659,16.8338379108696,0.348048305416021,0.898366628428837,0.802063159484378,24.866825,0.483491105507378,0.516666666666667,0.833333333333333,120
"CU-ensemble","33",1.07905921498837,0.895757360078415,7.25066225385668,0.37810067724316,1.11346144473978,0.807580466986854,11.3413583333333,0.548881425827893,0.5,0.808333333333333,120
"CU-ensemble","34",0.879137956436804,0.703208626424678,69.5394596844642,0.285130804389203,0.870082955264773,0.701483283111627,95.3977833333333,0.397811605185652,0.458333333333333,0.783333333333333,120
"CU-ensemble","35",0.860390568792486,0.675260175431393,23.2466676930602,0.30819148382936,0.882809897712647,0.676748195084539,32.6277666666667,0.428481068305623,0.55,0.833333333333333,120
"CU-ensemble","36",0.86428899487383,0.696000239303393,115.89383891721,0.277211898983627,0.909278920150787,0.769014554633131,173.131383333333,0.423298015997772,0.35,0.841666666666667,120
"CU-ensemble","37",0.80153172446187,0.776075198018744,93.2986867125418,0.428821665029512,0.84333132557291,0.76164099352641,121.743633333333,0.610272082573306,0.375,0.691666666666667,120
"CU-ensemble","38",0.836158497108934,0.817007436844876,4.98534281045894,0.324165609555988,0.820843733053111,0.741629860084643,7.35258333333333,0.492509909978929,0.433333333333333,0.808333333333333,120
"CU-ensemble","39",0.99762819584927,0.727198694853033,84.3956338517491,0.332135171398398,1.05039477398797,0.804465376820364,122.943625,0.499859341224117,0.333333333333333,0.733333333333333,120
"CU-ensemble","40",0.643809278264864,0.568372668623048,29.9890136969203,0.244299382931432,0.719388105007854,0.654733915069728,49.2012333333333,0.400087448342836,0.433333333333333,0.908333333333333,120
"CU-ensemble","41",1.10642528751565,0.673020944805847,18.7562066740942,0.233735501973937,1.21706866102125,0.770283468346657,28.8571833333333,0.354831351300441,0.583333333333333,0.9,120
"CU-ensemble","42",0.887219498036765,0.666915262653553,88.7755292572826,0.239015699317185,0.933802971531812,0.736109174202712,132.318741666667,0.356925428844106,0.366666666666667,0.866666666666667,120
"CU-ensemble","44",0.902625127878832,0.778708865001829,5.54890155855763,0.31317596187383,0.925439340842882,0.74778788890987,8.20315833333333,0.476576018354999,0.383333333333333,0.775,120
"CU-ensemble","45",0.991252924693967,0.804283036324317,67.3889950175507,0.323148505302446,0.970951050194271,0.751442568985591,81.5959833333333,0.400813419164952,0.5,0.691666666666667,120
"CU-ensemble","46",0.934192982651467,0.822677928631432,7.71888524548913,0.385426958522715,0.958619276981865,0.811079446348915,11.9630666666667,0.603368807361025,0.35,0.841666666666667,120
"CU-ensemble","47",0.783740037699188,0.610130547735304,42.1943699148466,0.206553719193292,0.809252635140713,0.667025672899321,60.9242666666667,0.311575723283033,0.508333333333333,0.875,120
"CU-ensemble","48",0.785592469858692,0.934986802452345,141.232616032609,0.388756583764538,0.825536273002493,0.813095576978484,213.832291666667,0.501277842442766,0.383333333333333,0.85,120
"CU-ensemble","49",1.28141194747405,0.945987549751157,10.6269958049068,0.398965839946476,1.22821713276788,0.931617850198568,14.3309583333333,0.580975433287674,0.325,0.725,120
"CU-ensemble","50",0.76349584133516,0.745555889387981,2.82093851352376,0.272950546131066,0.758816723215454,0.70427115694632,4.44078333333333,0.432718105649187,0.508333333333333,0.875,120
"CU-ensemble","51",0.93408540121901,0.746899755025199,67.4249181706961,0.25152755436161,0.932852613560851,0.768093209193223,87.6534,0.343535472145714,0.416666666666667,0.783333333333333,120
"CU-ensemble","53",0.913655103796047,0.775620412998409,20.0925474167509,0.277771515211956,0.84687186233361,0.680604327414966,28.6627916666667,0.354477249661325,0.675,0.891666666666667,120
"CU-ensemble","54",0.795572603954828,0.691184760290447,17.8152689585326,0.339696638418123,0.831693453560456,0.724886684574066,27.1188833333333,0.53331681609647,0.416666666666667,0.891666666666667,120
"CU-ensemble","55",0.885008746211251,0.680343225192175,30.3115002234535,0.300856380298326,0.926037009647753,0.707872811543688,46.6307916666667,0.469286569020727,0.333333333333333,0.85,120
"CU-ensemble","56",0.756913891698221,0.837153361952247,6.98973191054175,0.386042059497542,0.764186483329454,0.763476727521894,9.92731666666667,0.541603516415328,0.383333333333333,0.7,120
"CU-ensemble","72",0.843565444752169,0.868339957788338,10.9038258575244,0.176764381036809,0.858306622337098,0.938075126424898,16.4288666666667,0.263264024298917,0.55,0.908333333333333,120
"FluSight-baseline","01",1,1,36.1919866754695,0.398881021292642,1,1,51.05,0.608603091764569,0.283333333333333,0.866666666666667,120
"FluSight-baseline","02",1,1,4.15431876848696,0.382457864260344,1,1,6.36666666666667,0.565466426347373,0.541666666666667,0.983333333333333,120
"FluSight-baseline","04",1,1,125.721957813936,0.456505736694281,1,1,162.275,0.569844215658937,0.3,0.75,120
"FluSight-baseline","05",1,1,33.8377312641846,0.466488724429369,1,1,47.8333333333333,0.637637402408201,0.3,0.833333333333333,120
"FluSight-baseline","06",1,1,182.634675939211,0.438599205393763,1,1,259.875,0.554915857258426,0.325,0.933333333333333,120
"FluSight-baseline","08",1,1,34.5339591220044,0.365642642712694,1,1,51.775,0.53300960508046,0.283333333333333,0.883333333333333,120
"FluSight-baseline","09",1,1,24.707397265531,0.38896578362015,1,1,37.3833333333333,0.582764635515008,0.275,0.941666666666667,120
"FluSight-baseline","10",1,1,6.3107672971746,0.397727776163992,1,1,9.24166981253146,0.60360810015457,0.4,0.966666666666667,120
"FluSight-baseline","11",1,1,7.69252154849809,0.451001879876124,1,1,10.875,0.72540442582634,0.266666666666667,0.85,120
"FluSight-baseline","12",1,1,127.320005193176,0.238118666242532,1,1,189.433333333333,0.364664639887761,0.133333333333333,0.833333333333333,120
"FluSight-baseline","13",1,1,107.10635256115,0.46595558797197,1,1,130.675,0.638140797193924,0.2,0.691666666666667,120
"FluSight-baseline","15",1,1,4.78119155061279,0.326447533773262,1,1,7.275,0.476038699287743,0.358333333333333,0.891666666666667,120
"FluSight-baseline","16",1,1,18.8425802216645,0.519439703956048,1,1,27.3166666666667,0.7697869590192,0.258333333333333,0.933333333333333,120
"FluSight-baseline","17",1,1,59.3405481743437,0.407285226652111,1,1,88.4583333333333,0.577554044258791,0.208333333333333,0.933333333333333,120
"FluSight-baseline","18",1,1,55.4875814919979,0.383805243862341,1,1,81.2,0.57414882426482,0.15,0.933333333333333,120
"FluSight-baseline","19",1,1,20.6467735068014,0.445726186074385,1,1,30.3666666666667,0.666333933865412,0.183333333333333,0.983333333333333,120
"FluSight-baseline","20",1,1,19.0023616747479,0.426965338508445,1,1,28.0833333333333,0.616762076712786,0.191666666666667,0.933333333333333,120
"FluSight-baseline","21",1,1,35.3690444109506,0.419333333675465,1,1,53.55,0.606519460781272,0.283333333333333,0.991666666666667,120
"FluSight-baseline","22",1,1,39.4174501431235,0.380022194272517,1,1,53.0916666666667,0.547126527415696,0.2,0.816666666666667,120
"FluSight-baseline","23",1,1,9.75232896033054,0.398998940161029,1,1,14.9249992916596,0.62966368673674,0.333333333333333,0.983333333333333,120
"FluSight-baseline","24",1,1,40.8307559627902,0.502620664131974,1,1,57.15,0.773647203863246,0.25,0.825,120
"FluSight-baseline","25",1,1,79.4772605651885,0.420233394528483,1,1,111.17094017094,0.572283631592274,0.205128205128205,0.871794871794872,120
"FluSight-baseline","26",1,1,113.489097152712,0.451284528293502,1,1,161.075,0.623796030324056,0.141666666666667,0.841666666666667,120
"FluSight-baseline","27",1,1,22.3105950951425,0.422362537186966,1,1,33.6837606837607,0.623226057835038,0.222222222222222,0.965811965811966,120
"FluSight-baseline","28",1,1,31.9358364837953,0.350241844687516,1,1,43.175,0.46865367785699,0.391666666666667,0.833333333333333,120
"FluSight-baseline","29",1,1,54.3484982766079,0.393669649710591,1,1,80.4,0.559061980749683,0.15,0.966666666666667,120
"FluSight-baseline","30",1,1,15.7281144672494,0.533103754055692,1,1,21.0083289166225,0.843856992125159,0.366666666666667,0.791666666666667,120
"FluSight-baseline","31",1,1,10.9984312052813,0.438843697780971,1,1,16.875,0.645831451950551,0.383333333333333,0.966666666666667,120
"FluSight-baseline","32",1,1,18.4141496671885,0.416200572774793,1,1,27.5583333333333,0.597231839383009,0.441666666666667,0.966666666666667,120
"FluSight-baseline","33",1,1,6.67597498085035,0.415979175563881,1,1,10.2999997499975,0.671208292804246,0.375,0.991666666666667,120
"FluSight-baseline","34",1,1,79.4494884257493,0.405576651262383,1,1,109.675,0.565884257202667,0.216666666666667,0.816666666666667,120
"FluSight-baseline","35",1,1,26.7196040525201,0.449141840564885,1,1,37.2666666666667,0.622445311058956,0.416666666666667,0.858333333333333,120
"FluSight-baseline","36",1,1,136.184027652924,0.400978360584038,1,1,193.841666666667,0.554307169255361,0.233333333333333,0.866666666666667,120
"FluSight-baseline","37",1,1,115.65556863353,0.54563106716335,1,1,143.158333333333,0.795111211866033,0.275,0.758333333333333,120
"FluSight-baseline","38",1,1,5.97927830771496,0.396616391512588,1,1,9,0.663229388628693,0.35,0.925,120
"FluSight-baseline","39",1,1,81.8871485084317,0.451824321819939,1,1,115.15,0.619879491938,0.175,0.833333333333333,120
"FluSight-baseline","40",1,1,46.0534247325415,0.424490170365798,1,1,67.7333333333333,0.606840860567622,0.291666666666667,0.95,120
"FluSight-baseline","41",1,1,16.6032886372981,0.348768351951387,1,1,23.5666666666667,0.462783767144609,0.375,1,120
"FluSight-baseline","42",1,1,99.7369690893282,0.354294075800983,1,1,141.9,0.48349808047281,0.216666666666667,0.891666666666667,120
"FluSight-baseline","44",1,1,6.21161310981697,0.407647447644829,1,1,9.10833302083021,0.648564238907364,0.258333333333333,0.925,120
"FluSight-baseline","45",1,1,67.3674496267954,0.399764981977523,1,1,82.8,0.529406302142661,0.175,0.766666666666667,120
"FluSight-baseline","46",1,1,8.44461223343139,0.470460018695157,1,1,12.8583271041044,0.746040533183885,0.325,0.9,120
"FluSight-baseline","47",1,1,53.9019661219812,0.340223852169368,1,1,76.3416666666667,0.474399949654585,0.258333333333333,0.925,120
"FluSight-baseline","48",1,1,181.828162883213,0.404779030094511,1,1,259.541666666667,0.611093930267181,0.2,0.841666666666667,120
"FluSight-baseline","49",1,1,8.20656069932167,0.418599463815968,1,1,11.5916666666667,0.619389191717767,0.466666666666667,0.891666666666667,120
"FluSight-baseline","50",1,1,3.73127119334364,0.362467488851847,1,1,5.94166666666667,0.607817700064464,0.266666666666667,1,120
"FluSight-baseline","51",1,1,71.8476034281638,0.33643343470438,1,1,93.9666666666667,0.449147731318074,0.225,0.833333333333333,120
"FluSight-baseline","53",1,1,21.9792162164692,0.359625058410314,1,1,33.5666666666667,0.524057188819107,0.308333333333333,1,120
"FluSight-baseline","54",1,1,22.8857011202617,0.491962530325607,1,1,33.3916666666667,0.74037585891634,0.308333333333333,0.9,120
"FluSight-baseline","55",1,1,34.8378267525895,0.441780819558309,1,1,51.225,0.659592150144405,0.216666666666667,0.95,120
"FluSight-baseline","56",1,1,9.24071277573283,0.458789436914661,1,1,12.9916666666667,0.709125687067559,0.291666666666667,0.891666666666667,120
"FluSight-baseline","72",1,1,12.7114246391747,0.199898476236439,1,1,18.9083333333333,0.277352347473547,0.558333333333333,0.95,120
"FluSight-ensemble","01",0.725091680638301,0.758322099067612,26.2502569569285,0.306013318532842,0.777053852406444,0.76975773934796,39.7282290444238,0.470131858705136,0.491666666666667,0.9,120
"FluSight-ensemble","02",0.928663540850854,0.848646134599596,3.93015773921011,0.326753021453382,0.985744208864124,0.915876772137941,6.37215062305013,0.520652616673648,0.541666666666667,0.958333333333333,120
"FluSight-ensemble","04",0.567563380129085,0.572385555359494,71.4209075397026,0.262305621784793,0.664211419888314,0.687198218519523,108.991449122087,0.39526170840629,0.591666666666667,0.891666666666667,120
"FluSight-ensemble","05",0.839849429395877,0.720785090852165,28.3977943012123,0.338886434490436,0.926149759898622,0.790352983938404,44.1225959268992,0.501418844107554,0.458333333333333,0.875,120
"FluSight-ensemble","06",0.649439409833569,0.591667617585828,119.21030962645,0.258532256999498,0.704558555801584,0.667364711678729,186.030519208218,0.370605005390242,0.566666666666667,0.925,120
"FluSight-ensemble","08",0.665501112477663,0.653253021734229,22.7532503373726,0.236661826296262,0.694001018251912,0.704976993466506,35.634265157387,0.372772744147754,0.583333333333333,0.958333333333333,120
"FluSight-ensemble","09",0.834545483290129,0.771564195707416,20.5774289742894,0.300174802951071,0.872375977084166,0.810552894983665,32.409660698819,0.472662454443142,0.441666666666667,0.95,120
"FluSight-ensemble","10",0.880189824409442,0.817614561791838,5.59161926600848,0.324184453936071,0.885720050041272,0.788888262072974,8.34163656180239,0.482697712184699,0.558333333333333,0.916666666666667,120
"FluSight-ensemble","11",0.757488414013207,0.820806766265308,5.78271841396427,0.36997111843008,0.817664101380259,0.813109209265489,8.8004122661556,0.590713783094963,0.433333333333333,0.875,120
"FluSight-ensemble","12",0.70715431428697,0.697050459121935,89.6656420864741,0.165793410103333,0.739402624279094,0.712181569425137,139.033013753145,0.259498276277034,0.575,0.95,120
"FluSight-ensemble","13",0.669153674266349,0.704915914261052,71.318105345165,0.327598598407189,0.701659066279074,0.730484085344729,92.66399455973,0.466111787315942,0.558333333333333,0.825,120
"FluSight-ensemble","15",0.813571784458504,0.784665974880101,3.87898703173809,0.25539315904342,0.857854360778482,0.849985747483081,6.21585254818022,0.403562755031412,0.55,0.966666666666667,120
"FluSight-ensemble","16",0.783275844758296,0.795375794636389,14.8686540157545,0.416316559838565,0.82991157935944,0.79768531349002,22.7552587710248,0.619817218943166,0.483333333333333,0.883333333333333,120
"FluSight-ensemble","17",0.786846767233438,0.68322067459009,47.387267124782,0.279541549567001,0.867865704442222,0.752649254007571,77.8743134886246,0.436515858983702,0.475,0.941666666666667,120
"FluSight-ensemble","18",0.822389237791873,0.662261907703121,45.6302009998387,0.251762252562449,0.931821253650267,0.75606317592285,75.8360137891428,0.428719348889479,0.35,0.966666666666667,120
"FluSight-ensemble","19",0.77701522005994,0.721591517288575,16.2801576460051,0.322976097490749,0.828236211954282,0.746641343011885,25.4627176515209,0.502327168152421,0.4,0.933333333333333,120
"FluSight-ensemble","20",0.814925600670089,0.730976029975307,15.5118644684568,0.312975747569991,0.873730924129529,0.806593474175272,24.3841812862652,0.497572090479207,0.416666666666667,0.933333333333333,120
"FluSight-ensemble","21",0.867799390093796,0.697946841394481,30.8345843592291,0.291961695284264,0.927805869891313,0.782786463968131,49.6566767022337,0.471168991115332,0.45,0.958333333333333,120
"FluSight-ensemble","22",0.638416037196006,0.660299574487027,25.1732456878326,0.25212325155239,0.761887291532333,0.740642524743736,40.601973127276,0.405817538805651,0.491666666666667,0.958333333333333,120
"FluSight-ensemble","23",0.848664804016167,0.737428667658529,8.33130429609292,0.29274585410597,0.874401820830703,0.721970220847833,13.0469389369524,0.450205024285286,0.583333333333333,0.95,120
"FluSight-ensemble","24",0.768364221097176,0.750360301303488,31.4329256610896,0.379423434476476,0.867702515540968,0.77998370872843,49.8293726705516,0.605264547164402,0.35,0.875,120
"FluSight-ensemble","25",0.853527892905546,0.69809370373463,67.6455066943377,0.289960404773413,0.930727036201482,0.790004539504452,102.789253148773,0.445108598795283,0.35042735042735,0.863247863247863,120
"FluSight-ensemble","26",0.805062968438496,0.652699198932744,91.3923641184011,0.292478185507868,0.875403157880923,0.7608244378279,139.976343675973,0.471296909486452,0.366666666666667,0.883333333333333,120
"FluSight-ensemble","27",0.857196277187854,0.728063256269203,19.2608242084738,0.306352035451617,0.942295668866003,0.754137682835575,31.8928155657385,0.467351867153882,0.478632478632479,0.957264957264957,120
"FluSight-ensemble","28",0.691880529069535,0.645192137993645,22.1790315558456,0.226207144878086,0.77938990624747,0.737208211054295,33.8011066727005,0.344961931076,0.583333333333333,0.933333333333333,120
"FluSight-ensemble","29",0.797668740324307,0.660610117492508,43.7481137057351,0.259454881086503,0.882992479886552,0.752136273038298,71.2444579551647,0.418378172636464,0.366666666666667,0.95,120
"FluSight-ensemble","30",0.692968645839203,0.752500380795638,10.8499890736934,0.401320774587013,0.805753628972608,0.781647284619346,16.8864548210986,0.661786830578897,0.416666666666667,0.858333333333333,120
"FluSight-ensemble","31",0.984583218815226,0.848132309371092,10.8612942171036,0.370818911183255,1.00410076618435,0.893292440354201,16.8503679285386,0.56986799162121,0.483333333333333,0.883333333333333,120
"FluSight-ensemble","32",0.688294544139278,0.726325699879265,12.8681441328541,0.306192979611787,0.735147152389658,0.73683330394098,20.5454137505043,0.443484981875327,0.541666666666667,0.95,120
"FluSight-ensemble","33",0.962842186100488,0.893755511360373,6.51813683829451,0.375154516426352,0.960908569167148,0.841440519003581,9.99003992569722,0.573245866607537,0.483333333333333,0.908333333333333,120
"FluSight-ensemble","34",0.733776196388868,0.643600762999259,58.5809761101382,0.261489514563602,0.798711534840736,0.695026525277294,88.2817501523243,0.394038936242391,0.491666666666667,0.908333333333333,120
"FluSight-ensemble","35",0.752539388748022,0.691838337936228,20.6168344855753,0.312370118635452,0.819068297748473,0.762784602144809,30.8727588485832,0.475242435450253,0.541666666666667,0.9,120
"FluSight-ensemble","36",0.715764801607679,0.665768140741793,96.6502378185213,0.266323838557907,0.818435793935889,0.772808759089598,156.77886382642,0.426671469420549,0.391666666666667,0.916666666666667,120
"FluSight-ensemble","37",0.665993973800918,0.763381089486009,77.1454350174957,0.420514853552697,0.78462470757012,0.782432222930556,113.782352207155,0.625358565089096,0.466666666666667,0.841666666666667,120
"FluSight-ensemble","38",0.796238324460589,0.816284162449797,4.7246853142476,0.323440013197962,0.780209746585501,0.747443665027568,6.93906483012895,0.494979968361222,0.533333333333333,0.925,120
"FluSight-ensemble","39",0.870600942406296,0.710134757256612,72.3989688972381,0.322042368203126,1.00146727673712,0.81295092448886,116.632027744707,0.504288083400403,0.333333333333333,0.875,120
"FluSight-ensemble","40",0.614595209900091,0.574832953411509,28.608620575369,0.245678562858521,0.698421758324249,0.663051187943352,47.743815019578,0.405003039282514,0.533333333333333,0.983333333333333,120
"FluSight-ensemble","41",0.905308328773103,0.713516384833203,15.1611512348082,0.24694464791765,0.976097255877695,0.78094354377326,22.9522789847741,0.358966185109502,0.608333333333333,0.95,120
"FluSight-ensemble","42",0.796949207386757,0.664448862389018,80.4092014547187,0.236162267128779,0.928900012213006,0.804160145141949,132.962743521531,0.388769814521292,0.466666666666667,0.95,120
"FluSight-ensemble","44",0.809753552823225,0.796128730225621,4.99300439782539,0.322211861171196,0.870047538465314,0.823663659479078,7.78257744617189,0.52716499481592,0.508333333333333,0.95,120
"FluSight-ensemble","45",0.67875999314499,0.644858662650394,45.7595566705968,0.257810474668185,0.799728902419259,0.704982980226663,66.9005923824648,0.374623429712977,0.541666666666667,0.883333333333333,120
"FluSight-ensemble","46",0.929589878914358,0.872914750630951,7.87388556585361,0.410636185248565,0.935179655588508,0.83642651665504,12.0671769020982,0.625390545491694,0.4,0.866666666666667,120
"FluSight-ensemble","47",0.668428495588652,0.614997411443898,36.1006966474647,0.209932476567302,0.733238998369444,0.692620770255184,55.998446173168,0.328376694789716,0.533333333333333,0.966666666666667,120
"FluSight-ensemble","48",0.731511305374699,0.878094093691167,132.13651103949,0.367897609323572,0.764116749290757,0.779858419969834,198.248652629418,0.484522637062145,0.516666666666667,0.875,120
"FluSight-ensemble","49",0.909919615936672,0.773934913591449,7.58995691392837,0.32735940272104,0.987906332058985,0.791821256793617,11.7268152680112,0.496786955022499,0.6,0.908333333333333,120
"FluSight-ensemble","50",0.744774516988658,0.770095242515329,2.76826832416568,0.279540838931469,0.744458337677427,0.739656970338341,4.38282305689705,0.4503892249608,0.55,0.983333333333333,120
"FluSight-ensemble","51",0.76710063096057,0.685674087038852,55.2040727016677,0.230487781741982,0.87080171369781,0.782889674721323,82.0286402691253,0.350182384362895,0.508333333333333,0.9,120
"FluSight-ensemble","53",0.842664675554942,0.716884087589292,18.6466240390582,0.26099343343131,0.893737688893595,0.76279034386275,30.231675297547,0.404185710682933,0.591666666666667,0.975,120
"FluSight-ensemble","54",0.881917672542488,0.774858027720572,20.1396979564607,0.38103458214574,0.936601446588895,0.80228468494984,31.0310246622922,0.591116517439377,0.416666666666667,0.866666666666667,120
"FluSight-ensemble","55",0.806663350267569,0.696338256563711,28.0922271662271,0.308025654751716,0.904424782088772,0.764259190379103,46.2947363643296,0.505835994939698,0.408333333333333,0.966666666666667,120
"FluSight-ensemble","56",0.744931081442674,0.807621816958048,6.90364696416343,0.370184274825507,0.810588647822636,0.814755753480973,10.5900475886811,0.577307414017086,0.466666666666667,0.875,120
"FluSight-ensemble","72",0.90202116363123,0.878905419422056,11.5507586253075,0.177159699849302,0.954229920448181,0.958938232142103,18.1652436209588,0.266511808721143,0.641666666666667,0.966666666666667,120
"FluSight-lop_norm","01",0.714161729826224,0.763329624547234,25.8534488747734,0.307331167939495,0.773185379794342,0.780586656141974,39.3446054561777,0.475227296187099,0.566666666666667,0.983333333333333,120
"FluSight-lop_norm","02",0.959511064738168,0.861368481520879,4.03891044868373,0.330662303844575,0.966586012640189,0.888626343187826,6.27271759761005,0.505299276775053,0.608333333333333,1,120
"FluSight-lop_norm","04",0.569127171451233,0.607004920675467,71.610909688083,0.277647680723375,0.638070328426414,0.682572717672925,104.630799510518,0.391859851652713,0.683333333333333,0.991666666666667,120
"FluSight-lop_norm","05",0.818952089364672,0.697021003467453,27.5845354031928,0.326063385501868,0.91304359661153,0.776023330528734,43.3762630376411,0.491368752771149,0.508333333333333,0.958333333333333,120
"FluSight-lop_norm","06",0.640426159615016,0.614487551214562,117.449071884393,0.268294015369613,0.686671122334396,0.668542740441183,180.986565526511,0.371011419110021,0.666666666666667,0.991666666666667,120
"FluSight-lop_norm","08",0.706710490934027,0.683471951618545,24.2892333372721,0.247669122196452,0.688590513135011,0.699912781831593,35.279756397269,0.369813512355671,0.625,1,120
"FluSight-lop_norm","09",0.870537528210653,0.795399875401743,21.504461857605,0.309077254462089,0.888042289000654,0.826269092543781,33.0566242976373,0.481581632044654,0.541666666666667,1,120
"FluSight-lop_norm","10",0.910949393584562,0.830398433487817,5.70588952868172,0.329014245955844,0.898992536920249,0.799666450044073,8.44218249899264,0.48800663747552,0.616666666666667,0.983333333333333,120
"FluSight-lop_norm","11",0.76439413172574,0.800765144190657,5.82606235678717,0.361876945680586,0.826024696649563,0.810872400633349,8.89714408853486,0.588959455893744,0.508333333333333,0.991666666666667,120
"FluSight-lop_norm","12",0.736497663049045,0.754076596001668,93.5435634031895,0.179424303914389,0.743667465785453,0.7271182885159,139.909813386316,0.265707759102396,0.625,1,120
"FluSight-lop_norm","13",0.653141488312042,0.694317002626115,69.5700699642386,0.322936892528979,0.697035873142975,0.710026215885894,91.9012745193079,0.452665934073725,0.625,0.95,120
"FluSight-lop_norm","15",0.850429935252758,0.80948223576775,4.04750645031361,0.262615086843997,0.83711209172541,0.832633205101257,6.04864790401301,0.394115424482278,0.633333333333333,0.983333333333333,120
"FluSight-lop_norm","16",0.798755171785739,0.779799456174458,15.1400249254375,0.406672332804486,0.843678780219026,0.80094400773972,23.1452815752054,0.621400267246186,0.541666666666667,0.966666666666667,120
"FluSight-lop_norm","17",0.78267886643735,0.694678537580181,46.8595947291562,0.283339269447956,0.849660910115792,0.755488144840305,76.0417699711031,0.437410181937856,0.508333333333333,1,120
"FluSight-lop_norm","18",0.819706049165523,0.680994765279353,45.5146577236039,0.259151453594977,0.928748894440781,0.751084605186357,75.4282982440553,0.425157573437362,0.425,1,120
"FluSight-lop_norm","19",0.80220654842083,0.73313013758263,16.6771077360068,0.327742424063888,0.853065286954357,0.771216769670148,26.194204114594,0.517484680669999,0.491666666666667,0.991666666666667,120
"FluSight-lop_norm","20",0.819846588433581,0.737605756118372,15.5048788012522,0.314960710233206,0.868553938909091,0.796532123647021,24.2279370604086,0.490941915732399,0.508333333333333,0.983333333333333,120
"FluSight-lop_norm","21",0.881975932810341,0.717399222105686,31.2874698780465,0.299302971002258,0.942012261271137,0.777317508744331,50.5450349323986,0.467830495367813,0.533333333333333,1,120
"FluSight-lop_norm","22",0.627242566597216,0.677375512608131,24.730185784561,0.258447975426892,0.738132491560096,0.73066966223455,39.1998677514547,0.400105447093723,0.533333333333333,1,120
"FluSight-lop_norm","23",0.871275802419188,0.759189960876892,8.42884036896033,0.301069012915576,0.863024464704513,0.710754101407085,12.8444817795787,0.442751523856345,0.641666666666667,0.991666666666667,120
"FluSight-lop_norm","24",0.728575341805618,0.724127828711283,29.763327498242,0.365040268619238,0.843070237087382,0.76997808406303,48.4162176125141,0.596247367227743,0.433333333333333,1,120
"FluSight-lop_norm","25",0.822630210276628,0.697379634020453,64.6496263367564,0.28836265610606,0.952345620189665,0.808580705249752,105.153804747586,0.455379605480377,0.435897435897436,1,120
"FluSight-lop_norm","26",0.792708707822585,0.66753981534425,89.6013775542266,0.299049636397143,0.877243361383709,0.762887944484785,140.101439728836,0.470759999041049,0.433333333333333,0.975,120
"FluSight-lop_norm","27",0.868491485039686,0.712809109946801,19.4442214429636,0.299577907715766,0.92078668753477,0.735854487899775,31.1430707672058,0.455408084067811,0.572649572649573,1,120
"FluSight-lop_norm","28",0.649084636393913,0.654076435691128,20.7245122282052,0.229508063988693,0.726327388573784,0.695755775390486,31.5343849505133,0.32590610734267,0.7,0.991666666666667,120
"FluSight-lop_norm","29",0.804819053062309,0.685814368710279,43.8438795286447,0.268568844578516,0.894958954397928,0.762685736450641,71.9328488570113,0.422661269831533,0.458333333333333,1,120
"FluSight-lop_norm","30",0.688096180595617,0.746517517927602,10.7242418668026,0.397805603168384,0.789122904241257,0.771319936951828,16.5448864216713,0.651990895969088,0.491666666666667,1,120
"FluSight-lop_norm","31",0.981640220087485,0.83039548163958,10.8422781485678,0.363397027739699,0.970924196714355,0.871425468086429,16.3941941267327,0.55843455247035,0.541666666666667,0.975,120
"FluSight-lop_norm","32",0.711630050077324,0.754934574125864,13.2845510037527,0.317201854085528,0.752783433806582,0.762228040697016,20.9668650801309,0.457618527729261,0.608333333333333,1,120
"FluSight-lop_norm","33",0.982253264227484,0.891075636416074,6.60874032644189,0.372888311613876,0.952637076608491,0.842483554912139,9.911851096386,0.574049551781475,0.558333333333333,0.983333333333333,120
"FluSight-lop_norm","34",0.716061049555889,0.661310374961102,56.9344775588724,0.268191537904695,0.799825739118154,0.708311014906959,88.0028551290306,0.400499273876975,0.591666666666667,0.983333333333333,120
"FluSight-lop_norm","35",0.749866858174847,0.704810248360415,20.4367905212722,0.31738169651814,0.821905840658217,0.764212400472488,31.0196847472093,0.476273933496059,0.608333333333333,0.983333333333333,120
"FluSight-lop_norm","36",0.743833658983563,0.692003555636953,100.249434948801,0.275943233157486,0.840570301530879,0.794495867542206,161.01543563115,0.438261506591915,0.5,1,120
"FluSight-lop_norm","37",0.629163509220982,0.736346541053664,72.4091372600428,0.404543112114714,0.776584056573991,0.777703265918061,112.699290428584,0.622240364146642,0.508333333333333,0.983333333333333,120
"FluSight-lop_norm","38",0.808317105431568,0.818495113630242,4.77392652185304,0.323616435319859,0.795214388223426,0.758640587316155,7.06887843699394,0.50142073687189,0.583333333333333,1,120
"FluSight-lop_norm","39",0.855136663347527,0.700248862665058,70.7662498450613,0.317165973156011,0.99634040310839,0.803052426886548,116.282173904267,0.498593321454044,0.416666666666667,1,120
"FluSight-lop_norm","40",0.633274073271942,0.596192339216722,29.3970476430021,0.25444385949114,0.667035271092345,0.622487789436347,45.585617868921,0.37976083726978,0.658333333333333,1,120
"FluSight-lop_norm","41",0.938557369210325,0.765766534721958,15.6523104249551,0.265049612641805,1.00258255860209,0.796702606082894,23.5440410802644,0.365656452492479,0.708333333333333,1,120
"FluSight-lop_norm","42",0.777667299482988,0.683004675548078,78.1528704373862,0.242405953280682,0.905911121108441,0.794207338145879,129.377868176935,0.383829224375302,0.566666666666667,1,120
"FluSight-lop_norm","44",0.836758467554406,0.80461578077786,5.15367284357442,0.325444553993897,0.842755448391119,0.811010143450195,7.52550876966417,0.518691851520075,0.525,0.983333333333333,120
"FluSight-lop_norm","45",0.636694023744717,0.652596816448707,42.7167360490791,0.260160273395277,0.792076583045916,0.700429478189047,66.2421437870002,0.372092901529538,0.6,0.983333333333333,120
"FluSight-lop_norm","46",0.919644243246306,0.856209795499087,7.75810337019304,0.40182547344749,0.935911137429535,0.846369475396337,12.0714573544226,0.632732619951817,0.466666666666667,0.983333333333333,120
"FluSight-lop_norm","47",0.669840520523122,0.643386437275288,36.0075031233175,0.219281697875215,0.719858605138993,0.681716662687378,55.0080103992924,0.322721599666027,0.658333333333333,1,120
"FluSight-lop_norm","48",0.761206897759235,0.862025814654877,136.982263920508,0.356009973244279,0.764939958614212,0.783792298164591,197.915529121973,0.484620797019215,0.616666666666667,0.966666666666667,120
"FluSight-lop_norm","49",0.882195077658833,0.77453562787247,7.33218370740947,0.326954343949059,0.945500117097503,0.767243842384468,11.1952322615843,0.48021938766246,0.625,1,120
"FluSight-lop_norm","50",0.7923577690546,0.78206324112624,2.93753574941041,0.283317716182324,0.727818581103431,0.73108992961874,4.26517328286396,0.443603225951252,0.641666666666667,1,120
"FluSight-lop_norm","51",0.729373515239551,0.698838088381411,52.1911433286574,0.234392682635339,0.850282619494969,0.783941399684534,79.9209737961017,0.349795061316341,0.591666666666667,0.975,120
"FluSight-lop_norm","53",0.880924530166587,0.745073301012435,19.511843082563,0.269641658385301,0.86997692943364,0.744281998464307,29.4692051888341,0.394912829685944,0.65,1,120
"FluSight-lop_norm","54",0.85545886559846,0.745626691583349,19.4780498995222,0.365609795841365,0.891830187340645,0.768360303214759,29.5184774917623,0.565641231366134,0.541666666666667,0.95,120
"FluSight-lop_norm","55",0.80742576479498,0.704927167286739,27.9591299228797,0.310700383871165,0.880942329920211,0.75179032762317,45.046621139769,0.496211013529215,0.466666666666667,1,120
"FluSight-lop_norm","56",0.74019219201493,0.797869181652853,6.80346067103857,0.365719146640196,0.790547574903851,0.790903164344076,10.3296192404377,0.56089984574661,0.508333333333333,0.991666666666667,120
"FluSight-lop_norm","72",0.981272100814539,0.953580941675737,12.5708782368852,0.191706640377536,0.943558055401071,0.939310267138216,18.0546545097085,0.26164569610757,0.708333333333333,0.991666666666667,120
"GH-model","01",1.92648114972179,3.30087571934104,116.245572584541,1.32637590094098,1.53524762241015,2.62182930184111,127.430555555556,1.56601974574852,0.0277777777777778,0.0555555555555556,36
"GH-model","02",1.44224101800741,2.36792010312835,10.0246981884058,1.01602985578633,1.0259840799047,1.85589998125588,10.7361111111111,1.15648830514472,0.333333333333333,0.361111111111111,36
"GH-model","04",1.98141288680576,4.34354061960786,469.968622101449,2.61765248530247,1.58341133753122,3.69404525007526,480.902777777778,2.85933787412713,0,0,36
"GH-model","05",2.31062966066846,3.21244434774425,78.9018102657005,1.6093656349227,1.87726875893385,2.8172280959659,82.6527777777778,1.84566936738671,0,0,36
"GH-model","06",2.36684318155177,3.88580129280953,804.801874396135,2.28415813499892,1.72608573572535,3.2876164388766,833.944444444444,2.52879443270928,0,0,36
"GH-model","08",3.04565383475763,5.43961552821385,170.681871135266,2.52280152217922,2.09966083682324,4.10862705475445,174.569444444444,2.75837432181827,0,0,36
"GH-model","09",3.0830043141139,4.5864663683247,79.2573881642512,2.1246773720254,2.08832002591789,3.32532112206713,81.5,2.34571756591712,0,0,36
"GH-model","10",1.81381520007663,2.98321172263457,16.1917251207729,1.55078723532384,1.38355718338135,2.20287764495928,16.75,1.6614710250398,0,0.0277777777777778,36
"GH-model","11",1.72631466705733,2.46012610792087,19.7675314009662,1.60022084477003,1.31639120583379,1.74890483000036,20.6388888888889,1.78192198090078,0,0.0277777777777778,36
"GH-model","12",3.01870480523922,5.10080627637546,607.510528502415,1.39736123518397,2.19586849377579,3.74830581158986,676.638888888889,1.64269320635299,0,0.0277777777777778,36
"GH-model","13",1.45841028055848,2.26862929362601,324.911271014493,1.55797555968031,1.33321293533859,1.95977856017434,351.694444444444,1.79963563767899,0,0.0555555555555556,36
"GH-model","15",3.53368032847998,4.95797685018445,18.5647670289855,1.2491851713295,2.47818804438128,4.01812907747365,20.8472222222222,1.4760878180296,0,0,36
"GH-model","16",2.07769067661529,3.6874394503314,59.539209057971,2.169750351691,1.55822082203048,2.80833125142951,60.5694444444444,2.36869929392821,0,0,36
"GH-model","17",2.6767702444978,4.76861997248691,225.396117874396,2.12442944162876,1.88275094459017,3.69809423897629,234.138888888889,2.36509022797138,0,0,36
"GH-model","18",3.50205227001221,5.74774396286542,229.985761594203,2.19624110634799,2.49031339942628,4.34385703035463,237.305555555556,2.43729561580964,0,0,36
"GH-model","19",3.03960633881294,4.72046576752481,47.7924117149758,2.0766731831224,2.12905542785571,3.4446826915699,49.1527777777778,2.28984675742749,0,0,36
"GH-model","20",2.62241245471431,4.26208323438683,45.0137301932367,1.96039034322822,1.83065356822201,3.26306213444243,46.5277777777778,2.17404957855374,0,0,36
"GH-model","21",2.56224194610431,4.56257318498374,102.114900120773,1.95472742924495,1.79625683125968,3.60140793041009,105.319444444444,2.18954107558225,0,0,36
"GH-model","22",1.80783843356851,3.25248062482882,125.241912439614,1.26794707046708,1.49486736881291,2.68113408734811,139.069444444444,1.49505528982634,0.0555555555555556,0.0555555555555556,36
"GH-model","23",2.31480934484046,3.82070137406771,19.9058566425121,1.75293050981747,1.63217000979954,2.70095009248947,20.3472222222222,1.9082565850042,0.0555555555555556,0.0555555555555556,36
"GH-model","24",1.87499058205537,3.67448499166336,114.346286352657,1.99683148655704,1.44819119367148,2.73607677505001,118.791666666667,2.22714793869158,0,0,36
"GH-model","25",2.50364621758212,4.67724515536303,231.428240338164,2.48538357763526,1.8708422912195,3.78551005738178,235.583333333333,2.72157689576245,0,0,36
"GH-model","26",2.57689979111787,5.14325313977266,205.888201932367,2.36912780656821,1.86252446263363,4.12968345332467,210.277777777778,2.60646715404241,0,0.0277777777777778,36
"GH-model","27",2.7383305478953,4.88547605779888,71.9226596618358,2.25034787055095,1.86833598098273,3.5418939190247,73.5277777777778,2.46354705258954,0,0,36
"GH-model","28",1.67239319882848,2.9832144276151,97.8558972222222,1.42399878512748,1.37164949729188,2.59882336739383,105.763888888889,1.66528829058183,0,0.0555555555555556,36
"GH-model","29",2.86471070022297,4.73502836603699,143.386414975845,1.91266094512151,2.03848380065492,3.80468820964707,149.055555555556,2.1524016052443,0,0,36
"GH-model","30",2.02277427543483,3.98727385487205,46.9025716183575,2.49460977019703,1.6042339654231,2.7238563947294,47.375,2.59843971317099,0,0,36
"GH-model","31",1.7583400065952,2.14488273462419,20.0857514492754,1.10522927452235,1.32471391256173,1.76809575608563,21.4166666666667,1.28410246387068,0.166666666666667,0.222222222222222,36
"GH-model","32",2.80222882884506,5.34863692689424,78.3275143719807,2.14636030197876,1.92182735366636,4.04113416359313,80.5416666666667,2.37285434465242,0,0,36
"GH-model","33",2.10610629109037,3.42284817678154,20.2828037439614,1.79817819476705,1.45974569130737,2.32289374084126,20.6527777777778,1.93502322046166,0,0,36
"GH-model","34",2.0118840843143,3.93706804230127,262.906550483092,2.14957255147103,1.55393253306732,3.14126064347365,270.75,2.38998322187331,0,0,36
"GH-model","35",2.07522632541671,3.4477498717033,98.4573456521739,2.12886181771868,1.5796442860482,2.80131543918472,100.611111111111,2.35257807114305,0.0277777777777778,0.0277777777777778,36
"GH-model","36",3.04189287556413,5.32481173206768,553.931791062802,2.48457725151676,2.26240373056997,4.29933738033031,566.055555555556,2.72762825621519,0,0,36
"GH-model","37",1.47853889326458,3.12626316906899,338.43279057971,1.93664681525757,1.27959410407741,2.44954963536401,353.833333333333,2.16485369205484,0.0555555555555556,0.0555555555555556,36
"GH-model","38",2.34561520300582,3.27825759989817,18.6995274154589,1.71900098082043,1.72025951068138,2.21073985660308,19.2361111111111,1.87539573464171,0.0277777777777778,0.0277777777777778,36
"GH-model","39",2.7402999533648,4.36151720159434,248.487077657005,2.2178764011845,2.08722367191257,3.60197861768373,254.708333333333,2.45746952293558,0,0,36
"GH-model","40",2.82539174206783,4.01061702283474,84.0307862318841,1.60718346165815,2.03765044023862,3.26018708572165,88.5277777777778,1.83821019121778,0.0277777777777778,0.0277777777777778,36
"GH-model","41",2.39950004739709,4.63221490678746,56.2391234299517,2.17359445928139,1.75848989331657,3.77273166132557,57.3888888888889,2.38030310306971,0,0,36
"GH-model","42",2.08477837868463,3.64796548433998,315.139591908213,1.67992357065535,1.58748455763647,3.042045865015,332.708333333333,1.9141904433874,0.0555555555555556,0.0555555555555556,36
"GH-model","44",1.97233336663999,3.36912217848875,15.8310660628019,1.7851221200859,1.4262835500929,2.23542465693843,16.0416666666667,1.85317683738579,0.166666666666667,0.166666666666667,36
"GH-model","45",1.41940515574438,2.86805444290521,189.508561231884,1.59259324940925,1.2420461700931,2.45797924929321,200.986111111111,1.82311135477452,0.0277777777777778,0.0833333333333333,36
"GH-model","46",1.63307368949644,2.07303798189582,15.2336652173913,1.12483437882649,1.21625691619773,1.56725309828672,16.0833333333333,1.31980973236941,0.222222222222222,0.361111111111111,36
"GH-model","47",2.08825274176623,4.25879102033221,176.999095289855,1.62404269952649,1.61774316244654,3.60667697931096,187.125,1.86724288174145,0,0,36
"GH-model","48",3.180247710813,5.72485172190475,836.723451449275,1.48805644802889,2.41117626348203,4.10182474168619,913.666666666667,1.73345459003435,0,0,36
"GH-model","49",1.84265525558613,3.78877446442467,26.7418504830918,1.74875711333697,1.37535372540344,2.95154070793928,27.7777777777778,1.94599747993065,0,0,36
"GH-model","50",2.91687493776079,4.76847072023628,9.12614154589372,1.84628707943628,1.88570558212912,2.87079613822328,9.19444444444444,1.88120457038874,0.0833333333333333,0.0833333333333333,36
"GH-model","51",1.51934223172498,2.89897635604737,201.986359782609,1.35610940221798,1.32212067244022,2.5864735395667,218.486111111111,1.59126195959812,0.0277777777777778,0.0555555555555556,36
"GH-model","53",2.59227483832971,3.49983734555132,83.3787103864734,1.5365018279864,1.76657675277187,2.68989295364714,87.9444444444444,1.75703328620156,0.166666666666667,0.166666666666667,36
"GH-model","54",2.1277103880315,3.36445742399614,53.5800758454106,1.79042040615153,1.64349750908052,2.61418904614419,55.6666666666667,2.00039991536435,0,0.0277777777777778,36
"GH-model","55",2.56843954634515,4.84759241021003,111.123525241546,2.36730397430272,1.83809815498883,3.6450271265225,113.736111111111,2.58621900161423,0,0,36
"GH-model","56",2.25869729302034,3.301909458772,26.9719032608696,1.79447655649816,1.67412488538117,2.38488829920954,28.2638888888889,1.9658826196573,0.0277777777777778,0.0277777777777778,36
"GH-model","72",2.05578056184229,3.60476874784058,41.8256551932367,0.857071641912922,1.71867715085981,3.17453933074381,52.0138888888889,1.04851019135992,0.194444444444444,0.361111111111111,36
"GT-FluFNP","01",1.04992895768234,1.11641227207055,38.0831716127214,0.464006963128029,0.960460589800126,1.09399323704684,48.8560611111111,0.693690279611458,0.25,0.574074074074074,108
"GT-FluFNP","02",1.72314595625946,1.35186668782519,7.12684538269928,0.507153446998552,1.34038936532706,1.12896942508543,8.348075,0.620103721761979,0.416666666666667,0.677083333333333,96
"GT-FluFNP","04",0.818756980215802,1.10769004182726,106.06781443277,0.525445341938659,0.742269353936523,0.986043239403135,123.320561111111,0.593916713327466,0.472222222222222,0.62037037037037,108
"GT-FluFNP","05",1.05811171555071,0.81151292500664,34.9096526332528,0.386428042539193,1.03734267949511,0.851576981737816,47.6022777777778,0.551619429818085,0.342592592592593,0.611111111111111,108
"GT-FluFNP","06",1.30903038927934,1.46076490735964,234.016007679952,0.661009387799641,1.10106642655842,1.23396022190311,275.551156481481,0.719441577887379,0.490740740740741,0.62037037037037,108
"GT-FluFNP","08",1.01776831177079,1.12712242539073,35.5749930652174,0.429878325204725,0.878052150198686,1.05426148870891,45.483837962963,0.583911880836063,0.342592592592593,0.648148148148148,108
"GT-FluFNP","09",1.41453535642964,1.31073373443495,34.7827263123994,0.523730961901595,1.23865870093453,1.18134132284219,45.5404796296296,0.708226834152283,0.342592592592593,0.583333333333333,108
"GT-FluFNP","10",1.10799923908942,1.00101201900397,7.00214442954911,0.406092832458709,0.984677217185084,0.890646277902773,8.9502212962963,0.552120981077635,0.398148148148148,0.62037037037037,108
"GT-FluFNP","11",0.980712884074424,1.05662417856264,7.54780990378422,0.492979929265609,0.87265437347305,0.905041644994315,9.34800277777778,0.679764620293612,0.259259259259259,0.601851851851852,108
"GT-FluFNP","12",1.15066379873152,1.27614282906642,148.559073066828,0.31947971523276,1.01905424335439,1.13406336317392,194.465777777778,0.433518824197317,0.25,0.592592592592593,108
"GT-FluFNP","13",1.09581255846009,1.29503055602626,114.646936675585,0.639242252292791,1.04476682779742,1.20170349203096,132.320443269231,0.816274445719786,0.288461538461538,0.509615384615385,104
"GT-FluFNP","16",1.1922663067816,1.06250369305688,22.4583020020129,0.568544533404699,1.08040454353393,1.03136798248696,28.712712037037,0.816990858068568,0.398148148148148,0.722222222222222,108
"GT-FluFNP","17",1.4093706918851,1.24788629772172,82.3317483989533,0.522347510552419,1.2572599244825,1.18637998420274,107.147301851852,0.704379440233767,0.333333333333333,0.675925925925926,108
"GT-FluFNP","18",1.37163815004282,1.24268130062422,76.6651263027375,0.490465977176671,1.25496125024694,1.18790068448303,102.754621296296,0.704538202993319,0.194444444444444,0.555555555555556,108
"GT-FluFNP","19",1.1172390302095,1.03287718572335,22.735147910628,0.475744658073322,1.079631264747,1.06720800541911,31.9328185185185,0.739091389359137,0.240740740740741,0.638888888888889,108
"GT-FluFNP","20",1.19777334811764,1.03159396541901,22.293224076087,0.454421897700537,1.12333349793061,1.00267390748129,30.4879351851852,0.638013843926048,0.259259259259259,0.601851851851852,108
"GT-FluFNP","21",1.39007766360956,1.09407385201579,49.1739246276167,0.470361443814489,1.28222932786985,1.12046878078017,67.6095768518519,0.695407178698115,0.342592592592593,0.685185185185185,108
"GT-FluFNP","22",0.7729702946972,0.954163249550253,29.6413705974235,0.365438134698397,0.743508160730361,0.928107611145223,38.4649092592593,0.514400799051374,0.37037037037037,0.675925925925926,108
"GT-FluFNP","23",1.23858809930495,1.05666028298245,12.1741474122383,0.428612167367292,1.11524482609485,0.90334608766432,16.4776592592593,0.576466945612577,0.435185185185185,0.648148148148148,108
"GT-FluFNP","24",1.02136497846451,1.02506123164681,41.1240073019324,0.527261645719727,0.968818170883651,1.00496341304955,54.1101148148148,0.798262728486043,0.212962962962963,0.62962962962963,108
"GT-FluFNP","25",1.2247890569904,1.16454163915063,95.313200889441,0.494028226284604,1.12823432886329,1.11848691163979,121.548362857143,0.648273933899089,0.238095238095238,0.552380952380952,108
"GT-FluFNP","26",1.23363773728747,1.2251214301232,130.788156100644,0.55608035509566,1.121105825549,1.22878097965173,166.391268518519,0.774928861059228,0.194444444444444,0.509259259259259,108
"GT-FluFNP","27",1.34056954771044,1.07379712461621,30.3186716231884,0.474695691052739,1.22637018300362,1.07410236162668,41.3224247619048,0.7004538234405,0.238095238095238,0.685714285714286,108
"GT-FluFNP","28",0.832200200318955,0.835225375795844,26.7793782516103,0.297957815207449,0.783299476448289,0.828593044530799,33.6870416666667,0.397004965668718,0.416666666666667,0.722222222222222,108
"GT-FluFNP","29",1.32735895708075,1.16681164472443,71.1675932302738,0.464037371530058,1.23863049534881,1.134591390057,97.0225898148148,0.640793298190912,0.287037037037037,0.583333333333333,108
"GT-FluFNP","30",0.922676970921328,1.0425880627683,14.2979116219807,0.567905665220726,0.879092754742727,0.948439158580734,17.9299703703704,0.815628736214473,0.342592592592593,0.712962962962963,108
"GT-FluFNP","31",1.2694671817541,1.00905579821063,13.6467165583736,0.456523603700786,1.14259109921233,0.981010239259104,18.6662601851852,0.652771276156618,0.25,0.685185185185185,108
"GT-FluFNP","32",1.3786319360634,1.12131844234128,24.7356340507246,0.468489175339665,1.17565343821984,1.04488808418238,30.9460944444444,0.626392076279614,0.490740740740741,0.675925925925926,108
"GT-FluFNP","33",1.53768403489472,1.25806146272276,10.553186602657,0.548976095996049,1.310052244095,1.09763175344323,13.6729555555556,0.777730716755735,0.407407407407407,0.722222222222222,108
"GT-FluFNP","34",1.14746348149461,1.21403214780403,91.2903718425926,0.503634212275354,1.04606449048559,1.0731581400282,113.50805,0.62333108477565,0.37037037037037,0.601851851851852,108
"GT-FluFNP","35",1.35855896560539,1.14962343648478,36.2116178023349,0.526759950101316,1.1773119362594,0.981821203008567,43.0553046296296,0.621327603634942,0.537037037037037,0.703703703703704,108
"GT-FluFNP","36",1.34922023923115,1.40268739980691,185.011164076087,0.579411302538205,1.22737596454303,1.30142104962264,235.392389814815,0.743262653384073,0.314814814814815,0.583333333333333,108
"GT-FluFNP","37",0.965266974144293,1.09842211635795,106.309817283027,0.632594518322696,0.911700502793852,1.06983185997955,121.444133653846,0.898211537061407,0.413461538461538,0.644230769230769,104
"GT-FluFNP","38",1.0972043583145,0.902404778048569,6.49524004991948,0.372582787449502,0.95517469314174,0.776039257952256,8.52024722222222,0.540386447560605,0.416666666666667,0.740740740740741,108
"GT-FluFNP","39",1.40831197235963,1.22740464894902,114.413148051003,0.577431665353851,1.33097844685138,1.21882569632292,148.745148076923,0.783170610025595,0.269230769230769,0.586538461538462,104
"GT-FluFNP","40",0.905746958542127,0.852458558218408,39.0412483852657,0.364700003851819,0.949530483504014,0.893954860960712,59.7855657407407,0.544349039303798,0.407407407407407,0.861111111111111,108
"GT-FluFNP","41",1.53795287716367,1.34277314471005,25.0270560442834,0.472804465910252,1.44508669303427,1.33858717865699,32.3445796296296,0.628219937108651,0.611111111111111,0.842592592592593,108
"GT-FluFNP","42",1.36165955091563,1.31331653828495,132.673970152979,0.468880755314012,1.23842681121001,1.21609779597568,168.982392592593,0.590618415989297,0.314814814814815,0.657407407407407,108
"GT-FluFNP","44",1.0351296000291,1.08755779675732,6.33651646698873,0.444944305131391,0.937890858091684,0.980345164933869,8.17348518518519,0.632613038344948,0.314814814814815,0.574074074074074,108
"GT-FluFNP","45",0.852311425338193,1.02575597799975,49.550487006087,0.411432785638166,0.822946821362754,0.913551463921627,58.189256,0.485787185110131,0.37,0.66,100
"GT-FluFNP","46",1.3068184413237,1.16829198715056,10.4731674907407,0.544154502446953,1.11031968609912,0.995650657262926,13.3218537037037,0.734756452336745,0.314814814814815,0.62962962962963,108
"GT-FluFNP","47",0.943171032071362,1.01863856276572,49.5198794979871,0.349374972409358,0.904921507817399,1.02564807856819,66.2363777777778,0.48572560743529,0.287037037037037,0.638888888888889,108
"GT-FluFNP","48",1.24408980201149,1.10472915552454,228.114721952496,0.476261579457892,1.12558588250249,1.05269414458499,296.307971296296,0.686256343936431,0.259259259259259,0.592592592592593,108
"GT-FluFNP","49",1.0045644106374,0.962571950826365,8.00254398268921,0.403659873000587,0.87997707526805,0.893307378258313,9.83235277777778,0.555037778932005,0.351851851851852,0.694444444444444,108
"GT-FluFNP","50",1.16936387938299,1.00929819853299,4.23967263768116,0.37275903298714,1.06886993175049,0.936327891596322,6.11124537037037,0.582412160006565,0.259259259259259,0.638888888888889,108
"GT-FluFNP","51",1.00417855534291,1.17958430920952,71.6186056183575,0.400706594817385,0.947964793476883,1.12641147952619,86.9616990740741,0.50607872261351,0.25,0.574074074074074,108
"GT-FluFNP","53",1.58652968321903,1.21735385426913,34.9142373663446,0.444970868553732,1.32162265173307,0.986017758688251,44.0149740740741,0.522330520765584,0.546296296296296,0.722222222222222,108
"GT-FluFNP","54",1.2312170517729,0.979497218420556,27.642944615942,0.490165793333527,1.11792089151568,0.93379505513684,36.348887037037,0.706268318767715,0.287037037037037,0.675925925925926,108
"GT-FluFNP","55",1.36035256364091,1.19520860296208,47.4265178953301,0.543595118125081,1.22270571054647,1.1122682648271,61.9293712962963,0.755923624379634,0.305555555555556,0.62962962962963,108
"GT-FluFNP","56",1.04404507956394,1.18312925545246,9.47528277979066,0.552458251224031,0.922603454693525,1.00737709304334,11.7882740740741,0.72777399357692,0.342592592592593,0.574074074074074,108
"ISU_NiemiLab-ENS","01",1.08695088196818,1.41376236343141,46.5463939251004,0.473355426826768,1.09260704154913,1.32438181274001,65.7967256944444,0.66172045291612,0.194444444444444,0.611111111111111,72
"ISU_NiemiLab-ENS","02",1.04292758319513,1.13261278652334,4.598090870833,0.417019377952418,1.06605609385605,1.15305703105361,7.22508501041667,0.627393861369907,0.402777777777778,0.875,72
"ISU_NiemiLab-ENS","04",0.92750807588984,1.18399440574362,138.200907533831,0.575937686905207,0.961641380198143,1.19834305702567,184.030567013889,0.725654367714878,0.444444444444444,0.666666666666667,72
"ISU_NiemiLab-ENS","05",1.37908052055977,1.32933112026651,52.2094746469779,0.511297251826492,1.21732949752463,1.26293392239389,64.0469582291667,0.653460911537622,0.333333333333333,0.625,72
"ISU_NiemiLab-ENS","06",1.13581709251463,1.32595259486388,232.922310668445,0.585687998140619,1.02715309477211,1.25024755527009,297.674003472222,0.68801043441696,0.444444444444444,0.625,72
"ISU_NiemiLab-ENS","08",0.806902093845991,0.911436482085812,33.3846574155358,0.344236290772683,0.803558831686369,0.906874321968175,49.7027583333333,0.495160569923365,0.388888888888889,0.819444444444444,72
"ISU_NiemiLab-ENS","09",1.28149110235641,1.37994671815391,38.6935152199646,0.557765915442495,1.10405719506285,1.18537699497735,50.5848258680556,0.723351832892652,0.319444444444444,0.555555555555556,72
"ISU_NiemiLab-ENS","10",1.18521784100044,1.41502373360461,8.4847851208782,0.569746394762136,1.06099249406667,1.211924878698,11.0020586875,0.739653327341635,0.5,0.777777777777778,72
"ISU_NiemiLab-ENS","11",2.9529792779756,1.50151525182104,26.8511756196858,0.698163285300235,2.18745982754221,1.32967487401725,27.3991652083333,0.977137540659347,0.430555555555556,0.694444444444444,72
"ISU_NiemiLab-ENS","12",0.851900467835601,0.894425383197824,126.347194117964,0.193060749151121,0.779670486848426,0.779946290576642,175.78863671875,0.262255720551397,0.5,0.828125,64
"ISU_NiemiLab-ENS","13",0.988057496343411,1.16981070057274,127.63117800141,0.568663557400818,1.01258867109667,1.06991376440376,158.153072569444,0.696224727752937,0.388888888888889,0.625,72
"ISU_NiemiLab-ENS","15",2.10138561490345,1.20393136113844,10.8007130277224,0.382301613131459,1.09706041952865,1.05869031798025,8.64210618055556,0.488775219815268,0.402777777777778,0.805555555555556,72
"ISU_NiemiLab-ENS","16",1.25279709312232,1.18908930869054,28.5812038225687,0.53877818045287,1.31106089154391,1.18631031279719,41.94161125,0.780080792612713,0.319444444444444,0.75,72
"ISU_NiemiLab-ENS","17",1.38872336902096,1.65736992242121,90.7203385907169,0.580935655064092,1.22720377666142,1.53956335297138,119.062718055556,0.763795380110127,0.194444444444444,0.541666666666667,72
"ISU_NiemiLab-ENS","18",1.09974165135606,1.16936207100563,70.4636140305595,0.397697361342155,1.12500120307773,1.1769843989868,105.000553125,0.588936576647413,0.25,0.666666666666667,72
"ISU_NiemiLab-ENS","19",1.18430542633253,1.44844381923839,27.6218697827372,0.554918026080275,1.06690971484622,1.30708011395096,36.7415924722222,0.750027136839473,0.319444444444444,0.652777777777778,72
"ISU_NiemiLab-ENS","20",0.989640513592709,0.979903740467039,20.2835258862004,0.380415079835957,0.878230629203056,0.951593394741218,26.4183742361111,0.529603141475627,0.416666666666667,0.902777777777778,72
"ISU_NiemiLab-ENS","21",1.00207891583142,1.00050431311729,42.4713763352259,0.363401067301862,0.972552725433457,1.03699352121183,61.7896201388889,0.532632678001908,0.333333333333333,0.736111111111111,72
"ISU_NiemiLab-ENS","22",0.75366696363728,0.9562614315361,34.2768375434275,0.340799283906843,0.770491175045249,0.919602030260607,47.5135548611111,0.465913980994731,0.361111111111111,0.680555555555556,72
"ISU_NiemiLab-ENS","23",1.05652388255956,0.989279225028128,11.2837167888683,0.374956478098976,0.869573577678002,0.868729112768777,13.458406875,0.50919631516096,0.5,0.930555555555556,72
"ISU_NiemiLab-ENS","24",1.20736667858282,1.72840981559604,60.1322043286713,0.788679461402172,1.06917287980929,1.46261189030428,74.2349380555556,1.00940625265285,0.194444444444444,0.402777777777778,72
"ISU_NiemiLab-ENS","25",0.999743160579456,1.03874372049745,94.0590286483413,0.464929333033175,0.94621068027952,1.05797707618076,123.112797222222,0.638070151091598,0.263888888888889,0.569444444444444,72
"ISU_NiemiLab-ENS","26",1.00058865629193,1.10562199857711,134.119824602583,0.488508027600129,0.972187780212666,1.11779686042275,182.59795625,0.670190359932477,0.25,0.541666666666667,72
"ISU_NiemiLab-ENS","27",1.09992523142579,1.30866712936505,27.4322060546036,0.448905449519377,1.05457040519269,1.2649673161801,39.1977790277778,0.650172788174488,0.361111111111111,0.805555555555556,72
"ISU_NiemiLab-ENS","28",0.845122805440157,0.849964347630831,30.596480897248,0.305274780425056,0.804857062553701,0.822135079421626,39.7281520833333,0.392339279913483,0.486111111111111,0.791666666666667,72
"ISU_NiemiLab-ENS","29",1.02650223883416,1.13215477629902,67.0087046949001,0.436992317861192,0.984031994737925,1.14186787355002,94.69995625,0.62084517559145,0.305555555555556,0.625,72
"ISU_NiemiLab-ENS","30",0.859676879443138,1.03077894254342,15.6698728285748,0.523402045143579,0.850808909121523,0.918917612837114,20.2895352534722,0.715804806078714,0.458333333333333,0.833333333333333,72
"ISU_NiemiLab-ENS","31",1.63081578186492,1.17932306073175,21.1460261081296,0.448406436064588,1.45692324859803,1.16242174562702,28.5531621180556,0.643477542120859,0.402777777777778,0.791666666666667,72
"ISU_NiemiLab-ENS","32",1.0658207325541,1.22377059593217,22.1264578610528,0.454828084748899,0.991468611467816,1.17445722736894,30.8795688888889,0.63501440057639,0.375,0.694444444444444,72
"ISU_NiemiLab-ENS","33",1.17165490893298,1.2494214243606,9.43962930095877,0.481216162242579,0.980577238368181,0.956168865984734,12.0728488090278,0.596983215121837,0.625,0.819444444444444,72
"ISU_NiemiLab-ENS","34",1.07225660193402,1.29816261614541,102.452640415255,0.539315551668258,0.996412727467887,1.19634470107222,131.327675,0.695511941566475,0.361111111111111,0.666666666666667,72
"ISU_NiemiLab-ENS","35",1.30819866589593,1.17633315462143,42.3585293458014,0.561915370426501,1.25240123040923,1.12936844338638,55.8212470486111,0.741922664076143,0.388888888888889,0.708333333333333,72
"ISU_NiemiLab-ENS","36",1.28843013455954,1.55640455070031,211.065748095695,0.63263210501442,1.20874768850856,1.4992340248332,280.491829861111,0.837629940291469,0.236111111111111,0.555555555555556,72
"ISU_NiemiLab-ENS","37",1.26321876367006,1.48881057885145,171.551699542939,0.69638949388665,1.34374338642086,1.35034194856167,225.935464930556,0.890995486755941,0.263888888888889,0.5,72
"ISU_NiemiLab-ENS","38",1.2864529437135,1.32860249216522,7.90884687007556,0.467751801913419,1.2145340447141,1.18171806740342,10.80838959375,0.666936915163457,0.361111111111111,0.708333333333333,72
"ISU_NiemiLab-ENS","39",1.25207048056535,1.29607950809139,125.060675472753,0.558435080612652,1.29121282724228,1.32638127357389,179.891723958333,0.772920697383363,0.166666666666667,0.569444444444444,72
"ISU_NiemiLab-ENS","40",0.998622883538217,1.11020818257105,59.2203142719393,0.469901758514832,0.998050119995775,1.08075427117038,86.0818253472222,0.639273777910723,0.166666666666667,0.694444444444444,72
"ISU_NiemiLab-ENS","41",1.13530864081319,1.18735152022277,22.8188380379109,0.445834613351087,1.00167681710476,1.15210095238173,28.1030928472222,0.57573230316518,0.402777777777778,0.791666666666667,72
"ISU_NiemiLab-ENS","42",1.15996781964223,1.31918138973693,139.822400544369,0.507259775727076,1.02768251160839,1.20504149715467,177.567462847222,0.637081924381252,0.291666666666667,0.527777777777778,72
"ISU_NiemiLab-ENS","44",1.31711988873027,1.31606883085292,9.97598933337803,0.557676310735943,0.994885366752407,1.1165581129134,10.7847833368056,0.737797939697045,0.375,0.791666666666667,72
"ISU_NiemiLab-ENS","45",0.908841889761502,0.959935605770598,73.6156065266667,0.416581208911427,0.956414360270288,0.938845306543999,95.1554822916667,0.536515639087925,0.361111111111111,0.625,72
"ISU_NiemiLab-ENS","46",1.12858143742403,1.25105334672913,11.1674717532347,0.570531366600678,1.0721534727314,1.1044318281517,16.0109627291667,0.791970558059879,0.291666666666667,0.791666666666667,72
"ISU_NiemiLab-ENS","47",0.836952586622632,0.858718225376863,54.0577362227913,0.290469531394962,0.879818087749894,0.931250263987015,79.5163201388889,0.432803051114555,0.361111111111111,0.819444444444444,72
"ISU_NiemiLab-ENS","48",1.70433802379506,1.95332329253323,338.656525721726,0.436361847421241,1.50318203761617,1.54392965332463,433.799635416667,0.554496248619459,0.277777777777778,0.5,72
"ISU_NiemiLab-ENS","49",0.737212363645718,0.824451365224167,6.95429744613277,0.322471730579323,0.703573398544062,0.763885466877924,9.38600027777778,0.428730403380232,0.680555555555556,0.902777777777778,72
"ISU_NiemiLab-ENS","50",1.0414296505561,1.14931771017922,4.35793740198797,0.376173881417219,1.01721676474729,1.04026995999871,6.73317985763889,0.570583375271662,0.291666666666667,0.833333333333333,72
"ISU_NiemiLab-ENS","51",0.896372523866576,1.00297489746817,77.9022048324404,0.374939777141786,0.916686286754332,1.02898579243269,103.815578472222,0.51258743839989,0.333333333333333,0.75,72
"ISU_NiemiLab-ENS","53",1.22525842708005,1.06534162183645,30.019822433062,0.36983575089617,1.19139026068402,1.06843340005175,44.8890395833333,0.543656320653696,0.416666666666667,0.875,72
"ISU_NiemiLab-ENS","54",1.35324725534072,1.64240312968406,34.5185747016146,0.661875666590504,1.23150639863801,1.45548066983903,45.3855925694444,0.862604032450668,0.319444444444444,0.666666666666667,72
"ISU_NiemiLab-ENS","55",1.14866658839106,1.36424259734159,44.0327817046343,0.522726952118707,1.12060800976178,1.27918802938695,62.400523125,0.713985143905435,0.222222222222222,0.694444444444444,72
"ISU_NiemiLab-ENS","56",1.33372643412747,1.27566074351913,14.2584322900571,0.6027839083027,1.11544570393794,1.21834542974419,16.8355405208333,0.875065757599681,0.375,0.75,72
"ISU_NiemiLab-ENS","72",1.3210078687709,1.20608040966035,17.7814086745674,0.231730785344049,1.3517497081155,1.24772820062706,26.6672628472222,0.324262326527312,0.583333333333333,0.902777777777778,72
"ISU_NiemiLab-NLH","01",0.907610132215936,1.15120053620392,32.1625465031089,0.421315070968629,0.9409257694525,1.10780247601135,46.9329106628874,0.61271367858117,0.354166666666667,0.770833333333333,96
"ISU_NiemiLab-NLH","02",1.10906974016013,1.12568495838971,5.00546826908333,0.430742152533867,1.13741063686617,1.21065941117684,7.7985991215437,0.683296202830624,0.40625,0.864583333333333,96
"ISU_NiemiLab-NLH","04",0.760115161317534,1.10004557246491,93.400116833222,0.530755018314602,0.819681358762389,1.1069803728696,130.136876751353,0.668282951607834,0.4375,0.708333333333333,96
"ISU_NiemiLab-NLH","05",1.95096239779659,1.453781279993,62.777735590162,0.559064358353503,1.83467580687853,1.43470405718221,83.0858260207314,0.746325862346885,0.291666666666667,0.604166666666667,96
"ISU_NiemiLab-NLH","06",1.02689739431247,1.18237890558068,173.199628330325,0.511663268186008,0.928332761829166,1.12828571974078,220.220585825082,0.605883228049386,0.427083333333333,0.65625,96
"ISU_NiemiLab-NLH","08",0.76122451018752,0.905535103503394,26.3679605500983,0.348221451392321,0.774173802219757,0.933358468519132,40.1131608540938,0.525407591867657,0.427083333333333,0.895833333333333,96
"ISU_NiemiLab-NLH","09",1.38497102872848,1.16579337456624,34.3184015161032,0.417454220698863,1.17746381137763,1.05596038955496,43.392997496788,0.566177851864426,0.478260869565217,0.782608695652174,92
"ISU_NiemiLab-NLH","10",1.2578576566595,1.32564666263311,8.07812063018191,0.523964696253417,1.18277565462834,1.27266401710329,10.9495430437654,0.762911441522354,0.395833333333333,0.84375,96
"ISU_NiemiLab-NLH","11",5.04281402803635,1.41568988069639,39.3216844033384,0.613337333192209,3.48332169634218,1.32481457334124,37.4343723600108,0.916157452924974,0.46875,0.770833333333333,96
"ISU_NiemiLab-NLH","12",1.05222316105211,1.18126199690399,137.339863441613,0.285342241770395,0.97279788436977,0.982274258015089,190.71316899393,0.365254413566532,0.420454545454545,0.693181818181818,88
"ISU_NiemiLab-NLH","13",1.07523157083479,1.2052993711073,110.198036755443,0.555803322572046,1.15282699808316,1.05559543295398,143.391019581526,0.653911472695611,0.364583333333333,0.666666666666667,96
"ISU_NiemiLab-NLH","15",3.01776428737118,1.1535607693041,14.510074164442,0.376711142343153,1.0476540402533,1.03469055970902,7.70105420451043,0.491026362451828,0.458333333333333,0.864583333333333,96
"ISU_NiemiLab-NLH","16",1.37876364692992,1.13897874236426,25.8666921208202,0.515973250680275,1.45789958391992,1.15757274354325,38.3806894231391,0.769935386193789,0.3125,0.802083333333333,96
"ISU_NiemiLab-NLH","17",1.18810314447498,1.36532260141401,67.5471188389547,0.506458520730532,1.1761841227428,1.5952535883419,98.893274033385,0.833942806478825,0.239583333333333,0.645833333333333,96
"ISU_NiemiLab-NLH","18",1.15185423759988,1.12802866178606,65.824587679027,0.437706194937638,1.16314559765638,1.10767195555192,97.8241239492215,0.639995952745244,0.197916666666667,0.8125,96
"ISU_NiemiLab-NLH","19",1.56017565577829,1.40238615543449,32.1797521643357,0.579475406567381,1.51835611040766,1.4263500518156,45.8570044388124,0.884560739270558,0.21875,0.739583333333333,96
"ISU_NiemiLab-NLH","20",1.47417806430683,1.1916177333142,27.1159400022327,0.466809069759728,1.38592573744104,1.26094292991816,37.1671917788612,0.708198015958955,0.385416666666667,0.947916666666667,96
"ISU_NiemiLab-NLH","21",1.1161093006275,0.962933140585163,40.7564903344892,0.376726849199344,1.12301292820332,1.06872424898423,61.0530107761107,0.59134953824895,0.229166666666667,0.833333333333333,96
"ISU_NiemiLab-NLH","22",0.773458894289727,1.2447293733261,29.5414840060807,0.464618551631887,0.792158585341757,1.17738329828027,40.7489604064666,0.62604516733762,0.354166666666667,0.625,96
"ISU_NiemiLab-NLH","23",1.25619475042961,1.00999987814042,12.632272780075,0.396095674515569,0.927108649094482,0.971121055806431,14.1031521663548,0.601348446753148,0.40625,0.9375,96
"ISU_NiemiLab-NLH","24",1.05884955935872,1.43370648484867,41.9488459564024,0.649918892975563,0.94671376709567,1.22411787207127,52.5851811981426,0.851625078641952,0.302083333333333,0.510416666666667,96
"ISU_NiemiLab-NLH","25",0.982965838744187,1.00273698933769,75.6117715892598,0.420368615860303,1.01828191505467,1.0981253400983,109.276660046857,0.625051517444784,0.1875,0.739583333333333,96
"ISU_NiemiLab-NLH","26",1.01281903621839,1.01548128936142,116.731812273833,0.465168586534131,1.02047268966064,1.03799770505687,165.894375944642,0.650901130516744,0.302083333333333,0.65625,96
"ISU_NiemiLab-NLH","27",1.2478632328973,1.13654347572667,28.2926520939639,0.447269062715965,1.2174725636594,1.13434918659071,41.5362502426987,0.665332352879298,0.3125,0.885416666666667,96
"ISU_NiemiLab-NLH","28",0.970595733196719,0.986482375693961,29.2141320595655,0.341386580950476,0.997404655987478,1.04649809941171,40.6149288052557,0.485251132656252,0.4375,0.833333333333333,96
"ISU_NiemiLab-NLH","29",1.08800719164657,1.13520720156119,59.9682595400173,0.434269619371723,1.11244622688316,1.22894788263251,89.60622115634,0.657707352822932,0.25,0.802083333333333,96
"ISU_NiemiLab-NLH","30",1.25174672791989,1.1139326969511,17.4581170285127,0.582588779671574,1.22943097795528,1.0559059554515,22.7756413447841,0.873595481660325,0.445652173913043,0.83695652173913,92
"ISU_NiemiLab-NLH","31",2.77331501616863,1.21234209134138,30.1848251761851,0.468222801449447,2.65774352740534,1.24579280178213,44.0625954768033,0.702973118466898,0.40625,0.864583333333333,96
"ISU_NiemiLab-NLH","32",0.875151138116467,1.10390232402954,14.8056712464599,0.395421533398992,0.824333905717885,1.06824935898793,20.589652263415,0.546245493322653,0.479166666666667,0.78125,96
"ISU_NiemiLab-NLH","33",1.11709444790489,1.13780717167277,7.65900532399391,0.450165777750376,0.964317637772567,0.964972374282112,10.1437376629326,0.617020795424434,0.552083333333333,0.864583333333333,96
"ISU_NiemiLab-NLH","34",0.923365481640513,1.02413193949012,72.1779943698674,0.403922860869906,0.85819952183354,0.948998020141542,92.438965934817,0.523888450621061,0.46875,0.760416666666667,96
"ISU_NiemiLab-NLH","35",1.11600631307527,0.998000430607016,28.8346436130112,0.453324042078442,1.13519244249869,0.969507950552294,40.2106440172866,0.611524122156185,0.458333333333333,0.84375,96
"ISU_NiemiLab-NLH","36",1.09583640972172,1.24248822105144,147.053282869838,0.48364529586378,1.02542414844594,1.20961627936467,195.659097059009,0.650736581532993,0.375,0.71875,96
"ISU_NiemiLab-NLH","37",1.24171840144349,1.47104906758242,135.995757641452,0.736582713298367,1.31999338741031,1.43412892598822,179.533792299363,1.03067825084821,0.229166666666667,0.59375,96
"ISU_NiemiLab-NLH","38",1.25021342441956,1.24832323807266,6.98993237137647,0.451487548223771,1.19953417026467,1.08581331136348,10.1944484216327,0.652020202525946,0.375,0.791666666666667,96
"ISU_NiemiLab-NLH","39",1.50542803100479,1.29506006557238,131.177413363526,0.572166777314509,1.55060485751228,1.34231290103116,187.072120075166,0.797929137057093,0.145833333333333,0.625,96
"ISU_NiemiLab-NLH","40",1.41667893960107,1.3125025233036,66.0873653213202,0.544297853304403,1.39724771721863,1.34558785526152,95.5454776952012,0.791232778516405,0.197916666666667,0.739583333333333,96
"ISU_NiemiLab-NLH","41",1.41443850952974,1.15508489259732,24.0302296121154,0.411837388355693,1.32616492795067,1.28262054236532,31.3739115816888,0.605200356406412,0.375,0.8125,96
"ISU_NiemiLab-NLH","42",1.09001350035223,1.1913905801388,106.031277404084,0.427516045931821,1.03808008162444,1.1580650359229,143.324773610135,0.569926449253449,0.291666666666667,0.583333333333333,96
"ISU_NiemiLab-NLH","44",2.12611146866109,1.2931223385091,13.1740778614279,0.499679833495573,1.69310668436973,1.27855675301062,15.0356308245492,0.773142623222864,0.375,0.885416666666667,96
"ISU_NiemiLab-NLH","45",0.926809836926146,1.10754304211675,60.7477124837624,0.453106685814996,1.01990909261091,1.1545066201506,82.368982333926,0.623396768876886,0.333333333333333,0.65625,96
"ISU_NiemiLab-NLH","46",1.09065596989694,1.28820071138338,9.01389772574799,0.53856194524441,1.03395712842319,1.18311292556264,12.8395351939676,0.783799023305692,0.385416666666667,0.791666666666667,96
"ISU_NiemiLab-NLH","47",0.645705557846728,0.634935447968176,33.4350390278751,0.20734781712046,0.709744329787923,0.690767899798009,52.0012203426011,0.309289706509376,0.572916666666667,0.916666666666667,96
"ISU_NiemiLab-NLH","48",1.80322058950533,1.8070746895065,310.418818643977,0.491742075846459,1.67305440405714,1.52386498557217,414.713007315301,0.647518656048707,0.21875,0.5,96
"ISU_NiemiLab-NLH","49",0.671132042606124,0.793612424444636,5.26325122903283,0.324087096686094,0.707498312140419,0.78440456926741,7.78487643338102,0.465729509832392,0.739583333333333,0.989583333333333,96
"ISU_NiemiLab-NLH","50",1.13127765360051,1.20466212283291,4.15570050061556,0.402087922245818,1.07841647869253,1.1235468665632,6.27057680321665,0.632883826459939,0.333333333333333,0.885416666666667,96
"ISU_NiemiLab-NLH","51",0.846939556881075,0.896694083867434,60.4473325162858,0.304372382610031,0.859327166667277,0.894878289732892,79.7577953770214,0.404331715973604,0.456521739130435,0.826086956521739,92
"ISU_NiemiLab-NLH","53",1.45641720960358,1.11881299203125,32.0835649486592,0.428479750319958,1.39480196606354,1.09696795380942,46.6401068360529,0.600612502899015,0.40625,0.8125,96
"ISU_NiemiLab-NLH","54",1.61920824501853,1.59553303096534,36.5408520042894,0.690237184445632,1.56403691710416,1.47159738966306,51.6417045560785,0.953234298799222,0.229166666666667,0.666666666666667,96
"ISU_NiemiLab-NLH","55",1.00415331214584,1.1867962295458,34.8481388001492,0.500962254315946,0.960606173351712,1.09914755001815,48.6868794345822,0.688429654318896,0.34375,0.760416666666667,96
"ISU_NiemiLab-NLH","56",2.07317517359465,1.3810599340659,18.2611552510869,0.632035298213582,1.29103456949589,1.37441691769742,16.125989277625,0.969026205711698,0.395833333333333,0.802083333333333,96
"ISU_NiemiLab-NLH","72",1.36581120208542,1.1845125686573,17.5281491604784,0.217904299858972,1.43481871687351,1.29213045067747,27.1710186788953,0.326317828196324,0.552083333333333,0.916666666666667,96
"ISU_NiemiLab-SIR","01",1.13566817125102,1.37399556022888,47.808427263699,0.49961759275864,1.10528385879519,1.28005990719085,65.3501326058265,0.695423701033165,0.291666666666667,0.583333333333333,72
"ISU_NiemiLab-SIR","02",1.12652771605142,1.27448439354545,4.90589208822015,0.461806224139606,1.13913093955699,1.29419376602089,7.58624415219884,0.69489538045937,0.388888888888889,0.875,72
"ISU_NiemiLab-SIR","04",0.978514465005322,1.30742424883177,143.732477829783,0.626824131653466,1.06507312248795,1.2613396377954,201.093198731669,0.752983691472373,0.375,0.666666666666667,72
"ISU_NiemiLab-SIR","05",1.60781710030216,1.51134591194554,58.8643056271762,0.595417143385219,1.44708070256399,1.47137023633598,73.5454556099695,0.78446883568746,0.194444444444444,0.430555555555556,72
"ISU_NiemiLab-SIR","06",1.06482855495585,1.44415827421286,217.631314878785,0.65157182370592,1.03436647688656,1.30408691360534,301.360203819221,0.743731630926712,0.472222222222222,0.694444444444444,72
"ISU_NiemiLab-SIR","08",1.05203509438605,1.10452554057897,43.0586607277956,0.42907810374189,0.96707757436757,0.968868116222345,59.4605040934143,0.549087965590028,0.305555555555556,0.694444444444444,72
"ISU_NiemiLab-SIR","09",1.51770377715264,1.79876767070887,43.4378526782624,0.719401860844632,1.35823482425433,1.60920548027567,59.0651668431659,0.973335677947208,0.194444444444444,0.444444444444444,72
"ISU_NiemiLab-SIR","10",1.28631539248431,1.69523942717628,9.0476298147366,0.701560828064958,1.21025157723405,1.59120880175023,12.3400719473113,1.00673462659366,0.347222222222222,0.75,72
"ISU_NiemiLab-SIR","11",1.10790463222308,1.52719692923531,9.69668642636739,0.73032706761191,1.09124259531509,1.39099034814112,13.4469948651386,1.06267881043518,0.166666666666667,0.666666666666667,72
"ISU_NiemiLab-SIR","12",0.561517498293811,0.661790851816408,41.5847432987981,0.1570737671547,0.271697326841542,0.268672164884098,31.2070791482661,0.0976904826788412,0.875,1,8
"ISU_NiemiLab-SIR","13",0.959659906581921,1.14495129927867,122.204176075183,0.574752834200288,1.01493968780991,1.00933083237892,157.210932044601,0.68523833220088,0.375,0.652777777777778,72
"ISU_NiemiLab-SIR","15",1.17667164940689,1.13512724769171,6.0619180128528,0.366676441927123,1.10404429003096,1.05197825477493,8.68897818404934,0.497348098874402,0.472222222222222,0.777777777777778,72
"ISU_NiemiLab-SIR","16",1.14856054010238,1.40643085601408,24.9340461901252,0.662178236719353,1.10221680775546,1.33548160898845,33.3753079250189,0.91813413754271,0.402777777777778,0.666666666666667,72
"ISU_NiemiLab-SIR","17",1.46977175980744,1.84965609045095,96.451917548513,0.711662600660155,1.35375265783075,1.71117962351791,132.333697196691,0.93348723082754,0.152777777777778,0.430555555555556,72
"ISU_NiemiLab-SIR","18",1.73681999585856,1.68743213983821,109.021881198226,0.603829946840864,1.56705684960088,1.52013575005762,143.580432708399,0.80659030936044,0.0972222222222222,0.402777777777778,72
"ISU_NiemiLab-SIR","19",1.54215875508546,1.98756567498246,34.5164204497616,0.80557005923371,1.42102143748644,1.79681916766095,46.8620844478541,1.09110159296932,0.152777777777778,0.430555555555556,72
"ISU_NiemiLab-SIR","20",1.30702478194792,1.56421238702325,24.7709844707831,0.620376408967951,1.31736081339293,1.60048501252976,36.5354085612494,0.908284426722018,0.208333333333333,0.555555555555556,72
"ISU_NiemiLab-SIR","21",1.39493143523996,1.52552205404822,58.7146336725738,0.61689107109004,1.21926327388538,1.44516468641825,76.5814566659547,0.827594796579442,0.166666666666667,0.513888888888889,72
"ISU_NiemiLab-SIR","22",0.872974465334234,1.00505046704148,39.4153799158229,0.366849996286106,0.887948169627196,0.948149396167682,54.3850114416286,0.493611032494751,0.319444444444444,0.625,72
"ISU_NiemiLab-SIR","23",1.06397294329605,1.32690786186933,10.8979346266528,0.506009413292779,1.0675495828064,1.31331622401486,15.6034628276761,0.761964178315787,0.291666666666667,0.736111111111111,72
"ISU_NiemiLab-SIR","24",1.12607218387639,1.70757935973153,54.7610776404131,0.816470515163556,1.07215301834349,1.50987667451819,72.6949341968901,1.09830260410946,0.0972222222222222,0.5,72
"ISU_NiemiLab-SIR","25",1.39079856743625,1.33897858708098,128.888852288352,0.615457746826153,1.26069471643422,1.27218090850767,162.50068622018,0.795709959421322,0.138888888888889,0.361111111111111,72
"ISU_NiemiLab-SIR","26",1.26507100503516,1.43952291852798,165.87369512179,0.666978391368507,1.22663877157938,1.42125559021223,224.897533204798,0.897553456269837,0.166666666666667,0.430555555555556,72
"ISU_NiemiLab-SIR","27",2.02561169228598,2.29252220945025,50.997655701292,0.899551025590519,1.77051614974619,2.01491187423615,66.7176486877196,1.17049426090595,0.152777777777778,0.305555555555556,72
"ISU_NiemiLab-SIR","28",0.77068688390488,0.80174570821444,27.6806966800935,0.292418554706199,0.735921479852688,0.77981385441935,35.8689236327278,0.381026634177982,0.472222222222222,0.833333333333333,72
"ISU_NiemiLab-SIR","29",1.47563717335035,1.65663721037376,92.5054657403843,0.654638339341454,1.3287435532078,1.58975178856986,121.966601785615,0.882789678101162,0.125,0.444444444444444,72
"ISU_NiemiLab-SIR","30",1.06702417649232,1.4328752382534,19.1209205269084,0.737928144636017,1.10437720770074,1.453753321448,25.8942873317465,1.15420955495754,0.333333333333333,0.722222222222222,72
"ISU_NiemiLab-SIR","31",1.59582763402953,1.57758517061539,20.5552820537828,0.668804254765826,1.35115294697423,1.42792133511984,26.2645939379361,0.880601500686472,0.305555555555556,0.583333333333333,72
"ISU_NiemiLab-SIR","32",1.34194255651925,1.48110185151268,27.8753640593285,0.584415777177177,1.24912777925937,1.40582752190123,39.0394649210102,0.807831128969701,0.125,0.611111111111111,72
"ISU_NiemiLab-SIR","33",1.36629642934805,1.36069667002292,11.0230890107534,0.562747808315452,1.20479284134529,1.12082794218608,14.7531805794559,0.749036882908815,0.444444444444444,0.736111111111111,72
"ISU_NiemiLab-SIR","34",1.14623101883984,1.33798218839419,107.528039141346,0.55774643563168,1.13487662853863,1.27637020118023,147.773057802727,0.746758329508613,0.277777777777778,0.611111111111111,72
"ISU_NiemiLab-SIR","35",1.51026024691689,1.41938401219375,49.1651509995173,0.687622501685997,1.4893607423861,1.46603476710167,65.8246110666411,0.973303322843105,0.236111111111111,0.736111111111111,72
"ISU_NiemiLab-SIR","36",1.52099573337096,1.94967098248798,246.673193687793,0.831440062114427,1.45524719956373,1.79682034978845,336.606333982616,1.06178914743862,0.0833333333333333,0.402777777777778,72
"ISU_NiemiLab-SIR","37",1.23196252550482,1.26013952526695,164.763875195642,0.655915455955298,1.33440725476361,1.13701970332572,222.630067651232,0.848307117431015,0.375,0.583333333333333,72
"ISU_NiemiLab-SIR","38",1.27364923142516,1.334642170081,7.81803380050679,0.502460952043548,1.16385141083125,1.1778047122423,10.3969382864891,0.715114388289264,0.416666666666667,0.694444444444444,72
"ISU_NiemiLab-SIR","39",1.7404620770479,1.8795841685545,170.769240580794,0.868046144217197,1.6060931853871,1.80666826861741,219.166183399195,1.13377349580043,0.125,0.291666666666667,72
"ISU_NiemiLab-SIR","40",1.14774028330871,1.63621714916053,63.0106203202505,0.704717328678243,1.15056340702454,1.96466752316841,90.8016352290326,1.17738056573547,0.0833333333333333,0.625,72
"ISU_NiemiLab-SIR","41",1.42853661149031,1.81476552639892,28.4018434444161,0.686793177830576,1.38365603725921,1.87903362709065,38.2502734435824,0.939728772218558,0.0972222222222222,0.513888888888889,72
"ISU_NiemiLab-SIR","42",1.25906277114507,1.33999875601701,148.992953383768,0.516470998674465,1.19460903052285,1.25452119880589,203.136884646649,0.668183589496971,0.263888888888889,0.5,72
"ISU_NiemiLab-SIR","44",1.42814044854407,1.67055860197663,10.8353495155017,0.728389458852485,1.38579945487585,1.55723276016124,15.1494038181156,1.06586038627334,0.138888888888889,0.611111111111111,72
"ISU_NiemiLab-SIR","45",1.00321033900894,1.06431397447283,80.2109799101854,0.466270368589276,1.05587302947489,1.0112665474887,104.308542139319,0.588801947326188,0.430555555555556,0.638888888888889,72
"ISU_NiemiLab-SIR","46",1.29558326101839,1.39807951893647,12.3311736377586,0.640731719456059,1.21079737634919,1.224122190498,17.32985456194,0.883249324114408,0.25,0.680555555555556,72
"ISU_NiemiLab-SIR","47",0.972671659700108,0.962002751130509,61.6003482828533,0.333122152733585,0.965583849016367,1.00734495607578,85.2468202239492,0.479687750845082,0.291666666666667,0.708333333333333,72
"ISU_NiemiLab-SIR","48",1.74048310102669,2.12092366823109,340.310643036306,0.571158248293614,1.55052844500498,1.78409799061328,439.924931976614,0.757932456010843,0.152777777777778,0.458333333333333,72
"ISU_NiemiLab-SIR","49",0.851559064918322,0.956837275857013,7.91331330457586,0.381033236780622,0.818241379841169,0.890774943862376,10.6825241448995,0.511175723466145,0.486111111111111,0.833333333333333,72
"ISU_NiemiLab-SIR","50",1.6485963779375,1.79897690395791,6.9260157469883,0.640033348641499,1.39003966794569,1.53738365965406,9.10377574416358,0.908915160985869,0.194444444444444,0.541666666666667,72
"ISU_NiemiLab-SIR","51",0.968288330807411,1.04112029814912,83.0182093935331,0.390642849797636,1.01483556082985,1.05610679253396,114.217618518689,0.532562912432799,0.319444444444444,0.666666666666667,72
"ISU_NiemiLab-SIR","53",1.20518975944849,1.1809394892112,29.3451057551881,0.412335621640048,1.13328355991891,1.13266058698787,42.2862707890114,0.577441228120753,0.361111111111111,0.777777777777778,72
"ISU_NiemiLab-SIR","54",1.55078466368307,1.88103563190401,38.5761069889175,0.814716606012177,1.45287291404856,1.72402916713415,52.2083552489287,1.10281952749853,0.194444444444444,0.597222222222222,72
"ISU_NiemiLab-SIR","55",1.29981290078333,1.65768763550891,49.1471546367267,0.663568919259266,1.29361212946151,1.55872017907621,71.5414206706013,0.915906980489085,0.152777777777778,0.652777777777778,72
"ISU_NiemiLab-SIR","56",0.883953226170506,1.23887116833378,9.06524129848097,0.59141576002342,0.951193800540387,1.24183309704748,13.6621144556886,0.902019196861323,0.458333333333333,0.805555555555556,72
"ISU_NiemiLab-SIR","72",1.3409873324909,1.59513733574475,18.1699036678426,0.314422205611554,1.41867020519553,1.67413126002462,28.3066607145869,0.450380637657644,0.458333333333333,0.875,72
"JHU_CSSE-CSSE_Ensemble","01",0.445075631536976,0.569208101119946,10.9430281713555,0.234508675068049,0.477694700537507,0.620329055198643,17.1930147058824,0.397680228359206,0.588235294117647,0.955882352941177,68
"JHU_CSSE-CSSE_Ensemble","02",1.12820486016439,0.987338545596772,2.16776310421995,0.307894568076101,1.06162071816149,0.951195017448929,3.20588235294118,0.443939102031351,0.5,0.867647058823529,68
"JHU_CSSE-CSSE_Ensemble","04",0.66474205788287,0.845848562467586,44.6502782068414,0.281977142493225,0.750405792352369,0.964642642112177,67.2735294117647,0.386619712504079,0.529411764705882,0.882352941176471,68
"JHU_CSSE-CSSE_Ensemble","05",1.11647438951111,0.924959016379128,38.2960010294118,0.406910270815283,1.17208219356208,0.9696320150674,58.9058823529412,0.587282434589305,0.279411764705882,0.764705882352941,68
"JHU_CSSE-CSSE_Ensemble","06",0.583886602791598,0.666856328964499,49.7202313677574,0.225624858722864,0.656219455216123,0.823202651717987,78.0930147058824,0.342604543086661,0.588235294117647,0.955882352941177,68
"JHU_CSSE-CSSE_Ensemble","08",0.84193781335001,0.846774556605538,18.9733419964834,0.233303110919503,0.852998469027992,0.839470702405374,29.5959558823529,0.343919549630282,0.470588235294118,0.911764705882353,68
"JHU_CSSE-CSSE_Ensemble","09",1.22997168816803,1.11980022009425,30.6735974280691,0.32953818337247,1.16170039659745,1.08586996134688,44.5323529411765,0.48443134311651,0.25,0.676470588235294,68
"JHU_CSSE-CSSE_Ensemble","10",1.04459686267949,0.929259461418234,4.67119637627877,0.284612564598406,1.05036280841258,0.863715778592571,7.23970588235294,0.424961724037729,0.470588235294118,0.926470588235294,68
"JHU_CSSE-CSSE_Ensemble","12",0.645820218412626,0.706785224548501,55.257831202046,0.140313736453017,0.688103173650891,0.71888341505565,87.4448529411765,0.216247249527869,0.529411764705882,0.955882352941177,68
"JHU_CSSE-CSSE_Ensemble","13",0.518402904749649,0.869706586182201,24.4545484072707,0.318687173734499,0.634297066403499,0.987241404426387,38.2882352941176,0.505650668780902,0.558823529411765,0.955882352941177,68
"JHU_CSSE-CSSE_Ensemble","15",1.00559304026626,0.93271990687515,4.34389148177749,0.337407631633287,0.984136795752203,0.924468441230263,6.46985294117647,0.494514372402425,0.455882352941176,0.852941176470588,68
"JHU_CSSE-CSSE_Ensemble","16",0.719327551484966,0.891124459397273,10.6500945460358,0.449135288798633,0.743229557544929,0.895320497775727,16.7341911764706,0.679195468003314,0.323529411764706,0.852941176470588,68
"JHU_CSSE-CSSE_Ensemble","17",0.878813985066231,0.772413848651557,40.9179758615729,0.277860884246613,0.902902399664637,0.836958888420982,62.8676470588235,0.431732074359731,0.308823529411765,0.779411764705882,68
"JHU_CSSE-CSSE_Ensemble","18",1.17679558319782,1.08615637504983,60.507787386509,0.355672073672988,1.10980222970803,1.08013078924578,86.2047794117647,0.540654481863772,0.308823529411765,0.735294117647059,68
"JHU_CSSE-CSSE_Ensemble","19",1.16163301802449,1.02019172859289,27.1185759782609,0.412690843336367,1.11475126463809,0.952402589237563,38.7632352941176,0.579522775034146,0.235294117647059,0.632352941176471,68
"JHU_CSSE-CSSE_Ensemble","20",1.16061925085765,0.959816635725044,23.8022666879795,0.380006160141179,1.12063651312474,1.00271246457865,34.0014705882353,0.57519165401195,0.338235294117647,0.75,68
"JHU_CSSE-CSSE_Ensemble","21",0.9248335735888,0.767040090226881,32.994675278133,0.310619573697269,0.923359641986212,0.845099276171819,51.2713235294118,0.510902997683949,0.382352941176471,0.897058823529412,68
"JHU_CSSE-CSSE_Ensemble","22",0.434457059431125,0.697094545644268,9.90224301447621,0.24524523265017,0.502419070775248,0.710966297352003,15.7044117647059,0.362919435342239,0.588235294117647,0.985294117647059,68
"JHU_CSSE-CSSE_Ensemble","23",1.29231644818619,1.11309364163708,12.5019706609854,0.332407391713312,1.18227540717333,1.05168516569277,17.3441176470588,0.489997573015096,0.441176470588235,0.75,68
"JHU_CSSE-CSSE_Ensemble","24",0.744526383170211,0.682942417048742,24.509257727924,0.317418540497219,0.775652856405436,0.703936260538409,37.4433823529412,0.509916862307974,0.352941176470588,0.838235294117647,68
"JHU_CSSE-CSSE_Ensemble","25",1.23098454135339,1.11518113593365,90.8817640063699,0.344725599633471,1.13432357791394,1.09666949266583,122.467307692308,0.479636755465709,0.153846153846154,0.6,68
"JHU_CSSE-CSSE_Ensemble","26",1.08712553587982,1.12454855706035,155.964721819373,0.470813255039155,1.0392821583284,1.17375027599241,211.839705882353,0.689472041792823,0.176470588235294,0.558823529411765,68
"JHU_CSSE-CSSE_Ensemble","27",1.20548631912901,0.944318092226261,25.7867401354515,0.344229746435802,1.1432455033392,0.935971324601669,37.2476923076923,0.496175557295933,0.307692307692308,0.753846153846154,68
"JHU_CSSE-CSSE_Ensemble","28",0.537325771365754,0.706769543845892,9.99304599904092,0.19800289523293,0.606454746066125,0.771411632270006,15.6838235294118,0.286700162266316,0.617647058823529,1,68
"JHU_CSSE-CSSE_Ensemble","29",1.09713591005839,0.93374090549337,66.8391574504476,0.339814624954361,1.03880603249038,0.966393323156942,94.6525735294118,0.508216663073668,0.176470588235294,0.661764705882353,68
"JHU_CSSE-CSSE_Ensemble","30",1.08768020172756,1.06533787516542,12.5665125844039,0.459808963140446,1.10512626271391,1.01357944312252,18.4636029411765,0.714520636469061,0.338235294117647,0.676470588235294,68
"JHU_CSSE-CSSE_Ensemble","31",1.18769608697669,1.05728236392298,14.2892893526215,0.436042344551374,1.10316996246336,1.07505100656115,21.1242647058824,0.666482407571978,0.279411764705882,0.735294117647059,68
"JHU_CSSE-CSSE_Ensemble","32",0.548377080343703,0.697837441004608,6.96615440377238,0.2900778598616,0.591866103396059,0.786457054483952,11.1926470588235,0.462836705613278,0.5,0.955882352941177,68
"JHU_CSSE-CSSE_Ensemble","33",0.98292752752396,0.922403048284213,5.5493264769821,0.313071189689818,0.929445029623119,0.860619888712287,8.44191176470588,0.485044572708556,0.426470588235294,0.911764705882353,68
"JHU_CSSE-CSSE_Ensemble","34",0.787772851917808,0.776051742165494,41.3265817806905,0.199334239901506,0.817925124722812,0.803562208419816,63.1643382352941,0.295929628361564,0.455882352941176,0.867647058823529,68
"JHU_CSSE-CSSE_Ensemble","35",0.65874763247922,0.786054055602304,9.97801059143223,0.244825916758283,0.733226439710339,0.879788987177541,16.0161764705882,0.379679034776362,0.426470588235294,0.941176470588235,68
"JHU_CSSE-CSSE_Ensemble","36",0.986272469853494,0.880375576344399,108.05347847313,0.279906925303864,0.953168215552835,0.881715212355728,156.976102941176,0.403881976415319,0.25,0.794117647058823,68
"JHU_CSSE-CSSE_Ensemble","37",0.416289077300799,0.584592735213752,21.7071814788164,0.293674304716662,0.506087639779538,0.610194147192851,34.4099264705882,0.45304766545085,0.558823529411765,1,68
"JHU_CSSE-CSSE_Ensemble","38",1.02672430691857,0.917297415039079,4.78957803548593,0.270368571899323,0.94726153802366,0.854333323661081,6.97242647058824,0.427554615880465,0.544117647058823,0.941176470588235,68
"JHU_CSSE-CSSE_Ensemble","39",1.1230286884896,1.01731062653076,96.4071924728261,0.429941500508058,1.14929468704033,1.07058813232369,141.188235294118,0.63281685725726,0.0882352941176471,0.617647058823529,68
"JHU_CSSE-CSSE_Ensemble","40",1.12441110689217,0.996089945445891,63.7718085517903,0.408611958022214,1.02217620272571,1.05402006193117,85.3768382352941,0.625786562357276,0.411764705882353,0.705882352941177,68
"JHU_CSSE-CSSE_Ensemble","41",1.02128664096893,1.02212531877264,14.383104120844,0.27343653053797,1.10053231941596,1.15855664891218,21.7338235294118,0.400755086980323,0.411764705882353,0.823529411764706,68
"JHU_CSSE-CSSE_Ensemble","42",1.04291961117639,0.919353788216896,77.5430829971228,0.247174542005518,1.04431280558774,0.993430176396888,113.671323529412,0.366069363565437,0.323529411764706,0.779411764705882,68
"JHU_CSSE-CSSE_Ensemble","44",0.97412316728895,0.929789853184876,5.31683949968031,0.290567725659635,0.9618547089548,0.91314489147315,7.97720588235294,0.45744081368657,0.426470588235294,0.852941176470588,68
"JHU_CSSE-CSSE_Ensemble","45",0.48305441015096,0.573060851249728,15.0962623737212,0.170214253812824,0.585889385690189,0.63538546352701,23.2658088235294,0.244491859779375,0.588235294117647,0.985294117647059,68
"JHU_CSSE-CSSE_Ensemble","46",1.25975043916053,1.11926205947364,10.7195374440537,0.489150892808769,1.18697694305818,1.04314587624552,16.0029411764706,0.731407771575772,0.264705882352941,0.764705882352941,68
"JHU_CSSE-CSSE_Ensemble","47",0.599634859330022,0.715488915958096,23.5175954331841,0.223566190170619,0.647955889520834,0.744472601698062,36.5922794117647,0.326915710911244,0.544117647058823,0.970588235294118,68
"JHU_CSSE-CSSE_Ensemble","48",1.04716343059382,1.13522070243814,138.063355533887,0.522508199530759,1.02950814514752,1.02671771233932,198.087132352941,0.694528660704816,0.382352941176471,0.735294117647059,68
"JHU_CSSE-CSSE_Ensemble","49",0.833400790772004,0.976563739046562,3.96552639226343,0.38097001813541,0.922576340538468,1.05248054791496,6.40147058823529,0.622442518974456,0.602941176470588,0.985294117647059,68
"JHU_CSSE-CSSE_Ensemble","50",1.06154419375911,1.00696351805452,4.29735258152174,0.335103040463737,1.01639715517222,0.955251656503627,6.70808823529412,0.527012588764162,0.382352941176471,0.852941176470588,68
"JHU_CSSE-CSSE_Ensemble","51",0.599930755944313,0.715605692343893,25.640061174023,0.19569546995523,0.683644910761498,0.796516472328016,40.9830882352941,0.293100846800726,0.544117647058823,0.970588235294118,68
"JHU_CSSE-CSSE_Ensemble","53",0.76302357502622,0.783278615721164,11.6723292295396,0.198871423563571,0.794936761780183,0.830182254082538,18.0691176470588,0.295437477045056,0.647058823529412,0.970588235294118,68
"JHU_CSSE-CSSE_Ensemble","54",1.06241350966824,0.826150174780299,23.8817114242327,0.375364248053402,1.09362456443502,0.899107980325821,37.3790441176471,0.631085127707357,0.323529411764706,0.808823529411765,68
"JHU_CSSE-CSSE_Ensemble","55",0.978109026657081,0.856918218104321,29.7444853532609,0.305296797679915,0.961636145930168,0.846725630122001,44.4349264705882,0.464419440740174,0.279411764705882,0.794117647058823,68
"JHU_CSSE-CSSE_Ensemble","56",0.834609974857844,0.951738868633769,5.7548899584399,0.348692208880136,0.894367271360324,0.962217582915858,8.92904411764706,0.553854056321585,0.411764705882353,0.838235294117647,68
"LUcompUncertLab-chimera","01",1.09638298231714,1.03188156917554,40.470167149341,0.390061320078827,1.15943730639101,0.928110910826608,60.5742132969643,0.523013464378739,0.463636363636364,0.736363636363636,110
"LUcompUncertLab-chimera","02",1.42472517851017,1.74998720676875,5.33878295077312,0.642558267762419,1.35917852719288,2.10717070488086,7.70842650692323,1.14519458628434,0.372727272727273,0.854545454545454,110
"LUcompUncertLab-chimera","04",0.785019646944723,1.17927217395851,100.941581050974,0.51187825280021,0.956346189914381,1.28579516081346,161.56481381637,0.69917853324094,0.381818181818182,0.872727272727273,110
"LUcompUncertLab-chimera","05",0.877882118579676,0.855912105025185,29.6496487411034,0.343126745585491,0.800559443753399,0.775330287244133,37.436658268837,0.423462566707892,0.454545454545455,0.863636363636364,110
"LUcompUncertLab-chimera","06",1.05311867538536,1.31731688751153,188.29160596773,0.519258471729203,1.02450223322759,1.1604096665222,263.727642705032,0.577763152146755,0.472727272727273,0.890909090909091,110
"LUcompUncertLab-chimera","08",0.896168271457959,1.03808251496994,30.2501997102839,0.347167777498242,0.889342967182499,0.87756413448604,45.0677374566559,0.428061918927873,0.481818181818182,0.827272727272727,110
"LUcompUncertLab-chimera","09",1.28253014388058,1.12453408262156,31.9846156444638,0.392333971410794,1.31555418896418,0.998607907596252,49.4553578453987,0.520853644859759,0.427272727272727,0.9,110
"LUcompUncertLab-chimera","10",1.15141487958797,1.32176376214464,7.34398443556471,0.514162537897014,1.08533763240602,1.26542225430694,10.0423889685538,0.747184815853951,0.436363636363636,0.836363636363636,110
"LUcompUncertLab-chimera","11",1.24673149865886,1.20572208111874,9.4499975137289,0.512474945142432,1.23088103383624,1.06388321040555,13.1872906732694,0.730603653423579,0.418181818181818,0.781818181818182,110
"LUcompUncertLab-chimera","12",1.10940716374014,1.67705662058794,136.732977763375,0.370734522102794,1.01188529346238,1.0358324387979,184.479152468251,0.352664726795651,0.509090909090909,0.772727272727273,110
"LUcompUncertLab-chimera","13",0.82544932085335,0.980927238298359,90.1529052852896,0.421037145383063,0.792803403348013,0.660221517080366,108.44672790702,0.388723142457299,0.654545454545455,0.772727272727273,110
"LUcompUncertLab-chimera","15",0.96262247093869,1.03421968514487,4.3710439451345,0.316486302593168,0.961107615561085,1.03403025121429,6.61651932419827,0.457593863622959,0.509090909090909,0.872727272727273,110
"LUcompUncertLab-chimera","16",0.995495086313413,1.07262082139205,18.7490229785384,0.499124016553168,0.947873375673767,0.983154744931335,25.4298549928831,0.671280545580358,0.545454545454545,0.836363636363636,110
"LUcompUncertLab-chimera","17",0.880986707351113,0.966856375876154,52.0482648637203,0.357480114009476,0.949825335467462,0.854933919827116,83.923997185935,0.445860248532457,0.5,0.9,110
"LUcompUncertLab-chimera","18",0.917003022775557,0.815483412177128,52.46751277316,0.286410222216451,0.990468978039116,0.710878877827432,83.1356320096013,0.375461852679335,0.381818181818182,0.881818181818182,110
"LUcompUncertLab-chimera","19",0.917109035100305,0.894594540404905,19.5318962286944,0.373101437768892,0.94021678046316,0.857430480358422,29.363448813442,0.532515533099642,0.372727272727273,0.845454545454545,110
"LUcompUncertLab-chimera","20",1.04990146765542,1.06365556987041,20.0038764775556,0.418828978011578,1.04136829027307,0.920832907947711,29.0269316777826,0.521386314071838,0.563636363636364,0.863636363636364,110
"LUcompUncertLab-chimera","21",0.965746637105361,0.971214463403022,35.5904452522645,0.385898947758338,0.939504984981664,0.796704340382217,51.4650908050397,0.451890885426587,0.509090909090909,0.9,110
"LUcompUncertLab-chimera","22",0.721770424800375,0.984864163703349,29.2825866722477,0.358805079371771,0.882985176056562,0.779690630265609,48.8467554271429,0.404216644118072,0.618181818181818,0.918181818181818,110
"LUcompUncertLab-chimera","23",1.31848428504084,1.17988928200701,12.9349289827159,0.447143421579127,1.28249315370359,1.10385302425529,18.9515608001021,0.654558708499218,0.427272727272727,0.809090909090909,110
"LUcompUncertLab-chimera","24",1.07458303975503,1.12469237966551,44.2275969258721,0.50596771465424,1.09183549410778,0.933353688237342,63.4979214957552,0.648070732480156,0.381818181818182,0.745454545454545,110
"LUcompUncertLab-chimera","25",0.983569509458336,0.865067275478325,80.0782555168252,0.34960938686937,0.984032799676941,0.848635680360854,110.767650780171,0.464973378601111,0.481818181818182,0.863636363636364,110
"LUcompUncertLab-chimera","26",0.887374291830052,0.972645718482241,103.255153467943,0.412055525110609,1.01216169176817,0.930107581972964,164.635702083415,0.540396290794401,0.336363636363636,0.872727272727273,110
"LUcompUncertLab-chimera","27",1.34407996760409,1.13960197164698,29.3986332547704,0.462025995042487,1.32228684746946,1.01183515738199,43.7173662097282,0.601893985370369,0.4,0.827272727272727,110
"LUcompUncertLab-chimera","28",0.869422040090277,1.1358367210634,28.3140198015773,0.395797131829832,0.912207249280575,0.874001289713657,40.2149893077878,0.405018210364981,0.654545454545455,0.854545454545454,110
"LUcompUncertLab-chimera","29",1.0322738779276,1.11870875440154,56.20490549761,0.411745404493885,1.01312324983429,0.903137386120803,80.8395617384437,0.472359337174962,0.427272727272727,0.763636363636364,110
"LUcompUncertLab-chimera","30",0.892228576413792,1.08893873816164,14.3796849037401,0.559283077187047,0.981766252468326,1.0121672667608,21.259183477895,0.821635050981008,0.490909090909091,0.818181818181818,110
"LUcompUncertLab-chimera","31",1.10923053688575,1.00482911816457,12.4749794592426,0.42134056752595,1.08368059315728,0.99744805694929,18.5623290541407,0.609174110613833,0.4,0.772727272727273,110
"LUcompUncertLab-chimera","32",0.97246892643574,1.22583757417702,18.2420713716555,0.459400582500826,1.01511328338831,1.12457467505883,28.8156378579141,0.604837456432473,0.445454545454545,0.790909090909091,110
"LUcompUncertLab-chimera","33",1.32948279352457,1.29861427180678,8.91686934619071,0.506338932001855,1.30643937586362,1.19900455127276,13.3784755948948,0.756874109546388,0.454545454545455,0.863636363636364,110
"LUcompUncertLab-chimera","34",0.839630234749635,0.964101613477401,67.4305825681594,0.367396060334157,0.892063729151456,0.772792223288137,99.8174478170425,0.412176926288713,0.436363636363636,0.818181818181818,110
"LUcompUncertLab-chimera","35",1.17216166637858,1.23561522422103,31.4158818360424,0.524584734897488,1.18323020285057,1.32295371848993,44.0214221320157,0.782871654719938,0.490909090909091,0.827272727272727,110
"LUcompUncertLab-chimera","36",0.953319840625952,1.15175027201244,128.383628189673,0.416199580027415,0.990436784346046,0.990735725942265,189.512617257852,0.492960756589746,0.454545454545455,0.872727272727273,110
"LUcompUncertLab-chimera","37",0.889755872598267,0.999673217680629,102.962144346429,0.499264156261165,1.13333485451757,0.911002915402091,166.028017574667,0.654106838658892,0.509090909090909,0.8,110
"LUcompUncertLab-chimera","38",0.978959983831263,1.06296560110825,5.80734328784435,0.387265626198944,1.01508498013502,0.972871110251646,9.05047010590474,0.587490221257853,0.427272727272727,0.872727272727273,110
"LUcompUncertLab-chimera","39",0.935573777792277,1.13033418694022,78.068702039428,0.476386257055873,0.952514495496098,0.872010424551951,109.541411108979,0.496184585789397,0.481818181818182,0.827272727272727,110
"LUcompUncertLab-chimera","40",1.01904113510156,0.931275726921965,49.7492143384409,0.392214864928933,1.03006031942355,0.832324604715389,73.269726318216,0.497335042386395,0.509090909090909,0.845454545454545,110
"LUcompUncertLab-chimera","41",1.26507879943148,1.29577947244083,21.3457711866713,0.440476874517342,1.21690985247404,1.13412493063712,28.8602717322776,0.514210486120919,0.518181818181818,0.818181818181818,110
"LUcompUncertLab-chimera","42",0.981080482141899,1.07046000694834,100.340655638153,0.362036585712655,1.00993959928234,0.892206272782004,146.007120082873,0.410955299954083,0.554545454545455,0.872727272727273,110
"LUcompUncertLab-chimera","44",1.01160909150955,1.12564653542072,6.21688929166831,0.428728879300204,1.00716234201684,0.950635336727218,8.97959715429438,0.567306110282429,0.636363636363636,0.918181818181818,110
"LUcompUncertLab-chimera","45",0.87741591824137,1.29621637956066,59.7899955473454,0.494835163382972,1.06432984285551,1.00056064206506,91.0501118392345,0.511283140924475,0.5,0.845454545454545,110
"LUcompUncertLab-chimera","46",1.12047359086496,1.32175184280689,9.6053474912943,0.577629975155795,1.05102252870015,1.08301867421538,13.5528162528317,0.751294263580678,0.445454545454545,0.881818181818182,110
"LUcompUncertLab-chimera","47",0.938701752648793,0.954309058903147,51.7248174143964,0.315065216476864,0.967578941613228,0.826984647062811,74.77751241519,0.377601600979147,0.581818181818182,0.854545454545454,110
"LUcompUncertLab-chimera","48",1.01277733120879,1.1105924139502,182.21860487368,0.35574626320442,0.975002675325411,0.835548197979544,252.009883071399,0.409482878927676,0.345454545454545,0.890909090909091,110
"LUcompUncertLab-chimera","49",1.06391453780845,1.06287626788203,8.96876439217214,0.435419403501056,1.10478499101288,1.11552037040064,13.1873101651198,0.672190463070399,0.445454545454545,0.863636363636364,110
"LUcompUncertLab-chimera","50",0.722410624624407,0.915921839924955,2.68998471946966,0.314761650626392,0.689714330513169,0.822059313509325,4.09154453419786,0.472482109417417,0.618181818181818,0.936363636363636,110
"LUcompUncertLab-chimera","51",1.34620306398736,1.46352109060512,98.9320236607801,0.485144019074682,1.38534760433313,0.989470990009059,133.971686313908,0.434829859617811,0.572727272727273,0.845454545454545,110
"LUcompUncertLab-chimera","53",1.14055439870089,1.16429387956092,25.6764763714067,0.39915334155091,1.16576398162295,1.11589802792002,40.1880048261584,0.550450563044071,0.463636363636364,0.854545454545454,110
"LUcompUncertLab-chimera","54",1.05155008507115,1.00909497590625,24.5492232035422,0.462858954944412,1.00593058618008,0.927099505576568,33.9704704295947,0.637453907757315,0.390909090909091,0.827272727272727,110
"LUcompUncertLab-chimera","55",0.995948656436504,0.950613308977763,34.9212480390759,0.385706758790557,1.03907487452669,0.865656980148471,53.5934022202856,0.529548626924855,0.409090909090909,0.854545454545454,110
"LUcompUncertLab-chimera","56",0.861673957690065,1.06391955264355,8.14805529852993,0.472272868205312,0.849893751541554,1.03494197792089,11.3144234348667,0.713081886460608,0.581818181818182,0.909090909090909,110
"LUcompUncertLab-chimera","72",2.24200077019235,2.62841799904128,25.9000430533288,0.472410686216562,1.9901691259969,2.12554517763689,33.6729831541586,0.520902625104266,0.445454545454545,0.727272727272727,110
"LosAlamos_NAU-CModel_Flu","01",1.81697322230878,1.44142394321574,68.4939669777701,0.591087956880606,1.62010735361279,1.26455464690972,86.3679096784035,0.788344866640953,0.133928571428571,0.4375,112
"LosAlamos_NAU-CModel_Flu","02",2.34960278026061,1.94062776490005,10.0971291355938,0.730355959878363,1.89866598562816,1.77295952901364,12.3017699140267,0.979390738493638,0.214285714285714,0.535714285714286,112
"LosAlamos_NAU-CModel_Flu","04",2.20965598971269,1.373899659204,284.8528439124,0.63357050406345,2.07588506774127,1.37448322346472,347.212041422442,0.787581114596367,0.107142857142857,0.392857142857143,112
"LosAlamos_NAU-CModel_Flu","05",2.14027457343597,1.38382858981936,74.9878115683725,0.655856511571293,1.83026390337437,1.21113517542373,88.3337285779838,0.769939596765784,0.0892857142857143,0.285714285714286,112
"LosAlamos_NAU-CModel_Flu","06",2.07348010997488,1.37002712728631,388.739599779673,0.610183285714447,1.76509175828811,1.43186359127504,470.129072249633,0.806029092925151,0.214285714285714,0.5,112
"LosAlamos_NAU-CModel_Flu","08",2.66182763105176,1.34298592427399,92.421332450736,0.481621794262837,2.23370704726756,1.18203925190968,116.21463308379,0.620743548810558,0.178571428571429,0.464285714285714,112
"LosAlamos_NAU-CModel_Flu","09",2.90186495036844,1.75392859454583,75.5922821472493,0.677104852381524,2.38193788978351,1.44027972400449,92.860906559908,0.830401320330498,0.133928571428571,0.3125,112
"LosAlamos_NAU-CModel_Flu","10",2.16731207865744,1.62776676454537,14.6543837605359,0.657551206690849,1.82652574611868,1.41059806991141,17.7725317664772,0.865710824492436,0.267857142857143,0.482142857142857,112
"LosAlamos_NAU-CModel_Flu","11",2.84661331889353,1.62764555046429,23.325190508102,0.750023458587686,2.72840435320608,1.3957044988044,31.182408197324,1.02611651591714,0.1875,0.508928571428571,112
"LosAlamos_NAU-CModel_Flu","12",1.29249544816995,1.18987852727819,171.146293240397,0.287792131461757,1.06005138171406,0.942858445228181,207.885913443527,0.34880971234665,0.348214285714286,0.517857142857143,112
"LosAlamos_NAU-CModel_Flu","13",1.87405812658079,1.18236173595292,210.494032410014,0.575525428617294,1.80296680876651,1.04189546817133,248.075818515548,0.692503449615781,0.142857142857143,0.4375,112
"LosAlamos_NAU-CModel_Flu","15",1.33446727709878,1.08606222333465,6.29635479569881,0.35007998386966,1.1800687609732,1.02234138269399,8.4744116078064,0.480729646596959,0.196428571428571,0.669642857142857,112
"LosAlamos_NAU-CModel_Flu","16",3.64274536664811,1.73831366244619,76.7826451653378,0.932654821535032,3.20885553859492,1.39017761530106,96.6856068051102,1.10051404896049,0.116071428571429,0.294642857142857,112
"LosAlamos_NAU-CModel_Flu","17",3.04786390201245,1.652412200675,192.753139730401,0.690381525983845,2.42318586695166,1.34078038700983,227.718131257386,0.795293153637358,0.169642857142857,0.25,112
"LosAlamos_NAU-CModel_Flu","18",2.24607961256709,1.40013511311058,124.99491158553,0.519191250902318,1.96344178254563,1.16270385843707,160.721781905706,0.645249877099354,0.0357142857142857,0.258928571428571,112
"LosAlamos_NAU-CModel_Flu","19",2.07989932259632,1.51654170830327,44.7468263069399,0.682879380232823,1.76877018019579,1.23238841163151,56.0227637624923,0.83267990824556,0.0714285714285714,0.258928571428571,112
"LosAlamos_NAU-CModel_Flu","20",1.70663502327261,1.10532545905984,33.0658025626361,0.472652367750966,1.62595630654439,1.05788355212325,46.0361748715018,0.648138286822356,0.214285714285714,0.508928571428571,112
"LosAlamos_NAU-CModel_Flu","21",2.32000166322891,1.59522761359704,84.8031726303792,0.677184105774461,1.8910624098248,1.30619550015502,103.181480773935,0.794869378348033,0.0892857142857143,0.258928571428571,112
"LosAlamos_NAU-CModel_Flu","22",1.95009854732849,1.23797974315531,80.9485240228476,0.466696830217575,1.7725577412568,1.13700343577514,99.5663022799869,0.616911246076482,0.258928571428571,0.571428571428571,112
"LosAlamos_NAU-CModel_Flu","23",1.48660528811499,1.08889848984255,14.4150369492909,0.418090381314732,1.42325594541774,0.985085898120478,20.7506862122745,0.590967538516552,0.303571428571429,0.678571428571429,112
"LosAlamos_NAU-CModel_Flu","24",2.73945375154626,1.92492279107056,117.845060580963,0.983738665493701,2.3393200059973,1.5188383284265,141.624246552567,1.19013533141386,0.107142857142857,0.232142857142857,112
"LosAlamos_NAU-CModel_Flu","25",2.63225246370863,1.55057807057415,215.837857874215,0.640877292958408,2.24200065567181,1.34524737848261,257.098590834118,0.759438294911,0.0642201834862385,0.220183486238532,112
"LosAlamos_NAU-CModel_Flu","26",2.25745164794211,1.51047550698223,266.090231179392,0.684561657105201,2.03164682448106,1.33268331849875,335.946201253543,0.830024293282763,0.101851851851852,0.231481481481481,108
"LosAlamos_NAU-CModel_Flu","27",3.28614069178245,1.69086909372327,76.3685893995566,0.705418497495556,2.63522451731205,1.3886703189774,91.9619028329044,0.850344147270802,0.110091743119266,0.403669724770642,112
"LosAlamos_NAU-CModel_Flu","28",1.81731040561706,1.26968514290415,59.9806650717229,0.451312748964306,1.67234572530191,1.23766616808324,74.2891117930246,0.589244612169795,0.151785714285714,0.544642857142857,112
"LosAlamos_NAU-CModel_Flu","29",2.35839180715891,1.64929196398731,131.444282586977,0.641448810383624,1.97768294699071,1.41269646952578,161.379446544362,0.779499570562595,0.0357142857142857,0.205357142857143,112
"LosAlamos_NAU-CModel_Flu","30",3.02061422957589,1.29302173209298,48.0013484507328,0.67622702687637,2.7028088741164,1.09340567793739,57.293756590184,0.903203963232319,0.285714285714286,0.508928571428571,112
"LosAlamos_NAU-CModel_Flu","31",2.15210027606116,1.66840495948767,25.0734973413098,0.736433032880332,1.80742415025895,1.4068481422167,31.8027441266925,0.90369768987833,0.133928571428571,0.3125,112
"LosAlamos_NAU-CModel_Flu","32",2.20001023371894,4.10369935563382,42.8789745425919,1.73717157428812,1.56554096075675,3.06200085967467,45.4654683140806,1.86153576049009,0.0892857142857143,0.1875,112
"LosAlamos_NAU-CModel_Flu","33",4.03105227754343,2.05108432600467,29.4905348678576,0.881400043159795,3.39247415133311,1.57925682597528,37.6479589694773,1.09663143249994,0.214285714285714,0.455357142857143,112
"LosAlamos_NAU-CModel_Flu","34",3.28580277777095,1.29100417775717,278.666072234818,0.522107784393142,2.859169279579,1.14468514589796,333.731427600681,0.645319920816613,0.25,0.464285714285714,112
"LosAlamos_NAU-CModel_Flu","35",4.97132985142887,1.65877684426426,146.235539295242,0.745747978729851,4.62928417336871,1.51682500034689,184.395369386236,0.938069132019127,0.1875,0.392857142857143,112
"LosAlamos_NAU-CModel_Flu","36",3.49500102168412,1.6477545743508,498.847807360149,0.665463319895452,3.00659078283676,1.3683994427184,611.48581053472,0.76623409412731,0.107142857142857,0.232142857142857,112
"LosAlamos_NAU-CModel_Flu","37",2.63134194459983,1.5075677545771,319.878245312908,0.84328400664613,2.63035202576007,1.34617277982426,397.019011688211,1.08634813665517,0.116071428571429,0.464285714285714,112
"LosAlamos_NAU-CModel_Flu","38",2.2431506661465,1.42386275801352,12.7361884875339,0.5562855327472,1.89296552087242,1.1540240677337,16.6247650628099,0.744045632716725,0.169642857142857,0.526785714285714,112
"LosAlamos_NAU-CModel_Flu","39",2.97579063075137,1.51614257606589,257.165232713993,0.70683050532126,2.62805728330484,1.30329293908085,314.918292044567,0.825151081177595,0.0803571428571429,0.267857142857143,112
"LosAlamos_NAU-CModel_Flu","40",1.30359861944287,0.853837405466119,60.3217181493918,0.360758678278805,1.10188229552448,0.798516698030097,74.0644689618431,0.481683368090329,0.258928571428571,0.598214285714286,112
"LosAlamos_NAU-CModel_Flu","41",2.8295662752878,1.40528301011003,50.0841429331742,0.487865738947159,2.53330223371118,1.34453025757062,62.7193639293852,0.620075413040692,0.1875,0.383928571428571,112
"LosAlamos_NAU-CModel_Flu","42",3.04639834784093,1.79086255740005,323.785170374707,0.638014915865544,2.5827021317016,1.56572574290418,388.509625452971,0.760413509125299,0.0625,0.241071428571429,112
"LosAlamos_NAU-CModel_Flu","44",7.15094253573867,2.11478880064685,49.321167548382,0.863864258404307,5.5728372815312,1.71893152498181,54.9317502729527,1.1057774592017,0.294642857142857,0.544642857142857,112
"LosAlamos_NAU-CModel_Flu","45",2.28407874444866,1.4071044628253,162.087163424351,0.567839439614081,2.21963039991524,1.30374275467364,194.023571793338,0.693439018740014,0.223214285714286,0.517857142857143,112
"LosAlamos_NAU-CModel_Flu","46",3.64869633993065,2.07552295812303,32.6747425359915,0.97536366161771,3.07704853736788,1.58606778825068,41.9377565023467,1.18366401367897,0.125,0.339285714285714,112
"LosAlamos_NAU-CModel_Flu","47",2.33668508761024,1.28289527554617,133.027541077212,0.456644503705539,1.97020730794056,1.14876615241898,156.343475688174,0.563876468405787,0.178571428571429,0.491071428571429,112
"LosAlamos_NAU-CModel_Flu","48",1.46040872717684,1.18458589303287,252.631475102234,0.484383507770097,1.27263330437587,0.925055255151834,317.85564585249,0.565484315409795,0.258928571428571,0.383928571428571,112
"LosAlamos_NAU-CModel_Flu","49",2.63539127744824,1.14743227007394,23.2755352562675,0.489115267130427,2.3499042095568,1.05054133869908,29.2703562109295,0.664234350139208,0.214285714285714,0.625,112
"LosAlamos_NAU-CModel_Flu","50",1.43805211258042,1.23988859917853,5.53432737054887,0.454282449583549,1.31754173841512,1.03535865717847,8.0892094068986,0.633796462862415,0.232142857142857,0.660714285714286,112
"LosAlamos_NAU-CModel_Flu","51",1.81038687154722,1.17695305429629,136.458476279463,0.407950394397201,1.65430851552782,1.13897209940904,162.866391189685,0.526473657630914,0.232142857142857,0.5,112
"LosAlamos_NAU-CModel_Flu","53",2.66333677794264,1.59681444640423,59.4871143246337,0.553055395965884,2.15048337710004,1.39635132339214,73.3356317235305,0.699032314400523,0.214285714285714,0.446428571428571,112
"LosAlamos_NAU-CModel_Flu","54",2.25138884124331,1.286296695039,53.7860712564003,0.645134351062616,1.90181554659961,1.12514311177894,65.8448229466613,0.84586744044976,0.178571428571429,0.4375,112
"LosAlamos_NAU-CModel_Flu","55",3.03720715843024,1.71642759476849,112.121642828382,0.75795776104722,2.53740095070375,1.43396253163263,137.109532117151,0.939076333298211,0.0625,0.330357142857143,112
"LosAlamos_NAU-CModel_Flu","56",2.3946211056668,1.24596074745055,21.4946088625659,0.554904026938271,2.29076023839092,1.13080321228274,28.8854559463335,0.778473286677071,0.25,0.62962962962963,108
"LosAlamos_NAU-CModel_Flu","72",1.82155086841559,1.42294533161133,22.7572975861129,0.284321078982589,1.55619442436013,1.32298819324119,28.831711308655,0.363881326035567,0.258928571428571,0.598214285714286,112
"MIGHTE-Nsemble","01",0.598744990417065,0.710054350621104,21.9414273365187,0.289231416029639,0.602745855796155,0.69265052903002,31.2297845179348,0.427896807792358,0.458333333333333,0.841666666666667,120
"MIGHTE-Nsemble","02",1.36410736714202,1.14088616516293,5.59578783752434,0.433526934875361,1.37441307922807,1.19104098806009,8.61212094173461,0.668963870365574,0.475,0.908333333333333,120
"MIGHTE-Nsemble","04",0.487492162086304,0.5982682107643,61.6945553550277,0.278939228377835,0.561841065184004,0.725680274443238,92.6094777175514,0.422689011378737,0.483333333333333,0.9,120
"MIGHTE-Nsemble","05",1.02459633902225,0.766949450273827,34.7878705460302,0.361666775014053,1.16446881603939,0.883643023363673,54.9939064377153,0.55621028891699,0.333333333333333,0.858333333333333,120
"MIGHTE-Nsemble","06",0.58661503397771,0.587733688976681,106.758819291285,0.258092130861666,0.631235323573929,0.671163479026552,165.111367981095,0.374344118522727,0.666666666666667,0.991666666666667,120
"MIGHTE-Nsemble","08",0.590452766044743,0.651773927507619,20.2654245087469,0.238125150435042,0.623263039733881,0.713046612962375,32.1900708650714,0.380664015585829,0.483333333333333,0.958333333333333,120
"MIGHTE-Nsemble","09",0.981508893901018,0.760532677828094,24.0406504463743,0.297516781260189,1.04365648763133,0.83030789195385,38.330881148314,0.486038259184127,0.466666666666667,0.958333333333333,120
"MIGHTE-Nsemble","10",0.843176053109583,0.829959426372898,5.27490209501403,0.330321411976061,0.898131516885573,0.863924462622487,8.15900082243924,0.525442300468912,0.566666666666667,0.975,120
"MIGHTE-Nsemble","11",0.765844141654941,0.900124225580838,5.78551782277512,0.413854548869847,0.778308693692769,0.804484498676785,8.29690731934377,0.590419684683118,0.375,0.733333333333333,120
"MIGHTE-Nsemble","12",0.923546663705934,0.843529062851204,117.171024580341,0.199673217973895,0.963159585976844,0.864918819046187,182.298372152483,0.314411000215984,0.45,0.908333333333333,120
"MIGHTE-Nsemble","13",0.67575687258418,0.64771562980527,73.0547394040254,0.304532396585107,0.786263321018078,0.703129353904444,105.094650929665,0.454497185058694,0.55,0.925,120
"MIGHTE-Nsemble","15",0.968492047952462,0.827574213915207,4.61903992827568,0.268720722943029,0.949000499557864,0.871379366010767,6.90312922168822,0.414389147626654,0.633333333333333,0.975,120
"MIGHTE-Nsemble","16",0.811911976326815,0.818941711330407,15.4112536988508,0.4290135072604,0.851705275954046,0.852270719839494,23.2236446653688,0.658899532593779,0.566666666666667,0.975,120
"MIGHTE-Nsemble","17",0.771629992154083,0.635724119398383,45.4443964701148,0.260300974447547,0.754137949139818,0.673021872993199,66.0477170693537,0.392610027456725,0.658333333333333,0.991666666666667,120
"MIGHTE-Nsemble","18",0.737227384678393,0.62147529242008,41.6559304779434,0.238609022725171,0.78757299938766,0.66392689520119,65.4095005153596,0.37998239383248,0.525,0.966666666666667,120
"MIGHTE-Nsemble","19",1.09618017237431,0.809805375737937,23.016004700209,0.36018222325223,1.17141930639965,0.86086574247029,36.2531142359038,0.574206505813818,0.616666666666667,1,120
"MIGHTE-Nsemble","20",0.830137530237081,0.703917726085223,15.7278506281769,0.301445124599054,0.868389159153291,0.749619194160534,24.0483233483998,0.461650085901352,0.483333333333333,0.883333333333333,120
"MIGHTE-Nsemble","21",0.967190234764338,0.727768326618034,34.2063514064341,0.302756182525703,0.992419719097957,0.784348342967499,52.5925810276083,0.466255936366402,0.6,0.966666666666667,120
"MIGHTE-Nsemble","22",0.493445936522797,0.528450252239393,19.5291412940472,0.201760586315922,0.578093014796932,0.568876092075773,30.9900598084796,0.312154868550883,0.625,0.966666666666667,120
"MIGHTE-Nsemble","23",1.13913204638963,0.790135203865819,11.1399432143669,0.311829351538414,1.03081365821634,0.692999916325726,15.4539797602816,0.431155193522517,0.758333333333333,1,120
"MIGHTE-Nsemble","24",0.476407056724102,0.618353105296555,19.3977645219239,0.316318124097956,0.503888797042666,0.586519248361193,28.9327017867996,0.459383033078524,0.391666666666667,0.816666666666667,120
"MIGHTE-Nsemble","25",0.717275277112214,0.645518603469016,56.5518654534421,0.2680346796951,0.781961456311547,0.704260675826531,86.2514972599445,0.400231380234993,0.675213675213675,0.982905982905983,120
"MIGHTE-Nsemble","26",0.874192522367034,0.683779394026282,99.9619136453891,0.306977981875552,0.941431229232979,0.774423626673957,151.923713187017,0.479308514916475,0.516666666666667,0.925,120
"MIGHTE-Nsemble","27",0.894677337599263,0.663375871311008,19.7957774187561,0.279459501141585,0.957847136566833,0.685726108417479,31.8743387851022,0.425370359095039,0.41025641025641,0.957264957264957,120
"MIGHTE-Nsemble","28",0.61212407087954,0.703884606989398,19.566353237907,0.249619007710924,0.687642123066876,0.808260480306296,29.645441880205,0.383010711094321,0.475,0.9,120
"MIGHTE-Nsemble","29",0.944600227662597,0.694126110059035,51.4671622127781,0.271909235253522,0.975495192821819,0.711048551894867,78.7166769395134,0.39269266097786,0.75,1,120
"MIGHTE-Nsemble","30",0.658038719940375,0.722592705700015,10.2796751575236,0.38491627614113,0.799964338161569,0.738719214316269,16.7492459562516,0.623293535246927,0.491666666666667,0.958333333333333,120
"MIGHTE-Nsemble","31",0.976673283957465,0.820337518799514,10.9513333137571,0.365147740280067,1.0143832658696,0.859442733029155,17.3239159191851,0.563779945921877,0.55,0.958333333333333,120
"MIGHTE-Nsemble","32",0.90222846603397,0.999477343261712,16.8714530039078,0.422403057803944,0.886455395523573,0.972958368383571,24.6208611330856,0.588214947324892,0.608333333333333,0.958333333333333,120
"MIGHTE-Nsemble","33",1.04305331658215,0.923411595437198,7.05799947957418,0.390416802477006,1.05094652583775,0.884913893119064,10.8633921756768,0.605287624223995,0.516666666666667,0.95,120
"MIGHTE-Nsemble","34",0.639145710888315,0.570570719676131,50.983251120437,0.232473776369083,0.699313803019599,0.650239331651018,77.0593637790976,0.369898954717968,0.358333333333333,0.875,120
"MIGHTE-Nsemble","35",1.09599522581308,1.10300014736095,29.1519401165468,0.48681671287809,1.16274558227306,1.15367306975903,42.7289586143774,0.707559611266211,0.3,0.7,120
"MIGHTE-Nsemble","36",0.690184034669809,0.686249619236655,92.6277789066173,0.274182942760332,0.779453937424202,0.787767651386039,149.0842497996,0.437264816859241,0.55,0.991666666666667,120
"MIGHTE-Nsemble","37",0.57188748951286,0.640041577537642,66.7023455253697,0.352536660051062,0.638512826967498,0.676513260694431,92.7109922500858,0.54270603264695,0.483333333333333,0.85,120
"MIGHTE-Nsemble","38",0.839343062434392,0.768680078645549,4.9619670523052,0.302747694511022,0.856023076286304,0.723467668272171,7.59267531887096,0.475091807249385,0.666666666666667,0.991666666666667,120
"MIGHTE-Nsemble","39",0.867532627508708,0.696031798668019,70.8424876720055,0.316975200617009,1.02812446737343,0.827899722100398,116.067713547316,0.511068742398423,0.525,0.958333333333333,120
"MIGHTE-Nsemble","40",0.784180117107855,0.666020017091121,36.4191870794545,0.284550016566726,0.771090847860004,0.704907152454127,52.5629934228891,0.429580375489549,0.633333333333333,1,120
"MIGHTE-Nsemble","41",1.65696901458977,0.967584487468926,28.105004644077,0.337444063659605,1.63076189972572,0.955615750550114,39.2547694079598,0.443814087725753,0.75,0.975,120
"MIGHTE-Nsemble","42",0.73179929934424,0.6237100383536,72.3447423706556,0.224292247432007,0.848599528661707,0.73821496667087,119.254668586802,0.361652447487388,0.541666666666667,0.991666666666667,120
"MIGHTE-Nsemble","44",0.759189676455524,0.682590357553086,4.70679315957733,0.275927247665218,0.823110207650926,0.695413480879116,7.40650281598502,0.444477672865194,0.6,0.991666666666667,120
"MIGHTE-Nsemble","45",0.661061754813513,0.677847035240109,43.9100828854428,0.271895754904088,0.746413788706448,0.762646022135201,61.3558938305345,0.406341882124869,0.475,0.883333333333333,120
"MIGHTE-Nsemble","46",1.02185701472111,0.907507055565799,8.57656869173343,0.425273608508905,1.02349532751517,0.870229060018464,12.9550806367996,0.643891178851951,0.333333333333333,0.8,120
"MIGHTE-Nsemble","47",0.641896134837906,0.709780522270227,34.2750339360711,0.243991297924755,0.69698257068683,0.790376762274085,52.2035991663373,0.375853138138211,0.583333333333333,0.933333333333333,120
"MIGHTE-Nsemble","48",0.710877435769021,0.820519713067965,128.576522358253,0.34213082541057,0.796363949881775,0.741910259196651,207.034504442489,0.460092930606922,0.6,0.941666666666667,120
"MIGHTE-Nsemble","49",0.963404398406148,0.829662798028316,8.16790235157071,0.352975825112022,1.030396464638,0.847578962915505,12.3422418582967,0.53249820422642,0.625,0.95,120
"MIGHTE-Nsemble","50",1.23347228558293,0.956842875451778,4.69338886233027,0.349017102511456,1.23714226006699,0.957288461659371,7.47957006790442,0.586112515752024,0.525,0.983333333333333,120
"MIGHTE-Nsemble","51",0.670787494222065,0.680544529543708,46.994669763136,0.230972161778495,0.78797984138079,0.775794665413656,72.2076570858816,0.34815400381731,0.533333333333333,0.933333333333333,120
"MIGHTE-Nsemble","53",1.283694204726,0.892948443518044,28.2803325438359,0.319131651751704,1.27730054971127,0.897830234206316,42.9967903850799,0.467779994617316,0.633333333333333,0.975,120
"MIGHTE-Nsemble","54",0.736508953477811,0.700299608072801,16.7613802167659,0.34861875249128,0.780336267874363,0.713135971312506,25.7330671167085,0.528917292306002,0.391666666666667,0.875,120
"MIGHTE-Nsemble","55",0.939914925716333,0.683970949433766,32.4903716348356,0.300386236283025,0.871960170003459,0.62000901143261,44.6286564409275,0.411135497822312,0.783333333333333,1,120
"MIGHTE-Nsemble","56",0.750344627083138,0.838946149342658,6.90522813512966,0.384587994054983,0.820353113505376,0.851852832818379,10.6844478530875,0.605161018588599,0.425,0.883333333333333,120
"MIGHTE-Nsemble","72",0.966198390023938,0.916847184940257,12.3678799312658,0.185388118418178,0.982009619017276,0.982577689901216,18.6456862966856,0.272760116219425,0.625,0.941666666666667,120
"MOBS-GLEAM_FLUH","01",0.738282989857292,0.927254087677204,26.8740351847826,0.386438888388867,0.839883288963669,0.874940328768141,43.3283916666667,0.544978803222593,0.366666666666667,0.808333333333333,120
"MOBS-GLEAM_FLUH","02",1.72264831577317,1.09934058027824,7.56019095289855,0.425393928187642,1.51211742795347,1.00791134425995,9.97864166666667,0.571319675547512,0.391666666666667,0.775,120
"MOBS-GLEAM_FLUH","04",0.556321987267515,0.687178679607912,70.4665067391304,0.315830414411969,0.651638718148995,0.842365075687233,107.491766666667,0.482701540416237,0.175,0.741666666666667,120
"MOBS-GLEAM_FLUH","05",1.11259797419299,0.870439190941588,37.6579835,0.41047865512913,1.08764653974103,0.89770203256787,51.6896416666667,0.568189555358808,0.325,0.641666666666667,120
"MOBS-GLEAM_FLUH","06",0.654570344730691,0.629251597866405,118.490874202899,0.280943710018178,0.707237736629445,0.75340063409307,182.7713,0.425777851930032,0.416666666666667,0.85,120
"MOBS-GLEAM_FLUH","08",0.741886358197944,0.786933108666083,25.496872384058,0.284015510545551,0.735141563726852,0.801277534763498,38.1943,0.422264076596353,0.341666666666667,0.766666666666667,120
"MOBS-GLEAM_FLUH","09",1.10113495032153,1.00830893828413,27.0524756231884,0.396325913652087,1.06176633387951,0.978894891291177,39.2372083333333,0.577475803541277,0.291666666666667,0.716666666666667,120
"MOBS-GLEAM_FLUH","10",1.13871440369104,1.05255776748603,6.91000643928036,0.41920527275331,1.14051727572855,0.998535704177722,10.0430603448276,0.608864020351708,0.387931034482759,0.818965517241379,116
"MOBS-GLEAM_FLUH","11",0.828824053042103,1.08724878688649,6.43105497101449,0.499995296998394,0.860620610576999,0.969615330189279,9.35450833333333,0.713154660639422,0.308333333333333,0.675,120
"MOBS-GLEAM_FLUH","12",0.741370512182013,0.760244902399452,95.0939035615942,0.181442548918064,0.738281469618978,0.722740523182019,141.806533333333,0.264938568404453,0.608333333333333,0.916666666666667,120
"MOBS-GLEAM_FLUH","13",0.566571291685715,0.688951306704893,59.8085402463768,0.322567527861349,0.636522847198071,0.703031141765028,83.4071666666667,0.450092937035165,0.5,0.766666666666667,120
"MOBS-GLEAM_FLUH","15",0.905003922124513,0.789008168003756,4.48293228985507,0.259263976904881,0.886048908157739,0.863101866557511,6.533925,0.412680568818119,0.475,0.941666666666667,120
"MOBS-GLEAM_FLUH","16",0.893726143334522,0.938066348163181,16.7924292391304,0.492169825970269,0.901304828929907,0.912734223679333,24.1540083333333,0.70289916319209,0.325,0.708333333333333,120
"MOBS-GLEAM_FLUH","17",0.982691286808001,0.866851530957286,57.5511220036232,0.35757308908902,1.01959544582476,0.909309733746883,88.5937166666667,0.530623649141146,0.3,0.733333333333333,120
"MOBS-GLEAM_FLUH","18",1.11638935451269,0.802202536028883,63.4636848043478,0.309298433580768,1.06359235674876,0.751646878183508,89.4058583333333,0.430499009443543,0.408333333333333,0.716666666666667,120
"MOBS-GLEAM_FLUH","19",1.01912778306011,0.845492961359456,21.0956290181159,0.379530755348283,0.985481756505132,0.842306028402676,29.859775,0.567857446304682,0.3,0.675,120
"MOBS-GLEAM_FLUH","20",0.757154702672736,0.769272040469795,13.9381658224638,0.32779706495004,0.803303470241471,0.816802595389585,21.738875,0.501045784108194,0.341666666666667,0.775,120
"MOBS-GLEAM_FLUH","21",1.04433078050102,0.816531539959081,37.3198223152174,0.345320482225962,1.03419800519561,0.833247531941214,55.9591666666667,0.50479637370541,0.291666666666667,0.683333333333333,120
"MOBS-GLEAM_FLUH","22",0.485165121743446,0.577946137104049,19.2289985869565,0.223784600627356,0.570887499124447,0.628731398331325,30.60585,0.348218699560559,0.466666666666667,0.941666666666667,120
"MOBS-GLEAM_FLUH","23",0.92738887346994,0.861114874532946,8.94530052173913,0.347205358392234,0.913472124154827,0.83838028141611,13.2695833333333,0.528411710275106,0.4,0.808333333333333,120
"MOBS-GLEAM_FLUH","24",0.874742590331766,0.85668421346981,35.2794134746377,0.440039091771835,0.923583152682665,0.79057249019776,52.57895,0.622443961882161,0.308333333333333,0.708333333333333,120
"MOBS-GLEAM_FLUH","25",1.10697949866334,0.922743331880034,80.8126314428626,0.360554076589597,1.06582886534052,0.967212859214992,110.725690265487,0.520890920578851,0.31858407079646,0.654867256637168,116
"MOBS-GLEAM_FLUH","26",1.08437528856426,0.83228272557351,120.833772432534,0.377116410513861,1.040225964775,0.874438677569282,162.874568965517,0.545474266880433,0.275862068965517,0.793103448275862,116
"MOBS-GLEAM_FLUH","27",1.0897705917561,0.825926117213745,24.1143952322557,0.353549457131799,1.16924622493351,0.831768690818721,38.8524700854701,0.523696235223993,0.307692307692308,0.863247863247863,120
"MOBS-GLEAM_FLUH","28",0.642932043635823,0.609320343294469,20.6130791630435,0.215295492574443,0.761258431029997,0.738513069024534,33.0652416666667,0.348156525001172,0.433333333333333,0.941666666666667,120
"MOBS-GLEAM_FLUH","29",0.972059595218752,0.807919643049199,53.1843244782609,0.319030105167406,0.946055086802489,0.859425854789858,75.3476666666667,0.477843754228359,0.308333333333333,0.741666666666667,120
"MOBS-GLEAM_FLUH","30",0.627241505885336,0.783547887810461,9.58657432246377,0.416939043895449,0.714146994874593,0.75676385709319,14.68505,0.639531261187354,0.366666666666667,0.766666666666667,120
"MOBS-GLEAM_FLUH","31",1.29604350954483,1.10028792126611,14.0260045253623,0.475086035212814,1.21054613747811,1.0804084083182,19.9371833333333,0.683301958403322,0.3,0.658333333333333,120
"MOBS-GLEAM_FLUH","32",0.579490087083221,0.705147751248329,10.7738869782609,0.301894602486264,0.593529684439837,0.7309196491136,16.2676583333333,0.443856637638116,0.425,0.916666666666667,120
"MOBS-GLEAM_FLUH","33",1.42663569070796,1.21641667247173,9.46067306521739,0.50854704754102,1.39649363017361,1.07949741749648,14.0677666666667,0.730833350536457,0.325,0.741666666666667,120
"MOBS-GLEAM_FLUH","34",0.814254538506426,0.792472071483904,64.3872972427536,0.325333063591918,0.882758745861727,0.853372019336628,96.4973083333333,0.48721732076508,0.366666666666667,0.758333333333333,120
"MOBS-GLEAM_FLUH","35",0.754062601113563,0.992552919994912,20.6380942934783,0.448320579771119,0.771116963705493,1.06910668574535,29.0301583333333,0.66529641850779,0.2,0.7,120
"MOBS-GLEAM_FLUH","36",0.966562882762868,0.863239469023902,129.101356623188,0.347614635219238,1.0044938467718,0.938600871913998,190.645741666667,0.523808080398863,0.283333333333333,0.666666666666667,120
"MOBS-GLEAM_FLUH","37",0.570932195595323,0.9021500130853,64.2071767282609,0.493190380430103,0.713908132970184,0.88137023651633,100.834541666667,0.695827871649996,0.175,0.675,120
"MOBS-GLEAM_FLUH","38",0.842020548711118,0.864789965571648,4.90579614492754,0.341901813806564,0.822559017441476,0.809671205309599,7.18639166666667,0.534773139313506,0.391666666666667,0.85,120
"MOBS-GLEAM_FLUH","39",0.946147658126461,0.81713784070951,76.911230942029,0.374741247384356,1.03760363723844,0.889089409592889,116.491133333333,0.554904205188115,0.275,0.733333333333333,120
"MOBS-GLEAM_FLUH","40",0.660854066618356,0.637367549910453,30.3795682717391,0.274494042374722,0.644563610545778,0.672850311928984,43.3483833333333,0.412216281185024,0.416666666666667,0.816666666666667,120
"MOBS-GLEAM_FLUH","41",1.1847523598308,0.946479725659466,19.4930886123188,0.330124491867765,1.25243568734674,1.06168531233243,28.931575,0.492519911563717,0.375,0.833333333333333,120
"MOBS-GLEAM_FLUH","42",0.890593945627375,0.751654470573761,89.0625065507246,0.269870049093382,0.952237054704761,0.858594304431733,135.347433333333,0.420111595767818,0.416666666666667,0.858333333333333,120
"MOBS-GLEAM_FLUH","44",1.06578670427901,1.04086265127726,6.31539255997002,0.434154742866649,1.10142018632224,0.974301025871104,9.41355172413793,0.638825584801774,0.318965517241379,0.698275862068966,116
"MOBS-GLEAM_FLUH","45",0.568794763881464,0.6654095469949,37.606483365942,0.264180940502059,0.730271695837473,0.811159359747238,60.2984,0.426907696066344,0.333333333333333,0.883333333333333,120
"MOBS-GLEAM_FLUH","46",1.20675688070603,1.04520144160598,10.0636818297101,0.490387586593417,1.11550016984477,0.95526249635229,14.0787166666667,0.710143472720142,0.308333333333333,0.675,120
"MOBS-GLEAM_FLUH","47",0.785571163283002,0.737898299079932,41.8071492789855,0.252611940114055,0.852220644677968,0.79392324377274,64.8131583333333,0.377992529783723,0.441666666666667,0.866666666666667,120
"MOBS-GLEAM_FLUH","48",0.860945472491699,0.94642757119799,155.869613905797,0.400499464961294,0.883074112104547,0.80005266147693,233.635066666667,0.50382102996887,0.408333333333333,0.841666666666667,120
"MOBS-GLEAM_FLUH","49",1.2593294264914,0.839312479602305,10.3901385797101,0.353384497800632,1.31648691437237,0.875795165126434,15.4119333333333,0.54255766461086,0.425,0.841666666666667,120
"MOBS-GLEAM_FLUH","50",0.854279126960746,0.871734419377629,3.18095594927536,0.31442236642357,0.799633649481421,0.800785889153882,4.73395,0.485089589450727,0.441666666666667,0.858333333333333,120
"MOBS-GLEAM_FLUH","51",0.749927864954579,0.686760725631021,52.6739373768116,0.230091205125335,0.880551224129723,0.811921013487288,81.727875,0.361975965958801,0.441666666666667,0.883333333333333,120
"MOBS-GLEAM_FLUH","53",1.26435704953488,0.888418926411313,28.0611609601449,0.324589554264095,1.24200071988062,0.930812953853272,42.0116083333333,0.493111821409075,0.375,0.8,120
"MOBS-GLEAM_FLUH","54",1.12245568448907,0.91834637161702,25.4143817355072,0.446355477532804,1.07250245414712,0.902812882600176,35.3522333333333,0.657136564718711,0.266666666666667,0.708333333333333,120
"MOBS-GLEAM_FLUH","55",1.01028981814503,0.826608216698083,34.5808292246377,0.370295376814979,1.04209626227055,0.838402163381931,52.1228666666667,0.559829105484551,0.275,0.716666666666667,120
"MOBS-GLEAM_FLUH","56",0.78487173993725,0.898944650498248,7.13149398913044,0.412295070007138,0.813249536646567,0.867587172696028,10.4606,0.615851381601052,0.35,0.758333333333333,120
"NIH-Flu_ARIMA","06",0.693050765742132,0.65098313273004,120.764977352403,0.29421447024388,0.674456022521391,0.774761904309313,166.314051445687,0.443072313937205,0.62,1,100
"NIH-Flu_ARIMA","08",0.868855900302438,0.855832360827786,27.846433296563,0.319359470658049,0.915973573509752,0.934266548364653,44.135951667545,0.506645422201948,0.52,0.98,100
"NIH-Flu_ARIMA","09",0.95933904249161,1.02107943210374,21.9955293315659,0.391362026260763,1.01259503473968,1.06779910370957,34.7767299568021,0.612373996366302,0.375,0.885416666666667,96
"NIH-Flu_ARIMA","13",0.787712476695326,0.93441336767511,80.5904487999931,0.449012377368856,0.905115081556858,1.0456285927976,115.815892660115,0.691295672784592,0.333333333333333,0.9375,96
"NIH-Flu_ARIMA","24",0.725969121817851,0.797022463984349,28.6498079012578,0.395801190554239,0.784493056628259,0.809659638273049,44.3425388578785,0.618639638095313,0.44,0.97,100
"NIH-Flu_ARIMA","26",0.968549253525139,0.96015606072865,105.644156191023,0.422122967097224,1.04030787377539,1.13508512129829,160.753520213863,0.687340502770382,0.28,0.93,100
"NIH-Flu_ARIMA","27",0.947165345926929,0.825575846786577,21.6928006340284,0.358144379848366,1.04412880220894,0.896271997313342,36.0290311284566,0.569902522150802,0.381443298969072,0.969072164948454,100
"NIH-Flu_ARIMA","35",0.767055891901131,0.738550271000341,17.9916297345277,0.29641652482787,0.757366854376355,0.816753293586419,25.5698114113047,0.460751245870609,0.583333333333333,0.989583333333333,96
"NIH-Flu_ARIMA","36",0.874334761319768,0.823236635482623,110.744427552825,0.315683199193411,0.995863757096428,0.944199172248517,183.559805370183,0.505618347673601,0.43,1,100
"NIH-Flu_ARIMA","39",1.14671793873072,0.924791745243187,96.7693329709177,0.421162886567451,1.40000007743825,1.11361308981711,167.321257907417,0.694272661116491,0.28,1,100
"NIH-Flu_ARIMA","41",0.8343333838517,0.80428718878942,13.5320034872488,0.258780615778796,0.943431691655346,0.961358353427634,21.6504015827369,0.410442128728931,0.625,0.979166666666667,96
"NIH-Flu_ARIMA","47",0.760158378414488,0.779083770628621,40.11848777016,0.259417015117005,0.800952925360851,0.847271174106233,60.8065812723456,0.392629534850618,0.604166666666667,1,96
"NU_UCSD-GLEAM_AI_FLUH","01",0.72023801303054,1.01463322840833,30.1618544051601,0.437825459222563,0.794531397526219,0.996952988478874,46.8707362637363,0.65198763583031,0.373626373626374,0.857142857142857,91
"NU_UCSD-GLEAM_AI_FLUH","02",0.793796940119958,0.771264834070157,1.7503190253225,0.254638798340339,0.856788433146208,0.853252343041543,2.91537362637363,0.417601770561882,0.43956043956044,0.967032967032967,91
"NU_UCSD-GLEAM_AI_FLUH","04",0.589103390483005,0.650315958718682,83.5222906832298,0.252737867354461,0.607462541540208,0.718378237518693,111.442626373626,0.340009731594372,0.527472527472527,0.824175824175824,91
"NU_UCSD-GLEAM_AI_FLUH","05",1.33847256672472,0.915978790361738,54.7075479455327,0.452261915656176,1.43469700316973,1.03722733631005,81.5697802197802,0.686393131891262,0.307692307692308,0.725274725274725,91
"NU_UCSD-GLEAM_AI_FLUH","06",1.10869849103376,0.87697742874968,215.94543321548,0.327107313386767,1.18423585822823,1.08966793113921,331.496131868132,0.512867073894951,0.461538461538462,0.912087912087912,91
"NU_UCSD-GLEAM_AI_FLUH","08",0.902078845906455,0.912454517715684,32.754308475872,0.274152550272763,0.921872194776195,0.974582960027473,50.821956043956,0.431780296699138,0.43956043956044,0.934065934065934,91
"NU_UCSD-GLEAM_AI_FLUH","09",1.20626278476027,1.10396846237277,34.5375610544728,0.347783541985743,1.20068965892452,1.11917216077451,52.2121724137931,0.528474988356472,0.344827586206897,0.839080459770115,87
"NU_UCSD-GLEAM_AI_FLUH","10",2.27873930383744,1.23062156331353,15.9808069899666,0.482766291260313,2.18448239588299,1.20717532152906,22.2185384615385,0.728320006675922,0.197802197802198,0.769230769230769,91
"NU_UCSD-GLEAM_AI_FLUH","11",1.06993335405914,1.07220141546506,9.23758304825609,0.411686538338642,1.09216332961083,1.02353732914807,13.3115824175824,0.620183794596221,0.252747252747253,0.703296703296703,91
"NU_UCSD-GLEAM_AI_FLUH","12",1.30873984467171,1.36337409894265,167.240378036312,0.294834050164138,1.21116309914415,1.312237488636,229.765923076923,0.431990424782563,0.549450549450549,0.846153846153846,91
"NU_UCSD-GLEAM_AI_FLUH","13",0.672372823532996,0.91152826135802,80.7291505255614,0.40061032720593,0.769083997565499,1.01780883397508,113.184318681319,0.613147003620989,0.32967032967033,0.846153846153846,91
"NU_UCSD-GLEAM_AI_FLUH","15",0.998885228289748,0.869194892515174,4.61213942188246,0.284668633917235,0.98020853621023,0.941890187381922,6.89732967032967,0.450265194082988,0.505494505494505,0.956043956043956,91
"NU_UCSD-GLEAM_AI_FLUH","16",1.21343704347983,1.10150031934287,28.4121832967033,0.603721869301766,1.17899960412403,1.04923114542007,39.8496923076923,0.847384371026751,0.274725274725275,0.615384615384615,91
"NU_UCSD-GLEAM_AI_FLUH","17",1.20040061648755,1.00485963878029,83.8901721643574,0.384596636579087,1.23675583043427,1.05547716380553,128.516637362637,0.574171157587277,0.373626373626374,0.868131868131868,91
"NU_UCSD-GLEAM_AI_FLUH","18",0.976144280446368,0.947416843718452,64.2247052078356,0.338204767100397,0.924224938701629,0.917926433932987,90.4858351648352,0.495984644865215,0.505494505494505,0.868131868131868,91
"NU_UCSD-GLEAM_AI_FLUH","19",1.03629967187818,0.989698333157258,24.4590727711419,0.406299514788777,1.09195881929768,0.999510594774238,37.8370989010989,0.607937656447122,0.362637362637363,0.846153846153846,91
"NU_UCSD-GLEAM_AI_FLUH","20",1.07883662180695,0.961492321082039,23.6711948256092,0.399805863068212,1.17036526559435,1.05283809935072,37.5901098901099,0.626913497251827,0.351648351648352,0.879120879120879,91
"NU_UCSD-GLEAM_AI_FLUH","21",1.58110435434853,1.08316419215801,70.0351292737697,0.477588653263166,1.54193418699589,1.07179397185502,104.002604395604,0.691810403823484,0.340659340659341,0.758241758241758,91
"NU_UCSD-GLEAM_AI_FLUH","22",0.769901416686226,0.918753378093521,33.3406699378882,0.34116703045416,0.905918518018759,1.02988888704845,53.0865164835165,0.546973494908867,0.32967032967033,0.89010989010989,91
"NU_UCSD-GLEAM_AI_FLUH","23",1.23779046610002,0.96837931762725,13.0613266889632,0.332046662812929,1.19953485846733,0.936041439782139,19.1960989010989,0.502369840973655,0.450549450549451,0.857142857142857,91
"NU_UCSD-GLEAM_AI_FLUH","24",1.17492095041085,1.07396721775993,58.5273492116579,0.538119813576573,1.19999233242956,1.0238851136811,83.941010989011,0.779618166955552,0.274725274725275,0.692307692307692,91
"NU_UCSD-GLEAM_AI_FLUH","25",1.05221959329831,0.880353534295617,99.6097960968379,0.340065403578976,1.12900796367708,0.99125479602503,150.237704545455,0.522972124113261,0.318181818181818,0.818181818181818,91
"NU_UCSD-GLEAM_AI_FLUH","26",1.0957994093217,1.03890187628413,155.252891223125,0.449170203477315,1.1080570004018,1.12292636543888,221.369582417582,0.669867225594112,0.296703296703297,0.769230769230769,91
"NU_UCSD-GLEAM_AI_FLUH","27",1.89521180363261,1.09285786211477,49.9174516007905,0.421133700988285,1.95953143260459,1.07537912975678,77.6056931818182,0.600405493080725,0.5,0.875,91
"NU_UCSD-GLEAM_AI_FLUH","28",0.720165023649321,0.703960561022146,26.9615701624463,0.248379312629189,0.843780370355187,0.81901651944872,42.4575054945055,0.381551517665554,0.516483516483517,0.912087912087912,91
"NU_UCSD-GLEAM_AI_FLUH","29",1.08223937389478,1.05312755581604,72.2870420688008,0.407382228813316,1.08291047672869,1.12868997332023,106.234967032967,0.621250169970025,0.318681318681319,0.78021978021978,91
"NU_UCSD-GLEAM_AI_FLUH","30",0.931492705673722,0.994014757389189,17.1508800812231,0.49532443273133,0.97986212879492,0.969541403019045,24.3993186813187,0.750931760900699,0.197802197802198,0.725274725274725,91
"NU_UCSD-GLEAM_AI_FLUH","31",1.19629508066575,1.01830237884885,16.1106404347826,0.473869558875974,1.16753023371975,1.02420570685895,24.107956043956,0.69666701237011,0.406593406593407,0.791208791208791,91
"NU_UCSD-GLEAM_AI_FLUH","32",0.730336282995211,0.763509970702661,15.7878039034878,0.327948334068504,0.70533343320986,0.767200247532626,22.8277252747253,0.47081556184554,0.450549450549451,0.857142857142857,91
"NU_UCSD-GLEAM_AI_FLUH","33",1.7155784897992,1.12967288845033,13.4942131963689,0.477642586967742,1.68458913651258,1.04307440043093,20.6380549450549,0.708552134108857,0.395604395604396,0.747252747252747,91
"NU_UCSD-GLEAM_AI_FLUH","34",1.11073871871558,0.948861547602932,103.9105879742,0.332518501138601,1.14538787160569,0.979278272469849,149.533076923077,0.479267138429992,0.417582417582418,0.78021978021978,91
"NU_UCSD-GLEAM_AI_FLUH","35",0.827343158570208,0.81528707600177,27.1946172479694,0.329921983009954,0.8716697256888,0.896917421132682,39.533010989011,0.496274896908361,0.362637362637363,0.846153846153846,91
"NU_UCSD-GLEAM_AI_FLUH","36",1.0032244239522,0.93915817529135,153.317607147635,0.329347776035275,1.09045508178659,1.03017323637624,240.857923076923,0.506717714548511,0.395604395604396,0.857142857142857,91
"NU_UCSD-GLEAM_AI_FLUH","37",0.80065673345436,1.10937009505389,105.111411896799,0.59172923112417,0.928845022626923,1.07087216128189,152.174472527473,0.820797023056098,0.318681318681319,0.747252747252747,91
"NU_UCSD-GLEAM_AI_FLUH","38",1.14502563699367,1.06524580712758,7.40694105590062,0.378816223354265,1.1617734831712,0.979793432380246,11.3845604395604,0.569980347464651,0.373626373626374,0.802197802197802,91
"NU_UCSD-GLEAM_AI_FLUH","39",1.2576199909145,1.07145240885128,129.045301251792,0.480086697760793,1.36732563576175,1.1794266604145,195.437351648352,0.725966715891795,0.241758241758242,0.758241758241758,91
"NU_UCSD-GLEAM_AI_FLUH","40",0.866575373584347,0.845393608894008,49.0735024892499,0.356617776880902,0.916600084232283,0.93928208991698,76.3425604395604,0.569379744447717,0.373626373626374,0.912087912087912,91
"NU_UCSD-GLEAM_AI_FLUH","41",1.81208566185692,0.969918462751209,37.6220663592929,0.337273715774935,1.92402720593983,1.13056201784899,55.7055714285714,0.515102029256644,0.417582417582418,0.868131868131868,91
"NU_UCSD-GLEAM_AI_FLUH","42",1.0585686081126,0.929744558448166,128.600724782609,0.309403071048407,1.10011041772354,1.01647149289198,189.438164835165,0.458179877444147,0.483516483516484,0.813186813186813,91
"NU_UCSD-GLEAM_AI_FLUH","44",0.975906420793184,0.873199254870551,7.15914769230769,0.340765098352356,0.953641878423501,0.827541422037522,10.2851538461538,0.500281108848447,0.461538461538462,0.802197802197802,91
"NU_UCSD-GLEAM_AI_FLUH","45",0.765577396021557,0.828163069627632,59.8152331868132,0.314657086729398,0.829116493622357,0.898496714284494,79.5048131868132,0.44376283419719,0.461538461538462,0.758241758241758,91
"NU_UCSD-GLEAM_AI_FLUH","46",1.6129158344337,1.16602121477509,16.0574726660296,0.569912757025535,1.47645192334547,1.05372583965912,22.3366813186813,0.805346901817625,0.21978021978022,0.593406593406593,91
"NU_UCSD-GLEAM_AI_FLUH","47",0.860982582536099,0.846935222034633,55.8051122360248,0.301881261559766,0.958643665868001,0.960353194447908,86.8117032967033,0.475070434180041,0.43956043956044,0.879120879120879,91
"NU_UCSD-GLEAM_AI_FLUH","48",1.04523094560691,1.15691093114963,208.809710138557,0.512297855903308,1.12024927650198,1.08171277219041,320.844384615385,0.699695255565767,0.395604395604396,0.791208791208791,91
"NU_UCSD-GLEAM_AI_FLUH","49",1.21861279453641,1.09978683931418,12.1017561681796,0.500702367045727,1.25240681594184,1.10029402583382,17.6593956043956,0.741163191003396,0.384615384615385,0.791208791208791,91
"NU_UCSD-GLEAM_AI_FLUH","50",1.30082530738918,0.962884566606635,5.46039020544673,0.330574320593696,1.25047237498766,0.880019516714702,8.43340659340659,0.491971335253637,0.505494505494505,0.868131868131868,91
"NU_UCSD-GLEAM_AI_FLUH","51",1.03907089205334,0.899644812266403,88.8493342474916,0.311232329043173,1.14775758020521,1.00359172909379,127.44710989011,0.456593077207074,0.516483516483517,0.78021978021978,91
"NU_UCSD-GLEAM_AI_FLUH","53",1.63675192728389,0.982212147026636,39.3076662732919,0.289060313156209,1.68232124568169,1.03867215915063,61.8381318681319,0.437994441435146,0.571428571428571,0.912087912087912,91
"NU_UCSD-GLEAM_AI_FLUH","54",1.2975386074507,1.09944739332218,36.2054348924988,0.56829011270254,1.25675225013956,1.05079590588796,50.5607472527473,0.805324929702033,0.340659340659341,0.67032967032967,91
"NU_UCSD-GLEAM_AI_FLUH","55",1.19971103844784,1.05024690786823,47.4734943382704,0.409056012933893,1.2115185307541,1.04754096941533,71.2835274725275,0.613737678481036,0.351648351648352,0.802197802197802,91
"NU_UCSD-GLEAM_AI_FLUH","56",1.22334318392553,1.12524722533491,11.763005255614,0.432121937210459,1.2080391792785,1.07577885395132,16.5183956043956,0.635083288531688,0.318681318681319,0.681318681318681,91
"PSI-PROF","01",0.86167691347236,0.880029262974407,31.0903073550725,0.353664228493231,0.976895552415954,0.89711721708517,49.8415833333333,0.545263716655561,0.525,0.916666666666667,120
"PSI-PROF","02",1.1546246096039,1.0067383680642,4.97119351449275,0.390158792701784,1.02565364582793,0.96383078626573,6.64475,0.548148545162655,0.408333333333333,0.758333333333333,120
"PSI-PROF","04",0.593047619852887,0.627208260983709,74.2004778623188,0.289692962637019,0.747763279161007,0.760364769936969,122.94375,0.437792058249786,0.591666666666667,0.925,120
"PSI-PROF","05",1.01950343235347,0.901634164617659,34.968294673913,0.426185168341085,0.95530094022424,0.882164362644495,45.3398333333333,0.559751228021957,0.391666666666667,0.775,120
"PSI-PROF","06",0.640017802333812,0.55565723321581,118.726313297101,0.24248562241677,0.663560884313034,0.636559576434505,178.82475,0.353818176228945,0.683333333333333,0.958333333333333,120
"PSI-PROF","08",0.785024828100251,0.722748734659773,26.7273418115942,0.260655654821341,0.819098527246026,0.773046338837762,41.8429166666667,0.40671424567346,0.591666666666667,0.975,120
"PSI-PROF","09",1.01101948126468,1.01471978941937,24.877344384058,0.38982564196418,0.977269001393762,0.985692339182489,36.2588333333333,0.567608143022779,0.425,0.8,120
"PSI-PROF","10",0.977819259181949,1.01076521655319,6.26130163043478,0.40244004693822,0.912098932776957,0.938372243866792,8.52266666666667,0.573174061111729,0.533333333333333,0.866666666666667,120
"PSI-PROF","11",0.980206188600589,1.06658343951734,7.57084923913043,0.481796393645158,0.954354731282524,0.946082820061186,10.3575,0.68523363172329,0.358333333333333,0.741666666666667,120
"PSI-PROF","12",1.02549489535888,0.852310530006722,130.441646376812,0.201212951615045,0.923202937811534,0.838644956062922,173.578916666667,0.30317752926818,0.575,0.858333333333333,120
"PSI-PROF","13",0.650743138646254,0.726281272078939,68.7321836594203,0.336474552097609,0.75979980771951,0.788068788466455,99.28875,0.498817045782882,0.508333333333333,0.9,120
"PSI-PROF","15",1.14480846047172,1.00896411176398,5.4970652173913,0.331096012748551,0.992379029419812,1.00060073951647,7.20925,0.475450555841136,0.483333333333333,0.808333333333333,120
"PSI-PROF","16",0.816613464223504,0.900724850013587,15.5832448913043,0.47164304609171,0.846796853264961,0.892658461149508,22.9494166666667,0.685799892424983,0.508333333333333,0.841666666666667,120
"PSI-PROF","17",0.893904200795236,0.723890918055453,52.8376467391304,0.294766867422156,0.856091689118599,0.722158356944357,76.1846666666667,0.415490321279681,0.6,0.891666666666667,120
"PSI-PROF","18",0.817499879510862,0.688643508798421,44.8027636594203,0.260881968476218,0.899315417830245,0.730568800903942,72.4941666666667,0.411909857947191,0.433333333333333,0.925,120
"PSI-PROF","19",0.89797816841754,0.881590237251569,18.5809494202899,0.394318425636419,0.889576584960685,0.87084461550935,26.9414166666667,0.584006339326321,0.375,0.883333333333333,120
"PSI-PROF","20",0.95511244463008,0.884378090703653,18.3131161231884,0.379064170213046,0.937074243973431,0.901921387140746,26.27125,0.555571333030692,0.425,0.825,120
"PSI-PROF","21",0.981038790169974,0.811673585269419,35.1365606884058,0.340641543419149,0.944255133533307,0.845777110388134,50.6010833333333,0.50783764559278,0.383333333333333,0.841666666666667,120
"PSI-PROF","22",0.768554614183061,0.864891136459691,30.2549857608696,0.330879794029027,0.903182392176554,0.923636028293979,48.01325,0.505866339382172,0.441666666666667,0.9,120
"PSI-PROF","23",0.910053800677602,0.92571806896545,9.0083731884058,0.372473774132863,0.904365405684413,0.857358806317329,13.6146666666667,0.539313538351357,0.491666666666667,0.916666666666667,120
"PSI-PROF","24",0.849376414562514,0.815026178569221,34.5405060869565,0.410548761222829,0.964152508912638,0.820114427903696,55.3984166666667,0.634111456419762,0.383333333333333,0.85,120
"PSI-PROF","25",0.930308054179826,0.788510301014366,72.8116817911557,0.324246311730292,1.06876332896877,0.911602604367537,117.674957264957,0.511679335180142,0.358974358974359,0.82051282051282,120
"PSI-PROF","26",0.89412161751092,0.723530116140592,100.76645307971,0.32489444794431,0.906351971776145,0.790769483514651,144.351833333333,0.488227144302494,0.341666666666667,0.858333333333333,120
"PSI-PROF","27",0.860547155071819,0.816613165647417,19.1803535860275,0.342771809665886,0.865474740109472,0.821224709882751,29.0324786324786,0.509692297950636,0.487179487179487,0.914529914529915,120
"PSI-PROF","28",0.76855739088095,0.817662655965642,24.4811675,0.286959846733048,0.890678860863384,0.943828809581501,38.3871666666667,0.442083602245052,0.558333333333333,0.933333333333333,120
"PSI-PROF","29",0.837733444461408,0.718426233376547,45.1596388043478,0.279686639160885,0.892098839322384,0.761452244209034,70.4219166666667,0.416735066287208,0.45,0.891666666666667,120
"PSI-PROF","30",0.874586271288365,0.994717801528352,13.7467525362319,0.533622565598067,0.965404869457663,0.976133415128412,20.3595,0.824773814976844,0.45,0.816666666666667,120
"PSI-PROF","31",1.04855246318798,0.952539905255412,11.4493748550725,0.413685365140934,0.929492692449464,0.920220474720657,15.4175,0.585152823114837,0.433333333333333,0.758333333333333,120
"PSI-PROF","32",0.88933897699794,0.951669129688217,16.4079761594203,0.398602651337849,0.927137106703084,0.975527330595064,25.55675,0.583093710623787,0.541666666666667,0.9,120
"PSI-PROF","33",0.983638791414067,1.01444501163999,6.69394807971014,0.423951355131344,0.953661016508554,0.940274416668,9.75408333333333,0.628334681944875,0.408333333333333,0.833333333333333,120
"PSI-PROF","34",0.869945448913555,0.771772283121246,69.1628335869565,0.318185243792615,0.931817397581975,0.80084677408986,102.635916666667,0.457654120456412,0.466666666666667,0.891666666666667,120
"PSI-PROF","35",0.807923666635134,0.846314287833442,21.94131,0.3801379731798,0.884272178491199,0.927446650990765,32.9471666666667,0.576427830262405,0.541666666666667,0.866666666666667,120
"PSI-PROF","36",0.809623003423785,0.668534595009914,108.593543405797,0.266365681617574,0.909817304114873,0.777031564911079,174.350583333333,0.426479729211709,0.533333333333333,0.916666666666667,120
"PSI-PROF","37",0.670717655846239,0.831816156270434,76.8108200724638,0.454222089683364,0.819616116860694,0.861271637401757,118.473666666667,0.680960673734039,0.508333333333333,0.875,120
"PSI-PROF","38",0.97597398588653,1.01707452306813,5.81626144927536,0.402718573039412,0.958130317843801,0.929316971248805,8.61325,0.614433689702893,0.5,0.9,120
"PSI-PROF","39",0.836051357997558,0.658237156449789,68.2909067028986,0.295767863780286,0.916352023264155,0.73756049659111,104.931916666667,0.450029242840887,0.433333333333333,0.883333333333333,120
"PSI-PROF","40",0.761324004665572,0.7977258554447,34.9438173913043,0.339809592217299,0.821336389292883,0.819125194361338,55.3221666666667,0.496786494196092,0.491666666666667,0.883333333333333,120
"PSI-PROF","41",0.941297084289645,0.854783539284347,15.6490229347826,0.293954564653914,0.997418673395379,0.962766743886945,23.26875,0.439251077256519,0.491666666666667,0.9,120
"PSI-PROF","42",0.819068909214883,0.684123517395011,82.0626788043478,0.241830599773836,0.952498349885588,0.830160774650566,135.61125,0.398604254520239,0.433333333333333,0.95,120
"PSI-PROF","44",0.923910124201727,1.02531193571541,5.71424467391304,0.41997278112183,0.952065966384807,0.992743813783689,8.60366666666667,0.640653417629453,0.55,0.916666666666667,120
"PSI-PROF","45",0.688992204942971,0.720774213006067,46.0611182246377,0.286811375722024,0.866134245105886,0.83234302602693,72.23125,0.440301479781459,0.491666666666667,0.916666666666667,120
"PSI-PROF","46",0.968300888786208,0.974140545998283,8.26375956521739,0.459850788822848,0.952137437335085,0.902556259106669,12.2984166666667,0.67614294992591,0.441666666666667,0.8,120
"PSI-PROF","47",0.763789328080198,0.743518839873705,41.1574912318841,0.255333890899941,0.814692703490892,0.831415599993477,62.265,0.394563164194336,0.55,0.9,120
"PSI-PROF","48",0.739283441649528,0.90256223387362,133.654794166667,0.3821525029326,0.787929851407756,0.778489910230465,205.639583333333,0.486937837399779,0.533333333333333,0.9,120
"PSI-PROF","49",0.933209511866171,0.933344067449262,7.69933789855072,0.395624470243704,0.974490409869241,0.950831327403583,11.31025,0.593183968101254,0.583333333333333,0.9,120
"PSI-PROF","50",1.02793022607779,1.12037900887608,3.80855452898551,0.40222541150517,0.972501141467107,0.981393434308772,5.75316666666667,0.593649721689508,0.4,0.816666666666667,120
"PSI-PROF","51",0.862964774858025,0.801182914930005,61.5304678623188,0.268168510540827,1.01733111449947,0.920485484776479,95.4958333333333,0.409613224377285,0.541666666666667,0.85,120
"PSI-PROF","53",0.88156206557549,0.828660765824057,19.5653045289855,0.305103568732841,0.808553601436835,0.828692113139173,27.3681666666667,0.437763961774799,0.575,0.891666666666667,120
"PSI-PROF","54",0.975671685639055,0.879968995387985,22.3901773913043,0.432496141721742,0.9788961095701,0.865832863533734,32.6125833333333,0.63667698725942,0.433333333333333,0.816666666666667,120
"PSI-PROF","55",0.837813901424325,0.782632608329036,28.9611613405797,0.344107548264301,0.935918473684446,0.868753776100504,47.5254166666667,0.57277609963799,0.425,0.933333333333333,120
"PSI-PROF","56",0.856907164449153,0.951025677925081,7.94137195652174,0.437533530916091,0.869069578435777,0.912905446469715,11.3580833333333,0.648332441491429,0.433333333333333,0.8,120
"PSI-PROF","72",1.02339795441073,0.932033840423259,13.1153816304348,0.18843624205799,0.931357084860803,0.967411840223457,17.7081666666667,0.268584826378542,0.533333333333333,0.908333333333333,120
"PSI-PROF_beta","01",0.794361554740243,0.879610836924558,30.2176454347826,0.332268487727406,0.931868924568623,0.906685522345339,49.898125,0.521148578193648,0.5375,0.9125,80
"PSI-PROF_beta","02",1.08480306132104,1.0012051287441,2.29847989130435,0.330297821976652,1.08828427175367,1.03575025733445,3.580375,0.509951815412736,0.4875,0.9,80
"PSI-PROF_beta","04",0.561624276106777,0.566523821478313,75.5391397282609,0.220914695023276,0.688902512228704,0.687354299886981,121.015875,0.32461583541548,0.6625,0.9375,80
"PSI-PROF_beta","05",0.990291182749408,0.927755480521922,42.0011447826087,0.41545102278706,0.923144871407188,0.889199640591402,54.330375,0.539221585064313,0.3625,0.7625,80
"PSI-PROF_beta","06",0.621017178968481,0.509262428353807,116.248142282609,0.178751902817586,0.602669493407983,0.516298221968869,165.69375,0.224372946715175,0.7125,0.925,80
"PSI-PROF_beta","08",0.821841717150984,0.756940247005526,27.7315169565217,0.222634268248397,0.865487078841507,0.828840094485695,44.514125,0.360635337877377,0.6,0.95,80
"PSI-PROF_beta","09",1.04739004184648,0.992792844516732,30.0901456521739,0.282573709368177,0.980846022008247,0.940001815012897,43.024625,0.402219554490761,0.425,0.7625,80
"PSI-PROF_beta","10",1.17099247372897,1.09202302990971,8.19750336956522,0.419863329383195,1.11310227900085,1.01959380367297,11.386375,0.607041208831995,0.4,0.85,80
"PSI-PROF_beta","11",1.01826292743543,1.06089022177567,8.5849327173913,0.392212314185205,0.963790913384707,0.948481579716761,11.507375,0.552455175789211,0.425,0.7625,80
"PSI-PROF_beta","12",0.798891679228212,0.795927319226497,92.2950907608696,0.154574233083494,0.826115620475383,0.819729863991249,141.534,0.239704515588974,0.575,0.875,80
"PSI-PROF_beta","13",0.65461191823082,0.721787747017101,76.4682071195652,0.287901407844297,0.774615697372052,0.760281333103635,111.029375,0.408294474827833,0.55,0.85,80
"PSI-PROF_beta","15",1.05423621217682,1.07180715096996,4.58252125,0.337167702053005,1.06054313543909,1.08957139160041,7.01575,0.498288201610387,0.4875,0.8625,80
"PSI-PROF_beta","16",0.862795595217767,0.903433404700763,18.1510129891304,0.427658180733304,0.857431130434195,0.859404848754934,26.369375,0.600852125593736,0.4625,0.75,80
"PSI-PROF_beta","17",0.909274918275602,0.799025956182154,61.7875192934783,0.27839082552015,0.924576413812736,0.754658646915589,93.877625,0.371311752968878,0.55,0.85,80
"PSI-PROF_beta","18",0.869935129878742,0.726271911317416,57.4052329891304,0.240789173916238,0.95782378104112,0.771772734290991,93.872875,0.383295477465172,0.3875,0.8625,80
"PSI-PROF_beta","19",0.951414938884383,0.908559126192412,23.2006289673913,0.35765045341323,0.924079394327496,0.860972080506082,33.20275,0.500066813972595,0.3625,0.825,80
"PSI-PROF_beta","20",0.930421875024274,0.878382838971969,21.017719076087,0.346321547947968,0.995626588729895,0.94350478064048,32.956375,0.529311634587914,0.3875,0.85,80
"PSI-PROF_beta","21",0.99055769951974,0.834111404573595,44.3677789130435,0.351324805142374,0.951147185918859,0.868577058072342,64.754875,0.533569240043724,0.325,0.7625,80
"PSI-PROF_beta","22",0.724443876465942,0.854338604097988,29.6057163043478,0.307415168226702,0.896968069161439,0.963191239957017,49.4845,0.492854546730805,0.4625,0.8875,80
"PSI-PROF_beta","23",1.03920713315802,0.926774998017021,10.9987176630435,0.307629535452448,1.04025105128993,0.893986886287899,16.797625,0.462217728882449,0.4625,0.95,80
"PSI-PROF_beta","24",0.9426354002655,0.959580688344455,44.6651569565217,0.426951036964968,0.975285997326627,0.885738393945858,65.575875,0.604291172827859,0.3625,0.7375,80
"PSI-PROF_beta","25",0.953290816976135,0.863834870589522,92.7190846450193,0.337392493475545,1.00430445756627,0.903461568602933,136.63835443038,0.482632845987522,0.354430379746835,0.759493670886076,80
"PSI-PROF_beta","26",0.919716533149805,0.770693279395838,139.570115108696,0.336875403554179,0.926394489605722,0.794907333033994,197.219875,0.475866983532762,0.275,0.75,80
"PSI-PROF_beta","27",0.937356691823751,0.839392787774561,24.6517832691249,0.301821758908501,0.934374883092235,0.841983406907462,37.1427848101266,0.443757701319239,0.493670886075949,0.924050632911392,80
"PSI-PROF_beta","28",0.739990647756847,0.787796785488097,26.5346360869565,0.268479616352428,0.882775019556552,0.950539866097818,42.42825,0.426552092241435,0.5125,0.9375,80
"PSI-PROF_beta","29",0.829648142384226,0.685595894614499,57.3352927173913,0.255421424618224,0.914025910715947,0.762119793556976,92.748625,0.401909051232365,0.375,0.85,80
"PSI-PROF_beta","30",0.933503743460724,0.983440918463585,17.0948679891304,0.478107815819414,0.975174638557995,0.951562313367598,24.57775,0.726431406641744,0.4,0.85,80
"PSI-PROF_beta","31",1.0388839674256,0.9513900881035,14.2095713043478,0.408288909520062,0.921414456364372,0.909143072364547,19.353,0.571198846044399,0.3625,0.7375,80
"PSI-PROF_beta","32",0.793290898759573,0.896205632101421,15.8756473369565,0.337192791350854,0.911022549970558,0.989505800600931,26.877875,0.520417413766031,0.575,0.9375,80
"PSI-PROF_beta","33",1.02608566108566,0.983080785784899,7.90539375,0.368190619328152,0.964766991825359,0.91180650530132,11.772875,0.555803345304615,0.35,0.825,80
"PSI-PROF_beta","34",0.916484169041747,0.793357808588157,81.9137682608696,0.256609393677356,0.950556375075287,0.806482061032686,119.66075,0.366305101909423,0.5625,0.8625,80
"PSI-PROF_beta","35",0.79037549537487,0.738092795585316,22.5456439130435,0.266871258451434,0.802166753947857,0.793805225193661,32.09625,0.394103188098942,0.65,0.8625,80
"PSI-PROF_beta","36",0.85554726011077,0.743486052172842,125.930890163043,0.238202753909317,0.995643583536018,0.852299071466678,211.60875,0.381426779506481,0.5,0.8625,80
"PSI-PROF_beta","37",0.75892365281322,0.91069878956533,93.8994055978261,0.43675160807038,0.832745593391213,0.813821845130461,128.683625,0.560709013370951,0.575,0.75,80
"PSI-PROF_beta","38",1.08668959281256,1.01045858469331,7.06237423913043,0.329323780451953,1.02077814216791,0.892569561169172,10.11,0.476562511001155,0.5,0.85,80
"PSI-PROF_beta","39",0.843740973624981,0.677000092127706,87.9051959782609,0.28502933319098,0.969090846272903,0.764617473081706,140.01,0.440130376993408,0.3375,0.8125,80
"PSI-PROF_beta","40",0.72093675570459,0.666633028114367,40.7834282608696,0.264035892049658,0.816287062806223,0.753621030456692,67.447875,0.425678714476742,0.525,0.9375,80
"PSI-PROF_beta","41",0.92656132729891,0.810668862364447,18.3256476630435,0.265764782005799,0.983737237953536,0.902541945955535,27.342,0.387763392647044,0.5,0.875,80
"PSI-PROF_beta","42",0.977070008385677,0.803405069408462,116.770756902174,0.254582519014104,1.08152176544591,0.931470260500553,183.494875,0.402097322594655,0.475,0.825,80
"PSI-PROF_beta","44",1.03720138039398,1.04369782867073,7.41740820652174,0.377087465726892,0.999830237836602,0.998845699356939,10.4165,0.555250090007465,0.475,0.8,80
"PSI-PROF_beta","45",0.752031208553484,0.798297926595946,54.9293588043478,0.286640225729636,0.898301295954948,0.917818678190521,80.68,0.427249656806841,0.55,0.8625,80
"PSI-PROF_beta","46",1.0952227628558,1.01562434401736,10.8720159782609,0.457379728633882,1.01369696689352,0.927932478480676,15.4145,0.654869849630458,0.35,0.7375,80
"PSI-PROF_beta","47",0.830546075347054,0.851753622536101,53.5262066847826,0.294048919317956,0.896403923619467,0.942347480017525,81.01675,0.44956001721409,0.4625,0.8375,80
"PSI-PROF_beta","48",0.847560110785866,0.996749662887759,163.66364826087,0.348055158204267,0.875204043843591,0.85384697529948,242.204875,0.441577234398544,0.425,0.775,80
"PSI-PROF_beta","49",0.880734988077431,0.938038776769362,8.30602918478261,0.400863529798941,0.938622510655282,0.965907661255125,12.54025,0.603788189356139,0.6125,0.8625,80
"PSI-PROF_beta","50",1.05505630093224,1.03498907562746,4.52492163043478,0.333429585125715,1.00198672757331,0.956600066684964,6.897125,0.503243022067113,0.35,0.875,80
"PSI-PROF_beta","51",0.904129953511832,0.87054511546886,75.8522902717391,0.295280822858361,1.01508324297161,0.994444423734477,110.30325,0.444759632553152,0.5125,0.775,80
"PSI-PROF_beta","53",1.04919975718536,0.924035236735719,22.8968069021739,0.253167068983675,1.03060558124914,0.976829706818499,34.317875,0.378237562731503,0.6,0.9375,80
"PSI-PROF_beta","54",0.988118043895478,0.851261240438887,28.3830920652174,0.396582075628944,1.02838207067296,0.850308869219871,42.804375,0.590838410008382,0.3875,0.75,80
"PSI-PROF_beta","55",0.919664302220521,0.819113750534827,36.4336410869565,0.29771143225659,1.00538080316841,0.873799127559318,59.517875,0.476425226841839,0.425,0.8625,80
"PSI-PROF_beta","56",0.81387292334757,0.854864850693474,7.51846260869565,0.323673781744212,0.877255592783218,0.847248871387692,11.56325,0.493980398977362,0.525,0.9125,80
"PSI-PROF_beta","72",0.946066791734651,0.904402956988964,7.08214201086956,0.145038014904009,1.01115153678233,1.02118536885355,11.11475,0.223150082129456,0.575,0.9875,80
"SGroup-RandomForest","01",0.852855310970658,0.968528125397611,29.2042327586207,0.389008770773498,0.870662335955971,0.973783540122853,41.7422413793103,0.591311057971296,0.353448275862069,0.913793103448276,116
"SGroup-RandomForest","02",0.903679453315404,0.941620260554752,3.96472676161919,0.371777370444853,0.859789147331651,0.939019420951481,5.70086206896552,0.548859056340013,0.431034482758621,0.931034482758621,116
"SGroup-RandomForest","04",0.819584827900256,0.920059514648476,98.2964355322339,0.42444885114437,0.897947192588487,1.06076704522633,139.123275862069,0.610024440840556,0.456896551724138,0.836206896551724,116
"SGroup-RandomForest","05",1.04865804942599,0.95818793652216,34.1399411544228,0.444170213834365,1.11578443575978,1.06662762295079,51.1706896551724,0.671022705322467,0.336206896551724,0.818965517241379,116
"SGroup-RandomForest","06",0.850207886601369,0.800853248619115,146.020341454273,0.354420275522931,0.863216191037145,0.854963272361172,211.074137931034,0.479182094150297,0.491379310344828,0.896551724137931,116
"SGroup-RandomForest","08",0.910672004771074,0.949132139690727,30.5100659670165,0.351547376816528,0.904528761376426,0.963586883361227,45.6663793103448,0.52216259904566,0.5,0.905172413793103,116
"SGroup-RandomForest","09",1.0229503607297,1.07551000717056,24.4332068965517,0.4242477051479,1.09354315003284,1.17489028213519,39.0956896551724,0.69191749280982,0.387931034482759,0.922413793103448,116
"SGroup-RandomForest","10",1.09746965920209,1.1249322971499,6.19843665667166,0.439488309385792,1.05103481469917,1.1083998734224,8.58793103448276,0.659406935330179,0.525862068965517,0.870689655172414,116
"SGroup-RandomForest","11",0.862220129084282,1.08177023960645,6.32799850074963,0.49592667184914,0.933938282086268,1.07413329089214,9.56034482758621,0.789450316015589,0.413793103448276,0.853448275862069,116
"SGroup-RandomForest","12",0.994699042816014,1.0658649975172,122.87948125937,0.257234973274592,1.04604656955435,1.08011496130767,193.139655172414,0.400642398363514,0.46551724137931,0.982758620689655,116
"SGroup-RandomForest","13",0.790475835006852,0.890625579488289,83.0086694152924,0.421904090843507,0.916795968955315,0.963217618914459,117.855172413793,0.625716129961775,0.413793103448276,0.836206896551724,116
"SGroup-RandomForest","15",0.990511114446606,0.983128266672798,4.72520314842579,0.324409941032589,1.01261676640466,1.01176701489506,7.34396551724138,0.488200589687298,0.482758620689655,0.948275862068966,116
"SGroup-RandomForest","16",0.959094622906647,1.04195604968242,17.2725457271364,0.548041749926526,0.925224155609263,1.0224018937359,23.8594827586207,0.799717343664205,0.413793103448276,0.853448275862069,116
"SGroup-RandomForest","17",0.986647094121605,0.953592022901126,54.4127728635682,0.385263074389877,1.05688805151362,1.00291829969994,86.0189655172414,0.572804084308642,0.387931034482759,0.905172413793103,116
"SGroup-RandomForest","18",1.2024354109151,1.05686317277677,64.43889017991,0.406694394770472,1.33152539818471,1.14291731435526,104.956896551724,0.657270678858834,0.224137931034483,0.956896551724138,116
"SGroup-RandomForest","19",0.895089134987449,1.01853826361806,18.401284107946,0.458742329527332,0.969907075784269,1.06951250690302,29.373275862069,0.719071375558476,0.362068965517241,0.922413793103448,116
"SGroup-RandomForest","20",0.968083461948691,0.999610242577589,17.7240033733133,0.428426835708289,1.00750204968821,1.05026602033137,26.9870689655172,0.649358246674028,0.362068965517241,0.870689655172414,116
"SGroup-RandomForest","21",1.03014657615579,0.959981231824404,34.1508395802099,0.399102789540803,1.06814313838419,1.00196689365226,52.6594827586207,0.595062611355456,0.353448275862069,0.870689655172414,116
"SGroup-RandomForest","22",0.753944598941257,0.888665918092637,27.0880970764618,0.335020534430049,0.885382894903431,0.966776506352613,42.9318965517241,0.52419723363027,0.422413793103448,0.948275862068966,116
"SGroup-RandomForest","23",1.02222540582261,1.0435005881798,9.36721664167916,0.413515322420461,1.03923886764298,1.04668309462015,14.2698275862069,0.648825608082127,0.413793103448276,0.853448275862069,116
"SGroup-RandomForest","24",0.914585125786983,0.955586923767098,33.7240798350825,0.478493934049016,0.988910890547417,0.963937868881183,51.1896551724138,0.741599614497489,0.258620689655172,0.922413793103448,116
"SGroup-RandomForest","25",0.93369111494941,0.846437682086043,70.4977679876876,0.354083193427441,1.05359801669636,0.949174005846257,111.930973451327,0.542733248251808,0.327433628318584,0.884955752212389,116
"SGroup-RandomForest","26",0.907555076542508,0.924346839303144,99.3169752623688,0.415956699852113,0.98234550420409,1.01206775598755,151.125,0.626641838378718,0.301724137931034,0.853448275862069,116
"SGroup-RandomForest","27",1.05686678541478,0.967870969375907,21.6773697575991,0.40522324092481,1.07668551609253,0.986131387326063,33.1610619469027,0.609207350741474,0.504424778761062,0.938053097345133,116
"SGroup-RandomForest","28",0.787504092774293,0.891878575468981,23.1975659670165,0.309735115389968,0.819586630126558,0.964127497236217,32.3344827586207,0.446364790338618,0.482758620689655,0.922413793103448,116
"SGroup-RandomForest","29",1.04943270859214,1.0345005308904,54.6545314842579,0.404466044997549,1.15088616017469,1.1578171797964,87.8163793103448,0.638345193820819,0.232758620689655,0.862068965517241,116
"SGroup-RandomForest","30",0.881539498689986,0.992926102827429,13.2213005997002,0.532949680193435,0.984761660021048,1.00419757880118,19.7594827586207,0.855914251264685,0.318965517241379,0.844827586206897,116
"SGroup-RandomForest","31",1.10639602765618,1.02351620975102,11.8288260869565,0.449917074047776,1.08383397581274,1.01589883419767,17.5577586206897,0.652135082591077,0.439655172413793,0.853448275862069,116
"SGroup-RandomForest","32",0.929650391067629,1.01154435351786,16.1308005997002,0.422197881411442,0.956493888872476,1.03825870118732,24.6198275862069,0.617785951501286,0.474137931034483,0.922413793103448,116
"SGroup-RandomForest","33",1.13136405996893,1.13829148415853,6.94625749625187,0.467014460450343,1.09099230131329,1.11446263087378,10.123275862069,0.737977896962341,0.474137931034483,0.913793103448276,116
"SGroup-RandomForest","34",0.949506295892439,0.989333624634144,68.8212245127436,0.395416002720861,1.0399979380795,1.05710278710173,103.943965517241,0.587672089962247,0.344827586206897,0.887931034482759,116
"SGroup-RandomForest","35",0.913106984566795,1.06922350221941,23.2874831334333,0.482893234747143,0.943593568573332,1.17722688066297,32.9698275862069,0.734805060773685,0.46551724137931,0.870689655172414,116
"SGroup-RandomForest","36",1.08157201542058,1.03611161404479,137.758846326837,0.415189645663999,1.2005702397852,1.1542687494308,217.489655172414,0.639825603370868,0.318965517241379,0.905172413793103,116
"SGroup-RandomForest","37",0.813598852165114,0.968258171680711,80.7779910044977,0.52612196051664,0.964355931412828,1.03424780773888,119.302586206897,0.81741976499824,0.336206896551724,0.887931034482759,116
"SGroup-RandomForest","38",1.00045262438027,1.08909250568013,5.76298575712144,0.433885523679386,0.997208238712925,1.01874632464658,8.61206896551724,0.676287522324165,0.482758620689655,0.905172413793103,116
"SGroup-RandomForest","39",1.00643430345637,0.945561133021384,79.7948208395802,0.434216942710966,1.11358668585867,0.999295881784409,123.314655172414,0.629080767007307,0.370689655172414,0.870689655172414,116
"SGroup-RandomForest","40",0.835624030437668,0.915085341058656,37.8568770614693,0.389821961834802,0.856124750316706,0.981626036758502,56.4577586206897,0.596826791921256,0.353448275862069,0.853448275862069,116
"SGroup-RandomForest","41",1.14469655813038,1.03568609363826,17.2428024737631,0.353060818505526,1.16567109964255,1.11813385153568,24.575,0.507444321353377,0.525862068965517,0.879310344827586,116
"SGroup-RandomForest","42",0.915612134299504,0.918458924766403,80.7456364317841,0.315445734163799,1.01634200750968,1.05546097576124,126.109482758621,0.492158711143126,0.448275862068966,0.956896551724138,116
"SGroup-RandomForest","44",0.914384351742406,0.980543182011591,5.27579347826087,0.393867690019724,0.983798329906889,1.01668343056287,8.21810344827586,0.645086526178658,0.456896551724138,0.931034482758621,116
"SGroup-RandomForest","45",0.821426913005837,0.904939001916698,47.6178601949025,0.348524324425428,0.920494883423476,0.994600412452204,66.0646551724138,0.510084812218525,0.431034482758621,0.887931034482759,116
"SGroup-RandomForest","46",0.963558893156844,1.05933332112825,7.76040367316342,0.492025398708084,0.93448902278206,1.00207085236397,11.3879310344828,0.737373397227823,0.362068965517241,0.801724137931034,116
"SGroup-RandomForest","47",0.881353444707028,0.926448348870527,42.9538751874063,0.312485254245059,0.938765676344482,1.01858731239077,63.8534482758621,0.474408932727979,0.344827586206897,0.922413793103448,116
"SGroup-RandomForest","48",1.24262975487783,1.18639696334007,217.664166791604,0.485882310910306,1.28594821761714,1.11488797154791,323.75,0.682615013348853,0.431034482758621,0.827586206896552,116
"SGroup-RandomForest","49",0.965125124522386,0.915673138214786,6.94159857571214,0.377428209521943,1.03850802241186,0.95048672583925,10.5465517241379,0.581534765281787,0.577586206896552,0.948275862068966,116
"SGroup-RandomForest","50",1.01003745814803,1.05911375929913,3.60231709145427,0.383860787160379,0.989773273450877,1.00752255234181,5.64913793103448,0.615998083426228,0.448275862068966,0.939655172413793,116
"SGroup-RandomForest","51",0.861074126211435,0.910972373505073,54.0321885307346,0.29620064744684,0.966276379010232,1.03892104266244,78.9827586206897,0.450221292008614,0.379310344827586,0.905172413793103,116
"SGroup-RandomForest","53",1.0312490616158,1.02900022537261,20.7281128185907,0.369949455898503,1.06383359171639,1.11414181709335,32.1758620689655,0.578792427027705,0.362068965517241,0.96551724137931,116
"SGroup-RandomForest","54",1.06998514832809,1.02355241282428,23.4519329085457,0.49977730491722,1.08152230674116,1.03756734593262,34.2491379310345,0.75826716253583,0.362068965517241,0.827586206896552,116
"SGroup-RandomForest","55",1.03842180945413,1.03497115749012,32.6027117691154,0.450469672525605,1.11606733421157,1.09578296012539,51.2198275862069,0.713158504514314,0.405172413793103,0.896551724137931,116
"SGroup-RandomForest","56",1.00487538238499,1.16865553405649,8.98856671664168,0.544784780306501,1.06340528321138,1.17891211172096,13.3413793103448,0.84996831769045,0.344827586206897,0.793103448275862,116
"SGroup-RandomForest","72",0.943116712558777,0.984190267733492,12.3508935532234,0.200555193075446,0.958274203993846,1.0337021605886,18.8181034482759,0.293021331640302,0.672413793103448,0.991379310344828,116
"SigSci-CREG","01",1.33864937249226,1.35615890941771,45.2113545150502,0.573417643883338,1.19295782646802,1.16758988116202,56.4615384615385,0.746687940488043,0.298076923076923,0.519230769230769,104
"SigSci-CREG","02",1.04482465559533,0.981683520805638,4.2626254180602,0.382360303582448,1.02947526867136,1.03624611995386,6.28846153846154,0.589973835559939,0.567307692307692,0.894230769230769,104
"SigSci-CREG","04",1.36523775546727,0.955283235602153,119.878714555766,0.404053929886089,1.44210520452961,1.02220119783335,168.532608695652,0.535282829693118,0.554347826086957,0.706521739130435,92
"SigSci-CREG","05",1.28350828730142,0.978328883270249,39.9691680602007,0.466972999869263,1.26228277758975,0.981308408917178,55.5096153846154,0.637146708066683,0.336538461538462,0.740384615384615,104
"SigSci-CREG","06",1.2541596026389,0.931645004818068,121.96189229249,0.414635351341014,1.37792657923531,1.17247597533722,182.386363636364,0.645960612785934,0.443181818181818,0.806818181818182,88
"SigSci-CREG","08",1.39706714392174,1.07373993156348,39.8624456521739,0.388240532245844,1.30155895520384,1.06966953564442,55.8958333333333,0.56580009665149,0.447916666666667,0.770833333333333,96
"SigSci-CREG","09",1.35760130194165,1.19654555231094,21.9806823671498,0.51930625191369,1.35580068777936,1.24803791573648,32.3472222222222,0.811772132123227,0.277777777777778,0.805555555555556,72
"SigSci-CREG","10",1.06994003443529,1.04474203982263,5.2714,0.423289604174387,0.94312018371878,0.922470759785316,6.97,0.586458375465307,0.6,0.87,100
"SigSci-CREG","12",1.41472921314455,1.2259177662037,178.638419384058,0.313433721102307,1.2500107900722,1.10641019639293,234.145833333333,0.433280675267525,0.333333333333333,0.625,96
"SigSci-CREG","13",1.44967329979099,1.06566612671366,104.032104743083,0.49625593809249,1.50492228621631,1.06001004847013,130.204545454545,0.676739577718832,0.306818181818182,0.693181818181818,88
"SigSci-CREG","15",1.11728693626412,0.961848040845359,5.27834057971014,0.309822636268265,1.11192423685796,0.987158265594029,7.99166666666667,0.463648390169186,0.45,0.883333333333333,120
"SigSci-CREG","16",1.17331871272569,1.23939072054998,15.3474782608696,0.731702226265063,1.12472105128967,1.2817470112835,20.2625,1.11260060252424,0.4125,0.85,80
"SigSci-CREG","17",0.970106403010484,1.10116438278252,35.8325869565217,0.500984053292862,1.08994489159533,1.27426873976973,58,0.808766302740269,0.283333333333333,0.9,60
"SigSci-CREG","18",1.12203747597554,1.01512475840592,42.9087137681159,0.436884055341593,1.1677096436478,1.04723468943988,67.2777777777778,0.678781751860857,0.305555555555556,0.805555555555556,72
"SigSci-CREG","19",1.19904629313877,1.22959550577637,15.5706202046036,0.649914027748741,1.18944773209977,1.27041838836187,22.5735294117647,1.01285500993902,0.338235294117647,0.764705882352941,68
"SigSci-CREG","20",1.17573197944169,1.13947688193195,16.7351956521739,0.51770794400526,1.08346899609431,1.14260622583438,22.4875,0.752237000623795,0.4375,0.75,80
"SigSci-CREG","21",1.30686834233141,1.17536520729321,29.1086384439359,0.541575702848316,1.21914262190038,1.24103904379543,39.9868421052632,0.823550235826077,0.381578947368421,0.842105263157895,76
"SigSci-CREG","22",1.00372569835914,1.0440796040764,32.2645608695652,0.394253444039312,1.02547857367972,1.0880389438605,44.26,0.593830619178002,0.25,0.73,100
"SigSci-CREG","23",1.43080376114548,1.30673982099708,10.4446684782609,0.538489026281764,1.24774066132694,1.20402696993301,13.1375,0.768180672944886,0.5875,0.725,80
"SigSci-CREG","24",1.14701239652914,1.04624731661836,29.6061956521739,0.565597823748565,1.15952737596426,0.995050912751702,41.225,0.816210372627476,0.325,0.7125,80
"SigSci-CREG","25",1.19629269821347,1.24087540662789,61.6449124788255,0.520165823391772,1.16583493097371,1.34730405763464,84.5194805194805,0.77688413331588,0.220779220779221,0.766233766233766,80
"SigSci-CREG","26",1.00933351056567,1.04593234931925,116.90074048913,0.523656343637919,1.00540219920688,1.15776375343248,159.125,0.78264729684012,0.265625,0.640625,64
"SigSci-CREG","27",1.46523363275047,1.39838659766134,20.7363612040134,0.726238187766422,1.54510348565349,1.56491043609697,32.4615384615385,1.19366105630741,0.307692307692308,0.815384615384615,68
"SigSci-CREG","28",1.28211664704253,1.08400214630815,37.1083403010033,0.37852373345262,1.22854751062518,1.12465193149842,46.7596153846154,0.519776282881389,0.355769230769231,0.701923076923077,104
"SigSci-CREG","29",1.16637184423934,1.13203453694044,32.718410326087,0.47684074544526,1.16052870321621,1.26573955848025,46.78125,0.74694860906466,0.375,0.859375,64
"SigSci-CREG","30",1.01493164265354,1.05404215730636,11.3658152173913,0.551300520094533,1.06056217523133,1.03950293321571,16.1458333333333,0.873469216222872,0.46875,0.791666666666667,96
"SigSci-CREG","31",1.39657820953886,1.3238394630643,15.1490739130435,0.620995246148247,1.35685002451401,1.34433260191419,22.21,0.919653196479046,0.27,0.71,100
"SigSci-CREG","32",1.28132918763423,1.12650793595392,21.8541806020067,0.489014022859514,1.22739129563514,1.16430938201628,31.0769230769231,0.728531485795885,0.538461538461538,0.817307692307692,104
"SigSci-CREG","33",1.18233576352795,1.24147375262467,7.52345813204509,0.530324293491666,1.11147671172554,1.11443413750043,10.712962962963,0.768013747273778,0.453703703703704,0.833333333333333,108
"SigSci-CREG","34",0.965435404648171,0.937675568474019,45.8364759725401,0.392405727512326,1.02255823419696,1.00097585184634,66.3552631578947,0.577652594910434,0.447368421052632,0.842105263157895,76
"SigSci-CREG","35",1.11723282337868,0.983170070132062,22.5349739130435,0.447995377220631,1.11969873792375,1.05841201218249,30.41,0.665941117061805,0.44,0.88,100
"SigSci-CREG","36",1.02646977788359,1.10031731004595,69.9925296442688,0.55165564206603,1.08981213123923,1.23789856484099,106.545454545455,0.858808303539041,0.25,0.795454545454545,44
"SigSci-CREG","37",1.46184617767422,1.13279445004642,107.436819470699,0.640468206003134,1.5020915325921,1.06500773651862,139.402173913043,0.871369226984405,0.380434782608696,0.728260869565217,92
"SigSci-CREG","38",1.08430060992492,1.173400150727,5.74986312399356,0.469603457679432,0.98382463154632,0.996171780336855,7.86111111111111,0.665871135521643,0.518518518518518,0.796296296296296,108
"SigSci-CREG","39",1.50485373833773,1.19213864881811,84.5591304347826,0.584288942676394,1.52424323840104,1.23966567636199,119.921052631579,0.829190800739995,0.263157894736842,0.592105263157895,76
"SigSci-CREG","40",1.29448734640437,1.2263743297431,35.5337215320911,0.52977939516027,1.2989971754614,1.3478551357477,52.3095238095238,0.840530389496309,0.25,0.869047619047619,84
"SigSci-CREG","41",1.8568463038459,2.08881901222215,21.5126811594203,0.729856738312861,1.92013380226481,2.37958867670178,30.5,1.10418165607274,0.333333333333333,0.773809523809524,84
"SigSci-CREG","42",0.952207690696451,0.876007759129842,53.5992874396135,0.317667793107248,0.959526191246149,0.945615777560532,75.0833333333333,0.46379332887376,0.555555555555556,0.861111111111111,72
"SigSci-CREG","44",1.10167876516888,1.13689130275929,5.17533043478261,0.463579805491265,1.03910550603039,1.08555428387802,7.02,0.70530987146796,0.44,0.86,100
"SigSci-CREG","45",1.37039838981284,0.982254068705411,63.9260822306238,0.340955096839735,1.38054824685764,1.01465663120418,81.3152173913043,0.465857092127969,0.358695652173913,0.728260869565217,92
"SigSci-CREG","46",1.18759438856532,1.11309910366297,8.95388695652174,0.52563527966202,1.09529220422107,1.01157996448731,12.48,0.753177048918863,0.48,0.72,100
"SigSci-CREG","47",1.22726415446935,1.13781723865529,39.5312700228833,0.36892248662728,1.18278642826055,1.21029548718588,53.2763157894737,0.536366455796839,0.263157894736842,0.723684210526316,76
"SigSci-CREG","48",1.07163780228773,1.29233515082168,120.030177345538,0.620451461702086,1.08401332837115,1.13493952001111,174.578947368421,0.794801127388389,0.355263157894737,0.684210526315789,76
"SigSci-CREG","49",1.43104350274593,1.57742714280751,9.25892080745342,0.645359835356338,1.4323527398469,1.73316402236927,12.8839285714286,1.05295024525452,0.321428571428571,0.857142857142857,112
"SigSci-CREG","50",1.52535786509298,1.65135534265665,4.72229743083004,0.645415832228936,1.44538298984749,1.6443372656041,7.14772727272727,1.09198599503739,0.306818181818182,0.806818181818182,88
"SigSci-CREG","51",1.18277877642167,1.03580624859613,60.3481935817805,0.310356661817839,1.14590690054829,1.08075523849901,79.9642857142857,0.4338580771553,0.285714285714286,0.642857142857143,84
"SigSci-CREG","53",1.05301220325034,1.08081912418116,16.7633412098299,0.38088710932717,1.12953703440426,1.1724240770091,26.695652173913,0.591548329482342,0.478260869565217,0.923913043478261,92
"SigSci-CREG","54",1.20425059759485,1.12778275086878,26.321277173913,0.568364683437563,1.2067270491418,1.08594882549977,38.0803571428571,0.81842634207966,0.303571428571429,0.75,112
"SigSci-CREG","55",1.10026692584519,1.10207817797444,30.7929302536232,0.517152979304127,1.07918114643697,1.08402164511329,44.2291666666667,0.761136830797964,0.354166666666667,0.78125,96
"SigSci-CREG","56",1.3689476481123,1.22875112293964,11.5856211180124,0.566014424165878,1.41179817187434,1.22227321856609,16.7678571428571,0.868130864577399,0.348214285714286,0.732142857142857,112
"SigSci-TSENS","01",0.881735896454519,0.909856675799588,31.9513115942029,0.362317888435104,0.954147367089774,0.906647539821901,48.925,0.550882384530168,0.508333333333333,0.925,120
"SigSci-TSENS","02",0.977563587844093,0.99573296043361,4.07466666666667,0.381192201746311,0.954925294642081,0.949819278305946,6.09166666666667,0.537883631858417,0.666666666666667,0.908333333333333,120
"SigSci-TSENS","04",0.765024639370554,1.03745096189672,92.4794827586207,0.479150635445189,0.9088317829496,0.964480565357495,142.405172413793,0.555100158856259,0.655172413793103,0.913793103448276,116
"SigSci-TSENS","05",0.996858106508827,0.928392010896467,33.7879891304348,0.433136555447271,1.03151296965354,0.904065761663758,49.9666666666667,0.583498545511439,0.591666666666667,0.9,120
"SigSci-TSENS","06",0.849523417023608,0.961579089014569,155.531467391304,0.42075823177146,0.882987354776023,0.829908956782032,231.908333333333,0.462587679371247,0.675,0.9,120
"SigSci-TSENS","08",0.938742754421921,0.956654801765004,32.062134057971,0.346952146570861,0.887447990025245,0.799961188527019,45.85,0.424985048293563,0.483333333333333,0.808333333333333,120
"SigSci-TSENS","09",0.985951795425526,0.988081844797373,24.0441231884058,0.383543786633848,0.99134537795613,0.862319135626153,37.2083333333333,0.502804476658604,0.525,0.925,120
"SigSci-TSENS","10",0.894588930630953,0.945563977980192,5.63921376811594,0.377749998277729,0.896598132132247,0.902767292628721,8.25,0.551103990161084,0.608333333333333,0.941666666666667,120
"SigSci-TSENS","12",0.793415671457449,0.783184326080913,100.803793478261,0.186319064786704,0.845326217096496,0.787408568660342,160.383333333333,0.286782066335736,0.516666666666667,0.941666666666667,120
"SigSci-TSENS","13",0.847486681208623,0.928784722705641,84.6440217391304,0.434774618385782,0.932049730925228,0.966703513307462,113.862068965517,0.621932311516684,0.508620689655172,0.775862068965517,116
"SigSci-TSENS","15",0.877552785293177,0.828179076830789,4.19789130434783,0.271535554880043,0.855557155090814,0.827112617265092,6.23333333333333,0.396095941636173,0.4,0.816666666666667,120
"SigSci-TSENS","16",0.952794374928642,0.946484079632258,17.7252246376812,0.488960610883767,0.96611713022023,0.893203125375072,26,0.691097985554633,0.6,0.866666666666667,120
"SigSci-TSENS","17",0.845243531644854,0.992524112869041,49.8967065217391,0.405447532972372,0.817372888636054,0.746869530071011,74.1083333333333,0.435021420866655,0.641666666666667,0.958333333333333,120
"SigSci-TSENS","18",0.923261072414008,0.896734847533177,51.5608731884058,0.343063980496032,0.889610621959132,0.749820367054223,73.7916666666667,0.431378655193561,0.7,0.95,120
"SigSci-TSENS","19",0.983963341346931,0.985370423577168,20.0984637681159,0.437034330909379,0.998919454362313,0.857144050354252,30.45,0.575861721339946,0.55,0.891666666666667,120
"SigSci-TSENS","20",0.887008523794927,0.951933467001105,16.5152463768116,0.404940243053133,0.928705748042946,0.887552368028528,25.5666666666667,0.547545655640626,0.583333333333333,0.908333333333333,120
"SigSci-TSENS","21",0.995900681808791,1.12658652429198,34.2836884057971,0.469205365679907,0.968293706666634,0.862164186347797,50.35,0.512210514143085,0.691666666666667,0.966666666666667,120
"SigSci-TSENS","22",0.81864789601456,0.90699626899721,32.2638152173913,0.344775651450805,0.953634824021113,0.829406091129261,50.8083333333333,0.451045019865729,0.558333333333333,0.908333333333333,120
"SigSci-TSENS","23",1.03949946356182,1.15432011382119,9.93851086956522,0.457623653120117,1.08066135590163,1.04104767587754,15.6583333333333,0.646171486630473,0.608333333333333,0.941666666666667,120
"SigSci-TSENS","24",1.03931587996286,0.960032171051268,42.2435905797101,0.479278313925672,0.983714112023756,0.739709668210215,56.85,0.568241623214499,0.458333333333333,0.741666666666667,120
"SigSci-TSENS","25",1.08588097335958,0.955699021944434,76.0859912245712,0.367310306206548,0.990102562077885,0.733263060487142,102.339449541284,0.391365106016007,0.458715596330275,0.752293577981651,112
"SigSci-TSENS","26",0.977350132186061,0.975792538748323,112.340026236882,0.442556417103884,0.972420757200067,0.883852973080706,159.465517241379,0.554377219659635,0.456896551724138,0.741379310344828,116
"SigSci-TSENS","27",0.832977776297701,0.759756850399258,18.0286287625418,0.321373756822637,0.806061121804027,0.623440230486515,26.6410256410256,0.384940367800719,0.675213675213675,0.94017094017094,120
"SigSci-TSENS","28",0.978899631344781,1.12280756350239,31.1092717391304,0.395105497669513,0.963717849052433,1.10196566429675,41.45,0.523844586454097,0.5,0.791666666666667,120
"SigSci-TSENS","29",0.847541426855208,1.0049480294088,44.8000797101449,0.394917158623578,0.870810914851216,0.73804990849562,68.1416666666667,0.409537986733594,0.575,0.941666666666667,120
"SigSci-TSENS","30",1.03551510785004,0.967550777942389,16.2052137681159,0.514423303122326,1.00864623691629,0.819479466383845,21.1583333333333,0.6943521562437,0.475,0.741666666666667,120
"SigSci-TSENS","31",0.971640050985339,0.840662595169005,10.5476304347826,0.365284561014695,0.959652958703621,0.766467223398843,15.9,0.483639322265568,0.55,0.883333333333333,120
"SigSci-TSENS","32",0.864274524558945,1.08652153229624,15.9061195652174,0.454061833766054,0.847470542159949,0.867360532605283,23.6416666666667,0.527100594093907,0.708333333333333,0.966666666666667,120
"SigSci-TSENS","33",0.93542602699039,0.929079994682597,6.1448115942029,0.386404855608793,0.941884636221683,0.869264883288875,9.48333333333333,0.586611881636729,0.675,0.958333333333333,120
"SigSci-TSENS","34",0.913169984390622,0.962162025250319,72.728152173913,0.389475788520668,0.897596484609405,0.795622008405779,100.291666666667,0.451681902071363,0.675,0.875,120
"SigSci-TSENS","35",0.910016305139929,1.08278304171095,24.077865942029,0.485975719485478,0.916286445940555,0.896261096238447,33.8916666666667,0.557922002144962,0.658333333333333,0.85,120
"SigSci-TSENS","36",1.0523513887667,1.01947825310869,143.780206146927,0.402546853169388,1.06994169264523,0.879441341238802,208.405172413793,0.480290676116677,0.379310344827586,0.775862068965517,116
"SigSci-TSENS","37",0.819074765758834,0.938586439974975,97.0828973013493,0.4870824720801,0.962820870513984,0.760875217717794,143.051724137931,0.572078377311789,0.603448275862069,0.853448275862069,116
"SigSci-TSENS","38",0.865905404900092,0.801027560378199,5.10352173913043,0.316729343650622,0.847200457241649,0.717016306842805,7.51666666666667,0.474224329241752,0.616666666666667,0.908333333333333,120
"SigSci-TSENS","39",0.957530478812628,1.03429407921449,78.0703635682159,0.456140205131766,1.01022554563199,0.966655905256586,115.76724137931,0.582384174613809,0.448275862068966,0.793103448275862,116
"SigSci-TSENS","40",0.773560434023874,0.898883159034458,35.2506739130435,0.383946833744944,0.85890481014371,0.817303784902672,57.3666666666667,0.496350967350007,0.75,1,120
"SigSci-TSENS","41",1.09412170774223,1.47226345077945,17.9262862318841,0.513480693536903,1.04447500851614,1.09919300304859,24.225,0.507220241565456,0.816666666666667,1,120
"SigSci-TSENS","42",0.822035712863956,0.898061533617182,81.1792101449275,0.319818024979145,0.885897473622529,0.810689741294987,125.083333333333,0.392861288884445,0.575,0.916666666666667,120
"SigSci-TSENS","44",1.10113927980636,0.976425536713178,6.77804347826087,0.394189239512318,1.0742006176599,0.925107342979115,9.56666666666667,0.590026167118692,0.483333333333333,0.775,120
"SigSci-TSENS","45",1.13393507543416,1.0692436020184,72.6263643178411,0.427554206524407,1.08753559097712,0.946694757106135,85.5258620689655,0.501538264020649,0.551724137931034,0.732758620689655,116
"SigSci-TSENS","46",0.964364072052453,0.937813293893622,8.0707463768116,0.439536564871485,0.947119287359738,0.845315794859404,12.2583333333333,0.635382717432427,0.475,0.816666666666667,120
"SigSci-TSENS","47",0.907506097826608,0.947473110152784,49.0523550724638,0.32311735236881,0.926104871092493,0.863450412936075,71.6583333333333,0.412759655237198,0.616666666666667,0.9,120
"SigSci-TSENS","48",0.890959131860897,0.898227730494297,161.099297101449,0.3650082846492,0.936054424574736,0.924021887248159,242.2,0.566725350319076,0.433333333333333,0.866666666666667,120
"SigSci-TSENS","49",0.96834764734575,0.934710622393497,7.92480797101449,0.390000134672386,0.911233127115342,0.869653478343134,10.625,0.540908167844015,0.625,0.825,120
"SigSci-TSENS","50",0.904111762607117,0.868001569851301,3.34097826086957,0.314549237933756,0.901436557524211,0.789683110116912,5.38333333333333,0.484114936750534,0.583333333333333,0.983333333333333,120
"SigSci-TSENS","51",0.897299812011496,0.907671475434813,64.5241956521739,0.306145633165834,0.974504329791147,0.907337017780658,91.6916666666667,0.407412852642964,0.483333333333333,0.891666666666667,120
"SigSci-TSENS","53",0.965150560515519,1.30027298202987,21.2050398550725,0.466193725453833,0.891672481564815,0.91519159923261,29.9083333333333,0.484089128252463,0.858333333333333,1,120
"SigSci-TSENS","54",0.949357885031304,0.925803783250763,21.484134057971,0.4536441883652,0.926307494038397,0.787207024038606,30.9,0.586797357143296,0.558333333333333,0.833333333333333,120
"SigSci-TSENS","55",0.868663935244929,0.893075554523662,29.4180036231884,0.395131717656978,0.898335218493563,0.83519548348911,44.975,0.554171818373374,0.566666666666667,0.916666666666667,120
"SigSci-TSENS","56",1.00920067306214,0.956290639234475,9.28177898550725,0.43831893069568,0.99955380075158,0.925587647972754,12.9416666666667,0.656407296043134,0.483333333333333,0.741666666666667,120
"Stevens-GBR","01",0.796943027039454,1.11258924376814,29.1537657426089,0.457090804226148,0.780923575813788,0.952876790287565,40.4770716776863,0.591617512996801,0.224137931034483,0.758620689655172,116
"Stevens-GBR","02",0.976976176995088,0.953442639383814,3.99730884333147,0.3634478529974,0.92640199607315,0.937635279000696,5.70034662589279,0.521525567165563,0.28448275862069,0.870689655172414,116
"Stevens-GBR","04",0.84339237973718,0.936519498005124,112.231247005235,0.43829338123224,0.774990714392916,0.953108031274511,132.649090937578,0.550145548441967,0.258620689655172,0.681034482758621,116
"Stevens-GBR","05",1.11042775601635,1.0173693863612,37.8832065522428,0.477215778779397,1.12737177939508,0.993247010842587,53.4218900718063,0.623515187453677,0.241379310344828,0.724137931034483,116
"Stevens-GBR","06",0.923067167585972,0.992256061878988,174.54510400699,0.441006328762446,0.742060472197239,0.915722700408442,201.116936177289,0.516727813098024,0.172413793103448,0.586206896551724,116
"Stevens-GBR","08",0.981627670061782,1.08194524805459,34.557763362191,0.396571847308744,0.902917167886006,1.01887469967072,47.9378453301815,0.543848077286048,0.181034482758621,0.827586206896552,116
"Stevens-GBR","09",0.993974602718721,1.02889891153026,25.412598965705,0.389833186888014,0.933309546142773,0.959168731789202,35.8994521652374,0.543272391318086,0.258620689655172,0.818965517241379,116
"Stevens-GBR","10",0.917945352783028,1.04915746882661,5.8782167325071,0.417784388184329,0.931004498190236,1.01832774985466,8.54843668998703,0.613495508107084,0.301724137931034,0.741379310344828,116
"Stevens-GBR","11",0.823074973066872,0.969905785029217,6.36269252231816,0.436736181120815,0.899027551596394,0.903219742400497,9.73023923109522,0.650988853238938,0.353448275862069,0.71551724137931,116
"Stevens-GBR","12",1.77648728247729,2.12500092207926,228.967843119818,0.507644402856692,1.30828639079058,1.5368862656996,250.093646877172,0.558978919267076,0.137931034482759,0.370689655172414,116
"Stevens-GBR","13",1.08335957457247,1.35771674859008,120.319880028473,0.64658847711873,1.07354430999758,1.30027883103838,145.505997870317,0.843248895292502,0.172413793103448,0.543103448275862,116
"Stevens-GBR","15",1.06054586326128,1.14279014989613,5.0619431701134,0.374931632090776,1.0078475648529,1.11681289855044,7.3408333266281,0.531300996723262,0.232758620689655,0.862068965517241,116
"Stevens-GBR","16",0.92360218771296,1.08428476588041,18.0945324359928,0.574071966936113,0.954129227617554,1.00166080930191,26.7665392514525,0.777491824032241,0.241379310344828,0.75,116
"Stevens-GBR","17",0.933883646667604,1.0237127497781,56.6364039855847,0.418379079131692,0.821049345593985,0.892593362424076,73.9514893842062,0.516427898626823,0.258620689655172,0.732758620689655,116
"Stevens-GBR","18",1.13013864955739,1.06999510961926,63.7966272044993,0.408679749565282,1.02446814357815,0.933435822522681,84.6131099058528,0.527849597566847,0.172413793103448,0.603448275862069,116
"Stevens-GBR","19",0.902328704710339,0.893820888926822,19.1683268611046,0.398748039891062,0.895067546903485,0.799498997914542,28.1076517415044,0.532749937456144,0.21551724137931,0.801724137931034,116
"Stevens-GBR","20",0.976092120881066,0.96271348226698,18.8341926866294,0.412109657957998,1.02774774209013,0.932391888610901,29.3024273290214,0.573689523186749,0.232758620689655,0.758620689655172,116
"Stevens-GBR","21",1.20178739464318,1.16064071346087,43.084850074844,0.489349001326587,1.11735718219573,1.0675331420761,60.1343023651193,0.644914627982097,0.232758620689655,0.732758620689655,116
"Stevens-GBR","22",0.723646022301496,0.951879341336898,28.7067947182312,0.364972364406738,0.719672392855882,0.868897006123237,38.7218980613367,0.474646899077476,0.206896551724138,0.741379310344828,116
"Stevens-GBR","23",0.869745220553654,0.837304857995276,8.50800946564087,0.329850841443509,0.864303709341065,0.802185841827207,12.6923763798424,0.490941551782052,0.362068965517241,0.827586206896552,116
"Stevens-GBR","24",0.854090752594276,1.02080507693024,35.5085429674229,0.517572726429704,0.871483185593158,0.914528951847118,51.1707327656902,0.708382724209377,0.189655172413793,0.732758620689655,116
"Stevens-GBR","25",1.29169135457024,1.27213265254785,97.3658117241436,0.499681767687483,1.13863992981437,1.21471374959416,122.373652520084,0.658475238554411,0.146788990825688,0.486238532110092,112
"Stevens-GBR","26",1.22698180272918,1.12583438871965,144.491618494309,0.504652408649083,1.06247398539342,1.02120246485581,175.809231570094,0.633717142627148,0.120689655172414,0.448275862068966,116
"Stevens-GBR","27",1.09611766885322,0.995365398739433,25.4104898821439,0.417091387288327,1.14162969889571,0.932551646867664,39.8220692422587,0.572687459323502,0.221238938053097,0.84070796460177,116
"Stevens-GBR","28",0.850362182155108,0.900778691331923,27.1835378431665,0.315690108514174,0.919152572281742,0.957502219633113,39.9124770948953,0.447610406553626,0.163793103448276,0.836206896551724,116
"Stevens-GBR","29",0.97922015071284,0.949327237856947,54.4603616430176,0.373046081509363,0.918627565105346,0.89254265620314,74.5866929534372,0.494701173170639,0.189655172413793,0.706896551724138,116
"Stevens-GBR","30",0.75105354792275,0.902285850068203,12.1924824634188,0.48197688947853,0.83988455194833,0.777303918228876,18.1535852423708,0.650212244365109,0.224137931034483,0.629310344827586,116
"Stevens-GBR","31",1.36036741616016,1.20145907712576,15.2622351885278,0.525771698466742,1.40365086786432,1.17370444949732,23.9598015906298,0.74620099045154,0.198275862068966,0.75,116
"Stevens-GBR","32",0.829782665137239,1.01846425140415,15.6107446432728,0.43164468476403,0.790730862856332,0.964252868711532,22.4116159873135,0.584240853974901,0.25,0.870689655172414,116
"Stevens-GBR","33",1.06309787196982,1.11529441058224,7.52396438262527,0.471209038245889,1.07280838752345,0.964575158728826,11.5439899182576,0.653193044308739,0.181034482758621,0.767241379310345,116
"Stevens-GBR","34",1.12141930835004,1.28028722691622,91.1696721206003,0.517340404948967,0.96554949655259,1.14143451085411,108.72683122718,0.642999376363662,0.137931034482759,0.646551724137931,116
"Stevens-GBR","35",0.77798447956503,0.891296261868017,21.6687803028755,0.397916418730847,0.800530132589005,0.929444674665225,30.788578935634,0.571772476232896,0.189655172413793,0.818965517241379,116
"Stevens-GBR","36",1.32674062020238,1.34054862343398,186.487200308709,0.538598025395336,1.11942586448692,1.18014232512638,223.640225464622,0.656813712179219,0.137931034482759,0.379310344827586,116
"Stevens-GBR","37",0.760720279707527,1.17284463387386,90.184574701754,0.651706861977054,0.74077083952177,1.01812376607183,108.619110197883,0.81615151829899,0.120689655172414,0.568965517241379,116
"Stevens-GBR","38",0.904802795241007,1.01817055223335,5.53128185803258,0.399564359574031,0.868910875546915,0.844118195946586,7.82403706216057,0.54431291362948,0.310344827586207,0.78448275862069,116
"Stevens-GBR","39",1.14950011498874,1.05578730286573,98.3631402079806,0.479727459007372,1.05139742064838,0.961480533888902,124.899804031284,0.596599334150423,0.172413793103448,0.508620689655172,116
"Stevens-GBR","40",0.739719544443981,0.829062200062718,34.3443725938812,0.35324501474748,0.693807305394549,0.78653005627415,46.8758585280696,0.474008454955406,0.25,0.75,116
"Stevens-GBR","41",1.00668111712164,0.92602285219038,17.1091932199307,0.321626245028315,1.11124164103201,0.992640547178071,26.6238936169122,0.454961474044359,0.232758620689655,0.862068965517241,116
"Stevens-GBR","42",0.995658872354028,1.12312026111108,101.658899189831,0.397756379856588,0.891055737620393,1.02843104300027,128.994903966964,0.4946155057991,0.21551724137931,0.560344827586207,116
"Stevens-GBR","44",0.729172934099489,0.82994197605873,4.65623141491091,0.338583277167398,0.767607373062225,0.781292784259655,7.04693902092361,0.499541311565977,0.318965517241379,0.793103448275862,116
"Stevens-GBR","45",0.747197311320815,0.997453553029041,50.866130501942,0.401494976187213,0.757124353652693,0.987456443074018,63.6946831616963,0.524276546859715,0.155172413793103,0.767241379310345,116
"Stevens-GBR","46",1.18196993038905,1.01259839161189,10.3832033402799,0.48348657173371,1.29428047316635,0.960738171515607,17.2242223607489,0.720775992641517,0.25,0.689655172413793,116
"Stevens-GBR","47",0.933978613936832,1.18144629257579,50.9818021359269,0.404949130873644,0.844894855735819,1.10763910347032,64.7201166230247,0.523609067381328,0.206896551724138,0.75,116
"Stevens-GBR","48",1.99653007907666,1.83354250439965,366.823418298075,0.738209335040616,1.52021328330804,1.33428970000803,403.154178923049,0.809473051847531,0.155172413793103,0.353448275862069,116
"Stevens-GBR","49",1.06282848919458,1.06278174154734,8.93683147767532,0.452947155691224,1.14283628056864,1.01878346344497,13.6746108668087,0.636446235758523,0.25,0.758620689655172,116
"Stevens-GBR","50",1.00869822973128,1.00647927665589,3.83684169546371,0.361246930352524,0.996818472302719,0.891465501263667,6.01473013568013,0.531058781874238,0.318965517241379,0.844827586206897,116
"Stevens-GBR","51",0.927504878856943,1.2552791779332,67.5442407713521,0.428346083897276,0.914580105310869,1.25866740335899,87.1427703747174,0.56919161812131,0.241379310344828,0.758620689655172,116
"Stevens-GBR","53",0.730361251068684,0.699695668837653,15.9875010211648,0.236561655646597,0.724652028200701,0.714296628791407,24.2418079888043,0.348958337522427,0.318965517241379,0.896551724137931,116
"Stevens-GBR","54",1.09053269211386,1.04577355735753,25.5907476952602,0.518746274312436,1.09646381099547,0.941219332024226,37.4555750624548,0.693693101661058,0.206896551724138,0.732758620689655,116
"Stevens-GBR","55",0.964436140471423,0.969008446020919,34.541907942326,0.426762037097178,0.976078028827088,0.878766030279931,51.4386695835756,0.573823722686518,0.206896551724138,0.793103448275862,116
"Stevens-GBR","56",0.783741782253211,0.941395245256492,7.45944919233786,0.431905032415994,0.848856350888804,0.885367180517361,11.3380444742915,0.624633163328417,0.301724137931034,0.724137931034483,116
"Stevens-GBR","72",1.08297878460101,1.15402651985085,14.3428872968463,0.246530643830702,0.993878911078313,1.15216787858978,19.1184687265736,0.33232215676597,0.241379310344828,0.948275862068966,116
"UGA_flucast-Copycat","01",0.802106518540221,0.813837883703558,32.138745819398,0.337698343090663,0.807229639117452,0.777101996196132,45.7788461538462,0.492391627584619,0.403846153846154,0.788461538461538,104
"UGA_flucast-Copycat","02",1.10216848446674,0.970258623526816,3.98526337792642,0.353754588611588,1.07175549778764,1.00839049543727,5.91346153846154,0.542313802210485,0.413461538461538,0.865384615384615,104
"UGA_flucast-Copycat","04",0.804290237472666,0.629226812875319,111.846668060201,0.269350991298401,0.870537488103842,0.713639591645169,157.375,0.379007022995411,0.471153846153846,0.769230769230769,104
"UGA_flucast-Copycat","05",0.899837867843059,0.822531400614935,32.8598494983278,0.406343272609894,0.987332841170691,0.889267636314956,50.125,0.587469089670251,0.317307692307692,0.778846153846154,104
"UGA_flucast-Copycat","06",0.750647408621692,0.637608385247404,155.426826923077,0.277153245306563,0.773842658569236,0.737468473430478,230.076923076923,0.409856362491526,0.471153846153846,0.875,104
"UGA_flucast-Copycat","08",0.887508439822468,0.82164760919127,33.3711371237458,0.283454977354585,0.856760001249539,0.849123796475401,48.625,0.429722986846148,0.375,0.855769230769231,104
"UGA_flucast-Copycat","09",0.924536653810844,1.02338401191826,24.7396362876254,0.375163504718592,0.937756606472465,1.00801458247435,37.8846153846154,0.55255206683879,0.365384615384615,0.826923076923077,104
"UGA_flucast-Copycat","10",1.04585143317336,0.943502914126958,6.44197324414716,0.366042081914757,1.05852487069686,0.90758096675537,9.45192307692308,0.539937049299091,0.442307692307692,0.846153846153846,104
"UGA_flucast-Copycat","11",0.842187195321435,0.960722963638291,6.79477006688963,0.417469320013553,0.826609002515238,0.860222470886746,9.46153846153846,0.597640620864172,0.480769230769231,0.836538461538462,104
"UGA_flucast-Copycat","12",1.19605199540249,0.977828811207031,156.70595735786,0.219031121267081,1.16805585275931,0.958402161818539,227.403846153846,0.327761785810601,0.423076923076923,0.875,104
"UGA_flucast-Copycat","13",0.690377237213443,0.726710029086182,82.9026463210702,0.345917686519321,0.718605658468354,0.748984204254392,105.980769230769,0.487418660532687,0.480769230769231,0.798076923076923,104
"UGA_flucast-Copycat","15",1.27813786790006,1.1468861284985,6.3692516722408,0.373532935412081,1.24665514511975,1.15968419827262,9.50961538461539,0.553167520832588,0.317307692307692,0.826923076923077,104
"UGA_flucast-Copycat","16",0.75191269799182,0.867968994386115,15.5391003013345,0.435544524899318,0.743220349988917,0.850425772748348,22.1782178217822,0.63481250797754,0.346534653465347,0.821782178217822,101
"UGA_flucast-Copycat","17",0.887562155967379,0.811346454861871,58.5802550167224,0.332596845009503,0.838209061463115,0.817087667483277,82.2884615384615,0.477932553999227,0.403846153846154,0.836538461538462,104
"UGA_flucast-Copycat","18",1.05855233306321,0.840665873538856,62.9888085284281,0.302754403876492,1.06419286209089,0.858631992493839,93.75,0.464313135707793,0.336538461538462,0.788461538461538,104
"UGA_flucast-Copycat","19",1.02380522488421,0.941444035370872,21.2879849498328,0.402924133040096,1.00257532815186,0.928393882219755,30.8269230769231,0.592584992453671,0.307692307692308,0.740384615384615,104
"UGA_flucast-Copycat","20",1.06913913512645,0.99168332655376,21.218147993311,0.419968321171504,0.971867201557238,0.958607509655716,28.4230769230769,0.586450894519153,0.384615384615385,0.682692307692308,104
"UGA_flucast-Copycat","21",0.887466170767427,0.799405872919986,34.4880351170569,0.351513671137778,0.858963000901547,0.807791892898417,50.7596153846154,0.518421312203563,0.365384615384615,0.817307692307692,104
"UGA_flucast-Copycat","22",0.796998095012019,0.716721140928909,34.1128469899666,0.265030722488226,0.856484856417841,0.760177015792246,49.4615384615385,0.401919440300807,0.451923076923077,0.817307692307692,104
"UGA_flucast-Copycat","23",1.10512454977121,0.951203305447318,10.7007650501672,0.368476107556316,1.05536409051995,0.899979039682336,15.3653846153846,0.543081493981478,0.471153846153846,0.788461538461538,104
"UGA_flucast-Copycat","24",0.807041936758337,0.861733486831468,35.9501755852843,0.426485337916629,0.843379140832576,0.825914554552495,52.7403846153846,0.62248577447927,0.326923076923077,0.759615384615385,104
"UGA_flucast-Copycat","25",1.02895685122961,0.995185448195508,88.1916616444253,0.41273164699058,0.971444781127125,0.98808566301537,116.653465346535,0.556852717946862,0.346534653465347,0.742574257425743,104
"UGA_flucast-Copycat","26",0.952451868640291,0.778554480947776,118.878599498328,0.356001870619635,0.944251510351154,0.837790288945289,166.057692307692,0.529309874957848,0.326923076923077,0.740384615384615,104
"UGA_flucast-Copycat","27",1.09732923667896,0.963596383483944,26.2270210934137,0.399318693063062,1.05840768531428,0.920062668503981,38.0891089108911,0.556936491570316,0.366336633663366,0.782178217821782,104
"UGA_flucast-Copycat","28",0.777444995533055,0.718834179477872,27.1332148829431,0.250734937142597,0.80076756369812,0.771491795032365,37.7596153846154,0.358827891021771,0.519230769230769,0.855769230769231,104
"UGA_flucast-Copycat","29",0.877802010981876,0.763470568542516,53.2851923076923,0.308727039568279,0.907575024568647,0.848590686913748,80.7884615384615,0.485895430331865,0.317307692307692,0.836538461538462,104
"UGA_flucast-Copycat","30",0.927345607585657,0.951252956660328,15.6530852842809,0.502157937656203,0.946704791531708,0.885420315173339,21.6442307692308,0.730869335259361,0.346153846153846,0.711538461538462,104
"UGA_flucast-Copycat","31",1.06990981250506,0.978510593449971,12.6165719063545,0.435191599003976,0.980394225327794,0.978736573716025,17.7788461538462,0.636008856343275,0.384615384615385,0.778846153846154,104
"UGA_flucast-Copycat","32",0.765200093688679,0.784166246215838,15.4400668896321,0.332024370457228,0.733594672270973,0.783678859242881,22.2019230769231,0.475554349868671,0.471153846153846,0.817307692307692,104
"UGA_flucast-Copycat","33",0.999751340458656,1.07286963883686,7.25792224080268,0.466175051792801,0.887492685504643,0.954370969938691,9.96153846153846,0.668410479724168,0.403846153846154,0.798076923076923,104
"UGA_flucast-Copycat","34",0.773396458663361,0.740831434534858,67.5310493311037,0.294090683512868,0.794775981193961,0.786584034656769,95.6730769230769,0.431119723233047,0.336538461538462,0.836538461538462,104
"UGA_flucast-Copycat","35",0.732515232370902,0.75345269191149,22.4835744147157,0.33965932468646,0.762566807792858,0.831388787812939,32.0961538461538,0.513610967124426,0.394230769230769,0.865384615384615,104
"UGA_flucast-Copycat","36",0.868508299405166,0.778163341142033,130.321220735786,0.309505114285516,0.917260610676882,0.8637518657896,196.240384615385,0.476926796472064,0.365384615384615,0.865384615384615,104
"UGA_flucast-Copycat","37",0.736364822290916,0.852127510520348,94.7289005016722,0.479808805621374,0.814890860216189,0.844793282457843,130.682692307692,0.690075599654505,0.355769230769231,0.759615384615385,104
"UGA_flucast-Copycat","38",1.07899023571866,1.07616927602508,6.72265050167224,0.42055428625374,0.969300157122103,0.921077847655265,9.15384615384615,0.597508635028914,0.451923076923077,0.817307692307692,104
"UGA_flucast-Copycat","39",0.984690820246907,0.809411280214163,90.2277675585284,0.37844344756656,1.06331408338745,0.888916678231247,135.471153846154,0.568564211610622,0.307692307692308,0.769230769230769,104
"UGA_flucast-Copycat","40",0.740530203533101,0.734901607542745,36.6325919732441,0.305118501344999,0.800895599008391,0.827332750440758,57.7692307692308,0.491773651125943,0.259615384615385,0.903846153846154,104
"UGA_flucast-Copycat","41",0.841846096283584,0.82437793268745,15.6061162207358,0.288928107513718,0.874167080391069,0.916106649414974,22.6730769230769,0.424000172048121,0.336538461538462,0.894230769230769,104
"UGA_flucast-Copycat","42",0.732871860469989,0.644425354084292,82.1364715719064,0.232127458922637,0.775340743212804,0.72140982307959,122.923076923077,0.353294541227883,0.480769230769231,0.923076923076923,104
"UGA_flucast-Copycat","44",0.837428876315129,0.877769421487148,5.64441053511706,0.373147549092139,0.804678449368684,0.846920391887572,7.93269230769231,0.562063648978817,0.528846153846154,0.846153846153846,104
"UGA_flucast-Copycat","45",0.696084355138507,0.634645736331193,52.2150752508361,0.257153522379825,0.784170199692437,0.69582998684506,72.5865384615385,0.370588945805146,0.5,0.807692307692308,104
"UGA_flucast-Copycat","46",1.06583646622114,1.0615217324476,9.39179765886288,0.515250680110393,1.01327660978181,0.986480245282743,13.6057692307692,0.752087338681312,0.278846153846154,0.692307692307692,104
"UGA_flucast-Copycat","47",0.659764865918616,0.609566658990641,39.3498996655518,0.212938162329778,0.716861845682461,0.693477924654005,59.8076923076923,0.336141085932454,0.490384615384615,0.942307692307692,104
"UGA_flucast-Copycat","48",0.843888971588703,0.970414051364476,162.243612040134,0.412234852530883,0.851742820436933,0.833298804322085,234.586538461538,0.519876919406163,0.509615384615385,0.817307692307692,104
"UGA_flucast-Copycat","49",0.975401199563423,0.910295222410256,9.05466555183946,0.398070719531962,0.940001549254339,0.951563462047898,12.375,0.618798562360322,0.365384615384615,0.798076923076923,104
"UGA_flucast-Copycat","50",1.0033083366411,0.955630553561162,3.77645903010033,0.338178304759151,0.942930141301525,0.897422932819735,5.70192307692308,0.526070961523233,0.480769230769231,0.913461538461538,104
"UGA_flucast-Copycat","51",0.813274584572165,0.7063478494183,64.5763127090301,0.244714832814908,0.864384530819311,0.786268468950426,89.4615384615385,0.360827060646058,0.471153846153846,0.855769230769231,104
"UGA_flucast-Copycat","53",0.752199314631809,0.721413601131245,17.0761622073579,0.229372610165248,0.762149871723065,0.79635913043219,26.4711538461538,0.365993346621815,0.480769230769231,0.913461538461538,104
"UGA_flucast-Copycat","54",1.02103142820643,1.01924153107594,24.7490677257525,0.512526105905505,0.960586181719524,0.935953341871628,33.5961538461538,0.699813696027103,0.375,0.730769230769231,104
"UGA_flucast-Copycat","55",0.975151856929882,0.933266362168341,35.8464715719064,0.405131985757184,0.966565456451182,0.921254595683534,52.2596153846154,0.594455284441957,0.336538461538462,0.721153846153846,104
"UGA_flucast-Copycat","56",1.00888898468607,0.87835350821189,9.766872909699,0.388629709998243,1.08728780087377,0.863625368423712,14.8269230769231,0.585611891058938,0.423076923076923,0.817307692307692,104
"UGA_flucast-Copycat","72",1.32822733698542,1.07780382394874,14.8094439799331,0.207820756910657,1.27384171365796,1.10006554595559,21.2307692307692,0.293524194042246,0.538461538461538,0.865384615384615,104
"UGA_flucast-INFLAenza","01",0.633755989558608,0.760756564411854,25.3405595813205,0.329761706161622,0.675240787402223,0.718090943008973,38.6203703703704,0.478090162201454,0.527777777777778,0.87962962962963,108
"UGA_flucast-INFLAenza","02",1.35765092552557,0.980733468791518,5.25578904991948,0.352935506932021,1.38261179156914,1.07465752177301,8.15740740740741,0.57077274737203,0.518518518518518,0.981481481481482,108
"UGA_flucast-INFLAenza","04",0.589764410984813,0.544287657318146,80.3415942028985,0.237780847259783,0.680601408420433,0.670571037710392,121.287037037037,0.366376908577682,0.537037037037037,0.888888888888889,108
"UGA_flucast-INFLAenza","05",1.21374233420174,0.945944269965508,43.8652536231884,0.464588062320848,1.28358334177285,1.03138014506227,64.5277777777778,0.679612396446721,0.212962962962963,0.787037037037037,108
"UGA_flucast-INFLAenza","06",0.553851789054328,0.49723973073207,108.334098228663,0.21539688290907,0.626127491462444,0.622675986571664,175.981481481481,0.344369884203341,0.555555555555556,0.990740740740741,108
"UGA_flucast-INFLAenza","08",0.73898305942912,0.685070108298808,26.9813888888889,0.240875531031063,0.781035882908715,0.764448229515915,42.9444444444444,0.392326159918215,0.444444444444444,0.935185185185185,108
"UGA_flucast-INFLAenza","09",0.862865233125959,0.739735985214875,22.538578904992,0.278371855047947,0.929110502470042,0.797176647955512,37.1296296296296,0.454926857757474,0.407407407407407,0.972222222222222,108
"UGA_flucast-INFLAenza","10",0.917089093724163,0.877986711314636,5.91725442834139,0.355016775947715,0.934659736180803,0.895664758717129,8.76851851851852,0.560093017443244,0.490740740740741,0.898148148148148,108
"UGA_flucast-INFLAenza","11",0.714410756785518,0.749187222804904,5.80283816425121,0.331721811198002,0.758041441034801,0.725732144938679,8.73148148148148,0.520879405434505,0.5,0.898148148148148,108
"UGA_flucast-INFLAenza","12",0.795110937975248,0.750462109530811,108.635297906602,0.179576652380274,0.798547374211152,0.737402723030717,162.722222222222,0.271225620680031,0.694444444444444,0.990740740740741,108
"UGA_flucast-INFLAenza","13",0.658028037900851,0.637640443529349,77.9529589371981,0.312610063526269,0.761788795757759,0.706309799832134,111.101851851852,0.475154220228665,0.444444444444444,0.842592592592593,108
"UGA_flucast-INFLAenza","15",0.932265140291534,0.735526830611796,4.63854669887279,0.243950579316662,0.85215974035565,0.771278191933478,6.66666666666667,0.382487192501116,0.648148148148148,0.990740740740741,108
"UGA_flucast-INFLAenza","16",0.828315534005264,0.824684836947907,17.3039935587762,0.464112220394096,0.828388764027437,0.791396942574727,25.0277777777778,0.660404630642398,0.398148148148148,0.740740740740741,108
"UGA_flucast-INFLAenza","17",0.741495259037106,0.66909596091955,47.807962962963,0.278487010264373,0.767598321487689,0.701625892190413,74.787037037037,0.417379074888659,0.518518518518518,0.851851851851852,108
"UGA_flucast-INFLAenza","18",1.10102649121361,0.888481538578762,63.9962520128825,0.31801418722152,1.21523222984009,0.955644012618036,103.203703703704,0.50952005211019,0.314814814814815,0.861111111111111,108
"UGA_flucast-INFLAenza","19",0.914744840943836,0.8370769880998,19.672769726248,0.37600784637707,0.984112417511327,0.852491296570829,31.0740740740741,0.57130031239814,0.324074074074074,0.824074074074074,108
"UGA_flucast-INFLAenza","20",0.846162694245382,0.755150642368494,16.3424436392915,0.327970766301522,0.878979932997739,0.803061344563296,24.962962962963,0.502616207031925,0.453703703703704,0.851851851851852,108
"UGA_flucast-INFLAenza","21",1.08277982525986,0.942603025750013,41.2300241545894,0.409632401510413,1.06458885819441,0.964182606957484,60.712962962963,0.603111914090778,0.333333333333333,0.777777777777778,108
"UGA_flucast-INFLAenza","22",0.523406377363937,0.585210391180834,21.5607850241546,0.215763241593059,0.594357933167941,0.638400492230145,32.8518518518519,0.33532286980819,0.592592592592593,0.981481481481482,108
"UGA_flucast-INFLAenza","23",1.00760205135903,0.869167043866996,9.67130434782609,0.332418794342999,1.06450239623992,0.892603341582576,14.537037037037,0.518219748559247,0.518518518518518,0.916666666666667,108
"UGA_flucast-INFLAenza","24",0.714995536734573,0.755677487586822,31.8913607085346,0.394606072253395,0.765755053880621,0.736882824367657,47.6574074074074,0.582801340248853,0.37962962962963,0.814814814814815,108
"UGA_flucast-INFLAenza","25",0.938733666730897,0.724474399436038,80.8135734989648,0.312272419840813,0.974622281334831,0.797653655858706,118.27619047619,0.473535530170399,0.447619047619048,0.885714285714286,108
"UGA_flucast-INFLAenza","26",0.883036937373024,0.724606107566285,107.711787439614,0.333089450802185,0.925212401197201,0.809957978784476,159.740740740741,0.515393246868417,0.361111111111111,0.796296296296296,108
"UGA_flucast-INFLAenza","27",0.958402421695662,0.828986143633058,23.7518136645963,0.353619223672204,0.979410303888013,0.825131161016841,36.4285714285714,0.51497276409067,0.438095238095238,0.885714285714286,108
"UGA_flucast-INFLAenza","28",0.681746061023197,0.62795176362539,22.8284863123994,0.219212895134101,0.703173324918077,0.697475552069621,31.9444444444444,0.325303162859114,0.611111111111111,0.925925925925926,108
"UGA_flucast-INFLAenza","29",0.951493215605313,0.775676893106168,56.5002979066023,0.316986623057621,1.006397654993,0.86493725912498,88.1574074074074,0.501837590151346,0.296296296296296,0.833333333333333,108
"UGA_flucast-INFLAenza","30",0.943616208703283,0.927862099024613,16.2588687600644,0.488976132267529,0.997342813008329,0.886375197431993,22.75,0.733928449279371,0.287037037037037,0.740740740740741,108
"UGA_flucast-INFLAenza","31",1.00917802777198,0.984115026169566,11.9665660225443,0.448307804495198,0.984598935055903,1.00144385643994,17.7777777777778,0.666267358182693,0.305555555555556,0.787037037037037,108
"UGA_flucast-INFLAenza","32",0.591411549079791,0.608625219521263,11.8201449275362,0.266824330069914,0.615067368650772,0.615934843651631,18.4351851851852,0.386560015735739,0.583333333333333,0.935185185185185,108
"UGA_flucast-INFLAenza","33",0.914181686991874,0.937091996963667,6.678192431562,0.404836750185845,0.928511901078735,0.906910777216758,10.3148148148148,0.632393787682216,0.416666666666667,0.888888888888889,108
"UGA_flucast-INFLAenza","34",0.725727516880763,0.625292438368136,63.2306481481481,0.25304210885589,0.790738063812119,0.703808800651964,95.5925925925926,0.399004985937056,0.527777777777778,0.907407407407407,108
"UGA_flucast-INFLAenza","35",0.747625496074376,0.642477755380924,21.9062117552335,0.286792365121778,0.75649031070347,0.684454916091874,30.5555555555556,0.422270406855774,0.518518518518518,0.87037037037037,108
"UGA_flucast-INFLAenza","36",0.802358762339099,0.63318258509861,121.899790660225,0.269238652119183,0.902649012811013,0.714824762312729,196.564814814815,0.427902962332908,0.444444444444444,0.907407407407407,108
"UGA_flucast-INFLAenza","37",0.545224694561762,0.732907047245611,69.0590297906602,0.431619447904693,0.627853501946794,0.69886597042242,100.87962962963,0.597078981238438,0.416666666666667,0.777777777777778,108
"UGA_flucast-INFLAenza","38",0.978281455754298,0.92714835718531,6.1934460547504,0.367895504721303,0.977393009379441,0.835257322896728,8.96296296296296,0.539161956763484,0.5,0.842592592592593,108
"UGA_flucast-INFLAenza","39",1.02193449973117,0.780613959188226,92.7979790660225,0.374886994086092,1.13303687944103,0.863497708868541,143.175925925926,0.567524046990578,0.277777777777778,0.805555555555556,108
"UGA_flucast-INFLAenza","40",0.970233147674687,0.829601049518694,48.0562198067633,0.35107945313833,0.962269039321075,0.899436137581507,69.5462962962963,0.54576368178245,0.305555555555556,0.814814814814815,108
"UGA_flucast-INFLAenza","41",0.839227993168393,0.735519041835024,15.1155837359098,0.259578739840725,0.897825483269222,0.871255301915439,22.6481481481481,0.407232751094164,0.462962962962963,0.935185185185185,108
"UGA_flucast-INFLAenza","42",0.696014933956775,0.60177597979568,74.9299154589372,0.214875210251059,0.766567714058382,0.712846730891856,117.796296296296,0.348566197540396,0.490740740740741,0.907407407407407,108
"UGA_flucast-INFLAenza","44",0.771862214811427,0.791074691028564,5.20671497584541,0.327866450121808,0.804239459231302,0.767420819488468,7.87037037037037,0.504739706222294,0.537037037037037,0.925925925925926,108
"UGA_flucast-INFLAenza","45",0.50603478988311,0.499024573627829,36.6676731078905,0.201457039781515,0.597041578556423,0.554926877245038,55.4907407407407,0.302115408505476,0.657407407407407,0.981481481481482,108
"UGA_flucast-INFLAenza","46",0.864567611345277,0.859556471111933,7.77549114331723,0.417657479173365,0.830989349824438,0.809805813284943,11.4074074074074,0.624317586847227,0.351851851851852,0.824074074074074,108
"UGA_flucast-INFLAenza","47",0.766320427190643,0.715032859814183,44.3906884057971,0.247955133658565,0.781803211101438,0.806950049361931,62.7037037037037,0.384507727477376,0.481481481481481,0.907407407407407,108
"UGA_flucast-INFLAenza","48",1.10562606854177,1.07660267045282,206.580853462158,0.438503364768241,1.17990515365141,0.964757889063507,315.731481481481,0.575260055538316,0.546296296296296,0.888888888888889,108
"UGA_flucast-INFLAenza","49",0.686659785183943,0.737745343230106,6.06722624798712,0.323734646205337,0.743065592046692,0.787555611612081,9.35185185185185,0.512217567861814,0.462962962962963,0.925925925925926,108
"UGA_flucast-INFLAenza","50",0.896632359137824,0.882271859739943,3.52600241545894,0.323572851956324,0.937850825777091,0.848029040295949,5.84259259259259,0.518766776483242,0.509259259259259,0.953703703703704,108
"UGA_flucast-INFLAenza","51",0.628207166666342,0.592031997108019,49.7078341384863,0.210196445844822,0.681036182072192,0.683320074456411,70.6481481481482,0.323660756616978,0.592592592592593,0.916666666666667,108
"UGA_flucast-INFLAenza","53",0.761573773715741,0.682650105576584,16.1517431561997,0.215964122963131,0.77593272236765,0.718764997752912,25.3888888888889,0.331015732553956,0.62037037037037,0.972222222222222,108
"UGA_flucast-INFLAenza","54",1.12651766683101,0.980220947795241,27.0610104669887,0.501980033380792,1.12048330879799,0.937450862224096,38.8055555555556,0.711201104033328,0.296296296296296,0.75,108
"UGA_flucast-INFLAenza","55",0.813780080685649,0.719812791287533,30.7634420289855,0.321603102011648,0.880633374261258,0.763117786961809,48.6851851851852,0.505657771913872,0.37037037037037,0.87037037037037,108
"UGA_flucast-INFLAenza","56",0.724763877740158,0.743455157450182,7.14251610305958,0.336344728783226,0.806881371709794,0.764575262591269,11.2314814814815,0.534449124921028,0.37962962962963,0.87037037037037,108
"UGA_flucast-INFLAenza","72",1.87040297974768,1.25367349648591,22.5038123993559,0.246324327453168,1.87767128275136,1.37541348758891,33.6574074074074,0.372561047875792,0.611111111111111,0.962962962962963,108
"UGA_flucast-OKeeffe","01",0.65145408065452,0.723266906384372,8.57166666666667,0.24122082861118,0.808465149299465,0.836361330492817,13.4166666666667,0.35977962577861,0.666666666666667,1,12
"UGA_flucast-OKeeffe","02",0.964767497633388,0.821175719909028,10.4936594202899,0.531676847352597,1.07712371848766,0.996998103032461,17.5,0.921255882959097,0.25,1,12
"UGA_flucast-OKeeffe","04",0.734880656452495,0.733139829556478,30.2492028985507,0.546056333736887,0.927627860203387,0.957144287371581,48,0.907187857600727,0.0833333333333333,0.916666666666667,12
"UGA_flucast-OKeeffe","05",1.53469252895298,0.851196387305361,8.04224637681159,0.278857249298279,1.94608307761623,1.22650192753992,11.75,0.470351616121413,0.416666666666667,1,12
"UGA_flucast-OKeeffe","06",0.595165723071959,0.553817712733603,39.5170289855073,0.339219363445778,0.709587424028292,0.718629724356891,61.0833333333333,0.529082745357739,0.416666666666667,0.916666666666667,12
"UGA_flucast-OKeeffe","08",0.693740147514282,0.726312299954381,10.5303260869565,0.441466906796975,0.778268374423987,0.822571120328385,17.0833333333333,0.728064895890252,0.25,0.916666666666667,12
"UGA_flucast-OKeeffe","09",1.32129970023357,2.35670899440279,5.77152173913043,1.27325222166754,1.26406405229496,2.13076805034706,7.33333333333333,1.65343796963275,0.0833333333333333,0.583333333333333,12
"UGA_flucast-OKeeffe","10",46.7709284392611,4.83965677719014,66.6405072463768,1.68044892210889,48.7773084013466,4.27123825444607,78.5833333333333,1.98275447530478,0.666666666666667,0.666666666666667,12
"UGA_flucast-OKeeffe","11",2.78774473020018,1.41405373639188,4.67778985507246,0.758918607288128,2.29525805606099,1.4652223682327,5.66666666666667,1.30292006867814,0.583333333333333,0.916666666666667,12
"UGA_flucast-OKeeffe","12",0.896251741990368,0.839091296907102,92.0135869565217,0.277546830408532,0.910943328994829,0.829938290388989,143.833333333333,0.433549655784384,0.416666666666667,0.916666666666667,12
"UGA_flucast-OKeeffe","13",0.732972419686446,0.831203189485871,20.4763043478261,0.375124093506191,0.953087695510341,1.00551568717165,32.8333333333333,0.615753849915633,0.416666666666667,0.916666666666667,12
"UGA_flucast-OKeeffe","15",1.19880467755183,1.09938540012081,4.22978260869565,0.287834899945314,1.08660542539034,1.12775659205535,5.25,0.390786016026847,0.75,1,12
"UGA_flucast-OKeeffe","16",2.06551429116883,1.22859911203153,3.69905797101449,0.398820799675202,1.49283535102989,1.20043199749792,3.33333333333333,0.529149978474766,1,1,12
"UGA_flucast-OKeeffe","17",0.840874784353176,0.983943253823817,10.9240579710145,0.429133113092036,1.02168078132038,1.2110535318739,17.4166666666667,0.68700595006108,0.333333333333333,0.916666666666667,12
"UGA_flucast-OKeeffe","18",1.33345441776593,1.45295610791691,21.7786594202899,1.01492292755992,1.10238258944983,1.45393750022834,25.5,1.43543845000759,0.333333333333333,0.333333333333333,12
"UGA_flucast-OKeeffe","19",6.69858142962856,1.88216852433066,28.9988405797101,1.09447919090147,6.47912254645642,1.91164967996407,39.6666666666667,1.71978703694936,0.333333333333333,0.833333333333333,12
"UGA_flucast-OKeeffe","20",4.0115409235088,2.81568959471229,14.9960144927536,0.997870852025147,4.59762100293167,3.36221873894626,22.3333333333333,1.60862454200034,0.0833333333333333,0.666666666666667,12
"UGA_flucast-OKeeffe","21",0.683277159229974,0.540799040240283,4.32579710144928,0.177660982317863,0.454127561902135,0.376528296313543,3.75,0.157075312040532,1,1,12
"UGA_flucast-OKeeffe","22",0.641613109721479,0.765091672967176,14.2577898550725,0.435742657884835,0.81129687375385,0.896865629155487,23.3333333333333,0.723177285991261,0.25,0.916666666666667,12
"UGA_flucast-OKeeffe","23",21.9774858698953,3.79331474746535,54.6467753623188,1.83835254920068,14.8247141990076,2.42351473649093,68.3333333333333,2.16398677298014,0.333333333333333,0.416666666666667,12
"UGA_flucast-OKeeffe","24",1.14643113902325,1.68794653871971,7.10409420289855,0.866691345448389,1.22771363267556,1.75131049832325,11.0833333333333,1.43761033756321,0.0833333333333333,0.833333333333333,12
"UGA_flucast-OKeeffe","25",1.57265477877934,1.62595488493653,13.7507608695652,0.615022088894443,1.55740758219762,1.84911848893682,18.1666666666667,0.915087711928525,0.5,0.666666666666667,12
"UGA_flucast-OKeeffe","26",0.646429142887092,0.629857977120752,6.42123188405797,0.273075845256633,0.741354242268529,0.715823559357445,9.58333333333333,0.416310359049815,0.666666666666667,1,12
"UGA_flucast-OKeeffe","27",3.68446757248885,1.87588641072098,12.4549637681159,0.895638683825676,3.70016255444429,2.20036279222979,17.8333333333333,1.56530284987068,0,0.916666666666667,12
"UGA_flucast-OKeeffe","28",1.08493944533861,1.0314313840364,11.4421014492754,0.349190698982605,1.39842282049317,1.3665255620268,18.6666666666667,0.600294636768384,0.25,1,12
"UGA_flucast-OKeeffe","29",0.563554764604427,0.524277087144616,5.37224637681159,0.199596349150135,0.553452553683653,0.528312741431211,6.83333333333333,0.259935130881416,0.75,1,12
"UGA_flucast-OKeeffe","30",3.27431717860515,1.28765068171098,6.02717391304348,0.689406936451826,1.88264673323521,1.35471713379099,4.66666666666667,1.23729184660754,1,1,12
"UGA_flucast-OKeeffe","31",1.6996381832192,0.878003845587468,4.39028985507246,0.351279196407773,1.40089750313213,0.924005692579398,5.41666666666667,0.533998290950228,0.666666666666667,1,12
"UGA_flucast-OKeeffe","32",1.0473428258495,0.985049990847991,5.80130434782609,0.396032209111029,1.11728406183097,1.24604579297056,8,0.666424494238743,0.666666666666667,1,12
"UGA_flucast-OKeeffe","33",4.3456417217661,1.3576755716998,3.68945652173913,0.422484744648849,2.21559625863328,1.22142709683753,2.33333333333333,0.585090330357428,0.75,1,12
"UGA_flucast-OKeeffe","34",1.56131587076222,2.08281200106367,19.863152173913,0.972131654935712,1.52509725257337,2.25998153512932,27.4166666666667,1.46643165403225,0.0833333333333333,0.5,12
"UGA_flucast-OKeeffe","35",0.785434621101324,1.08431506348189,2.81735507246377,0.503441497450751,0.938213227077919,1.19255527278036,4.41666666666667,0.781797461855849,0.5,1,12
"UGA_flucast-OKeeffe","36",1.66768387464826,2.41065775360281,31.8840579710145,0.863494844719703,1.50892883618719,2.39402181723066,39.4166666666667,1.15176513972426,0.333333333333333,0.666666666666667,12
"UGA_flucast-OKeeffe","37",1.19566140272568,1.18273927475773,23.4526811594203,0.535845492425295,1.50410044394294,1.38725470005752,36.1666666666667,0.882913397720442,0.166666666666667,0.916666666666667,12
"UGA_flucast-OKeeffe","38",4.88772021256331,1.78533777589069,7.62782608695652,0.78839138858075,3.04728543405348,1.53770004194665,7.83333333333333,1.32229601045462,0.75,1,12
"UGA_flucast-OKeeffe","39",0.959623540916199,0.860638375263187,7.31496376811594,0.269141220812313,1.29853585505367,1.20048287634655,10.5833333333333,0.418882185972775,0.666666666666667,1,12
"UGA_flucast-OKeeffe","40",1.33202789468634,1.03538190847278,13.6417391304348,0.458470601825481,1.54581364215513,1.20564017081785,21.8333333333333,0.732491554876858,0.333333333333333,0.916666666666667,12
"UGA_flucast-OKeeffe","41",0.891628396303911,0.935967556485198,2.93985507246377,0.335007862282799,1.16348357570255,1.19682771896572,5,0.572414569620118,0.583333333333333,1,12
"UGA_flucast-OKeeffe","42",0.647552544541584,0.639507677603877,10.8838043478261,0.21856765649926,0.737908545186161,0.728164084107135,16.6666666666667,0.32519293497418,0.75,1,12
"UGA_flucast-OKeeffe","44",3.01713721571687,1.15331062015328,2.15065217391304,0.374108778836783,1.88546218771455,1.2591230993393,1.75,0.663795464427499,0.833333333333333,1,12
"UGA_flucast-OKeeffe","45",0.919519569624319,1.18835121365803,12.7469202898551,0.449320723269987,1.19848986787001,1.43379195534365,21.25,0.750665859855795,0.25,0.833333333333333,12
"UGA_flucast-OKeeffe","46",8.30666145539006,2.22892081013301,8.09246376811594,0.730771462408267,7.40618300693449,2.3057819423763,9.16666666666667,1.21198497879102,1,1,12
"UGA_flucast-OKeeffe","47",0.621724692056407,0.74244526337347,7.53496376811594,0.211020395760574,0.874858933289032,1.00299922399362,13.25,0.351247514995082,0.416666666666667,1,12
"UGA_flucast-OKeeffe","48",1.02392394567458,1.1785164016007,104.988152173913,0.498538665364054,1.08278471835998,1.12948349697478,150.583333333333,0.739591130497798,0.25,0.5,12
"UGA_flucast-OKeeffe","49",0.907448100178681,0.925166341515146,2.21583333333333,0.308217696196318,0.886132984421771,0.903416710309924,2.66666666666667,0.405761310985213,0.833333333333333,1,12
"UGA_flucast-OKeeffe","50",6.19462253044161,1.91716903393313,5.96789855072464,0.749134814923896,4.85963721098685,2.28847479044727,7,1.57277789457192,0.833333333333333,1,12
"UGA_flucast-OKeeffe","51",0.868058162954188,1.03840311183512,14.7803623188406,0.256421576456939,1.02184639014706,1.2143194264867,22.5,0.390318022301237,0.583333333333333,1,12
"UGA_flucast-OKeeffe","53",1.52095773626964,1.18735852455611,30.4719565217391,0.976331575694472,1.49783335410912,1.13099877344562,44.8333333333333,1.3533786676644,0.166666666666667,0.25,12
"UGA_flucast-OKeeffe","54",2.80519789422324,1.44994932358467,9.985,0.633469013858218,3.42922675406063,1.76525800643028,16.6666666666667,1.15906124871262,0.916666666666667,1,12
"UGA_flucast-OKeeffe","55",4.17747445679599,1.63123816690854,24.0984782608696,0.859156562811439,3.29368459306544,1.41915174499714,27.5833333333333,1.18268550558368,0.666666666666667,0.833333333333333,12
"UGA_flucast-OKeeffe","56",3.13038866871958,1.43765026449087,7.53978260869565,0.789000089703729,2.62364508955248,1.58974049916033,9,1.39815859786367,0.833333333333333,1,12
"UGuelph-CompositeCurve","01",1.64640428435988,1.53525159861632,60.2561160494352,0.60839466746019,1.42665665608915,1.19688185043699,74.362613033766,0.725866348853292,0.455357142857143,0.741071428571429,112
"UGuelph-CompositeCurve","02",1.25307546771019,1.09034648863383,4.47326955621023,0.386107826434688,1.09987236303357,1.01664253393832,6.05030881005474,0.531573298153568,0.482142857142857,0.901785714285714,112
"UGuelph-CompositeCurve","04",1.38372995600154,1.36337390019079,184.536052476887,0.619417053910304,1.32284018560944,1.32218840297616,229.072865025876,0.747770315122949,0.321428571428571,0.669642857142857,112
"UGuelph-CompositeCurve","05",1.16186524493231,1.01417681607609,38.5517249071639,0.453622890488729,1.2524122242946,1.00073416901584,58.2901071577445,0.60696106225105,0.383928571428571,0.776785714285714,112
"UGuelph-CompositeCurve","06",0.744460845376217,0.707574533254224,143.497505691131,0.300102812887365,0.793739047405746,0.719454498907898,219.792583622896,0.388591390215617,0.517857142857143,0.857142857142857,112
"UGuelph-CompositeCurve","08",2.06214390024892,1.3530798932984,76.5166199179611,0.482067706756701,1.93334259684424,1.26882701722189,108.049305054195,0.66307212115767,0.285714285714286,0.776785714285714,112
"UGuelph-CompositeCurve","09",1.67221086947191,1.64968835478511,45.5786016787942,0.628366296625184,1.69478153968968,1.65357200378705,69.4928926722147,0.948220306321468,0.267857142857143,0.776785714285714,112
"UGuelph-CompositeCurve","10",1.21227755546745,1.17627898878741,7.49857846030083,0.459221179271693,1.35204981864403,1.23126017508774,11.9415097822613,0.726467085565514,0.375,0.839285714285714,112
"UGuelph-CompositeCurve","11",1.44426445075778,1.47258538268668,11.3296090299261,0.644187987097,1.39086505781595,1.33021756766539,15.2805507883036,0.934233122806477,0.383928571428571,0.776785714285714,112
"UGuelph-CompositeCurve","12",1.81519357456853,1.72996607239555,239.870916503597,0.387016114039476,1.866594024255,1.70022101818872,363.810382260232,0.57953762829372,0.444444444444444,0.925925925925926,108
"UGuelph-CompositeCurve","13",0.960297707838176,1.30855787927288,108.308018199065,0.627374344348202,1.04232619286317,1.1891659883507,145.617925602778,0.779210076934169,0.339285714285714,0.723214285714286,112
"UGuelph-CompositeCurve","15",1.3400625769132,1.14241653011667,6.50984261755008,0.368483153334401,1.18557429777684,1.06483247239045,8.84983948791429,0.5028559919129,0.509259259259259,0.824074074074074,108
"UGuelph-CompositeCurve","16",1.11124375281237,1.00276203745272,23.3678239697285,0.548626153265391,1.147787687783,0.982834993913218,34.1160391299051,0.790959936665996,0.348214285714286,0.776785714285714,112
"UGuelph-CompositeCurve","17",1.5611835087108,1.38930392796776,98.1903024069158,0.56941021983345,1.50476171815776,1.43176117388549,141.235005953308,0.835643088940066,0.196428571428571,0.705357142857143,112
"UGuelph-CompositeCurve","18",1.73507485185335,1.32935365209169,99.9694444291928,0.476457915251404,1.78436041565493,1.3131822239726,150.125440185369,0.700751509162519,0.25,0.848214285714286,112
"UGuelph-CompositeCurve","19",1.41887520606985,1.20521279840111,31.2206164019014,0.528177338629749,1.35257084820884,1.10323399112543,43.5642952700143,0.722554399730113,0.357142857142857,0.758928571428571,112
"UGuelph-CompositeCurve","20",2.58097541923434,1.41238144768638,55.0680128107418,0.631476017852448,2.18130872037003,1.34012543010147,68.1207268498505,0.873728968170748,0.232142857142857,0.696428571428571,112
"UGuelph-CompositeCurve","21",1.9001822301543,1.29738088032608,74.1541372169813,0.547661498461985,1.80747636137278,1.26486010368383,104.915828198662,0.765025849606698,0.348214285714286,0.758928571428571,112
"UGuelph-CompositeCurve","22",1.36834508746899,1.2201125901952,54.2124096007129,0.438894124326986,1.24514701040427,0.954507057738946,67.290743861598,0.495105184902748,0.491071428571429,0.848214285714286,112
"UGuelph-CompositeCurve","23",1.49918378681125,1.30925670433118,15.036110141026,0.503034350354223,1.47577654908216,1.22374407322167,20.98277923026,0.713165020890056,0.303571428571429,0.767857142857143,112
"UGuelph-CompositeCurve","24",1.0872485768555,1.09565679721437,49.3487930347789,0.577156847823507,1.0939128754881,0.999610087790255,69.1827236964659,0.803357094479292,0.357142857142857,0.785714285714286,112
"UGuelph-CompositeCurve","25",1.29384956179322,1.2917980217035,107.6043603958,0.530917207914551,1.21843949946381,1.30925966124747,142.385464313707,0.738354832749685,0.256880733944954,0.761467889908257,112
"UGuelph-CompositeCurve","26",3.28925295268822,1.24501137094902,457.711332863071,0.570801732804951,2.64700007974005,1.1064893814,506.110421027135,0.700403826287273,0.401785714285714,0.767857142857143,112
"UGuelph-CompositeCurve","27",2.19486150463729,1.7142877121752,54.1235814490141,0.709782789034296,1.95249663814101,1.60582534945238,71.6304683484323,0.969389567064533,0.275229357798165,0.678899082568807,112
"UGuelph-CompositeCurve","28",0.952700496361643,1.24769660107795,31.9621601417953,0.447653804853644,0.986851031125819,1.21054683698332,44.742771143496,0.57671148761683,0.464285714285714,0.9375,112
"UGuelph-CompositeCurve","29",1.52161894932787,1.39044165415851,83.5697060709976,0.527943651943047,1.51271166878048,1.34331769198989,123.256952253492,0.729187056594478,0.3125,0.776785714285714,112
"UGuelph-CompositeCurve","30",0.808346071989908,0.957801751136417,13.424938335191,0.505561126338181,0.900078345640562,0.914776483089334,19.6765760756903,0.752618140107037,0.339285714285714,0.758928571428571,112
"UGuelph-CompositeCurve","31",3.56533374018132,1.81164234712404,41.360317652702,0.780715694335327,3.24652628322347,1.80377641024475,57.4566691294361,1.14491808272218,0.339285714285714,0.776785714285714,112
"UGuelph-CompositeCurve","32",1.23701943900298,1.06913125898958,24.0164978380226,0.445580271611774,1.19251506177359,1.0110937482319,35.0505405054506,0.608237601240513,0.446428571428571,0.866071428571429,112
"UGuelph-CompositeCurve","33",1.39670840793887,1.28577129405501,10.636750638593,0.558693925801148,1.42500399770407,1.24702979398116,16.4833775738857,0.87555884660213,0.3125,0.8125,112
"UGuelph-CompositeCurve","34",1.26567297210582,1.38540995291365,104.848396740082,0.551777216652136,1.23790446929926,1.44134004476298,142.016227579891,0.804228672174762,0.267857142857143,0.705357142857143,112
"UGuelph-CompositeCurve","35",0.981348915550766,1.05208240272136,28.9248948847063,0.482122112476577,1.05320480534806,1.07538845869078,43.5132604435075,0.684199504118395,0.419642857142857,0.875,112
"UGuelph-CompositeCurve","36",1.40950626699418,1.11111800737369,213.789456579261,0.472574304433224,1.2684809281996,1.09114512453243,271.879794873263,0.645293670657961,0.383928571428571,0.785714285714286,112
"UGuelph-CompositeCurve","37",0.966337117977192,1.33582442424897,113.385171888213,0.734086895219869,0.977485341669556,1.0355264594006,143.683492902901,0.822364019942033,0.446428571428571,0.741071428571429,112
"UGuelph-CompositeCurve","38",1.31976661903482,1.5406884218928,8.36498222489047,0.605644366164978,1.30241942972235,1.35204702282153,11.9187012376249,0.862704577528084,0.410714285714286,0.857142857142857,112
"UGuelph-CompositeCurve","39",1.45702791420781,1.1282930652621,135.458731076294,0.541075468684639,1.44384939083097,1.12591767048631,187.718409800403,0.73832751401648,0.339285714285714,0.732142857142857,112
"UGuelph-CompositeCurve","40",2.16900510243528,1.06706741844732,112.510240417594,0.449152955626852,1.95060314150244,1.02157490942906,148.020876433339,0.616647872805671,0.392857142857143,0.839285714285714,112
"UGuelph-CompositeCurve","41",1.54750402448175,1.37003846700341,28.1901344840904,0.480902667119065,1.58303258732276,1.49574044510996,40.459150835522,0.697726203627565,0.339285714285714,0.830357142857143,112
"UGuelph-CompositeCurve","42",1.14996540562491,1.27326716125648,123.38098178148,0.454405683243715,1.33802930088987,1.4360000970523,204.274456853199,0.702084339717554,0.267857142857143,0.910714285714286,112
"UGuelph-CompositeCurve","44",0.78633269559826,0.986428844156711,5.3575896152943,0.409058339907535,0.82371723487728,0.946765101758194,8.01147085882299,0.613439902565518,0.5,0.866071428571429,112
"UGuelph-CompositeCurve","45",0.768380522477938,1.06943089874341,52.9140166735049,0.426835998678338,0.878366977806627,1.02636511474047,75.1328702296514,0.544083846403612,0.4375,0.848214285714286,112
"UGuelph-CompositeCurve","46",1.077905646886,1.16533508743059,9.78811722071228,0.558536243244537,1.17315467613487,1.19604783753189,16.3066479163612,0.911590297860904,0.392857142857143,0.848214285714286,112
"UGuelph-CompositeCurve","47",1.23549913017557,1.29308605699543,64.6981576596552,0.425066176460892,1.2807986247941,1.39260074685825,93.5789322356287,0.63270936656194,0.410714285714286,0.919642857142857,112
"UGuelph-CompositeCurve","48",1.77591063473365,1.50359384384173,317.806615772637,0.593623407288727,1.71841531742986,1.34399793337099,446.548002702191,0.787264789420932,0.348214285714286,0.857142857142857,112
"UGuelph-CompositeCurve","49",1.4843468075782,1.34341042076189,12.6009296530123,0.560834794866629,1.29379723029145,1.10502204938847,15.502975672965,0.678816516739339,0.508928571428571,0.75,112
"UGuelph-CompositeCurve","50",1.38713259245445,1.37995177569365,5.74538112223017,0.51688080592288,1.26254521016585,1.16906856690491,8.27283263929219,0.728376038990034,0.419642857142857,0.785714285714286,112
"UGuelph-CompositeCurve","51",1.02213825832853,1.39041594904741,73.130992280814,0.465430335244739,1.07070607433728,1.35886166018017,100.391047445452,0.604896191057174,0.491071428571429,0.955357142857143,112
"UGuelph-CompositeCurve","53",2.12353806158847,1.46686683329019,46.4494370080594,0.461411771383332,1.87379484901531,1.1941420453229,64.0823479602209,0.549224290186071,0.517857142857143,0.955357142857143,112
"UGuelph-CompositeCurve","54",1.20861153394051,1.04851221045479,28.8289907124901,0.523470322428372,1.26026227502068,1.00930093138527,43.5572046799182,0.750573456320887,0.285714285714286,0.732142857142857,112
"UGuelph-CompositeCurve","55",1.51053822507127,1.22165196196241,57.5238982434422,0.532017311994142,1.49067828336957,1.18626697308699,82.5356281708871,0.768440384870499,0.276785714285714,0.8125,112
"UGuelph-CompositeCurve","56",1.25793580099417,1.25064848613198,12.0901547357628,0.557105676381199,1.05939355123193,1.07040056518261,14.3382235464229,0.734960484077662,0.401785714285714,0.732142857142857,112
"UGuelph-CompositeCurve","72",3.75190128805255,3.16163285662425,41.6635711424435,0.611220890487931,3.07747111297741,2.81231133029046,51.1044166772265,0.748495045293997,0.37037037037037,0.694444444444444,108
"UM-DeepOutbreak","01",1.00397418935323,1.2616116147433,36.6700677163365,0.50611628837497,0.860637828183914,0.937059429715694,44.0951164131,0.572913250799724,0.681034482758621,0.836206896551724,116
"UM-DeepOutbreak","02",1.29615764448904,1.15068833660099,5.30433269033349,0.438402849363975,1.01572924966561,0.941745673481504,6.38244011107364,0.529845504342966,0.708333333333333,0.85,120
"UM-DeepOutbreak","04",0.854905557510124,1.17221270993716,106.831435434617,0.533517014513982,0.728754927825526,0.759321858702818,118.254079488993,0.432483131458298,0.683333333333333,0.783333333333333,120
"UM-DeepOutbreak","05",0.888339835424448,0.854740472055577,30.2946768260089,0.401436378973915,0.862746643903699,0.745507726419137,40.640936037,0.476405883022357,0.675,0.85,120
"UM-DeepOutbreak","06",1.07065007439169,1.32819300566384,195.525215053143,0.576656767859195,0.82142487053351,0.799939205944031,219.304525012068,0.444768327616944,0.708333333333333,0.816666666666667,120
"UM-DeepOutbreak","08",0.992353592949958,1.23974909550443,33.3191976364821,0.424576108899068,0.839459334603652,0.798298434382488,42.7113416797737,0.40159217113327,0.758928571428571,0.857142857142857,112
"UM-DeepOutbreak","09",1.17272124120616,1.14399291226838,29.4818772347547,0.444117574475685,1.06116936960095,0.872334295739694,40.1688386118919,0.513555992506514,0.591666666666667,0.825,120
"UM-DeepOutbreak","10",1.17289159306781,1.27410456764372,7.28831434545366,0.500096040441684,1.04112007318639,1.011052204174,9.36981147409097,0.605810912247264,0.55,0.8,120
"UM-DeepOutbreak","11",0.842941486351029,0.927170345965886,6.53567726663833,0.40931643728653,0.692818728399575,0.644335128674003,7.51594060250045,0.459119389245699,0.629310344827586,0.870689655172414,116
"UM-DeepOutbreak","12",0.841388371669542,1.04880100339794,101.746705778481,0.247941900926822,0.708912555733066,0.687753708431491,128.197380243592,0.24968648433348,0.71551724137931,0.836206896551724,116
"UM-DeepOutbreak","13",1.00223930847058,1.2040035036384,105.352168065725,0.572265200338379,0.760254095237976,0.762065860523407,98.7907081940637,0.494450956067539,0.651785714285714,0.758928571428571,112
"UM-DeepOutbreak","15",1.01155261962957,1.15018093439152,4.82065870760734,0.37328874624599,0.982161181403085,1.0044085973298,7.10918884458612,0.47440085422542,0.566666666666667,0.841666666666667,120
"UM-DeepOutbreak","16",1.08810346783362,0.9975047217565,20.5469209514505,0.515552166327938,0.951528277394673,0.851653855643499,25.5393335967754,0.655530801333787,0.575,0.85,120
"UM-DeepOutbreak","17",1.01704768254211,1.07747982603081,62.3300157714631,0.442660540731653,0.836578084532678,0.771923146784097,76.4150571139298,0.452850322413111,0.641666666666667,0.808333333333333,120
"UM-DeepOutbreak","18",0.946527016086107,1.00127727529379,53.1204184939812,0.382052052413202,0.838209011094694,0.702859483917886,68.6344544290833,0.398692607379183,0.633333333333333,0.833333333333333,120
"UM-DeepOutbreak","19",1.06014380075268,1.04980046439866,22.0669986848448,0.470666419803667,0.988268075939507,0.856875642242473,30.1931627501902,0.578191217737919,0.491666666666667,0.725,120
"UM-DeepOutbreak","20",1.02997983769104,1.14869197139029,19.3691223171971,0.488633977631854,0.968413205631102,0.929818876325039,26.5955105789484,0.569946928473758,0.675,0.8,120
"UM-DeepOutbreak","21",1.16860111949801,1.08315453885881,41.8253061921404,0.453585310516191,1.01904533133694,0.819633237639052,54.5429689740127,0.489807892295256,0.616666666666667,0.841666666666667,120
"UM-DeepOutbreak","22",0.829915467119306,1.17509089714842,32.6376490890971,0.448918000906373,0.669920354630108,0.75742997988099,35.5017051995603,0.415089111263578,0.716666666666667,0.791666666666667,120
"UM-DeepOutbreak","23",1.21278012805029,1.09322820995602,11.8763986572151,0.429044530231903,1.14108803899906,0.834426118993228,16.8536853709013,0.512495525590092,0.558333333333333,0.875,120
"UM-DeepOutbreak","24",0.899417375970248,0.933188109359766,36.0953122718438,0.46648082866066,0.788132424443804,0.629366323504271,44.8505041778084,0.486168805991365,0.641666666666667,0.816666666666667,120
"UM-DeepOutbreak","25",0.970390764803716,1.00939284961378,75.9315960528171,0.420765765393482,0.940154549050998,0.80266173329868,102.162138547406,0.45450017595056,0.581196581196581,0.760683760683761,120
"UM-DeepOutbreak","26",0.964924661605207,1.07367551578247,108.410074666446,0.487201002791937,0.982761929241809,0.807601392180905,154.792950429722,0.50095867986334,0.575,0.758333333333333,120
"UM-DeepOutbreak","27",1.028978004581,0.89131618094714,23.2644001869458,0.375654198417305,0.887345707763636,0.741213473103749,29.867128978845,0.461037356003496,0.641025641025641,0.82051282051282,120
"UM-DeepOutbreak","28",0.915054531381425,1.13077082604757,29.3309172386387,0.397464373576563,0.773872628866,0.834967491322569,33.4888537057557,0.391330684524152,0.625,0.858333333333333,120
"UM-DeepOutbreak","29",1.03967041816151,1.21774665916394,55.9867462481967,0.477111212500447,0.978511316789924,0.926052154883097,77.3174516694958,0.511723716179354,0.483333333333333,0.75,120
"UM-DeepOutbreak","30",1.01288116364228,1.21361155784376,16.0250927046714,0.643039082594228,0.971540888605574,1.01047596355173,20.5623328507601,0.849143970600749,0.543103448275862,0.741379310344828,116
"UM-DeepOutbreak","31",1.10446247160675,1.03271162951157,11.9762174756141,0.444659616344246,1.01989153153752,0.934554759140799,16.8118319399985,0.589475011558358,0.55,0.883333333333333,120
"UM-DeepOutbreak","32",1.22334944299084,1.11494257552757,23.342770603496,0.469282950576881,1.06822517082125,0.921672142115041,30.5607786015895,0.56097216113411,0.625,0.783333333333333,120
"UM-DeepOutbreak","33",1.35058117680379,1.20887466565118,8.92734907413442,0.504618333210662,1.17580731797469,0.982008242364659,11.8176658762751,0.665116612263639,0.591666666666667,0.841666666666667,120
"UM-DeepOutbreak","34",0.914160908916644,1.10203790912378,72.7823677037251,0.447066414807419,0.82369320400984,0.773817336370342,90.834048027526,0.437234180689268,0.625,0.791666666666667,120
"UM-DeepOutbreak","35",1.08805089841125,1.17333820912687,29.5082112932633,0.525320728357799,0.92426526371745,0.856921202278259,34.5964177382276,0.533109067800623,0.675,0.791666666666667,120
"UM-DeepOutbreak","36",0.909661564522136,1.01006668030423,126.352985965644,0.410055839621531,0.807209834966206,0.742817600243864,157.314859097367,0.415222516754421,0.683333333333333,0.825,120
"UM-DeepOutbreak","37",0.907929198612928,1.14106645677905,90.6681574806254,0.618943026203431,0.778634015809527,0.872186589714605,97.0955210689834,0.692354523090953,0.646551724137931,0.767241379310345,116
"UM-DeepOutbreak","38",1.02787678109672,1.08279074396785,6.00879694856247,0.430336751383426,0.922844232718392,0.833964156880949,8.11943060309987,0.556641661335724,0.616666666666667,0.791666666666667,120
"UM-DeepOutbreak","39",1.10767121145592,1.08472999582831,90.0666849019415,0.489984190838585,1.11492448777339,0.874828591359155,124.861948132305,0.532475860291533,0.533333333333333,0.691666666666667,120
"UM-DeepOutbreak","40",1.04956420584801,1.12409241185312,48.3217039430357,0.481760649074943,0.999298088099715,0.871702460143285,67.2256101421206,0.533495893283752,0.566666666666667,0.8,120
"UM-DeepOutbreak","41",1.48045061173409,1.37859433823972,24.9741441398383,0.480257813192805,1.30919934685573,1.21752328990642,30.8219601480155,0.563920911240398,0.608333333333333,0.816666666666667,120
"UM-DeepOutbreak","42",1.1673431593448,1.35115138837441,118.676714641044,0.471504474297695,0.970111301208384,0.845235862391926,140.154694603392,0.400250312379678,0.568965517241379,0.732758620689655,116
"UM-DeepOutbreak","44",1.01183244402157,1.20480210007775,6.16462384936043,0.487235363308225,0.934822907759625,0.972892654275901,8.19440033303466,0.621719554956627,0.541666666666667,0.758333333333333,120
"UM-DeepOutbreak","45",0.919004958703242,1.22548945554293,52.8189409814889,0.475513361650595,0.766900131560526,0.787731510219762,54.5409714960343,0.401047179659825,0.706896551724138,0.827586206896552,116
"UM-DeepOutbreak","46",0.997939237444335,1.02815427574252,8.47464880243978,0.481705286580561,0.899983074187079,0.89371560504415,11.6047290157116,0.672596264725705,0.483333333333333,0.875,120
"UM-DeepOutbreak","47",0.960852044041629,1.2956387304419,50.9457407541497,0.443893170148787,0.76577127557293,0.857624787586929,57.0222528643707,0.403706432221118,0.683333333333333,0.825,120
"UM-DeepOutbreak","48",1.03107783629423,1.05442078585692,185.806213326739,0.422139911097611,0.891374472443944,0.854977555160724,231.685082893175,0.528670751708854,0.65,0.791666666666667,120
"UM-DeepOutbreak","49",1.00472116957542,1.12325769014357,8.22921685916636,0.470302464170073,0.843156167173411,0.996324650851164,9.71832507143757,0.618719614298278,0.641666666666667,0.833333333333333,120
"UM-DeepOutbreak","50",1.11034136443626,1.01480443615759,4.12176304366577,0.366268200943011,1.05609051270434,0.916621616732604,6.23995473107863,0.558243639611581,0.5,0.775,120
"UM-DeepOutbreak","51",0.971639851861978,1.28482647139652,60.7808665293979,0.423223333614541,0.779823326632738,0.802888654516378,63.6404817482388,0.347428753483865,0.629310344827586,0.810344827586207,116
"UM-DeepOutbreak","53",1.57494319255383,1.38895873208465,35.6552653879444,0.500639671070512,1.28079339910143,1.0212637149192,43.9562277440084,0.537615640794551,0.583333333333333,0.808333333333333,120
"UM-DeepOutbreak","54",1.08143610181713,0.935867516936506,24.1675819034238,0.454530449666949,0.990621988782598,0.751926780308198,31.9519033107698,0.551653515547094,0.541666666666667,0.816666666666667,120
"UM-DeepOutbreak","55",1.05452547137417,1.01373181733373,36.7586585913362,0.445771153568298,0.869188092328637,0.707998738043643,44.2782978392762,0.470227441082449,0.641666666666667,0.808333333333333,120
"UM-DeepOutbreak","56",0.993593018689207,1.25790248085794,9.13770185568464,0.578732554128167,0.999870081953494,1.07191902284804,12.9950359013414,0.7656868751993,0.741666666666667,0.808333333333333,120
"UM-DeepOutbreak","72",1.12661804522534,1.63303862635642,14.2592549408171,0.317086415194943,0.840363755402072,0.888964986096793,16.2746820746225,0.250641287301379,0.758333333333333,0.941666666666667,120
"UMass-flusion","01",0.606101604782902,0.612694930158914,22.0597384264436,0.249703147545071,0.668572276740821,0.635288569371386,34.6040428036182,0.395514175244924,0.616666666666667,1,120
"UMass-flusion","02",0.948347746123675,0.873114418096221,3.91270841205827,0.336445570885767,0.965841004802371,0.952027587483447,6.1128578231276,0.542507667496364,0.583333333333333,0.983333333333333,120
"UMass-flusion","04",0.436496667253409,0.424975536111995,55.2565478555706,0.194834868733883,0.510551744154347,0.489555829510645,84.3167625425305,0.279293417786529,0.591666666666667,0.966666666666667,120
"UMass-flusion","05",0.724720211008177,0.64370751415837,23.990865991233,0.304721542635486,0.825925635521122,0.728661955908997,37.8814003741132,0.457555914356696,0.458333333333333,0.908333333333333,120
"UMass-flusion","06",0.438455948378086,0.439525288375864,80.6073765926716,0.194803297868732,0.457875725810468,0.480065891065029,120.34083739618,0.270943567812014,0.716666666666667,0.991666666666667,120
"UMass-flusion","08",0.609108097202876,0.532949865503661,21.0889757569609,0.193684457891789,0.613363743076859,0.527053143280112,31.9304352862709,0.279619752660924,0.566666666666667,0.991666666666667,120
"UMass-flusion","09",0.772842208383543,0.684572998169515,19.0174069691401,0.266200445608681,0.758719216536248,0.697688156143347,28.1370123733586,0.407588974582989,0.558333333333333,0.958333333333333,120
"UMass-flusion","10",0.805821155458206,0.788986710531396,5.01587828707385,0.311825454677883,0.873385687604818,0.845663844481442,7.87051698494145,0.509785934777271,0.608333333333333,0.966666666666667,120
"UMass-flusion","11",0.680471158177736,0.77580826120081,5.13714959893371,0.351074209222763,0.766921835832896,0.782016409899826,8.13387444871117,0.567941083386495,0.441666666666667,0.9,120
"UMass-flusion","12",0.603735223878594,0.565950167084935,76.8496926687194,0.134385697367007,0.605774264320313,0.528097742928318,115.147435293295,0.191903864704619,0.683333333333333,0.983333333333333,120
"UMass-flusion","13",0.560228919153934,0.560550635757595,59.6781400294049,0.260708306511663,0.604132499618558,0.595414564537306,78.9524714001206,0.378916309311951,0.533333333333333,0.891666666666667,120
"UMass-flusion","15",0.9310066584026,0.968417494895805,4.44901796470008,0.316231275797385,0.932402538895737,1.00031850373182,6.78758697110567,0.476614301552167,0.541666666666667,0.941666666666667,120
"UMass-flusion","16",0.619455605462633,0.638088729747237,11.5268424439525,0.334922145498085,0.704140664183158,0.679825501763493,18.756476839151,0.528798253985443,0.616666666666667,0.983333333333333,120
"UMass-flusion","17",0.630354243074468,0.543507303597276,37.384704559143,0.223839241606925,0.639356668301416,0.573541890259021,56.577932669271,0.336931867565689,0.616666666666667,1,120
"UMass-flusion","18",0.675928102733795,0.487816352464612,37.9880588575883,0.18790762603489,0.667386781506044,0.450032399769382,56.5234943716997,0.26386331952151,0.616666666666667,0.991666666666667,120
"UMass-flusion","19",0.751706453573036,0.601943122962867,15.6783542246348,0.271213457606934,0.768736521802826,0.599078441048773,23.7875643425422,0.4085033255428,0.55,0.966666666666667,120
"UMass-flusion","20",0.724335281936274,0.659495042718877,13.5746893275162,0.283701602768936,0.77565963894217,0.722941788603733,21.3012164975099,0.44910812592954,0.575,0.95,120
"UMass-flusion","21",0.751200904073288,0.633988669897398,25.9606083330962,0.262923663120728,0.815047684969833,0.735517506644017,42.0083458382606,0.43550037851113,0.475,0.991666666666667,120
"UMass-flusion","22",0.54664246031699,0.574126085349145,21.8370069265077,0.221852405379992,0.63889908229485,0.620666029160259,34.9632381809468,0.347899806151153,0.575,0.983333333333333,120
"UMass-flusion","23",0.830292525758977,0.804947837650532,7.90731076207262,0.320314224000499,0.843101344469371,0.799740801142784,12.0781895809446,0.500858187549035,0.608333333333333,0.958333333333333,120
"UMass-flusion","24",0.591369671593955,0.559317645005387,24.042135376403,0.283322925426983,0.653246054207917,0.566332774860241,37.8356156425338,0.443893731131962,0.483333333333333,0.941666666666667,120
"UMass-flusion","25",0.724377106298531,0.568852736567094,52.6686636923068,0.222051765529562,0.778268918386388,0.616613077794118,80.8545237056942,0.332496567770426,0.557522123893805,0.929203539823009,116
"UMass-flusion","26",0.753122951271439,0.569604049294146,84.0930130107137,0.255595155752691,0.782562412378888,0.612983873038223,122.490995276645,0.379066695551487,0.533333333333333,0.883333333333333,120
"UMass-flusion","27",0.721643824772786,0.59699806688941,15.9201939357663,0.252924108485777,0.731003887667544,0.598254020457095,24.1930577523177,0.372966111597559,0.598290598290598,0.991452991452991,120
"UMass-flusion","28",0.556771567701921,0.540628705543039,17.7433742994087,0.191306088454942,0.651717114036319,0.604606113623982,28.1437859720971,0.286438175598697,0.641666666666667,0.983333333333333,120
"UMass-flusion","29",0.699957445805329,0.556208583227058,37.4838365098571,0.220133912696985,0.70018527997037,0.573370982993602,54.8814871200201,0.322286890596085,0.608333333333333,0.958333333333333,120
"UMass-flusion","30",0.601616164496221,0.64306165967867,9.37558668354848,0.343521007736879,0.719249892735639,0.651473798015775,15.0062816130606,0.550216630651255,0.425,0.95,120
"UMass-flusion","31",0.935479332505463,0.799237642754109,10.1156309109288,0.347791104580719,0.995759558602152,0.885359768323535,16.3784922206937,0.563274421174799,0.441666666666667,0.958333333333333,120
"UMass-flusion","32",0.594294247449787,0.623551771188767,11.1775872398969,0.267477666101738,0.587541508532016,0.616325994087232,16.6610119462509,0.382049706480974,0.725,0.975,120
"UMass-flusion","33",0.799713290243469,0.74155323273631,5.33274740790822,0.309627409221174,0.799389570734978,0.73015544704752,8.08148334803555,0.493831345351918,0.6,0.983333333333333,120
"UMass-flusion","34",0.560847740639816,0.534163409078695,43.7710984251691,0.215028231607301,0.642212913472042,0.574468543774749,69.6987431973926,0.321950455316517,0.525,1,120
"UMass-flusion","35",0.528924425186508,0.561882780135938,14.2657459786707,0.253129882754318,0.631800084180232,0.64627556831516,23.6046252751643,0.403249275196329,0.566666666666667,1,120
"UMass-flusion","36",0.561087295816457,0.498294455473635,74.556315456214,0.200487962828578,0.616525223165587,0.571520756441178,116.967197887049,0.32089944673749,0.458333333333333,1,120
"UMass-flusion","37",0.504193565590176,0.559334878197423,57.4528722754334,0.306510202235491,0.614139810740875,0.640278130751234,87.5043674776985,0.511947045956191,0.475,0.925,120
"UMass-flusion","38",0.738516381025589,0.726673421197821,4.35490794735703,0.288330872554728,0.715026907413751,0.685913919122666,6.31910565368509,0.455718669334304,0.65,0.983333333333333,120
"UMass-flusion","39",0.70180356343496,0.555315347472296,57.2599025882291,0.252753588429407,0.806267669639253,0.659852317432499,90.7725749286208,0.407673894117921,0.441666666666667,0.991666666666667,120
"UMass-flusion","40",0.649866513724441,0.600710935826759,29.6303131069919,0.259251741367684,0.716217382992798,0.657681795000225,47.9662879729961,0.406199613551216,0.608333333333333,0.975,120
"UMass-flusion","41",0.808997119011253,0.738054774171238,13.3355106158959,0.257741037544151,0.899363197690225,0.816487679318892,20.8074639186386,0.378703279880487,0.591666666666667,1,120
"UMass-flusion","42",0.643065526288822,0.53954319455151,63.9371722040798,0.192169924398866,0.712486143925245,0.595840966475634,100.885665976217,0.289689760338505,0.583333333333333,0.983333333333333,120
"UMass-flusion","44",0.728991761876794,0.771430237305256,4.45361542633478,0.312485326104333,0.767455494259752,0.766302175007561,6.78518790936731,0.491480426734647,0.558333333333333,0.958333333333333,120
"UMass-flusion","45",0.481534174067425,0.482466734017955,32.0073569067049,0.191976765948883,0.58559955160815,0.54376455400787,48.7895943654172,0.287865933477258,0.65,0.925,120
"UMass-flusion","46",0.813008316547773,0.767849918800196,6.79697485564888,0.359961462917894,0.857893429401523,0.779684084087871,10.8484752242119,0.577408472860115,0.466666666666667,0.958333333333333,120
"UMass-flusion","47",0.572739724837353,0.55799378071388,30.1886244821881,0.189549109207252,0.643748558665375,0.615982753980579,47.6382820516775,0.287848862358216,0.633333333333333,0.983333333333333,120
"UMass-flusion","48",0.580210879771459,0.767097803814611,104.867271732292,0.328929054856075,0.553357562820611,0.622996466882343,143.581647259166,0.394546144887531,0.625,0.9,120
"UMass-flusion","49",0.718773902776992,0.736950437960574,5.86917809921003,0.309929066103119,0.813295176133552,0.819344518025289,9.36689421930398,0.506742262251747,0.616666666666667,0.975,120
"UMass-flusion","50",0.801479862324575,0.794038858187604,2.96328113871628,0.289009851610896,0.715589141393374,0.722597024873065,4.23681796474941,0.443320530685542,0.616666666666667,0.958333333333333,120
"UMass-flusion","51",0.653356451594789,0.627653705257723,45.8973573927684,0.20956567101516,0.771458753520269,0.72399452893746,70.577100800609,0.319333281383059,0.533333333333333,0.916666666666667,120
"UMass-flusion","53",0.865035581361093,0.730404375768029,19.2646811278761,0.270094465443546,0.852600876821584,0.741429794254525,29.0225433588417,0.398567260638841,0.691666666666667,0.983333333333333,120
"UMass-flusion","54",0.751294568829305,0.643766845446377,17.0724184982582,0.317838446603759,0.788592458902951,0.668825836495162,26.0093137586477,0.495398831241162,0.566666666666667,0.958333333333333,120
"UMass-flusion","55",0.648960572154316,0.539062843715606,22.2074204144533,0.238942041029234,0.661318540127043,0.538374170025986,33.2464591956546,0.360980951969826,0.616666666666667,0.975,120
"UMass-flusion","56",0.788719851028296,0.855096376147324,7.20236058426879,0.394512073387892,0.893363500494772,0.895565165567957,11.4889839451883,0.639068494559869,0.408333333333333,0.916666666666667,120
"UMass-flusion","72",0.8659046298689,0.846369130461003,10.9727459145134,0.169983246070222,0.879723912732114,0.893367522237113,16.5363865824593,0.246933463364301,0.591666666666667,0.966666666666667,120
"UMass-trends_ensemble","01",0.841518480623335,0.822754066548329,30.4665108695652,0.330297991219667,0.931292325617985,0.855106952492676,48.1125,0.527456819131863,0.691666666666667,0.958333333333333,120
"UMass-trends_ensemble","02",1.1688722119931,1.03447325820004,4.77532427536232,0.39504709429249,1.12040275381215,1.04282106468103,7.03333333333333,0.588481651623584,0.733333333333333,0.983333333333333,120
"UMass-trends_ensemble","04",0.765101370051458,0.732502159475043,96.8081757246377,0.335867313838475,0.932723933883339,0.837817931783054,152.6375,0.479096486158444,0.5,0.866666666666667,120
"UMass-trends_ensemble","05",1.01011313787684,0.908545647103041,34.1917644927536,0.423036272137035,1.0046939056206,0.963454439425441,48.1958333333333,0.613525091284712,0.641666666666667,0.808333333333333,120
"UMass-trends_ensemble","06",0.882154973480761,0.76233979638591,162.422820652174,0.332983992376819,0.893596509008951,0.833103134062484,233.4125,0.461421972186031,0.475,0.775,120
"UMass-trends_ensemble","08",0.858298656795036,0.840176564446258,29.3537336956522,0.303485048133629,0.874419317934772,0.827343249374245,44.9666666666667,0.436407723574968,0.7,0.958333333333333,120
"UMass-trends_ensemble","09",1.03007368979709,0.921096975094701,25.5504510869565,0.356825863292202,1.05738472300397,0.974882403509521,39.3375,0.566097489000914,0.591666666666667,1,120
"UMass-trends_ensemble","10",1.07156712122468,1.00398404341816,6.80175724637681,0.39845077456841,0.972340336272696,0.890833598084749,9.07916666666667,0.542020670527549,0.75,0.916666666666667,120
"UMass-trends_ensemble","11",0.946619479408628,0.996513458436456,7.25416485507246,0.448742248041992,0.993605977691041,0.958788075642378,10.7708333333333,0.69593193362136,0.666666666666667,0.958333333333333,120
"UMass-trends_ensemble","12",0.760512854839561,0.734448714285546,96.472152173913,0.174559365435761,0.831210085466592,0.793721337777743,156.695833333333,0.288821933108783,0.608333333333333,0.941666666666667,120
"UMass-trends_ensemble","13",0.79890334808779,0.801470016084595,84.5549438405797,0.370277729844043,0.916518748888293,0.887654975815882,119.679166666667,0.564308229658275,0.7,0.9,120
"UMass-trends_ensemble","15",1.23177410092016,1.16959760120172,5.87096014492754,0.378447178473881,1.09446371493251,1.0931705472668,7.92916666666667,0.516569017162939,0.733333333333333,0.983333333333333,120
"UMass-trends_ensemble","16",0.933629992483326,0.870399937873892,17.8110108695652,0.451578650215712,0.972378487761589,0.939057120243823,26.5708333333333,0.723043717145629,0.625,0.933333333333333,120
"UMass-trends_ensemble","17",0.941111829780476,0.785197205032367,56.3293188405797,0.319405801111012,1.00371539252626,0.888687892068578,89.15,0.513386625569606,0.5,0.891666666666667,120
"UMass-trends_ensemble","18",0.913933544089547,0.778327673197092,51.0017626811594,0.296297203040544,1.01387741822645,0.867027096503999,83.025,0.492770595989625,0.541666666666667,0.908333333333333,120
"UMass-trends_ensemble","19",0.94102063777498,0.821231792407462,19.6223623188406,0.36560777576431,0.992295576543669,0.88459134671794,30.4,0.59601874521908,0.6,0.983333333333333,120
"UMass-trends_ensemble","20",0.956887469288889,0.864078732973761,18.3742481884058,0.368197654985849,1.00533750716203,0.898381568611169,28.5416666666667,0.556172066005931,0.641666666666667,0.983333333333333,120
"UMass-trends_ensemble","21",0.953128517613775,0.787725976838244,33.8019981884058,0.329870637479828,0.993360326246251,0.880704045687871,53.4708333333333,0.534389080249034,0.608333333333333,0.933333333333333,120
"UMass-trends_ensemble","22",0.798043739891868,0.825506692991398,31.7195851449275,0.315811136304379,0.935748578049216,0.840328802016449,50.0833333333333,0.460662307955918,0.716666666666667,0.983333333333333,120
"UMass-trends_ensemble","23",1.04779731803238,0.986330097538858,10.3498097826087,0.391679548649055,1.07715037169028,0.985446303653074,16.1333333333333,0.618165002119493,0.658333333333333,0.975,120
"UMass-trends_ensemble","24",0.946242423976833,0.880528158738874,38.7272355072464,0.444386551359193,1.06978136551755,0.942659349360757,61.4916666666667,0.733649027149304,0.45,0.9,120
"UMass-trends_ensemble","25",0.904005573374739,0.777459324956176,66.0221027318199,0.301116627239719,1.00317662027154,0.880687184937916,104.371681415929,0.469825723102722,0.504424778761062,0.884955752212389,116
"UMass-trends_ensemble","26",0.839381242450571,0.749471643898887,96.0437336956522,0.338551990996852,0.992243662456701,0.877859444390361,161.320833333333,0.546995217380225,0.408333333333333,0.941666666666667,120
"UMass-trends_ensemble","27",0.919706346716906,0.74813042440299,20.6653455964326,0.315422962204558,0.984054583913427,0.88690425203221,33.1752136752137,0.552750971398879,0.606837606837607,0.974358974358974,120
"UMass-trends_ensemble","28",0.90604953501046,0.96188126371104,28.8013387681159,0.33742564431356,1.02248210526051,0.965644819229126,43.9916666666667,0.450174460119224,0.733333333333333,0.9,120
"UMass-trends_ensemble","29",0.968300768529712,0.83399442071503,52.4521050724638,0.326108741616346,1.0283012169817,0.930036329346854,81.4958333333333,0.51469346559974,0.541666666666667,0.891666666666667,120
"UMass-trends_ensemble","30",0.848250452055739,0.881775998957723,13.1346847826087,0.47180122466312,0.973128848203049,0.906755649760291,20.2291666666667,0.77129280954041,0.666666666666667,0.925,120
"UMass-trends_ensemble","31",1.03629905713894,0.898005966126481,11.2886992753623,0.390715718641676,1.03015998124879,0.997846765306084,17.0958333333333,0.636681547002512,0.591666666666667,0.925,120
"UMass-trends_ensemble","32",0.940234098505364,0.940627092585384,17.4857626811594,0.393316982249333,0.965759306992287,0.925316609209211,26.7958333333333,0.555144641800098,0.633333333333333,0.95,120
"UMass-trends_ensemble","33",1.08488864765871,0.975026146444696,7.39073731884058,0.406609133030888,1.04391417151803,0.948661190324567,10.6916666666667,0.635917142786214,0.725,0.925,120
"UMass-trends_ensemble","34",0.928248212581001,0.856572329176656,73.7509420289855,0.351718548736527,1.00681790700225,0.90419233264235,110.904166666667,0.516589532884783,0.516666666666667,0.85,120
"UMass-trends_ensemble","35",0.986141482721203,0.949360796474493,26.8083423913043,0.42591290574988,1.06039500946967,0.993440743054873,39.8041666666667,0.617624782538924,0.591666666666667,0.9,120
"UMass-trends_ensemble","36",0.979246282909958,0.853992246040602,133.588621376812,0.342326406658602,1.00922850636333,0.920581666398645,195.054166666667,0.510417540001077,0.425,0.825,120
"UMass-trends_ensemble","37",0.806893061564099,0.800112555337591,92.9574239130435,0.435318343192729,1.00045086647938,0.909559242742886,143.154166666667,0.720866360763388,0.541666666666667,0.866666666666667,120
"UMass-trends_ensemble","38",1.08910888115826,0.98338587455861,6.48847644927536,0.386369189773898,1.02252713163773,0.917006336584431,9.175,0.604348913966973,0.733333333333333,0.966666666666667,120
"UMass-trends_ensemble","39",0.954766345645586,0.78122902069491,79.2222155797102,0.353294444788996,1.04186224426576,0.901371591418331,120.283333333333,0.558048044016649,0.45,0.775,120
"UMass-trends_ensemble","40",0.887683133538696,0.874871834739678,41.2334510869565,0.371550199811609,0.974605762861374,0.932380454158716,66.0458333333333,0.566993686531211,0.633333333333333,0.908333333333333,120
"UMass-trends_ensemble","41",1.0604783343386,1.00489103273869,17.7414239130435,0.347491021046611,1.05726427686378,1.0382192745486,24.7166666666667,0.475625968471809,0.758333333333333,0.958333333333333,120
"UMass-trends_ensemble","42",0.971828004975519,0.845241168958753,97.6057264492754,0.300910214511864,1.07786175530359,0.964618080133752,153.570833333333,0.466643398991254,0.591666666666667,0.925,120
"UMass-trends_ensemble","44",1.04072526059243,0.9397997439356,6.48723913043478,0.382023325488155,1.04031481134214,0.943297186691143,9.4625,0.606736985129207,0.758333333333333,0.975,120
"UMass-trends_ensemble","45",0.834732718229573,0.858374585560833,56.0268007246377,0.34373327856206,1.0130500686369,0.903361186799038,84.6541666666667,0.480865896313549,0.641666666666667,0.891666666666667,120
"UMass-trends_ensemble","46",1.05703586703477,0.918440501955603,9.00714855072464,0.430984685727001,1.03677045943357,0.914942915320109,13.3833333333333,0.685160000857666,0.683333333333333,0.975,120
"UMass-trends_ensemble","47",0.907731232449241,0.857751880777496,48.4655597826087,0.291688569233482,0.973744501939561,0.924469417678742,74.2,0.439452115927254,0.666666666666667,0.933333333333333,120
"UMass-trends_ensemble","48",0.846360635389489,0.892424652013346,153.342791666667,0.372313763601504,0.874965731084431,0.82771090270249,227.383333333333,0.514160060297282,0.5,0.816666666666667,120
"UMass-trends_ensemble","49",1.03501506526386,1.00775785490177,8.49385507246377,0.424263962027674,1.07024775001197,0.981560959438009,12.4875,0.611280904624499,0.741666666666667,0.958333333333333,120
"UMass-trends_ensemble","50",1.15510184323602,0.972297691682882,4.34119565217391,0.350030940275353,1.04382152864058,0.955399242741321,6.2,0.578326049784591,0.766666666666667,0.983333333333333,120
"UMass-trends_ensemble","51",0.946408928434872,0.922829297138428,67.7560326086956,0.311599641900096,1.05019901479502,0.998544080476975,98.7083333333333,0.448641592605674,0.591666666666667,0.866666666666667,120
"UMass-trends_ensemble","53",0.954182381956473,1.00339215223639,21.0277862318841,0.361619677390125,0.964781643721676,0.927305520518921,32.4875,0.488138487178465,0.633333333333333,0.958333333333333,120
"UMass-trends_ensemble","54",1.07266319737289,0.872342358610114,24.5170144927536,0.426756825290732,1.07600987400109,0.949461159043913,35.7375,0.701004147285192,0.575,0.9,120
"UMass-trends_ensemble","55",0.931784327336051,0.83072798843371,32.3794855072464,0.367767134646135,1.02210506736568,0.938851093459317,52.0041666666667,0.621766263683632,0.525,0.933333333333333,120
"UMass-trends_ensemble","56",1.01215063745964,1.02310834874696,9.19517934782609,0.46576890829485,1.07773155195682,1.00833359677756,13.85,0.711618282281069,0.716666666666667,0.975,120
"UMass-trends_ensemble","72",1.27218200813411,1.24122189278327,16.0853496376812,0.24720492795693,1.04934463990807,1.0193926857177,19.7,0.282179650311628,0.866666666666667,0.991666666666667,120
"UNC_IDD-InfluPaint","01",0.937712099859588,0.723609324513239,38.3544555179467,0.300712638528266,0.97270042729694,0.688225830533134,56.1748333037985,0.433941962612287,0.447916666666667,0.84375,96
"UNC_IDD-InfluPaint","02",1.61521538852423,1.2223777295651,5.09797955663493,0.422621729216708,1.67109433256725,1.31607081067418,8.11282131500546,0.669890964424012,0.416666666666667,0.916666666666667,96
"UNC_IDD-InfluPaint","04",0.863659757435266,0.651025437790245,120.960166573115,0.272639500228995,1.01584759767567,0.797891535034053,184.682761570533,0.412173235299592,0.270833333333333,0.78125,96
"UNC_IDD-InfluPaint","05",0.948563134467862,0.659043710286642,37.2307329147101,0.324774146917325,1.06023123119138,0.760950546570301,57.8565428810364,0.503544954029322,0.270833333333333,0.8125,96
"UNC_IDD-InfluPaint","06",0.731271420655514,0.635252530201535,144.398754848317,0.259987708191028,0.79461880633331,0.715587297554259,225.134104632747,0.370554717345122,0.375,0.770833333333333,96
"UNC_IDD-InfluPaint","08",1.14309101333314,0.78481370984795,42.1108691851136,0.259257318097897,1.16243999814444,0.804719055580384,64.5882488728553,0.389462408512548,0.322916666666667,0.833333333333333,96
"UNC_IDD-InfluPaint","09",1.8028014263132,1.16072297988263,51.8762589378673,0.411675171195322,1.77417632096317,1.15292363883611,77.3379012935036,0.614696293775237,0.15625,0.645833333333333,96
"UNC_IDD-InfluPaint","10",2.35113208903613,1.09202148512,15.4521134425658,0.416924032942734,2.3164097362042,1.01502182567591,22.1775880157157,0.594925549270974,0.447916666666667,0.8125,96
"UNC_IDD-InfluPaint","11",1.21737104630437,0.952129415928643,10.1432812171583,0.41088282990112,1.24453167263827,0.92117522077002,14.7235137574575,0.634075070929671,0.40625,0.791666666666667,96
"UNC_IDD-InfluPaint","12",1.24569136644591,0.942812140787463,169.296339309032,0.215720875259341,1.2016795145583,0.907583112978328,244.143287515501,0.319129062527729,0.270833333333333,0.760416666666667,96
"UNC_IDD-InfluPaint","13",0.873557919579956,0.682286386701092,106.269809969256,0.311787121619864,1.02284266578017,0.7318405060568,152.573680307339,0.456360001185393,0.28125,0.71875,96
"UNC_IDD-InfluPaint","15",1.57237191322208,1.09648150809479,7.6750345028022,0.36548240024084,1.61304050113785,1.16881704763409,12.0889073922942,0.571409003088666,0.302083333333333,0.885416666666667,96
"UNC_IDD-InfluPaint","16",1.71977850091084,0.964530858535386,36.6352415179831,0.504042915437386,1.62359319330223,0.920171692132907,50.2989674645184,0.716028403676397,0.177083333333333,0.614583333333333,96
"UNC_IDD-InfluPaint","17",1.44338024173545,0.924881017148225,98.3057949109681,0.371719318400243,1.35481780862663,0.899147115287825,137.415849618738,0.514091254459766,0.208333333333333,0.5625,96
"UNC_IDD-InfluPaint","18",1.32777281910839,0.815991946907783,83.1960387926624,0.285971112272142,1.27378493339018,0.782832248386005,118.757218011269,0.413770843183992,0.25,0.697916666666667,96
"UNC_IDD-InfluPaint","19",1.41079379800524,0.927070007144956,32.1070212790254,0.396170200240978,1.40603925523868,0.938845328905883,47.1926767341949,0.599768962053686,0.197916666666667,0.71875,96
"UNC_IDD-InfluPaint","20",1.30723644899062,0.877118869025853,27.5199019468672,0.371530284297089,1.27491003584247,0.893006858179606,39.3933756554991,0.543590445078603,0.260416666666667,0.708333333333333,96
"UNC_IDD-InfluPaint","21",1.34127423720022,0.855563696437797,56.9004403326848,0.377295547974309,1.29705964524602,0.873050020315555,83.4957915814009,0.562399291728655,0.229166666666667,0.65625,96
"UNC_IDD-InfluPaint","22",1.19131009355737,0.899544348646887,52.2986912799903,0.3370845167443,1.21762412839216,0.891144358492538,72.0341500270355,0.476319572402448,0.385416666666667,0.71875,96
"UNC_IDD-InfluPaint","23",1.55155017629394,1.072004959336,15.7482902485181,0.396377985864891,1.53352788407883,1.04367387343912,23.6497336941807,0.607249535339546,0.25,0.739583333333333,96
"UNC_IDD-InfluPaint","24",1.2228245124351,0.794129691127455,57.4488796942164,0.387150088514039,1.20026272237884,0.736482652403422,79.5561825488437,0.548304159262529,0.1875,0.697916666666667,96
"UNC_IDD-InfluPaint","25",1.19260286872081,0.85507193531285,109.195123906845,0.347188573596767,1.16869384398265,0.887070865741845,150.317882264232,0.492810527310001,0.161290322580645,0.591397849462366,96
"UNC_IDD-InfluPaint","26",1.16614507776643,0.949658258274271,158.787240358955,0.432810785639898,1.08517249680624,0.923636966009462,207.485589916333,0.580122555045186,0.15625,0.46875,96
"UNC_IDD-InfluPaint","27",1.25581865788559,0.87751568262384,31.7415893680151,0.355788616323953,1.19143352211417,0.837234285067433,45.2608166459386,0.493470166179137,0.333333333333333,0.698924731182796,96
"UNC_IDD-InfluPaint","28",0.900133256184787,0.676559350074629,31.5767898295539,0.231158382793704,0.960914782572268,0.761299021288952,45.5147229220214,0.345356543460037,0.375,0.8125,96
"UNC_IDD-InfluPaint","29",1.10309096702011,0.943824173502222,70.4028924530106,0.371512250011816,0.989588080978516,0.923923385715169,92.9341170653308,0.518095939121942,0.21875,0.645833333333333,96
"UNC_IDD-InfluPaint","30",1.12881111392701,0.80388568317881,19.0675443203048,0.395539201326752,1.14663423576791,0.77613092233668,26.4703268406178,0.600115262690884,0.291666666666667,0.802083333333333,96
"UNC_IDD-InfluPaint","31",1.27048371252412,0.912996611071839,15.9242349846005,0.41028059354602,1.20502999737584,0.947569627361349,23.1829429035676,0.62092819563342,0.260416666666667,0.71875,96
"UNC_IDD-InfluPaint","32",0.985545930263955,0.822032890229447,21.1197476566063,0.354997882220596,0.92578876709474,0.809916136668284,29.5232095878226,0.498111594892876,0.34375,0.760416666666667,96
"UNC_IDD-InfluPaint","33",1.41666241888535,0.934920693468069,10.4785699393154,0.380783397389254,1.31677862657546,0.878347863562957,15.3087553312726,0.583547843368711,0.34375,0.75,96
"UNC_IDD-InfluPaint","34",1.0135385702241,0.942962261365581,89.3946679704833,0.356198719580366,1.00785260577094,0.949176442735782,124.35720330578,0.499082804968999,0.1875,0.59375,96
"UNC_IDD-InfluPaint","35",0.934729855099176,0.758797630356383,28.8438341026379,0.31623511743554,0.947700131493816,0.804744260590382,40.5328880309448,0.459130444829226,0.322916666666667,0.708333333333333,96
"UNC_IDD-InfluPaint","36",0.938208298007511,0.933113399113495,139.077196268166,0.352878863515747,0.911758499631735,0.921221712011326,194.143238017335,0.486589387405947,0.197916666666667,0.552083333333333,96
"UNC_IDD-InfluPaint","37",0.839911605328211,0.908261200332551,108.823140125437,0.502566518979854,0.919412242857759,0.850896471703885,148.148712395666,0.679882097535846,0.177083333333333,0.520833333333333,96
"UNC_IDD-InfluPaint","38",1.38786782756153,1.00290204084405,8.69940818876279,0.371178536787284,1.32331055482796,0.937912318670826,12.6026364223117,0.573382921454913,0.385416666666667,0.854166666666667,96
"UNC_IDD-InfluPaint","39",1.18320195643494,0.894755007838924,115.512256615461,0.419400228371096,1.13959194402595,0.888626355123318,154.890911625411,0.572419339565096,0.145833333333333,0.510416666666667,96
"UNC_IDD-InfluPaint","40",0.965379144913412,0.725803903631382,52.2267777425234,0.303529079631475,0.889372977519271,0.714658037912296,70.371768448406,0.42542166422441,0.375,0.729166666666667,96
"UNC_IDD-InfluPaint","41",1.65309273671369,0.853628188637056,32.3763812337559,0.292551681517368,1.66389659963401,0.938575886985117,45.4456046869226,0.421412853526925,0.395833333333333,0.8125,96
"UNC_IDD-InfluPaint","42",1.16058158590911,0.966188044825959,134.709099598039,0.339538657094392,1.11003954387104,0.978191909756338,183.516620893719,0.467867643857462,0.197916666666667,0.541666666666667,96
"UNC_IDD-InfluPaint","44",1.39246106864555,0.896349140875214,9.93674276173447,0.363190343895324,1.41940868070932,0.870552619167404,14.8940913165477,0.554903178065075,0.385416666666667,0.8125,96
"UNC_IDD-InfluPaint","45",0.997510808517414,0.856752109240794,75.7026177164255,0.337935535206063,1.07677675218931,0.917164301406503,101.111005179546,0.473416480283787,0.302083333333333,0.677083333333333,96
"UNC_IDD-InfluPaint","46",1.32833260027058,1.01204070439084,12.301935589548,0.47615716672227,1.26315760997889,0.959721293884472,17.8038649237706,0.709463495978605,0.385416666666667,0.75,96
"UNC_IDD-InfluPaint","47",1.05312897727008,0.706327942698794,65.2265202750647,0.250048577557209,1.06526267204894,0.741842538955119,92.6452147741239,0.367357380726442,0.354166666666667,0.78125,96
"UNC_IDD-InfluPaint","48",1.12666659352061,1.06992275174893,221.156972674577,0.452848622417643,1.07277803637779,0.959324506805314,302.77599640242,0.600740465610167,0.15625,0.572916666666667,96
"UNC_IDD-InfluPaint","49",1.05543568288934,0.754218211725887,9.85584185508139,0.320452124166319,1.07070819548062,0.735010559448343,14.1783847296296,0.460311624888084,0.552083333333333,0.84375,96
"UNC_IDD-InfluPaint","50",0.968762201824496,0.704243447517641,3.91698427243929,0.248698018600027,0.911650506240157,0.68525018922796,5.92564987804694,0.399912954242288,0.552083333333333,0.927083333333333,96
"UNC_IDD-InfluPaint","51",1.12077186732539,0.963050730388454,91.6798712470856,0.335752211044273,1.17242854711672,1.02686757519163,124.93507962608,0.472703864709418,0.197916666666667,0.583333333333333,96
"UNC_IDD-InfluPaint","53",1.13403361884958,0.820702196663113,26.2310740108139,0.249053523376047,1.0588163387272,0.831220978553649,37.5192799026557,0.362657085056744,0.375,0.802083333333333,96
"UNC_IDD-InfluPaint","54",1.08228432742209,0.791100535942157,27.9816888285479,0.389898733399745,1.07526158381358,0.784651794731369,40.0244832291541,0.57469007447418,0.291666666666667,0.677083333333333,96
"UNC_IDD-InfluPaint","55",1.05920009622373,0.770578303307215,40.1935148450824,0.313903138155905,1.00916537950005,0.756472892391688,56.6524617911013,0.459893219047752,0.302083333333333,0.729166666666667,96
"UNC_IDD-InfluPaint","56",0.904239114686673,0.891502938721532,9.01629295525518,0.39356975692366,0.954376364652737,0.892640343561205,13.5720463747944,0.605432503114805,0.322916666666667,0.802083333333333,96
"UVAFluX-Ensemble","01",0.982429525537461,0.915436858911912,36.6467241382219,0.359957794806449,0.959846283026917,0.877491456511103,50.627031398811,0.523406178105223,0.422413793103448,0.741379310344828,116
"UVAFluX-Ensemble","02",1.18861350358581,1.04438582316335,5.22104246924748,0.411703336579711,1.11708145742396,1.02198495726263,7.36350137574791,0.589744755017039,0.543103448275862,0.827586206896552,116
"UVAFluX-Ensemble","04",0.888397515764175,0.75062293767539,116.045713229746,0.348362919853465,0.980776065411519,0.843153348415144,166.835815675023,0.487929032494109,0.431034482758621,0.732758620689655,116
"UVAFluX-Ensemble","05",1.01094884266169,0.81286984050832,35.1728976949157,0.384393090568601,1.02628230014107,0.83034137310651,49.7157441826946,0.527522769644641,0.336206896551724,0.724137931034483,116
"UVAFluX-Ensemble","06",0.899810506315772,0.7172715304723,170.991301731209,0.311557866993711,0.867893232604256,0.734245600663688,235.431310452989,0.403040437578567,0.508620689655172,0.793103448275862,116
"UVAFluX-Ensemble","08",0.856099394417709,0.76504211917163,29.8103358064187,0.274919624883123,0.841012179211736,0.75907514431532,44.0623247492882,0.395471712158876,0.422413793103448,0.818965517241379,116
"UVAFluX-Ensemble","09",1.07750864770082,0.911807320213136,27.430318439898,0.359786545005189,1.08811855463706,0.910724650355232,41.596617211966,0.53805108253059,0.327586206896552,0.810344827586207,116
"UVAFluX-Ensemble","10",1.29383767517618,0.991097286495532,8.3165632767911,0.392506592197076,1.21100178128794,0.941613219607957,11.150266558701,0.567567373090643,0.5,0.879310344827586,116
"UVAFluX-Ensemble","11",1.04145243481084,1.01729053720906,8.14504997011511,0.4634781804906,1.08059656680587,0.943161584785514,11.8233782583065,0.686750141021067,0.379310344827586,0.724137931034483,116
"UVAFluX-Ensemble","12",0.879106918237417,0.832168725243891,114.414456261543,0.196038104243361,0.829925703683533,0.768365384880463,160.353027376496,0.276619967639656,0.46551724137931,0.758620689655172,116
"UVAFluX-Ensemble","13",0.872208699882576,0.831727225469774,95.8758090372768,0.383886739755712,0.933969666570319,0.794908121513164,126.910136168011,0.502285281448043,0.456896551724138,0.706896551724138,116
"UVAFluX-Ensemble","15",0.956360632115185,1.01883418845388,4.62903242421289,0.32891028178492,0.973922292949755,1.10667133882602,7.16745957239776,0.517656182857661,0.362068965517241,0.844827586206897,116
"UVAFluX-Ensemble","16",1.14849014961663,0.94535565289868,23.1151631345676,0.49049614435716,1.17416333576175,0.921169550038843,33.7144287235304,0.704607228013175,0.310344827586207,0.78448275862069,116
"UVAFluX-Ensemble","17",1.03990074617144,0.737632716770025,63.5290160381575,0.28963500454348,1.00578840699103,0.750923604321997,91.0213630256329,0.418621659425706,0.353448275862069,0.741379310344828,116
"UVAFluX-Ensemble","18",0.958907154216056,0.732193716029285,54.0292146701966,0.275729453654805,0.967386326025543,0.726692317176954,80.2502486550902,0.406918147767268,0.344827586206897,0.724137931034483,116
"UVAFluX-Ensemble","19",0.920127799780783,0.733587171872381,19.5747350686467,0.321711502862234,0.937150710719558,0.722404383647929,29.2584425995572,0.475450068964743,0.327586206896552,0.741379310344828,116
"UVAFluX-Ensemble","20",1.02970914874129,0.844159333337007,20.4973282955872,0.365328991251011,1.07479535943022,0.886162488404138,31.2422530227974,0.550036563660828,0.327586206896552,0.732758620689655,116
"UVAFluX-Ensemble","21",1.1273292147856,0.778154289581938,41.0971153554888,0.31463759658701,1.11535009477459,0.833560698993245,60.5819878231091,0.48131290351382,0.327586206896552,0.767241379310345,116
"UVAFluX-Ensemble","22",0.977366295178865,0.966011305143997,39.7737980837591,0.369378021646144,1.02109459347246,0.95953308739334,56.3729285908795,0.526234874011176,0.318965517241379,0.71551724137931,116
"UVAFluX-Ensemble","23",0.990866287893332,0.855411183872121,10.1722243203025,0.346495022025262,1.02884314078816,0.799416245572326,15.9681905348918,0.509089325408145,0.422413793103448,0.836206896551724,116
"UVAFluX-Ensemble","24",1.09157742558349,0.917319559153469,45.9024682499265,0.459290798180305,1.12422551764363,0.870314430923554,66.6150330851559,0.667653757304179,0.258620689655172,0.724137931034483,116
"UVAFluX-Ensemble","25",1.13565325001415,0.771622816827529,92.1909150878348,0.321326806092877,1.16137599261226,0.79859330474819,131.519497491462,0.45017815783814,0.300884955752212,0.707964601769911,116
"UVAFluX-Ensemble","26",0.990980014748309,0.723856867956606,115.061053931489,0.322797301300702,1.065709503906,0.791384435712561,173.518033493066,0.484813227267838,0.267241379310345,0.741379310344828,116
"UVAFluX-Ensemble","27",1.09675916653003,0.813753026015651,24.7102909989487,0.322728426719324,1.11122916109328,0.809593923558519,37.5078292848932,0.476016258672995,0.292035398230089,0.778761061946903,116
"UVAFluX-Ensemble","28",0.988301045892803,0.844742354027889,32.8004138243552,0.297715542760265,1.06339698873948,0.934905766654262,47.3913824682241,0.438259468085587,0.439655172413793,0.801724137931034,116
"UVAFluX-Ensemble","29",1.05134843017915,0.790844867329195,58.6531953840082,0.307945698999185,1.05675791759869,0.804696345463557,86.262265826186,0.443255596283618,0.28448275862069,0.75,116
"UVAFluX-Ensemble","30",0.942138375347566,0.903058276280415,15.0118960064422,0.482222238617449,1.01199540695122,0.847601654684861,21.6040295252678,0.711778124362749,0.387931034482759,0.78448275862069,116
"UVAFluX-Ensemble","31",1.18783784152732,0.96110766785232,13.0964078254721,0.403720437589569,1.16355401874837,0.971480731599201,19.4778400698239,0.597587443883338,0.275862068965517,0.827586206896552,116
"UVAFluX-Ensemble","32",1.08810761554035,0.90045317680325,21.4136003374644,0.376125573860773,1.02728691539775,0.877575834262618,30.1031172380902,0.525990408751627,0.379310344827586,0.732758620689655,116
"UVAFluX-Ensemble","33",1.192637963606,1.05546301893003,8.22655034231106,0.431802381743564,1.11199508624584,0.976532309906055,11.5526340746451,0.641610004867639,0.422413793103448,0.844827586206897,116
"UVAFluX-Ensemble","34",1.05343218936796,0.746005436618843,88.2918983540447,0.308962191357896,1.06476069397009,0.747381416061107,123.533577478408,0.432063992011351,0.413793103448276,0.793103448275862,116
"UVAFluX-Ensemble","35",1.24362574492307,0.948886554437491,36.2025588820187,0.43158805600394,1.22239668837353,0.971361688640411,48.6330100978516,0.609670939596043,0.387931034482759,0.767241379310345,116
"UVAFluX-Ensemble","36",1.02016327885804,0.749737256003773,143.502770323498,0.300442484557643,1.0265090992053,0.79136212718197,204.023670780538,0.436036965178265,0.387931034482759,0.827586206896552,116
"UVAFluX-Ensemble","37",0.97807624507347,0.907859982988988,117.188889165755,0.477995130634157,1.06440006445367,0.832697331194121,158.935497088515,0.632526371817581,0.387931034482759,0.732758620689655,116
"UVAFluX-Ensemble","38",0.953115869063725,0.970787042846364,5.75661201156278,0.381219043957268,0.940013826650257,0.825912342757304,8.50420264416813,0.538806823487839,0.5,0.801724137931034,116
"UVAFluX-Ensemble","39",1.00552308634462,0.753820821301884,85.4116367581779,0.336132111060033,1.07570969932283,0.793540677801681,127.060575202354,0.481509036740921,0.370689655172414,0.71551724137931,116
"UVAFluX-Ensemble","40",0.947378081862274,0.71143524598836,46.4289866775162,0.305533148530221,0.919033072974626,0.731200497570121,65.3910497517904,0.447938158632135,0.413793103448276,0.870689655172414,116
"UVAFluX-Ensemble","41",1.12038092212303,0.856275309128935,19.3072624382946,0.299522796321769,1.15038230669314,0.89931968289538,27.7504913507475,0.419143753108705,0.474137931034483,0.810344827586207,116
"UVAFluX-Ensemble","42",1.15737081991819,0.825677832531939,122.199563224185,0.300002091361516,1.20913157158962,0.909770418290015,179.912961046757,0.446879997246894,0.293103448275862,0.767241379310345,116
"UVAFluX-Ensemble","44",1.06703490177573,0.930255793904305,6.82467267835167,0.377773618431606,1.06142431429701,0.90669311756488,9.69023125533808,0.579440178611127,0.448275862068966,0.862068965517241,116
"UVAFluX-Ensemble","45",1.04557540228502,0.823770381448054,73.2805198089636,0.333063528932172,1.07471789130203,0.781452699258472,93.3135160331723,0.41790853622687,0.439655172413793,0.698275862068966,116
"UVAFluX-Ensemble","46",1.18075007961421,1.05890022883744,10.2789245046508,0.500088416458456,1.14057361345325,0.943580693940652,15.0209609237672,0.708282142493412,0.362068965517241,0.758620689655172,116
"UVAFluX-Ensemble","47",1.06097196718308,0.802726524341852,59.7636328374044,0.27583759939978,1.11591185768378,0.879711664808451,88.0005588272467,0.416413465304138,0.387931034482759,0.853448275862069,116
"UVAFluX-Ensemble","48",0.929005054486153,0.968234545559789,171.272894304153,0.384171393299628,0.965757186794492,0.861744749376026,255.453576703125,0.507409487682312,0.344827586206897,0.71551724137931,116
"UVAFluX-Ensemble","49",1.11287993530195,0.97488143091344,9.56629781801574,0.416266285546351,1.09227123453064,0.942104444142731,13.2536303249603,0.590249571017904,0.439655172413793,0.827586206896552,116
"UVAFluX-Ensemble","50",1.0218061855398,0.953253811641631,3.7887588320287,0.334731938165783,1.03970254511941,0.864488382825763,6.14996904378601,0.510952757853734,0.293103448275862,0.844827586206897,116
"UVAFluX-Ensemble","51",1.11103718773855,0.85867716532735,82.752988245478,0.292400645137151,1.18351462790274,0.937478478754493,114.792385402401,0.422553050712734,0.353448275862069,0.75,116
"UVAFluX-Ensemble","53",0.998254524598549,0.832348051600283,22.7463080414122,0.31089153123692,0.981703155090808,0.839141171698607,34.1509779857824,0.450550947367501,0.422413793103448,0.818965517241379,116
"UVAFluX-Ensemble","54",1.1388754992186,0.888162951290106,26.8124007853994,0.426197552497041,1.15231396557299,0.864866251922074,39.2673801745735,0.624424750196422,0.344827586206897,0.862068965517241,116
"UVAFluX-Ensemble","55",1.11500905381155,0.848067148670491,39.7692490230521,0.370092388062651,1.13952911144386,0.855049512015716,59.4765406604237,0.557960918651011,0.293103448275862,0.793103448275862,116
"UVAFluX-Ensemble","56",0.959146587006297,0.973255754523771,9.01443665094903,0.446402679385118,0.957640524670764,0.921856378495956,12.6944948976093,0.651110993501919,0.379310344827586,0.793103448275862,116
"UVAFluX-Ensemble","72",1.13379444062613,1.08440764510343,14.9567427506142,0.221140145870785,1.19154538405252,1.19359059680706,23.1954494225356,0.335401045265707,0.396551724137931,0.836206896551724,116
"VTSanghani-Ensemble","01",1.04646452881072,1.35475483333333,39.2647519823021,0.571020056021713,0.988180143015344,1.19665886215049,52.3197115384615,0.764474539212725,0.153846153846154,0.480769230769231,104
"VTSanghani-Ensemble","02",1.91203048456459,1.69515341370062,8.41568836399108,0.665754201720879,1.72905506492924,1.60267767652627,11.5188301282051,0.926182158659388,0.336538461538462,0.538461538461538,104
"VTSanghani-Ensemble","04",1.07574319310806,1.15578229813576,138.881699160396,0.548737731029701,1.05768058836859,1.20455182501998,176.202844551282,0.711821313752561,0.221153846153846,0.423076923076923,104
"VTSanghani-Ensemble","05",1.21667553865983,1.07324242506887,39.7730612249164,0.535775590811837,1.11842349805848,1.02132207232816,50.4744391025641,0.684651502811816,0.211538461538462,0.471153846153846,104
"VTSanghani-Ensemble","06",1.47147253935394,1.26417989021492,284.62693497422,0.589821380282321,1.35965780626518,1.31583912096684,374.225608974359,0.782480290832254,0.0865384615384615,0.403846153846154,104
"VTSanghani-Ensemble","08",1.06390950587201,1.17758176353112,37.8467919105351,0.452402847065728,0.990764785398794,1.18388412282485,52.6387740384615,0.663006820561746,0.201923076923077,0.490384615384615,104
"VTSanghani-Ensemble","09",1.65214455795823,1.31384655708765,39.7241024317168,0.540216575764989,1.3921081906376,1.09914883456689,50.3511778846154,0.684971166033985,0.201923076923077,0.461538461538462,104
"VTSanghani-Ensemble","10",1.66001823914469,1.44406324908335,10.6505511984392,0.603508286240685,1.52809895568541,1.34367546904684,14.1063141025641,0.863428985431144,0.211538461538462,0.461538461538462,104
"VTSanghani-Ensemble","11",1.25751482247674,1.09105274130413,9.97193278637124,0.524711806725136,1.16790608300169,0.957582074202916,12.9807932692308,0.746306922826327,0.307692307692308,0.538461538461538,104
"VTSanghani-Ensemble","12",1.2351787747549,1.78393528554415,169.84559657539,0.466610496153091,1.06502647426452,1.44295980068216,217.81827724359,0.581767762629141,0.201923076923077,0.432692307692308,104
"VTSanghani-Ensemble","13",1.23395759996117,1.39758137405813,141.042022585702,0.691031672195931,1.25421766319211,1.3307782950888,174.466033653846,0.900740275894772,0.0961538461538462,0.365384615384615,104
"VTSanghani-Ensemble","15",1.30408687857656,1.2983933499718,6.18886866987179,0.41099275346543,1.22944878442136,1.25121694365753,8.82294871794872,0.575921641238407,0.240384615384615,0.625,104
"VTSanghani-Ensemble","16",1.47612948210726,1.2845303270341,28.3655661022854,0.711542388395161,1.32822749183575,1.14147636087705,35.9783573717949,0.931159889124836,0.230769230769231,0.480769230769231,104
"VTSanghani-Ensemble","17",1.58710088798175,1.2763605814921,94.5919260103122,0.551633755468834,1.39535581257767,1.1459999932477,123.555280448718,0.699187157456007,0.182692307692308,0.394230769230769,104
"VTSanghani-Ensemble","18",1.48107868308748,1.3672308421625,78.3406968575808,0.530731286724746,1.32889280489522,1.22158932031648,103.400200320513,0.709137263327849,0.0673076923076923,0.375,104
"VTSanghani-Ensemble","19",1.49576057240831,1.17411661058581,28.890711423495,0.542413609883568,1.33895648487695,1.03372849322302,37.8298637820513,0.724080041600481,0.163461538461538,0.5,104
"VTSanghani-Ensemble","20",1.37025631197127,1.15897751219115,24.6538693457358,0.51193164831957,1.26929318654298,1.09625705972278,33.4305288461538,0.70329396971695,0.163461538461538,0.480769230769231,104
"VTSanghani-Ensemble","21",1.60259098898493,1.27128812177226,54.9143429138796,0.554717140282036,1.40385190746679,1.1809683744427,72.0416346153846,0.740133508868753,0.182692307692308,0.509615384615385,104
"VTSanghani-Ensemble","22",1.19376801686343,1.59544797036817,48.9543385939242,0.619391726800282,1.15125858688575,1.47901241123977,63.8843108974359,0.824902652884932,0.211538461538462,0.432692307692308,104
"VTSanghani-Ensemble","23",1.73047122142868,1.28909260317423,15.0967937012263,0.499692264390704,1.5474957728531,1.17009847262388,20.2784294871795,0.719213244174638,0.269230769230769,0.548076923076923,104
"VTSanghani-Ensemble","24",1.16962928168997,1.15603974324494,48.7617023794593,0.626350100842977,1.06289222539213,0.957750446965017,62.0197195512821,0.802565334819017,0.153846153846154,0.442307692307692,104
"VTSanghani-Ensemble","25",1.35874908369924,1.19909894069311,102.465146818051,0.513888578431921,1.19319592127911,1.10669593698511,125.373300330033,0.646182757398532,0.148514851485149,0.356435643564356,104
"VTSanghani-Ensemble","26",1.43232852063342,1.27441085511225,148.540441987179,0.57712630458369,1.24135677747965,1.16477902701391,182.1859375,0.732260712609314,0.125,0.336538461538462,104
"VTSanghani-Ensemble","27",1.74134472355564,1.27703329812168,38.1493117735687,0.578142648822101,1.50186990064237,1.08705740976714,49.4637211221122,0.72686080487174,0.198019801980198,0.435643564356436,104
"VTSanghani-Ensemble","28",1.10490338252202,1.24600404154179,36.513240583194,0.455124037579179,1.06896837811611,1.25360336350154,47.581233974359,0.620198086597976,0.173076923076923,0.548076923076923,104
"VTSanghani-Ensemble","29",1.46096489451983,1.18617742038909,74.875934671126,0.474892326539257,1.27111187392436,1.0743265049327,95.5045352564103,0.609124523572427,0.134615384615385,0.413461538461538,104
"VTSanghani-Ensemble","30",1.16479594775921,1.20365133607498,18.4101438301282,0.676101074306257,1.10766698700532,1.05884123155622,23.0460737179487,0.950516368036241,0.288461538461538,0.538461538461538,104
"VTSanghani-Ensemble","31",1.65164956703399,1.24476284474278,18.5898208089465,0.592685846560489,1.40258427325959,1.10582034613691,23.8362900641026,0.769435320495192,0.192307692307692,0.461538461538462,104
"VTSanghani-Ensemble","32",1.735910105663,1.35679374628829,32.1765893464326,0.590601976125324,1.52912322256036,1.21301034872473,42.0154567307692,0.757514209745158,0.240384615384615,0.557692307692308,104
"VTSanghani-Ensemble","33",2.20204217154991,1.64312610934625,14.0641384406355,0.701810868139773,1.90716064006134,1.39093165256521,18.2546233974359,0.965655026639265,0.259615384615385,0.519230769230769,104
"VTSanghani-Ensemble","34",1.25017864390903,1.14283065834963,99.9541588350056,0.482147856387618,1.12995470579398,1.0524705102467,124.071177884615,0.617188393666202,0.192307692307692,0.423076923076923,104
"VTSanghani-Ensemble","35",1.41505908730729,1.14739482014814,39.3295930149108,0.541346515821779,1.27735302723814,1.05929001084197,48.7516666666667,0.695942967668479,0.336538461538462,0.586538461538462,104
"VTSanghani-Ensemble","36",1.37279667505625,1.26535598019248,185.442507713211,0.525845321634088,1.2482812602284,1.20648900086969,238.714863782051,0.692253251625159,0.0865384615384615,0.346153846153846,104
"VTSanghani-Ensemble","37",1.1433027509421,1.41473647603348,139.718960803372,0.838540105193903,1.14527485742601,1.23040982023167,173.359895833333,1.05858750413992,0.134615384615385,0.346153846153846,104
"VTSanghani-Ensemble","38",1.3326173768977,1.13760898244665,7.92551372630992,0.487760324318857,1.24306739635879,0.990999188498656,10.9986298076923,0.719513432228371,0.278846153846154,0.586538461538462,104
"VTSanghani-Ensemble","39",1.42120651784843,1.21150885947426,110.718669648829,0.575350567867187,1.26172098792079,1.11297155726653,135.743998397436,0.71956469482623,0.182692307692308,0.394230769230769,104
"VTSanghani-Ensemble","40",1.10135251574366,1.08225861327328,48.3777261636009,0.482794785438052,1.01178785321648,1.00263601609101,64.2946073717949,0.633962147514537,0.25,0.576923076923077,104
"VTSanghani-Ensemble","41",2.49943461947908,1.46966266436116,40.8240289959587,0.518817695321846,2.3391012399542,1.54797058291955,53.100657051282,0.726354475651179,0.278846153846154,0.576923076923077,104
"VTSanghani-Ensemble","42",1.43207210596144,1.26724414839024,143.373897125836,0.457697123463207,1.28528401227108,1.19259834764727,182.194006410256,0.585660800156114,0.134615384615385,0.384615384615385,104
"VTSanghani-Ensemble","44",1.52087283588376,1.53253043868219,9.37486387263099,0.645877694108767,1.38569012374707,1.33025202007282,12.297516025641,0.900695305456215,0.173076923076923,0.432692307692308,104
"VTSanghani-Ensemble","45",1.05091448371226,1.30028525376933,74.4705661719621,0.529585051121164,1.07490579647442,1.31745131121313,93.9919471153846,0.716240717052121,0.173076923076923,0.5,104
"VTSanghani-Ensemble","46",1.5224940876575,1.29057696174511,12.5877925794314,0.641671104019669,1.30109641808213,1.10338380914056,16.0919070512821,0.870465786530382,0.211538461538462,0.5,104
"VTSanghani-Ensemble","47",1.16186819575129,1.26974407508296,62.4690235367893,0.436903350780864,1.06957412421908,1.21009997228065,80.5577724358974,0.577016690929146,0.211538461538462,0.480769230769231,104
"VTSanghani-Ensemble","48",1.27171219055836,1.54462863594866,237.866267025502,0.683886632738749,1.12583479731988,1.22044611520748,301.475272435897,0.805957661985892,0.134615384615385,0.346153846153846,104
"VTSanghani-Ensemble","49",1.32618190920736,1.21759582450609,11.3868857650502,0.528156212637763,1.25183906891296,1.15958793614086,15.1430769230769,0.740390916527515,0.298076923076923,0.509615384615385,104
"VTSanghani-Ensemble","50",1.69174091465047,1.28024717712258,6.16252809712932,0.497319897400975,1.4907708605703,1.10084382534139,8.64713141025641,0.727713348837097,0.307692307692308,0.596153846153846,104
"VTSanghani-Ensemble","51",1.05233154040383,1.22827574242019,78.4114079292085,0.422401251975917,1.03641370640543,1.21445203575482,100.341498397436,0.55692551710772,0.201923076923077,0.5,104
"VTSanghani-Ensemble","53",1.94543759249521,1.25060326104889,44.0347798042085,0.468525332147506,1.67121613436109,1.10851913137752,57.9637259615385,0.607929929794258,0.269230769230769,0.576923076923077,104
"VTSanghani-Ensemble","54",1.44554021799901,1.17772033878836,32.3810011705686,0.619945091811064,1.27467567505688,1.03118704565002,40.7317307692308,0.812764195207721,0.211538461538462,0.490384615384615,104
"VTSanghani-Ensemble","55",1.64445026869278,1.37263570305697,53.8842894927536,0.627186499712172,1.4146867648308,1.12809046568574,68.2980128205128,0.773655046131377,0.144230769230769,0.336538461538462,104
"VTSanghani-Ensemble","56",1.1444230958751,1.1382715308103,10.4660870714883,0.535632128473281,1.09395563786564,1.04956558952214,14.0588942307692,0.77331713834162,0.240384615384615,0.519230769230769,104
"VTSanghani-Ensemble","72",2.02700999572726,2.28706508140516,28.4216199832776,0.482659954870189,1.68766955112323,2.04583063177243,35.0941746794872,0.596768253969173,0.259615384615385,0.451923076923077,104
"cfa-flumech","01",1.3215569477653,1.0232415590924,52.9945196688501,0.421900371180845,1.38255975932325,0.999858261347351,77.6380059777231,0.617927185772457,0.432432432432432,0.792792792792793,111
"cfa-flumech","02",2.90856513862631,1.29905333702188,13.3688959173446,0.503543708192171,2.77436357225006,1.28861453042447,19.3454532634258,0.727370473079702,0.468468468468468,0.81981981981982,111
"cfa-flumech","04",0.855087075817914,0.637458533207616,121.121049298715,0.304848380899953,0.949462635340098,0.768623894876135,174.82178953262,0.461943006972002,0.420560747663551,0.813084112149533,107
"cfa-flumech","05",1.2120539012666,0.933120202848046,43.2715488750595,0.406891075217142,1.25509971613594,1.0247541711303,63.1655821932174,0.605004488325979,0.378640776699029,0.796116504854369,103
"cfa-flumech","06",1.15212805502182,0.815538684157955,240.700178162654,0.371057182658443,1.19300266482861,0.908416534806535,357.561558981255,0.526266394835053,0.368932038834951,0.737864077669903,103
"cfa-flumech","08",2.10624997902416,0.976677915159805,91.5138540793426,0.374831754006704,1.89033063153486,0.977466953915289,120.129565229093,0.538478248777743,0.36036036036036,0.873873873873874,111
"cfa-flumech","09",1.4330303436406,1.10327284374873,35.4707308450666,0.445340104622597,1.29429106466686,1.04636909874199,49.4564578860791,0.639319113218824,0.29126213592233,0.728155339805825,103
"cfa-flumech","10",1.32127141202883,1.12892170008047,8.86869781938665,0.454679980645278,1.32978998736037,1.09434356960793,12.9350777839077,0.665871493754983,0.420560747663551,0.794392523364486,107
"cfa-flumech","11",1.0178681877625,1.08055600912464,7.9989132336091,0.511212201216585,1.14337601218541,1.05318672281519,12.5947724315761,0.798351180909141,0.252252252252252,0.837837837837838,111
"cfa-flumech","12",0.9393661205106,0.930186584076622,128.171939157264,0.229335498213414,0.91173146127561,0.858650991481858,184.948866297781,0.324792609229133,0.432432432432432,0.837837837837838,111
"cfa-flumech","13",1.02092328723842,0.923020402656786,124.064165889963,0.456417064194856,1.20004069220883,0.969282488860917,178.724971423716,0.655001033599555,0.224299065420561,0.719626168224299,107
"cfa-flumech","15",1.15228574770734,0.904411544796142,5.71332500352021,0.298824789712765,0.992881427834245,0.958123142201161,7.49586671399902,0.464654329538309,0.504504504504504,0.954954954954955,111
"cfa-flumech","16",1.04369729060996,0.877509031270355,20.655323046188,0.475387081003167,1.0661464947597,0.848081678215474,30.6489908254105,0.677611992203644,0.333333333333333,0.72972972972973,111
"cfa-flumech","17",1.19196763297374,0.885005094604067,74.5457029289,0.374567501485067,1.20159578976658,0.902901746679264,112.537492800879,0.542195819595416,0.373831775700935,0.757009345794392,107
"cfa-flumech","18",1.0192793350207,0.784184498123655,57.4663307190048,0.307276735692208,0.923493348833201,0.7459149113745,77.6471797864401,0.43811886134511,0.476635514018692,0.813084112149533,107
"cfa-flumech","19",1.26575469433621,1.1060488065068,25.5323818725124,0.510430577531463,1.26267998524081,1.08102743198675,37.5666272346908,0.7500952064323,0.327102803738318,0.775700934579439,107
"cfa-flumech","20",1.18331009169727,0.973973155408597,20.2792144283715,0.434642711052713,1.09956542659921,0.968681795825801,27.8027541774249,0.622717858058047,0.353535353535354,0.828282828282828,99
"cfa-flumech","21",1.49851972711443,1.09429767584866,57.8772157473026,0.486191356140526,1.43777647511759,1.10013110271967,83.9111901913203,0.704762750276656,0.252427184466019,0.728155339805825,103
"cfa-flumech","22",0.976165686471511,0.841826464480242,41.0280632768936,0.327752258792972,1.09810856009386,0.902268905796217,62.3242114110638,0.501323775605493,0.387387387387387,0.837837837837838,111
"cfa-flumech","23",1.66600251593423,1.08465684778262,16.9477310687138,0.445053760481476,1.51032359671172,0.991965215997457,23.674062480862,0.640196332074713,0.448598130841121,0.794392523364486,107
"cfa-flumech","24",0.871878927507781,0.84032861416226,36.8765880462585,0.434687700239645,0.935829425408537,0.808362204772717,56.163434452221,0.639496498392001,0.324324324324324,0.801801801801802,111
"cfa-flumech","25",1.05075392392977,0.769916094389008,86.972673448009,0.333227316658513,1.05045008157962,0.799724430590793,124.055207639322,0.473327782846117,0.394230769230769,0.807692307692308,107
"cfa-flumech","26",1.35816562731263,1.0079957350733,141.6156545596,0.452727400099854,1.35322114853456,1.09503673920903,202.019409341153,0.679344809867926,0.242990654205607,0.803738317757009,107
"cfa-flumech","27",1.45089208717894,0.952398074836489,33.5692116439448,0.41721351052329,1.410417646142,0.924039454234922,48.8433924396799,0.593913594880606,0.413461538461538,0.826923076923077,107
"cfa-flumech","28",0.705585185474969,0.87477873866041,23.6532795192529,0.318618308890493,0.736485216174528,0.914622360745174,33.4757299827434,0.446518767400189,0.45045045045045,0.801801801801802,111
"cfa-flumech","29",1.31843272409502,0.917063295165261,70.4774236686068,0.369380586777563,1.267156184354,0.959846472958723,99.0418996736886,0.545821869484133,0.353535353535354,0.787878787878788,99
"cfa-flumech","30",0.77835137096718,0.935917409411806,12.5870350083693,0.498535701674324,0.791708385510656,0.844409457826792,17.1152778118775,0.709184333750625,0.378378378378378,0.738738738738739,111
"cfa-flumech","31",1.52045642582871,1.20083346650161,16.4347746116105,0.545249308443443,1.37654870534911,1.17152395860061,23.2177327878619,0.782345883064214,0.242990654205607,0.738317757009346,107
"cfa-flumech","32",1.11270778564602,0.973982557736834,22.5851766275157,0.423820328106618,1.15065162557026,0.998939885064945,35.1437143302429,0.623463356752906,0.405405405405405,0.855855855855856,111
"cfa-flumech","33",1.85585518725898,1.39409361910514,13.1433154446579,0.607377372185972,1.68617716507753,1.20782851855535,18.4556335436096,0.854583400374611,0.207207207207207,0.63963963963964,111
"cfa-flumech","34",1.0968550123648,0.810009999012545,95.2495744059155,0.343008009350726,1.18833409945608,0.884044887412779,143.845659360468,0.52701119752603,0.345794392523364,0.775700934579439,107
"cfa-flumech","35",1.33901967179182,0.948298629724339,39.5218170519249,0.442081869220884,1.48351938274177,1.04690137448793,61.278126818939,0.675402761417601,0.289719626168224,0.841121495327103,107
"cfa-flumech","36",1.12558039141367,0.79279973265494,161.900183452321,0.325665677917919,1.15505169438713,0.837058396803163,237.667912355374,0.478254795000537,0.359223300970874,0.747572815533981,103
"cfa-flumech","37",0.770420558526639,0.857404214124742,99.1124334168085,0.497196118891318,0.924941070197429,0.831798595796591,148.779322257417,0.699373471195889,0.310679611650485,0.70873786407767,103
"cfa-flumech","38",1.05595544782122,1.04578201950799,6.44194171611189,0.428672807907622,0.944849901444072,0.890270116396896,8.62068957271656,0.606087260870075,0.401869158878505,0.85981308411215,107
"cfa-flumech","39",1.58502052083189,1.00355828284926,140.724755797998,0.468253342158739,1.60002783904661,1.02916027567569,197.329084666294,0.651665092443462,0.294736842105263,0.684210526315789,95
"cfa-flumech","40",0.863718924966141,0.730399369282417,40.1464358493566,0.311353764223251,0.818903954083896,0.772297682530894,55.4983186262014,0.469266755093815,0.392523364485981,0.869158878504673,107
"cfa-flumech","41",1.61464155874077,1.05748671041905,27.8719830123534,0.373135869909956,1.6713481778926,1.20326018081813,40.9938325020148,0.562563721511071,0.378378378378378,0.81981981981982,111
"cfa-flumech","42",1.51256610944216,1.15110034681929,165.573610648932,0.422095666679532,1.5648574377121,1.19942123646262,245.833267603893,0.602694628402394,0.281553398058252,0.679611650485437,103
"cfa-flumech","44",1.06340996925425,1.14969361538037,6.75759804444278,0.480098288420203,1.07606584846391,1.07214380210434,9.90217714385841,0.706879318060136,0.369369369369369,0.765765765765766,111
"cfa-flumech","45",0.775528635252048,0.773962547403609,58.1214645472596,0.32063014151718,0.914992716580205,0.876916219495641,85.0445107583838,0.48064405206653,0.495145631067961,0.815533980582524,103
"cfa-flumech","46",1.45120729811119,1.27149780354443,12.2245484653134,0.587387107475809,1.40063155069114,1.17201640239932,17.6869788166783,0.857568447152395,0.252525252525253,0.616161616161616,99
"cfa-flumech","47",0.910084012735556,0.884446626154772,51.4773953252938,0.302474648859686,0.968334463849743,0.958991305744488,77.2182153535638,0.452425299404678,0.383177570093458,0.803738317757009,107
"cfa-flumech","48",1.29374110142345,1.12642492779487,259.570281344149,0.46998551181229,1.33859854883844,0.949617110886143,385.082474726664,0.584257842480658,0.378640776699029,0.70873786407767,103
"cfa-flumech","49",1.45949301543734,0.931352007598699,12.9333304004438,0.397739692766355,1.44074157966923,0.925641153215364,18.6471481715453,0.58577509435998,0.429906542056075,0.88785046728972,107
"cfa-flumech","50",1.18781889062048,1.03770471666647,4.3471458968803,0.381800987063251,1.13040135777583,0.959479817463942,6.54127403760004,0.590186478015715,0.504504504504504,0.873873873873874,111
"cfa-flumech","51",1.07509051285546,0.901415836397017,82.6713232874178,0.308311802075726,1.27758726916294,1.06153253892187,127.680740311741,0.479664897164514,0.392523364485981,0.831775700934579,107
"cfa-flumech","53",1.17121029668538,0.885109833676093,26.6508270030783,0.319707845793469,1.21942936612343,0.967706931071577,42.4036021504637,0.506262057882541,0.36036036036036,0.864864864864865,111
"cfa-flumech","54",1.30621415828265,1.0530827811923,31.7355348926523,0.544104573784842,1.26599639588773,1.00459114332672,44.6018391642316,0.772465799846084,0.252427184466019,0.70873786407767,103
"cfa-flumech","55",1.03729191100252,0.861321581560435,38.6368992848011,0.391919234354612,1.0372598573538,0.862827051383643,57.2372276836039,0.586746297186805,0.353535353535354,0.797979797979798,99
"cfa-flumech","56",1.08697990653151,0.955538813075892,10.765852488302,0.443984434549247,1.00221353266199,0.933023203536765,13.8778968237498,0.66608011109445,0.401869158878505,0.841121495327103,107
"cfa-flumech","72",1.52078453312855,1.35640782500214,21.6956827602997,0.297162661388473,1.37977091346125,1.33552257160171,29.2588924023877,0.404410856475363,0.535353535353535,0.818181818181818,99
"cfarenewal-cfaepimlight","01",0.77796465157364,0.768279316765967,28.1130358695652,0.306931861155192,0.798758198653137,0.775412274867827,41.225,0.469980663691418,0.441666666666667,0.925,120
"cfarenewal-cfaepimlight","02",0.830177319482154,0.955523383449873,3.50053154047976,0.369266724370658,0.84231688136915,1.03510441332903,5.38793103448276,0.58846104775514,0.482758620689655,0.96551724137931,116
"cfarenewal-cfaepimlight","04",0.680785425786637,0.794867326395239,85.9279432608696,0.363156992678661,0.802335842569409,0.98855905524177,132.270833333333,0.563582357784174,0.441666666666667,0.941666666666667,120
"cfarenewal-cfaepimlight","05",1.16177252796133,0.950790800228263,38.514562807971,0.443563714944973,1.25548689857572,1.04753561341783,59.2083333333333,0.658535502844801,0.383333333333333,0.866666666666667,120
"cfarenewal-cfaepimlight","06",0.806626659757414,0.711078366001122,152.485083061594,0.309280550529399,0.884769079465442,0.915690146462225,239.116666666667,0.504827434824361,0.391666666666667,0.933333333333333,120
"cfarenewal-cfaepimlight","08",1.04308924909306,0.909286971735312,37.8803074094203,0.33058784933598,1.06923476380499,0.983440662957984,58.3583333333333,0.521239918023023,0.425,0.925,120
"cfarenewal-cfaepimlight","09",1.28585915912366,1.13232798180785,31.5262063949275,0.432767045928787,1.17641052504285,1.19671967923829,43.2916666666667,0.688834835379277,0.508333333333333,0.933333333333333,120
"cfarenewal-cfaepimlight","10",1.120049144205,1.03074852243165,6.89184757246377,0.407196941221607,1.1244780759968,1.03018121075857,10.0416666666667,0.623228073997759,0.55,0.975,120
"cfarenewal-cfaepimlight","11",0.780234303438479,1.01326370167703,5.90510213768116,0.463159368815567,0.831222335711115,0.997043407849889,8.85,0.730726492749489,0.5,0.958333333333333,120
"cfarenewal-cfaepimlight","12",1.02484825520621,0.998824697433648,129.516318007246,0.234852188816227,1.08340398615974,1.05068964521343,203.183333333333,0.37785236908473,0.358333333333333,0.908333333333333,120
"cfarenewal-cfaepimlight","13",0.782908156054473,0.928585946710182,82.5545552536232,0.428912155931487,0.897069348869925,1.03344159054477,116.033333333333,0.653851586563106,0.358333333333333,0.833333333333333,120
"cfarenewal-cfaepimlight","15",0.948051408074246,0.918588321951578,4.90853760451505,0.299938131609593,0.921022170616508,0.9548003761829,7.17307692307692,0.451292382715048,0.480769230769231,0.942307692307692,104
"cfarenewal-cfaepimlight","16",0.749880341398913,0.84338586394226,14.2073204774845,0.45549183793062,0.734446888545908,0.869226804841617,19.6785714285714,0.688690700603594,0.491071428571429,0.883928571428571,112
"cfarenewal-cfaepimlight","17",0.804491684149815,0.708476061733831,48.4530066485507,0.285208913455424,0.850241150365006,0.788344770587937,75.6916666666667,0.44787422996461,0.475,0.95,120
"cfarenewal-cfaepimlight","18",1.02493039928057,0.747676725830748,56.9904658152174,0.284206659987383,1.06241930450508,0.77919262719753,87.2333333333333,0.441553867263771,0.366666666666667,0.883333333333333,120
"cfarenewal-cfaepimlight","19",1.0307863179977,0.887759138896213,20.7263705209895,0.40109086559792,1.00154009894341,0.920718538563543,29.8189655172414,0.62582691470449,0.344827586206897,0.887931034482759,116
"cfarenewal-cfaepimlight","20",1.06612375852293,0.964219872137961,19.2858031199678,0.424178431572636,1.05092932152011,1.04767743274098,27.9074074074074,0.666603353771434,0.435185185185185,0.916666666666667,108
"cfarenewal-cfaepimlight","21",1.11848825797012,0.829402250484462,39.5087491847826,0.344127148865638,1.13780961176345,0.925971686911197,60.5208333333333,0.54954724954356,0.441666666666667,0.933333333333333,120
"cfarenewal-cfaepimlight","22",0.733387013390637,0.79566031051042,29.115217826087,0.302502933238411,0.839357468778098,0.899625562327041,45.1416666666667,0.490583161803416,0.425,0.883333333333333,120
"cfarenewal-cfaepimlight","23",1.28429345763685,1.12811276590795,12.1637070289855,0.449212598274807,1.17392870282106,1.12646742838088,16.8416666666667,0.706728039758721,0.558333333333333,0.966666666666667,120
"cfarenewal-cfaepimlight","24",0.828212409451198,0.785253874790812,33.8455160688406,0.394560360290552,0.930672976786088,0.839729175761255,53.475,0.648679925515027,0.341666666666667,0.941666666666667,120
"cfarenewal-cfaepimlight","25",1.01015497125171,0.812947438811165,77.5916462095875,0.331938327240161,1.07868284758138,0.913263736405024,118.07264957265,0.508306866226853,0.393162393162393,0.905982905982906,120
"cfarenewal-cfaepimlight","26",1.02695027905015,0.836219195343689,112.08712384058,0.372334769047515,1.13158999930419,0.988695722749299,177.4375,0.604770661049556,0.391666666666667,0.95,120
"cfarenewal-cfaepimlight","27",0.990455785988827,0.770021058511446,22.124010943887,0.322755071167957,1.03937217487736,0.803194796138187,35.3632478632479,0.495882120149981,0.478632478632479,0.957264957264957,120
"cfarenewal-cfaepimlight","28",0.936826467140439,0.99050305458053,30.2405094565217,0.349700224145785,0.964309888659314,1.19722386144896,41.3916666666667,0.564911491496115,0.433333333333333,0.95,120
"cfarenewal-cfaepimlight","29",0.955303460271433,0.798660727841781,51.5581807246377,0.311902313660076,1.02914708653177,0.914953561702517,81.4208333333333,0.50398872364878,0.366666666666667,0.941666666666667,120
"cfarenewal-cfaepimlight","30",0.770142018722823,0.905405263046672,12.0848717753623,0.478016271397693,0.87342166794704,0.955212883959782,18.3291666666667,0.797433934776882,0.45,0.95,120
"cfarenewal-cfaepimlight","31",1.07914095148021,0.920511200247066,11.7372036775362,0.39942206773761,1.07505675836753,1.03131438162737,17.8583333333333,0.655521311041767,0.483333333333333,0.975,120
"cfarenewal-cfaepimlight","32",0.664077419705561,0.792526975742672,12.4663139311594,0.335121943133135,0.66395773252238,0.804908923379266,18.4833333333333,0.485141368689195,0.558333333333333,0.875,120
"cfarenewal-cfaepimlight","33",1.20109128955238,1.041462065209,8.02335684782609,0.434008733312343,1.12557338749317,1.03952249602496,11.4958333333333,0.698003736751071,0.566666666666667,0.941666666666667,120
"cfarenewal-cfaepimlight","34",0.874865823938317,0.86446335884971,69.0489553804348,0.353685937011541,0.97976185180912,0.986005633967935,106.65,0.561419059655094,0.45,0.933333333333333,120
"cfarenewal-cfaepimlight","35",0.641019848289304,0.866111027140901,16.9962213768116,0.381081459398932,0.692269671343018,0.988462274669164,25.2583333333333,0.599421976324779,0.5,0.95,120
"cfarenewal-cfaepimlight","36",0.995172018593641,0.800629517725983,130.464795688406,0.31677942391101,0.974303710267518,0.868191614221275,185.983333333333,0.477789260761574,0.516666666666667,0.958333333333333,120
"cfarenewal-cfaepimlight","37",0.615626527130449,0.787899048712504,68.8195326992754,0.425822140443674,0.779588016746676,0.892547404147907,109.2375,0.698846683154068,0.383333333333333,0.966666666666667,120
"cfarenewal-cfaepimlight","38",1.10686883058795,1.11214944221808,6.54400653985507,0.435488627676897,1.15663187512124,1.12444598267033,10.2875,0.733882022529088,0.475,0.941666666666667,120
"cfarenewal-cfaepimlight","39",1.12312481884964,0.853678395831398,93.336003442029,0.386548296693552,1.21330178635071,0.968177633371774,142.629166666667,0.597138505349942,0.425,0.925,120
"cfarenewal-cfaepimlight","40",0.703003817531395,0.735293178945593,32.1253517803598,0.312649763541563,0.72519921169182,0.776827613166065,48.2887931034483,0.471608600984807,0.577586206896552,0.96551724137931,116
"cfarenewal-cfaepimlight","41",1.12268545122217,0.992095349844382,18.9746828710645,0.346051057181339,1.22812186443309,1.15962428011172,29.2284482758621,0.537595425243378,0.508620689655172,0.948275862068966,116
"cfarenewal-cfaepimlight","42",0.889530091329844,0.82760920171504,91.26584625,0.293724984162544,1.03784790311616,0.998239135880763,150.9,0.482426435247514,0.45,0.941666666666667,120
"cfarenewal-cfaepimlight","44",1.02263557431586,0.982548862122643,6.37690423538231,0.406600322529008,1.08729405325093,1.06423046355346,9.88362068965517,0.69563812762643,0.525862068965517,1,116
"cfarenewal-cfaepimlight","45",0.653403894082837,0.797923499161351,43.224896557971,0.316631853167916,0.817209074953863,0.943380853760882,67.2416666666667,0.49834809731737,0.425,0.925,120
"cfarenewal-cfaepimlight","46",1.00249412657836,1.05221742098336,8.53627490629685,0.499426089291332,1.05754043924348,1.08287489974135,13.6077586206897,0.815771829290215,0.387931034482759,0.956896551724138,116
"cfarenewal-cfaepimlight","47",0.756057844861741,0.73522517960951,40.5572052536232,0.249553564711352,0.886493237698134,0.89217522263282,66.45,0.417697768692403,0.441666666666667,0.966666666666667,120
"cfarenewal-cfaepimlight","48",0.898268756080046,1.01202438007016,160.908570869565,0.420715401116737,0.933595907370387,0.917736872648071,238.258333333333,0.562854761562129,0.416666666666667,0.875,120
"cfarenewal-cfaepimlight","49",1.34815469895492,0.953802769394921,13.0349157608696,0.386799344684304,1.39487408761459,1.01619272699156,19.2692307692308,0.593552256833615,0.586538461538462,0.942307692307692,104
"cfarenewal-cfaepimlight","50",0.9624777645647,0.941182454029785,3.60046793478261,0.345797492770577,0.871658581161469,0.914608407378531,5.18965517241379,0.564404020434689,0.586206896551724,0.948275862068966,116
"cfarenewal-cfaepimlight","51",0.868088816522996,0.923930709781526,62.057124384058,0.309282625303432,1.00783402353054,1.09559048070205,94.7583333333333,0.488799060848142,0.408333333333333,0.916666666666667,120
"cfarenewal-cfaepimlight","53",1.03512390927639,0.965272399244465,23.1911972826087,0.349150414907709,0.958313168347717,1.01489182971732,32.5625,0.530395663016897,0.4,0.916666666666667,120
"cfarenewal-cfaepimlight","54",1.03497050821965,0.907257374101418,23.4961617391304,0.437416064148906,1.13798119625749,1.02365558274544,37.3666666666667,0.740193663754133,0.416666666666667,0.95,120
"cfarenewal-cfaepimlight","55",0.981821208856537,0.822556794350268,33.9159413586957,0.360840989640355,1.02994578219173,0.8851873375027,52.1291666666667,0.581549538637492,0.441666666666667,0.975,120
"cfarenewal-cfaepimlight","56",1.06640402256298,1.31316886345011,9.74696264492754,0.607672049019914,1.15369503444806,1.35407320336394,14.8333333333333,0.965881522040596,0.441666666666667,0.925,120
"cfarenewal-cfaepimlight","72",1.12827412162595,1.17362885848734,15.4259889805097,0.236347793257669,1.05765852930342,1.28742388139761,20.6853448275862,0.357338915885197,0.53448275862069,0.974137931034483,116
"fjordhest-ensemble","01",0.856671268106392,0.791983521116906,31.1168022463768,0.317829272970587,0.89401374347586,0.762250910354093,45.7530833333333,0.460174415972477,0.5,0.875,120
"fjordhest-ensemble","02",1.0468792306017,0.983755016005825,4.3592602173913,0.375920591145562,1.08177462710842,1.05272020914027,6.91483333333333,0.594560719767162,0.416666666666667,0.916666666666667,120
"fjordhest-ensemble","04",0.587745628547266,0.622474129729963,74.9524041304348,0.286781575959869,0.710399680212318,0.782022727405025,117.696416666667,0.450191309275928,0.45,0.891666666666667,120
"fjordhest-ensemble","05",0.9760181842419,0.778660895849734,32.7370818115942,0.365583698620651,1.06759119633151,0.829890150085299,50.85125,0.526560667674857,0.375,0.808333333333333,120
"fjordhest-ensemble","06",0.821807878290656,0.709177676774585,150.618030072464,0.309405028524228,0.888382020791162,0.814791847873454,231.942083333333,0.447634591956389,0.475,0.883333333333333,120
"fjordhest-ensemble","08",0.79927054681615,0.681321272238444,27.4641348550725,0.247409300833058,0.814065088837069,0.735461642994954,41.8681666666667,0.388824874026614,0.516666666666667,0.991666666666667,120
"fjordhest-ensemble","09",0.916453286316877,0.82497515741482,22.4130880797101,0.321801529953782,0.975295483514992,0.885606939160319,36.0984166666667,0.51790653272921,0.383333333333333,0.908333333333333,120
"fjordhest-ensemble","10",1.37378244859098,0.95999978011391,8.73766532608696,0.381358341140999,1.36702812438878,0.931239844889113,12.654,0.564788542410123,0.5,0.825,120
"fjordhest-ensemble","11",0.945474391699145,0.916361138471861,7.13722384057971,0.411429648779285,0.988194694741808,0.875165977652779,10.5186666666667,0.630763974223334,0.375,0.75,120
"fjordhest-ensemble","12",0.72369052101144,0.682814192043968,91.8391395652174,0.162528900634423,0.763758385964485,0.71307173897382,143.919416666667,0.259601267595771,0.55,0.983333333333333,120
"fjordhest-ensemble","13",0.725286281467183,0.700135377694139,77.7540556884058,0.326269743679781,0.825743760578103,0.753654058631297,109.11325,0.480889466667081,0.466666666666667,0.85,120
"fjordhest-ensemble","15",0.901590280896618,0.862770603854579,4.30515869565217,0.281429551727303,0.913036745143364,0.905718898385525,6.62483333333333,0.430017821763082,0.475,0.925,120
"fjordhest-ensemble","16",0.849855449174326,0.816518664293218,16.1262607608696,0.428455834286269,0.876143752190235,0.78846722749593,24.1899166666667,0.609921693350111,0.5,0.816666666666667,120
"fjordhest-ensemble","17",0.925865444896752,0.761773234439707,55.3047201811594,0.311292424719317,0.966711409919078,0.807329094222065,86.3055833333333,0.466910852142945,0.441666666666667,0.908333333333333,120
"fjordhest-ensemble","18",0.837607315718333,0.677108676126505,46.2915515217391,0.257919381997641,0.95513824074116,0.770022943353066,77.44175,0.436258362792365,0.366666666666667,0.975,120
"fjordhest-ensemble","19",0.793666080130675,0.76447414078745,16.3132722826087,0.342736210771223,0.872216430836005,0.805238011788111,26.5055833333333,0.540652685089106,0.35,0.875,120
"fjordhest-ensemble","20",0.901850913599835,0.787141831643464,17.0701894202899,0.337942852472496,0.957514920228059,0.860542530010071,26.6639166666667,0.530923569043498,0.333333333333333,0.883333333333333,120
"fjordhest-ensemble","21",1.07239732145425,0.767163313788642,38.0514815217391,0.319819226563855,1.12923340161741,0.812749942106389,60.78375,0.486403321099475,0.391666666666667,0.908333333333333,120
"fjordhest-ensemble","22",0.781292930144488,0.75986588669985,31.0111151811594,0.289417028318463,0.903624857128614,0.830008320680404,48.2430833333333,0.453725650050372,0.425,0.908333333333333,120
"fjordhest-ensemble","23",0.98192619360037,0.771620255874508,9.57775300724638,0.30648395830648,1.01869271380714,0.766681515696501,15.253,0.477688730650848,0.458333333333333,0.916666666666667,120
"fjordhest-ensemble","24",1.01855568876144,0.82230298543672,41.9400561956522,0.415482338560852,1.13328653586753,0.838618161180702,65.4759166666667,0.648791671070852,0.308333333333333,0.833333333333333,120
"fjordhest-ensemble","25",0.932527006340747,0.754542067162562,73.9414966183575,0.3190308296652,1.03081087549283,0.866376201722317,113.766495726496,0.494234513731109,0.333333333333333,0.931623931623932,120
"fjordhest-ensemble","26",0.808237075824151,0.651795797134596,90.4791224637681,0.292625004223451,0.884274351477684,0.740458957662825,141.125416666667,0.457687951094313,0.358333333333333,0.883333333333333,120
"fjordhest-ensemble","27",0.977954193645161,0.76698388988331,21.895432664437,0.32384232183393,0.99851203302967,0.751965964092807,33.8711965811966,0.466942154576715,0.487179487179487,0.957264957264957,120
"fjordhest-ensemble","28",0.859416967550942,0.752068056911552,27.6060640942029,0.263710141783508,0.9627542163508,0.864263324746107,42.027,0.404873284844638,0.491666666666667,0.925,120
"fjordhest-ensemble","29",0.787915372537084,0.653116243475592,42.6855610869565,0.255811447758735,0.888359639764501,0.776359572980498,70.7468333333333,0.429417245112831,0.333333333333333,0.975,120
"fjordhest-ensemble","30",0.790510382900881,0.802363536100804,12.3106586956522,0.427530505807068,0.932170773382808,0.829241236237871,19.4758333333333,0.69709218691166,0.325,0.8,120
"fjordhest-ensemble","31",1.09916312046624,0.880945237230155,12.0275307971015,0.385419957561831,1.06558996085914,0.856239386835647,17.8314166666667,0.544772098498104,0.441666666666667,0.825,120
"fjordhest-ensemble","32",0.897941285212826,0.841551208785527,16.7966877536232,0.354762708519021,0.937380656588754,0.865805438802909,26.1621666666667,0.519271566617005,0.55,0.908333333333333,120
"fjordhest-ensemble","33",1.14263531511693,0.957259476692153,7.67932945652174,0.401049208085829,1.08733941713587,0.860426522729565,11.26975,0.583564508305229,0.466666666666667,0.816666666666667,120
"fjordhest-ensemble","34",0.852489862167634,0.647603989064697,68.5069230072464,0.263302777351162,0.936002155604927,0.692739697310695,104.47425,0.392273381527272,0.491666666666667,0.908333333333333,120
"fjordhest-ensemble","35",0.789725123854554,0.758388360783837,21.6902415217391,0.344077585332534,0.867011354538918,0.86532830229517,32.9130833333333,0.542122666448094,0.466666666666667,0.9,120
"fjordhest-ensemble","36",0.761927244377542,0.707338314838581,103.462758876812,0.285328177755622,0.850412310452308,0.807089011877568,165.193666666667,0.449875871275222,0.391666666666667,0.966666666666667,120
"fjordhest-ensemble","37",0.798360299368524,0.802839787053377,92.5641721739131,0.442712501015583,0.961331801184433,0.79815227758647,140.371666666667,0.636703533724598,0.366666666666667,0.825,120
"fjordhest-ensemble","38",0.96324320494915,0.951251643254893,5.69940760869565,0.377743430709691,0.95653747103618,0.874072075050185,8.5015,0.577657924706091,0.433333333333333,0.825,120
"fjordhest-ensemble","39",0.883004054528116,0.719936722740812,72.7792279710145,0.326664117969571,1.01651377032468,0.798553690002703,118.6175,0.495801305243911,0.308333333333333,0.908333333333333,120
"fjordhest-ensemble","40",0.626411798241472,0.579842763825221,28.9007381884058,0.246636127701132,0.70552151224153,0.657320655804943,47.6886666666667,0.398939885163088,0.508333333333333,0.958333333333333,120
"fjordhest-ensemble","41",1.16001413713855,0.800615017330718,19.2671939492754,0.277926685512736,1.15751462983327,0.836433329102827,27.1816666666667,0.385333104652513,0.641666666666667,0.941666666666667,120
"fjordhest-ensemble","42",0.899329288080314,0.694035339353519,91.0160223913043,0.24695915860734,1.00056943839445,0.814175494921203,144.333166666667,0.394211511840437,0.491666666666667,0.916666666666667,120
"fjordhest-ensemble","44",1.19036375956115,0.936282735717321,7.3331390942029,0.379050952446255,1.20674486255652,0.913099427709889,10.7994166666667,0.584129972080517,0.4,0.825,120
"fjordhest-ensemble","45",0.763732426265891,0.708276976802355,51.5871576086957,0.283242247940117,0.926747449852828,0.816009674580539,77.8226666666667,0.433393082192292,0.491666666666667,0.908333333333333,120
"fjordhest-ensemble","46",1.16063319732884,0.936691855497628,9.74308800724638,0.43990685124194,1.13345659935474,0.853947966038393,14.5931666666667,0.636599402108484,0.375,0.758333333333333,120
"fjordhest-ensemble","47",0.944457658979425,0.701086579563751,50.5684748188406,0.237459244950829,1.03417397108214,0.77603177097089,78.6715833333333,0.364758932218802,0.491666666666667,0.933333333333333,120
"fjordhest-ensemble","48",0.807377460203353,0.902375155825263,145.93515423913,0.375783818031348,0.892086580487221,0.827746018937378,231.93525,0.509144491540591,0.416666666666667,0.916666666666667,120
"fjordhest-ensemble","49",1.47101391748659,0.956330292387076,12.3653573550725,0.403743191758703,1.55248160018835,0.985185819198963,18.4295,0.612692358909191,0.508333333333333,0.8,120
"fjordhest-ensemble","50",0.817957375363687,0.84985528622403,3.01189086956522,0.309466529816481,0.807841457331113,0.799107218434733,4.7425,0.485311511328162,0.491666666666667,0.933333333333333,120
"fjordhest-ensemble","51",1.03385596789036,0.823974872540106,74.276444673913,0.276412174145929,1.1627635539096,0.942870964646699,109.943,0.422188914883537,0.416666666666667,0.866666666666667,120
"fjordhest-ensemble","53",1.0480428290155,0.830940874528868,23.1216508695652,0.299529842345416,1.06324324509698,0.869999962747448,35.84775,0.459331060470145,0.533333333333333,0.966666666666667,120
"fjordhest-ensemble","54",1.11275425361437,0.791718529994552,25.2852069202899,0.386199893659077,1.17628741179437,0.804139790064712,39.0310833333333,0.586376951531885,0.375,0.825,120
"fjordhest-ensemble","55",0.858169590756499,0.687164718095876,29.7018475,0.30486505034419,0.903270405824675,0.730240953820658,46.25025,0.484056149255614,0.466666666666667,0.941666666666667,120
"fjordhest-ensemble","56",0.796688030738821,0.860463275636295,7.31913547101449,0.3935109431338,0.843915035360194,0.846869092353832,10.9845,0.598951295038958,0.425,0.791666666666667,120
"fjordhest-ensemble","72",1.03030294440947,0.987567158661198,13.1685947101449,0.197937307688942,1.08540653957923,1.09548840621767,20.53675,0.301367158999736,0.6,0.95,120
