"model_id","target_end_date","wis_scaled_relative_skill","wis_scaled_relative_skill__log","wis","wis__log","ae_median_scaled_relative_skill","ae_median_scaled_relative_skill__log","ae_median","ae_median__log","interval_coverage_50","interval_coverage_95","n"
"CADPH-FluCAT_Ensemble",2023-10-14,0.6527146458135,0.632829211991995,7.39183520088691,0.138290779407888,1.34817937377043,1.32304141868809,12.9941849841636,0.239551714439766,0,1,1
"CADPH-FluCAT_Ensemble",2023-10-21,0.740257764504071,0.631999906943053,8.56962769936677,0.148388877361893,1.24754961860828,1.06712655469033,11.6319455876858,0.192629414076598,0.5,0.5,2
"CADPH-FluCAT_Ensemble",2023-10-28,0.850722022066679,0.760028742872445,13.9523509355997,0.220337148137967,1.02029092262265,1.09642885347606,19.7123177070476,0.314580522603194,0.333333333333333,0.666666666666667,3
"CADPH-FluCAT_Ensemble",2023-11-04,1.0082102644992,0.886646677334098,24.8000985678837,0.327232557396262,1.01192597491374,1.11693874408919,34.848185829643,0.463494183312208,0,0.5,4
"CADPH-FluCAT_Ensemble",2023-11-11,1.44104837790286,1.19685505794812,139.719039171504,0.976219302619386,0.999196273530581,0.998147596604957,151.400365733745,1.1079894910079,0,0,4
"CADPH-FluCAT_Ensemble",2023-11-18,1.29276866974773,1.15784254993754,213.989271780833,1.07179340802866,0.918388651189421,0.925053510196996,228.793131631394,1.19317960670023,0,0,4
"CADPH-FluCAT_Ensemble",2023-11-25,1.11761156943827,0.976084643050088,182.015822386184,0.700101525305987,0.808896779939776,0.78096043503578,203.322736353056,0.796975887722586,0,0.5,4
"CADPH-FluCAT_Ensemble",2023-12-02,1.01780013168024,0.881985777623809,227.061963978037,0.515069301842249,0.78004421117034,0.703382941831937,265.161184135266,0.61231430055171,0,0.25,4
"CADPH-FluCAT_Ensemble",2023-12-09,0.744487468612465,0.62398908949766,181.672421156467,0.249961495711158,0.65018620565559,0.565165077159593,238.557547294741,0.334040650842336,0,0,4
"CADPH-FluCAT_Ensemble",2023-12-16,0.641541356646538,0.608752294488235,196.831518119939,0.216989930807514,0.613905546577286,0.582981245394463,260.714249758292,0.291026853929471,0,0,4
"CADPH-FluCAT_Ensemble",2023-12-23,0.907392658747493,0.880658117628112,671.954669444652,0.50104229556673,0.794225286789184,0.747648946246423,752.993628051292,0.578003669696427,0,0,4
"CADPH-FluCAT_Ensemble",2023-12-30,0.826611500879086,0.71410683037124,429.950212809669,0.264836994551161,0.796091026619614,0.67669542030807,543.33345421677,0.34176461988212,0,0,4
"CADPH-FluCAT_Ensemble",2024-01-06,0.90750182828418,0.649457494569458,367.331236824437,0.19764721630308,0.871110356781362,0.631532358399058,456.908727464173,0.247010626130787,0.25,0.5,4
"CADPH-FluCAT_Ensemble",2024-01-13,1.73777650726194,1.35116237640524,664.790208591317,0.402281026429535,1.52804088908041,1.17708826689432,840.039225209615,0.504413485938669,0.25,0.5,4
"CADPH-FluCAT_Ensemble",2024-01-20,1.66648091205578,1.24529163451162,623.89209352164,0.35275928136729,1.62401125140131,1.21586639503835,791.756553809317,0.444867708087077,0.5,0.75,4
"CADPH-FluCAT_Ensemble",2024-01-27,0.964690368198522,1.06155866521951,242.275396231594,0.27129446028228,1.07770681926819,1.10845833670694,378.867624210545,0.386474601036986,0.25,0.75,4
"CADPH-FluCAT_Ensemble",2024-02-03,1.25134349908582,1.57273446377423,227.794807865107,0.378689793998504,1.3304876441714,1.28749351307084,342.029470323297,0.426495655990447,0.5,1,4
"CADPH-FluCAT_Ensemble",2024-02-10,2.4154835754341,2.57681506251393,228.031545293431,0.443883660310972,2.95667647189655,2.45700701973793,385.109578655797,0.5514508654806,0.5,1,4
"CADPH-FluCAT_Ensemble",2024-02-17,3.02494926729094,4.15654108946401,194.724725864981,0.617189220484713,3.09684452389973,2.60447988978544,282.724273641935,0.504950506783126,0.75,1,4
"CADPH-FluCAT_Ensemble",2024-02-24,2.48823526753852,5.11923421202272,123.375181389749,0.788065060855515,1.34739165556305,2.12272013770345,89.2591335279649,0.401214333697188,1,1,4
"CADPH-FluCAT_Ensemble",2024-03-02,3.39743172702679,5.48653215566239,124.735979218299,0.740694067737448,0.846305900214206,0.883225635283903,40.0693707413087,0.135734899613601,1,1,4
"CADPH-FluCAT_Ensemble",2024-03-09,3.98623435997498,5.41197871839856,136.52301803993,0.8044927856248,1.92952042070095,1.94821370450235,80.9644567187115,0.325423584568584,1,1,4
"CADPH-FluCAT_Ensemble",2024-03-16,2.67371052619154,3.9890834461655,131.073732530593,0.76895619777343,1.33283665986358,1.60307125384217,74.8863145749667,0.329861603195821,1,1,4
"CADPH-FluCAT_Ensemble",2024-03-23,1.9772634222628,2.72301890206541,97.7428244382975,0.607681128859302,1.30434549737599,1.62725354986807,67.3913877830042,0.340473653732013,0.75,1,4
"CADPH-FluCAT_Ensemble",2024-03-30,1.59940741241057,2.01456781076786,76.5832150255,0.487344355332347,0.989260227418533,1.34236647198328,59.4085833507067,0.357744404464169,0.5,1,4
"CADPH-FluCAT_Ensemble",2024-04-06,0.839655757971328,1.51612102236702,30.1152170969265,0.349336252909496,0.995652230060049,1.53608940338335,41.2159585949963,0.352888895121122,0.5,1,4
"CADPH-FluCAT_Ensemble",2024-04-13,1.03796685730252,1.81470938442326,47.964107340542,0.531704941417216,1.3848894196833,2.36706770431993,84.4379020004415,0.782197348217414,0,0.75,4
"CADPH-FluCAT_Ensemble",2024-04-20,0.687986870211583,1.04896519550335,34.5450789631151,0.325009129625388,0.989121489048229,1.52165746539182,61.2419265868727,0.512946579258582,0,1,3
"CADPH-FluCAT_Ensemble",2024-04-27,0.623329818402809,1.00228458972659,25.973569249968,0.253681252365771,0.953949871038745,1.49376438693785,45.2659648448282,0.382281869311799,0.333333333333333,1,3
"CADPH-FluCAT_Ensemble",2024-05-04,0.689345242506171,1.10465083719419,42.1502901684634,0.515705969934087,0.590979018002167,0.79597366256479,58.2673034339478,0.582772567233903,0.333333333333333,0.333333333333333,3
"CADPH-FluCAT_Ensemble",2024-05-11,0.943653203203596,1.28256435461621,75.4264773647734,0.880712195821466,0.733230974891748,0.910341165228568,101.52013130172,1.10867770312296,0,0,2
"CADPH-FluCAT_Ensemble",2024-05-18,0.907114513826935,1.23493122140761,62.5413394263373,0.680939546372048,0.735624073687599,0.899250848548219,92.4404203362955,0.953038890439165,0,0.5,2
"CADPH-FluCAT_Ensemble",2024-05-25,1.07895013698703,1.46175797292326,79.614872736042,1.00538934569696,0.838164536891973,0.946327178651242,109.401819932953,1.26532046930496,0,0,1
"CEPH-Rtrend_fluH",2023-10-14,0.766785998475456,0.826151503552888,4.52734017558528,0.311412558225506,0.776095865445706,0.845998649907619,5.47115384615385,0.436473085053284,0.923076923076923,1,52
"CEPH-Rtrend_fluH",2023-10-21,0.782531765141821,0.874564796240788,6.19206295986622,0.355005619243445,0.960390107446299,1.06787785364575,9.0625,0.512422972453211,0.865384615384615,0.990384615384615,104
"CEPH-Rtrend_fluH",2023-10-28,0.70777221822448,0.892964306961781,6.88846941192865,0.399287664597621,0.798040935892664,1.22293933358342,9.91666666666667,0.640517994717887,0.743589743589744,0.980769230769231,156
"CEPH-Rtrend_fluH",2023-11-04,0.757343825020634,0.902717738932505,8.89425005225752,0.419781024454968,0.766870886518574,1.15786695057233,13.2884615384615,0.704872252146103,0.759615384615385,1,208
"CEPH-Rtrend_fluH",2023-11-11,0.749114015132596,0.826129058861923,11.7250730455686,0.404503901725965,0.695137903679525,0.888087019514147,17.4471153846154,0.633623470980359,0.697115384615385,0.980769230769231,208
"CEPH-Rtrend_fluH",2023-11-18,0.734651949898924,0.753262537266446,15.5039568248328,0.377891972592919,0.719949261880635,0.770713584598119,23.7668269230769,0.577836477334114,0.629807692307692,0.966346153846154,208
"CEPH-Rtrend_fluH",2023-11-25,0.68154609040002,0.669609920951288,16.6970744460702,0.342570813764113,0.645330984903146,0.671881271472722,24.9591346153846,0.515600489858475,0.649038461538462,0.971153846153846,208
"CEPH-Rtrend_fluH",2023-12-02,0.613738207553507,0.591830624315821,22.2477588524247,0.32722676935789,0.610036357332963,0.592628655895172,34.2788461538462,0.50195721661161,0.533653846153846,0.903846153846154,208
"CEPH-Rtrend_fluH",2023-12-09,0.614268827745352,0.617345575863058,27.7216997387124,0.331916185900844,0.624518568290977,0.624071321258431,42.1802884615385,0.504767361278878,0.480769230769231,0.846153846153846,208
"CEPH-Rtrend_fluH",2023-12-16,0.550897790569688,0.577177119037815,39.6800652801003,0.347919393557969,0.56872886521549,0.600822048673835,56.96875,0.532348602058709,0.384615384615385,0.831730769230769,208
"CEPH-Rtrend_fluH",2023-12-23,0.647367896566263,0.622289935450255,88.7838984531773,0.45248885750446,0.680630683592048,0.658378105788677,117.685096153846,0.65798822703806,0.25,0.591346153846154,208
"CEPH-Rtrend_fluH",2023-12-30,0.578040335655974,0.550917895029185,112.974787458194,0.425749737083041,0.644295095545266,0.603455452213782,151.079326923077,0.608732829548649,0.245192307692308,0.552884615384615,208
"CEPH-Rtrend_fluH",2024-01-06,0.729996799177737,0.662990586540636,77.6797036789298,0.299658425816245,0.814324145077329,0.729009025214079,113.545673076923,0.450032150061181,0.3125,0.774038461538462,208
"CEPH-Rtrend_fluH",2024-01-13,1.16979718542943,1.0618640787646,79.1562647993311,0.26777661085275,1.23385849667973,1.16100639981625,115.927884615385,0.406713016436787,0.403846153846154,0.8125,208
"CEPH-Rtrend_fluH",2024-01-20,1.09614350479992,1.06728138888515,83.6070998118729,0.313853610162861,1.2005529552009,1.17698941161547,125.074519230769,0.468494625983099,0.317307692307692,0.788461538461538,208
"CEPH-Rtrend_fluH",2024-01-27,0.950344907781469,1.3596452491783,72.146770819398,0.367115849717805,1.04443254727919,1.51478943075201,109.103365384615,0.561619135859037,0.254807692307692,0.764423076923077,208
"CEPH-Rtrend_fluH",2024-02-03,1.22008225270043,1.95582595041902,82.0649915029264,0.560356664108031,1.24235448123401,2.12908911047505,117.334134615385,0.839090860454279,0.211538461538462,0.653846153846154,208
"CEPH-Rtrend_fluH",2024-02-10,1.69683152268746,2.67670161085861,83.8422325668896,0.646736332287556,1.58732063103986,2.75953094538234,115.762019230769,0.962218300200669,0.221153846153846,0.634615384615385,208
"CEPH-Rtrend_fluH",2024-02-17,1.91566488335994,3.12659711893967,74.1083329744983,0.677982057002481,1.75812049595893,3.16320472589773,102.449519230769,1.00182897776511,0.235576923076923,0.682692307692308,208
"CEPH-Rtrend_fluH",2024-02-24,1.48211730920148,1.94956310911322,58.1889177048495,0.433328189562436,1.56150034765364,2.15080054465809,89.9206730769231,0.682124998861248,0.293269230769231,0.793269230769231,208
"CEPH-Rtrend_fluH",2024-03-02,1.71099873613398,2.31660453655309,57.1974809991639,0.44958574496909,1.77901124455277,2.62321628680886,86.9663461538462,0.70423852183379,0.288461538461538,0.822115384615385,208
"CEPH-Rtrend_fluH",2024-03-09,1.42371800817497,1.90230273697176,39.6436840614548,0.362663968304254,1.48321117652303,2.16280391091328,61.5480769230769,0.575300323825087,0.4375,0.889423076923077,208
"CEPH-Rtrend_fluH",2024-03-16,0.703548042602084,1.19104941748853,27.4435474393813,0.287106717885081,0.706294174538458,1.27046810776848,40.6754807692308,0.435188601902385,0.524038461538462,0.927884615384615,208
"CEPH-Rtrend_fluH",2024-03-23,0.484479782085356,0.922621015051678,20.6474694293478,0.272243530137551,0.488916403347262,1.02326449104587,30.6105769230769,0.422423815394215,0.548076923076923,0.942307692307692,208
"CEPH-Rtrend_fluH",2024-03-30,0.595187944059697,1.00042461642001,20.4443265259197,0.265123575782373,0.621044564612198,1.07464535900518,31.6298076923077,0.39907797041802,0.524038461538462,0.942307692307692,208
"CEPH-Rtrend_fluH",2024-04-06,0.87679823299347,1.24967397851222,22.9646664611204,0.328468155343279,0.894319537296685,1.36996907341873,35.6033653846154,0.517776067328045,0.418269230769231,0.927884615384615,208
"CEPH-Rtrend_fluH",2024-04-13,0.793776488197906,1.06613563096444,18.3157545045987,0.347527330755828,0.860396567018998,1.22042366824688,29.2764423076923,0.565635151378826,0.471153846153846,0.947115384615385,208
"CEPH-Rtrend_fluH",2024-04-20,0.491572980957547,0.856100092665856,12.7415321906354,0.318027445242392,0.521425627386134,0.946473404478869,20.5288461538462,0.521161644260239,0.576923076923077,0.975961538461538,208
"CEPH-Rtrend_fluH",2024-04-27,0.486449881391726,0.750988630215183,11.8291168478261,0.315852969263575,0.497157360074752,0.791180941678314,18.2403846153846,0.480018729084365,0.605769230769231,0.985576923076923,208
"CEPH-Rtrend_fluH",2024-05-04,0.418636960943586,0.635236696326638,10.487548014214,0.365146970814635,0.399068216630943,0.611726543676558,16.1730769230769,0.554296807403173,0.615384615384615,0.951923076923077,208
"CEPH-Rtrend_fluH",2024-05-11,0.439481375605365,0.69503923492684,11.6991311176143,0.645553419544335,0.393439480905536,0.662716202293952,17.4423076923077,1.03318839383461,0.596153846153846,0.948717948717949,156
"CEPH-Rtrend_fluH",2024-05-18,0.435004078070492,0.700790482431401,9.85053217391304,0.66161812863402,0.381786604183171,0.63561903695954,14.58,1.06329278231803,0.63,0.97,100
"CEPH-Rtrend_fluH",2024-05-25,0.461456379780578,0.713768817624217,9.78289965217391,0.640591001256261,0.39152288521056,0.645148958612231,13.95,1.07278595301792,0.66,0.96,50
"CMU-TimeSeries",2023-10-14,0.768718418692735,0.805705815973136,4.50218592299344,0.300700289150087,0.962428103292579,0.92951336021293,6.59338065159928,0.458213755477454,0.519230769230769,0.942307692307692,52
"CMU-TimeSeries",2023-10-21,0.810146597774998,0.731574691135222,6.31239827051953,0.296319251590869,0.984733713413123,0.912959566716455,9.59206484952774,0.452765749323145,0.474747474747475,0.95959595959596,99
"CMU-TimeSeries",2023-10-28,0.787087692463725,0.6773658878903,7.41107440641233,0.294862558031413,0.911746927697771,0.837012523086698,11.1200081827784,0.423433632844581,0.556291390728477,0.947019867549669,151
"CMU-TimeSeries",2023-11-04,0.851007308827401,0.713652689323727,9.28216997724199,0.31797041191514,0.941561991280211,0.856744000074646,14.6123812733374,0.482567576825373,0.45959595959596,0.94949494949495,198
"CMU-TimeSeries",2023-11-11,1.03735535112296,0.828519780786584,15.2344002865576,0.389422452633883,1.05002279158543,0.89854914236103,24.4306984805198,0.599499712009713,0.34010152284264,0.944162436548223,197
"CMU-TimeSeries",2023-11-18,1.04435956720182,0.882842440728255,20.5117949670241,0.440168509521327,1.03315653502509,0.921523036399331,31.7483654343756,0.68791020488548,0.25,0.938775510204082,196
"CMU-TimeSeries",2023-11-25,1.03195941180031,0.924134181377364,22.5442541115713,0.467667210038542,1.01027337021941,0.946517012548894,35.2555704323342,0.72385524180815,0.263157894736842,0.905263157894737,190
"CMU-TimeSeries",2023-12-02,0.974155593044248,0.938011578885325,34.1055735782362,0.523349208119962,0.977356795176837,0.947265131729353,53.2622712908205,0.809990778716403,0.189473684210526,0.842105263157895,190
"CMU-TimeSeries",2023-12-09,0.885634742117694,0.873892953495423,36.9048463449162,0.471685442044819,0.936835907391928,0.900222684141666,58.630733714181,0.731443089485446,0.235602094240838,0.832460732984293,191
"CMU-TimeSeries",2023-12-16,0.817588345263401,0.834128639968282,57.1864373588695,0.503413573830969,0.930491452927158,0.881126161823743,90.1995071134053,0.774289108089506,0.159574468085106,0.797872340425532,188
"CMU-TimeSeries",2023-12-23,0.811983336849695,0.836688958950342,112.26009186662,0.630304266175739,0.965611676902449,0.926680382089252,168.322378086762,0.95299676414051,0.0815217391304348,0.646739130434783,184
"CMU-TimeSeries",2023-12-30,0.768186129729972,0.81440498174532,146.677108962592,0.623141582379974,0.924442782137598,0.928304927818861,211.333877692906,0.923942088279452,0.139784946236559,0.580645161290323,186
"CMU-TimeSeries",2024-01-06,0.89309390769745,0.852539718988523,93.2596580709844,0.37233431740108,1.10906823657619,0.99186606485394,148.992777384102,0.580038265158582,0.369565217391304,0.880434782608696,184
"CMU-TimeSeries",2024-01-13,1.4346761069323,1.15091511698665,93.3413784201217,0.284916475344148,1.7763123855814,1.40570443821874,159.102991780398,0.47497183906582,0.458563535911602,0.983425414364641,181
"CMU-TimeSeries",2024-01-20,1.4548623917769,1.09059823303439,109.412000122129,0.313006335096943,1.81893626884611,1.41362466915976,186.629714628674,0.547200500689297,0.47027027027027,0.989189189189189,185
"CMU-TimeSeries",2024-01-27,1.31229689027736,1.08753279000197,100.921900020374,0.289487133419397,1.60476496785275,1.41467036382498,170.310379877821,0.515921860672433,0.548387096774194,0.994623655913978,186
"CMU-TimeSeries",2024-02-03,1.05610565041596,0.969719000970385,67.1370636303244,0.268864285285617,1.1443421184707,1.14513270075913,103.128618068369,0.437023272687108,0.654255319148936,0.98936170212766,188
"CMU-TimeSeries",2024-02-10,0.924695839393782,1.0025490903339,44.8444224370403,0.237237596810357,0.910558050185238,1.00969543065435,65.8747661500532,0.347275003369118,0.655,0.995,200
"CMU-TimeSeries",2024-02-17,1.09787989640811,1.1882754438252,47.018476853259,0.281043061693182,1.14189078144381,1.25985623930815,74.3931623911723,0.435816207477502,0.532467532467532,0.987012987012987,154
"CMU-TimeSeries",2024-02-24,1.04617850285694,1.01132082004601,41.4832055424615,0.230753429999263,1.07434826552188,1.08745533235613,62.6506638633238,0.354688633347351,0.516129032258065,1,155
"CMU-TimeSeries",2024-03-02,1.14599653645628,1.12237467627795,36.1094243817708,0.209965017568692,1.15256206437292,1.2113443701931,53.1796268429157,0.313632842685968,0.602649006622517,0.980132450331126,151
"CMU-TimeSeries",2024-03-09,1.05192189914225,1.08677666602479,24.003744688535,0.170047225950069,0.928529388280864,1.11086852865212,31.8260900068914,0.243251080271554,0.642384105960265,0.980132450331126,151
"CMU-TimeSeries",2024-03-16,0.71922894693732,0.819319112199567,26.6547413946366,0.189202047120303,0.693200212491279,0.851306919165557,38.3307000289134,0.280146755093695,0.630541871921182,0.990147783251232,203
"CMU-TimeSeries",2024-03-23,0.675053108906552,0.725715288537019,30.8673923522854,0.227310703574276,0.699537838681782,0.826061350938256,47.2752392146265,0.359335959451055,0.565789473684211,1,152
"CMU-TimeSeries",2024-03-30,0.676546477688416,0.708324838236296,24.3071073186178,0.193983133347118,0.666005638927959,0.800615146150507,35.6223146340986,0.308310561875629,0.653846153846154,0.993589743589744,156
"CMU-TimeSeries",2024-04-06,0.726722438160264,0.758990844538073,17.5810414900713,0.186606890282795,0.670454971376512,0.830479552123917,24.6047331370448,0.291118465394254,0.621794871794872,0.993589743589744,156
"CMU-TimeSeries",2024-04-13,0.60393591421817,0.702067876406463,12.0078612482499,0.207831537195797,0.480985446776775,0.700111376337244,14.0909706429485,0.297968079591668,0.662251655629139,0.986754966887417,151
"CMU-TimeSeries",2024-04-20,0.564885435521922,0.663454809623365,14.7278202917699,0.246631528043752,0.545587944815896,0.707496767831134,21.5799152612288,0.388047175252936,0.557213930348259,0.995024875621891,201
"CMU-TimeSeries",2024-04-27,0.606607071970532,0.683822475142936,14.8998721545947,0.286132589613268,0.63324974734956,0.788764630159166,23.5436161818822,0.476533118679253,0.373737373737374,0.984848484848485,198
"CMU-TimeSeries",2024-05-04,0.633629186101313,0.757697311666402,15.8715617004166,0.424478483463973,0.63385061326908,0.787323198691952,25.7218987741727,0.693642560591622,0.266666666666667,0.938461538461538,195
"CMU-TimeSeries",2024-05-11,0.643366899648199,0.937442647908511,17.483125842244,0.856728828110984,0.607207346199214,0.812466608424321,27.46148661407,1.23527142128138,0.202702702702703,0.702702702702703,148
"CMU-TimeSeries",2024-05-18,0.620220950052719,0.960122666797561,14.1099520340928,0.881216114695432,0.605827080606772,0.82908935692797,23.094182673001,1.33416927343776,0.127659574468085,0.75531914893617,94
"CMU-TimeSeries",2024-05-25,0.575943138988984,0.939383468506246,12.0634309907976,0.82186592822785,0.572196557051956,0.804613110950966,19.962492312133,1.29008178194478,0.234042553191489,0.765957446808511,47
"CU-ensemble",2023-10-14,0.964309616945173,0.913705030196082,5.76990382943144,0.348923661110672,1.17810418741268,0.992443971334141,7.925,0.479695454377397,0.326923076923077,0.615384615384615,52
"CU-ensemble",2023-10-21,0.909894955727844,0.825288569505793,7.73661095317726,0.34754406152266,1.04614565293533,0.94976815106304,10.8493076923077,0.481219920392451,0.423076923076923,0.692307692307692,104
"CU-ensemble",2023-10-28,0.861949144443796,0.811214229716113,8.53023988294314,0.365985475340237,0.974479064885841,0.979559402847038,12.2063653846154,0.508146399033042,0.397435897435897,0.711538461538462,156
"CU-ensemble",2023-11-04,0.984864711681424,0.816184328962247,11.8979161287625,0.373196293707796,1.01641116986151,0.953461930565684,17.4921634615385,0.549995186032745,0.293269230769231,0.730769230769231,208
"CU-ensemble",2023-11-11,1.07301994164648,0.782077517872444,16.8918603710284,0.367599492616244,0.919444596995547,0.770734607186957,23.1225769230769,0.519467317015372,0.298076923076923,0.706730769230769,208
"CU-ensemble",2023-11-18,1.03371249621447,0.771640136055557,21.791627416388,0.379403696901021,0.882424778739922,0.735900556906983,29.2600432692308,0.543889394936894,0.288461538461538,0.658653846153846,208
"CU-ensemble",2023-11-25,0.974173400747751,0.728780309041696,23.5800729170151,0.361019322068196,0.82400293571025,0.682297321878599,32.0780528846154,0.51311119970213,0.331730769230769,0.692307692307692,208
"CU-ensemble",2023-12-02,0.742553004097914,0.576050595344028,27.1862111444398,0.31176194108271,0.675851115808944,0.554294876439519,38.6994375,0.460807558336365,0.302884615384615,0.759615384615385,208
"CU-ensemble",2023-12-09,0.573804958532325,0.50506427435578,26.78425277801,0.270107077072097,0.574461507800758,0.520958755185329,40.3349471153846,0.418812733271611,0.375,0.831730769230769,208
"CU-ensemble",2023-12-16,0.528312078311583,0.477257120895084,38.8327048766722,0.282018979178522,0.559788340844941,0.489230950777987,57.0752788461538,0.421974129781686,0.336538461538462,0.802884615384615,208
"CU-ensemble",2023-12-23,0.615434690693888,0.544146644298529,84.50118097199,0.39460663348333,0.679572448809047,0.573733958245259,117.370197115385,0.56781362619038,0.1875,0.625,208
"CU-ensemble",2023-12-30,0.65578075232677,0.599095998220228,128.693342159281,0.464687721047457,0.7351022095893,0.644876655463426,172.726163461538,0.650280149456711,0.153846153846154,0.5,208
"CU-ensemble",2024-01-06,0.809750353413868,0.707320931944437,87.2626961099498,0.320992017582163,0.890374723182189,0.775255701133532,125.316774038462,0.48068068888769,0.221153846153846,0.677884615384615,208
"CU-ensemble",2024-01-13,1.44764775958854,1.12168248520169,94.2941302543358,0.273523286955693,1.47628922681379,1.20464099064137,132.862240384615,0.408575195234284,0.288461538461538,0.735576923076923,208
"CU-ensemble",2024-01-20,1.69439538592648,1.37219966629856,127.63101648356,0.400114959042486,1.6843792543346,1.38847208637375,173.414091346154,0.550745479581874,0.254807692307692,0.653846153846154,208
"CU-ensemble",2024-01-27,1.38615322486996,1.25314088539993,105.368728784009,0.334459104822581,1.39924573024877,1.27339930886091,146.097134615385,0.467099545113921,0.408653846153846,0.740384615384615,208
"CU-ensemble",2024-02-03,0.834853883557974,0.90630761539722,54.5430450362193,0.255587494173191,0.92954149895005,1.00689835449951,85.7018653846154,0.39141800053572,0.447115384615385,0.899038461538462,208
"CU-ensemble",2024-02-10,0.824288758147796,0.845381649857621,39.7229691450669,0.201657815741243,0.894833029752064,0.907193218704461,63.7891346153846,0.312034290411673,0.5,0.961538461538462,208
"CU-ensemble",2024-02-17,0.989722010560811,1.01482396057479,36.8880652382943,0.215026413699219,0.998003818589565,1.0459780122046,56.1069711538462,0.323495813784674,0.528846153846154,0.947115384615385,208
"CU-ensemble",2024-02-24,1.05099611131676,1.00716839709763,40.6565140217391,0.223739795908977,1.09200359142122,1.08050518990853,62.0661634615385,0.34175802238075,0.543269230769231,0.927884615384615,208
"CU-ensemble",2024-03-02,1.26324468297385,1.09870091278933,41.7405747387124,0.213794476503539,1.33021660577256,1.15066163122319,64.3586538461538,0.307777700341243,0.552884615384615,0.899038461538462,208
"CU-ensemble",2024-03-09,1.13098069114414,1.06052969460714,29.6682134782609,0.19263005081647,1.14412193380519,1.11273045094773,44.7107932692308,0.279944502561674,0.639423076923077,0.951923076923077,208
"CU-ensemble",2024-03-16,0.607826671117015,0.767015409517903,22.3710999728261,0.17638218305633,0.617524521101566,0.794254452081145,33.5859711538462,0.257942740328157,0.735576923076923,0.995192307692308,208
"CU-ensemble",2024-03-23,0.625924006388757,0.752923613859608,25.9643315719064,0.216440028689256,0.696986455520553,0.84578002277352,42.7173701923077,0.338619035889874,0.600961538461538,0.995192307692308,208
"CU-ensemble",2024-03-30,0.641694341265408,0.746510636044517,21.8600146571906,0.196053613720772,0.686025324385995,0.82493311929512,34.9775865384615,0.30503543106873,0.644230769230769,0.990384615384615,208
"CU-ensemble",2024-04-06,0.781832613451734,0.801547317287089,20.2122940091973,0.208708823665126,0.788841217117809,0.857311231794947,31.5557740384615,0.324661012571362,0.586538461538462,0.995192307692308,208
"CU-ensemble",2024-04-13,0.680279364771539,0.701200364191836,15.9606747345318,0.229946474098707,0.699047411210116,0.728950173155526,24.5216105769231,0.343409373933988,0.644230769230769,0.980769230769231,208
"CU-ensemble",2024-04-20,0.501804856414669,0.584676973339917,13.1210425104515,0.215198328144737,0.536007093202683,0.623763498124515,21.2538557692308,0.339022172245865,0.615384615384615,1,208
"CU-ensemble",2024-04-27,0.473079453182934,0.59144307540391,11.5241543415552,0.246238029338916,0.521773241033366,0.647958945012304,19.2730384615385,0.390382073702431,0.5625,0.966346153846154,208
"CU-ensemble",2024-05-04,0.516636856283859,0.612903469788247,12.9151696801839,0.349688036039788,0.530703659867891,0.643970917329954,21.5523221153846,0.583591529419903,0.423076923076923,0.894230769230769,208
"CU-ensemble",2024-05-11,0.620421612913316,0.870453009885388,16.3380857497213,0.799349911587366,0.583886348843977,0.748227174387785,25.6197051282051,1.15068426035263,0.243589743589744,0.641025641025641,156
"CU-ensemble",2024-05-18,0.627036920610764,0.864005642411303,13.8612358826087,0.796401343132059,0.596359457195153,0.725967613200094,22.15154,1.17973034507818,0.23,0.59,100
"CU-ensemble",2024-05-25,0.636008938233813,0.888440145674556,12.9614845043478,0.772601385683049,0.615739106234869,0.707375472893925,20.98652,1.13868415575922,0.26,0.62,50
"FluSight-baseline",2023-10-14,1,1,5.69534798270056,0.361968305491388,1,1,6.61538865388654,0.483122788848702,0.865384615384615,1,52
"FluSight-baseline",2023-10-21,1,1,7.77494849489005,0.392221953830219,1,1,10.1057684134534,0.494586709549644,0.826923076923077,1,104
"FluSight-baseline",2023-10-28,1,1,9.38308177075193,0.434342401224267,1,1,12.1282019550965,0.499486740565542,0.833333333333333,0.993589743589744,156
"FluSight-baseline",2023-11-04,1,1,11.6733389892047,0.451215087522853,1,1,16.8605752163291,0.561821314450913,0.745192307692308,1,208
"FluSight-baseline",2023-11-11,1,1,15.8095332617715,0.477459238852734,1,1,25.3028833413334,0.676120026373291,0.576923076923077,0.985576923076923,208
"FluSight-baseline",2023-11-18,1,1,21.2437553676725,0.497379406470471,1,1,33.2211535456701,0.745821949310692,0.418269230769231,0.951923076923077,208
"FluSight-baseline",2023-11-25,1,1,24.2701148071294,0.499157785747445,1,1,38.7067307692308,0.755877341078271,0.278846153846154,0.966346153846154,208
"FluSight-baseline",2023-12-02,1,1,36.2055947749828,0.543071453147401,1,1,56.3269230769231,0.837041885586629,0.153846153846154,0.961538461538462,208
"FluSight-baseline",2023-12-09,1,1,45.1823316344509,0.529752232002057,1,1,67.9759615384615,0.802766442198791,0.139423076923077,0.927884615384615,208
"FluSight-baseline",2023-12-16,1,1,70.8448204549414,0.582976244376632,1,1,99.1057692307692,0.860631400987428,0.0480769230769231,0.826923076923077,208
"FluSight-baseline",2023-12-23,1,1,136.98868661728,0.718233644144658,1,1,172.274038461538,0.985545412727195,0.0480769230769231,0.514423076923077,208
"FluSight-baseline",2023-12-30,1,1,195.083139427923,0.761547835442819,1,1,233.456730769231,0.992272225878946,0.0336538461538462,0.322115384615385,208
"FluSight-baseline",2024-01-06,1,1,109.08938976484,0.454027859618945,1,1,141.211538461538,0.614175405550406,0.0721153846153846,0.625,208
"FluSight-baseline",2024-01-13,1,1,65.3853879395647,0.250937180044141,1,1,91.2788461538462,0.349409004921809,0.134615384615385,0.822115384615385,208
"FluSight-baseline",2024-01-20,1,1,73.220893570551,0.288989268807319,1,1,100.283653846154,0.393016535181064,0.134615384615385,0.754807692307692,208
"FluSight-baseline",2024-01-27,1,1,74.715126847476,0.265260316913552,1,1,102.802884615385,0.364047515626423,0.149038461538462,0.822115384615385,208
"FluSight-baseline",2024-02-03,1,1,65.0003464693457,0.280002315132984,1,1,91.5288461538462,0.385951864595512,0.163461538461538,0.841346153846154,208
"FluSight-baseline",2024-02-10,1,1,47.7764420306308,0.237861142388271,1,1,70.7884615384615,0.344126706458895,0.168269230769231,0.951923076923077,208
"FluSight-baseline",2024-02-17,1,1,36.9987258255123,0.210386631735436,1,1,56.0865384615385,0.3081943535348,0.201923076923077,0.947115384615385,208
"FluSight-baseline",2024-02-24,1,1,38.4674974490391,0.220831571517998,1,1,56.4711538461538,0.315069537553467,0.259615384615385,0.9375,208
"FluSight-baseline",2024-03-02,1,1,32.8063171593684,0.194136452692273,1,1,47.9903846153846,0.269310835819134,0.317307692307692,0.956730769230769,208
"FluSight-baseline",2024-03-09,1,1,26.7723767363322,0.183715977005739,1,1,40.0576923076923,0.256906670953836,0.375,0.980769230769231,208
"FluSight-baseline",2024-03-16,1,1,37.8083344267359,0.232717101834558,1,1,56.4230769230769,0.333931250982309,0.269230769230769,0.947115384615385,208
"FluSight-baseline",2024-03-23,1,1,42.129613810113,0.288085124683941,1,1,62.5865384615385,0.406923211790932,0.225961538461538,0.927884615384615,208
"FluSight-baseline",2024-03-30,1,1,34.2595455596685,0.262684895967643,1,1,51.8798076923077,0.378358859472373,0.288461538461538,0.956730769230769,208
"FluSight-baseline",2024-04-06,1,1,25.4501142380083,0.258524274352709,1,1,39.4134615384615,0.379341228531401,0.317307692307692,0.985576923076923,208
"FluSight-baseline",2024-04-13,1,1,23.697470926783,0.330437571175905,1,1,36.3942307692308,0.492768402289618,0.298076923076923,0.985576923076923,208
"FluSight-baseline",2024-04-20,1,1,26.4130249554612,0.36944546344706,1,1,41.6009615384615,0.570932254305655,0.307692307692308,1,208
"FluSight-baseline",2024-04-27,1,1,24.8512109755626,0.420016174546397,1,1,39.0865384615385,0.63741839072651,0.346153846153846,1,208
"FluSight-baseline",2024-05-04,1,1,24.7817763244885,0.565697351121674,1,1,40.3942307692308,0.900035204231209,0.240384615384615,1,208
"FluSight-baseline",2024-05-11,1,1,26.2801903443693,0.914884932508113,1,1,43.9487179487179,1.54023232935716,0.307692307692308,1,156
"FluSight-baseline",2024-05-18,1,1,21.9366427634129,0.912059071899331,1,1,37.07,1.62571219954019,0.43,1,100
"FluSight-baseline",2024-05-25,1,1,20.1016499190035,0.858895882942768,1,1,33.78,1.60453179430531,0.56,1,50
"FluSight-ensemble",2023-10-14,0.728361773505521,0.730919482662419,4.27714854851545,0.27296396707161,0.929134916262883,0.880480210737977,6.24870238553686,0.428107820741399,0.653846153846154,1,52
"FluSight-ensemble",2023-10-21,0.731668979306444,0.654655278387489,5.89174660970595,0.263811261292272,0.905762284676684,0.776796663049676,9.06088256604565,0.379033114482429,0.730769230769231,0.990384615384615,104
"FluSight-ensemble",2023-10-28,0.671941750863398,0.623120111846832,6.64110345639429,0.278189899622068,0.808235891639056,0.773702586881159,10.2036916040438,0.396906281678005,0.692307692307692,0.961538461538462,156
"FluSight-ensemble",2023-11-04,0.718949332225798,0.619162436761915,8.66641318924208,0.281347093124688,0.802785063577435,0.749724730096126,13.8771054290977,0.427411600455832,0.615384615384615,0.990384615384615,208
"FluSight-ensemble",2023-11-11,0.81427556229624,0.641082543846618,12.7770338638448,0.301569231456916,0.820707480984171,0.688117569500508,20.6484900799395,0.459872885697662,0.514423076923077,0.951923076923077,208
"FluSight-ensemble",2023-11-18,0.850188497070673,0.685984294691554,17.8289838852433,0.337357397391332,0.84464178243792,0.733582463922128,27.9159793646471,0.541621158301591,0.389423076923077,0.932692307692308,208
"FluSight-ensemble",2023-11-25,0.81381340620029,0.694326067478435,19.5274758666063,0.344933896929558,0.800698139613517,0.734413044950046,30.8405017051662,0.552925831056139,0.447115384615385,0.918269230769231,208
"FluSight-ensemble",2023-12-02,0.756548534748502,0.688718272440919,27.1942627060906,0.374673747735866,0.774829010149823,0.722027515036199,43.5100988491953,0.604567220717859,0.283653846153846,0.889423076923077,208
"FluSight-ensemble",2023-12-09,0.647464290525279,0.644014835700611,29.5573277222747,0.346136320257462,0.699020186339445,0.677063492793721,47.9739015525985,0.549733744494781,0.379807692307692,0.879807692307692,208
"FluSight-ensemble",2023-12-16,0.609966219323932,0.616702637086877,44.0592825846507,0.367902255229688,0.686021231213279,0.664534368579187,68.9105825697607,0.579552968477046,0.283653846153846,0.836538461538462,208
"FluSight-ensemble",2023-12-23,0.673226511466533,0.655913437757253,92.370544153604,0.47584447448796,0.771007645390327,0.709064525134427,133.11084302908,0.70324713349856,0.153846153846154,0.581730769230769,208
"FluSight-ensemble",2023-12-30,0.64222619833832,0.60973908015738,125.246048377606,0.46807855227518,0.769036182436229,0.685130654574759,179.711083760121,0.684415680707096,0.139423076923077,0.543269230769231,208
"FluSight-ensemble",2024-01-06,0.643446403720042,0.572012044199431,68.9608200895644,0.257516819508438,0.781331505179237,0.657605989313944,108.54687359153,0.400464426906736,0.423076923076923,0.903846153846154,208
"FluSight-ensemble",2024-01-13,1.0098177647707,0.82246465059906,65.6335044792913,0.200313525292298,1.19927963751675,0.966851615484838,107.593762998837,0.32434367258913,0.485576923076923,0.971153846153846,208
"FluSight-ensemble",2024-01-20,1.06867362858688,0.96723266356843,79.4804421315473,0.280276308777938,1.30220342394531,1.17399218755564,132.658788896356,0.461347734126916,0.375,0.918269230769231,208
"FluSight-ensemble",2024-01-27,0.84249383780486,0.863957303974603,63.534537817143,0.230954236111048,0.975655148482088,1.0120031558307,101.297458593925,0.370765463897877,0.471153846153846,0.951923076923077,208
"FluSight-ensemble",2024-02-03,0.655340954842452,0.744947411659536,43.3986761949127,0.212844455200335,0.70769842086733,0.824827233764543,66.1142061796632,0.324513706649928,0.538461538461538,0.956730769230769,208
"FluSight-ensemble",2024-02-10,0.861988179769386,0.892875285413621,42.4054427451203,0.216282373052142,0.931548555288826,0.93224856012707,68.7001610635841,0.328770871665875,0.552884615384615,0.951923076923077,208
"FluSight-ensemble",2024-02-17,1.09826179554962,1.19934523090215,41.9935238094281,0.259333055189361,1.1458962957954,1.28561506843633,66.9699827017152,0.410468000759388,0.432692307692308,0.9375,208
"FluSight-ensemble",2024-02-24,1.07443286182108,1.12548207589207,42.6165250025719,0.255256023272221,1.07873927077265,1.18022348323734,64.8002896858594,0.393298473312364,0.442307692307692,0.9375,208
"FluSight-ensemble",2024-03-02,1.15749223054344,1.19142010805765,38.9110932009715,0.235380534298655,1.19664572000576,1.26082961710776,60.9415832299108,0.355789184320312,0.495192307692308,0.956730769230769,208
"FluSight-ensemble",2024-03-09,0.931728600448699,0.989991310516237,25.3859508431071,0.186353509940842,0.923347838343826,1.00703687986936,38.5010509140761,0.269422760557363,0.658653846153846,0.990384615384615,208
"FluSight-ensemble",2024-03-16,0.56771196656297,0.723928661820956,21.4793354183133,0.170860117760911,0.571347616513702,0.736854787279618,32.4174580071377,0.250256392286311,0.634615384615385,1,208
"FluSight-ensemble",2024-03-23,0.504868339225399,0.640315672111026,21.1740426495898,0.185674290268698,0.51831089863299,0.685803835521327,32.7296505106513,0.283815417375663,0.629807692307692,1,208
"FluSight-ensemble",2024-03-30,0.524748907719908,0.632533455170563,18.017017522193,0.167770325908172,0.531495365820483,0.673159452398034,27.386004148264,0.252567406089154,0.745192307692308,1,208
"FluSight-ensemble",2024-04-06,0.586241837542455,0.672192854203064,15.2191984404131,0.177233037985045,0.546018412310468,0.675519846004657,22.2859595911164,0.264359637719929,0.740384615384615,0.995192307692308,208
"FluSight-ensemble",2024-04-13,0.53476972863545,0.645201894562528,12.5006018218382,0.213436893129214,0.495981816719621,0.655480633126454,17.1605413003787,0.311218922029675,0.725961538461538,0.995192307692308,208
"FluSight-ensemble",2024-04-20,0.464259383588054,0.576401320202129,12.1680902934812,0.214093207501354,0.449561327748563,0.597580888571333,18.2454768367623,0.334771745330716,0.721153846153846,1,208
"FluSight-ensemble",2024-04-27,0.503415074282061,0.604471436928296,12.3724921438206,0.25466940507397,0.533007584896293,0.681073651705082,20.1808706418133,0.423672682171426,0.567307692307692,1,208
"FluSight-ensemble",2024-05-04,0.518873076193353,0.6440096420845,12.8365075295921,0.366142208012257,0.540462752372103,0.695965282767933,21.7132387430006,0.626865846332853,0.403846153846154,0.975961538461538,208
"FluSight-ensemble",2024-05-11,0.61101927266946,0.894475978195409,15.9941340727128,0.821222038841228,0.586037994922743,0.794722428322616,25.5973281942731,1.22258292209521,0.288461538461538,0.75,156
"FluSight-ensemble",2024-05-18,0.619592432287058,0.919993034597096,13.5652874457752,0.847058068629523,0.592445557846365,0.797461836635003,21.7376220738734,1.29359229797806,0.22,0.8,100
"FluSight-ensemble",2024-05-25,0.601054556511448,0.919574969477818,12.0399785975769,0.79537305100309,0.582526099252791,0.781562231091293,19.4980773342942,1.2519212995638,0.32,0.8,50
"FluSight-lop_norm",2023-10-14,0.831937710081098,0.787151869310685,4.86412226505516,0.291733769025407,0.929609214745109,0.881541730831574,6.31101495790617,0.431424133188949,0.692307692307692,1,52
"FluSight-lop_norm",2023-10-21,0.829708630188317,0.726605997353142,6.63996070936652,0.290444477221927,0.950490801402717,0.798371143538459,9.51407382327668,0.388370508187728,0.75,1,104
"FluSight-lop_norm",2023-10-28,0.769124838269194,0.678639456554475,7.52444214363762,0.300279274930197,0.871107697894136,0.786005158929657,10.8944424772243,0.399158442992722,0.769230769230769,1,156
"FluSight-lop_norm",2023-11-04,0.807847282876281,0.67105969083451,9.69871366909774,0.304952982995645,0.856471592197654,0.758293380902095,14.6738708074256,0.429966532564783,0.6875,1,208
"FluSight-lop_norm",2023-11-11,0.830104762518602,0.670733047178326,13.0944612677201,0.317330140162883,0.86933186193261,0.710082224986443,21.8859664177508,0.47514135226531,0.572115384615385,0.995192307692308,208
"FluSight-lop_norm",2023-11-18,0.839822096190053,0.7046775869258,17.6895789369579,0.347915217579323,0.88399920049909,0.757094303509965,29.2456820102888,0.55879692202895,0.466346153846154,0.995192307692308,208
"FluSight-lop_norm",2023-11-25,0.790237785760214,0.686106171509446,19.1027236746898,0.342512549767714,0.803053102702137,0.727188089505562,30.9108192148529,0.547255496384283,0.533653846153846,0.985576923076923,208
"FluSight-lop_norm",2023-12-02,0.722820698032877,0.670512873210122,26.1636821362098,0.365801096870693,0.777073082302202,0.71658448457999,43.6105449088827,0.599724709187761,0.389423076923077,0.995192307692308,208
"FluSight-lop_norm",2023-12-09,0.642355937418039,0.63967928812428,29.2602338801334,0.341772228873283,0.70151727508392,0.681960046770857,47.9253004984616,0.55181569870626,0.442307692307692,0.995192307692308,208
"FluSight-lop_norm",2023-12-16,0.585288155552843,0.605734563581158,41.9253563297724,0.357592363986137,0.686919986248679,0.664759957747287,68.9652342900063,0.579416348559231,0.350961538461538,0.961538461538462,208
"FluSight-lop_norm",2023-12-23,0.594204317181703,0.605656149275448,81.4804210956855,0.439355646856026,0.772258862303042,0.70928728560069,133.334412541347,0.703647340398429,0.197115384615385,0.942307692307692,208
"FluSight-lop_norm",2023-12-30,0.574888240120991,0.559102679230173,112.205771780174,0.428798319739196,0.768911262904875,0.680148209547532,180.039724164721,0.680289509578604,0.192307692307692,0.918269230769231,208
"FluSight-lop_norm",2024-01-06,0.628468851740683,0.560487195932724,67.4012015797498,0.251536809812495,0.775434599862026,0.641829579944028,107.869905888775,0.390619266747092,0.548076923076923,0.985576923076923,208
"FluSight-lop_norm",2024-01-13,1.02250988867481,0.839457448888093,66.8127356323895,0.205657286363049,1.12693206029895,0.926295421760434,100.992492359495,0.310093675564159,0.586538461538462,1,208
"FluSight-lop_norm",2024-01-20,1.08118505583817,0.952807832964888,80.4616735114272,0.276251845973059,1.23792604628433,1.15165291848096,125.899508411825,0.452033415833791,0.451923076923077,1,208
"FluSight-lop_norm",2024-01-27,0.901222250331246,0.902258721689093,67.9944619394729,0.24108913278387,0.949517643850339,0.998573830989309,98.664132243854,0.366500968288048,0.591346153846154,0.995192307692308,208
"FluSight-lop_norm",2024-02-03,0.743410628827496,0.83656215136601,49.1292519637046,0.238249248317858,0.739854552821348,0.851650846359659,69.1150327379194,0.335181080284874,0.677884615384615,0.985576923076923,208
"FluSight-lop_norm",2024-02-10,0.91914958937141,1.01628587394208,45.1480408427693,0.24556257566353,0.959554918446341,0.973704186641256,71.3954977542118,0.346087065347522,0.586538461538462,0.995192307692308,208
"FluSight-lop_norm",2024-02-17,1.11334014794951,1.29272678141829,42.5204633361193,0.278503481309184,1.18060894495391,1.33039866155108,69.1738510792204,0.425344982671288,0.504807692307692,0.990384615384615,208
"FluSight-lop_norm",2024-02-24,1.07292414287367,1.18631507805131,42.3599724782878,0.2673199590105,1.11002234047342,1.2219984914307,66.3045933054264,0.40445485583225,0.485576923076923,0.990384615384615,208
"FluSight-lop_norm",2024-03-02,1.17263085516189,1.27498927821924,39.336986295614,0.250621381033986,1.24105773669249,1.32322843258468,63.1688488543653,0.37258347451148,0.591346153846154,0.995192307692308,208
"FluSight-lop_norm",2024-03-09,0.987241810483864,1.08338814890367,26.8635372254652,0.20325432978562,0.941522018252045,1.03496822575228,39.5077957536194,0.278641443056655,0.711538461538462,1,208
"FluSight-lop_norm",2024-03-16,0.604482162358404,0.791418458868983,22.9004232651505,0.186807699429284,0.548964797648787,0.722148186033996,31.7097092746906,0.249440164530883,0.725961538461538,1,208
"FluSight-lop_norm",2024-03-23,0.53159436977776,0.686522918981183,22.3049264784696,0.198831225685544,0.481366587179258,0.666289137747864,30.5421983960027,0.277364804131517,0.721153846153846,1,208
"FluSight-lop_norm",2024-03-30,0.549793220074094,0.682022523184292,18.8317566877207,0.180276927974276,0.471308410460351,0.616332688890492,24.3136963104531,0.231048252503162,0.826923076923077,1,208
"FluSight-lop_norm",2024-04-06,0.627380621681831,0.726248026657088,16.2279284984929,0.190380929446352,0.506023325552317,0.636209702110515,20.6505093843451,0.248543881671685,0.802884615384615,1,208
"FluSight-lop_norm",2024-04-13,0.578771403567614,0.677655687000902,13.4753227348192,0.222784525548996,0.477995097445182,0.629767097106198,16.3366889182633,0.295558075698333,0.807692307692308,1,208
"FluSight-lop_norm",2024-04-20,0.469999343623913,0.597851955614176,12.2557869885605,0.220778316134506,0.399212425668754,0.545067850199045,15.9147889598279,0.299849967065453,0.769230769230769,1,208
"FluSight-lop_norm",2024-04-27,0.500913144726662,0.619452103350897,12.2548992869357,0.259616749866837,0.487647609256059,0.644218577842173,18.1710167560897,0.395746123908878,0.663461538461538,1,208
"FluSight-lop_norm",2024-05-04,0.505178123561522,0.634045678179866,12.4899191198584,0.360061964760543,0.498248929184843,0.664023586613526,19.9846226170118,0.597983935612003,0.495192307692308,1,208
"FluSight-lop_norm",2024-05-11,0.58015248383241,0.811532592438486,15.1870439990909,0.744355932118774,0.558780096601557,0.779552862625291,24.3807615371177,1.1995893453716,0.333333333333333,0.987179487179487,156
"FluSight-lop_norm",2024-05-18,0.591463774610676,0.837240177812659,12.9498256422422,0.769715527963991,0.560973163551969,0.785236226422549,20.6460378575051,1.27713499923747,0.24,0.98,100
"FluSight-lop_norm",2024-05-25,0.590754060888982,0.853603235200193,11.8450478064647,0.738032149821801,0.556701508272183,0.774437399110952,18.6589639645415,1.24219154947231,0.36,0.98,50
"GH-model",2023-10-28,2.48018775201027,1.92028038383682,17.6147260033445,0.682304115359128,2.24248828858947,2.07690433849028,21.375,0.866652240875187,0.115384615384615,0.192307692307692,52
"GH-model",2023-11-04,2.81064619829964,2.26066953621418,25.1716699832776,0.853613556150063,2.13710799146319,2.13160448928136,28.9519230769231,1.0482486727959,0.105769230769231,0.144230769230769,104
"GH-model",2023-11-11,2.70728842782145,2.70039872680342,38.9710143812709,1.16966299672115,1.86003161223619,2.19099996403639,43.0641025641026,1.36562606485649,0.0512820512820513,0.0576923076923077,156
"GH-model",2023-11-18,2.41729165544961,2.67567790739946,51.4902633988294,1.3206269349122,1.67428629809837,2.05452600099884,56.0120192307692,1.51931743679128,0.0432692307692308,0.0576923076923077,208
"GH-model",2023-11-25,2.39839788587886,2.84601001269443,67.7471056298774,1.59316553954372,1.60707012561894,2.12076657728549,72.5,1.79078379505637,0.0192307692307692,0.0256410256410256,156
"GH-model",2023-12-02,2.49733047066842,3.28158685761657,95.4565579710145,1.85982187918991,1.70010079279897,2.38213266859559,100.865384615385,2.06190509849166,0.00641025641025641,0.0192307692307692,156
"GH-model",2023-12-09,2.87897572079497,4.04156033528168,120.920722742475,1.98474202154715,2.01565203911813,2.96503908581731,127.230769230769,2.18334260893005,0.032051282051282,0.032051282051282,156
"GH-model",2023-12-16,2.84968406932055,4.56483162970401,170.734527675585,2.15892557843241,2.11823792794403,3.42409691262988,178.349358974359,2.36800423066734,0.032051282051282,0.0384615384615385,156
"GH-model",2023-12-23,1.98112364101072,3.48224112957252,271.234258026756,2.47756536429425,1.62391447609843,2.76347563550482,280.086538461538,2.69134608291298,0.0240384615384615,0.0384615384615385,208
"GH-model",2023-12-30,1.70295956512103,3.02269501743242,378.991389130435,2.68014745913652,1.46312402058618,2.49877986656517,389.871794871795,2.89905713420389,0.0192307692307692,0.0192307692307692,156
"GH-model",2024-01-06,2.94769580186567,5.04640740183588,330.273184698997,2.42264960997936,2.34986683879116,4.04144844074327,343.246794871795,2.65272027644783,0,0,156
"GH-model",2024-01-13,3.28147536330508,7.30492391365678,246.734856312709,2.05457952338466,2.51555522160401,5.84576923369166,263.783653846154,2.28534904037393,0,0,104
"GH-model",2024-01-20,1.50760378291253,3.76564966890322,170.021192307692,1.46010081576675,1.21532167588162,3.14586805395756,192.384615384615,1.68299658448865,0.0384615384615385,0.0961538461538462,52
"GH-model",2024-01-27,1.06099077897828,2.92372868298754,144.355721488294,1.20071222370774,0.888310595317547,2.44422994864877,169.471153846154,1.41246076134382,0.0961538461538462,0.192307692307692,52
"GT-FluFNP",2023-10-14,1.50455169015748,1.52878408665976,8.75999602695652,0.546288608083389,2.10331409426602,1.8590762788072,13.671388,0.853620943871286,0.44,0.84,50
"GT-FluFNP",2023-10-21,1.49867569307356,1.48889323397331,12.2468390768555,0.588710551661889,1.8793389933849,2.02045768898683,17.8742262626263,0.938323936822622,0.494949494949495,0.797979797979798,99
"GT-FluFNP",2023-10-28,1.20990121598862,1.14501035024636,10.7416439944183,0.481228590275622,1.50089680039127,1.46466956549843,16.4075141891892,0.706272174444307,0.581081081081081,0.891891891891892,148
"GT-FluFNP",2023-11-04,1.15724311255158,1.05984216275853,13.3334394984629,0.462505313588254,1.20547211201013,1.22699096577766,19.4530631313131,0.66789895645539,0.53030303030303,0.883838383838384,198
"GT-FluFNP",2023-11-11,1.13808238661869,0.939597478316302,17.6857656174791,0.432462309634443,1.02787731201737,0.895273489412869,25.3222949494949,0.585018953565823,0.444444444444444,0.813131313131313,198
"GT-FluFNP",2023-11-18,1.2899494363951,1.0888642046475,27.2454950091763,0.532214758534761,1.08955458664477,1.00289071015987,35.9790869346734,0.734283213801751,0.311557788944724,0.698492462311558,199
"GT-FluFNP",2023-11-25,1.35155851191456,1.1581163326494,33.2829319728261,0.581401819246367,1.09864385383836,1.031652182496,43.172565,0.783189940663916,0.215,0.535,200
"GT-FluFNP",2023-12-02,1.39180293257412,1.31068711310453,50.8287160152174,0.716528369916959,1.10562193357891,1.11527554956983,62.7972825,0.935656940490937,0.1,0.31,200
"GT-FluFNP",2023-12-09,1.49228546530498,1.44424149290495,66.5132869484783,0.743411358000038,1.17258917674577,1.22320828038877,78.613365,0.951200894537916,0.035,0.225,200
"GT-FluFNP",2023-12-16,1.38415126253349,1.34043721360407,98.3447526165217,0.767434403487895,1.11304898839589,1.10696614026236,110.497833,0.930285284297121,0.035,0.15,200
"GT-FluFNP",2023-12-23,1.179590007241,1.12388602168508,167.737915506368,0.826454002917044,1.00718976977075,0.941310143449111,180.303639393939,0.948784783947773,0.0202020202020202,0.0505050505050505,198
"GT-FluFNP",2023-12-30,1.0698982176858,0.975379018634271,247.45392868537,0.88723641001158,0.943414923975693,0.828018999754287,261.120348648649,0.985215177260799,0.0202702702702703,0.0337837837837838,148
"GT-FluFNP",2024-01-06,1.03836073259246,0.836062189644205,122.318471617509,0.408682655822488,0.894145388771455,0.711068285669231,136.749717567568,0.473917052687161,0.155405405405405,0.263513513513513,148
"GT-FluFNP",2024-01-13,1.27181497154476,0.96311206358026,83.0250333253373,0.234449477790111,1.11064801052819,0.856436986196522,100.867306206897,0.290623522055851,0.193103448275862,0.413793103448276,145
"GT-FluFNP",2024-01-20,1.91753057071992,1.80107922964639,132.50650764324,0.493252085813556,1.66114196453333,1.52064521254356,159.095635616438,0.571561565961018,0.0547945205479452,0.191780821917808,146
"GT-FluFNP",2024-01-27,1.23601291344548,1.41567739947279,94.334933299024,0.382610700252928,1.17122124954895,1.28154438063969,123.20057244898,0.476380393290607,0.153061224489796,0.418367346938776,196
"GT-FluFNP",2024-02-03,0.979418717214284,1.05596225440831,63.6516707712955,0.278092097943928,0.967329507780203,1.01330707037853,88.8272698979592,0.369484112187046,0.341836734693878,0.678571428571429,196
"GT-FluFNP",2024-02-10,1.17741586884613,1.32555527134749,60.1103872451387,0.321005300038263,1.15756634394283,1.23750764759341,87.6979090452261,0.436936170801527,0.326633165829146,0.768844221105528,199
"GT-FluFNP",2024-02-17,1.84635738948,2.55701075194498,84.4776821814493,0.615101247070616,1.77182042308911,2.24165109990639,123.461510666667,0.804982086033966,0.2,0.653333333333333,150
"GT-FluFNP",2024-02-24,1.75893315158544,2.43046828249742,74.5213609933333,0.568596635650498,1.72807070305225,2.16588129729372,108.641460666667,0.741324994664906,0.293333333333333,0.7,150
"GT-FluFNP",2024-03-02,1.74232274298383,2.38432812868201,57.1393692394203,0.434169745723942,1.75054770527093,2.27484811461696,83.2682826666667,0.577583745966733,0.36,0.726666666666667,150
"GT-FluFNP",2024-03-09,1.10475236739159,1.13048544136205,26.0869128904348,0.175672778429738,1.07921281348024,1.08494221431073,38.4084806666667,0.238494452093421,0.46,0.88,150
"GT-FluFNP",2024-03-16,0.877058643216452,0.990455020300499,33.5888337182609,0.227000203029249,0.842440482037465,0.925830614477864,47.980541,0.303165865913677,0.44,0.775,200
"GT-FluFNP",2024-03-23,0.975298739258344,1.02339285218237,42.3022625232609,0.292045177695758,0.953621587255602,0.991006895717692,62.0833115,0.405990588449745,0.325,0.68,200
"GT-FluFNP",2024-03-30,0.974830833439098,1.00166202421452,38.8410997730435,0.283030234918428,0.975683209307887,0.992224434960964,59.6279946666667,0.41279495760053,0.36,0.746666666666667,150
"GT-FluFNP",2024-04-06,0.749218315656349,0.860805432312781,20.4924420202899,0.226375853251498,0.731340735787386,0.818000610577629,32.0707813333333,0.331024576338029,0.513333333333333,0.94,150
"GT-FluFNP",2024-04-13,0.68570613851385,0.854871235811079,15.8393365484058,0.26532083268781,0.671379285880037,0.8265597737781,23.575216,0.384710605337238,0.58,0.96,150
"GT-FluFNP",2024-04-20,0.582708692056122,0.790394688272579,14.4623372817391,0.259004010445049,0.559638702620489,0.733366736413769,21.655862,0.373292851668764,0.64,0.993333333333333,150
"GT-FluFNP",2024-04-27,0.581202263071982,0.793149023627786,14.3563824406522,0.32253759854226,0.573669791005328,0.732456292535551,21.791377,0.445849801311452,0.705,1,200
"GT-FluFNP",2024-05-04,0.573441053700473,0.76789786206015,14.6276458578261,0.439495155812758,0.568514669756326,0.747325458035785,23.8345135,0.693923368958922,0.615,0.985,200
"GT-FluFNP",2024-05-11,0.633488680530968,0.825498048276759,17.2654478376812,0.774054652235683,0.648042478635415,0.844350519025449,29.5631806666667,1.33855735871788,0.573333333333333,0.986666666666667,150
"GT-FluFNP",2024-05-18,0.693111420725624,0.841579451984647,15.6079710421196,0.77336384058076,0.680036864915135,0.844603008644195,26.093096875,1.40784094999219,0.65625,1,96
"GT-FluFNP",2024-05-25,0.641091447091822,0.837730377602469,12.9777264855072,0.707581141347305,0.639217832046097,0.831276757926741,21.75783125,1.32394852553742,0.770833333333333,1,48
"ISU_NiemiLab-ENS",2023-10-28,1.19221632019579,0.862151720166664,8.56879376931171,0.312420019742053,1.22809551369408,1.05689505532732,11.8044671298077,0.448786253556172,0.384615384615385,0.788461538461538,52
"ISU_NiemiLab-ENS",2023-11-04,1.30239286953259,0.875179388229916,10.5967366513916,0.332045675129082,1.19962466962551,1.02695792997982,14.8010964514563,0.510451525612606,0.29126213592233,0.776699029126214,103
"ISU_NiemiLab-ENS",2023-11-11,1.54156029123014,1.09774220589346,20.897077990584,0.468535866590258,1.20892884292228,1.06454756863034,26.5667552370968,0.658977658968692,0.219354838709677,0.619354838709677,155
"ISU_NiemiLab-ENS",2023-11-18,1.50071783141179,1.15619381967279,30.0804581617533,0.56326755881595,1.16766526855672,1.04720987810209,36.952112531401,0.768340494060776,0.256038647342995,0.521739130434783,207
"ISU_NiemiLab-ENS",2023-11-25,1.54832649050075,1.2807687175257,41.1289176526723,0.711180373457421,1.16749602458328,1.13092980271043,49.8020630435484,0.952316920716009,0.154838709677419,0.425806451612903,155
"ISU_NiemiLab-ENS",2023-12-02,1.49383446644086,1.4002660957194,56.8039120534555,0.795615346643672,1.18885615462126,1.22774538780799,70.3477145448718,1.07042461339452,0.0897435897435897,0.397435897435897,156
"ISU_NiemiLab-ENS",2023-12-09,1.56548445869429,1.55358787087704,65.9705690121489,0.773765959011061,1.32247422177247,1.4005812706059,83.7888101891026,1.05022068391597,0.0512820512820513,0.378205128205128,156
"ISU_NiemiLab-ENS",2023-12-16,1.51026787054582,1.64902515476828,91.7859437966532,0.803284718394313,1.35969023639502,1.48936976023132,115.950210775641,1.06083593085453,0.0256410256410256,0.275641025641026,156
"ISU_NiemiLab-ENS",2023-12-23,1.19631098861921,1.36797190271119,180.600044619726,1.12000068273367,1.10859210665315,1.24998574278654,210.349776709936,1.40019749819877,0.0384615384615385,0.16025641025641,156
"ISU_NiemiLab-ENS",2023-12-30,1.09377610209163,1.22480600821669,266.739563359808,1.24641836421949,1.05052470340513,1.16038971418191,304.020859639423,1.53850845811189,0.0192307692307692,0.134615384615385,104
"ISU_NiemiLab-ENS",2024-01-06,1.19606601351071,1.31630357265339,143.199347195783,0.667845142162957,1.19256454460838,1.28705320779958,184.258026274038,0.888129578804812,0.125,0.432692307692308,104
"ISU_NiemiLab-ENS",2024-01-13,1.13060453402398,1.41971645834962,74.9011717450269,0.318673482895966,1.21859750894852,1.47572476318647,112.209355817308,0.458786919728476,0.307692307692308,0.778846153846154,104
"ISU_NiemiLab-ENS",2024-01-20,0.883531073076367,1.03706298206704,61.1409202748088,0.285186996905799,0.942320495292604,1.10585735345369,89.7564925320513,0.414926455837421,0.416666666666667,0.884615384615385,156
"ISU_NiemiLab-ENS",2024-01-27,0.869164545663652,1.02658998128956,65.5636454442817,0.275011381305074,0.925101802081453,1.07936884644073,96.0756921754808,0.397238639778348,0.480769230769231,0.903846153846154,208
"ISU_NiemiLab-ENS",2024-02-03,0.911871086301318,0.985349796826554,68.5460002695121,0.3145660189531,0.975668926452895,1.0497921926631,103.241086298077,0.462507251073969,0.455128205128205,0.91025641025641,156
"ISU_NiemiLab-ENS",2024-02-10,1.19197967997708,1.2330242339992,61.2691520776478,0.306293880402216,1.27877675527597,1.316425701279,97.3126151121795,0.475705851800913,0.416666666666667,0.948717948717949,156
"ISU_NiemiLab-ENS",2024-02-17,1.57134322394152,1.61415179859751,58.558902491746,0.334657724455655,1.61143426182149,1.61741318555925,91.2410982211538,0.498001689797602,0.416666666666667,0.852564102564103,156
"ISU_NiemiLab-ENS",2024-02-24,1.77490086381745,1.87555185599272,60.7773131643001,0.353882431522668,1.77518240423144,1.91642927036328,88.6801938782051,0.509080613113208,0.397435897435897,0.801282051282051,156
"ISU_NiemiLab-ENS",2024-03-02,1.86485865800202,1.94162821290339,62.7216156812188,0.379571039364793,1.79722864709271,1.96995247340415,88.5424101570048,0.537432203028699,0.410628019323671,0.763285024154589,207
"ISU_NiemiLab-ENS",2024-03-09,1.66470970757028,1.68266136968929,45.1040495174025,0.31194224136847,1.6781078788787,1.69745705810734,68.4834185386473,0.445101443117409,0.468599033816425,0.869565217391304,207
"ISU_NiemiLab-ENS",2024-03-16,0.811710932408318,1.17152202330048,30.6081158151342,0.273043064664742,0.729587603532375,1.05128776331497,41.4624067995169,0.356636454078362,0.589371980676328,0.971014492753623,207
"ISU_NiemiLab-ENS",2024-03-23,0.611128395540558,0.994506190534824,28.7351140269844,0.312653121448899,0.525232804661012,0.872872541936687,37.2965049532258,0.39545690907915,0.561290322580645,0.980645161290323,155
"ISU_NiemiLab-ENS",2024-03-30,0.661922905058787,1.02036421797118,24.0941651649168,0.276150481232889,0.553057567853543,0.876199709853466,29.8696844775641,0.338852625608898,0.762820512820513,1,156
"ISU_NiemiLab-ENS",2024-04-06,0.939610538310126,1.21121115078738,27.9423729496021,0.330832111485581,0.752064029649674,0.973166790354195,33.5885990096154,0.38377349363913,0.701923076923077,1,104
"ISU_NiemiLab-ENS",2024-04-13,0.615242048456698,0.764165210783098,14.9342313985674,0.264421487248231,0.626002022517587,0.651357044150177,22.0957428942308,0.317641967467444,0.807692307692308,1,52
"ISU_NiemiLab-ENS",2024-04-20,0.375530698888479,0.614533412006581,11.5802084977425,0.276146924335041,0.340982315469044,0.429261931167603,15.4878256009615,0.281457646614369,0.923076923076923,1,52
"ISU_NiemiLab-NLH",2023-10-14,0.943180380830143,0.856465265925374,5.70187117585491,0.323732896443348,1.19753676776707,1.004977069972,8.16272656442308,0.48777808656379,0.384615384615385,0.807692307692308,52
"ISU_NiemiLab-NLH",2023-10-21,1.07369178752606,0.863719141897707,9.46829132844489,0.370542347445288,1.12595415042035,1.05301633592759,11.9881304485577,0.545447757741134,0.326923076923077,0.798076923076923,104
"ISU_NiemiLab-NLH",2023-10-28,1.05890408465386,0.838562214000006,10.3922057249871,0.370048137015996,1.13872942429663,1.07512260861383,13.965514900641,0.54300885668307,0.282051282051282,0.814102564102564,156
"ISU_NiemiLab-NLH",2023-11-04,1.22532457931587,0.85145232047711,14.5460539704318,0.383775231999788,1.11644293313195,1.00824330234713,18.7494024326923,0.577469139785959,0.259615384615385,0.774038461538462,208
"ISU_NiemiLab-NLH",2023-11-11,1.46333409983052,1.06966919257345,22.9416099096015,0.501296124340572,1.15200702257416,1.06156184816406,28.7669432259615,0.713253300585888,0.225961538461538,0.644230769230769,208
"ISU_NiemiLab-NLH",2023-11-18,1.50159302043053,1.16613023366235,31.698789321771,0.571208619910296,1.17735127496358,1.07686105288007,39.0863562014563,0.793735604842638,0.20873786407767,0.509708737864078,206
"ISU_NiemiLab-NLH",2023-11-25,1.55257499205101,1.30326825068025,43.7434925436816,0.728162606415893,1.18242465850768,1.15674551278669,53.1839141623377,0.977513526494605,0.149350649350649,0.428571428571429,154
"ISU_NiemiLab-NLH",2023-12-02,1.46413299241419,1.37431691251275,55.8107344477319,0.776383857593067,1.18695228756912,1.22241005379974,70.473518801948,1.06015051146547,0.116883116883117,0.448051948051948,154
"ISU_NiemiLab-NLH",2023-12-09,1.62642313221621,1.62350020857805,68.0956522731755,0.793919159248124,1.37641676574056,1.46066926721611,86.7865624967532,1.07568845241419,0.0649350649350649,0.38961038961039,154
"ISU_NiemiLab-NLH",2023-12-16,1.2995945274657,1.49259232685204,80.3488702368073,0.733900992504413,1.2034355062844,1.38156460564677,103.949709419872,0.990691437439762,0.0897435897435897,0.474358974358974,156
"ISU_NiemiLab-NLH",2023-12-23,1.0450376126519,1.22736989545097,159.576960980066,1.01232823837301,1.01752587412262,1.16631342572275,194.558846685897,1.31299176850269,0.0641025641025641,0.333333333333333,156
"ISU_NiemiLab-NLH",2023-12-30,0.923354837083518,1.04996154988299,226.037895685651,1.0632008298327,0.953061221322262,1.05930434566082,276.951323653846,1.39877258932975,0.0480769230769231,0.336538461538462,104
"ISU_NiemiLab-NLH",2024-01-06,0.903687137597564,0.996816450662266,107.802700676275,0.507478848815504,0.993667941179816,1.04702283528716,152.404793701923,0.722574845836785,0.269230769230769,0.721153846153846,104
"ISU_NiemiLab-NLH",2024-01-13,1.16825841837356,1.39485480153121,78.6423083701331,0.31552303390117,1.21782430185057,1.43493048686829,114.060615673077,0.450259504368091,0.375,0.817307692307692,104
"ISU_NiemiLab-NLH",2024-01-20,0.989649765582586,1.14975133975212,69.9941802767035,0.32128239921092,1.05254901110156,1.26968806629362,102.979917275641,0.487335920144771,0.448717948717949,0.871794871794872,156
"ISU_NiemiLab-NLH",2024-01-27,0.918438205266131,1.15104499706931,72.3415394860607,0.318695033937028,0.989300561391909,1.2730137384187,107.442223743961,0.485945223290054,0.410628019323671,0.898550724637681,207
"ISU_NiemiLab-NLH",2024-02-03,0.991427724439736,1.24166229891559,67.1195018580365,0.361028796605749,1.10214271756534,1.43332112467925,104.713125748792,0.573297254347847,0.328502415458937,0.898550724637681,207
"ISU_NiemiLab-NLH",2024-02-10,1.49740216416846,1.84216584987305,73.5217296630135,0.448598198801787,1.51914997604352,1.9712241422565,110.098440024272,0.695084100496362,0.300970873786408,0.815533980582524,206
"ISU_NiemiLab-NLH",2024-02-17,1.8861687913434,2.37537300214912,82.2364338654005,0.578750711731945,1.78394479905466,2.35553977026468,117.670819480519,0.839678260532904,0.337662337662338,0.74025974025974,154
"ISU_NiemiLab-NLH",2024-02-24,1.9965764164693,2.12815166027143,78.334001211891,0.48686212553535,1.85803765464948,2.0605835780268,107.530986612903,0.677046282560531,0.354838709677419,0.729032258064516,155
"ISU_NiemiLab-NLH",2024-03-02,2.17693241285864,2.19172261221554,67.5457531143216,0.406469712740325,2.02132839723603,2.17739899354134,91.655760551948,0.562578056713315,0.383116883116883,0.753246753246753,154
"ISU_NiemiLab-NLH",2024-03-09,1.62435705022578,1.46982441770911,36.7765438479556,0.226600336334425,1.62135797377519,1.47600754519741,55.4047800322581,0.320304949855767,0.541935483870968,0.92258064516129,155
"ISU_NiemiLab-NLH",2024-03-16,1.26719814366096,1.24357752892337,47.1350054981433,0.287725042843556,1.12599879796427,1.17337313467706,62.7936783816425,0.394284890966853,0.541062801932367,0.956521739130435,207
"ISU_NiemiLab-NLH",2024-03-23,1.09390751540227,1.14067408674179,46.2898278559808,0.328079410294975,0.998870541792223,1.14787422669902,62.8117961352657,0.472023708793145,0.502415458937198,0.946859903381642,207
"ISU_NiemiLab-NLH",2024-03-30,1.18691602319161,1.12197008313749,41.0648714541747,0.29199658204923,1.0443175499864,1.09828304960795,53.5160548076923,0.406896707885906,0.629807692307692,0.966346153846154,208
"ISU_NiemiLab-NLH",2024-04-06,1.45552394595024,1.16994656651408,36.856726608757,0.296766530130835,1.20876783999457,1.09517883290669,46.5859528605769,0.402679491503256,0.663461538461538,0.966346153846154,208
"ISU_NiemiLab-NLH",2024-04-13,0.872906890710363,0.887876919491325,20.2417184535825,0.288041974345619,0.917852156351739,0.92539278893337,31.3897741053326,0.431018535028899,0.581730769230769,0.971153846153846,208
"ISU_NiemiLab-NLH",2024-04-20,0.721398632213722,0.810444686273387,18.8819413911166,0.295088925728747,0.709756638890517,0.802078336131692,28.1424790739971,0.43609665406624,0.629807692307692,0.975961538461538,208
"ISU_NiemiLab-NLH",2024-04-27,0.588410650836069,0.804466331384203,16.611366341377,0.365526792516384,0.608830377686567,0.79467401693225,26.2687783107103,0.533363484347245,0.602564102564103,0.980769230769231,156
"ISU_NiemiLab-NLH",2024-05-04,0.490229270032576,0.778360479089689,15.7415584154772,0.519823788614323,0.442465637040788,0.726235446485909,24.0375704817466,0.803465549792277,0.528846153846154,1,104
"ISU_NiemiLab-NLH",2024-05-11,0.50818518742505,0.829815254365486,16.8347272090691,0.826122144490903,0.506402174605256,0.834867286040344,28.4346911628346,1.42248322036572,0.480769230769231,0.980769230769231,52
"ISU_NiemiLab-SIR",2023-10-28,1.31745143651856,0.877303288938562,8.41554071132245,0.318664953551494,1.29987224578936,1.0652850481698,11.013405127451,0.453853079147268,0.352941176470588,0.745098039215686,51
"ISU_NiemiLab-SIR",2023-11-04,1.41814687684267,0.920359099438996,10.1437565197865,0.348388920871442,1.26034907110738,1.05313276580951,13.6535148578431,0.522294205295699,0.264705882352941,0.735294117647059,102
"ISU_NiemiLab-SIR",2023-11-11,1.663411143601,1.17460411036847,21.135660724885,0.50337144069567,1.24699288241183,1.10678951648239,25.6586839019608,0.688378789103175,0.202614379084967,0.516339869281046,153
"ISU_NiemiLab-SIR",2023-11-18,1.61179252875119,1.23940204204207,29.0731815787924,0.605353687201218,1.1949457947488,1.08310076394247,34.0138690906863,0.797403869959752,0.196078431372549,0.431372549019608,204
"ISU_NiemiLab-SIR",2023-11-25,1.66639500601294,1.37865324232676,41.6707936638912,0.767841356991123,1.19342148212009,1.16585457226096,47.9020397189542,0.985887226323802,0.130718954248366,0.320261437908497,153
"ISU_NiemiLab-SIR",2023-12-02,1.565290393872,1.52457792438964,56.4075917484864,0.877432902332962,1.19172107693337,1.25851303371127,66.4002549901961,1.1083683494769,0.104575163398693,0.300653594771242,153
"ISU_NiemiLab-SIR",2023-12-09,1.41325696423791,1.51967589442233,58.1722263355324,0.77312528475092,1.21750252811726,1.34348457793628,74.7052145588235,1.0254837402376,0.0261437908496732,0.457516339869281,153
"ISU_NiemiLab-SIR",2023-12-16,1.09884125013058,1.38431914006671,67.041085433134,0.705313114570428,1.09268615904925,1.29008087107493,92.6981956960784,0.952870532052359,0.0588235294117647,0.437908496732026,153
"ISU_NiemiLab-SIR",2023-12-23,1.00477681231312,1.24296173442624,152.404680066191,1.05405584132909,0.979259753570046,1.14288730173448,184.983225035948,1.31772742296809,0.0261437908496732,0.169934640522876,153
"ISU_NiemiLab-SIR",2023-12-30,0.909072089122841,1.08477203800287,220.861854437289,1.14711261028369,0.917029862793425,1.03268601379142,261.63395,1.41179232851515,0.00980392156862745,0.0980392156862745,102
"ISU_NiemiLab-SIR",2024-01-06,0.888263874558496,1.07116961268083,99.6130821757478,0.540782357411181,0.957784851931485,1.0609793560084,137.537117843137,0.72020758360251,0.225490196078431,0.588235294117647,102
"ISU_NiemiLab-SIR",2024-01-13,1.56630096827754,1.84418144341838,98.325943979879,0.412270303546282,1.6059073982612,1.816978296836,140.884227205882,0.564842603128703,0.284313725490196,0.607843137254902,102
"ISU_NiemiLab-SIR",2024-01-20,1.30260856646551,1.2871456086756,85.3164678649324,0.349623892943773,1.35682310315744,1.28486612136276,123.224420065359,0.480780866716818,0.366013071895425,0.73202614379085,153
"ISU_NiemiLab-SIR",2024-01-27,1.34479521483614,1.33660707894642,96.7975090974145,0.356022263964776,1.38948902050184,1.34453822045809,137.755528946078,0.493614169387373,0.367647058823529,0.740196078431373,204
"ISU_NiemiLab-SIR",2024-02-03,1.09607677771423,1.19345546960754,80.38065161457,0.385414217125716,1.10334363385182,1.22327951125119,113.971086140523,0.546925023809412,0.352941176470588,0.718954248366013,153
"ISU_NiemiLab-SIR",2024-02-10,1.60547980067335,1.49581060804526,82.0736482600522,0.374567783929307,1.61956880801422,1.50247810988327,122.352891883117,0.548391125342784,0.350649350649351,0.772727272727273,154
"ISU_NiemiLab-SIR",2024-02-17,2.25484217421762,2.19280774165553,86.1291815337158,0.470750544358803,2.07780240676671,2.08936668127269,119.588954042208,0.66412302377515,0.311688311688312,0.688311688311688,154
"ISU_NiemiLab-SIR",2024-02-24,2.17329413928413,2.45339609902838,89.3852834164502,0.566961401269753,1.98926120533355,2.39594518798749,116.426752402913,0.767725592632591,0.310679611650485,0.650485436893204,103
"ISU_NiemiLab-SIR",2024-03-02,2.62306315341747,3.01062790134649,96.5898483833054,0.649888485457295,2.33694230744268,2.91356314783771,123.786688733766,0.871009271737655,0.279220779220779,0.616883116883117,154
"ISU_NiemiLab-SIR",2024-03-09,3.13202376866906,3.64070722620385,81.8800409468634,0.663895127761961,2.72915551331994,3.3484055417898,107.799726045752,0.876522995751343,0.326797385620915,0.61437908496732,153
"ISU_NiemiLab-SIR",2024-03-16,1.40301968620197,2.87557417017539,50.4390732479341,0.622011085868304,1.34344941510211,2.72223041117674,74.5715910784314,0.879234812432344,0.274509803921569,0.673202614379085,153
"ISU_NiemiLab-SIR",2024-03-23,0.78089730264419,1.81039998537218,36.1020994479399,0.575640382002929,0.792063703683621,1.77095155768345,55.1933837156863,0.806720720312946,0.359477124183007,0.784313725490196,153
"ISU_NiemiLab-SIR",2024-03-30,0.930184296424012,2.11697228220842,33.7669308118545,0.589282294167901,0.968491060315506,2.2446532677169,52.8124790980392,0.900586714647601,0.359477124183007,0.823529411764706,153
"ISU_NiemiLab-SIR",2024-04-06,1.142727763804,2.39718893485595,33.5068731192491,0.670491600579305,1.17191977064018,2.47248185931054,51.5075051911765,1.00135244374146,0.401960784313726,0.774509803921569,102
"ISU_NiemiLab-SIR",2024-04-13,1.01999722410135,1.74631483671413,24.5469950077806,0.621892554821709,1.08536461962606,1.88404622367695,38.3016027352941,0.9568657090425,0.568627450980392,0.882352941176471,51
"ISU_NiemiLab-SIR",2024-04-20,0.771138272308599,1.23554266267051,18.4582429953394,0.446425404121402,0.824302157055886,1.23880864006006,29.3057799124284,0.657261097509775,0.533980582524272,0.922330097087379,103
"ISU_NiemiLab-SIR",2024-04-27,1.10366779223266,1.12161989519059,24.0639720539915,0.428958934718013,1.13788208159881,1.15634518169629,37.622062026642,0.63991665526969,0.519230769230769,0.942307692307692,52
"ISU_NiemiLab-SIR",2024-05-04,0.922961267383904,1.07900405478601,25.9057342875234,0.650278741041678,0.86621861578113,1.00435333061589,39.8451206552239,0.97340428481716,0.442307692307692,0.923076923076923,52
"ISU_NiemiLab-SIR",2024-05-11,0.839183579547537,1.04919797921336,27.6448779786029,1.04088602943769,0.782711049174255,0.966663790320179,43.7100098746478,1.64113738756539,0.442307692307692,0.923076923076923,52
"JHU_CSSE-CSSE_Ensemble",2024-01-13,0.836196317078736,0.805838663338867,36.3641189130435,0.130535632583689,1.00852372995193,0.928116088090407,60.495,0.207767632464317,0.44,0.9,50
"JHU_CSSE-CSSE_Ensemble",2024-01-20,0.911076829018337,0.955053461817675,42.5618909076087,0.198671679230944,0.999189264987369,1.02240177649959,64.9,0.292518569864289,0.31,0.74,100
"JHU_CSSE-CSSE_Ensemble",2024-01-27,0.882711538933347,0.972647328902666,50.6051935978261,0.211116767013992,0.929645951442254,1.04069738687158,72.8175,0.307674824926789,0.32,0.7,150
"JHU_CSSE-CSSE_Ensemble",2024-02-03,0.832564985760644,1.0007624719385,58.4547200570652,0.291841196230312,0.809141505381884,1.02384439576244,79.743125,0.40884371791901,0.28,0.66,200
"JHU_CSSE-CSSE_Ensemble",2024-02-10,1.24676559744492,1.29836349851431,64.4663650193735,0.318649776278734,1.11694862456029,1.24824328290716,85.40275,0.441979700457824,0.29,0.655,200
"JHU_CSSE-CSSE_Ensemble",2024-02-17,1.36395289659573,1.40666182467641,53.819202561107,0.305010513886864,1.22159504101836,1.37917469946054,72.999,0.438814058768702,0.245,0.72,200
"JHU_CSSE-CSSE_Ensemble",2024-02-24,1.08909284375905,1.11990141548321,44.5074353609102,0.255530989540293,1.07060933650312,1.16818139155904,64.13875,0.380560689389826,0.31,0.755,200
"JHU_CSSE-CSSE_Ensemble",2024-03-02,1.13908491275036,1.11466280663132,39.8422887373959,0.224872964237001,1.1745995584919,1.20606397336104,60.745,0.340819051795377,0.335,0.755,200
"JHU_CSSE-CSSE_Ensemble",2024-03-09,0.969474889655866,1.0279213793768,27.5536082009549,0.190391061222432,0.989298984137491,1.11170213007601,42.549,0.290334572759956,0.405,0.895,200
"JHU_CSSE-CSSE_Ensemble",2024-03-16,0.679759210570391,0.797868845527645,26.6962568142802,0.190174201617225,0.713243042931004,0.863686940045553,41.719625,0.293443438581404,0.435,0.895,200
"JHU_CSSE-CSSE_Ensemble",2024-03-23,0.691261383492622,0.786859236231541,29.9026535629535,0.228751497046377,0.716513743655332,0.832522702798801,45.707625,0.338512003072366,0.455,0.87,200
"JHU_CSSE-CSSE_Ensemble",2024-03-30,0.826299999707691,0.902253236031714,29.1047589391304,0.239032124540881,0.856956870775449,0.968911883885243,44.869625,0.361417761003449,0.46,0.895,200
"JHU_CSSE-CSSE_Ensemble",2024-04-06,0.757142024406399,0.900422904854689,19.8512956521739,0.233830933263689,0.768691751195073,0.936657986434673,30.955,0.353170175181222,0.595,0.955,200
"JHU_CSSE-CSSE_Ensemble",2024-04-13,0.697481128580429,0.869134148533824,16.7711217391304,0.28822260009609,0.742517653847471,0.928995419309024,26.36,0.441620264439814,0.49,0.955,200
"JHU_CSSE-CSSE_Ensemble",2024-04-20,0.704324945893352,0.831432883887579,19.0993217391304,0.311587541110816,0.719639935241097,0.881456948904878,29.935,0.495092751581108,0.51,0.95,200
"JHU_CSSE-CSSE_Ensemble",2024-04-27,0.803145657751578,0.935095341010893,20.5190891304348,0.397616472296119,0.822833073429938,1.01194943438154,31.88,0.626302647240785,0.4,0.88,200
"JHU_CSSE-CSSE_Ensemble",2024-05-04,0.708967348255053,0.830259985043123,18.1254804347826,0.479357016780488,0.668638304783649,0.816317117680603,27.84,0.750915647290163,0.465,0.9,200
"JHU_CSSE-CSSE_Ensemble",2024-05-11,0.627185107991738,0.819920137402618,16.8755449275362,0.772085377741258,0.578967016339844,0.744740024482326,25.9133333333333,1.17125270455652,0.473333333333333,0.866666666666667,150
"JHU_CSSE-CSSE_Ensemble",2024-05-18,0.546789266642555,0.860980413477758,12.2710054347826,0.803057967550209,0.500427126058264,0.718961231718784,18.8229166666667,1.17908103800142,0.552083333333333,0.927083333333333,96
"JHU_CSSE-CSSE_Ensemble",2024-05-25,0.594043417938662,0.8371324874593,11.8996014492754,0.71544666172619,0.57997834998382,0.741975547036068,19.4166666666667,1.17662830571935,0.5,0.958333333333333,48
"LUcompUncertLab-chimera",2023-10-14,4.34675866652083,2.41500457434785,24.2468914989447,0.8635278779093,5.49919446687809,2.58288134143831,34.8904712599989,1.19298094370943,0.0961538461538462,0.461538461538462,52
"LUcompUncertLab-chimera",2023-10-21,3.82145154435064,2.53510289055068,29.617705966841,0.97340540989888,4.22700755865934,3.35279599542805,38.9952876031887,1.49960035181994,0.201923076923077,0.538461538461538,104
"LUcompUncertLab-chimera",2023-10-28,3.53645742577922,2.01321969867083,33.9995425231738,0.852754028173019,3.84527707774183,2.34477637304738,45.2504608303577,1.12212166082794,0.288461538461538,0.58974358974359,156
"LUcompUncertLab-chimera",2023-11-04,2.19430949309986,1.54858372565165,21.1864790190823,0.63045203095369,2.17403739032833,1.73830470162749,30.8319896339639,0.89934473453152,0.33974358974359,0.724358974358974,156
"LUcompUncertLab-chimera",2023-11-11,1.57119568802231,1.19393665327622,22.7545773771179,0.531722222525678,1.39262974191853,1.20494460941538,32.3476256351946,0.772971389838924,0.294871794871795,0.685897435897436,156
"LUcompUncertLab-chimera",2023-11-18,1.20096583155907,0.970726557419381,23.4545331800446,0.445904576519309,1.01814955294847,0.98564391537027,31.3173076923077,0.682887423718418,0.365384615384615,0.756410256410256,156
"LUcompUncertLab-chimera",2023-11-25,1.1385256640924,0.906986595364076,23.2570513795987,0.3962248030842,0.930596043198487,0.918785013214507,31.2275641025641,0.614617892230905,0.352564102564103,0.788461538461538,156
"LUcompUncertLab-chimera",2023-12-02,0.954015364771045,0.804805726289471,29.1543855211817,0.378270209996639,0.834064786890458,0.769635728613012,40.3942307692308,0.559461363735657,0.237179487179487,0.673076923076923,156
"LUcompUncertLab-chimera",2023-12-09,0.737588650461787,0.756567269515993,29.6225344620959,0.353748942932638,0.680500655283965,0.671159398664287,41.0288461538462,0.47731230040998,0.346153846153846,0.705128205128205,156
"LUcompUncertLab-chimera",2023-12-16,0.653837312891203,0.763212905124696,40.3791008500557,0.373171441168058,0.659134364338305,0.636852806181683,56.9679487179487,0.456563759988208,0.256410256410256,0.743589743589744,156
"LUcompUncertLab-chimera",2023-12-23,0.645131489655024,0.721307129287275,88.0980433841973,0.518240093926845,0.692574896373563,0.660925995847457,118.899038461538,0.650625695547004,0.134615384615385,0.451923076923077,208
"LUcompUncertLab-chimera",2023-12-30,0.60036356133613,0.728609997305345,116.450233047659,0.55658859043171,0.650568285932735,0.635016393163773,150.03125,0.632897902906524,0.173076923076923,0.480769230769231,208
"LUcompUncertLab-chimera",2024-01-06,0.820427615082074,0.904897311803588,87.753508256689,0.400145877554157,0.899022957068983,0.70438075726635,124.771634615385,0.426929599871674,0.423076923076923,0.798076923076923,208
"LUcompUncertLab-chimera",2024-01-13,1.87806470730527,1.65809411785924,125.826323338211,0.403285450318801,2.12879224860835,1.33317512933642,199.033653846154,0.459742826977547,0.466346153846154,0.865384615384615,208
"LUcompUncertLab-chimera",2024-01-20,1.85779490608291,1.69762652360728,139.935156344064,0.485696336515348,2.11819702610887,1.47342363478533,220.872596153846,0.585465052535192,0.509615384615385,0.889423076923077,208
"LUcompUncertLab-chimera",2024-01-27,1.34357355051159,1.50417757290283,102.37814485786,0.393099144467026,1.44128825370541,1.21953834077289,155.286057692308,0.449953036839164,0.581730769230769,0.923076923076923,208
"LUcompUncertLab-chimera",2024-02-03,0.94368404392774,1.29878890551616,62.8949536475752,0.360872164339113,0.960885589242754,1.07736304458771,90.25,0.41577144949067,0.649038461538462,0.918269230769231,208
"LUcompUncertLab-chimera",2024-02-10,1.04662721254063,1.52660209842888,51.1266663252509,0.362649536207978,1.06420681046782,1.30917780539423,77.3149038461538,0.456651128201713,0.524038461538462,0.942307692307692,208
"LUcompUncertLab-chimera",2024-02-17,1.21926267705405,1.76182554562312,46.2754071070234,0.375571092471808,1.23934917950935,1.56074855287055,71.5072115384615,0.491961516808216,0.495192307692308,0.918269230769231,208
"LUcompUncertLab-chimera",2024-02-24,1.16425312208407,1.61618350280574,45.8087861935619,0.359384610520578,1.2280018275745,1.50038009030148,71.0168269230769,0.478549257310411,0.423076923076923,0.951923076923077,208
"LUcompUncertLab-chimera",2024-03-02,1.30918805868729,1.88248714388081,43.5378477320234,0.366794449521983,1.40219654360919,1.79947580376182,68.1971153846154,0.483490453429715,0.427884615384615,0.9375,208
"LUcompUncertLab-chimera",2024-03-09,1.19072693159863,1.74068282558425,32.7169138586956,0.325344059127813,1.14627247058296,1.52103734873511,47.1875,0.399962406335031,0.591346153846154,0.956730769230769,208
"LUcompUncertLab-chimera",2024-03-16,0.73472625337329,1.37461940389487,28.4036028846154,0.327528264485425,0.654727750491789,1.10563949864783,37.6514423076923,0.380438155022204,0.605769230769231,0.961538461538462,208
"LUcompUncertLab-chimera",2024-03-23,0.597004858126175,1.11516374600392,25.2964682483277,0.32311693203833,0.532625932498125,0.945847279561449,33.2620192307692,0.387022782213172,0.620192307692308,0.971153846153846,208
"LUcompUncertLab-chimera",2024-03-30,0.618055346629578,1.14363341414685,21.1471827132107,0.301435729945009,0.55029483368233,0.897310528828747,27.9014423076923,0.331854397257491,0.677884615384615,0.985576923076923,208
"LUcompUncertLab-chimera",2024-04-06,0.750453671907098,1.21938536056081,19.4029483068562,0.317637145030675,0.704004183219095,0.988544406687344,27.7884615384615,0.369431366569504,0.620192307692308,0.995192307692308,208
"LUcompUncertLab-chimera",2024-04-13,0.688252058792308,1.00977042123836,15.8647363294314,0.328893637935376,0.678999786071029,0.864233101146499,22.9711538461538,0.397329571695606,0.682692307692308,0.990384615384615,208
"LUcompUncertLab-chimera",2024-04-20,0.489630203041674,0.848842155093548,12.6394659385451,0.311250040553704,0.413497606479911,0.63455642913465,16.0432692307692,0.340493974510493,0.822115384615385,0.995192307692308,208
"LUcompUncertLab-chimera",2024-04-27,0.518107968002734,0.931591817311092,12.5167282922241,0.388136561663302,0.485494124533515,0.870605755795694,17.6322115384615,0.522752640279417,0.625,0.990384615384615,208
"LUcompUncertLab-chimera",2024-05-04,0.417709054567811,0.71088573302162,10.3462226588629,0.406903018018365,0.356710552275623,0.654845640834958,14.3605769230769,0.595833919230712,0.682692307692308,0.975961538461538,208
"LUcompUncertLab-chimera",2024-05-11,0.419373722874435,0.767890494274294,10.9971226727982,0.708212062198424,0.392677042160648,0.709784144907161,17.1666666666667,1.09443384337785,0.538461538461538,0.91025641025641,156
"LosAlamos_NAU-CModel_Flu",2023-10-21,1.05354386201529,1.11514411734356,7.83567823944351,0.430607980514816,1.17505372010961,1.37141106800486,10.6500761204667,0.632041323733042,0.230769230769231,0.615384615384615,52
"LosAlamos_NAU-CModel_Flu",2023-10-28,1.11577138549005,1.01841429169598,9.18621989402937,0.408839517971792,1.10506165162794,1.19172754810313,11.7416299718572,0.541218039078973,0.317307692307692,0.653846153846154,104
"LosAlamos_NAU-CModel_Flu",2023-11-04,1.41415014183112,0.958114545285721,14.3465226516305,0.395651390902,1.14797252286879,1.03067668430133,17.1831339105284,0.539812997151121,0.294871794871795,0.596153846153846,156
"LosAlamos_NAU-CModel_Flu",2023-11-11,1.52562022670775,1.16487127318419,23.8445638665649,0.553290273731613,1.11229071144751,1.06796376144613,27.6081999345716,0.719598631520786,0.192307692307692,0.475961538461538,208
"LosAlamos_NAU-CModel_Flu",2023-11-18,1.67570792784166,1.2421062950681,35.4902233524952,0.607777873727811,1.20816572124573,1.06338257742123,40.1777836863931,0.782167461174386,0.158653846153846,0.394230769230769,208
"LosAlamos_NAU-CModel_Flu",2023-11-25,1.85807757313212,1.39372826659092,45.6255677266884,0.691246724361058,1.31647825773081,1.15059259447893,51.8789730215132,0.865759648874587,0.100961538461538,0.317307692307692,208
"LosAlamos_NAU-CModel_Flu",2023-12-02,1.7191085005842,1.53164630528741,63.0016028368058,0.827249515331931,1.24385151729852,1.21122600182653,70.9970863848736,1.00448939215787,0.0769230769230769,0.173076923076923,208
"LosAlamos_NAU-CModel_Flu",2023-12-09,1.46932913939937,1.55007885042927,68.4914487169411,0.81979491531861,1.11029215270611,1.23564713615261,77.3773903099982,0.985962406367381,0.101449275362319,0.260869565217391,207
"LosAlamos_NAU-CModel_Flu",2023-12-16,1.01130234925177,1.26604483401313,76.2145426166434,0.760827808246757,0.8558923235776,1.04890096312146,88.4483114697694,0.913529938744643,0.1256038647343,0.420289855072464,207
"LosAlamos_NAU-CModel_Flu",2023-12-23,0.752782822306792,0.98797360001001,105.550465451105,0.742654580584329,0.709412509364088,0.864562905698041,124.627293502704,0.884140119461136,0.178743961352657,0.36231884057971,207
"LosAlamos_NAU-CModel_Flu",2023-12-30,0.512455007794147,0.693259082285887,102.499670929572,0.551272607734258,0.534614160610735,0.650779761125264,128.690043614147,0.674998190157607,0.217391304347826,0.560386473429952,207
"LosAlamos_NAU-CModel_Flu",2024-01-06,1.11442414774355,0.920674198715532,119.172659274788,0.413646978138179,1.11829810499818,0.850559672424677,155.370361531391,0.517666583138831,0.201923076923077,0.552884615384615,208
"LosAlamos_NAU-CModel_Flu",2024-01-13,4.5408597126653,2.98719503216746,296.996559847345,0.725291174294106,4.00149949687871,2.56052901785076,362.961941173187,0.862861612893979,0.0576923076923077,0.25,208
"LosAlamos_NAU-CModel_Flu",2024-01-20,7.03288785656822,3.98779798790665,525.39259128415,1.14990181157914,6.0828909933474,3.3259249635523,622.20561619017,1.30379989334059,0.00961538461538462,0.0576923076923077,208
"LosAlamos_NAU-CModel_Flu",2024-01-27,8.70565171993345,4.71559930806449,745.739915948969,1.39368590351075,7.43133650231118,3.83877786500934,881.454520861629,1.56605825076943,0,0.0448717948717949,156
"LosAlamos_NAU-CModel_Flu",2024-02-03,9.10588223281546,4.13261024313595,602.37561576823,1.15402714475608,7.9412823030712,3.43265508526145,735.290842985081,1.31102156082368,0.0897435897435897,0.224358974358974,156
"LosAlamos_NAU-CModel_Flu",2024-02-10,7.24606970335078,3.42611364996757,329.566361765645,0.757608953184811,6.14852064445833,2.84526973108328,415.06515211746,0.907588129210707,0.121794871794872,0.326923076923077,156
"LosAlamos_NAU-CModel_Flu",2024-02-17,1.78098418092643,2.23142119203993,60.2367229371703,0.429482762456371,1.52983112806652,2.03268260777328,77.6233910077488,0.568908837887226,0.115384615384615,0.455128205128205,156
"LosAlamos_NAU-CModel_Flu",2024-02-24,1.83066175326276,2.2612869098614,75.0598762587456,0.527260942060973,1.56300442962377,2.07457462512545,92.8608547560239,0.681088534435694,0.144230769230769,0.418269230769231,208
"LosAlamos_NAU-CModel_Flu",2024-03-02,2.14880779498815,2.67188540962108,73.6705824769414,0.535001201762037,1.86316346042174,2.56816183862147,92.4453898617092,0.705014177797574,0.0961538461538462,0.394230769230769,208
"LosAlamos_NAU-CModel_Flu",2024-03-09,1.78095160746508,2.27463320150239,49.9203173197421,0.436400015637892,1.63220544153191,2.2415052179025,67.5297995484509,0.592892068312318,0.134615384615385,0.519230769230769,208
"LosAlamos_NAU-CModel_Flu",2024-03-16,0.805839182627409,1.38372635227554,30.6423375704908,0.329667821194587,0.799275688671879,1.40222709567221,44.879516711757,0.47158283511717,0.1875,0.586538461538462,208
"LosAlamos_NAU-CModel_Flu",2024-03-23,0.790327779357424,1.15378393061206,32.5162501461178,0.331329384241452,0.739337308155221,1.17800993055965,44.7084970333796,0.471128915548494,0.256038647342995,0.589371980676328,207
"LosAlamos_NAU-CModel_Flu",2024-03-30,0.926915321439541,1.13544503536812,30.9213832121962,0.295847973439364,0.873667904195849,1.17675724053131,43.2561614935967,0.429633299029944,0.314009661835749,0.63768115942029,207
"LosAlamos_NAU-CModel_Flu",2024-04-06,1.07749171108513,1.00376101007323,26.8543627923152,0.255219609814285,0.982436558131716,1.03827932030118,37.2671239774834,0.379291753917016,0.400966183574879,0.72463768115942,207
"LosAlamos_NAU-CModel_Flu",2024-04-13,1.33538758562189,1.10456677913907,30.0200399683905,0.352818624464411,1.25392945168133,1.11691679372975,41.5971863130837,0.506618213955461,0.285024154589372,0.594202898550725,207
"LosAlamos_NAU-CModel_Flu",2024-04-20,1.46231825009373,1.18738280379095,37.9362082770982,0.426922331818763,1.27051019703893,1.09727156194956,50.0736181163944,0.582844417342725,0.240384615384615,0.528846153846154,208
"LosAlamos_NAU-CModel_Flu",2024-04-27,1.32058789781175,1.22894943968803,31.6021224639409,0.497365862154156,1.15714371567975,1.14364235350173,41.715953526692,0.664898736184994,0.259615384615385,0.480769230769231,208
"LosAlamos_NAU-CModel_Flu",2024-05-04,1.22892256381837,1.23132944414265,31.694421716516,0.712816715793422,0.983954908970943,1.0053390103495,40.7554943213663,0.914066108482086,0.192307692307692,0.399038461538462,208
"LosAlamos_NAU-CModel_Flu",2024-05-11,1.22500796153529,1.3345550230282,34.1772455853882,1.28272848680073,0.894036512623488,0.923041142575221,42.0236663750774,1.49492675182793,0.141025641025641,0.294871794871795,156
"LosAlamos_NAU-CModel_Flu",2024-05-18,0.933140941932105,1.21128157488274,21.6652627869578,1.15206429612618,0.716007526620452,0.837120572461303,27.726021504642,1.39510622563225,0.15,0.3,100
"LosAlamos_NAU-CModel_Flu",2024-05-25,0.846624389213371,1.26693554608929,18.1018915822381,1.14716874188026,0.67187449092285,0.851682452222421,24.2051171971617,1.43407893537824,0.18,0.4,50
"MIGHTE-Nsemble",2023-10-14,0.876211103591598,0.870107163561626,5.10894512354471,0.31895108588411,1.13051325252496,1.07555036220666,7.45576252286962,0.510953270418435,0.615384615384615,1,52
"MIGHTE-Nsemble",2023-10-21,0.865189921166245,0.794806900518197,6.89665894163803,0.312760245265627,1.02497939307211,0.956788446292773,10.0665860682129,0.453787616783088,0.692307692307692,0.961538461538462,104
"MIGHTE-Nsemble",2023-10-28,0.991911925139484,0.849245077869994,9.6837180242468,0.379189061550521,1.14573456121402,1.08659135110244,14.5038987211081,0.57052075657857,0.621794871794872,0.942307692307692,156
"MIGHTE-Nsemble",2023-11-04,1.02135934091228,0.784439670171783,12.4888211841204,0.362498835999934,1.05708885266501,0.937268083080211,18.7884763191246,0.556823693833804,0.591346153846154,0.966346153846154,208
"MIGHTE-Nsemble",2023-11-11,0.77549457639241,0.618702727494144,12.5440189633732,0.299017886211083,0.777695724770391,0.627263927201089,19.8803844117966,0.429476243086681,0.658653846153846,0.980769230769231,208
"MIGHTE-Nsemble",2023-11-18,0.740107805096594,0.660792288449197,15.8942163324899,0.33353973545125,0.746967990983504,0.686322194248143,24.9438256295002,0.517680079608662,0.533653846153846,0.966346153846154,208
"MIGHTE-Nsemble",2023-11-25,0.67823934771715,0.613043270507335,16.6037317716478,0.309013920549435,0.669621205231707,0.633246275425786,25.7690689508405,0.478437437460419,0.576923076923077,0.966346153846154,208
"MIGHTE-Nsemble",2023-12-02,0.628291909082787,0.560498809051681,22.8341729833648,0.306083200008012,0.651580870470338,0.570093645351023,36.5180857289484,0.476738316937006,0.514423076923077,0.961538461538462,208
"MIGHTE-Nsemble",2023-12-09,0.590091676848462,0.52289567553029,26.737001262887,0.276030011299152,0.588116093375256,0.51634180623254,40.2550441419823,0.410411095761529,0.620192307692308,0.9375,208
"MIGHTE-Nsemble",2023-12-16,0.552273501227336,0.467511952941249,38.5588791482869,0.270066845160554,0.609110274452473,0.480608481841847,59.1030227741747,0.404860691288963,0.572115384615385,0.927884615384615,208
"MIGHTE-Nsemble",2023-12-23,0.484460121346213,0.435975264937445,68.2944870410012,0.325315409417465,0.587071985204595,0.486270561011502,105.229190914975,0.499537233975871,0.399038461538462,0.836538461538462,208
"MIGHTE-Nsemble",2023-12-30,0.541268559015247,0.437065052062922,108.200081278565,0.346029756856895,0.655079674666222,0.500451020893253,157.558044416443,0.518037621978542,0.355769230769231,0.783653846153846,208
"MIGHTE-Nsemble",2024-01-06,0.643034450521041,0.528105657908726,71.2842912943891,0.24480007020543,0.752189240549142,0.592029042481036,108.51265377282,0.372253387368269,0.490384615384615,0.889423076923077,208
"MIGHTE-Nsemble",2024-01-13,0.883212172421974,0.834137418309208,58.3727045045839,0.205753261890182,1.04882030001409,0.98228300944469,96.0906457148511,0.333631068611591,0.504807692307692,0.966346153846154,208
"MIGHTE-Nsemble",2024-01-20,0.909586147515047,0.974673994179434,67.8046019205375,0.285489817590545,1.06631814103128,1.15770236406639,109.260416836361,0.462129393403916,0.365384615384615,0.899038461538462,208
"MIGHTE-Nsemble",2024-01-27,0.867586135956894,0.977499322834348,65.3170988474732,0.261749320713666,1.00012516705858,1.15335341059962,103.675308780681,0.424431823428264,0.423076923076923,0.913461538461538,208
"MIGHTE-Nsemble",2024-02-03,0.811813585664786,0.847789109633967,53.2109943934444,0.239222390621405,0.900418461430221,0.988124566034567,83.0003999986666,0.384121560369163,0.504807692307692,0.942307692307692,208
"MIGHTE-Nsemble",2024-02-10,0.880025268128271,0.900849769511887,42.5984832242743,0.215130359529602,0.929568148388243,0.9738931182942,66.6835389100675,0.336060205029117,0.548076923076923,0.975961538461538,208
"MIGHTE-Nsemble",2024-02-17,1.04182922176077,1.298396716678,39.3033297999779,0.270076284232128,1.0484622047146,1.30308306535652,60.1792787988343,0.399983134602394,0.5,0.932692307692308,208
"MIGHTE-Nsemble",2024-02-24,1.20503610008996,1.38688068896097,47.1403118814318,0.308790308404212,1.23115207936002,1.42951055753363,71.3244555197561,0.454738947680257,0.471153846153846,0.918269230769231,208
"MIGHTE-Nsemble",2024-03-02,1.63968142807989,2.0280368355823,55.1534998286267,0.392804875300734,1.74743713611555,2.16619817641765,86.7262436017621,0.586711600466383,0.379807692307692,0.860576923076923,208
"MIGHTE-Nsemble",2024-03-09,1.47472847560684,1.67562848542132,40.2353976156542,0.316645713429308,1.49744184296879,1.79390176248929,62.3390702339112,0.481984821093198,0.5,0.913461538461538,208
"MIGHTE-Nsemble",2024-03-16,0.733162640463574,1.00901877041741,27.4747132918165,0.239761339886182,0.748746492077355,1.06408935429545,41.8593165900574,0.361008567874356,0.639423076923077,0.975961538461538,208
"MIGHTE-Nsemble",2024-03-23,0.624524979011488,0.800778355423636,25.7533681364898,0.231632238128827,0.621768957806725,0.834195697183973,37.9400781984342,0.338151620727259,0.629807692307692,0.961538461538462,208
"MIGHTE-Nsemble",2024-03-30,0.665158666780746,0.792305631234803,22.3618551665266,0.209361733087064,0.611960661553716,0.803949039550993,30.5949294677145,0.298611283171964,0.668269230769231,0.985576923076923,208
"MIGHTE-Nsemble",2024-04-06,0.732595712248176,0.774708484743463,18.6544104054036,0.202110418503151,0.682836395435744,0.792844412244748,26.664279523639,0.298340488543156,0.754807692307692,0.990384615384615,208
"MIGHTE-Nsemble",2024-04-13,0.647253991456022,0.723097701899451,15.0364409657827,0.237504680101954,0.53340310788621,0.691444925546289,18.6456777047402,0.328248592424744,0.725961538461538,0.980769230769231,208
"MIGHTE-Nsemble",2024-04-20,0.567264884032187,0.689693624939407,14.7228658047842,0.253917472538725,0.516843634449986,0.672539230638711,20.8276390690921,0.37436730257954,0.677884615384615,0.975961538461538,208
"MIGHTE-Nsemble",2024-04-27,0.566185330266806,0.67872828055498,13.763880728818,0.280318645674474,0.542596340267342,0.707899796666487,20.0097667530286,0.426902773990752,0.644230769230769,0.975961538461538,208
"MIGHTE-Nsemble",2024-05-04,0.590232753492482,0.749242616464017,14.7689625233087,0.43029101960401,0.552763544541186,0.751287677580972,22.5784672492243,0.686279625534367,0.4375,0.927884615384615,208
"MIGHTE-Nsemble",2024-05-11,0.625945926939643,0.840771108222627,16.4265635843606,0.77390358768689,0.570415489157878,0.750258707828922,24.9293253742492,1.15473113623842,0.365384615384615,0.788461538461538,156
"MIGHTE-Nsemble",2024-05-18,0.658523821194854,0.868292341603313,14.3672976086359,0.79827874203857,0.604935381804232,0.757318109848869,22.2033030026168,1.22520547310168,0.34,0.86,100
"MIGHTE-Nsemble",2024-05-25,0.674229460436504,0.864959914511185,13.5428480618878,0.751038071676322,0.608208400931326,0.724684739273924,20.466561511597,1.16209768778166,0.42,0.84,50
"MOBS-GLEAM_FLUH",2023-10-14,1.6330908582608,1.2301330968186,8.79494146632566,0.443999986185789,2.01934647673896,1.51646641491097,12.2748235294118,0.702519183697787,0.411764705882353,0.901960784313726,51
"MOBS-GLEAM_FLUH",2023-10-21,1.70576040332103,1.23920981316541,12.361521602728,0.473129252720349,1.92084355230321,1.47087510120881,16.5635490196078,0.667699611684291,0.42156862745098,0.754901960784314,102
"MOBS-GLEAM_FLUH",2023-10-28,1.35754097829675,0.91004111982134,13.4828876243251,0.415865774155706,1.35470347194533,1.21664680954235,16.2036928104575,0.64268040211732,0.42483660130719,0.862745098039216,153
"MOBS-GLEAM_FLUH",2023-11-04,1.35668859608725,0.849340815695833,18.7345148039216,0.410160407939555,1.15289064585286,1.06466344495285,20.6378970588235,0.65391771116211,0.411764705882353,0.867647058823529,204
"MOBS-GLEAM_FLUH",2023-11-11,0.80845385364997,0.708891763121422,12.6571208141517,0.341263024764614,0.722924730225804,0.766819400336314,17.9994166666667,0.528064658446281,0.441176470588235,0.833333333333333,204
"MOBS-GLEAM_FLUH",2023-11-18,0.842749162643874,0.789898224113755,17.4873182757886,0.39454045232089,0.77837710035978,0.807565859068962,25.3116078431373,0.604679226776146,0.308823529411765,0.769607843137255,204
"MOBS-GLEAM_FLUH",2023-11-25,0.862299508708414,0.842543194230186,20.8162803132992,0.428433179517059,0.758833405030585,0.801219527458431,29.1137205882353,0.615238806930415,0.377450980392157,0.75,204
"MOBS-GLEAM_FLUH",2023-12-02,0.738456125936297,0.800252042838855,27.0636857225064,0.451149994163679,0.736886733577137,0.786882885292267,41.7128921568627,0.674620690828455,0.225490196078431,0.666666666666667,204
"MOBS-GLEAM_FLUH",2023-12-09,0.649772581157439,0.800093773942894,30.0678156265985,0.435089252853199,0.649004390282441,0.768880219345357,45.4742450980392,0.632192865170035,0.269607843137255,0.730392156862745,204
"MOBS-GLEAM_FLUH",2023-12-16,0.54343252719206,0.653526853864182,39.6674906939387,0.399702866314567,0.579683210152137,0.629072411409208,60.3046995073892,0.566526866947264,0.374384236453202,0.738916256157635,203
"MOBS-GLEAM_FLUH",2023-12-23,0.428409929542066,0.524306225613532,61.2572919835605,0.39992677508252,0.508979018852337,0.544220851772074,91.7975323383085,0.566021651021502,0.348258706467662,0.73134328358209,201
"MOBS-GLEAM_FLUH",2023-12-30,0.474078368595005,0.466727513518026,95.6485151979234,0.365097059498048,0.616804354757084,0.534305453594604,150.891641791045,0.548007936655833,0.303482587064677,0.796019900497512,201
"MOBS-GLEAM_FLUH",2024-01-06,0.710959956822804,0.562534168367074,78.1203570408825,0.256351239645376,0.819886941645966,0.636337939811468,119.004288557214,0.39724726674574,0.522388059701492,0.920398009950249,201
"MOBS-GLEAM_FLUH",2024-01-13,1.1331704892351,0.945213423858264,75.7613969005596,0.233524781860903,1.30339958808658,1.11570580374474,121.004950495049,0.38065978061847,0.495049504950495,0.975247524752475,202
"MOBS-GLEAM_FLUH",2024-01-20,1.16459020010983,1.09221336821377,88.4174339300938,0.323504755909361,1.35905290645466,1.28406196539412,141.588235294118,0.515829355240547,0.397058823529412,0.906862745098039,204
"MOBS-GLEAM_FLUH",2024-01-27,0.990928476103664,1.02313699954207,75.385544644075,0.275267974768662,1.15321075341919,1.17445257595976,120.965921568627,0.435170877892007,0.42156862745098,0.911764705882353,204
"MOBS-GLEAM_FLUH",2024-02-03,0.814553017248144,0.824436865275017,53.9474910230179,0.232458499627358,0.89761889806609,0.940482226788998,83.4832009803922,0.36403614190914,0.431372549019608,0.906862745098039,204
"MOBS-GLEAM_FLUH",2024-02-10,1.08146625147442,1.03871950370874,53.6611994565217,0.250975112831656,1.09784395271257,1.10991020501212,80.4239264705882,0.386255687669653,0.397058823529412,0.808823529411765,204
"MOBS-GLEAM_FLUH",2024-02-17,1.33295006216122,1.28834043922304,51.3057323614663,0.278099039280379,1.33380353159272,1.37261246519166,77.742862745098,0.434507506006082,0.274509803921569,0.794117647058823,204
"MOBS-GLEAM_FLUH",2024-02-24,1.6959501002698,1.68832591437264,69.3523909548167,0.391357428026491,1.61072753806136,1.75606660713991,96.9827058823529,0.582638769232533,0.166666666666667,0.612745098039216,204
"MOBS-GLEAM_FLUH",2024-03-02,2.32847715724155,2.47205347744333,82.0711602077533,0.51176133105636,2.05527304654586,2.47338984224671,106.665467980296,0.714312426393361,0.152709359605911,0.502463054187192,203
"MOBS-GLEAM_FLUH",2024-03-09,2.20753970350607,2.41665749838296,62.7548445298779,0.476255268457281,1.92131791243718,2.36519913989221,81.9865812807882,0.654614476450449,0.315270935960591,0.610837438423645,203
"MOBS-GLEAM_FLUH",2024-03-16,0.874823645162766,1.42723197625791,34.6857051488541,0.354946824964441,0.814095177577531,1.44218286330924,48.3380886699507,0.515633913674946,0.280788177339901,0.704433497536946,203
"MOBS-GLEAM_FLUH",2024-03-23,0.462896974108211,0.839885165145301,19.9374040993789,0.254601769133215,0.458226935451221,0.882351015335521,29.4644334975369,0.378606293667147,0.374384236453202,0.807881773399015,203
"MOBS-GLEAM_FLUH",2024-03-30,0.420000511273797,0.696123961242308,14.7735063832055,0.18880793482536,0.449918118375734,0.763729404877832,23.5072549019608,0.291110397632849,0.382352941176471,0.848039215686274,204
"MOBS-GLEAM_FLUH",2024-04-06,0.662613808260638,0.834647131687884,17.802147440324,0.223067296090018,0.637139048114469,0.872939426057049,25.9997598039216,0.334503087564171,0.279411764705882,0.735294117647059,204
"MOBS-GLEAM_FLUH",2024-04-13,0.638705128293437,0.703404354553564,14.701928331202,0.227883223150944,0.631092997984549,0.748748035800251,21.4826862745098,0.345671134644846,0.32843137254902,0.759803921568627,204
"MOBS-GLEAM_FLUH",2024-04-20,0.302067209195102,0.497965643447491,7.79143316496164,0.182371292630816,0.307370733238501,0.523230825585135,12.113931372549,0.284502893569062,0.475490196078431,0.906862745098039,204
"MOBS-GLEAM_FLUH",2024-04-27,0.310419542044744,0.490013894435624,7.41670488064791,0.200646362100658,0.297027165814538,0.514704794587547,10.6949264705882,0.304567198745147,0.509803921568627,0.892156862745098,204
"MOBS-GLEAM_FLUH",2024-05-04,0.361350513877184,0.519223318949844,9.21829516410912,0.301105352071028,0.340776780403498,0.486756213667343,14.1416666666667,0.448095254509486,0.431372549019608,0.808823529411765,204
"MOBS-GLEAM_FLUH",2024-05-11,0.565530743880479,0.898788771180597,15.1559710144928,0.837694252596978,0.466656849365892,0.685408278614489,20.8867712418301,1.07330927557726,0.215686274509804,0.549019607843137,153
"MOBS-GLEAM_FLUH",2024-05-18,0.614437197756155,0.919743351676115,13.7316669609583,0.856627339522206,0.513151331108213,0.68053080571976,19.2328673469388,1.11833470126412,0.204081632653061,0.520408163265306,98
"MOBS-GLEAM_FLUH",2024-05-25,0.6687919552082,1.00146530721728,13.4158026974268,0.850788180242907,0.544095041207838,0.6879211395197,18.297,1.09092761741568,0.224489795918367,0.551020408163265,49
"NIH-Flu_ARIMA",2023-10-14,0.846500044525504,0.831610446137783,4.94714521715427,0.288038548685226,0.897347621462906,0.942488123822089,5.96186890770488,0.413683915114076,0.545454545454545,1,11
"NIH-Flu_ARIMA",2023-10-21,0.789988542313588,0.733491114707314,4.8163544964871,0.296239374332674,0.60798727390524,0.764878027375632,3.96593683141099,0.362616134545694,0.782608695652174,0.956521739130435,23
"NIH-Flu_ARIMA",2023-10-28,0.850781200223278,0.660809820704851,6.31891394529163,0.26775350074604,0.792249674551028,0.842561228581273,6.81015186479575,0.385808802340411,0.657142857142857,1,35
"NIH-Flu_ARIMA",2023-11-04,0.904501686069438,0.68046771890642,8.43148800409788,0.282597365571414,0.756491116436961,0.799374005422154,9.4086315603228,0.406047549259664,0.638297872340426,0.978723404255319,47
"NIH-Flu_ARIMA",2023-11-11,0.872017059723634,0.699370273240474,17.9328454199295,0.373914055680693,0.899259683888491,0.820254232678636,28.3385533614422,0.605225374586125,0.458333333333333,1,48
"NIH-Flu_ARIMA",2023-11-18,0.947557566689022,0.86063391086922,30.0913763826906,0.502823840828016,1.03065618496817,1.01704874368579,49.9495598750905,0.862780269272836,0.229166666666667,0.958333333333333,48
"NIH-Flu_ARIMA",2023-11-25,0.985931449562922,0.893818060898974,42.3396130674242,0.58944739021131,1.02617048943314,0.987509136621178,68.4720946088367,0.956668111295311,0.277777777777778,0.888888888888889,36
"NIH-Flu_ARIMA",2023-12-02,0.981866123059037,0.928748757152084,73.1752038380896,0.732502510850385,1.04804699582095,1.04590318096926,116.835308604129,1.2174081996605,0.0833333333333333,0.958333333333333,24
"NIH-Flu_ARIMA",2023-12-09,1.02212636219427,1.07629134302851,106.080545774338,0.946853797928749,1.11637223534901,1.19210749447702,167.854018732934,1.51983551939854,0,0.833333333333333,12
"NIH-Flu_ARIMA",2023-12-16,1.09208800986752,1.10099896589225,75.0501271148154,0.337014287354912,1.41548180208786,1.42588951481583,132.140946385992,0.628366651443457,0,0.916666666666667,12
"NIH-Flu_ARIMA",2023-12-23,0.897191930892974,1.01299258861983,145.158826105546,0.439595240931744,1.15918587016095,1.24877930240172,235.813017280922,0.751790810758524,0.166666666666667,0.958333333333333,24
"NIH-Flu_ARIMA",2023-12-30,0.869824444601014,0.967907899140148,218.827763719212,0.570336995106412,1.14979209715823,1.22494263679857,351.936709468588,0.956701426177173,0.0833333333333333,0.944444444444444,36
"NIH-Flu_ARIMA",2024-01-06,1.05545837792977,1.2086090463225,149.37814853384,0.453190098300487,1.30064926100266,1.4935077708081,241.888734842756,0.763181618772378,0.291666666666667,0.958333333333333,48
"NIH-Flu_ARIMA",2024-01-13,1.06621916980726,1.29496959966551,101.891868571831,0.297856897991781,1.19073686600927,1.59124024961732,160.839952512166,0.50872033745485,0.5625,1,48
"NIH-Flu_ARIMA",2024-01-20,0.732475187684336,0.846858516559165,74.8395381780659,0.220871313283242,0.725693743806678,0.926871908960838,101.825138809613,0.330111289650583,0.604166666666667,1,48
"NIH-Flu_ARIMA",2024-01-27,0.728180572916398,1.03110784871332,76.4977591768995,0.266684021864852,0.846108261347602,1.26328131710128,124.431173330224,0.449738598139006,0.446808510638298,1,47
"NIH-Flu_ARIMA",2024-02-03,0.778532791481079,0.937267787721214,68.743891757656,0.244203026929792,0.892226466510134,1.10001058240049,111.481601683655,0.392396088529688,0.553191489361702,1,47
"NIH-Flu_ARIMA",2024-02-10,1.01700045912119,1.05745720545268,73.4930108402698,0.251238923992657,1.11382855330213,1.20517521096753,118.859812263064,0.407407373373223,0.446808510638298,0.978723404255319,47
"NIH-Flu_ARIMA",2024-02-17,1.20550458028048,1.18721392213783,83.4960639841493,0.275785891474034,1.21790889782135,1.2367185886575,127.337677316465,0.412320511413808,0.611111111111111,0.916666666666667,36
"NIH-Flu_ARIMA",2024-02-24,1.3243916970517,1.22249295163815,91.0208758700738,0.28149797442402,1.31333567028889,1.29737890015921,133.510212490627,0.42084577224594,0.5,0.944444444444444,36
"NIH-Flu_ARIMA",2024-03-02,1.5061826304383,1.31347877275904,81.1650747183262,0.270350779105422,1.60870318283974,1.50553109189531,126.688424822096,0.423823718137714,0.444444444444444,0.888888888888889,36
"NIH-Flu_ARIMA",2024-03-09,1.20194690456182,1.11259849861863,43.6880331377614,0.170753371534368,1.25842259934966,1.21687622819122,69.1477935013249,0.258360759745335,0.696969696969697,1,33
"NIH-Flu_ARIMA",2024-03-16,0.655193729746939,0.824114900272096,38.7023604815881,0.185058989803108,0.60581540476091,0.847366535607091,55.0955121823948,0.270819949701131,0.636363636363636,1,44
"NIH-Flu_ARIMA",2024-03-23,0.558094847861817,0.714042154023071,37.6071581857685,0.203688879579834,0.517763039856104,0.774144213015569,52.9611814818742,0.311572097259988,0.622222222222222,1,45
"NIH-Flu_ARIMA",2024-03-30,0.600707463526801,0.724339781222365,38.4221567253491,0.214282750929399,0.523252129816596,0.761782794525795,51.2047907899356,0.319290635210231,0.666666666666667,1,33
"NIH-Flu_ARIMA",2024-04-06,0.676565223239513,0.751914364907702,28.1414819896707,0.188117044898587,0.567899376652041,0.700481236642138,38.0090636962234,0.252428634634924,0.694444444444444,1,36
"NIH-Flu_ARIMA",2024-04-13,0.66998833563379,0.711474548461812,21.6872946741565,0.183683466088457,0.621869202324754,0.710942841349798,28.8737554455372,0.250699392108984,0.694444444444444,1,36
"NIH-Flu_ARIMA",2024-04-20,0.539202642926647,0.707007534345749,22.508466883892,0.231245213955777,0.444520812092322,0.674964658511874,29.2288757063692,0.334428640526174,0.333333333333333,0.972222222222222,36
"NIH-Flu_ARIMA",2024-04-27,0.576631454049023,0.677171472937725,21.9580629082572,0.255354311848777,0.532707795312172,0.740197290306349,30.2773139570274,0.388672934512491,0.458333333333333,1,48
"NIH-Flu_ARIMA",2024-05-04,0.62071000528384,0.747793982950156,23.6522189868735,0.399409817554037,0.560966612767537,0.750605360097426,35.1868366118403,0.639231660087893,0.25,1,48
"NIH-Flu_ARIMA",2024-05-11,0.748958521473303,0.918046615808693,28.3373264029583,0.795149379527968,0.679695047244834,0.836917904081429,43.7064800466032,1.20156879194477,0.166666666666667,0.916666666666667,36
"NIH-Flu_ARIMA",2024-05-18,0.89086282255035,1.02243684949686,26.32247347246,0.786700877187482,0.798998116331673,0.897966129818944,40.2008629750564,1.20875963955846,0.272727272727273,0.909090909090909,22
"NIH-Flu_ARIMA",2024-05-25,0.895586537156179,1.05586566686307,24.7025483948084,0.81888325993803,0.814209598155671,0.898108713482103,37.5584200129173,1.28432581279808,0.363636363636364,0.818181818181818,11
"NU_UCSD-GLEAM_AI_FLUH",2023-12-02,1.0748567845598,0.790153047438049,24.6055178431373,0.280171837234277,1.13583430499001,0.834580217481325,40.7915490196078,0.453055538973529,0.392156862745098,0.980392156862745,51
"NU_UCSD-GLEAM_AI_FLUH",2023-12-09,1.06633293351802,0.782747801513554,33.9259438789429,0.287351016470063,1.12023138950759,0.804808396963363,53.7771078431373,0.439922629781327,0.401960784313726,0.950980392156863,102
"NU_UCSD-GLEAM_AI_FLUH",2023-12-16,0.763222167725233,0.722157754838384,47.522354077863,0.356198376771792,0.838091102637481,0.75888938817973,73.1262549019608,0.545599314975719,0.405228758169935,0.843137254901961,153
"NU_UCSD-GLEAM_AI_FLUH",2023-12-23,0.637684741988144,0.676583235848967,88.8266301641091,0.496068462097863,0.755496342294756,0.734843463371861,132.159504901961,0.734997875858543,0.240196078431373,0.656862745098039,204
"NU_UCSD-GLEAM_AI_FLUH",2023-12-30,0.612859683426339,0.599750541380285,122.339762493606,0.467804093139651,0.722492342517498,0.668841796185726,172.737044117647,0.680011505899595,0.176470588235294,0.553921568627451,204
"NU_UCSD-GLEAM_AI_FLUH",2024-01-06,0.893657078973089,0.666433371170931,95.8225201214834,0.297290203883314,1.01648596653489,0.732595305832173,141.757911764706,0.442999097077115,0.32843137254902,0.725490196078431,204
"NU_UCSD-GLEAM_AI_FLUH",2024-01-13,1.82113613355997,1.3177792311091,120.355340181159,0.320682339295343,1.95630303041797,1.40853653291836,179.598524509804,0.475895641809837,0.264705882352941,0.725490196078431,204
"NU_UCSD-GLEAM_AI_FLUH",2024-01-20,1.85007446219188,1.50515758519925,139.190554955243,0.436584756165763,1.97370857668089,1.57175291693122,203.732916666667,0.621189305227425,0.220588235294118,0.637254901960784,204
"NU_UCSD-GLEAM_AI_FLUH",2024-01-27,1.54733949861984,1.4910562401233,117.890807487212,0.399437360582372,1.67141541564434,1.5527453254424,175.584740196078,0.572798601109115,0.303921568627451,0.71078431372549,204
"NU_UCSD-GLEAM_AI_FLUH",2024-02-03,0.971633784920675,1.09507835791282,64.5759689215686,0.310100777587306,1.07651211101361,1.24051485119152,101.204745098039,0.487043732410466,0.303921568627451,0.843137254901961,204
"NU_UCSD-GLEAM_AI_FLUH",2024-02-10,1.3394386629842,1.46066032096287,68.2613875959079,0.358207533526696,1.31619256613953,1.51473993717361,101.143828431373,0.546627434667269,0.240196078431373,0.759803921568627,204
"NU_UCSD-GLEAM_AI_FLUH",2024-02-17,1.70446058395384,1.86109398107729,67.3083588917306,0.409953328588301,1.59509688056645,1.89283436677586,96.0927205882353,0.615164381114218,0.225490196078431,0.67156862745098,204
"NU_UCSD-GLEAM_AI_FLUH",2024-02-24,1.59867546653931,1.6901139748738,64.6525161210571,0.38762136540334,1.57658109834646,1.78416293887385,94.1108088235294,0.58601654885723,0.196078431372549,0.700980392156863,204
"NU_UCSD-GLEAM_AI_FLUH",2024-03-02,1.64987109068124,1.76024470112323,56.1915343627451,0.349732342688178,1.64916338165821,1.89867271861484,82.7561568627451,0.524740527859562,0.32843137254902,0.759803921568627,204
"NU_UCSD-GLEAM_AI_FLUH",2024-03-09,1.27317852065518,1.36731138861014,35.1193486338448,0.259027192944282,1.32882381999299,1.47489405726186,55.3838480392157,0.392878504134697,0.490196078431373,0.872549019607843,204
"NU_UCSD-GLEAM_AI_FLUH",2024-03-16,0.764150064712447,0.944126695613989,28.8049425915614,0.220701122229352,0.75536219905939,0.984789330016955,42.6645221674877,0.330177028412811,0.596059113300493,0.955665024630542,203
"NU_UCSD-GLEAM_AI_FLUH",2024-03-23,0.576097693952867,0.749258945330135,23.952643296209,0.215768718237578,0.529124468431064,0.764029192872389,32.5266403940887,0.309744689106359,0.684729064039409,0.990147783251232,203
"NU_UCSD-GLEAM_AI_FLUH",2024-03-30,0.593714368426232,0.706174590734994,20.1635255793532,0.185976095615235,0.492064163950333,0.647313363307173,24.5163842364532,0.237028514435507,0.802955665024631,0.995073891625616,203
"NU_UCSD-GLEAM_AI_FLUH",2024-04-06,0.737659128097198,0.771376328508394,18.6838143221247,0.198977196110588,0.624462086469843,0.725153577910856,23.8203448275862,0.266715455092149,0.83743842364532,1,203
"NU_UCSD-GLEAM_AI_FLUH",2024-04-13,0.731758780884045,0.735964703644389,16.9859163107417,0.24403788256464,0.673215874446425,0.778060293831317,22.8887450980392,0.364913010092827,0.720588235294118,0.980392156862745,204
"NU_UCSD-GLEAM_AI_FLUH",2024-04-20,0.690333367943316,0.774857356405953,18.1437675383632,0.289921903021527,0.706823562477066,0.858702912306737,28.3023088235294,0.475484362520787,0.53921568627451,0.990196078431373,204
"NU_UCSD-GLEAM_AI_FLUH",2024-04-27,0.786806003626826,0.806045511157268,17.7889392242114,0.318502586393393,0.858279587160758,0.937215926588826,29.4878562091503,0.532008401578438,0.490196078431373,0.986928104575163,153
"NU_UCSD-GLEAM_AI_FLUH",2024-05-04,0.921857776729333,1.00870813798417,22.9751100937766,0.577761070495376,0.952202290709709,1.0474491270876,38.6149411764706,0.951344641350655,0.21078431372549,0.931372549019608,204
"NU_UCSD-GLEAM_AI_FLUH",2024-05-11,0.947052980658395,1.19016830487436,25.371983887468,1.11631149583369,0.924469346317136,1.02058298777784,41.2864444444444,1.59995467815388,0.0980392156862745,0.673202614379085,153
"NU_UCSD-GLEAM_AI_FLUH",2024-05-18,1.18556214461999,1.36638787854116,26.2050496539485,1.27422574972285,1.10339958872478,1.08750607935642,40.993806122449,1.78408397264423,0.122448979591837,0.551020408163265,98
"NU_UCSD-GLEAM_AI_FLUH",2024-05-25,1.28176472784092,1.51529754882914,25.5444010470275,1.29852683994515,1.1953173702733,1.13213505228125,39.8495306122449,1.79748463284303,0.0816326530612245,0.612244897959184,49
"PSI-PROF",2023-10-14,1.09785168460439,0.942881141143942,6.32293076923077,0.354025681382295,0.854693191508582,0.912459803700725,5.77346153846154,0.451587149977399,0.442307692307692,0.807692307692308,52
"PSI-PROF",2023-10-21,0.901424133515232,0.739167593747818,7.11731705685619,0.298966643472663,0.895804489329538,0.889078620087846,8.71634615384615,0.428377697713544,0.528846153846154,0.865384615384615,104
"PSI-PROF",2023-10-28,0.851612985206691,0.729874813056289,8.33583414158305,0.323884093112584,0.876042063403317,0.88133576614329,10.5557051282051,0.443353334699679,0.519230769230769,0.846153846153846,156
"PSI-PROF",2023-11-04,0.829269181887325,0.77416757392822,9.80484044732441,0.349859848969537,0.809855346641365,0.91879259400808,13.8896153846154,0.524391310440126,0.375,0.822115384615385,208
"PSI-PROF",2023-11-11,0.922139846727068,0.844805397809617,14.5890338419732,0.403447513491271,0.827311875238063,0.899049480645415,20.805625,0.609283528081497,0.394230769230769,0.846153846153846,208
"PSI-PROF",2023-11-18,0.901095058796358,0.863016003501574,19.1629935618729,0.432115478886652,0.84929276243122,0.863645739758603,28.0894230769231,0.643099237226985,0.466346153846154,0.850961538461538,208
"PSI-PROF",2023-11-25,0.860329475878426,0.844371191840718,21.2685981814381,0.433791796489952,0.813264481326845,0.812497552764759,31.835,0.62380356380019,0.576923076923077,0.855769230769231,208
"PSI-PROF",2023-12-02,0.69941194558144,0.761526485634795,25.708456291806,0.425635226610616,0.727285151160295,0.73816553007995,41.4566346153846,0.625036186816633,0.538461538461538,0.846153846153846,208
"PSI-PROF",2023-12-09,0.61228352748015,0.71747057497532,28.2733419105351,0.395825977935491,0.612370819015503,0.68890638434508,43.4417788461538,0.579495475967992,0.514423076923077,0.860576923076923,208
"PSI-PROF",2023-12-16,0.590636798735912,0.74854742603943,42.6240327341137,0.456782343821653,0.667059660997685,0.758413128204671,68.7315384615385,0.68368978664192,0.360576923076923,0.865384615384615,208
"PSI-PROF",2023-12-23,0.590560407703709,0.734026782451272,81.2371218227425,0.539672734421729,0.778246977921561,0.834742762778317,134.614038461538,0.837161031626248,0.1875,0.841346153846154,208
"PSI-PROF",2023-12-30,0.605572406459364,0.732225498129039,117.635001672241,0.562820456977982,0.817836554800159,0.866223887086967,189.9775,0.865960965139901,0.153846153846154,0.783653846153846,208
"PSI-PROF",2024-01-06,0.742602427505928,0.764239223091848,79.0131657817726,0.343401515950749,0.897767656763003,0.889466147072059,123.18875,0.538186379301705,0.504807692307692,0.927884615384615,208
"PSI-PROF",2024-01-13,1.26470866145187,1.00964929160394,81.9365264841137,0.249069261667168,1.31939662633105,1.10300986312053,119.436875,0.377702503004381,0.576923076923077,0.951923076923077,208
"PSI-PROF",2024-01-20,1.33041917095196,0.983876371161391,98.2905221989967,0.283319214539523,1.41620857045435,1.12177896483354,144.025865384615,0.438288619930336,0.442307692307692,0.932692307692308,208
"PSI-PROF",2024-01-27,1.10293410385211,0.939022507270073,84.1627986831104,0.252413889023146,1.07303031895788,0.994870677513849,113.108028846154,0.367772535650369,0.596153846153846,0.947115384615385,208
"PSI-PROF",2024-02-03,0.878800554405381,0.919971894016454,59.8327803929766,0.264936394027778,0.777811745181404,0.882488771333955,75.5064423076923,0.354293706089008,0.625,0.951923076923077,208
"PSI-PROF",2024-02-10,0.856719118194629,1.07007802567597,42.0835315426421,0.258661017200815,0.870891524022642,1.0418290818293,64.360625,0.36829047690069,0.615384615384615,0.9375,208
"PSI-PROF",2024-02-17,1.02037522138847,1.30492821701977,38.9453840301003,0.282003595344548,1.01133392276995,1.30421606642402,60.415625,0.42387063676674,0.447115384615385,0.903846153846154,208
"PSI-PROF",2024-02-24,1.03202730645885,1.17266094109137,40.5915053511706,0.265306347487193,0.934802089170268,1.12971498860887,56.3649519230769,0.379906964066317,0.442307692307692,0.817307692307692,208
"PSI-PROF",2024-03-02,1.11029101542855,1.26110229138031,37.1268607650502,0.249267515270538,1.01014475270489,1.27064506457057,50.5290865384615,0.355445295137722,0.475961538461538,0.798076923076923,208
"PSI-PROF",2024-03-09,0.973592899886092,1.11760000158813,26.5705392349498,0.21170377786595,0.880055725368339,1.11275615273947,37.1917307692308,0.30444196200131,0.557692307692308,0.879807692307692,208
"PSI-PROF",2024-03-16,0.745395791188576,0.838792363376315,28.6613052466555,0.200166246245198,0.799836152504057,0.863778686963118,47.7497596153846,0.305825379753881,0.567307692307692,0.908653846153846,208
"PSI-PROF",2024-03-23,0.679706088298683,0.759083909031912,29.0050547867893,0.223123128786343,0.748870764741005,0.80789332927619,49.3432211538462,0.345647622582648,0.576923076923077,0.908653846153846,208
"PSI-PROF",2024-03-30,0.651635426849309,0.729637446933149,22.5864358904682,0.195946677152486,0.779858059351472,0.83359100976693,40.9267788461538,0.31801314237606,0.644230769230769,0.956730769230769,208
"PSI-PROF",2024-04-06,0.656010278543722,0.752384393471197,16.9930464046823,0.200276531355311,0.729410203763755,0.814758547731029,29.7987019230769,0.322340606170766,0.644230769230769,0.956730769230769,208
"PSI-PROF",2024-04-13,0.594587804534266,0.75062389665198,13.9811881479933,0.250781943014137,0.635625445245947,0.776286502784925,22.1547115384615,0.370463807713609,0.572115384615385,0.908653846153846,208
"PSI-PROF",2024-04-20,0.558428517105579,0.718284839361469,14.7977641095318,0.270702073088346,0.587952508685145,0.738892171611165,24.1377403846154,0.419237200960604,0.519230769230769,0.908653846153846,208
"PSI-PROF",2024-04-27,0.611206284861079,0.771784017429048,15.1750976588629,0.330672585603425,0.639913116529406,0.823738499936319,24.7256730769231,0.524622626557849,0.403846153846154,0.899038461538462,208
"PSI-PROF",2024-05-04,0.658439441976468,0.811515953648096,16.4334391513378,0.465073716097745,0.638318713488203,0.771518060551876,25.6106730769231,0.693446273157399,0.399038461538462,0.764423076923077,208
"PSI-PROF",2024-05-11,0.718223751228044,0.941001811018711,18.8826544035674,0.861234772135701,0.622935608463999,0.789778049317892,27.1271153846154,1.21061792113864,0.301282051282051,0.666666666666667,156
"PSI-PROF",2024-05-18,0.655688303645919,0.925316584893094,14.524650173913,0.855319655051524,0.571522319944833,0.74584343762579,20.9898,1.20827976077669,0.38,0.7,100
"PSI-PROF",2024-05-25,0.630086757972005,0.880808256026607,12.7492782608696,0.76111324282227,0.568623572960148,0.707820357824442,19.0176,1.12907304517732,0.4,0.76,50
"PSI-PROF_beta",2023-12-09,0.680191384807844,0.701363838239937,15.7163990802676,0.202447556975217,0.704799183282619,0.701050308428853,24.6538461538462,0.3017938536609,0.519230769230769,0.903846153846154,52
"PSI-PROF_beta",2023-12-16,0.676426529276976,0.77960592450937,34.0521427257525,0.310030512446126,0.770251555846935,0.815370415354148,55.1763461538462,0.475061732819688,0.288461538461538,0.807692307692308,104
"PSI-PROF_beta",2023-12-23,0.728962186450034,0.827663127664282,88.2765196209588,0.506999771685274,0.835271304108134,0.881886042693522,129.32141025641,0.742946513764505,0.134615384615385,0.596153846153846,156
"PSI-PROF_beta",2023-12-30,0.725310794814711,0.830649489509361,142.326783549331,0.646271201201993,0.844069583087243,0.891106280545286,198.951442307692,0.903043430705208,0.134615384615385,0.490384615384615,208
"PSI-PROF_beta",2024-01-06,0.810591578170657,0.844310550223592,87.0978434155518,0.383450235872555,0.928723092777247,0.918957640458643,129.511730769231,0.565744860648007,0.394230769230769,0.769230769230769,208
"PSI-PROF_beta",2024-01-13,1.19890419970895,0.995097197893569,84.1388430880713,0.266126221271726,1.35006272183103,1.11808115479697,131.085,0.413484000381827,0.5,0.92948717948718,156
"PSI-PROF_beta",2024-01-20,1.17640245701528,0.920526589476978,88.9973098662207,0.263231505196788,1.34234045472418,1.0711286524673,139.463782051282,0.415607540550391,0.435897435897436,0.91025641025641,156
"PSI-PROF_beta",2024-01-27,0.955910677229001,0.8585473556103,72.1270462653289,0.222744721132088,1.07491113547791,0.952850865342948,113.190384615385,0.340489832869907,0.602564102564103,0.961538461538462,156
"PSI-PROF_beta",2024-02-03,0.707024010022189,0.850400393921038,38.692585451505,0.215249910725114,0.70918329264499,0.81411199373871,56.4079487179487,0.290393419624996,0.634615384615385,0.961538461538462,156
"PSI-PROF_beta",2024-02-10,0.836802729280426,1.02330159762032,41.1031495610368,0.247460738619569,0.834107002306332,0.975753625236862,61.6038461538462,0.344634942031844,0.576923076923077,0.951923076923077,208
"PSI-PROF_beta",2024-02-17,0.987337913659387,1.24754485748785,37.6872401755853,0.270007096572475,0.954371416633718,1.21622345244126,57.1373557692308,0.397479994822111,0.471153846153846,0.923076923076923,208
"PSI-PROF_beta",2024-02-24,1.02591715864051,1.17766096110534,40.3105324414716,0.266200688950578,0.919199516233758,1.13367885973317,54.8396634615385,0.377743215826406,0.4375,0.817307692307692,208
"PSI-PROF_beta",2024-03-02,1.12406843067776,1.28553169036079,37.5792174540134,0.253855318488247,1.01369949341824,1.28967903928189,50.8530769230769,0.361459099567119,0.475961538461538,0.802884615384615,208
"PSI-PROF_beta",2024-03-09,0.978221678332896,1.11604918978193,26.6786168269231,0.211339338993388,0.872356345725485,1.1064120038842,36.7610096153846,0.302007236662525,0.552884615384615,0.865384615384615,208
"PSI-PROF_beta",2024-03-16,0.732588549148677,0.829891177108387,28.1453976797659,0.197943498116824,0.795711369676287,0.865312575194739,47.0967307692308,0.303948616424642,0.586538461538462,0.908653846153846,208
"PSI-PROF_beta",2024-03-23,0.660787950263858,0.746124620102295,28.1563868311037,0.219256541775472,0.746709406389682,0.804738406429218,48.7269711538462,0.34115548000768,0.591346153846154,0.918269230769231,208
"PSI-PROF_beta",2024-03-30,0.637696955970205,0.719121827171849,22.1020243938127,0.193135460817064,0.766578829077372,0.829257524735042,40.4619711538462,0.318375466334214,0.653846153846154,0.961538461538462,208
"PSI-PROF_beta",2024-04-06,0.650038868792594,0.748954154261304,16.8511551839465,0.199408258284101,0.728797710344149,0.81771881080954,29.7857692307692,0.32354950898977,0.653846153846154,0.966346153846154,208
"PSI-PROF_beta",2024-04-13,0.58775604812109,0.74471661706096,13.8204160744147,0.248937336068596,0.634073180499924,0.777589733507481,22.1270673076923,0.371688581589049,0.572115384615385,0.908653846153846,208
"PSI-PROF_beta",2024-04-20,0.550124818689265,0.711645665064604,14.57876034699,0.268342918646252,0.580885647523536,0.728684106559216,23.8384134615385,0.413335690438822,0.514423076923077,0.899038461538462,208
"PSI-PROF_beta",2024-04-27,0.606366672464716,0.766860376086453,15.049514506689,0.328579932014207,0.638113823987455,0.825036597857416,24.4805769230769,0.522066432450954,0.408653846153846,0.879807692307692,208
"PSI-PROF_beta",2024-05-04,0.679274846224016,0.839548389194398,19.0215645206243,0.522985100869976,0.655850850282928,0.794313457642188,29.6682692307692,0.773830836966397,0.320512820512821,0.705128205128205,156
"PSI-PROF_beta",2024-05-11,0.750938591694536,0.996067851197794,21.8370680602007,0.961158196028646,0.641562170675071,0.803978645176683,31.0180769230769,1.29964048161141,0.230769230769231,0.538461538461538,104
"PSI-PROF_beta",2024-05-18,0.678869970669691,0.993375084210608,15.7932126086957,0.953957140294628,0.589003342516429,0.779442244664362,22.6276,1.31319254076763,0.28,0.62,50
"SGroup-RandomForest",2023-10-14,0.818827722786906,0.932510145281148,4.71619314381271,0.334184533288807,1.06771257196034,0.985573138916068,6.98846153846154,0.464528777518093,0.634615384615385,0.980769230769231,52
"SGroup-RandomForest",2023-10-21,0.849463525161018,0.833243994859998,6.79644188963211,0.329878361896121,1.08889318050495,1.03637710816062,10.7480769230769,0.503521002476448,0.634615384615385,0.990384615384615,104
"SGroup-RandomForest",2023-10-28,0.77643742607043,0.815259250009752,7.60734559643255,0.360065398663098,0.9224532239101,1.00369100157223,11.6974358974359,0.527720576883702,0.621794871794872,0.974358974358974,156
"SGroup-RandomForest",2023-11-04,0.849529239169467,0.793082006632193,10.2177422658863,0.351401935330275,0.90443315168336,0.923403929990081,15.6259615384615,0.523031658245738,0.572115384615385,0.980769230769231,208
"SGroup-RandomForest",2023-11-11,0.988052500568697,0.922997803671736,15.5617136287625,0.433623758234383,0.998097615116855,1.02808201155686,25.0774038461538,0.690646995434518,0.399038461538462,0.951923076923077,208
"SGroup-RandomForest",2023-11-18,1.1400348989446,1.05538534871486,24.0165077341137,0.52335851382289,1.11253452621531,1.08566517827869,36.9216346153846,0.808980530372444,0.336538461538462,0.884615384615385,208
"SGroup-RandomForest",2023-11-25,1.23402752716345,1.1675435796861,29.8768394648829,0.583020484912295,1.15291084720816,1.16407036452072,44.9418269230769,0.881080522121895,0.288461538461538,0.822115384615385,208
"SGroup-RandomForest",2023-12-02,1.19969843931591,1.20278389319142,43.3817253344482,0.653502154626089,1.14510855119301,1.18942470978373,64.6634615384615,0.991440506856744,0.173076923076923,0.769230769230769,208
"SGroup-RandomForest",2023-12-09,1.24130822530558,1.25843875601081,55.1387205267559,0.653870441636909,1.2575025993886,1.27187789957453,84.1389423076923,0.996698070900596,0.158653846153846,0.735576923076923,208
"SGroup-RandomForest",2023-12-16,1.10403170445577,1.20412734611189,77.3353089464883,0.685712285877463,1.20792724169863,1.23996014286191,117.761057692308,1.03574593022594,0.115384615384615,0.725961538461538,208
"SGroup-RandomForest",2023-12-23,0.966747448415039,1.07644857857048,132.256399247492,0.772610322779564,1.09608203209353,1.14772531806802,188.372596153846,1.12582863574486,0.125,0.519230769230769,208
"SGroup-RandomForest",2023-12-30,0.920599140612438,1.00959020413618,178.493595526756,0.761086140260722,1.07370375814153,1.11301753556014,249.488461538462,1.096457648935,0.0673076923076923,0.509615384615385,208
"SGroup-RandomForest",2024-01-06,1.06060499387234,1.12166145280625,121.953635451505,0.566275306227915,1.26628973696211,1.26668507254984,190.039743589744,0.8701749048246,0.166666666666667,0.782051282051282,156
"SGroup-RandomForest",2024-01-13,0.941976495443925,1.00631324333992,56.3544077480491,0.254440707489153,1.10054260629765,1.14775796648694,91.0044871794872,0.3993867610275,0.474358974358974,0.935897435897436,156
"SGroup-RandomForest",2024-01-20,0.685381747685106,0.784228380584427,41.8568848940914,0.199676486294231,0.708824969633407,0.871382800118598,60.576282051282,0.308693397791116,0.544871794871795,0.980769230769231,156
"SGroup-RandomForest",2024-01-27,0.810169534624339,0.810756747495798,43.8643690078038,0.173533524067417,0.917108527728829,0.92729974661943,67.6153846153846,0.26979330777142,0.576923076923077,0.974358974358974,156
"SGroup-RandomForest",2024-02-03,0.629935284586091,0.763567558677229,42.0828716555184,0.220470704107208,0.703339207361266,0.855980733850106,67.0620192307692,0.343062764039964,0.538461538461538,0.951923076923077,208
"SGroup-RandomForest",2024-02-10,0.927656695096978,1.05735109060429,46.3214496237458,0.259832424100046,0.947985526049751,1.10742483797732,71.6451923076923,0.401461663148786,0.466346153846154,0.927884615384615,208
"SGroup-RandomForest",2024-02-17,1.15829810442554,1.33548966033047,45.1860675167224,0.29317388457405,1.17215879908235,1.39632158324131,70.5942307692308,0.458022441702553,0.471153846153846,0.889423076923077,208
"SGroup-RandomForest",2024-02-24,1.10603858705529,1.22039292880211,44.1127579431438,0.278647884505468,1.16815545416409,1.33024689152028,69.3274038461538,0.437846748383675,0.4375,0.9375,208
"SGroup-RandomForest",2024-03-02,1.17664334336336,1.21544782690891,39.9648793896321,0.241163580599213,1.18467826547493,1.28756388879633,60.9793269230769,0.367524289133313,0.528846153846154,0.956730769230769,208
"SGroup-RandomForest",2024-03-09,1.04024909313847,1.02022908008119,28.0816538461538,0.190369892159856,0.97878556769517,1.03384101387983,39.6509615384615,0.270497091892319,0.644230769230769,0.975961538461538,208
"SGroup-RandomForest",2024-03-16,0.7776025160314,0.835641508580672,29.4154527591973,0.195753100863282,0.797207035903507,0.863809445161515,44.7836538461538,0.287825165464852,0.591346153846154,0.995192307692308,208
"SGroup-RandomForest",2024-03-23,0.759725908620454,0.774976441251713,32.4505775501672,0.225051579088175,0.833941481382445,0.850852132221132,53.0307692307692,0.347681261179859,0.538461538461538,0.990384615384615,208
"SGroup-RandomForest",2024-03-30,0.67654179555608,0.734627625192696,23.2230091973244,0.193932743117761,0.735639052313877,0.813216043417092,37.5639423076923,0.301672240106134,0.596153846153846,0.995192307692308,208
"SGroup-RandomForest",2024-04-06,0.731409408061144,0.797120105033521,18.8630894648829,0.209370961121015,0.693084927582635,0.814603642848124,27.5394230769231,0.311377625282874,0.581730769230769,0.990384615384615,208
"SGroup-RandomForest",2024-04-13,0.653592395422459,0.750654005791015,15.3861293896321,0.249181613435838,0.658030458845967,0.786555617772009,22.8846153846154,0.373252589596856,0.557692307692308,0.961538461538462,208
"SGroup-RandomForest",2024-04-20,0.691684506747651,0.744695972541846,18.4572654682274,0.280429377551766,0.730382494533377,0.805129246313022,30.2192307692308,0.457234179578392,0.471153846153846,0.995192307692308,208
"SGroup-RandomForest",2024-04-27,0.710766795531329,0.759229829944837,17.693724916388,0.324519237547307,0.729233224941265,0.828368744820203,27.9100961538462,0.520972233480307,0.355769230769231,0.980769230769231,208
"SGroup-RandomForest",2024-05-04,0.762063351048189,0.860797091418832,18.9301237458194,0.490033585336285,0.753619350610049,0.863350389642913,30.4475961538462,0.779672828533531,0.240384615384615,0.947115384615385,208
"SGroup-RandomForest",2024-05-11,0.782626162903007,1.00669241226353,20.5511125975474,0.922166879621775,0.736135960260751,0.883039741579801,32.3160256410256,1.36205922199947,0.179487179487179,0.833333333333333,156
"SGroup-RandomForest",2024-05-18,0.752382587965965,0.985812743535804,16.4448213043478,0.901843317908387,0.715597672025064,0.864869721468247,26.383,1.40477742216484,0.23,0.93,100
"SGroup-RandomForest",2024-05-25,0.680697701475623,0.991146923193974,13.5847026086957,0.854359711609786,0.660648871914261,0.854693899954479,22.214,1.37491279398508,0.24,0.9,50
"SigSci-CREG",2023-10-14,0.838475982221541,0.799396840389089,4.92274782608696,0.300832561316969,1.091701515917,0.97554344500388,7.82,0.499468610377515,0.72,1,50
"SigSci-CREG",2023-10-21,0.935791804619829,0.824316787014457,7.5489347826087,0.331795716931856,1.117347272069,1.08102048168025,11.06,0.524786833963854,0.67,0.95,100
"SigSci-CREG",2023-10-28,0.894927139823435,0.753269563878927,8.07557391304348,0.323762326393163,1.08421267988599,1.03145662681963,12.1866666666667,0.508263672391681,0.666666666666667,0.933333333333333,150
"SigSci-CREG",2023-11-04,1.11300178761656,0.82343799052968,13.1146318549268,0.366415158912243,1.11032546019108,0.996113723658582,18.4221105527638,0.567503066902705,0.603015075376884,0.949748743718593,199
"SigSci-CREG",2023-11-11,1.31773609190385,0.981260321380278,21.2181642512077,0.45859376957113,1.22804888045029,1.10958234596033,31.030303030303,0.737048415379649,0.383838383838384,0.843434343434343,198
"SigSci-CREG",2023-11-18,1.37883358828171,1.0914472131278,28.9246512681159,0.54858176341047,1.24025011930899,1.14487628468773,40.359375,0.86107447178277,0.286458333333333,0.796875,192
"SigSci-CREG",2023-11-25,1.41667711153905,1.21323649701945,33.3818472119872,0.642549381750607,1.26385997931961,1.27570873651338,47.2372881355932,1.02109922351053,0.19774011299435,0.728813559322034,177
"SigSci-CREG",2023-12-02,1.45298523723443,1.40875165675409,44.2244316396019,0.813351350356224,1.25739380801769,1.41607430653341,59.1144578313253,1.25563602102591,0.120481927710843,0.55421686746988,166
"SigSci-CREG",2023-12-09,1.4644391581409,1.5817080180681,45.6351756998213,0.906299373145811,1.29270666330854,1.56407436590165,60.0068493150685,1.35849207789532,0.0821917808219178,0.431506849315068,146
"SigSci-CREG",2023-12-16,1.32673253189443,1.5855505183187,55.3651652173913,1.05510351724757,1.23110194578461,1.54813037336441,70.248,1.50449135499805,0.032,0.32,125
"SigSci-CREG",2023-12-23,1.18169348066292,1.48469058137625,97.2213938618926,1.30483171754769,1.11632323083556,1.44620618305965,114.441176470588,1.73865429620903,0.0490196078431373,0.127450980392157,102
"SigSci-CREG",2023-12-30,1.08699653439656,1.38137960441087,148.294911206369,1.38608144192236,1.05093907256236,1.35438232801014,169.535211267606,1.76508754210676,0.0845070422535211,0.112676056338028,71
"SigSci-CREG",2024-01-06,1.14612950900149,1.47835774409528,110.02652173913,0.890239197869983,1.09647995768648,1.4222839453097,134.611111111111,1.15838276081572,0.240740740740741,0.37037037037037,54
"SigSci-CREG",2024-01-13,1.80626703062333,1.68622233176221,111.613845577211,0.427225656572796,1.87775225831147,1.74480125747857,156.655172413793,0.590666001945367,0.275862068965517,0.620689655172414,58
"SigSci-CREG",2024-01-20,2.11322745789798,1.62811266919652,142.595144927536,0.436013950636845,2.13263219251037,1.70151478668205,193.948717948718,0.606851945996078,0.141025641025641,0.58974358974359,78
"SigSci-CREG",2024-01-27,1.9726367875786,1.62715053925014,132.606814464055,0.394233615720124,2.00072923765863,1.70157799335375,182.168316831683,0.556574437253513,0.217821782178218,0.633663366336634,101
"SigSci-CREG",2024-02-03,1.76724484130986,1.5306520064188,116.09121463078,0.441714924520693,1.69151825664756,1.53040809435258,156.920634920635,0.603560826330283,0.293650793650794,0.634920634920635,126
"SigSci-CREG",2024-02-10,1.80380194107881,1.57948015185119,81.1773814229249,0.375603611803595,1.70984260597491,1.55697194048348,113.674242424242,0.532507711282736,0.340909090909091,0.727272727272727,132
"SigSci-CREG",2024-02-17,1.4411817192955,1.45023300883835,49.5867951251647,0.329814438863695,1.46204666506411,1.52166432432021,74.5,0.49819279824843,0.333333333333333,0.757575757575758,132
"SigSci-CREG",2024-02-24,1.4720708064558,1.50596796829488,50.2895848316443,0.340708752305163,1.51050165072878,1.54984406661458,74.6917293233083,0.498958076339286,0.353383458646617,0.736842105263158,133
"SigSci-CREG",2024-03-02,1.57291439155968,1.53248594890098,42.6240916750927,0.300033867535374,1.60902602642763,1.6741444878125,62.7364341085271,0.452540202159136,0.37984496124031,0.790697674418605,129
"SigSci-CREG",2024-03-09,1.29661682510393,1.32345718131198,27.7410638998682,0.236808386625139,1.34525484141701,1.48535679061756,42.5984848484849,0.365361708352937,0.53030303030303,0.916666666666667,132
"SigSci-CREG",2024-03-16,0.749764919521597,1.05398858807476,21.389914268218,0.241902427351067,0.833290158729288,1.20813756575173,34.4366197183099,0.387987765420374,0.429577464788732,0.964788732394366,142
"SigSci-CREG",2024-03-23,0.760429714043063,0.928735470217282,24.368285793409,0.262122341946029,0.810828927038926,1.04457469679469,37.2420382165605,0.405875641764214,0.477707006369427,0.910828025477707,157
"SigSci-CREG",2024-03-30,0.841128016962456,0.914922732375939,22.5806806418219,0.237880698768701,0.872761676605441,1.02997468556513,34.0238095238095,0.369842808128122,0.5,0.946428571428571,168
"SigSci-CREG",2024-04-06,0.862928398800118,0.813763255487055,18.6334102501822,0.210099154599519,0.895512277666772,0.870201315043025,29.0055865921788,0.318221149816585,0.620111731843575,0.972067039106145,179
"SigSci-CREG",2024-04-13,0.746094075580744,0.764135547232633,16.0703429951691,0.2586439379161,0.757898748678227,0.816019413143329,24.1833333333333,0.393938177900771,0.616666666666667,0.95,180
"SigSci-CREG",2024-04-20,0.56735679109988,0.710619992483309,12.8716526543358,0.264016906405437,0.5598061019083,0.722762750490028,19.1104972375691,0.395048362522031,0.646408839779006,0.961325966850829,181
"SigSci-CREG",2024-04-27,0.585653704470142,0.711449643379228,12.7468326320711,0.299311932918369,0.601794025098066,0.780754888334482,19.7849462365591,0.475269058020643,0.526881720430108,0.962365591397849,186
"SigSci-CREG",2024-05-04,0.624721134464867,0.785710005364946,13.9479486586494,0.444716766592914,0.600878100740964,0.772965090620518,21.6542553191489,0.6905034283733,0.441489361702128,0.914893617021277,188
"SigSci-CREG",2024-05-11,0.713237666181537,1.02438848067443,18.266179910045,0.963527811362396,0.651010421569488,0.858031899073141,27.7655172413793,1.34722119763015,0.310344827586207,0.724137931034483,145
"SigSci-CREG",2024-05-18,0.764277769830328,1.09229874162152,16.6843385753932,1.02831215598842,0.707135170319909,0.901786654261394,25.8297872340426,1.49015778369642,0.191489361702128,0.723404255319149,94
"SigSci-CREG",2024-05-25,0.788524081061242,1.1723980896813,15.6125624421832,1.01780684657609,0.724303908690294,0.910766446114231,24,1.46364339464813,0.25531914893617,0.702127659574468,47
"SigSci-TSENS",2023-10-14,1.42234871946371,1.36538189180926,8.07121739130435,0.491971293098207,1.14741376279362,1.07158612207813,7.96,0.551155405997668,0.96,1,50
"SigSci-TSENS",2023-10-21,1.33072334326342,1.30542511225801,10.2470652173913,0.511023414177675,1.31531842718552,1.19825578239697,12.34,0.564990258519375,0.95,1,100
"SigSci-TSENS",2023-10-28,1.28418175733064,1.26085330039861,11.317284057971,0.537351846861404,1.10073555087691,1.09020898757766,12.56,0.551722233632086,0.933333333333333,0.98,150
"SigSci-TSENS",2023-11-04,1.17057586384033,1.17434226418525,13.5976891304348,0.518095244267753,0.921295873041194,0.864909891233849,15.88,0.50470413516427,0.91,0.985,200
"SigSci-TSENS",2023-11-11,0.979298784239778,1.04648066909178,15.8089391304348,0.495305852277812,0.83670208339917,0.690189629127928,21.23,0.456880118868992,0.83,0.965,200
"SigSci-TSENS",2023-11-18,0.915650493833042,0.992041382667243,19.8236108695652,0.498731327398864,0.846434851064371,0.686151045229028,28.545,0.514815201119204,0.73,0.945,200
"SigSci-TSENS",2023-11-25,0.839147841200256,0.931663698185006,20.7488369565217,0.466834624113192,0.793794590712774,0.650610082974118,31.235,0.492480891096597,0.715,0.92,200
"SigSci-TSENS",2023-12-02,0.78554503621441,0.838907351246797,28.7988913043478,0.454000728858365,0.812032188467307,0.649690757869778,46.29,0.535884135590489,0.515,0.91,200
"SigSci-TSENS",2023-12-09,0.756689540229012,0.801219358464114,34.7263065217391,0.418767923914921,0.814741725568365,0.678345078249671,56,0.52803618820861,0.465,0.9,200
"SigSci-TSENS",2023-12-16,0.774934335125588,0.78818502484538,56.6987131308718,0.460152137672666,0.838005800336284,0.733903943711027,85.3316582914573,0.621117654151099,0.321608040201005,0.773869346733668,199
"SigSci-TSENS",2023-12-23,0.812852413030701,0.775189936121903,113.578221343874,0.554021209344865,0.871181881662376,0.767054449749763,153.424242424242,0.751433580763288,0.146464646464646,0.52020202020202,198
"SigSci-TSENS",2023-12-30,0.807491208610893,0.778665186534537,158.63665039929,0.592388308125589,0.872868138269807,0.782858791222347,206.183673469388,0.778174050873547,0.076530612244898,0.36734693877551,196
"SigSci-TSENS",2024-01-06,0.848736334565531,0.870407481869775,92.3514507542147,0.388686304046757,0.936256526299869,0.869648003194513,132.372448979592,0.527171896232837,0.23469387755102,0.61734693877551,196
"SigSci-TSENS",2024-01-13,0.988446912800308,0.977213677214819,66.2403840211874,0.245085119356767,1.05434199308757,0.981394457974271,97.994923857868,0.340780534358032,0.395939086294416,0.802030456852792,197
"SigSci-TSENS",2024-01-20,1.08215856965751,1.03857183330817,82.3113614404919,0.304617325572051,1.14703826425352,1.07207441520331,120.131313131313,0.4306390684376,0.318181818181818,0.767676767676768,198
"SigSci-TSENS",2024-01-27,1.07331920774983,1.02525984677147,84.3178021739131,0.275621628791393,1.16759830323994,1.08336364773232,126.085,0.400092329981444,0.35,0.8,200
"SigSci-TSENS",2024-02-03,0.934009768411501,1.06125871073103,63.1166608695652,0.300768274134711,1.0715778330039,1.1010954924517,102.05,0.428319766857721,0.385,0.835,200
"SigSci-TSENS",2024-02-10,1.04922702431275,1.14360338773244,51.6645673913043,0.273298386393194,1.15580067204175,1.1428079038166,84.295,0.39410046339581,0.46,0.905,200
"SigSci-TSENS",2024-02-17,1.07374057064609,1.25544968357936,41.1273586956522,0.267754499586375,1.11095193421247,1.18752388178925,64.37,0.371107181331459,0.575,0.935,200
"SigSci-TSENS",2024-02-24,0.971034565649168,1.16044322357223,38.9052130434783,0.26020021196126,1.00919796654988,1.09447198680806,59.615,0.352932854501888,0.505,0.895,200
"SigSci-TSENS",2024-03-02,1.01572683681269,1.24018873207605,33.9519008083898,0.241642429496595,1.01977812558508,1.12629147138522,50.0854271356784,0.306538649243671,0.557788944723618,0.914572864321608,199
"SigSci-TSENS",2024-03-09,1.10278905431448,1.22718751717664,30.0331723836574,0.220092616235251,1.03974079294684,1.10208647691306,42.5125628140703,0.277330820481705,0.638190954773869,0.944723618090452,199
"SigSci-TSENS",2024-03-16,1.04101668751184,1.11614832694751,40.3655538562377,0.259832895202401,1.00150214545422,1.0135123193476,58.2914572864322,0.341865547543018,0.597989949748744,0.889447236180904,199
"SigSci-TSENS",2024-03-23,0.955830854831827,1.05472671273701,41.3305287306096,0.302904877682584,0.948311753525387,0.971488829061747,61.8793969849246,0.403067711059941,0.527638190954774,0.869346733668342,199
"SigSci-TSENS",2024-03-30,0.922760489452293,1.08371624332989,32.5264608695652,0.283479013724717,0.915080867890289,0.95147659390341,49.965,0.368428149931316,0.6,0.945,200
"SigSci-TSENS",2024-04-06,0.932228892147343,1.18478779462408,24.3753543478261,0.304998082662756,0.902699293707777,1.01975778083088,36.76,0.388695892356277,0.73,0.98,200
"SigSci-TSENS",2024-04-13,0.870967239919912,1.13903745674544,20.9385847826087,0.376957355196952,0.845231789531496,1.01325626529206,30.845,0.496612833322563,0.7,0.98,200
"SigSci-TSENS",2024-04-20,0.762883161909567,1.04330837131736,20.4620717391304,0.387835559344168,0.74195198588418,0.870389168337015,30.88,0.494085433096088,0.735,0.995,200
"SigSci-TSENS",2024-04-27,0.764469323285865,1.03539933862998,19.2642901508429,0.435981144466303,0.761703803086834,0.915038915494627,30.015306122449,0.58107222579131,0.744897959183674,1,196
"SigSci-TSENS",2024-05-04,0.651112206643297,0.943106338950594,16.4364640638864,0.542833974228262,0.623023919124408,0.848628573888121,25.6377551020408,0.778453378113496,0.826530612244898,1,196
"SigSci-TSENS",2024-05-11,0.620940670041278,0.778926447600558,16.4071173317451,0.724338804498494,0.558615022227395,0.746446141258153,24.5205479452055,1.16426469290221,0.86986301369863,1,146
"SigSci-TSENS",2024-05-18,0.698199201524417,0.863255967849504,14.8368194706994,0.78704957143014,0.580958744548552,0.8286000327774,20.7826086956522,1.35057250416422,0.902173913043478,1,92
"SigSci-TSENS",2024-05-25,0.726821490655658,0.85955348560095,14.6475724637681,0.727570431060571,0.557641340533153,0.783603839365922,18.7291666666667,1.24035685937921,0.895833333333333,1,48
"Stevens-GBR",2023-10-21,3.383417109986,3.56068470022173,23.7640225177588,1.26475871593809,2.86849166580086,3.45451024235699,24.7509545724206,1.46580652428787,0.0192307692307692,0.153846153846154,52
"Stevens-GBR",2023-10-28,1.98056418589451,1.83496719436949,17.8539466893912,0.81156432021787,1.7599606223676,1.9974606251864,20.0237080033952,0.984974898927201,0.115384615384615,0.461538461538462,104
"Stevens-GBR",2023-11-04,1.71131835409577,1.62013837742098,18.9300361535261,0.739004033099359,1.34502401587576,1.60516547275175,21.601589435629,0.916991494838867,0.198717948717949,0.583333333333333,156
"Stevens-GBR",2023-11-11,1.48664304135165,1.3906243116463,25.2162224775841,0.743503107687643,1.08394317483107,1.23379780612541,28.7095762877954,0.917933319037135,0.177884615384615,0.610576923076923,208
"Stevens-GBR",2023-11-18,1.14293321776181,0.845144761216726,24.2228571434774,0.415944300283545,0.900372183304396,0.811983039409788,29.8887538659224,0.601794595590009,0.245192307692308,0.769230769230769,208
"Stevens-GBR",2023-11-25,1.10211195295005,0.855167796035777,26.8520731575235,0.424271965371868,0.849975708049749,0.77514592695327,33.00843025363,0.584234493499134,0.264423076923077,0.721153846153846,208
"Stevens-GBR",2023-12-02,1.09787835585635,0.876125344625634,40.0055686479101,0.47667639293736,0.879377178545641,0.775676708201354,49.6004454376546,0.649551023695781,0.177884615384615,0.629807692307692,208
"Stevens-GBR",2023-12-09,1.02103923308384,0.811573433074248,46.7695577010556,0.429389375910852,0.835229282030737,0.707404668896009,56.8513296468237,0.562681470944598,0.211538461538462,0.634615384615385,208
"Stevens-GBR",2023-12-16,1.04881118543511,0.824626361062858,73.3104389981338,0.468947430289406,0.881384404497922,0.715397275389403,86.1884123138998,0.595708674506697,0.173913043478261,0.545893719806763,207
"Stevens-GBR",2023-12-23,1.03657889334353,0.853765489457356,141.061621969961,0.604969954884889,0.924692006530495,0.755769705288266,158.708666888827,0.737079825450106,0.1256038647343,0.391304347826087,207
"Stevens-GBR",2023-12-30,1.05288439050285,0.839582578654801,202.312890612896,0.624918221668961,0.963670707862492,0.74810453589791,222.646484009567,0.730233341116205,0.0628019323671498,0.318840579710145,207
"Stevens-GBR",2024-01-06,1.19169092942781,0.856605788435825,126.807634814392,0.37251105071117,1.05260055935472,0.756926130022749,146.27661906929,0.451025806709503,0.294685990338164,0.608695652173913,207
"Stevens-GBR",2024-01-13,1.01802340370676,0.920573683158665,71.5151450749668,0.234089714873851,0.967544706964393,0.920955489694117,93.7272783265331,0.324511487560006,0.399038461538462,0.841346153846154,208
"Stevens-GBR",2024-01-20,0.809531496010871,0.89851670687286,60.1567691264358,0.257044349758307,0.860943494726699,1.04152938608379,88.4099786901553,0.411405580466459,0.331730769230769,0.836538461538462,208
"Stevens-GBR",2024-01-27,0.863303427845096,0.970597352484623,66.6850474716969,0.260755074781607,0.823656162914328,1.0380476877975,88.8832041565619,0.392239451729537,0.259615384615385,0.831730769230769,208
"Stevens-GBR",2024-02-03,1.05036869234525,1.03512170293497,71.8380165122847,0.297572187951651,0.915812820785872,1.03429443687956,89.1144680386642,0.41718563290627,0.25,0.798076923076923,208
"Stevens-GBR",2024-02-10,1.66414467190823,1.49914801949618,82.9926486736705,0.359598598026177,1.3806484247973,1.4085328148535,102.203619195613,0.491470247051548,0.192307692307692,0.769230769230769,208
"Stevens-GBR",2024-02-17,2.10306426209715,2.02805671834895,82.2271565979995,0.436879521340505,1.73902085517662,1.94657919094709,103.40763541382,0.619836118992393,0.110576923076923,0.778846153846154,208
"Stevens-GBR",2024-02-24,2.04058027482494,1.95304789589033,81.271255496568,0.435820819833322,1.73810548340703,1.92000369796443,101.775907391458,0.613758672667868,0.134615384615385,0.788461538461538,208
"Stevens-GBR",2024-03-02,2.1814002437693,2.0148452911543,73.995423714796,0.394799795138603,1.87998751869284,2.04499462876093,93.4988520710936,0.557244925755782,0.110576923076923,0.817307692307692,208
"Stevens-GBR",2024-03-09,1.64677614322407,1.43164934070475,46.7984447381332,0.27551700111336,1.41367729084471,1.42912149464125,60.0502748502703,0.385760891438524,0.259615384615385,0.855769230769231,208
"Stevens-GBR",2024-03-16,0.605442575483055,0.786276910149862,23.8393575782656,0.190171097290023,0.589318358058858,0.807229419905059,34.8807280601702,0.282421205204242,0.375,0.951923076923077,208
"Stevens-GBR",2024-03-23,0.4519219636131,0.629313203893539,19.3720445280716,0.18466521390928,0.482572278132111,0.677526424750017,30.7051447721253,0.279798462005042,0.341346153846154,0.947115384615385,208
"Stevens-GBR",2024-03-30,0.549301123688794,0.660377202522481,18.9991491554078,0.175188857847202,0.588031520872769,0.746555639879086,30.4227384733157,0.280132695735565,0.384615384615385,0.971153846153846,208
"Stevens-GBR",2024-04-06,0.662128984287827,0.741207747656181,17.5127991199854,0.197675767473894,0.686527228483398,0.814108969239656,27.8309619331887,0.314733074265702,0.336538461538462,0.942307692307692,208
"Stevens-GBR",2024-04-13,0.636081150672179,0.771141660130191,14.8379948432105,0.256475296753114,0.696044761571439,0.822950892019472,24.0635842779237,0.388938076922412,0.302884615384615,0.865384615384615,208
"Stevens-GBR",2024-04-20,0.49939182516205,0.681134299214686,13.1914115577271,0.257129082982399,0.543913778550706,0.715052917391973,22.1058242685441,0.402718716272372,0.298076923076923,0.884615384615385,208
"Stevens-GBR",2024-04-27,0.596927012979636,0.737323532480891,15.0110508952355,0.319882631900839,0.641224566102849,0.757901057651661,24.7568198393369,0.479924072064082,0.1875,0.831730769230769,208
"Stevens-GBR",2024-05-04,0.698123682801299,0.932856849635652,17.237546601792,0.532885092868452,0.688630835131394,0.812751498577368,27.485923748603,0.729987074421603,0.120192307692308,0.596153846153846,208
"Stevens-GBR",2024-05-11,0.867873664566463,1.24344160505361,22.7532208845111,1.14873680617959,0.786623749528715,0.910750301334769,34.2172329061116,1.40016383104287,0.0705128205128205,0.403846153846154,156
"Stevens-GBR",2024-05-18,0.917854860400375,1.37191959728876,20.1437642113697,1.27221751976335,0.802545270821349,0.953703359393667,29.503490900619,1.55007443592482,0.1,0.26,100
"Stevens-GBR",2024-05-25,0.971589982062511,1.47754043213868,19.4280994573777,1.28601901726445,0.892493189924655,0.982900322135721,29.6089454188878,1.56785198768014,0.1,0.28,50
"UGA_flucast-Copycat",2023-11-04,0.960230330191435,0.95010879061477,7.35984949832776,0.330411421412283,0.97724868688956,1.0925104151148,11.3269230769231,0.497662435162884,0.461538461538462,0.884615384615385,52
"UGA_flucast-Copycat",2023-11-11,1.0220910438607,0.913481239893878,12.7074581939799,0.354944197759163,0.850387040736206,0.890646717429941,16.9326923076923,0.504232860696781,0.326923076923077,0.730769230769231,104
"UGA_flucast-Copycat",2023-11-18,0.891252466152575,0.789647289891143,17.2980657748049,0.361530553434772,0.801285199484948,0.770448860520537,24.5320512820513,0.529182368108682,0.371794871794872,0.814102564102564,156
"UGA_flucast-Copycat",2023-11-25,0.856236309490939,0.727746310748034,21.0861622073579,0.368143584311527,0.728700630632843,0.738600260314467,28.5048076923077,0.56466227942179,0.370192307692308,0.865384615384615,208
"UGA_flucast-Copycat",2023-12-02,0.715099031688983,0.702572980610579,26.0858214882943,0.388293459162386,0.688114134200214,0.673284628173123,38.8605769230769,0.567451006527477,0.336538461538462,0.735576923076923,208
"UGA_flucast-Copycat",2023-12-09,0.753122189149064,0.788639216316217,34.3707002508361,0.424156898652874,0.751461008481368,0.747341044154737,51.2019230769231,0.600595774248212,0.254807692307692,0.692307692307692,208
"UGA_flucast-Copycat",2023-12-16,0.834745427572975,0.845869548221601,59.178777173913,0.496942837688883,0.857232076751846,0.817663010814466,84.5240384615385,0.698366855722039,0.158653846153846,0.610576923076923,208
"UGA_flucast-Copycat",2023-12-23,0.896029425509722,0.895735811528771,122.016651337793,0.643560003014533,0.93415171417438,0.886438970123606,160.341346153846,0.870544433341361,0.0721153846153846,0.432692307692308,208
"UGA_flucast-Copycat",2023-12-30,0.847383207819181,0.857987620611391,162.26716764214,0.645384979878212,0.930617440826517,0.897981526093227,214.379807692308,0.880857110974765,0.0913461538461538,0.389423076923077,208
"UGA_flucast-Copycat",2024-01-06,0.874770949756314,0.876157828513397,93.0627487458194,0.391676502757469,1.01662530359992,0.954014946183878,139.783653846154,0.574506912862487,0.259615384615385,0.716346153846154,208
"UGA_flucast-Copycat",2024-01-13,1.10402140402815,0.981244051090562,73.3231814381271,0.247148852147436,1.24993991993457,1.11531785703803,114.745192307692,0.387581333961938,0.346153846153846,0.865384615384615,208
"UGA_flucast-Copycat",2024-01-20,0.974820291134963,0.847688868249023,73.7833068561873,0.248893866196116,1.08798869616396,0.968520857534987,112.456730769231,0.384319175693295,0.384615384615385,0.884615384615385,208
"UGA_flucast-Copycat",2024-01-27,0.794792369377008,0.726332898166127,60.6740844481605,0.194251045456923,0.836093536969788,0.812580612322006,87.8942307692308,0.298654872022615,0.485576923076923,0.884615384615385,208
"UGA_flucast-Copycat",2024-02-03,0.702972732731914,0.763985291732288,47.4509803511706,0.221339035288127,0.732577154255226,0.82654319874673,69.5192307692308,0.328902697052368,0.432692307692308,0.850961538461538,208
"UGA_flucast-Copycat",2024-02-10,0.98861825715948,0.98974523290062,49.6595526755853,0.243865684038188,0.981603724777432,1.02938750098745,73.2163461538462,0.366657560676389,0.322115384615385,0.802884615384615,208
"UGA_flucast-Copycat",2024-02-17,1.17145830305096,1.23585144763905,45.1650627090301,0.269520272170157,1.13336058987119,1.24578751597781,66.2692307692308,0.397534646206762,0.288461538461538,0.730769230769231,208
"UGA_flucast-Copycat",2024-02-24,1.10401012986185,1.14522258576736,44.3290301003344,0.262644920406286,1.1215389871099,1.20031037452647,66.4663461538462,0.393781141248049,0.336538461538462,0.8125,208
"UGA_flucast-Copycat",2024-03-02,1.13635416885245,1.16249904857503,43.3026337792642,0.262715411550136,1.1894208433688,1.25087147580585,66.9487179487179,0.39177037003028,0.384615384615385,0.83974358974359,156
"UGA_flucast-Copycat",2024-03-09,1.00442705050391,0.992411667018316,28.4445150501672,0.194533137034134,0.929712781215621,1.01277631481726,39.9807692307692,0.279848842847489,0.596153846153846,0.967948717948718,156
"UGA_flucast-Copycat",2024-03-16,0.651083476500352,0.799260674073438,24.3340050167224,0.184284577199313,0.592918794329095,0.815083551462286,33.2628205128205,0.273156096582783,0.705128205128205,0.993589743589744,156
"UGA_flucast-Copycat",2024-03-23,0.580084879474583,0.700480268353962,23.1720568561873,0.188808125423919,0.550002029636404,0.735719830875237,33.3717948717949,0.288621493292842,0.698717948717949,0.993589743589744,156
"UGA_flucast-Copycat",2024-03-30,0.576829048915538,0.663423248925184,20.0034845317726,0.177221347088927,0.532607712095902,0.691567202080572,27.6586538461538,0.261201649945083,0.783653846153846,1,208
"UGA_flucast-Copycat",2024-04-06,0.638227176411331,0.709509547005305,16.7148390468227,0.188782776319426,0.5647540903328,0.711839991620858,23.2548076923077,0.28069554008207,0.735576923076923,1,208
"UGA_flucast-Copycat",2024-04-13,0.615490141140119,0.699727502628488,14.520608277592,0.233638376328713,0.568278925267682,0.741259025723832,19.8461538461538,0.353981603902606,0.701923076923077,0.990384615384615,208
"UGA_flucast-Copycat",2024-04-20,0.551943229541622,0.651028102954747,14.6126170568562,0.244352933472604,0.543198957283431,0.691589951953702,22.1586538461538,0.38936808952428,0.610576923076923,1,208
"UGA_flucast-Copycat",2024-04-27,0.611297552416195,0.708355892878195,15.1796885451505,0.302071002485564,0.640456426010848,0.794705196424056,24.3990384615385,0.496745584085396,0.461538461538462,0.966346153846154,208
"UGA_flucast-Copycat",2024-05-04,0.67326458608438,0.775225673600472,16.7221445074564,0.436444558564908,0.672064749726215,0.79331979489795,27.048309178744,0.706480073823995,0.333333333333333,0.903381642512077,207
"UGA_flucast-Copycat",2024-05-11,0.798171372900875,1.03930695217548,20.9758457223001,0.943833476633139,0.726594177103879,0.857122100593146,31.8709677419355,1.30606076305609,0.232258064516129,0.638709677419355,155
"UGA_flucast-Copycat",2024-05-18,0.793638602277184,1.06417757148128,17.4807685551164,0.966759455259672,0.719438172587893,0.841093246325628,26.6060606060606,1.34764856346933,0.171717171717172,0.686868686868687,99
"UGA_flucast-Copycat",2024-05-25,0.680943370165578,0.958798209470274,13.7585913043478,0.832470313336022,0.630885598774672,0.763402736557427,21.3,1.22556544944897,0.26,0.82,50
"UGA_flucast-INFLAenza",2023-10-28,0.911279180288663,0.77369432318008,6.49110367892977,0.284712154785083,1.03428315515896,0.957457196375184,9.92307692307692,0.412937915303899,0.519230769230769,0.903846153846154,52
"UGA_flucast-INFLAenza",2023-11-04,0.773401761811871,0.645849102490821,7.04081939799331,0.256160182458818,0.790392473813053,0.761890187930472,11.0192307692308,0.395632042872594,0.586538461538462,0.951923076923077,104
"UGA_flucast-INFLAenza",2023-11-11,0.713589363013556,0.534702848708857,10.1432162764771,0.232144158610961,0.646821406794782,0.584084114086058,14.5897435897436,0.362946575244185,0.576923076923077,0.967948717948718,156
"UGA_flucast-INFLAenza",2023-11-18,0.671981915076167,0.523658783945166,14.4306793478261,0.263417110315604,0.652144637136833,0.554651408914119,21.8509615384615,0.416926294081043,0.543269230769231,0.961538461538462,208
"UGA_flucast-INFLAenza",2023-11-25,0.620325773401974,0.454731181635799,15.5164276755853,0.233402499618059,0.57694586368775,0.477373109857416,22.8125,0.369526843821394,0.567307692307692,0.961538461538462,208
"UGA_flucast-INFLAenza",2023-12-02,0.536064144312851,0.385009135765919,20.0819293478261,0.21423219360175,0.540367107894475,0.402121745827196,31.25,0.342274978834079,0.572115384615385,0.995192307692308,208
"UGA_flucast-INFLAenza",2023-12-09,0.524982719398052,0.412131284304878,24.3424519230769,0.221606300925199,0.547339004516337,0.43791967055988,37.8509615384615,0.355198789459798,0.586538461538462,0.956730769230769,208
"UGA_flucast-INFLAenza",2023-12-16,0.573209061191132,0.528553036486056,40.2976609531773,0.303224497045253,0.6778010951739,0.576130228623488,66.1538461538462,0.48163967684522,0.346153846153846,0.894230769230769,208
"UGA_flucast-INFLAenza",2023-12-23,0.697533625430583,0.665641105602084,95.4830204849498,0.479200135266141,0.843813134216897,0.746619714207555,145.1875,0.73416693439976,0.120192307692308,0.658653846153846,208
"UGA_flucast-INFLAenza",2023-12-30,0.797150192714611,0.786559642442313,155.851410953177,0.603135221968181,0.948722102319285,0.879943936474475,222.692307692308,0.879293860226308,0.0769230769230769,0.461538461538462,208
"UGA_flucast-INFLAenza",2024-01-06,1.04080857229834,1.07968309724704,115.259418896321,0.495723264914547,1.19027777670967,1.183938174155,171.288461538462,0.735951787371195,0.1875,0.620192307692308,208
"UGA_flucast-INFLAenza",2024-01-13,1.09992665470182,1.38887282636427,79.6795401337793,0.382420082170158,1.20172486215968,1.5454796550308,120.706730769231,0.589006907232596,0.326923076923077,0.802884615384615,208
"UGA_flucast-INFLAenza",2024-01-20,0.759515395022382,0.990952482538068,58.7485096153846,0.304236772267503,0.85483077645918,1.15075609562287,90.3605769230769,0.478302840483058,0.413461538461538,0.894230769230769,208
"UGA_flucast-INFLAenza",2024-01-27,0.763748242495586,1.01231410150245,58.5678302675585,0.275173440286655,0.843896510122412,1.16321920982832,88.875,0.433005066670415,0.471153846153846,0.913461538461538,208
"UGA_flucast-INFLAenza",2024-02-03,0.749952715125978,0.827694578127157,50.0396509197324,0.237390416244676,0.830839823768869,0.946170625879736,78.3413461538462,0.373862921780756,0.519230769230769,0.951923076923077,208
"UGA_flucast-INFLAenza",2024-02-10,1.06043713609408,1.12166214183555,53.1863942307692,0.276780902809586,1.12415978602634,1.21349813495598,85.1346153846154,0.440021267281518,0.427884615384615,0.923076923076923,208
"UGA_flucast-INFLAenza",2024-02-17,1.1500886656672,1.16857239573556,44.0927027591973,0.252959140700754,1.23027162504689,1.28092339588484,71.8076923076923,0.406797847189845,0.466346153846154,0.966346153846154,208
"UGA_flucast-INFLAenza",2024-02-24,1.04986746427234,1.03872976471242,41.3550585284281,0.234893221728762,1.14159441591859,1.16502218467938,66.4711538461538,0.376753826882437,0.5,0.975961538461538,208
"UGA_flucast-INFLAenza",2024-03-02,1.14077786482674,1.06492566069617,42.5617196209588,0.236226208727525,1.24262662298182,1.22969136024091,68.2115384615385,0.375398263453946,0.519230769230769,0.980769230769231,156
"UGA_flucast-INFLAenza",2024-03-09,0.99357385961585,0.915175872963425,27.7794843924192,0.177218037535386,1.01449873170593,1.00728106911963,42.5384615384615,0.270755051729009,0.673076923076923,0.993589743589744,156
"UGA_flucast-INFLAenza",2024-03-16,0.63498431211596,0.715558202515541,23.3538879598662,0.162142279745259,0.623461162289464,0.790474257145166,33.9615384615385,0.257091071154044,0.641025641025641,1,156
"UGA_flucast-INFLAenza",2024-03-23,0.607461726859984,0.701334689162113,23.898723522854,0.187486407248403,0.639175783412191,0.804595430735044,37.8333333333333,0.309659756480033,0.551282051282051,0.993589743589744,156
"UGA_flucast-INFLAenza",2024-03-30,0.579088508873348,0.615012585761397,19.7825376254181,0.162860499370933,0.556474252964815,0.680456820024519,28.3942307692308,0.254015401400094,0.711538461538462,1,208
"UGA_flucast-INFLAenza",2024-04-06,0.614890579142028,0.660506840269276,15.8324561036789,0.17397471587804,0.560154998166638,0.697877901324372,22.0480769230769,0.264474463986846,0.692307692307692,0.990384615384615,208
"UGA_flucast-INFLAenza",2024-04-13,0.577451803473197,0.667781319778836,13.6719084448161,0.225177481958826,0.50293313957418,0.690453024296229,17.875,0.336290109576714,0.649038461538462,0.947115384615385,208
"UGA_flucast-INFLAenza",2024-04-20,0.531227510714003,0.62668348487593,14.048120819398,0.235565982126137,0.518053714180812,0.664138388738055,21.2644230769231,0.376577064559908,0.538461538461538,0.971153846153846,208
"UGA_flucast-INFLAenza",2024-04-27,0.556279595654145,0.640121616693222,13.7978950668896,0.272735479215584,0.572892741114662,0.708180733069574,21.8653846153846,0.443985333634225,0.432692307692308,0.961538461538462,208
"UGA_flucast-INFLAenza",2024-05-04,0.603629000471977,0.782897924543292,14.9629933110368,0.446423222720389,0.588585243091387,0.76167816565931,23.6634615384615,0.685756631443916,0.293269230769231,0.802884615384615,208
"UGA_flucast-INFLAenza",2024-05-11,0.711039397572531,1.06031819583472,18.7050668896321,0.977721843639207,0.627472822389779,0.836034117087907,27.525641025641,1.28986552414521,0.198717948717949,0.538461538461538,156
"UGA_flucast-INFLAenza",2024-05-18,0.686913742669263,1.06302071002316,15.1288130434783,0.985548696828824,0.598901499669398,0.819824324914268,22.12,1.33782033765964,0.19,0.53,100
"UGA_flucast-INFLAenza",2024-05-25,0.619892173721738,1.06588684926906,12.4703391304348,0.928788369656018,0.546758884050264,0.786337324915609,18.36,1.26507459566531,0.24,0.56,50
"UGA_flucast-OKeeffe",2023-10-14,1.08133440814768,1.04815909860621,6.42507246376812,0.400868624222113,1.36640604992634,1.34497040643601,9.15686274509804,0.662878343123755,0.588235294117647,0.92156862745098,51
"UGA_flucast-OKeeffe",2023-10-21,1.20964387949751,1.10953178080592,10.0660912190963,0.470341702717695,1.52138099345031,1.47893526897033,15.343137254902,0.752034334194169,0.509803921568627,0.901960784313726,102
"UGA_flucast-OKeeffe",2023-10-28,1.35461627879164,1.22314960560399,12.7976328502415,0.553633716965709,1.54777352958429,1.64438904038519,18.281045751634,0.846901560022084,0.549019607843137,0.862745098039216,153
"UGA_flucast-OKeeffe",2023-11-04,1.36251484198583,1.27636001992586,18.7411651037226,0.646295702247217,1.34436278185052,1.5491850519147,25.9869281045752,0.972568774601719,0.483660130718954,0.882352941176471,153
"UGA_flucast-OKeeffe",2023-11-11,1.37049122624429,1.23025507538247,27.5400511508951,0.708991456273267,1.19717811598212,1.29721478213529,37.6960784313725,1.03784813224674,0.431372549019608,0.823529411764706,102
"UGA_flucast-OKeeffe",2023-11-18,1.16681869345351,1.23197960853949,31.4415856777494,0.767031829555196,1.0836150992409,1.33474408720125,45.0196078431373,1.2246047067009,0.450980392156863,0.901960784313726,51
"UGuelph-CompositeCurve",2023-10-28,2.65388694161969,1.00587076819861,15.1032876220053,0.364153856400746,2.90154412807572,1.27177224450967,22.0204081632653,0.540067012915319,0.448979591836735,0.775510204081633,49
"UGuelph-CompositeCurve",2023-11-04,2.29738535408563,1.01989002022279,18.2004648514852,0.396004758024113,2.02711160148648,1.15582625532866,24.0544554455446,0.58412161529563,0.544554455445545,0.841584158415842,101
"UGuelph-CompositeCurve",2023-11-11,1.76137637209304,0.95601270668273,24.2969639528275,0.415585741166991,1.42122787400418,0.920747070633586,31.6307189542484,0.576062433855591,0.549019607843137,0.836601307189543,153
"UGuelph-CompositeCurve",2023-11-18,1.60183367053278,0.903496562736397,33.5767289819724,0.452549946326588,1.29849196559277,0.852264207674103,42.780487804878,0.640587418234684,0.609756097560976,0.834146341463415,205
"UGuelph-CompositeCurve",2023-11-25,1.43720614126336,0.818665520715311,36.7340130539298,0.415454698351242,1.16112310422571,0.757131450262145,47.8317307692308,0.582189994323863,0.658653846153846,0.913461538461538,208
"UGuelph-CompositeCurve",2023-12-02,1.19790824433063,0.802869249204424,46.4505559887124,0.45521479158504,1.01812887954825,0.722868987269375,61.5384615384615,0.630522748499772,0.639423076923077,0.875,208
"UGuelph-CompositeCurve",2023-12-09,1.26586951198594,0.814431180264171,59.0152807169732,0.44204132545918,1.16063268178311,0.733304501591992,80.9254807692308,0.598055512536821,0.610576923076923,0.855769230769231,208
"UGuelph-CompositeCurve",2023-12-16,1.11705103627122,0.791216423377456,77.5744570965719,0.457311493175145,1.09171592366407,0.7377640530178,105.740384615385,0.622225663759925,0.557692307692308,0.831730769230769,208
"UGuelph-CompositeCurve",2023-12-23,0.664939684528652,0.62908228129895,91.5038320100764,0.459948292074466,0.701711459358359,0.622073002349654,121.901952015587,0.625832177072793,0.495192307692308,0.774038461538462,208
"UGuelph-CompositeCurve",2023-12-30,0.613269018100805,0.641133898614292,118.986982215442,0.492481757481255,0.63256511645378,0.604959583301617,148.524087275119,0.611335794175629,0.471153846153846,0.730769230769231,208
"UGuelph-CompositeCurve",2024-01-06,1.00450653356845,0.872543921741947,107.632140137279,0.386441663549165,1.05304492358493,0.832781698846516,146.301939391139,0.498138048372822,0.509615384615385,0.769230769230769,208
"UGuelph-CompositeCurve",2024-01-13,2.45173766183221,1.93806670506332,159.683976397557,0.466892843168963,2.5798384393276,1.9104168817161,234.474862742722,0.639787007270346,0.197115384615385,0.629807692307692,208
"UGuelph-CompositeCurve",2024-01-20,2.56837453708436,1.98284130408326,191.234270920395,0.576433026505117,2.57119999326731,1.89770202273738,262.440864860014,0.747401966979966,0.1875,0.5625,208
"UGuelph-CompositeCurve",2024-01-27,2.03205215699752,2.0508473719438,155.606071074776,0.557227432779143,2.02749074416216,1.90116630086238,213.269027506773,0.704173941492882,0.221153846153846,0.586538461538462,208
"UGuelph-CompositeCurve",2024-02-03,1.76228945610379,2.42171192516607,118.78954837428,0.696794815389964,1.68637051218088,2.14779385567167,159.615737183905,0.853063575870518,0.307692307692308,0.615384615384615,208
"UGuelph-CompositeCurve",2024-02-10,1.80399693817312,3.15176702848144,90.4591851989463,0.762624080568261,1.69819730673017,2.54635439349752,125.48633063507,0.893588014696535,0.447115384615385,0.711538461538462,208
"UGuelph-CompositeCurve",2024-02-17,3.01580600052535,3.47677920615259,121.353420792629,0.75290051828982,2.50012945575118,2.81303829945395,151.829052799355,0.906209698889191,0.504807692307692,0.75,208
"UGuelph-CompositeCurve",2024-02-24,3.32072242693104,2.91873272118508,138.025009844265,0.661450872030668,2.75004365235039,2.38709321321602,167.763556276259,0.786360875590194,0.519230769230769,0.807692307692308,208
"UGuelph-CompositeCurve",2024-03-02,3.67973320605551,2.85915291915493,130.040875937488,0.569384411690278,3.185368545019,2.59738111260382,163.185679539612,0.714449204667601,0.514423076923077,0.870192307692308,208
"UGuelph-CompositeCurve",2024-03-09,3.58110210364874,2.61067345045934,103.010131038604,0.496018283285456,3.28582649661697,2.61588657625722,138.475089664129,0.684756981716674,0.427884615384615,0.947115384615385,208
"UGuelph-CompositeCurve",2024-03-16,1.09286919341897,2.02839517775378,42.9419906826425,0.496731612161119,1.19473918871674,2.25045439992352,70.65361327642,0.79498856233168,0.389423076923077,0.990384615384615,208
"UGuelph-CompositeCurve",2024-03-23,0.891910997827052,1.66474627218603,39.1697113328328,0.507365127219509,1.00664431855272,2.0591731577378,66.2925588172972,0.893792183508632,0.235576923076923,1,208
"UGuelph-CompositeCurve",2024-03-30,1.09353159286113,1.93543692882179,39.8069532660866,0.548010133980366,1.16428139697791,2.28032549347912,64.4349379921942,0.928595305810523,0.129807692307692,0.995192307692308,208
"UGuelph-CompositeCurve",2024-04-06,1.47390630959931,2.08704096357786,40.6423615178172,0.582653876548739,1.45164758137126,2.31128735686602,61.4919138940444,0.935181408392651,0.0865384615384615,0.985576923076923,208
"UGuelph-CompositeCurve",2024-04-13,1.32925633498917,1.53099010798159,32.3215258121364,0.527998465940172,1.29603039649708,1.63192294408359,46.348271274131,0.798381198446936,0.0961538461538462,0.894230769230769,208
"UGuelph-CompositeCurve",2024-04-20,0.696290641391428,1.06549365046006,19.2094465630206,0.419746935779324,0.676169001305918,1.0925914839779,28.416998970128,0.638838152900035,0.177884615384615,0.884615384615385,208
"UGuelph-CompositeCurve",2024-04-27,0.549569488840957,0.822438775974107,13.9460839502896,0.359997321426123,0.540400235263329,0.874579588164161,20.6663569866561,0.552011432321265,0.129807692307692,0.841346153846154,208
"UGuelph-CompositeCurve",2024-05-04,0.331128334253423,0.532840571498115,8.18987501289853,0.303539765081638,0.325686128947881,0.515319919228136,13.1253746023273,0.466399150883857,0.288461538461538,0.841346153846154,208
"UGuelph-CompositeCurve",2024-05-11,0.408804564962597,0.84726024287323,10.7068458767222,0.777215075929176,0.354528371176398,0.65644969927287,15.5276676640405,1.01150149622201,0.192307692307692,0.519230769230769,156
"UGuelph-CompositeCurve",2024-05-18,0.497126312979477,0.941385298473086,10.7923662269647,0.862365943387501,0.42871890985791,0.697789567655956,15.6893029768635,1.13166612286011,0.16,0.41,100
"UGuelph-CompositeCurve",2024-05-25,0.543723118934633,1.02519224897463,10.742783961576,0.878197636289171,0.458322831512084,0.709624763868784,15.2263014970425,1.13266718863908,0.18,0.46,50
"UM-DeepOutbreak",2023-10-14,0.764219175565517,0.929939878582137,4.4556397554345,0.345043729668818,1.04588955549961,1.01891589500827,6.96163430698854,0.487907830875749,0.346153846153846,0.903846153846154,52
"UM-DeepOutbreak",2023-10-21,0.912233689177725,0.858479164659506,6.95307657751066,0.33373757688351,1.11002870159719,1.0384740778913,10.0631205990542,0.477148599562783,0.336538461538462,0.826923076923077,104
"UM-DeepOutbreak",2023-10-28,0.939323104554663,0.863501852350916,9.07923407425443,0.382820018689995,1.09248649778079,1.06420683815422,13.1911044137774,0.542342460102451,0.25,0.782051282051282,156
"UM-DeepOutbreak",2023-11-04,0.972888149366031,0.890399533483269,11.5958562556317,0.409536322085176,0.982617205457276,0.976448180160591,16.7094715508203,0.568440391347214,0.298076923076923,0.759615384615385,208
"UM-DeepOutbreak",2023-11-11,1.09464992590673,0.889338741764977,17.831404804729,0.421817128598416,0.939069044700883,0.849524473100997,24.0535880375954,0.570786570402561,0.294117647058824,0.612745098039216,204
"UM-DeepOutbreak",2023-11-18,0.976550013667834,0.932450727784683,20.2933103724936,0.462170547673272,0.800825896113838,0.839077200114092,26.174142077167,0.624229863698792,0.258706467661692,0.572139303482587,201
"UM-DeepOutbreak",2023-11-25,0.999290877391832,0.989185449197036,23.6754740677204,0.490894847126948,0.793128946290601,0.866875511899398,30.14823130911,0.65172018713788,0.278606965174129,0.582089552238806,201
"UM-DeepOutbreak",2023-12-02,0.893468665255976,0.883500059690766,31.7368194017535,0.475876724613089,0.716034449850374,0.723035179809825,39.5989040882778,0.59739963184896,0.333333333333333,0.512437810945274,201
"UM-DeepOutbreak",2023-12-09,0.796181350755638,0.814966075091688,35.0108616122397,0.421834591813315,0.66103313464115,0.643887790779957,44.4764244937487,0.510686903124768,0.35609756097561,0.546341463414634,205
"UM-DeepOutbreak",2023-12-16,0.7472229200811,0.774209756937821,51.9520758657301,0.439378765655319,0.670019034840989,0.621758404453136,66.2230128388664,0.530930210922965,0.384615384615385,0.557692307692308,208
"UM-DeepOutbreak",2023-12-23,0.754410347872606,0.792041616767768,104.497215683086,0.578587353358844,0.738298047771601,0.690139064944613,128.249563203489,0.691216684103684,0.225961538461538,0.3125,208
"UM-DeepOutbreak",2023-12-30,0.666338945092328,0.683105973670318,130.661362032085,0.535066307593624,0.671389868301059,0.598199854118692,158.027301980086,0.60783841909614,0.341346153846154,0.408653846153846,208
"UM-DeepOutbreak",2024-01-06,0.864011546260016,0.866544510206676,90.1895696014692,0.382483965064471,0.806336066957603,0.640253244064739,111.838323005851,0.398044408662979,0.512315270935961,0.591133004926108,203
"UM-DeepOutbreak",2024-01-13,1.39594289717625,1.27822001940733,88.9387415209927,0.31551035756575,1.40778974311966,1.08859673173616,124.029235081726,0.370612454025706,0.684729064039409,0.768472906403941,203
"UM-DeepOutbreak",2024-01-20,1.37666455744709,1.45988114818399,96.1820770311109,0.418469381843154,1.28112550579863,1.15405656197945,124.783973690077,0.45227188906069,0.763546798029557,0.817733990147783,203
"UM-DeepOutbreak",2024-01-27,1.16994518959605,2.03817880432324,80.9298922891747,0.524875171778513,0.850495913431068,0.956537084789698,81.8294735444546,0.343252983143514,0.83743842364532,0.866995073891626,203
"UM-DeepOutbreak",2024-02-03,1.04687987269735,2.08785994775933,68.151906155744,0.577341315818638,0.723191914045272,0.944521135927771,67.295738323229,0.371865731445085,0.826923076923077,0.947115384615385,208
"UM-DeepOutbreak",2024-02-10,1.26325596909857,2.33746687393448,60.4955165375389,0.548739390836237,1.0087500330436,1.17972743306657,73.4049710045656,0.415373283800735,0.769230769230769,0.942307692307692,208
"UM-DeepOutbreak",2024-02-17,1.36605466404717,2.33494984236468,51.1457865428255,0.490100365580417,1.14191432054878,1.40743927787599,66.1021069613232,0.446795048768776,0.706730769230769,0.961538461538462,208
"UM-DeepOutbreak",2024-02-24,1.22477516274263,1.7568897642595,47.3917657995307,0.382947188610265,1.00073234379224,1.08897267200285,58.2344690676456,0.351968507869158,0.697115384615385,0.947115384615385,208
"UM-DeepOutbreak",2024-03-02,1.32678894203894,1.91966092873819,43.4165316923637,0.367969648771014,1.11775120110301,1.21150950836417,54.3960016534981,0.329523552267782,0.754807692307692,0.966346153846154,208
"UM-DeepOutbreak",2024-03-09,1.36702655087387,1.86061695831187,36.1431823224563,0.340482898894255,0.987824097977454,1.10794810589697,39.2232867619179,0.284980462560273,0.836538461538462,0.985576923076923,208
"UM-DeepOutbreak",2024-03-16,1.11815428745732,1.54296850918456,41.6644804133127,0.355383530903527,0.950759156236934,1.02576587308967,53.3566581416285,0.343667984279421,0.75,0.966346153846154,208
"UM-DeepOutbreak",2024-03-23,1.03389154778932,1.34954507687445,42.8623923542759,0.38288698276178,0.935999622421564,0.938151015777422,59.3145399751934,0.384631203320478,0.706730769230769,0.971153846153846,208
"UM-DeepOutbreak",2024-03-30,1.10493623559014,1.42919253644735,37.319212833093,0.369693166798789,0.990121566391204,1.02950361917935,50.1943448217174,0.378031778063267,0.745192307692308,0.985576923076923,208
"UM-DeepOutbreak",2024-04-06,1.22737082901383,1.53026030710712,30.9881336431456,0.390113945149535,0.963782076961531,1.01805438497733,37.3852940354084,0.378101126121799,0.850961538461538,0.985576923076923,208
"UM-DeepOutbreak",2024-04-13,1.16092129068314,1.40058406918334,26.8519597622123,0.452883980707453,0.786321474246994,0.940618320427922,27.5108626819431,0.446973699748562,0.870192307692308,0.995192307692308,208
"UM-DeepOutbreak",2024-04-20,1.00849931941727,1.32189969443798,26.0563015177884,0.481322255870012,0.682190689439243,0.849770988562342,27.5006971890801,0.469784352762196,0.903846153846154,1,208
"UM-DeepOutbreak",2024-04-27,1.02428522338512,1.22666023246596,24.9148565817647,0.506121844590759,0.771013892748012,0.878296095665375,29.1436000968724,0.543702836067065,0.879807692307692,1,208
"UM-DeepOutbreak",2024-05-04,0.982056470715819,1.03779287244903,24.0464263234199,0.582324548056278,0.771939347139385,0.849347789837657,30.786963643148,0.760498524515133,0.894230769230769,1,208
"UM-DeepOutbreak",2024-05-11,0.899320394452603,0.847750204769586,23.5014590668558,0.77172859156437,0.647199983665829,0.781071047041312,28.3140628885191,1.20401068600949,0.916666666666667,1,156
"UM-DeepOutbreak",2024-05-18,0.961518251013967,0.88663884162395,20.928850813697,0.795708416399101,0.520609054428845,0.703839732643835,19.4629196321033,1.1605649611986,0.97,1,100
"UM-DeepOutbreak",2024-05-25,1.06064688823145,0.949209100369116,21.3054974778905,0.807985249778665,0.604535269480316,0.728814398670555,20.5062183266878,1.17414055229097,0.96,1,50
"UMass-flusion",2023-10-14,0.88510249416223,0.815121446317076,5.05098495266112,0.294500195543008,1.00887130735804,0.923548498789357,6.69274127741229,0.446932785679449,0.807692307692308,1,52
"UMass-flusion",2023-10-21,0.851388328235595,0.759716226180579,6.52149235241968,0.296668390897634,1.10856226491681,1.04208427134647,10.0131452207089,0.47599333124477,0.673076923076923,0.980769230769231,104
"UMass-flusion",2023-10-28,0.917151434899374,0.804474863045765,8.89968509374468,0.359760206806283,1.0670988938937,1.10916857875598,13.0151780082003,0.573867205702269,0.557692307692308,0.967948717948718,156
"UMass-flusion",2023-11-04,0.899434295838813,0.777218113949084,10.9497371955219,0.362954954696329,0.943822863367198,0.970657685286912,16.5439701649944,0.584547396945388,0.591346153846154,0.966346153846154,208
"UMass-flusion",2023-11-11,0.671083264999314,0.58451570530039,10.7707449863749,0.283988303314665,0.571714075475197,0.616647275596784,14.3975000675908,0.427330682075463,0.730769230769231,0.975961538461538,208
"UMass-flusion",2023-11-18,0.658086691824261,0.587903470076915,14.086789766277,0.299337151335402,0.63069157272826,0.607148139498725,20.9947628635202,0.463259330566002,0.649038461538462,0.980769230769231,208
"UMass-flusion",2023-11-25,0.611746647714293,0.520467053078892,15.1397987388119,0.267914077770166,0.54733909387263,0.514721690522013,21.4133994615185,0.399317834941016,0.682692307692308,0.985576923076923,208
"UMass-flusion",2023-12-02,0.489539122240193,0.416965483245357,18.005134491225,0.231132391768345,0.459674480065499,0.391313122756893,26.1700975902559,0.332375258806542,0.725961538461538,0.995192307692308,208
"UMass-flusion",2023-12-09,0.451068252727933,0.383187993702153,20.8113237632141,0.205728262228849,0.405973925418003,0.347680704021938,28.4716925592405,0.284311114578311,0.769230769230769,0.990384615384615,208
"UMass-flusion",2023-12-16,0.381108118675033,0.352619932437729,26.8500750602919,0.204639366660996,0.361456909459726,0.336249473041305,36.4734041130577,0.291995872192837,0.681159420289855,0.985507246376812,207
"UMass-flusion",2023-12-23,0.384403633131333,0.35372551922244,52.4671839789078,0.255695612373172,0.472352340176492,0.398661837797544,81.2934876499227,0.394375846664667,0.473429951690821,0.893719806763285,207
"UMass-flusion",2023-12-30,0.426194524887146,0.366193140460929,83.4548866524334,0.283700993573001,0.550499337638113,0.436150880788432,129.287870511089,0.440825062743777,0.357487922705314,0.830917874396135,207
"UMass-flusion",2024-01-06,0.459327460306193,0.398912383523142,48.9859085243684,0.181275675208333,0.514456774086752,0.427895204832275,71.7046453782612,0.265749074961097,0.589371980676328,0.985507246376812,207
"UMass-flusion",2024-01-13,0.750095252077013,0.686336048629938,49.5474595412502,0.170778045244302,0.823941407890778,0.767995249242417,75.4812730834387,0.263647575078806,0.5625,0.985576923076923,208
"UMass-flusion",2024-01-20,0.821376764899988,0.818931285234794,61.5395966338627,0.240286807196794,0.97853238317466,0.993011032484674,100.968200248801,0.396124586096564,0.427884615384615,0.961538461538462,208
"UMass-flusion",2024-01-27,0.697165116493449,0.754955484864557,52.6863837475586,0.202520310492663,0.773827972852362,0.881868656084165,80.6445324768927,0.324941869843747,0.519230769230769,0.971153846153846,208
"UMass-flusion",2024-02-03,0.61659626115615,0.713659215187364,41.1216393744492,0.205324331732647,0.647150811283012,0.798167068199331,60.7593889105899,0.31601851680717,0.543269230769231,0.947115384615385,208
"UMass-flusion",2024-02-10,0.868527266298851,0.933751482795592,43.0021511592339,0.226810216545025,0.89734007998328,0.987893267017424,66.3491364689143,0.348817597563236,0.413461538461538,0.947115384615385,208
"UMass-flusion",2024-02-17,1.15479630617586,1.33720532772633,44.8026431151178,0.292695328067005,1.17732797816214,1.44406891088194,69.7511224781547,0.467213576691112,0.307692307692308,0.927884615384615,208
"UMass-flusion",2024-02-24,1.1590377406123,1.27565735445594,46.4720884125867,0.290248641632378,1.1979334496667,1.40270147294843,71.0752713397634,0.459285592955728,0.365384615384615,0.899038461538462,208
"UMass-flusion",2024-03-02,1.26338434930121,1.36142049120535,42.959511796661,0.269977885603477,1.34047402139472,1.54666802993456,67.3009194996201,0.42921421737817,0.389423076923077,0.913461538461538,208
"UMass-flusion",2024-03-09,0.951706729784541,1.05213112152184,26.3095681272659,0.200471762908242,0.981825513015511,1.13901378802698,41.4956607052601,0.310399427669079,0.567307692307692,0.961538461538462,208
"UMass-flusion",2024-03-16,0.532017791961881,0.73462044890439,20.3111746535437,0.174887445243986,0.565259592419736,0.787992969812547,32.6062579177237,0.272242999832558,0.605769230769231,0.985576923076923,208
"UMass-flusion",2024-03-23,0.439410315956674,0.602436248082756,18.4866802836282,0.174830014403138,0.451349473145002,0.647225499879106,28.3589200250251,0.266990912516405,0.653846153846154,1,208
"UMass-flusion",2024-03-30,0.466994304458136,0.636727331326546,16.1261808875859,0.169328153968509,0.443739336268127,0.628790679208795,23.0504199694669,0.238101977021528,0.745192307692308,0.995192307692308,208
"UMass-flusion",2024-04-06,0.610362587210786,0.759315604820969,16.0790332369646,0.201516043271326,0.57746796353386,0.740381110270331,24.0679278893884,0.294804721307656,0.668269230769231,0.990384615384615,208
"UMass-flusion",2024-04-13,0.558366935678322,0.701151190847793,12.9674632393529,0.230018406913718,0.565859721927345,0.737132167998949,19.3526479968179,0.346591351026202,0.649038461538462,0.995192307692308,208
"UMass-flusion",2024-04-20,0.36719098448211,0.589964572437139,9.58129871401891,0.219114685983195,0.331753088150045,0.564504920769978,13.2406699021393,0.315261742338438,0.730769230769231,1,208
"UMass-flusion",2024-04-27,0.38029304101558,0.594407930209084,9.25817758927185,0.249924784582718,0.345477515631698,0.596186078485718,12.6641921373844,0.36510830235191,0.634615384615385,0.990384615384615,208
"UMass-flusion",2024-05-04,0.390492415254541,0.546430139690644,9.65232724015561,0.310736290712322,0.369946464464094,0.542739044176561,14.7979312249041,0.48879243344718,0.514423076923077,0.995192307692308,208
"UMass-flusion",2024-05-11,0.504251048672509,0.739132137608049,13.2247985394672,0.677980527337114,0.462245089186052,0.688835663964304,20.1511727160221,1.05840045980605,0.358974358974359,0.935897435897436,156
"UMass-flusion",2024-05-18,0.52628827716814,0.752736244042225,11.5559619560058,0.690961955625551,0.478982023509115,0.676825351992261,17.6289109108546,1.09631826109943,0.44,0.92,100
"UMass-flusion",2024-05-25,0.607257079561365,0.802218711018128,12.1885840928971,0.691454081590816,0.544106670715521,0.698702488733083,18.2373854259604,1.11797957831667,0.48,0.9,50
"UMass-trends_ensemble",2023-10-14,0.862446171882204,0.871210007045954,5.12584448160535,0.327649342915521,1.02372597891235,1.01592142573397,6.80769230769231,0.495043417595091,0.788461538461538,0.980769230769231,52
"UMass-trends_ensemble",2023-10-21,0.81195404611632,0.790686631492158,6.52764841137124,0.320447706216169,0.917201445310699,0.878105553942074,8.97115384615385,0.427125945353955,0.807692307692308,0.971153846153846,104
"UMass-trends_ensemble",2023-10-28,0.74944703475156,0.791692038066716,7.18567586399108,0.348917776355416,0.81743693537816,0.907897982400199,10.1153846153846,0.451731715459535,0.794871794871795,0.980769230769231,156
"UMass-trends_ensemble",2023-11-04,0.805839857002043,0.821160484678024,9.55373954849498,0.368746868756785,0.866372517735616,0.942070149200961,14.7451923076923,0.532351641305381,0.759615384615385,0.990384615384615,208
"UMass-trends_ensemble",2023-11-11,0.842381262038681,0.833638825184774,13.1736360785953,0.39574997245109,0.851607462386824,0.891761810293747,21.3966346153846,0.600791680865239,0.673076923076923,0.975961538461538,208
"UMass-trends_ensemble",2023-11-18,0.867207006224785,0.846136842463775,18.1453699832776,0.418445603286972,0.883662538534856,0.867801521465412,29.2788461538462,0.643401514573813,0.653846153846154,0.956730769230769,208
"UMass-trends_ensemble",2023-11-25,0.844563909364969,0.838028247777237,20.2801348244147,0.419354764003347,0.85796316993182,0.878535957015157,33.1514423076923,0.664992433673833,0.581730769230769,0.913461538461538,208
"UMass-trends_ensemble",2023-12-02,0.813017138223631,0.778681663466571,29.0823683110368,0.423184408349695,0.857836613823809,0.849909027945404,48.1081730769231,0.71300681001684,0.423076923076923,0.870192307692308,208
"UMass-trends_ensemble",2023-12-09,0.760434938161433,0.757493838955658,34.1923432274248,0.401447739573078,0.840829857969605,0.839695001605356,57.0625,0.674928222886994,0.432692307692308,0.875,208
"UMass-trends_ensemble",2023-12-16,0.749741089482535,0.742405549715942,53.2041115311909,0.434143245908837,0.854501472556184,0.835206792883866,84.4565217391304,0.719273615611439,0.352657004830918,0.782608695652174,207
"UMass-trends_ensemble",2023-12-23,0.801116203443249,0.767664573691213,108.934189245957,0.549334702314878,0.895020547684893,0.865125600221695,153.770531400966,0.852415706555512,0.178743961352657,0.526570048309179,207
"UMass-trends_ensemble",2023-12-30,0.768832351568205,0.73207772132574,148.067079395085,0.553379303541854,0.88973746959556,0.855233107419976,206.5,0.847087918751238,0.178743961352657,0.454106280193237,207
"UMass-trends_ensemble",2024-01-06,0.715784580443514,0.697210164533221,75.6609714345726,0.311311928180461,0.882935661027604,0.829783169872109,121.386473429952,0.500487898144485,0.434782608695652,0.869565217391304,207
"UMass-trends_ensemble",2024-01-13,1.02899179962262,0.923310055188195,66.5709897575251,0.228166757772425,1.1673483239509,1.02017779387735,104.322115384615,0.345217093197298,0.5625,0.975961538461538,208
"UMass-trends_ensemble",2024-01-20,1.27110908873069,1.05735211078296,94.0633193979933,0.306385044102544,1.45638407382267,1.23038444869343,147.598557692308,0.481861880917581,0.418269230769231,0.951923076923077,208
"UMass-trends_ensemble",2024-01-27,1.21692133841967,1.09637479678387,91.7533079013378,0.292559587062669,1.36613713527511,1.21924160896389,141.641826923077,0.445201810961438,0.576923076923077,0.961538461538462,208
"UMass-trends_ensemble",2024-02-03,0.969932244458733,0.988784834696927,63.6278856605351,0.279702639949074,1.0578174728291,1.04589149358289,97.5168269230769,0.405693360869888,0.673076923076923,0.971153846153846,208
"UMass-trends_ensemble",2024-02-10,0.895563186390826,1.05548775063137,43.2408141722408,0.253674279516208,0.887845540893506,0.92173269750446,63.25,0.318754847270798,0.793269230769231,0.990384615384615,208
"UMass-trends_ensemble",2024-02-17,0.906401602582708,1.17841034458353,34.1248191889632,0.252813178445537,0.82946512758826,0.907158289360585,47.1875,0.283848546921383,0.802884615384615,0.985576923076923,208
"UMass-trends_ensemble",2024-02-24,0.940110766838434,1.14476764983104,36.968141722408,0.256888486849137,0.888489118321801,0.94701611669239,52.1153846153846,0.308858724998896,0.735576923076923,0.971153846153846,208
"UMass-trends_ensemble",2024-03-02,0.957951389182058,1.23537346066257,32.1751557274247,0.243952255990974,0.896265710124892,1.0028020673953,45.2668269230769,0.284242999937087,0.759615384615385,0.985576923076923,208
"UMass-trends_ensemble",2024-03-09,1.01860448880446,1.1786615390277,27.9779797240803,0.221951726744373,0.915601526096675,0.994214432066856,38.3389423076923,0.266987470254752,0.778846153846154,0.985576923076923,208
"UMass-trends_ensemble",2024-03-16,0.933501046038345,1.04573255612024,36.0083904682274,0.249214730257575,0.942826960626998,0.974792012543858,54.875,0.336094907390104,0.620192307692308,0.971153846153846,208
"UMass-trends_ensemble",2024-03-23,0.982456491815685,1.00970689547817,42.2431427675585,0.296938135469493,1.05145527468091,1.03649372889613,67.4591346153846,0.430479351966074,0.605769230769231,0.947115384615385,208
"UMass-trends_ensemble",2024-03-30,1.00964814219591,1.04518092298113,35.2158058110368,0.279380423540639,1.07892237110761,1.0608428155677,56.6201923076923,0.403219884487711,0.706730769230769,0.961538461538462,208
"UMass-trends_ensemble",2024-04-06,1.05535309863097,1.06038343196354,27.6411214464883,0.279051341844235,1.04632565284494,0.995526925384703,43.1394230769231,0.389676123352595,0.788461538461538,0.980769230769231,208
"UMass-trends_ensemble",2024-04-13,1.0752698972104,1.02214974338591,25.8356960702341,0.340041556954432,1.09488687212109,1.02351532921914,39.6322115384615,0.495117909113541,0.730769230769231,0.975961538461538,208
"UMass-trends_ensemble",2024-04-20,0.802713634799428,0.931739553985036,21.2779828595318,0.348276192790574,0.842450241237069,0.929348522327193,34.6346153846154,0.525724702637352,0.764423076923077,0.985576923076923,208
"UMass-trends_ensemble",2024-04-27,0.811005961497731,0.885269069439729,20.2398432274247,0.376998882381827,0.879548933066073,0.915009778065815,33.9038461538462,0.575897928901659,0.778846153846154,0.995192307692308,208
"UMass-trends_ensemble",2024-05-04,0.807479417883642,0.833997196439021,20.0995526755853,0.474605816940189,0.871767910789857,0.916600507789965,35.1394230769231,0.82495741668095,0.701923076923077,0.966346153846154,208
"UMass-trends_ensemble",2024-05-11,0.803862492784149,0.836422592042756,21.0937918060201,0.76467538104929,0.851107487001328,0.922166619182289,37.224358974359,1.41760168635135,0.653846153846154,0.961538461538462,156
"UMass-trends_ensemble",2024-05-18,0.784483544629786,0.86070530229032,17.3284543478261,0.789356771047813,0.76795288496849,0.886943015759375,28.415,1.44255216348418,0.74,0.98,100
"UMass-trends_ensemble",2024-05-25,0.813827405315556,0.887492880038742,16.4299739130435,0.764160629389876,0.767659692896005,0.857452016641357,25.86,1.37326350109064,0.82,0.98,50
"UNC_IDD-InfluPaint",2023-11-11,0.915004882717272,0.721724238924579,10.0133623055227,0.255050079175678,0.7715565896195,0.729290482641705,13.6718476980573,0.379168230869729,0.450980392156863,0.843137254901961,51
"UNC_IDD-InfluPaint",2023-11-18,0.975706319839936,0.792336220987721,16.0135726060679,0.324233437325162,0.841616228141925,0.821125271059151,22.0133048154031,0.50784675984213,0.284313725490196,0.754901960784314,102
"UNC_IDD-InfluPaint",2023-11-25,1.00438411149046,0.821086928837631,20.6306813564937,0.365737236854753,0.835287147409971,0.790264411870863,28.2102443115505,0.538972234570656,0.287581699346405,0.705882352941177,153
"UNC_IDD-InfluPaint",2023-12-02,1.03429996329391,0.869573030728063,41.5737668731379,0.52957890769778,0.861451202984194,0.79447697157051,53.7523430881354,0.744387394319895,0.202614379084967,0.542483660130719,153
"UNC_IDD-InfluPaint",2023-12-09,0.769163859797465,0.657875156044291,37.4522880148801,0.372712891788604,0.727643804958259,0.655223031237381,52.5608483520191,0.560739613987317,0.254901960784314,0.784313725490196,153
"UNC_IDD-InfluPaint",2023-12-16,0.537892753902304,0.517248779529337,39.9771489557791,0.312032308290068,0.535885764251673,0.523643892138484,56.9547708324852,0.477668432111264,0.352941176470588,0.790849673202614,153
"UNC_IDD-InfluPaint",2023-12-23,0.493911006317289,0.451259855016515,61.272987759376,0.278950439670628,0.563119865732162,0.485831359342212,89.0079056295764,0.413454716771185,0.294117647058824,0.725490196078431,153
"UNC_IDD-InfluPaint",2023-12-30,0.449749528478146,0.371629082251995,90.6183558413363,0.292279572130436,0.553265463250534,0.429070235027986,133.933148270251,0.441457882681638,0.254901960784314,0.740196078431373,204
"UNC_IDD-InfluPaint",2024-01-06,0.841890031040529,0.526578105891129,92.5158173328872,0.238564242075458,0.920845520525588,0.560175258420281,131.083511902283,0.343577298914292,0.392156862745098,0.764705882352941,204
"UNC_IDD-InfluPaint",2024-01-13,2.49339652136508,1.76234262646697,168.496367858744,0.435337214111349,2.52100682871929,1.76066900479704,236.200563578806,0.603342747260889,0.112745098039216,0.5,204
"UNC_IDD-InfluPaint",2024-01-20,2.59067465160106,2.12339409491694,201.523374877369,0.631960449266928,2.6570571610949,2.06403308845601,282.358835491618,0.832962195718436,0.0980392156862745,0.338235294117647,204
"UNC_IDD-InfluPaint",2024-01-27,1.98295809666888,1.77386263137019,155.878349002666,0.48721554237447,2.04017681430658,1.76262536810135,219.644344555366,0.661708190095574,0.176470588235294,0.549019607843137,204
"UNC_IDD-InfluPaint",2024-02-03,1.34372303222927,1.36200998336715,91.4006992361707,0.39363213519969,1.32490499826884,1.40897092216846,126.760231965503,0.560192858667396,0.205882352941176,0.627450980392157,204
"UNC_IDD-InfluPaint",2024-02-10,1.53476504518126,1.60577981157837,77.8262790138368,0.397274722410347,1.36708894603854,1.58248237974134,102.424073074569,0.564848572141051,0.240196078431373,0.598039215686274,204
"UNC_IDD-InfluPaint",2024-02-17,1.77906601548453,2.11714792988948,69.5747158232423,0.469288911029514,1.57739841666943,2.08856157972868,93.4739070391167,0.680287618721757,0.21078431372549,0.598039215686274,204
"UNC_IDD-InfluPaint",2024-02-24,1.37241356330804,1.62055091715898,55.1808180999573,0.377167139154489,1.28751539922032,1.65096085692126,76.0158460070896,0.550515087671478,0.279411764705882,0.686274509803922,204
"UNC_IDD-InfluPaint",2024-03-02,1.23493657314245,1.28368074261647,41.4509184991167,0.256566870790139,1.23570568761345,1.39717657611077,60.752834506042,0.387718196091551,0.372549019607843,0.808823529411765,204
"UNC_IDD-InfluPaint",2024-03-09,1.08739010051739,1.06829675094329,31.0339576702706,0.20964913006267,1.08414451527684,1.15421732082852,46.9490850500644,0.320580630658301,0.387254901960784,0.862745098039216,204
"UNC_IDD-InfluPaint",2024-03-16,0.916718999502456,0.939171330298965,36.8274650419438,0.229672009336407,0.875968314465539,0.971825534364101,53.1491320752441,0.344737357385539,0.338235294117647,0.779411764705882,204
"UNC_IDD-InfluPaint",2024-03-23,0.622283533532787,0.767732317408273,27.479784597602,0.231340883022492,0.637896733562936,0.837364022111152,42.0300660521641,0.357665671360301,0.318627450980392,0.833333333333333,204
"UNC_IDD-InfluPaint",2024-03-30,0.607046187232516,0.749202448143752,21.6780863779713,0.203151098501464,0.622206552802662,0.840200200238977,33.0560584931103,0.321492373105699,0.313725490196078,0.892156862745098,204
"UNC_IDD-InfluPaint",2024-04-06,0.816408335658977,0.850861171182222,25.2458019096549,0.252295658758128,0.743962347139119,0.890051490868275,34.6812071308873,0.376600447719494,0.38562091503268,0.810457516339869,153
"UNC_IDD-InfluPaint",2024-04-13,0.934514358684529,0.983296618043909,23.434988867441,0.338732660384449,0.881527901282588,1.02580724991677,32.9061906101569,0.503414906663813,0.281045751633987,0.77124183006536,153
"UNC_IDD-InfluPaint",2024-04-20,0.55523943483193,0.808576078864644,14.4435388953097,0.29538268132519,0.543644298810186,0.839472545247416,21.5773539512966,0.453445445610742,0.38562091503268,0.856209150326797,153
"UNC_IDD-InfluPaint",2024-04-27,0.480467676470302,0.624292665401483,10.8548983158705,0.24688510101311,0.493767763915438,0.677026719408952,16.9698451707698,0.385748385253101,0.477124183006536,0.928104575163399,153
"UNC_IDD-InfluPaint",2024-05-04,0.295248742872565,0.473686986712194,7.30429824467617,0.272865517934554,0.283322896445276,0.456361556095259,11.4327048341789,0.418503462361574,0.514705882352941,0.92156862745098,204
"UNC_IDD-InfluPaint",2024-05-11,0.378339235710627,0.713492038675248,9.87017771398268,0.658262014054768,0.335652130678101,0.587964373377819,14.7063057738316,0.916245804403755,0.320261437908497,0.673202614379085,153
"UNC_IDD-InfluPaint",2024-05-18,0.323229952262852,0.606011241734988,6.99665688008023,0.554214877405072,0.298711375357326,0.513263347280697,10.8857784459448,0.832544105711915,0.26530612244898,0.704081632653061,98
"UNC_IDD-InfluPaint",2024-05-25,0.3590494921528,0.654068061657531,6.99470064344619,0.547843107774594,0.317806776661805,0.524766866294844,10.4174689688038,0.824501245891638,0.387755102040816,0.653061224489796,49
"UVAFluX-Ensemble",2023-10-14,0.752968813291458,0.860411098332706,4.68708365197307,0.341285331682394,0.985276862475659,0.978100657486264,6.91569970654302,0.494614531481915,0.307692307692308,0.673076923076923,52
"UVAFluX-Ensemble",2023-10-21,0.881191232534736,0.755763094854269,7.41417111118666,0.314422423634597,1.02153217155566,0.940852869202768,10.1262215141771,0.458540942237212,0.298076923076923,0.711538461538462,104
"UVAFluX-Ensemble",2023-10-28,0.725011841509746,0.699314210367794,7.56816922474997,0.314466933848518,0.829059940728103,0.882385578286169,10.5683098862121,0.446225792921755,0.384615384615385,0.756410256410256,156
"UVAFluX-Ensemble",2023-11-04,0.880767265863652,0.717976536595116,10.996645575193,0.331124826691768,0.844708904377658,0.822584160473516,14.7028957948771,0.475328356269344,0.302884615384615,0.668269230769231,208
"UVAFluX-Ensemble",2023-11-11,1.02466750934868,0.735608161055887,16.3863397003635,0.347045658575096,0.839544770439355,0.726432334205653,21.2935761566474,0.48788147515,0.346153846153846,0.677884615384615,208
"UVAFluX-Ensemble",2023-11-18,1.02726188923939,0.811072322051425,21.7504769480444,0.400454817579043,0.831143455252985,0.747184557828854,27.6569161973242,0.554167736115342,0.307692307692308,0.591346153846154,208
"UVAFluX-Ensemble",2023-11-25,0.960715478493555,0.775157531810159,23.2005838794795,0.386302899950013,0.785751132336255,0.703474616517888,30.4793220116785,0.53200091333463,0.3125,0.615384615384615,208
"UVAFluX-Ensemble",2023-12-02,0.867684167000664,0.789769056262385,31.3311523876371,0.430807651900621,0.724620899969237,0.684625528922571,40.737947050931,0.573118175782053,0.201923076923077,0.451923076923077,208
"UVAFluX-Ensemble",2023-12-09,0.744584234560136,0.777922830452164,34.6771531539544,0.425440129715788,0.633195021592847,0.659643638312863,43.8314330270983,0.541570937185235,0.245192307692308,0.471153846153846,208
"UVAFluX-Ensemble",2023-12-16,0.658107558400788,0.717115520269469,49.6520296822742,0.450041177743937,0.595000244827469,0.624539974271927,62.0240384615385,0.567528523841464,0.211538461538462,0.504807692307692,208
"UVAFluX-Ensemble",2023-12-23,0.673945245525912,0.717224720131447,93.128741638796,0.527638399767913,0.682826916210362,0.664544679812708,118.346153846154,0.665139252443018,0.158653846153846,0.442307692307692,208
"UVAFluX-Ensemble",2023-12-30,0.570053837350425,0.596443279826813,111.868927675585,0.465475826816173,0.651682827765752,0.621776969476106,153.028846153846,0.630576413215583,0.177884615384615,0.600961538461538,208
"UVAFluX-Ensemble",2024-01-06,0.685549083449035,0.557358951867497,73.0068290133779,0.249803628568454,0.803263699974305,0.62969451051778,111.201923076923,0.383307879123153,0.389423076923077,0.889423076923077,208
"UVAFluX-Ensemble",2024-01-13,1.89237406519736,1.19956532850847,124.651780936455,0.290023855599553,1.99067629812127,1.28578068022175,181.442307692308,0.430663004796189,0.288461538461538,0.778846153846154,208
"UVAFluX-Ensemble",2024-01-20,2.41902343624447,1.56855055745583,183.943212792642,0.455118892117698,2.49055006601599,1.61025385162767,259.110576923077,0.635456920740837,0.225961538461538,0.596153846153846,208
"UVAFluX-Ensemble",2024-01-27,2.08129884654934,1.50785513359536,159.495196488294,0.402178080016323,2.14450500817183,1.55844009828218,226.033653846154,0.57190076556447,0.3125,0.706730769230769,208
"UVAFluX-Ensemble",2024-02-03,1.00546823312907,1.02948403147365,66.4057148829431,0.292159716917744,1.10993116508475,1.12081393050506,103.673076923077,0.439872902829911,0.442307692307692,0.884615384615385,208
"UVAFluX-Ensemble",2024-02-10,0.914478329075721,0.986794884333366,44.3154598662207,0.236698888253912,0.922459864333402,0.992137336180854,66.0288461538462,0.343035755201237,0.5625,0.951923076923077,208
"UVAFluX-Ensemble",2024-02-17,0.96259892303693,1.14290272802582,36.2405727424749,0.244591017997709,0.963062298793395,1.15374606835286,54.9759615384615,0.363864234820707,0.552884615384615,0.947115384615385,208
"UVAFluX-Ensemble",2024-02-24,0.977691623409556,1.12682012123924,38.9848829431438,0.253681458809596,0.975625217581009,1.1653594859931,57.6057692307692,0.379494272301199,0.524038461538462,0.942307692307692,208
"UVAFluX-Ensemble",2024-03-02,1.04815607264322,1.15332089627655,35.2288524247492,0.226892276276652,1.06817218392148,1.24578500777475,52.9423076923077,0.342333830391592,0.548076923076923,0.9375,208
"UVAFluX-Ensemble",2024-03-09,1.07042614471896,1.09817316978747,29.4557796822742,0.205922232197903,1.03429784636457,1.10637804811795,43.4134615384615,0.296897299528501,0.591346153846154,0.942307692307692,208
"UVAFluX-Ensemble",2024-03-16,1.07468876429832,1.05253964340447,41.5531793478261,0.247983697086743,1.052368619605,1.03111995614075,61.5817307692308,0.353894574863104,0.528846153846154,0.875,208
"UVAFluX-Ensemble",2024-03-23,1.00414190775357,0.964909304764059,43.1665342809365,0.28030136553291,0.98651379672814,0.969338488260552,64,0.403969835246877,0.461538461538462,0.855769230769231,208
"UVAFluX-Ensemble",2024-03-30,0.962354950606549,0.934855644249767,33.6553574414716,0.250647430893287,0.987368357382653,1.00991225580113,51.7355769230769,0.383197922317474,0.514423076923077,0.908653846153846,208
"UVAFluX-Ensemble",2024-04-06,0.892679041805251,0.873990262271282,23.1691492474916,0.231580314986311,0.916207453213847,0.929025741902163,36.7451923076923,0.359052630227509,0.591346153846154,0.961538461538462,208
"UVAFluX-Ensemble",2024-04-13,0.732363458052717,0.795758015314673,17.4669586120401,0.267678305727882,0.773268985714014,0.865845338779792,27.6201923076923,0.420184089330967,0.591346153846154,0.985576923076923,208
"UVAFluX-Ensemble",2024-04-20,0.647859245167767,0.763198915118665,18.6373411371237,0.31340133964151,0.690633928844595,0.837164939139515,30.5705128205128,0.515990066684368,0.461538461538462,0.987179487179487,156
"UVAFluX-Ensemble",2024-04-27,0.702819754853134,0.770077034188821,17.6703010033445,0.333478220436801,0.762048900486845,0.88236289784163,29.2179487179487,0.559432943480884,0.429487179487179,0.987179487179487,156
"UVAFluX-Ensemble",2024-05-04,0.770366907221183,0.815087150846928,17.6221265328874,0.441585935106076,0.780127504320684,0.838795137236755,28.9230769230769,0.719674802715712,0.33974358974359,0.980769230769231,156
"UVAFluX-Ensemble",2024-05-11,0.793918954054493,0.976124564737784,17.7342600334448,0.848270144370405,0.78116215109009,0.888864615623709,28.7788461538462,1.28142838020006,0.230769230769231,0.932692307692308,104
"UVAFluX-Ensemble",2024-05-18,0.86508494072361,1.07143068462541,18.887152173913,0.983619146059348,0.832241374618973,0.923100390214105,30.62,1.49996508394074,0.13,0.94,100
"UVAFluX-Ensemble",2024-05-25,0.843231690239669,1.12436210059726,17.1401217391304,0.980932883992983,0.828627037752409,0.935874253337534,28.22,1.5098024802118,0.14,0.94,50
"VTSanghani-Ensemble",2023-10-14,6.02619386094442,2.91243220020179,34.7858586120401,1.06157799876855,7.17129492323016,3.46061064734116,47.7198076923077,1.65945914111753,0.288461538461538,0.692307692307692,52
"VTSanghani-Ensemble",2023-10-21,3.15321870178751,1.85185164019791,25.7383307274247,0.753338543710148,3.47106600500094,2.2832983928274,34.1552884615385,1.11316942852745,0.230769230769231,0.673076923076923,104
"VTSanghani-Ensemble",2023-10-28,2.44627252315833,1.64344625009218,24.4731447881828,0.730946844660492,2.52987853337274,2.10600455834979,32.2250641025641,1.08872545600953,0.237179487179487,0.67948717948718,156
"VTSanghani-Ensemble",2023-11-04,2.20365799518255,1.39036181169922,26.6296894439799,0.643444386270362,1.93602121607184,1.62264355426421,33.9447115384615,0.971817600553008,0.197115384615385,0.697115384615385,208
"VTSanghani-Ensemble",2023-11-11,1.61703973643043,1.17771457409408,26.1954652591973,0.563056652828415,1.28500695112702,1.19554368178828,32.5285096153846,0.807306085989483,0.225961538461538,0.668269230769231,208
"VTSanghani-Ensemble",2023-11-18,1.57296588387836,1.22469448768892,34.0981330058528,0.616338865857386,1.25082779206978,1.14601566896465,42.2198076923077,0.8632423071847,0.341346153846154,0.725961538461538,208
"VTSanghani-Ensemble",2023-11-25,1.48372507840974,1.21309532608909,36.8235296544036,0.611437472721506,1.26665773184748,1.18906446873147,50.0750641025641,0.912222156566994,0.4375,0.778846153846154,208
"VTSanghani-Ensemble",2023-12-02,1.32142849529611,1.09096032093969,49.015940900223,0.592500388584728,1.17238391092917,0.932662464159793,67.660280448718,0.785726598266934,0.548076923076923,0.774038461538462,208
"VTSanghani-Ensemble",2023-12-09,1.23086725210468,1.02885339318835,56.9459401564242,0.549934849784511,1.09083710485701,0.887609378548179,75.8301442307692,0.725780385345948,0.360576923076923,0.591346153846154,208
"VTSanghani-Ensemble",2023-12-16,1.07320823712107,0.993952223055523,77.915555932971,0.577647260087984,0.945342277264049,0.883264247150934,95.3854126602564,0.758565972287338,0.153846153846154,0.384615384615385,208
"VTSanghani-Ensemble",2023-12-23,1.02538290034922,1.03741396143547,140.726962411162,0.749752808020997,0.927239417858934,0.896184560215606,160.130012019231,0.885522830036854,0.0673076923076923,0.129807692307692,208
"VTSanghani-Ensemble",2023-12-30,1.04791405892099,1.01912193130956,207.095632174958,0.786898701750267,0.979974019159981,0.908774021752664,232.11390625,0.914123619695892,0.0240384615384615,0.0961538461538462,208
"VTSanghani-Ensemble",2024-01-06,1.05266267255921,0.979218242894261,115.330983319398,0.444817245267287,1.00311979144461,0.897734813546818,142.021274038462,0.551517913777027,0.144230769230769,0.322115384615385,208
"VTSanghani-Ensemble",2024-01-13,1.28489496845842,1.11744586305579,80.6010456312709,0.267610931443655,1.27869277105206,1.10502151436415,111.612788461538,0.367946796505412,0.197115384615385,0.509615384615385,208
"VTSanghani-Ensemble",2024-01-20,1.23157449542498,1.19794461112177,104.738764576366,0.389962764490845,1.22759365637151,1.1455927196051,143.559391025641,0.509772806097337,0.128205128205128,0.365384615384615,156
"VTSanghani-Ensemble",2024-01-27,1.23064918128343,1.36652655800779,102.352091847826,0.391596648807742,1.2558585033414,1.31971603438868,144.680480769231,0.525122932437197,0.0705128205128205,0.371794871794872,156
"VTSanghani-Ensemble",2024-02-03,2.36729433658424,2.11429585158264,188.473581709866,0.694783877287009,2.12558492629993,1.80430734438024,237.776057692308,0.818709926823391,0.0192307692307692,0.0769230769230769,104
"VTSanghani-Ensemble",2024-02-10,0.930617457762513,1.03193437529237,39.4478081939799,0.22142812239323,0.852631507852952,0.933996285683481,53.9720192307692,0.294915319851849,0.259615384615385,0.596153846153846,104
"VTSanghani-Ensemble",2024-02-17,1.35667699245101,1.37164321919752,48.8468770624303,0.278017224606642,1.19142003786889,1.22516383256393,65.5163461538462,0.368894673860185,0.256410256410256,0.506410256410256,156
"VTSanghani-Ensemble",2024-02-24,1.45419410176891,1.38496037511109,49.1998921822742,0.263058801391351,1.34811295277789,1.33939158351153,66.0355769230769,0.354330641516917,0.230769230769231,0.525641025641026,156
"VTSanghani-Ensemble",2024-03-02,1.72150925088817,1.47497262563284,57.7914854410535,0.291091468088891,1.47999437373195,1.38599041638998,72.2597836538462,0.376354180820851,0.211538461538462,0.451923076923077,208
"VTSanghani-Ensemble",2024-03-09,1.55289153764857,1.3255721715621,46.4551739687848,0.275522009184801,1.46070872406544,1.35613301243722,64.40375,0.386723912472792,0.294871794871795,0.57051282051282,156
"VTSanghani-Ensemble",2024-03-16,1.27286940127709,1.17888011027652,46.7801510312152,0.28123671229387,1.18857350728152,1.15057643703501,63.0955128205128,0.384370686050978,0.217948717948718,0.487179487179487,156
"VTSanghani-Ensemble",2024-03-23,1.75563033009864,1.5717028135753,67.4182257246377,0.430815333764964,1.54209173530574,1.41943944664612,85.4047115384615,0.536336734649599,0.16025641025641,0.352564102564103,156
"VTSanghani-Ensemble",2024-03-30,2.27422424582166,2.04219884860351,75.5001953595318,0.530435506826699,1.98038725038365,1.79489361832522,97.5528365384615,0.655939690288142,0.0576923076923077,0.144230769230769,104
"VTSanghani-Ensemble",2024-04-06,2.38328064937577,1.94660247816166,62.3000636984392,0.506455259850428,1.99795906052298,1.66120318573873,79.3169230769231,0.620286759103494,0.141025641025641,0.288461538461538,156
"VTSanghani-Ensemble",2024-04-13,1.89704956876306,1.52414325467034,43.0316993589744,0.479492116304201,1.76189192482405,1.42269217993242,58.3967628205128,0.633725414149658,0.185897435897436,0.467948717948718,156
"VTSanghani-Ensemble",2024-04-20,0.894783210927567,0.96128330676276,21.7392077341137,0.322266530059435,0.864522953978997,0.927207114681905,32.3255769230769,0.46409743882321,0.307692307692308,0.653846153846154,156
"VTSanghani-Ensemble",2024-04-27,1.165091937577,1.11585482093433,28.0990269021739,0.465179669650091,1.11581209443431,1.08806729473115,40.8058653846154,0.653681710159474,0.153846153846154,0.519230769230769,208
"VTSanghani-Ensemble",2024-05-04,1.24963832743818,1.30494831652467,30.7914706260452,0.736814498356179,1.05841980128267,1.0660395133407,42.3924278846154,0.953441981894271,0.115384615384615,0.322115384615385,208
"VTSanghani-Ensemble",2024-05-11,1.2351333484579,1.38727712804033,32.2480407539019,1.26666090861963,0.999735702572359,1.01967815059337,43.6934294871795,1.56519078067018,0.0641025641025641,0.269230769230769,156
"VTSanghani-Ensemble",2024-05-18,1.33410766156834,1.50616565098489,28.9851478586957,1.37341449080618,1.05750452300154,1.05077455457403,38.807325,1.70162037938329,0.06,0.24,100
"VTSanghani-Ensemble",2024-05-25,1.37943314400743,1.55890485901254,27.750072826087,1.34098806631522,1.13308118921944,1.08115477608675,38.4937,1.73903946444251,0.02,0.22,50
"cfa-flumech",2023-10-14,1.23617649513955,1.02761835835412,7.46718688335413,0.389688736383403,1.38739179737819,1.22255457524662,9.54612870604426,0.591835132762695,0.288461538461538,0.807692307692308,52
"cfa-flumech",2023-10-21,1.13337582161983,0.847961815213822,9.42917376020281,0.349776520477829,1.06801395056155,1.01342754924918,10.611941668844,0.492539553671723,0.519230769230769,0.894230769230769,104
"cfa-flumech",2023-10-28,1.13269827052032,0.823913131413606,11.2501005209237,0.37458269265577,1.01197058410267,1.00033669653057,12.2171971907624,0.513107346560211,0.522875816993464,0.888888888888889,153
"cfa-flumech",2023-11-04,1.19304255594998,0.885831571839524,11.8976775438421,0.376555723208287,1.03145582210088,1.00068990576903,14.9566901487619,0.534642099924009,0.477124183006536,0.875816993464052,153
"cfa-flumech",2023-11-11,1.06544277301504,0.806809601165574,16.4861343469097,0.385453176664228,0.897591025407587,0.817602467925188,21.9888110562586,0.552289732407428,0.434146341463415,0.892682926829268,205
"cfa-flumech",2023-11-18,1.13075229059525,0.873613479793915,23.4158652211236,0.434562938698309,0.971729923951128,0.853983012380281,31.7479662891982,0.63921135259811,0.248780487804878,0.736585365853659,205
"cfa-flumech",2023-11-25,1.13234075621301,0.769578290465144,27.9200520852873,0.386759274950721,0.994421949300134,0.751102684619411,39.4749334820028,0.57363279484399,0.302884615384615,0.778846153846154,208
"cfa-flumech",2023-12-02,1.11892979955638,0.83447011064721,42.3385052566159,0.461891680215442,0.99467677730546,0.759005908784347,58.5845513876711,0.645595676942075,0.283653846153846,0.658653846153846,208
"cfa-flumech",2023-12-09,1.30235777697942,0.763599906278086,63.6670386346325,0.41579965947872,1.24050087849179,0.717212665226252,89.4705292757441,0.583940830968412,0.288461538461538,0.75,208
"cfa-flumech",2023-12-16,1.02990340129313,0.61655706108222,82.4519280999139,0.376362605210448,1.05217461284382,0.600287761480213,114.83827347308,0.530764435514042,0.384615384615385,0.8125,208
"cfa-flumech",2023-12-23,0.619119642417318,0.508215828326152,85.821386114822,0.372604010486391,0.715103248059765,0.534811586725695,124.049567079536,0.533778431310965,0.355769230769231,0.764423076923077,208
"cfa-flumech",2023-12-30,0.510440795489743,0.430611092734379,101.880029180602,0.338045703354607,0.645109413685885,0.504692288464625,153.737980769231,0.514523601188817,0.259615384615385,0.697115384615385,208
"cfa-flumech",2024-01-06,0.76012408368836,0.499957383349975,80.726515805503,0.223704548842405,0.890163942772004,0.575602935046313,122.900966183575,0.349501546777316,0.536231884057971,0.985507246376812,207
"cfa-flumech",2024-01-13,2.08288648397961,1.33223897838059,134.306282186577,0.318101811359778,2.25527279337635,1.48192588873712,201.322815533981,0.491369458169536,0.383495145631068,0.830097087378641,206
"cfa-flumech",2024-01-20,2.34011570781156,1.57010026558031,174.135783991135,0.450170951296319,2.63122714712711,1.73882354450178,269.184466019417,0.681546835766855,0.305825242718447,0.742718446601942,206
"cfa-flumech",2024-01-27,1.82709261129586,1.56015925765725,137.343744723512,0.412203954356196,2.07303286119921,1.75923383813339,215.550970873786,0.641202988671679,0.184466019417476,0.786407766990291,206
"cfa-flumech",2024-02-03,1.44402374916144,1.59235861417266,95.5522043688301,0.452392841403958,1.53406271145467,1.73155432491408,143.142512077295,0.677449353425025,0.207729468599034,0.642512077294686,207
"cfa-flumech",2024-02-10,1.7516640494393,2.23713321193111,88.8558703549246,0.55772781120841,1.57630982273181,2.17386403906386,117.773431122449,0.779502382533536,0.168367346938776,0.494897959183673,196
"cfa-flumech",2024-02-17,2.16250397792721,2.73284556413308,84.5679557922456,0.611755421397737,1.8568641732849,2.60444747587438,110.065966494845,0.853448752156602,0.221649484536082,0.572164948453608,194
"cfa-flumech",2024-02-24,1.95787841604978,2.37253138685794,83.80316518218,0.614326656913603,1.77111562119221,2.38424219013831,111.957679577465,0.879846539850284,0.253521126760563,0.633802816901408,142
"cfa-flumech",2024-03-02,2.20212602303337,2.53507287111325,72.5510373555901,0.517556736478553,2.11456717901992,2.72976093867551,103.103039285714,0.773510932098506,0.35,0.814285714285714,140
"cfa-flumech",2024-03-09,1.91866016740796,2.04467911261765,51.406779576659,0.381227224861693,1.86995854205111,2.22541614822045,76.4934210526316,0.593679749371816,0.486842105263158,0.921052631578947,152
"cfa-flumech",2024-03-16,0.733595201475905,1.1450491531738,26.831870256917,0.250962328806801,0.736611972139929,1.20742506602761,41.8441558441558,0.390844484142951,0.545454545454545,0.980519480519481,154
"cfa-flumech",2024-03-23,0.548991794537972,0.856415381067111,22.8456392530658,0.253975913386964,0.531263689088717,0.906462285761055,33.1,0.380208263285186,0.656410256410256,0.979487179487179,195
"cfa-flumech",2024-03-30,0.619153906391923,0.7998863112161,20.912736530375,0.220854525467486,0.620458488969066,0.851273350350817,31.445558303125,0.332836378397116,0.67032967032967,1,182
"cfa-flumech",2024-04-06,0.774340210327929,0.887199737305739,21.1915836391317,0.262943094425916,0.811593362325963,0.964930970491809,33.6596573946085,0.409594252026179,0.492307692307692,0.961538461538462,130
"cfa-flumech",2024-04-13,0.743159785418361,0.834571200369085,15.8204566082831,0.286879835224301,0.766767948932821,0.891965433979553,24.3092114496324,0.440134769974146,0.453846153846154,0.907692307692308,130
"cfa-flumech",2024-04-20,0.609102961076887,0.731878258293321,14.8639655188277,0.263950971455638,0.589999619910286,0.762872668660765,22.2243287568902,0.410274239629021,0.481481481481481,0.881481481481482,135
"cfa-flumech",2024-04-27,0.65162854957066,0.708223271860498,15.1344535640343,0.28951886335552,0.648810865721656,0.7582418551741,22.9591836734694,0.447583087151976,0.36734693877551,0.843537414965986,147
"cfa-flumech",2024-05-04,0.703860572594643,0.778321990752909,17.0337434561907,0.440905602678472,0.646185636569077,0.71968263607129,25.3096446700508,0.647061422233508,0.360406091370558,0.736040609137056,197
"cfa-flumech",2024-05-11,0.735383182108808,0.985352580962419,18.1733177961019,0.884181882337087,0.620245659271405,0.780486749976115,25.4758620689655,1.17421462620862,0.241379310344828,0.586206896551724,145
"cfa-flumech",2024-05-18,0.758332056473132,0.99585144821183,16.7324491990847,0.88915673807651,0.645214902699508,0.789904318580805,23.8526315789474,1.2520050283757,0.189473684210526,0.673684210526316,95
"cfa-flumech",2024-05-25,0.845861954561305,0.980985370825798,16.8121573369565,0.831250101822827,0.738337695390588,0.756632723421894,24.5,1.19470677420266,0.270833333333333,0.708333333333333,48
"cfarenewal-cfaepimlight",2023-10-14,0.873555648329329,0.779468479098221,5.37353244147157,0.300499120590482,1.16570043597371,0.947055159862902,8.13461538461539,0.471423123897882,0.615384615384615,0.980769230769231,52
"cfarenewal-cfaepimlight",2023-10-21,1.00646224764693,0.830030980116994,8.14945808946488,0.338358467021404,1.18461938209744,1.09503392714473,11.3894230769231,0.531765508463932,0.644230769230769,0.942307692307692,104
"cfarenewal-cfaepimlight",2023-10-28,1.11355258019615,0.837390167039726,11.9014546544036,0.393955472962104,1.11718785274563,1.14927155415368,14,0.612732066389716,0.621794871794872,0.967948717948718,156
"cfarenewal-cfaepimlight",2023-11-04,1.31863263398625,0.926067718326762,18.441466722408,0.444649223283293,1.05616786008923,1.17171887610469,18.7956730769231,0.713909211101161,0.552884615384615,0.956730769230769,208
"cfarenewal-cfaepimlight",2023-11-11,0.922946098959385,0.868684493029057,14.6820749477425,0.417579809118293,0.810278542883182,0.97222207650248,20.7836538461538,0.669397842733498,0.475961538461538,0.956730769230769,208
"cfarenewal-cfaepimlight",2023-11-18,0.946536234880721,0.882657944197383,20.0208655936455,0.440997399539143,0.868720509803911,0.93060937603032,28.9375,0.697132621992456,0.384615384615385,0.951923076923077,208
"cfarenewal-cfaepimlight",2023-11-25,0.978110415818286,0.848897811880983,23.8104029055184,0.4302400932836,0.880691224979526,0.894651682686521,34.3173076923077,0.683901902408985,0.451923076923077,0.956730769230769,208
"cfarenewal-cfaepimlight",2023-12-02,0.819222925879911,0.714383631058824,29.9804869774247,0.3971505126868,0.74676101742729,0.745688227072674,42.1850961538462,0.631221299099661,0.480769230769231,0.956730769230769,208
"cfarenewal-cfaepimlight",2023-12-09,0.721207623662636,0.638952029041794,33.0051049435619,0.342649843803427,0.707441787543993,0.677110865924726,48.3221153846154,0.544615630521405,0.495192307692308,0.956730769230769,208
"cfarenewal-cfaepimlight",2023-12-16,0.605940172248432,0.575361406160237,43.175535430602,0.33916524676004,0.652062842132455,0.608106989171533,64.6418269230769,0.523312406814773,0.495192307692308,0.951923076923077,208
"cfarenewal-cfaepimlight",2023-12-23,0.588585544682467,0.596320155889046,79.9382425062709,0.430915881987835,0.73326071163909,0.685938410215424,125.550480769231,0.678040389874684,0.326923076923077,0.846153846153846,208
"cfarenewal-cfaepimlight",2023-12-30,0.589202244486445,0.564168679434075,112.616172157191,0.427986452837627,0.739579415302735,0.681596844396739,169.605769230769,0.674452343337354,0.298076923076923,0.831730769230769,208
"cfarenewal-cfaepimlight",2024-01-06,0.941114094448921,0.727295033457664,99.8195924540134,0.323230015857432,1.08822411384254,0.849354783844498,149.915865384615,0.514158932631767,0.370192307692308,0.884615384615385,208
"cfarenewal-cfaepimlight",2024-01-13,1.5244924169953,1.17341370599202,101.90059388587,0.294755004918808,1.62056701607858,1.29396845105011,149.189903846154,0.449784010633779,0.485576923076923,0.918269230769231,208
"cfarenewal-cfaepimlight",2024-01-20,1.23490726238773,1.05738529790965,91.8656517872074,0.307147482237465,1.40786803426552,1.2348121485507,142.810096153846,0.486101423495987,0.447115384615385,0.971153846153846,208
"cfarenewal-cfaepimlight",2024-01-27,0.960285028490389,1.23412396176495,72.8628728365385,0.328806392117689,1.07281580764569,1.43135319958338,112.317307692308,0.523813921018069,0.399038461538462,0.908653846153846,208
"cfarenewal-cfaepimlight",2024-02-03,0.997759756982132,1.58800537502528,66.2978389527592,0.450421904472885,1.15648844164967,1.85709032763894,108.163461538462,0.724173881063466,0.283653846153846,0.870192307692308,208
"cfarenewal-cfaepimlight",2024-02-10,1.40266138163374,2.11401205601487,69.0924974811873,0.512588300967018,1.47834987297287,2.34614246713973,107.658653846154,0.819909767643044,0.278846153846154,0.870192307692308,208
"cfarenewal-cfaepimlight",2024-02-17,1.5574386113714,2.24275300617395,59.8529768045589,0.488770031310802,1.58973692792967,2.43565517269539,92.9441747572816,0.778598658572376,0.305825242718447,0.898058252427185,206
"cfarenewal-cfaepimlight",2024-02-24,1.37156060685266,1.76375835852098,54.3707864710848,0.396347620751125,1.48403092747454,1.98015920264028,85.9271844660194,0.633250364069241,0.364077669902913,0.91747572815534,206
"cfarenewal-cfaepimlight",2024-03-02,1.54635622450009,2.04422130924132,52.2099843863782,0.399900121453195,1.74382447942713,2.40509284969207,86.0320197044335,0.649744573449999,0.330049261083744,0.911330049261084,203
"cfarenewal-cfaepimlight",2024-03-09,1.43465197267043,1.75715704814436,40.8062677462289,0.336522208067763,1.56922055664161,2.05043012106052,66.7117346938775,0.547690065103897,0.418367346938776,0.943877551020408,196
"cfarenewal-cfaepimlight",2024-03-16,0.747993522543257,1.17410395611091,29.5877617039965,0.281538677610194,0.776830325411445,1.28547016712476,45.6893939393939,0.439865312103591,0.54040404040404,0.964646464646465,198
"cfarenewal-cfaepimlight",2024-03-23,0.521477210546217,0.831100880563945,22.4692312362758,0.240190802851395,0.531662634901077,0.929001966792697,34.0858585858586,0.379431189292928,0.611111111111111,1,198
"cfarenewal-cfaepimlight",2024-03-30,0.644706093662054,0.924032568067007,22.5341741086957,0.242228124523099,0.659016765406096,1.00794261711265,34.305,0.372429139869017,0.585,0.975,200
"cfarenewal-cfaepimlight",2024-04-06,0.901321726473013,1.15116824869203,23.7791035949099,0.299944575659621,0.947602057923849,1.30076389447957,38.0146341463415,0.487094773540915,0.44390243902439,0.960975609756098,205
"cfarenewal-cfaepimlight",2024-04-13,0.73331724522056,0.903819404130404,17.1959474424552,0.287831346167546,0.797035752638394,1.04444739130208,27.5098039215686,0.470748744290002,0.470588235294118,0.990196078431373,204
"cfarenewal-cfaepimlight",2024-04-20,0.476698987990784,0.68404542532606,12.6134401205338,0.250288593579724,0.496383439156498,0.744871227353081,19.9752475247525,0.403066569716183,0.579207920792079,0.99009900990099,202
"cfarenewal-cfaepimlight",2024-04-27,0.469454532958969,0.611100714654967,11.6356150559621,0.252699778619444,0.468487560145648,0.652665422063799,17.5792079207921,0.389435419769837,0.603960396039604,0.985148514851485,202
"cfarenewal-cfaepimlight",2024-05-04,0.411169630364178,0.498720765524847,10.4211238699957,0.283976830677153,0.3803018694382,0.503284246946166,15.6509900990099,0.454841395965472,0.53960396039604,0.95049504950495,202
"cfarenewal-cfaepimlight",2024-05-11,0.437974081571446,0.677723598513229,11.7926959545062,0.631474670858453,0.37739079068854,0.586188284537146,16.9139072847682,0.912540650309577,0.403973509933775,0.874172185430464,151
"cfarenewal-cfaepimlight",2024-05-18,0.402176785501011,0.614883425386876,9.09318278798745,0.571823144098467,0.345187852357555,0.520763028956798,13.0876288659794,0.848282998469537,0.525773195876289,0.938144329896907,97
"cfarenewal-cfaepimlight",2024-05-25,0.3704773506591,0.588352976181902,7.82984239130435,0.519252284355325,0.323074463614612,0.489428601031641,11.4166666666667,0.795002545998672,0.625,0.916666666666667,48
"fjordhest-ensemble",2023-10-14,1.32753536875988,1.10205440413824,7.55691287625418,0.399109398216826,0.976039260649576,1.01229983703036,6.95961538461538,0.52172634376786,0.826923076923077,0.942307692307692,52
"fjordhest-ensemble",2023-10-21,1.03375096953705,0.895071505991394,8.15295464046823,0.356515139859019,1.01015292932426,0.932850834274856,10.1525961538462,0.459013570202086,0.807692307692308,0.951923076923077,104
"fjordhest-ensemble",2023-10-28,0.814348197832995,0.756806546082425,8.20241162207358,0.343870793210316,0.85373975528059,0.879873636172677,10.901858974359,0.457669738566044,0.698717948717949,0.935897435897436,156
"fjordhest-ensemble",2023-11-04,0.805652459491071,0.712233762256494,9.853741659699,0.330833619817449,0.871206456200386,0.839178814568337,14.9872115384615,0.484037281713787,0.615384615384615,0.942307692307692,208
"fjordhest-ensemble",2023-11-11,0.820546739012306,0.662828302365659,12.886452048495,0.310816437609275,0.848775779726372,0.739656387826908,21.3286538461538,0.492484714121617,0.519230769230769,0.956730769230769,208
"fjordhest-ensemble",2023-11-18,0.824506628633482,0.694003617012817,17.2926113503344,0.341756686232736,0.863042260885645,0.787517234092102,28.5395673076923,0.582257755736658,0.399038461538462,0.9375,208
"fjordhest-ensemble",2023-11-25,0.801758968072156,0.706037455433571,19.320666638796,0.351374684409897,0.814783212571013,0.782415659397338,31.4795673076923,0.589332340009304,0.427884615384615,0.923076923076923,208
"fjordhest-ensemble",2023-12-02,0.745051185034381,0.714008732590891,27.0135449832776,0.390567219068556,0.787309468780451,0.770447728239694,44.4495192307692,0.647370940570797,0.274038461538462,0.884615384615385,208
"fjordhest-ensemble",2023-12-09,0.651391433008528,0.670375802349628,29.9590852842809,0.364216754400937,0.700808718739567,0.718999913791012,48.5274519230769,0.593999943359432,0.336538461538462,0.884615384615385,208
"fjordhest-ensemble",2023-12-16,0.631315799182652,0.657731023312878,45.3727135869565,0.394950085335305,0.727571508308545,0.709817239761457,72.9690865384615,0.625911314016958,0.254807692307692,0.855769230769231,208
"fjordhest-ensemble",2023-12-23,0.655456850317805,0.671652548677667,89.7761306856187,0.489237635572458,0.802734110185193,0.751082536110059,138.592259615385,0.747436306136418,0.149038461538462,0.658653846153846,208
"fjordhest-ensemble",2023-12-30,0.618564870741538,0.621726554382333,120.056779661371,0.476966401008649,0.79234533920319,0.725924251641077,184.142644230769,0.723378924790881,0.153846153846154,0.673076923076923,208
"fjordhest-ensemble",2024-01-06,0.72175559957366,0.630722123593905,76.7965723871237,0.282479189336825,0.888568953530595,0.742927998744295,122.535480769231,0.449829169373579,0.403846153846154,0.908653846153846,208
"fjordhest-ensemble",2024-01-13,1.52825574155039,1.13191084726361,99.2737805602007,0.274490875070003,1.68904030209601,1.28528816836989,152.13375,0.432683605426101,0.360576923076923,0.850961538461538,208
"fjordhest-ensemble",2024-01-20,1.76592013436988,1.38040199226898,132.349500543478,0.400522732486964,1.95664084975428,1.52675731724465,201.104038461538,0.602498315476047,0.225961538461538,0.677884615384615,208
"fjordhest-ensemble",2024-01-27,1.49608355409852,1.29054079040927,113.969915091973,0.346625100139441,1.65915678331,1.44859871243837,174.57875,0.534875975103543,0.293269230769231,0.759615384615385,208
"fjordhest-ensemble",2024-02-03,0.828977241595709,0.913545626965839,54.2623156772575,0.258763020733927,0.920417701640349,1.04373900072937,84.8220673076923,0.406235190487344,0.413461538461538,0.899038461538462,208
"fjordhest-ensemble",2024-02-10,0.791121880834689,0.863645652677773,38.2632617056856,0.207401590629716,0.882075913937912,0.962057226384882,63.1652403846154,0.333013944208415,0.519230769230769,0.971153846153846,208
"fjordhest-ensemble",2024-02-17,0.87128979553314,0.994790708486112,32.7081091973244,0.212664051450181,0.896261706943938,1.02215010301851,50.8303846153846,0.319122877967325,0.5625,0.951923076923077,208
"fjordhest-ensemble",2024-02-24,0.88551640532076,0.968223774289648,34.3549281563545,0.215383143830373,0.931938561239652,1.00460078250246,53.3146634615385,0.320298719843863,0.557692307692308,0.9375,208
"fjordhest-ensemble",2024-03-02,0.941497380822791,1.08105456252912,31.2607983695652,0.21109191822254,0.990052629066152,1.11464880857555,48.825625,0.307662707154379,0.576923076923077,0.951923076923077,208
"fjordhest-ensemble",2024-03-09,0.902502555359431,0.998185105855519,24.3301907817726,0.184614413870318,0.860457927598389,0.974691442837128,35.590625,0.259056311156715,0.625,0.985576923076923,208
"fjordhest-ensemble",2024-03-16,0.741106132739858,0.846283221499203,28.092254117893,0.198699760871393,0.744994768529661,0.851749215430694,42.3752884615385,0.287604621019052,0.600961538461538,0.956730769230769,208
"fjordhest-ensemble",2024-03-23,0.650482656183488,0.762821996396695,27.469064611204,0.220504794760206,0.66884757180753,0.805238203059068,42.47375,0.331319689909271,0.533653846153846,0.947115384615385,208
"fjordhest-ensemble",2024-03-30,0.646053902903436,0.752398847379891,22.2035748536789,0.198026843311724,0.674552253839197,0.821109832493611,34.8299519230769,0.306086070444781,0.610576923076923,0.975961538461538,208
"fjordhest-ensemble",2024-04-06,0.7321513110124,0.818131061248899,19.1034346989967,0.214631025979884,0.721616614494997,0.858512420760628,29.2273076923077,0.329631626886219,0.504807692307692,0.985576923076923,208
"fjordhest-ensemble",2024-04-13,0.64402401585498,0.74154610932447,14.9209013168896,0.242969824306491,0.671495291555434,0.797376252180415,23.0059615384615,0.3725007330585,0.538461538461538,0.975961538461538,208
"fjordhest-ensemble",2024-04-20,0.456324793542013,0.579961587103669,11.7886073578595,0.21249741154144,0.476880662387145,0.62148305079314,18.6485576923077,0.335186494026867,0.557692307692308,0.980769230769231,208
"fjordhest-ensemble",2024-04-27,0.495526162935576,0.625973535248987,11.9832819607023,0.261545579412855,0.519328985844649,0.690026070195083,18.8866826923077,0.413901263210679,0.466346153846154,0.951923076923077,208
"fjordhest-ensemble",2024-05-04,0.533445892618738,0.687293203004565,13.192479159699,0.391965609222102,0.520935370947535,0.691816200028052,21.0285096153846,0.627201118682054,0.336538461538462,0.899038461538462,208
"fjordhest-ensemble",2024-05-11,0.60460352466941,0.950816089745744,15.7593476867336,0.873971030986977,0.540921287210117,0.766627995595364,23.5139743589744,1.17691052624305,0.205128205128205,0.608974358974359,156
"fjordhest-ensemble",2024-05-18,0.523616136653547,0.904977601046028,11.360630826087,0.832626673155482,0.461003295942936,0.70919051819091,16.851,1.15114829921852,0.13,0.63,100
"fjordhest-ensemble",2024-05-25,0.431814321748506,0.822867962862202,8.5601532173913,0.711653546048407,0.375238503364236,0.631272160509097,12.4468,1.01164127037736,0.3,0.7,50
