"model_id","reference_date","wis_scaled_relative_skill","wis_scaled_relative_skill__log","wis","wis__log","ae_median_scaled_relative_skill","ae_median_scaled_relative_skill__log","ae_median","ae_median__log","interval_coverage_50","interval_coverage_95","n"
"CEPH-Rtrend_fluH",2024-11-30,0.376677156596714,0.254483916829524,1566.10293478261,0.16978145092974,0.49776870727777,0.341149435946108,2958.75,0.305425633092193,0.5,1,4
"CEPH-Rtrend_fluH",2024-12-07,0.593574284693437,0.44913544837179,5426.69086956522,0.413920472168698,0.744930655579346,0.573055130991675,8292,0.662422221840047,0,0.5,4
"CEPH-Rtrend_fluH",2024-12-14,0.640214009596867,0.485583103041204,9903.62902173913,0.502278045893225,0.72958823532651,0.553647069089739,12817.5,0.686834688460995,0,0,4
"CEPH-Rtrend_fluH",2024-12-21,0.49661990458243,0.380545613860144,8936.96880434783,0.365529498040228,0.599062586915913,0.44610172490484,12119,0.509723735764912,0,0,4
"CEPH-Rtrend_fluH",2024-12-28,0.718494441842746,0.649830871042008,13422.5906521739,0.542102079195993,0.826364638515363,0.740819624690453,17302.25,0.723878621113402,0,0,4
"CEPH-Rtrend_fluH",2025-01-04,0.603278004411882,0.578675402277819,5165.515,0.154855470110415,0.641067912285122,0.598759974353122,7056.25,0.210179176127382,0.5,0.75,4
"CEPH-Rtrend_fluH",2025-01-11,1.20022257004675,1.3010363399715,6127.02358695652,0.163015091194552,1.44436506253696,1.54184786472758,10313.5,0.274305719962623,0.5,1,4
"CEPH-Rtrend_fluH",2025-01-18,1.97431665423942,2.76158132125211,25705.1332608696,0.89722621450299,1.94635647155798,2.87697647823072,30828.75,1.17345732407022,0,0,4
"CEPH-Rtrend_fluH",2025-02-01,1.16453902941512,1.3133365670075,12500.9929347826,0.321544235313013,1.47570018980635,1.67101566537689,19401,0.511318272755022,0,0.5,4
"CEPH-Rtrend_fluH",2025-02-08,0.607119600475827,0.651580168221346,3521.63391304348,0.0889792149102489,0.623563988696547,0.628561494989472,5030.25,0.118268833644795,0.75,1,4
"CEPH-Rtrend_fluH",2025-02-15,0.242794232907415,0.278934365846206,2384.87554347826,0.0740952716847364,0.125786142683849,0.127697715772298,1547,0.041014118869803,1,1,4
"CEPH-Rtrend_fluH",2025-02-22,0.263546213241238,0.367372034282466,2574.7225,0.11833082700605,0.352403464650094,0.484402239085328,4516.75,0.196911625036065,1,1,4
"CEPH-Rtrend_fluH",2025-03-01,0.220828777093078,0.321087797955224,2042.90869565217,0.122172995759217,0.271014994780826,0.392414131896267,3357.5,0.191512610431126,1,1,4
"CEPH-Rtrend_fluH",2025-03-08,0.201963754086018,0.328320144119924,1688.84597826087,0.143797968070307,0.234491303329375,0.394636912682564,2732,0.230059833313873,1,1,4
"CEPH-Rtrend_fluH",2025-03-15,0.200917395157154,0.309839380914708,1255.3525,0.135945144166486,0.152727360834841,0.249169587700032,1430.25,0.157192204271413,1,1,4
"CEPH-Rtrend_fluH",2025-03-22,0.193663040282999,0.291139609175571,973.123913043478,0.134345685057976,0.0546852858796782,0.102885124863685,445,0.0749303201976423,1,1,4
"CEPH-Rtrend_fluH",2025-03-29,0.196442940253585,0.302326821050437,662.483586956522,0.127701930753226,0.0666422773590019,0.125532136698685,398.5,0.0932176642079976,1,1,4
"CEPH-Rtrend_fluH",2025-04-05,0.258301854892082,0.398037014949724,633.517065217391,0.166874942822482,0.126092734650769,0.233575487348413,559,0.166404118528194,1,1,4
"CEPH-Rtrend_fluH",2025-04-12,0.375226580780008,0.506239837562274,556.950434782609,0.210599774341359,0.283612860751859,0.510378008212238,735,0.290938281142724,1,1,4
"CEPH-Rtrend_fluH",2025-04-19,0.61911594972665,0.730339696331874,565.029782608696,0.301673763834275,0.867059373455517,1.42964629688047,1067.25,0.53431713823055,0.75,1,4
"CEPH-Rtrend_fluH",2025-04-26,0.568776790632559,0.655444823847498,457.598695652174,0.28298344271284,0.87580206372741,1.38731426212939,832.75,0.485614084789031,1,1,4
"CEPH-Rtrend_fluH",2025-05-03,0.550009643580164,0.535606013015583,387.549456521739,0.280273225707258,1.04447183544968,1.63779060213457,673.75,0.463936009970131,1,1,4
"CEPH-Rtrend_fluH",2025-05-10,0.607161934611959,0.550151631567507,380.023260869565,0.308629471074192,2.12822915331597,3.2367034207952,708.75,0.539819788709281,0.75,1,4
"CEPH-Rtrend_fluH",2025-05-17,0.585272040160259,0.476517700393263,347.290434782609,0.303565517699423,3.19332083213934,4.65788147721689,669.75,0.550984400781137,0.5,1,4
"CEPH-Rtrend_fluH",2025-05-24,0.726351525819152,0.590261629554313,404.817282608696,0.38943888761039,5.52823486396884,8.29098479672991,779.5,0.718791720319815,0,1,4
"CEPH-Rtrend_fluH",2025-05-31,0.664040500865754,0.555692755548789,370.341739130435,0.369034185702569,4.51428057238236,6.7116385906634,709.5,0.67592227641206,0,1,4
"CFA_Pyrenew-Pyrenew_HE_Flu",2025-03-22,0.096520261564829,0.134952960784763,380.535941304348,0.0352953958752042,0.104103102467641,0.143824304231244,566,0.0499761523348017,1,1,2
"CFA_Pyrenew-Pyrenew_HE_Flu",2025-03-29,0.0986809995190634,0.131264264131441,293.297372826087,0.0354688037644419,0.0502152269606342,0.0768238147434331,255.75,0.0352889921095638,1,1,2
"CFA_Pyrenew-Pyrenew_HE_Flu",2025-04-05,0.089439266055174,0.120244010649612,195.303818478261,0.0322943473403658,0.0669372347146661,0.0852112157698081,234,0.0343505907534496,0.5,1,2
"CFA_Pyrenew-Pyrenew_HE_Flu",2025-04-12,0.140455798889725,0.16503679803686,192.573570652174,0.0457861841176606,0.149772065156535,0.214535095480057,309.75,0.0737042068363909,1,1,2
"CFA_Pyrenew-Pyrenew_HE_Flu",2025-04-19,0.306632017173733,0.233754380444582,275.504393478261,0.0705984569947295,0.418156101280673,0.457674509882663,502,0.132055680309576,0,1,2
"CFA_Pyrenew-Pyrenew_HE_Flu",2025-04-26,0.390320451953362,0.309165635677007,286.484648913043,0.0914261187759804,0.574417940192503,0.64289389211809,518.25,0.168494336519087,0,1,2
"CFA_Pyrenew-Pyrenew_HE_Flu",2025-05-03,0.232410599103353,0.167856108585109,146.94592826087,0.0638614037032439,0.467030276191928,0.545397384640493,273.75,0.117775881933473,0.5,1,2
"CFA_Pyrenew-Pyrenew_HE_Flu",2025-05-10,0.1881728549451,0.128868785644799,97.1016076086956,0.0501604814132812,0.287228236240159,0.350442435355975,74.75,0.0395391225101944,1,1,2
"CFA_Pyrenew-Pyrenew_HE_Flu",2025-05-17,0.265340768221286,0.157566118131802,118.565023913043,0.0643480917137944,0.380121036036144,0.415845678247961,53.75,0.0295494758202697,1,1,2
"CFA_Pyrenew-Pyrenew_HE_Flu",2025-05-24,0.322726653693827,0.207755980879044,167.624260869565,0.106709387264349,2.26584231338337,2.6309652204562,313.25,0.196562145460033,0.5,1,2
"CFA_Pyrenew-Pyrenew_HE_Flu",2025-05-31,0.322813448691215,0.209628214215063,156.895869565217,0.0996763151331328,1.86426826571003,2.10546675047788,269.25,0.170672282007831,0,1,2
"CFA_Pyrenew-Pyrenew_H_Flu",2025-01-11,3.37714248450988,3.11329407356884,8837.4295076087,0.221219520778256,3.70349944173724,3.43412831139966,14289.75,0.361081939037364,0,0.5,2
"CFA_Pyrenew-Pyrenew_H_Flu",2025-01-18,1.67953231509011,2.16775414719042,10389.6773902174,0.363416752369942,2.0870166644204,2.69305215028667,17005.75,0.60351770895481,0,1,2
"CFA_Pyrenew-Pyrenew_H_Flu",2025-02-01,1.24601121141255,1.36431007032823,16173.3853217391,0.365509679258653,1.28830469712098,1.39685119349214,20052.75,0.464503480378205,0,0,2
"CFA_Pyrenew-Pyrenew_H_Flu",2025-02-15,0.506488379990683,0.4815627130483,3788.24710326087,0.0803681129418628,0.591346831597223,0.63622770197944,5035.75,0.114169354227421,1,1,2
"CFA_Pyrenew-Pyrenew_H_Flu",2025-02-22,0.372435765169037,0.4139659321008,2699.34954021739,0.0765681545940687,0.283932186746713,0.325406208645998,2131.75,0.0595696183484202,1,1,2
"CFA_Pyrenew-Pyrenew_H_Flu",2025-03-01,0.295799233394775,0.332887975692724,2196.74073913044,0.0781875638499543,0.231541495225094,0.271911552647022,1971.5,0.0694801526043562,1,1,2
"CFA_Pyrenew-Pyrenew_H_Flu",2025-03-08,0.252762008320281,0.321516869470167,1639.93618804348,0.0779831876652403,0.160498170940093,0.198677421564561,1226.75,0.0548470606360514,1,1,2
"CFA_Pyrenew-Pyrenew_H_Flu",2025-03-15,0.270819947041432,0.36117193882852,1338.54853586957,0.0895650245285117,0.290038687273686,0.387064676515378,1742.75,0.108745510863615,1,1,2
"CFA_Pyrenew-Pyrenew_H_Flu",2025-03-22,0.218566152631423,0.289230868089551,865.178975,0.0759651636732936,0.147766331546759,0.179717131829503,836.25,0.064865295821698,1,1,2
"CFA_Pyrenew-Pyrenew_H_Flu",2025-03-29,0.244656128365775,0.358947651876379,723.044063043478,0.0964333414802516,0.240282698987979,0.335775246705706,1108.5,0.139183329505912,1,1,2
"CFA_Pyrenew-Pyrenew_H_Flu",2025-04-05,0.220784705734415,0.345999402869839,479.667989130435,0.0925376669014596,0.252953283040599,0.406614051319214,854.5,0.158969236848775,0.5,1,2
"CFA_Pyrenew-Pyrenew_H_Flu",2025-04-12,0.497734528875294,0.665789356832594,681.154990217391,0.184269756649332,0.579583652439596,0.943208255228464,1194.75,0.322922149832708,0,1,2
"CFA_Pyrenew-Pyrenew_H_Flu",2025-04-19,1.08171429025851,1.13665872365105,975.609623913043,0.343915342505393,1.17888715576285,1.7860941797024,1418.5,0.51568152146558,0,0.5,2
"CFA_Pyrenew-Pyrenew_H_Flu",2025-04-26,0.475018683881655,0.47103549654274,346.125525,0.138399292487306,0.692806294354702,0.925991594749764,620.75,0.241070089703927,0.5,1,2
"CFA_Pyrenew-Pyrenew_H_Flu",2025-05-03,0.557500592968537,0.485454519563239,352.490129347826,0.184692754494981,1.15243452627451,1.60892450461171,675.5,0.347439331085034,0,1,2
"CFA_Pyrenew-Pyrenew_H_Flu",2025-05-10,0.670267936318642,0.543560126791713,345.873979347826,0.211573636707399,2.43423528639653,3.3906397081211,633.5,0.382553324831083,0,1,2
"CFA_Pyrenew-Pyrenew_H_Flu",2025-05-17,0.370706936444661,0.252245513181138,164.676410869565,0.102453297828455,1.9963151548671,2.40279248851212,283.75,0.17169494456112,0.5,1,2
"CFA_Pyrenew-Pyrenew_H_Flu",2025-05-24,0.705660851752519,0.496579007902936,366.520327173913,0.25505711766975,4.58231797455184,5.89424810423488,633.5,0.440365400589083,0,1,2
"CFA_Pyrenew-Pyrenew_H_Flu",2025-05-31,0.36028712833053,0.237189345272754,175.109068478261,0.112781383050725,1.7102108138547,1.8955307904456,247,0.153654559279091,0.5,1,2
"CMU-TimeSeries",2024-11-30,0.452930258512308,0.32714220862634,1808.93457263898,0.212422748054501,0.504549924695581,0.356473786502583,2997.86200422946,0.319462425185983,1,1,4
"CMU-TimeSeries",2024-12-07,0.471309562728451,0.373320414742983,4313.34743917888,0.344523780924879,0.754909118885318,0.585810139651764,8397.24807649634,0.676880975780665,0.75,0.75,4
"CMU-TimeSeries",2024-12-14,1.10294789698008,1.23736124510286,17068.9143319229,1.28033853927526,1.10627746491358,1.30985015987117,19449.2383277532,1.62619037514374,0,0,4
"CMU-TimeSeries",2024-12-21,1.21030555982948,1.52075142629252,21827.495090222,1.46349907401745,1.2168845709791,1.60577784629682,24648.6038166549,1.8370037586728,0,0,4
"CMU-TimeSeries",2024-12-28,0.779925906987985,0.779779710109529,14575.547218569,0.650707349098757,0.957857176345092,0.932751359190107,20064.7207853149,0.911801931892932,0,0,4
"CMU-TimeSeries",2025-01-04,2.35569684286678,3.27875413669159,20175.3700500207,0.877686819320531,2.32774717608277,3.40536488727481,25441.0351156026,1.18826137235758,0,0,4
"CMU-TimeSeries",2025-01-11,1.78324432080155,2.26734604252768,9197.24226713046,0.28690316113473,1.85621724607923,2.24284134644363,13499.9862789252,0.407036741553257,0.5,0.75,4
"CMU-TimeSeries",2025-01-18,1.28299465619159,1.60041341940866,16846.598826152,0.523449066489394,1.39661417958151,1.65514033646184,22330.0177883723,0.681122972682065,0,0.5,4
"CMU-TimeSeries",2025-02-01,1.46192650000191,1.94592052663054,15739.8033267261,0.479182275397339,1.65770287515677,2.01304503427826,21856.3504731898,0.619196102774665,0,0.25,4
"CMU-TimeSeries",2025-02-08,1.0294521429294,1.43698533662408,5960.55403011528,0.19571352986443,1.27356622920364,1.53501494599188,10225.4663732748,0.287295181478185,0.5,1,4
"CMU-TimeSeries",2025-02-15,0.338314530283378,0.464906630116916,3324.41234684264,0.12388222130651,0.138328973125915,0.197375974950495,1781.70680933719,0.0677488906354546,1,1,4
"CMU-TimeSeries",2025-02-22,0.300158498177841,0.405861705568898,2931.08701311021,0.130530445191947,0.310098869631413,0.412550894913526,3980.45208286838,0.167849510478571,1,1,4
"CMU-TimeSeries",2025-03-01,0.318848388974616,0.468504424996108,2938.90057766801,0.177257343102791,0.127987921175675,0.185854107784196,1591.55194173136,0.0917337725887633,1,1,4
"CMU-TimeSeries",2025-03-08,0.308149799508613,0.451592928226538,2573.42787194177,0.196900353432497,0.205510820255211,0.344245100992851,2396.63700683268,0.20085731436492,1,1,4
"CMU-TimeSeries",2025-03-15,0.346376934780524,0.506298148703768,2153.97454542422,0.219769738638477,0.339644515811282,0.54076708247798,3143.1262504319,0.336103211691041,1,1,4
"CMU-TimeSeries",2025-03-22,0.313988161725606,0.461757625800658,1568.79151466971,0.210201000187217,0.274203228405991,0.432169752511611,2153.63673869696,0.301003262126559,1,1,4
"CMU-TimeSeries",2025-03-29,0.367633580555491,0.552614124159726,1226.66090246461,0.228099150414259,0.336944827099978,0.54475261312053,1893.39777822736,0.370500077197258,1,1,4
"CMU-TimeSeries",2025-04-05,0.387068445113609,0.573055079370183,940.066248415447,0.235288722715971,0.335783292978698,0.568571894493913,1419.02609743882,0.379264458750474,1,1,4
"CMU-TimeSeries",2025-04-12,0.560231596386105,0.689306487358556,817.050584041265,0.278026419762191,0.561004602202523,0.901387650485408,1392.26399615931,0.487463792387388,0.75,1,4
"CMU-TimeSeries",2025-04-19,0.83723918952085,0.878845004977021,750.202378471159,0.350848986184538,1.18646788535002,1.81730793774955,1432.41363066741,0.65629914614829,0.25,1,4
"CMU-TimeSeries",2025-04-26,0.737764411267856,0.771697466254515,579.838736246757,0.319820695165622,1.18143474821043,1.7628974450839,1090.62968146384,0.590465516689723,0.5,1,4
"CMU-TimeSeries",2025-05-03,0.712501745145512,0.660013847824182,493.712273921223,0.335136052887424,1.48460213195687,2.26227626396862,932.103192834285,0.61717329426181,0.5,1,4
"CMU-TimeSeries",2025-05-10,0.763421102440929,0.666018751967607,468.494238202445,0.361195041921719,2.82783127240078,4.28391152302237,911.862448605302,0.684352329378173,0.5,1,4
"CMU-TimeSeries",2025-05-17,0.724648604536167,0.573802683021263,420.892135417998,0.353547557557496,4.01401295633267,5.86538716253364,816.640556730063,0.668423483785136,0.25,1,4
"CMU-TimeSeries",2025-05-24,0.778799579435508,0.605255834069005,425.863664230317,0.386571419189125,6.10868448457558,8.94372056931584,847.714730884021,0.755621542463666,0,1,4
"CMU-TimeSeries",2025-05-31,0.610986069478904,0.485797281411136,336.222009820322,0.314905784097286,4.36913149797809,6.12888278010307,681.52234194742,0.609396134027827,0,1,4
"CMU-climate_baseline",2024-11-30,0.713059280096138,0.49300669002453,2795.43882930069,0.315637204017812,0.521532588295151,0.382596276380177,2848.28468587464,0.319290670597576,1,1,4
"CMU-climate_baseline",2024-12-07,0.507539037957462,0.412940901472611,4626.05969767008,0.380230330207074,0.605179056130102,0.396034299342043,6742.81916923793,0.457618996281021,0.75,1,4
"CMU-climate_baseline",2024-12-14,0.570912411805984,0.494468787135146,8820.6881318259,0.510833064891622,0.752963182003917,0.558222619561899,13217.5524578325,0.691105168664336,0.5,0.75,4
"CMU-climate_baseline",2024-12-21,0.619174084073987,0.606457767981169,11152.744008302,0.583733462643544,0.889384119048202,0.802132303521021,18027.7346012644,0.919159214105677,0.25,0.5,4
"CMU-climate_baseline",2024-12-28,0.736680823426328,0.790690826300128,13767.1551317609,0.659903849276747,1.04785695346751,1.09258325938586,21955.494714491,1.06835324074043,0,0.25,4
"CMU-climate_baseline",2025-01-04,2.27224856051902,3.44698793469288,19465.4222939829,0.92226195651621,2.41839418795126,3.65180554515507,26408.6653702259,1.27203275476328,0,0,4
"CMU-climate_baseline",2025-01-11,4.03988905050811,7.33925557438595,20521.3405101473,0.913318359940029,4.16685208645689,7.54694528288116,29486.6594459707,1.33036697170332,0,0.5,4
"CMU-climate_baseline",2025-02-01,2.48928000074452,4.52773829655229,26709.4570915632,1.10748451691742,3.0051305075535,5.38610784306105,39399.696892066,1.64140662820891,0,0.25,4
"CMU-climate_baseline",2025-02-08,3.69426526965137,7.46884891320229,21443.2918324925,1.02119326839306,4.34475681354345,8.51496676405683,34977.7261333484,1.60048710169568,0,0.75,4
"CMU-climate_baseline",2025-02-15,1.60791449177351,3.47160127278744,15582.1708333253,0.907510546272875,2.26389140224255,4.63413509215358,28062.3158798421,1.50026989901609,0,1,4
"CMU-climate_baseline",2025-02-22,1.19087782534595,2.56464151463722,11595.836057707,0.819295224417279,1.70303990104078,3.46087267745132,21754.9176760087,1.39618701333441,0,1,4
"CMU-climate_baseline",2025-03-01,0.966591881713035,1.99953440263035,8813.98723980627,0.744276650525837,1.337684124054,2.66448450383752,16311.6920688806,1.27168264317339,0,1,4
"CMU-climate_baseline",2025-03-08,0.769066383524515,1.52584115551336,6402.73212415153,0.660467493163651,1.00303350831114,1.94635790366467,11597.4082899748,1.11694997398928,0.25,1,4
"CMU-climate_baseline",2025-03-15,0.726948771373211,1.34124737650338,4479.12289761153,0.57496463586602,0.864973288697335,1.56902540469666,7921.39562252474,0.961283861582826,0.5,1,4
"CMU-climate_baseline",2025-03-22,0.616435690381396,1.104154592072,3063.72014024265,0.497372634826757,0.664178761956378,1.18491624591495,5198.21529140357,0.816884086002999,0.75,1,4
"CMU-climate_baseline",2025-03-29,0.628170475129574,1.07260141952079,2077.98951082682,0.437143701774448,0.613809949355775,1.07405092769056,3417.40036746427,0.723321268774335,1,1,4
"CMU-climate_baseline",2025-04-05,0.607784336894851,0.977836191259178,1475.16583274193,0.399984951960304,0.575681371739431,1.05315838244528,2432.13712242761,0.701110836575729,1,1,4
"CMU-climate_baseline",2025-04-12,0.743437908370881,0.934538354853167,1081.75114436999,0.375214410378948,0.753924590379416,1.30638977507554,1864.95122561772,0.704956626611673,1,1,4
"CMU-climate_baseline",2025-04-19,1.23777486502373,1.62802436550545,1111.67383206522,0.651328360611736,1.91622424047431,4.11141768780118,2316.875,1.48742492792999,0,1,4
"CMU-climate_baseline",2025-04-26,1.19744260613217,1.59590266879005,932.42465289855,0.654887934077919,2.09664760965935,4.45505321419244,1923.5625,1.47626873376822,0,1,4
"CMU-climate_baseline",2025-05-03,1.17130410832544,1.32526456355463,805.470913405797,0.667594701664856,2.54028487821939,5.20727114106459,1582.0625,1.4023857047449,0,1,4
"CMU-climate_baseline",2025-05-10,1.31230912464166,1.35397859490161,792.92215298913,0.721269834444776,4.52127560464711,8.79669805488312,1434.5,1.37284098276623,0,1,4
"CMU-climate_baseline",2025-05-17,1.35634795029632,1.26654873291083,767.684744836956,0.756089766665948,6.53558613947813,12.0978263258639,1290.1875,1.32272863022472,0,1,4
"CMU-climate_baseline",2025-05-24,1.46483568818972,1.30434356201206,787.094751086956,0.814478303970676,8.90421326640403,15.9291758909781,1214.9375,1.31035398924159,0,0.5,4
"CMU-climate_baseline",2025-05-31,1.47670038853577,1.35635234275607,797.960032608696,0.85888652865107,7.48093269431903,13.5250878053816,1142.9375,1.30246375395427,0,0,4
"CU-ensemble",2024-11-30,0.457033459484306,0.316810377736273,1883.6425,0.209878095896619,0.510691138364755,0.356644984518911,3113.25,0.32784419809609,0.5,1,4
"CU-ensemble",2024-12-07,0.71748296633862,0.526640726492609,6563.26173913043,0.486033638079058,0.768791317911437,0.601793156325499,8554.75,0.695651272691542,0,0.5,4
"CU-ensemble",2024-12-14,0.787616321535704,0.61813775437801,12174.937173913,0.63822497626369,0.81735048246039,0.657749861068454,14355.5,0.815161416376134,0,0.25,4
"CU-ensemble",2024-12-21,0.859275103230726,0.769694956865224,15487.0105434783,0.740459695343701,0.877594345048297,0.785432559131768,17768,0.898140243097027,0,0,4
"CU-ensemble",2024-12-28,0.848204224845419,0.815543564906494,15862.2932608696,0.680614030197838,0.935600715976635,0.898771472878871,19589,0.877942665175119,0,0,4
"CU-ensemble",2025-01-04,1.02370257182176,1.12435794049472,8781.05913043478,0.301306393205152,1.30653123923977,1.40252147748111,14302.25,0.489712753254489,0,0.75,4
"CU-ensemble",2025-01-11,1.4625586702848,1.61240818349674,7572.3002173913,0.204304220646943,1.42753698833093,1.56632010633681,10385.25,0.283547910115016,0.5,0.75,4
"CU-ensemble",2025-01-18,1.31092350067511,1.44944486134759,17165.1735869565,0.471946477478521,1.35076851612486,1.51651071316913,21453.25,0.617844451593701,0,0.25,4
"CU-ensemble",2025-02-01,1.43768184158615,1.65729820705593,15456.7706521739,0.406196473832774,1.61915706992791,1.87983690283364,21267.75,0.57446159888146,0,0,4
"CU-ensemble",2025-02-08,0.637158558692843,0.655682043746774,3702.75608695652,0.089769802732653,0.693853685297858,0.662129654185786,5615,0.125189281524661,0.5,1,4
"CU-ensemble",2025-02-15,0.248706702662456,0.267474820500693,2413.82043478261,0.0700366678623676,0.272455241806378,0.282657956629023,3365.25,0.0912742067658421,0.75,1,4
"CU-ensemble",2025-02-22,0.23467269515177,0.265539873856914,2306.20065217391,0.0858228335102406,0.267425182421214,0.332375942147236,3495,0.137807486489125,0.75,1,4
"CU-ensemble",2025-03-01,0.206528207434573,0.241725790905368,1924.95086956522,0.0923796011776636,0.24518271033227,0.310099049602361,3067.75,0.153002240415321,0.5,1,4
"CU-ensemble",2025-03-08,0.231548557893934,0.286785541601038,1956.54,0.126590038772165,0.287257227184791,0.381522425630302,3387,0.224506028971912,0.5,1,4
"CU-ensemble",2025-03-15,0.21531191143903,0.274649728747335,1360.87967391304,0.121613170389274,0.243429557951253,0.333212539493983,2299.5,0.212099718315123,0.5,1,4
"CU-ensemble",2025-03-22,0.195213284871754,0.258872764163383,993.827608695652,0.120618368703558,0.20686926330357,0.297732689486327,1675.75,0.214555695224248,0.5,1,4
"CU-ensemble",2025-03-29,0.205960931186905,0.271220866398415,700.255434782609,0.114441310502509,0.180118795472419,0.259724598386599,1053,0.184292677120561,1,1,4
"CU-ensemble",2025-04-05,0.198321754442044,0.252589776395724,487.82347826087,0.105215103172615,0.143348276714711,0.206974010400578,625.25,0.142815504637035,1,1,4
"CU-ensemble",2025-04-12,0.272112078590503,0.30468543935187,399.605108695652,0.124126289454443,0.0728216865703192,0.084818816505967,177.5,0.0450467685844427,1,1,4
"CU-ensemble",2025-04-19,0.40933783477485,0.378411721418971,370.588913043478,0.152857166997104,0.344789783510072,0.387301051502526,412.25,0.137920557554846,1,1,4
"CU-ensemble",2025-04-26,0.430806525512884,0.415013718911345,338.121413043478,0.172092272177293,0.501821690310974,0.591205825921562,455.25,0.193453165071629,0.75,1,4
"CU-ensemble",2025-05-03,0.420213634753611,0.331508507562129,290.934239130435,0.167774014212256,0.529968760901134,0.620651773518914,327.75,0.166051650783497,1,1,4
"CU-ensemble",2025-05-17,0.523144016068876,0.388675991952494,300.687608695652,0.236672215798299,2.77666943287452,3.52831839091232,560,0.396625496611138,1,1,4
"CU-ensemble",2025-05-24,0.588997712122509,0.42328048928244,320.247065217391,0.268258197544482,4.58493975991819,5.84686552795622,633,0.489622414866763,0.5,1,4
"CU-ensemble",2025-05-31,0.531939703527614,0.336642090019559,291.704673913044,0.217450700465303,2.92083689430143,3.61868215283565,456.5,0.359498860000838,0,1,4
"FluSight-baseline",2024-11-30,1,1,4102.98152173913,0.662045301095045,1,1,5757.25,0.875296575939728,0,0.75,4
"FluSight-baseline",2024-12-07,1,1,9130.64695652174,0.922596860440369,1,1,11115.25,1.1563569372301,0,0.5,4
"FluSight-baseline",2024-12-14,1,1,15464.0738043478,1.03286771432451,1,1,17568.25,1.23951409730243,0,0.25,4
"FluSight-baseline",2024-12-21,1,1,18039.3492391304,0.963057628227705,1,1,20259.25,1.14456541749666,0,0,4
"FluSight-baseline",2024-12-28,1,1,18700.1167391304,0.834616579330045,1,1,20945.5,0.977317092859273,0,0,4
"FluSight-baseline",2025-01-04,1,1,8569.13163043478,0.267499432400904,1,1,10939.5,0.348744667117975,0,0.5,4
"FluSight-baseline",2025-01-11,1,1,5092.37206521739,0.124727993517433,1,1,7104,0.176831297269253,0,0.75,4
"FluSight-baseline",2025-01-18,1,1,13071.32,0.324673007630987,1,1,15903.75,0.40733996877603,0,0.25,4
"FluSight-baseline",2025-02-01,1,1,10651.3389130435,0.242047220448604,1,1,13017.5,0.301929044956748,0,0.25,4
"FluSight-baseline",2025-02-08,1,1,5779.86304347826,0.136155387844664,1,1,8032,0.187472457064812,0.25,0.5,4
"FluSight-baseline",2025-02-15,1,1,10108.2690217391,0.272549470966108,1,1,12874,0.335863058802526,0,0.25,4
"FluSight-baseline",2025-02-22,1,1,9912.80695652174,0.326104964337961,1,1,12974.25,0.410427845524647,0,0.5,4
"FluSight-baseline",2025-03-01,1,1,9440.42315217391,0.385721402873844,1,1,12606.5,0.493006181380206,0,0.25,4
"FluSight-baseline",2025-03-08,1,1,8429.07217391304,0.439653711013268,1,1,11696,0.582021236540354,0,0.5,4
"FluSight-baseline",2025-03-15,1,1,6345.71815217391,0.442497523763268,1,1,9446.75,0.631710916432073,0,0.5,4
"FluSight-baseline",2025-03-22,1,1,5098.38967391304,0.464562879795818,1,1,8044.5,0.710257828024605,0,1,4
"FluSight-baseline",2025-03-29,1,1,3421.17934782609,0.422388425095864,1,1,5803.25,0.698979942935341,0,1,4
"FluSight-baseline",2025-04-05,1,1,2462.53793478261,0.416006285422297,1,1,4307,0.677442239874353,0,1,4
"FluSight-baseline",2025-04-12,1,1,1492.16858695652,0.412269460831406,1,1,2554.75,0.554193946784437,0,1,4
"FluSight-baseline",2025-04-19,1,1,931.779347826087,0.414956627194252,1,1,1270.5,0.379695596545271,1,1,4
"FluSight-baseline",2025-04-26,1,1,826.801630434783,0.433844450300007,1,1,999.5,0.359912273495318,1,1,4
"FluSight-baseline",2025-05-03,1,1,710.264565217391,0.518660784165975,1,1,648.75,0.280389507865747,1,1,4
"FluSight-baseline",2025-05-10,1,1,626.050869565217,0.552023756598199,1,1,330.5,0.162303191555403,1,1,4
"FluSight-baseline",2025-05-17,1,1,591.856739130435,0.620353192857479,1,1,207.75,0.115034838893397,1,1,4
"FluSight-baseline",2025-05-24,1,1,563.3375,0.650581976949521,1,1,135.5,0.0814744961482385,1,1,4
"FluSight-baseline",2025-05-31,1,1,562.640108695652,0.65641438442261,1,1,153.5,0.0967308271721121,1,1,4
"FluSight-ensemble",2024-11-30,0.640741650721279,0.455342392987422,2674.44673913044,0.305177348122033,0.700019481958425,0.554889202910023,4079,0.489006117560568,0.25,0.75,4
"FluSight-ensemble",2024-12-07,0.764815664097791,0.569513508229675,7002.6077173913,0.526219400155386,0.787359794775996,0.623957373679593,8764.75,0.721714833174949,0,0.25,4
"FluSight-ensemble",2024-12-14,0.825408013685465,0.672562888042874,12761.4110869565,0.694736370800135,0.844469245216228,0.700505940153295,14831.75,0.868249498502243,0,0,4
"FluSight-ensemble",2024-12-21,0.756679166563965,0.643568253486325,13641.9843478261,0.619545439342318,0.81911948149156,0.698935307170811,16590.25,0.799779641814716,0,0,4
"FluSight-ensemble",2024-12-28,0.713167955543077,0.636964476510681,13320.9679347826,0.531169032766187,0.813553681107506,0.722742415969345,17031.5,0.706045579527457,0,0,4
"FluSight-ensemble",2025-01-04,0.851034709964541,0.874455028554293,7300.49467391304,0.234289276273384,1.05890464945785,1.0758090697418,11592.5,0.375550565455793,0,0.75,4
"FluSight-ensemble",2025-01-11,1.33958925474499,1.44017092206679,6841.54880434783,0.180485142458037,1.53707304457362,1.64665474196643,10949.5,0.29238378461815,0.25,0.75,4
"FluSight-ensemble",2025-01-18,1.31460493407758,1.48822261649013,17198.1316304348,0.484231965559162,1.41889440491831,1.63289682233824,22520,0.664851382117997,0,0.25,4
"FluSight-ensemble",2025-02-01,1.14189124220321,1.27528227045921,12234.6156521739,0.31127720585505,1.41455093241372,1.55678756589146,18548,0.474457384956789,0,0.5,4
"FluSight-ensemble",2025-02-08,0.700331432727099,0.726797999015955,4065.07304347826,0.0993872262620324,0.650905287925565,0.619947411865382,5253.25,0.116774636744353,0.75,1,4
"FluSight-ensemble",2025-02-15,0.320600780758414,0.337132120479052,3164.1097826087,0.0898188778898914,0.369499231020427,0.426317129373549,4725,0.143006562455203,0.75,1,4
"FluSight-ensemble",2025-02-22,0.225939704144377,0.243985020450615,2216.14858695652,0.0786591755059052,0.236614390625772,0.294924203035956,3094.25,0.122288354169829,1,1,4
"FluSight-ensemble",2025-03-01,0.205738187415312,0.229372983113371,1908.29739130435,0.0870910259821258,0.201968141467079,0.264333676959805,2545.5,0.131069457295165,1,1,4
"FluSight-ensemble",2025-03-08,0.171976259194028,0.203200718166737,1438.68152173913,0.088700474721286,0.161370227310224,0.232685702166956,1902.25,0.137028717783009,0.75,1,4
"FluSight-ensemble",2025-03-15,0.188554858576951,0.231010591218595,1183.60934782609,0.101514002990339,0.158521175353676,0.234002022467957,1512.75,0.151077439066686,0.75,1,4
"FluSight-ensemble",2025-03-22,0.223517062253762,0.280094942349011,1134.16184782609,0.129909369002314,0.184607830317637,0.277222995214384,1522,0.203040351815627,0.5,1,4
"FluSight-ensemble",2025-03-29,0.184486748317128,0.237279819080124,620.190434782609,0.0991519814294735,0.0993457956750034,0.147493651809165,575.5,0.103285217767387,1,1,4
"FluSight-ensemble",2025-04-05,0.193744187075452,0.258158608509232,473.950869565217,0.107348963224935,0.0895541591557383,0.121472095566458,384.25,0.0823261431266387,1,1,4
"FluSight-ensemble",2025-04-12,0.267993577346117,0.315565492367382,394.434565217391,0.129420232398605,0.130462980555218,0.193943047720889,331.5,0.10759639089043,1,1,4
"FluSight-ensemble",2025-04-19,0.420264115214217,0.413610356303946,380.378043478261,0.168002161059192,0.50086142470605,0.64633206966456,607.5,0.235268093834223,1,1,4
"FluSight-ensemble",2025-04-26,0.445095667877815,0.439297156638294,353.760760869565,0.185404443172752,0.593565949642059,0.794219065512787,554.75,0.270764666201306,1,1,4
"FluSight-ensemble",2025-05-03,0.38344787454203,0.325296399727952,266.920869565217,0.166602667637875,0.523291448969901,0.635292113936466,327.25,0.172315073386752,1,1,4
"FluSight-ensemble",2025-05-10,0.418661382271916,0.330906437927728,258.196847826087,0.181240766789183,1.38466058818359,1.72870511556985,451.25,0.278954131819675,1,1,4
"FluSight-ensemble",2025-05-17,0.420932813569903,0.300615954333458,245.974565217391,0.187157749017587,2.04701988334067,2.49457187546405,422,0.286734548660189,1,1,4
"FluSight-ensemble",2025-05-24,0.496369045176484,0.340911477834275,271.190760869565,0.218372333816387,3.89247078022737,4.81786033101815,540,0.405470337631248,0,1,4
"FluSight-ensemble",2025-05-31,0.369626079558897,0.2531504948233,203.424891304348,0.164590858631439,2.36345193408416,2.76819314388213,366.75,0.272151024171644,0.5,1,4
"FluSight-lop_norm",2024-11-30,0.587348654912936,0.454469974904825,2425.81152173913,0.30139125585873,0.704244550187647,0.559391364707815,4121.75,0.495236705104805,0.25,1,4
"FluSight-lop_norm",2024-12-07,0.654527486802573,0.517831995284895,5990.62836956522,0.478170165098835,0.798969342122775,0.638645006657581,8895.25,0.739009091661242,0,0.75,4
"FluSight-lop_norm",2024-12-14,0.678337325177934,0.600672107730531,10489.8281521739,0.62082226230802,0.861924793130896,0.729794844028638,15140.25,0.904718880552954,0,0.75,4
"FluSight-lop_norm",2024-12-21,0.621292881201421,0.540133083630597,11194.6318478261,0.519692542646894,0.806558154171707,0.681679618848288,16332.5,0.77979957335727,0,0.5,4
"FluSight-lop_norm",2024-12-28,0.642245678646893,0.586443830383721,11992.3782608696,0.489003491964055,0.82950061631754,0.743425067400457,17370.5,0.726547625020724,0,0.5,4
"FluSight-lop_norm",2025-01-04,0.810633838765882,0.891377754368626,6959.21456521739,0.239053262116483,1.08801185426704,1.11456436461056,11930.5,0.389915932715237,0.25,1,4
"FluSight-lop_norm",2025-01-11,1.21799116175128,1.32381338558982,6205.81902173913,0.165532943186409,1.42510578408121,1.52109636820971,10216.75,0.271704012149822,0.75,1,4
"FluSight-lop_norm",2025-01-18,1.16454031201792,1.42098944728941,15193.442173913,0.461081421557651,1.41846403037863,1.63046378223513,22509.5,0.663784854272328,0,0.75,4
"FluSight-lop_norm",2025-02-01,1.10584302610257,1.36391668444252,11862.4766304348,0.333666061006726,1.52453529982382,1.72584240551427,20004.5,0.526569777802463,0,0.75,4
"FluSight-lop_norm",2025-02-08,0.887103340107833,1.11048328994927,5138.83489130435,0.151428313393729,0.880306581124892,0.881133117356708,7104.75,0.166047670459144,0.75,1,4
"FluSight-lop_norm",2025-02-15,0.357007890744552,0.45295403379549,3511.2522826087,0.120206534452355,0.25561336323337,0.295491185573428,3225.75,0.0979930092763381,1,1,4
"FluSight-lop_norm",2025-02-22,0.264361412210279,0.36692984545214,2588.70380434783,0.117978051086186,0.141400555397036,0.179420562206985,1845.75,0.0742796384405899,1,1,4
"FluSight-lop_norm",2025-03-01,0.254207963182441,0.294749453526917,2356.51054347826,0.111797668682269,0.163574001654733,0.210756768358947,2039.75,0.10359949978067,1,1,4
"FluSight-lop_norm",2025-03-08,0.222220743107945,0.276900825997866,1861.05119565217,0.12104788014009,0.138661125698305,0.197381807612625,1635,0.11625942362881,1,1,4
"FluSight-lop_norm",2025-03-15,0.228819315243432,0.286592345430428,1432.60793478261,0.125467456507322,0.122554730315724,0.177617135758156,1152.25,0.113127992409523,1,1,4
"FluSight-lop_norm",2025-03-22,0.242914738043557,0.305874630754049,1229.07336956522,0.141363425007929,0.146820524658987,0.222826868746336,1199.75,0.162148348895615,1,1,4
"FluSight-lop_norm",2025-03-29,0.24403621953067,0.338607763548184,822.989347826087,0.142012504720771,0.073346896572818,0.107738786107424,421.75,0.0753384797539689,1,1,4
"FluSight-lop_norm",2025-04-05,0.252026957065009,0.386260478819314,616.692065217391,0.160426399421172,0.0570044608222084,0.0736139871523264,243.25,0.0495735631991865,1,1,4
"FluSight-lop_norm",2025-04-12,0.316940045759205,0.414002657865668,465.545108695652,0.169580573062794,0.185723224882471,0.26369222723268,465,0.144112102016872,1,1,4
"FluSight-lop_norm",2025-04-19,0.507892477433166,0.570609597545204,460.0225,0.231880133910704,0.57705635485729,0.765568721034614,699.5,0.278533928080529,1,1,4
"FluSight-lop_norm",2025-04-26,0.496004994392575,0.553960661631172,392.765434782609,0.232750741190501,0.57489267575664,0.755765650905184,535.5,0.256425106224021,1,1,4
"FluSight-lop_norm",2025-05-03,0.437615943499613,0.440396724381973,304.659673913043,0.225571415280758,0.599672689213138,0.753787615902304,378,0.206415371480291,1,1,4
"FluSight-lop_norm",2025-05-10,0.470093539451175,0.402903801151187,288.519347826087,0.219272786569263,1.2945865854906,1.58893846793445,420,0.254985993708625,1,1,4
"FluSight-lop_norm",2025-05-17,0.449191682175427,0.346662429198835,260.642173913043,0.213947446414147,1.92127963093921,2.29685679546352,394,0.262327086020599,1,1,4
"FluSight-lop_norm",2025-05-24,0.535730182506682,0.404029437451976,291.720326086957,0.257847212275339,3.83486123423858,4.65557700342712,527.25,0.387079013414219,0,1,4
"FluSight-lop_norm",2025-05-31,0.414875135540232,0.322891935025982,228.277065217391,0.210280636880538,2.37652491776092,2.76101504106717,367.5,0.2702590706261,0.75,1,4
"FluSight-trained_mean",2025-01-04,0.791670710970505,0.604460461666066,6803.61918276788,0.16118725462776,1.00485796289217,0.786027036359252,11014.4690807427,0.273192280159178,0.25,1,4
"FluSight-trained_mean",2025-01-11,1.42114500892599,1.23774213355625,7198.80549831881,0.153442844627082,1.8430402834509,1.60760903627708,13027.7908420901,0.28260875972787,0.25,1,4
"FluSight-trained_mean",2025-01-18,1.42450211706446,1.67046191858164,18605.0108018533,0.542764006772137,1.5226748443802,1.82160882501417,24151.3236289439,0.741585313884153,0,0.25,4
"FluSight-trained_mean",2025-02-01,1.02174065574501,1.13945503413229,10962.7049691784,0.278463816629229,1.30907340627991,1.40711465992955,17152.9903757505,0.428415295348142,0,0.75,4
"FluSight-trained_mean",2025-02-08,0.734441615643037,0.752839060548906,4259.33012577052,0.102923705072339,0.703485557565229,0.679831239277929,5667.77767283147,0.127792879035591,0.75,1,4
"FluSight-trained_mean",2025-02-15,0.411104932357879,0.408539327369397,4044.07420567784,0.108377427141675,0.400851745214443,0.457615628376518,5115.7986533704,0.153081587803181,0.75,1,4
"FluSight-trained_mean",2025-02-22,0.432316110389215,0.42621299299399,4233.95838863192,0.137196759146931,0.46180662540604,0.53914856570354,6009.60766497779,0.222349219406492,0.75,1,4
"FluSight-trained_mean",2025-03-01,0.456381053717642,0.453177027153818,4249.94734595432,0.172631458667087,0.54070128133763,0.62101397601277,6824.29452573165,0.307212068702094,0.75,1,4
"FluSight-trained_mean",2025-03-08,0.32827900378245,0.368683496019528,2760.16043475323,0.161857859640526,0.413951015259329,0.514279711931126,4854.21588379387,0.30081713534116,0.5,1,4
"FluSight-trained_mean",2025-03-15,0.193991302659507,0.238114731449278,1220.58357586953,0.104864991016641,0.188410228607644,0.27019923647579,1789.74998872136,0.173156176067913,0.75,1,4
"FluSight-trained_mean",2025-03-22,0.20110849303482,0.258561957756022,1023.75167999125,0.120397379836803,0.200445372584862,0.29529957483225,1637.28442487551,0.214506598101762,0.5,1,4
"FluSight-trained_mean",2025-03-29,0.190972369081597,0.239084330054611,644.738501206905,0.100040382899059,0.125222030287394,0.183304298706005,727.767067430929,0.129965909739131,1,1,4
"FluSight-trained_mean",2025-04-05,0.183056735590775,0.23978770845378,447.73009496213,0.0996193162953287,0.0301788618047219,0.051797870341661,132.266419445383,0.0362075289191068,1,1,4
"FluSight-trained_mean",2025-04-12,0.267947783073974,0.309320776783254,395.184451921029,0.12697459437188,0.194983482002735,0.288563155459014,491.674142192714,0.159229986231779,1,1,4
"FluSight-trained_mean",2025-04-19,0.518757116492291,0.507348975948673,469.968626279463,0.206038433585801,0.692325457335019,0.97038585969733,843.35769766092,0.355742429650435,1,1,4
"FluSight-trained_mean",2025-04-26,0.587245783803173,0.564165026615805,466.622950259784,0.237724518448289,0.687026667224907,0.950424364539611,643.337383827847,0.324880240453472,1,1,4
"FluSight-trained_mean",2025-05-03,0.573783613676414,0.471386921056288,399.820709609718,0.24170130795649,0.923925578090153,1.29163619677407,587.835276404753,0.358620253074281,1,1,4
"FluSight-trained_mean",2025-05-10,0.538478856489212,0.43092558907368,333.286476454973,0.237020645540508,1.89913084266854,2.60549678519155,622.710865257446,0.424744403501656,0.75,1,4
"FluSight-trained_mean",2025-05-17,0.373983358890868,0.249529238358078,217.844522496898,0.154107516062887,1.86902452424331,2.24393648687737,385.21700973229,0.257790195513391,0.75,1,4
"FluSight-trained_mean",2025-05-24,0.55415597447786,0.361233124613019,302.092743319134,0.229827152096383,3.99927389011689,4.95470947076707,553.161894195387,0.415290070780882,0,1,4
"FluSight-trained_mean",2025-05-31,0.42088978712416,0.280791488845682,230.171128553288,0.180597100470843,2.84305907554078,3.41414255870417,439.220512658748,0.333858328649642,0,1,4
"FluSight-trained_med",2025-01-04,0.956094431735405,0.980346687430809,8238.92953774539,0.263893915206137,1.09266908452035,1.12816946710835,12002,0.395578464883577,0,0.5,4
"FluSight-trained_med",2025-01-11,1.62891985899235,1.83061881996624,8420.9068177266,0.231979162674409,1.71953243474666,1.96686810876035,12415.2868682361,0.353964389032233,0.5,0.75,4
"FluSight-trained_med",2025-01-18,1.45343878572683,1.70478114688047,18969.8651280898,0.553691182763921,1.50000229658631,1.78926592909904,23819.6436783545,0.729583948742458,0,0.25,4
"FluSight-trained_med",2025-02-01,1.08331449339071,1.18744317428948,11601.4173781396,0.289551829102461,1.3338285055322,1.43992822427223,17470.3886432144,0.438193681152248,0,0.5,4
"FluSight-trained_med",2025-02-08,0.728531396413795,0.752628865923102,4222.69561128865,0.102807765816732,0.73253104635409,0.712586939355012,5909.49,0.13421805476117,0.75,1,4
"FluSight-trained_med",2025-02-15,0.35405127714978,0.361689191707957,3495.58266965927,0.0963388232979693,0.408312030772661,0.468266428283057,5240.43841544934,0.157471662510185,0.75,1,4
"FluSight-trained_med",2025-02-22,0.244309265870299,0.259478883552764,2392.18595947235,0.0835192597790545,0.20091439110826,0.262082143756967,2665.61064453125,0.110245643652118,1,1,4
"FluSight-trained_med",2025-03-01,0.357915983931377,0.362567183654286,3329.38375859507,0.137872184422048,0.391308519058095,0.475002148489015,4946.3637286377,0.235293485390311,0.5,1,4
"FluSight-trained_med",2025-03-08,0.262919362016982,0.289699162705669,2200.05741729669,0.126470967449857,0.244827031151508,0.333837872828306,2874.8575,0.195743548420463,0.75,1,4
"FluSight-trained_med",2025-03-15,0.222195064157738,0.268394209387179,1395.98347090231,0.117974433251369,0.21576712610421,0.3038135875066,2050.13286726131,0.1947057746821,0.75,1,4
"FluSight-trained_med",2025-03-22,0.255343346248403,0.312259791784624,1295.5466887242,0.144740980728739,0.216940878576399,0.319427090236033,1788.4125,0.233847899892744,0.5,1,4
"FluSight-trained_med",2025-03-29,0.235064309748775,0.287341600866373,795.384315338937,0.120616150133172,0.188429802353611,0.272351112256047,1105.32125,0.193520640111302,1,1,4
"FluSight-trained_med",2025-04-05,0.211514301985547,0.288816311399666,516.630550609587,0.119860965444939,0.0533053014128133,0.0626842521620786,220.296274050645,0.0405795073048214,1,1,4
"FluSight-trained_med",2025-04-12,0.31077308568504,0.388552633484162,456.512263807927,0.158763936882555,0.151880163050318,0.23892014011559,391.18737543379,0.134908422237457,1,1,4
"FluSight-trained_med",2025-04-19,0.43987731253413,0.475834196505324,399.992265037123,0.195302236355655,0.447810289210089,0.564697525845859,542.855,0.20527560175086,1,1,4
"FluSight-trained_med",2025-04-26,0.509942911908177,0.523808371584608,405.189477185492,0.220980488527499,0.538543835278991,0.71423585211953,504.525,0.243946558962704,1,1,4
"FluSight-trained_med",2025-05-03,0.477645136412476,0.456672899595047,334.308866748908,0.236631244963732,0.782107804188946,1.06037845556302,497.9975,0.294333846604738,1,1,4
"FluSight-trained_med",2025-05-10,0.541837368042961,0.434298378980304,331.710269000064,0.236717312157844,1.79240732664011,2.34516794163531,581.564662875,0.376812412385226,1,1,4
"FluSight-trained_med",2025-05-17,0.414073045440331,0.298802969855048,241.013276942333,0.18532040748091,1.89009436340448,2.25020082888401,386.857180762409,0.256302024998663,1,1,4
"FluSight-trained_med",2025-05-24,0.452356770255721,0.294176959915803,246.341848474156,0.187131661429014,3.18879093121411,3.73977604932542,439.26,0.311610407395574,0,1,4
"FluSight-trained_med",2025-05-31,0.428073451376843,0.293808072819619,235.125103476842,0.190215265582645,2.73868773398303,3.27465269278722,423.9925,0.321121594594588,0,1,4
"Google_SAI-FluBoostQR",2025-05-10,0.463101237737496,0.317182299148094,286.483697912899,0.173515528597872,1.35360028192194,1.67493407812865,439.774550367697,0.269245207886995,0,0.5,4
"Google_SAI-FluBoostQR",2025-05-17,0.324532770432259,0.193523065050026,189.503959090081,0.119247340677231,1.51058330491907,1.72179826307382,306.583020255569,0.194069837510139,0,0.75,4
"Google_SAI-FluBoostQR",2025-05-24,0.402136978404607,0.228590941829699,214.047540465434,0.141247799902407,2.448754290528,2.71748743816543,333.018489118147,0.222817140430999,0,0.5,4
"Google_SAI-FluBoostQR",2025-05-31,0.339283309661869,0.19563293587523,181.368465698693,0.122439004526028,1.83139834854837,1.99531572322695,277.915456475068,0.190823398992787,0,0.75,4
"ISU_NiemiLab-GPE",2024-11-30,0.576730568049199,0.439524631797,363.262138314329,0.0881897590497451,0.779804469972164,0.634035767648664,613.97928140328,0.148937598236884,0,1,1
"ISU_NiemiLab-GPE",2024-12-07,0.467196056961559,0.293089430018404,4294.22128933687,0.270178038239054,0.468864180297219,0.300384303639415,5232.50438122222,0.346753136101219,0,0.25,4
"ISU_NiemiLab-GPE",2024-12-14,0.491574985519382,0.364954374738306,7670.56424730592,0.381416425843271,0.526734242456448,0.357273739954504,9359.7748139977,0.448383698959208,0.25,0.5,4
"ISU_NiemiLab-GPE",2024-12-21,0.345330769064875,0.249108446810207,6216.25663904985,0.239641147667469,0.501094730156173,0.346003413234147,10140.566230872,0.395758895711161,0,0.5,4
"ISU_NiemiLab-GPE",2024-12-28,0.648283717562816,0.558110534728461,12115.6575649719,0.465764182414678,0.739951040482435,0.633074216097951,15499.8046869349,0.619000216094035,0,0,4
"ISU_NiemiLab-GPE",2025-01-04,0.95831325822315,1.03730794996353,8225.65137557052,0.278164888786594,1.23848405863206,1.30961660483249,13565.1214943076,0.457575531355482,0,0.75,4
"ISU_NiemiLab-GPE",2025-01-11,2.26602032020803,2.62137254030145,11749.6041868112,0.333896957509584,2.01521834445403,2.34500747489381,14498.1820385869,0.42151819933661,0.25,0.5,4
"ISU_NiemiLab-GPE",2025-01-18,1.75037068244607,2.1924952691159,22717.2554288711,0.707944571284763,1.75854955286521,2.28311985582216,27783.0537267678,0.925624636196635,0,0,4
"ISU_NiemiLab-GPE",2025-02-01,1.18719325225136,1.29796298462038,12722.7103507851,0.316834378847757,1.39622130983777,1.5315978379451,18307.037059207,0.466789549941289,0,0.5,4
"ISU_NiemiLab-GPE",2025-02-08,0.623321843506655,0.613953852711921,3612.79975891286,0.0838649806217596,0.617857772820272,0.608336477200054,4965.13280079945,0.114009326480626,0.75,1,4
"ISU_NiemiLab-GPE",2025-02-15,0.545249776021793,0.532612785080395,5365.82531829502,0.141591654006978,0.755655065070079,0.761573523703158,9485.79833495435,0.250022099177687,0,1,4
"ISU_NiemiLab-GPE",2025-03-01,0.108264222927344,0.128439353884937,996.109161142118,0.0484308025025267,0.0562220020675631,0.0796626656629794,710.511981290775,0.0397326874206643,1,1,4
"ISU_NiemiLab-GPE",2025-03-08,0.0931413294986119,0.119046756859016,777.527233372836,0.0518335603402004,0.0651699956345774,0.0961962482799127,762.66998343425,0.0562933559705785,1,1,4
"ISU_NiemiLab-GPE",2025-03-22,0.423375212652807,0.513294986378137,2184.41628934195,0.2420668149834,0.464558936217087,0.580997628037705,3784.6239169778,0.419139549861246,0.25,1,4
"ISU_NiemiLab-GPE",2025-04-05,0.193100252378568,0.275431329617802,477.279050849734,0.115866335603157,0.105193967277762,0.154442327702227,457.76959221672,0.106402495563659,1,1,4
"ISU_NiemiLab-GPE",2025-04-12,0.283324204367631,0.340235179584686,416.894094433945,0.13920054976698,0.142442884571689,0.172856568991613,348.265390627098,0.0916136455107277,1,1,4
"ISU_NiemiLab-GPE",2025-04-19,0.651551030317623,0.771090808358254,590.066563656693,0.311755792469553,0.600206108203326,0.731851701408784,718.346904518215,0.261018715464817,1,1,4
"ISU_NiemiLab-GPE",2025-04-26,0.763919796793226,0.918140504470797,604.277099677555,0.386249087063737,1.16441106856636,1.81114238259062,1081.27750990895,0.614658640527846,1,1,4
"ISU_NiemiLab-GPE",2025-05-03,0.473648185897192,0.366541961825999,328.285641430096,0.185609562733763,0.57464349424563,0.683511732036504,356.568051867675,0.183624515874327,1,1,4
"ISU_NiemiLab-GPE",2025-05-10,0.75169221827551,0.650629510873569,461.401560039288,0.352978646941595,2.78164841791115,4.18573764811067,897.286112242359,0.668938225682123,0.5,1,4
"ISU_NiemiLab-GPE",2025-05-17,0.474956312328999,0.346222188762539,274.347522989713,0.212125503405229,1.62691201619777,1.89527165150492,333.202045389285,0.215784359728272,1,1,4
"JHUAPL-DMD",2024-11-30,0.560999731479198,0.770928273483611,2250.70319946292,0.499441854946961,0.667300275649861,0.522797033384945,3864.67766175,0.457853370782562,0.75,1,4
"JHUAPL-DMD",2024-12-07,0.501268542676939,0.557525439786762,4572.66170229717,0.512879246147607,0.760157482608898,0.5952088989812,8454.40047675,0.687596217761616,0.5,1,4
"JHUAPL-DMD",2024-12-14,0.442262152998484,0.4184563225868,6847.69416397728,0.433517904637051,0.713290182695253,0.540107945830782,12538.788192,0.670665316884583,0,1,4
"JHUAPL-DMD",2024-12-21,0.348263069826565,0.293523601611838,6266.22245501685,0.281607369742987,0.486961678265843,0.371668780100872,9805.3856675,0.422783021855632,0.25,1,4
"JHUAPL-DMD",2024-12-28,0.38057796368616,0.309803642490554,7091.70190384043,0.257960408793142,0.468067931998819,0.373983476919888,9754.52967,0.364118316368968,0.5,0.5,4
"JHUAPL-DMD",2025-01-04,4.44112744188049,2.18680435302463,38884.7453087402,0.592869930173664,4.66472526718666,2.17198534198973,52091.5334625,0.76701911011476,0.25,0.25,4
"JHUAPL-DMD",2025-01-11,7.98658984291695,4.78926350640814,40764.5433702326,0.595951495558392,9.18893727389843,5.08564924551783,65490.9096925,0.897599480074665,0,1,4
"JHUAPL-DMD",2025-01-18,1.46538407546882,2.4003776202279,18879.2335562646,0.774478419472294,1.75991503059122,2.26518021498658,27737.462425,0.914910475232141,0,0.25,4
"JHUAPL-DMD",2025-02-01,0.866440382275809,0.868277487448757,9226.48226982157,0.210105830077503,0.958414569015261,0.952547468390326,12444.2432063257,0.2867217809328,0.25,0.5,4
"JHUAPL-DMD",2025-02-08,3.90511325688127,3.07688169262452,22432.4973956293,0.417319678300885,3.68129018209596,2.77729804757451,29343.9719725,0.517854780423469,0.25,0.5,4
"JHUAPL-DMD",2025-02-15,1.86264128699114,1.59805643411364,19002.26061255,0.438091671708278,1.7848699608527,1.52491430973993,23164.1480525,0.514489582272331,0.25,0.5,4
"JHUAPL-DMD",2025-02-22,0.884631430310157,2.97774979264086,8590.25984324217,0.954809452362186,1.07498688566785,1.70696337251457,13724.331305,0.689695183441017,0.25,0.75,4
"JHUAPL-DMD",2025-03-01,0.612135744765072,0.750993254304613,5729.39209524848,0.287774130945192,0.526463526025129,0.609365562830672,6636.57237,0.301314504500422,1,1,4
"JHUAPL-DMD",2025-03-08,0.384826015192625,1.74113160081276,3215.91789205966,0.774367892266272,0.544127188514083,1.12640871103939,6320.59681530864,0.655481274016179,0.25,1,4
"JHUAPL-DMD",2025-03-15,0.29470734279045,0.928186347541378,1834.14518413989,0.414897687661958,0.3651391937322,0.633879376598592,3389.6920545,0.398205276980522,0.25,1,4
"JHUAPL-DMD",2025-03-22,0.139524975817179,0.378914559007828,698.932457899457,0.176180017626115,0.0721416011760122,0.0943329551036851,559.54315725,0.0645673544523944,1,1,4
"JHUAPL-DMD",2025-03-29,0.192417882861262,0.60828714358084,644.915629884935,0.260665708793844,0.0336472465156736,0.0523575826283654,193.7566955,0.0371282151772769,1,1,4
"JHUAPL-DMD",2025-04-05,0.237874689638242,0.743354009628853,578.989184793207,0.310982536769394,0.0856423941373696,0.131517393884264,368.78406575,0.0900285457354901,1,1,4
"JHUAPL-DMD",2025-04-12,0.772550556565301,1.84677112486118,1127.92517235891,0.751013182036548,0.171058815892851,0.265946239031437,436.82265675,0.148988383618061,1,1,4
"JHUAPL-DMD",2025-04-19,1.21578755957505,2.64859108905153,1100.31317508359,1.07249050453789,0.864836833178717,1.41506204380237,1068.60259775,0.531988233062272,1,1,4
"JHUAPL-DMD",2025-04-26,1.28493066014147,2.65715630553581,1016.11538022033,1.10204427065142,0.876821869196959,1.25128500047566,815.438523,0.424589758918356,1,1,4
"JHUAPL-DMD",2025-05-03,1.44507950043614,2.30889000504337,1001.24325211835,1.16993274486967,1.26603263497489,1.94656693905875,806.9035993,0.543639459140642,1,1,4
"JHUAPL-DMD",2025-05-10,1.69991108856131,2.24715749852713,1035.2219169768,1.19163958497152,2.16472872098964,2.85116801667141,690.5137725,0.448604409219926,1,1,4
"JHUAPL-Morris",2025-01-11,3.09505336325341,4.06370177904981,15505.3942172639,0.501835834300753,3.0463335913879,3.47404079944631,21361.287109375,0.609316908232843,0,0.5,4
"JHUAPL-Morris",2025-01-18,2.45107407055414,19.5386763636727,31617.6726972232,6.27671524095772,2.924397183332,26.7760461172493,45786.75,10.7124184678717,0.25,1,4
"JHUAPL-Morris",2025-02-01,3.05049145966218,25.7072760866812,32949.2034799592,6.34903593896332,3.72088021368512,35.3827699922245,48793.5,10.7869895527803,0,1,4
"JHUAPL-Morris",2025-02-08,3.89089571263917,34.1127361577399,22474.6260014012,4.63947574648552,4.73119740395471,43.6955610422348,37943.943359375,8.15392572395384,0.25,1,4
"JHUAPL-Morris",2025-02-15,2.29119371021188,22.6431185752976,22336.5897787874,5.97901240269332,2.8957474848334,32.2622156298303,35922,10.4595610557392,0,1,4
"JHUAPL-Morris",2025-02-22,1.56626492701702,13.7625154979939,15289.081459324,4.43645259275429,2.15707479838294,20.095727545196,27550.2158203125,8.12194223777186,0,1,4
"JHU_CSSE-CSSE_Ensemble",2024-11-30,0.44794743689166,0.299503591614575,1801.01412355072,0.194350965476514,0.49851428153026,0.338644402864643,2834.72916666667,0.291450694518876,0.5,1,4
"JHU_CSSE-CSSE_Ensemble",2024-12-07,0.755949866373274,0.57099032843464,6922.7195307971,0.527532186827301,0.798822320863245,0.64074043323042,8893.125,0.741296777092126,0,0.5,4
"JHU_CSSE-CSSE_Ensemble",2024-12-14,1.05767852416331,1.06857107330991,16356.9145693841,1.10404094740736,1.02724926937995,1.07110332145692,18050.6666666667,1.32830443509661,0,0,4
"JHU_CSSE-CSSE_Ensemble",2024-12-21,0.863394520302041,0.784237386482834,15583.3215324275,0.756167568985675,0.908519693715476,0.83531788962628,18412.2291666667,0.956887614209653,0,0.25,4
"JHU_CSSE-CSSE_Ensemble",2025-01-04,0.79164993242939,1.11536803800464,6831.5462865942,0.30104783775189,1.11043619406962,1.16179903310364,12222.2916666667,0.408394022705684,0.5,1,4
"JHU_CSSE-CSSE_Ensemble",2025-01-11,5.55652024491596,3.31163813774718,28326.4090217391,0.411799953283026,7.03229723955648,4.27691891592979,50028,0.754221090168389,0,1,4
"JHU_CSSE-CSSE_Ensemble",2025-01-18,0.956366547526802,1.13164047805043,12432.242826087,0.365624169337934,1.35577575260694,1.51390910170265,21460.5,0.61404806568496,0,1,4
"JHU_CSSE-CSSE_Ensemble",2025-02-01,0.982567754057825,1.51736311043838,10539.4260376748,0.373170293591511,1.21491388806304,1.28111647187062,15910.6666666667,0.38982258158685,0.25,0.5,4
"JHU_CSSE-CSSE_Ensemble",2025-02-08,0.971434684815613,1.08994003543443,5610.62131861685,0.148495076815825,0.812582928119339,0.820783028467303,6510.10416666667,0.153477433620634,1,1,4
"JHU_CSSE-CSSE_Ensemble",2025-02-15,0.507474639078908,0.583445690698999,4995.03552844928,0.154574253721947,0.451869604852348,0.507762844072168,5752.3125,0.169537271375785,1,1,4
"JHU_CSSE-CSSE_Ensemble",2025-02-22,0.407416113706811,0.473534707233452,3987.29821402536,0.152191467407648,0.33887090534236,0.412405203275762,4435.45833333333,0.171171554282929,1,1,4
"JHU_CSSE-CSSE_Ensemble",2025-03-01,0.432969059129882,0.476447765617574,4023.42350290036,0.180756877258636,0.476367488446034,0.564305959994626,6051.375,0.280862679445318,1,1,4
"JHU_CSSE-CSSE_Ensemble",2025-03-08,0.307499942417362,0.370985495842824,2569.89644686957,0.161615143323269,0.294259980552932,0.380738191434486,3438.54166666667,0.222018187036629,1,1,4
"JHU_CSSE-CSSE_Ensemble",2025-03-15,0.201038692982081,0.247815233749431,1263.81956521739,0.109033527971012,0.187137270214301,0.263566732617291,1766,0.168279584432268,0.75,1,4
"JHU_CSSE-CSSE_Ensemble",2025-03-22,0.281363048441866,0.353420825226466,1436.45809782609,0.164917954723403,0.323034773180058,0.438424608652662,2633.5,0.316974617144567,0.5,1,4
"JHU_CSSE-CSSE_Ensemble",2025-03-29,0.302469129825586,0.386347278940789,1015.12640939583,0.160594224780021,0.257955966187286,0.348898102648257,1494.72916666667,0.244618073255757,1,1,4
"JHU_CSSE-CSSE_Ensemble",2025-04-05,0.530225649922235,0.542603450080637,1290.26580473732,0.223424140780604,0.623858504158075,0.687667322233349,2649.47916666667,0.460651269312147,1,1,4
"JHU_CSSE-CSSE_Ensemble",2025-04-12,0.40369593335885,0.643240800735513,594.501366195652,0.266057859667071,0.219418689377322,0.295004089802832,542.875,0.158911845580979,1,1,4
"JHU_CSSE-CSSE_Ensemble",2025-04-19,0.450818457861242,0.456854176491664,406.054541151558,0.184894302894033,0.523934301444431,0.661810755347174,632.625,0.239260838346739,0.5,1,4
"JHU_CSSE-CSSE_Ensemble",2025-04-26,0.292811499359988,0.299068435779169,237.131860476957,0.129363659330227,0.105606414372747,0.119765582532137,97.3750000000001,0.040196420897598,1,1,4
"JHU_CSSE-CSSE_Ensemble",2025-05-10,0.581006823872639,0.533049296149104,362.432598961051,0.298762848000386,0.58364217116839,0.653385186853132,188.354166666667,0.104125298273789,1,1,4
"JHU_CSSE-CSSE_Ensemble",2025-05-31,0.71334527506528,0.689891005610833,394.966571879529,0.45419446123223,2.89760545621105,3.3874868969551,438.083333333333,0.322193301908052,0.75,1,4
"LUcompUncertLab-chimera",2024-11-30,0.838950859452134,0.611578098351157,3503.15413043478,0.410042721072275,0.775637652519189,0.648196263665091,4535,0.573921006363987,0.25,0.5,4
"LUcompUncertLab-chimera",2024-12-07,0.990529299130391,0.846865132027871,9051.93804347826,0.782245478647771,0.929856322046329,0.851232377662688,10344.25,0.985080943928608,0,0.25,4
"LUcompUncertLab-chimera",2024-12-14,1.01908187863875,0.970797941232858,15756.5086956522,1.0025089212874,0.980620672170262,0.957293779852373,17227.75,1.18668536366749,0,0,4
"LUcompUncertLab-chimera",2024-12-21,0.848827286017189,0.776308667179381,15306.8009782609,0.747731375395363,0.914266604283059,0.849673727209215,18518,0.972401439145928,0,0.25,4
"LUcompUncertLab-chimera",2024-12-28,1.12015590412983,1.22240876358533,20953.7604347826,1.02071183983241,1.11102962971385,1.22535067770635,23277,1.19800906814947,0,0,4
"LUcompUncertLab-chimera",2025-01-04,1.50877633460695,1.69061154983675,13042.8413043478,0.457339662250603,1.48010825179021,1.67999682328392,16264,0.590048079920452,0,0,4
"LUcompUncertLab-chimera",2025-01-11,2.98879939700739,4.26444280279781,15670.7710869565,0.550292778127873,2.50986888225473,3.66002118689922,18176.25,0.663296989399467,0,0.5,4
"LUcompUncertLab-chimera",2025-01-18,2.36678542506367,3.73591915559705,30758.5673913044,1.21471256217371,2.11041925865068,3.41933578355463,33358.75,1.39406141306076,0,0,4
"LUcompUncertLab-chimera",2025-02-01,0.731124658993286,0.747739060980576,7836.98826086956,0.182309739937517,1.00472072878612,1.01125103477492,13136.75,0.306972624486189,0,0.75,4
"LUcompUncertLab-chimera",2025-02-08,3.0711684896787,4.8940571926291,17756.2926086957,0.666442629596035,3.1905429962319,5.01325975720311,25639.5,0.93953971514597,0,0.25,4
"LUcompUncertLab-chimera",2025-03-01,0.555809304089361,0.765853965189055,5075.88434782609,0.286125955838236,0.834651309395313,1.25462923983421,10185.25,0.600361887267964,0.75,1,4
"LUcompUncertLab-chimera",2025-03-08,0.246017350237217,0.300104313429351,2047.9427173913,0.129972561154079,0.238993951373947,0.27844586287748,2763.75,0.1596592498656,1,1,4
"LUcompUncertLab-chimera",2025-03-15,0.284511433829241,0.330251597368069,1757.62847826087,0.142415555843698,0.19693081795207,0.233546250109148,1799.25,0.142736541478624,1,1,4
"LUcompUncertLab-chimera",2025-03-22,0.262271578759036,0.293253234854532,1306.80836956522,0.133094695722029,0.0483314148116804,0.0567717354545295,382.25,0.039475008072309,1,1,4
"LUcompUncertLab-chimera",2025-03-29,0.276013341073836,0.335912647244883,913.253695652174,0.137900284131183,0.128673874111064,0.162877573753709,713.5,0.109515461713299,1,1,4
"LUcompUncertLab-chimera",2025-04-05,0.264588538404477,0.32405448857278,640.95347826087,0.133238407113535,0.0556197794974066,0.106367603693384,263.5,0.0810904875296128,1,1,4
"LUcompUncertLab-chimera",2025-04-12,0.316936969520887,0.305416689611107,459.630434782609,0.123573156939647,0.127789931616924,0.192996155299129,327.75,0.109659235238398,1,1,4
"LUcompUncertLab-chimera",2025-04-19,0.459688963675898,0.437717089285506,418.787065217391,0.180157304698638,0.490442208870423,0.760537690135416,610.75,0.288005649268638,0.75,1,4
"LUcompUncertLab-chimera",2025-04-26,0.512708895305232,0.537163564558545,413.10902173913,0.232716441635776,0.669422457358621,1.06163814514592,651.5,0.38194577708185,0.5,1,4
"LUcompUncertLab-chimera",2025-05-03,0.646325825470654,0.600469677511304,436.562173913043,0.271834787850325,1.22434986510882,1.87988289012297,766,0.47746324856207,0.333333333333333,1,3
"LUcompUncertLab-chimera",2025-05-10,1.07371466593337,0.965042609397958,554.061956521739,0.375630154575638,3.723400146043,5.8316447329772,969,0.657962884257716,0,1,2
"LUcompUncertLab-chimera",2025-05-17,1.11750321891724,0.917489664349455,422.916956521739,0.289758097036636,7.32944384304858,10.6865940370202,778,0.527106287740126,0,1,1
"LUcompUncertLab-chimera",2025-05-24,1.5292323897129,1.27493392256249,794.28347826087,0.65484236412132,7.87710224828248,12.598249240763,1089,0.941228291636335,0,0.5,2
"LosAlamos_NAU-CModel_Flu",2024-12-14,1.51512168826958,6.68218221755436,23467.2260913043,6.92998973889886,1.33474567386918,5.98250216274515,23481,7.44328558084678,0,0,4
"LosAlamos_NAU-CModel_Flu",2024-12-21,0.402561800256882,0.326469629458532,7240.65527826087,0.313544765874257,0.63443007274407,0.482373168313138,12828.875,0.551011722487049,0.25,1,4
"LosAlamos_NAU-CModel_Flu",2024-12-28,0.431723723507258,0.385769474435219,8052.06432880435,0.321338664307401,0.682498913734994,0.576434200978354,14269.375,0.562514357937118,0,1,4
"LosAlamos_NAU-CModel_Flu",2025-01-04,0.726503886549269,0.788656288871568,6181.04427065217,0.209412767246815,1.00908113046638,1.03360036305549,10973.375,0.357922583538453,0.5,1,4
"LosAlamos_NAU-CModel_Flu",2025-01-11,0.962711585622518,1.09174841434628,4883.60824130435,0.135717968002244,0.970051833803065,0.988024764810049,6964.125,0.176269262301505,0.75,1,4
"LosAlamos_NAU-CModel_Flu",2025-01-18,0.478402170464212,0.479050600702347,6188.61444565217,0.153958062405569,0.604099261202478,0.534764779561925,9735.375,0.220737058819693,0.5,1,4
"LosAlamos_NAU-CModel_Flu",2025-02-01,0.730850834849924,0.806157252845842,7832.15540869565,0.196539722196089,1.12022044147934,1.14962402238604,14621.125,0.348244179646745,0.25,1,4
"LosAlamos_NAU-CModel_Flu",2025-02-08,0.949738482248413,1.00526514274248,5515.41673586956,0.137651651880728,1.00366350020447,0.996889067692989,8116.75,0.188282155614373,0.75,1,4
"LosAlamos_NAU-CModel_Flu",2025-02-15,0.469229107043963,0.474975881568623,4596.59455706522,0.125280540953724,0.451191166715841,0.499842919669253,5660,0.164275393738403,1,1,4
"LosAlamos_NAU-CModel_Flu",2025-02-22,0.52707920230513,0.509019191106054,5167.82229673913,0.164023479471628,0.531828009463637,0.606114209847211,6930.125,0.250172601255026,0.5,1,4
"LosAlamos_NAU-CModel_Flu",2025-03-01,0.594675390835458,0.56264540868698,5528.62442065217,0.214148781040786,0.691657060603418,0.750131342390918,8665.125,0.368347560796969,0.5,1,4
"LosAlamos_NAU-CModel_Flu",2025-03-15,0.724645896185755,0.690911979852414,4537.40260108696,0.3026541003967,0.812620367671834,0.847921034698493,7580.875,0.530562216665805,0.25,1,4
"LosAlamos_NAU-CModel_Flu",2025-03-22,0.801891959071486,0.776387202912651,4036.06971467391,0.357115590136482,0.85069009302626,0.877667500350415,6746.75,0.616071060510725,0,1,4
"LosAlamos_NAU-CModel_Flu",2025-03-29,1.00385007309507,0.926787779691412,3365.77760163044,0.385548113560307,0.995543515216918,0.974368796775982,5642.5,0.668310807486065,0,1,4
"LosAlamos_NAU-CModel_Flu",2025-04-05,1.03604385385157,0.896632994418135,2516.81393641304,0.368526992698353,1.00331281938408,0.974408523507476,4251.875,0.650849912947502,0,1,4
"LosAlamos_NAU-CModel_Flu",2025-04-12,1.16223095375277,0.794552947607836,1688.42480978261,0.31999019841737,1.16555566425667,1.07846291707987,2888.125,0.582212150291574,0,1,4
"LosAlamos_NAU-CModel_Flu",2025-04-19,1.16282202143956,0.624830769411677,1047.142875,0.250991110971071,1.49059264232157,1.30001182633076,1807.375,0.471852914840009,0,1,4
"LosAlamos_NAU-CModel_Flu",2025-04-26,0.826354713304344,0.46854225444205,642.219254347826,0.191960405437018,1.17055323092747,1.06315254084072,1070.5,0.351696763785888,0.25,1,4
"LosAlamos_NAU-CModel_Flu",2025-05-03,0.605622600601614,0.305620174753824,412.167927173913,0.152529736514448,0.960006960534238,0.861651163709248,587.25,0.227878635906568,0.75,1,4
"LosAlamos_NAU-CModel_Flu",2025-05-10,0.449132931879376,0.250173024175037,269.088173369565,0.133313415044368,1.01243403896104,1.03718735240422,317.75,0.161346320529909,1,1,4
"MDPredict-SIRS",2024-11-30,0.335517244341579,0.203688308933967,1426.53461716989,0.138543180908213,0.384613464559721,0.253217981918067,2365.61116025,0.23428553208898,0.25,1,4
"MDPredict-SIRS",2024-12-07,0.587048389920684,0.397966918675411,5374.21326222696,0.367086253580753,0.614465421036977,0.427017233725154,6850.35098175,0.494026339059424,0,0,4
"MDPredict-SIRS",2024-12-14,0.530204888352393,0.34282445139686,8188.25372129261,0.353707125898574,0.613705604991274,0.405514309618868,10769.6072645,0.502102889333345,0,0.5,4
"MDPredict-SIRS",2024-12-21,0.249815958511432,0.174799776170551,4498.53645232826,0.168248998096341,0.404177862382051,0.262690540185788,8175.0112875,0.300411218285871,0.5,1,4
"MDPredict-SIRS",2024-12-28,0.464187361352285,0.383177053736945,8681.51664815076,0.320073831424402,0.608138155756329,0.493776342131828,12743.690145,0.483111223863144,0,0.25,4
"MDPredict-SIRS",2025-01-04,0.868908644616894,0.962110442938221,7643.93183013946,0.264664655801458,0.97887378541117,1.07695057447409,10873.7104475,0.382901928215976,0.25,0.75,4
"MDPredict-SIRS",2025-01-11,2.26614149414921,2.62155085990084,11750.2454326343,0.333920126865247,2.01529298074662,2.34512519306977,14498.71514,0.42153933117521,0.25,0.5,4
"MDPredict-SIRS",2025-01-18,1.522184803169,1.73439593046875,19700.130645387,0.557558450521899,1.45323210681863,1.67316708450683,22930.37993,0.676112612291002,0,0,4
"MDPredict-SIRS",2025-02-01,0.29321201086136,0.281818384291246,3139.18642087391,0.0686581097533306,0.305934392438909,0.272329897935947,4001.7931775,0.0827173329138575,0.5,0.75,4
"MDPredict-SIRS",2025-02-08,0.577135015223097,0.570513805388955,3327.05776019022,0.07757699828049,0.740734085522177,0.756025976042445,5913.875585,0.141108611908296,0.25,1,4
"MDPredict-SIRS",2025-02-15,0.553092019207429,0.539249188818395,5435.0016463,0.14312909747565,0.75373005254243,0.755488861800772,9448.79916,0.247673463845141,0,1,4
"MDPredict-SIRS",2025-02-22,0.134278595214706,0.142769306487016,1310.24847983152,0.0458033443848408,0.194680832088131,0.21846689321526,2493.49317,0.0885474823975332,1,1,4
"MDPredict-SIRS",2025-03-01,0.111965461586109,0.129172380071909,1027.04008002326,0.0485414404798952,0.0889025617208297,0.112653660971536,1103.1449575,0.0549945409332548,0.75,1,4
"MDPredict-SIRS",2025-03-08,0.0859022499558198,0.110089835913288,716.446374068261,0.0478861450670842,0.0543231453544694,0.0866814255783301,643.394720000001,0.0514032104779001,0.75,1,4
"MDPredict-SIRS",2025-03-15,0.0863345448842707,0.11607323797869,540.345797821087,0.051091296605585,0.0773036684107513,0.114949483000618,726.21540375,0.0732208515137955,0.75,1,4
"MDPredict-SIRS",2025-03-22,0.190388775322389,0.287538797043084,988.830364548913,0.13729650805968,0.148552280750356,0.225559141781433,1207.8068355,0.163223054112685,0.25,0.5,4
"MDPredict-SIRS",2025-03-29,0.249630034131784,0.320884669040412,845.061752096304,0.135105672720438,0.227752743882516,0.305110839029126,1307.23540625,0.212470076165533,0.25,1,4
"MDPredict-SIRS",2025-04-05,0.132640226677327,0.155389014196239,322.369382351196,0.0639353340483727,0.107921299520222,0.151153501149513,460.896937,0.102033002688886,1,1,4
"MDPredict-SIRS",2025-04-12,0.25519053051807,0.239162390396563,369.578967247391,0.0960255896757754,0.0407122501221151,0.0538316212112556,102.21412525,0.0296875378549855,1,1,4
"MDPredict-SIRS",2025-04-19,0.368044766491938,0.33086629981404,329.719882459543,0.13214680562456,0.531228404430132,0.663230099918941,639.69596925,0.238814237625991,1,1,4
"MDPredict-SIRS",2025-04-26,0.292109127510064,0.229770149638492,227.728042515,0.094371842702272,0.105993010433234,0.106546780295081,94.4600485,0.0341718052117059,1,1,4
"MDPredict-SIRS",2025-05-03,0.185794431918494,0.136973281290892,129.670454701337,0.070326603725769,0.356105524890309,0.444683942702639,227.54420175,0.123725065330884,0.75,1,4
"MDPredict-SIRS",2025-05-10,0.325132808582582,0.211429537795947,196.970559068576,0.113250681808304,0.621474143683372,0.734211174446355,208.35581975,0.121967171942637,1,1,4
"MDPredict-SIRS",2025-05-17,0.290669261014313,0.166292770922342,164.299892516772,0.099365958760671,0.581213728321755,0.63329390340394,126.8637865,0.0767512382288702,1,1,4
"MDPredict-SIRS",2025-05-31,0.26610837781977,0.160386957409793,144.085801100891,0.101762927696515,1.18972924589613,1.25731161512549,181.44553925,0.121102436832935,1,1,4
"MIGHTE-Joint",2024-11-30,0.868947826447312,0.644032194459478,3616.26847826087,0.430680066880239,0.800198563792042,0.679946618289684,4647.25,0.597994389368115,0,0.5,4
"MIGHTE-Joint",2024-12-07,0.789654991788843,0.586724105691584,7216.985,0.541312079799994,0.775593865938398,0.601580881681888,8634.5,0.69602555969148,0,0,4
"MIGHTE-Joint",2024-12-14,0.825094043619836,0.668214543642077,12756.7723913043,0.690332673765577,0.826030613777358,0.672439352498122,14507,0.833404403170714,0,0,4
"MIGHTE-Joint",2024-12-21,0.825088148057591,0.723109488288716,14873.3418478261,0.695737391333359,0.836731365828774,0.724462507072513,16946.5,0.82893398698737,0,0,4
"MIGHTE-Joint",2024-12-28,0.843485076467838,0.782574668637025,15766.5301086957,0.653126020742636,0.868587141546138,0.796998147531391,18192.5,0.779114360029015,0,0,4
"MIGHTE-Joint",2025-01-04,0.968886152492804,0.98568342914225,8332.83391304348,0.264594458594489,1.07429026439646,1.09532479447759,11756.25,0.382175116891464,0,0.25,4
"MIGHTE-Joint",2025-01-11,1.97714960030864,2.25393948299083,10227.0801086957,0.285276764839929,1.75474711273468,2.04136606486888,12613.25,0.365050253073469,0.25,0.5,4
"MIGHTE-Joint",2025-01-18,1.60267472389886,1.88502230673984,20917.0405434783,0.612295266257647,1.5281085872709,1.8262981105925,24221.75,0.742938167908509,0,0.25,4
"MIGHTE-Joint",2025-02-01,2.23175709998531,2.95252523020274,24104.1976086956,0.727679660075905,2.10208247472533,2.83223427758824,27675,0.868683249877646,0,0,4
"MIGHTE-Joint",2025-02-08,2.43214732350511,3.20243095170807,14048.0633695652,0.43627646009025,2.24041483773789,3.03443647438367,17977.5,0.568558124556739,0,0.25,4
"MIGHTE-Joint",2025-02-15,0.773780740051604,1.03664386015208,7584.25097826087,0.273853110697795,0.845789831175951,1.18349697801005,10587.25,0.387063899056497,0,0.5,4
"MIGHTE-Joint",2025-02-22,0.220723083744843,0.290150832071928,2178.57956521739,0.0944144547206784,0.269138236676911,0.374071111465837,3484.25,0.1538481883953,0.5,1,4
"MIGHTE-Joint",2025-03-08,0.473112747792616,0.51278596597957,3977.57097826087,0.225079471265065,0.531720935250893,0.600913062713253,6189.5,0.348497249010816,0.25,0.75,4
"MIGHTE-Joint",2025-03-15,0.267255121171875,0.332947645706691,1692.08793478261,0.147758525982206,0.265833684991549,0.367656755240143,2549.5,0.237225704765722,0.5,1,4
"MIGHTE-Joint",2025-03-22,0.572940655853087,0.667798014452672,2932.72119565217,0.312543073229386,0.556447510718322,0.659783858212182,4477.5,0.470279210526113,0.25,0.75,4
"MIGHTE-Joint",2025-03-29,0.187021268713576,0.277844578633346,628.590652173913,0.117880934987437,0.119407352650117,0.145163712984831,679.5,0.100273042588158,0.75,1,4
"MIGHTE-Joint",2025-04-05,0.215450395475393,0.436326035027663,526.4175,0.184882077651089,0.167630207828181,0.226041994590355,713.25,0.152005266298974,0.75,1,4
"MIGHTE-Joint",2025-04-12,0.252658888160232,0.463376004184807,376.439347826087,0.200202443999138,0.0921117567783309,0.117913552458262,230,0.064028177473143,0.75,1,4
"MIGHTE-Joint",2025-04-19,0.409589240158951,0.51278183576962,374.776847826087,0.2151455596145,0.341405832724674,0.404320501087015,407.5,0.143768570335783,0.75,1,4
"MIGHTE-Joint",2025-04-26,0.492860362115555,0.757855433789755,410.251086956522,0.349728024993041,0.451525759822403,0.664766058720113,443.5,0.240989116811827,0.75,0.75,4
"MIGHTE-Joint",2025-05-17,0.627263715161754,0.69688836523449,378.377391304348,0.465902951229479,2.42235327093799,3.38212864776886,535.5,0.420535048409139,0.5,0.75,4
"MIGHTE-Joint",2025-05-24,0.603761060017258,0.621941608358381,338.997282608696,0.431165900056153,3.50237576855368,4.33126748575889,490.5,0.36860415806396,0.5,1,4
"MIGHTE-Joint",2025-05-31,0.432788117998304,0.508210849207679,246.712934782609,0.359161442205493,1.86442456340745,2.1652761011849,292,0.215283896159399,0.75,1,4
"MIGHTE-Nsemble",2024-11-30,0.868947826447312,0.644032194459478,3616.26847826087,0.430680066880239,0.800198563792042,0.679946618289684,4647.25,0.597994389368115,0,0.5,4
"MIGHTE-Nsemble",2024-12-07,0.718371031398184,0.515336754358562,6570.09239130435,0.475578762962385,0.726929304217211,0.543153335710069,8095.5,0.628463479086259,0,0,4
"MIGHTE-Nsemble",2024-12-14,0.751298003325514,0.586109638046796,11614.7776086957,0.605522428818375,0.771105450079644,0.601476151470793,13541.5,0.74550443693272,0,0,4
"MIGHTE-Nsemble",2024-12-21,0.792858367903312,0.683952063637218,14290.7720652174,0.6579347468834,0.811314859491595,0.690308500138924,16430,0.789689877974126,0,0,4
"MIGHTE-Nsemble",2024-12-28,0.829385497787489,0.76567779763657,15504.8601086957,0.639183765855698,0.856946605508587,0.781903697490819,17950.5,0.764515930789399,0,0,4
"MIGHTE-Nsemble",2025-01-04,0.972544494007999,0.986736494905845,8350.87760869565,0.264425857593699,1.07184160063065,1.09167820706433,11717,0.380415642943979,0,0.25,4
"MIGHTE-Nsemble",2025-01-11,2.07717427248235,2.39691931391456,10727.4963043478,0.302895531119992,1.86776566131397,2.20360687126884,13383.5,0.392901072714097,0.25,0.5,4
"MIGHTE-Nsemble",2025-01-18,1.62093837378241,1.91120353319725,21129.5897826087,0.619878982456506,1.5463070412271,1.85364949827832,24483.25,0.753008966517611,0,0.25,4
"MIGHTE-Nsemble",2025-02-01,2.30064643434419,3.03155487101223,24811.9644565217,0.745658051809524,2.15108552146582,2.89480609364964,28288.75,0.886337088918038,0,0,4
"MIGHTE-Nsemble",2025-02-08,2.58497578490134,3.37741006338455,14921.7515217391,0.459702380599797,2.34772005092428,3.17125237446749,18831.75,0.593816411886,0,0,4
"MIGHTE-Nsemble",2025-02-15,0.833113142096017,1.13993650508385,8176.70619565217,0.301473619473595,0.880565666926152,1.26745237261767,11041.5,0.415151050940162,0.25,0.5,4
"MIGHTE-Nsemble",2025-02-22,0.276585301855986,0.372184802764091,2723.4525,0.120879787758911,0.313790664453882,0.461268813881154,4050.75,0.18924081124644,0.25,0.75,4
"MIGHTE-Nsemble",2025-03-08,0.430249727725575,0.467383848394271,3608.59576086957,0.204699548635228,0.495437700991074,0.564362060965984,5757.25,0.326821414399656,0.25,0.75,4
"MIGHTE-Nsemble",2025-03-15,0.271076272048772,0.334976068729862,1713.35260869565,0.148328663396645,0.274189416534445,0.375834074153746,2618.25,0.241211272585698,0.5,0.75,4
"MIGHTE-Nsemble",2025-03-22,0.657669416479337,0.752389888238281,3373.09423913043,0.352552285268502,0.616345355806966,0.712591304107284,4969.75,0.508566230645125,0.25,0.75,4
"MIGHTE-Nsemble",2025-03-29,0.17796962668622,0.310715102373409,597.178804347826,0.133094459698497,0.104977992634328,0.117000887312593,584.5,0.0780613325050701,0.75,1,4
"MIGHTE-Nsemble",2025-04-05,0.207149772464121,0.453500290358676,507.017282608696,0.193147312840588,0.160033357293976,0.22566861033982,684.75,0.15293644379448,0.75,1,4
"MIGHTE-Nsemble",2025-04-12,0.253476800964755,0.46894830451466,377.651413043478,0.20259764340311,0.0937246346485512,0.125539703112064,237,0.0691176149560662,0.75,1,4
"MIGHTE-Nsemble",2025-04-19,0.473961123141206,0.585306406192705,432.187173913043,0.244059611509203,0.441695439774783,0.532311132458784,527.5,0.189423115477457,0.5,1,4
"MIGHTE-Nsemble",2025-04-26,0.58478395743566,0.912786749379976,486.87,0.420127649769251,0.646790039100644,0.980270857948467,623.25,0.34824098004525,0.75,0.75,4
"MIGHTE-Nsemble",2025-05-03,0.646191849642172,0.928893307109072,465.538152173913,0.513595599219479,1.10124903621382,1.79473205142056,715.25,0.513399629690258,0.5,0.75,4
"MIGHTE-Nsemble",2025-05-17,0.659733773582415,0.737864297145497,398.630434782609,0.493727482011916,2.66568896844474,3.79654593321285,578.5,0.464035433573991,0.5,0.75,4
"MIGHTE-Nsemble",2025-05-24,0.632588530582369,0.645057601275933,353.311630434783,0.443510241230949,3.83150517387567,4.74190146718877,532.75,0.400279124883245,0.5,1,4
"MIGHTE-Nsemble",2025-05-31,0.454200182470788,0.527969348484769,255.780652173913,0.367294493476999,2.15404906548043,2.49876207517309,332,0.243864023501411,0.75,1,4
"MOBS-GLEAM_FLUH",2024-11-30,0.662294349374682,0.4779828616502,2756.38958217391,0.319334467589391,0.72009851957844,0.579727504918032,4196.0535,0.511082867413598,0.25,0.75,4
"MOBS-GLEAM_FLUH",2024-12-07,0.817308189872955,0.633780338812649,7477.89438141304,0.585279153757691,0.826451385725072,0.681832153457226,9200.97275,0.788942918442192,0,0,4
"MOBS-GLEAM_FLUH",2024-12-14,0.865089196012552,0.7097173040101,13368.3267391304,0.73245083347226,0.855726946245633,0.718482182651869,15027,0.890229491218015,0,0.25,4
"MOBS-GLEAM_FLUH",2024-12-21,0.739427106757474,0.613139924614222,13326.3860869565,0.589958516241817,0.785874031092197,0.654949956062981,15907.75,0.748814169090076,0,0.25,4
"MOBS-GLEAM_FLUH",2024-12-28,0.534615976783796,0.447725969187449,9967.08782608696,0.372726465705674,0.657085231866109,0.542394127085186,13739.5,0.529313359724099,0,0.5,4
"MOBS-GLEAM_FLUH",2025-01-04,0.430725322986774,0.377454585156078,3700.62804347826,0.101334610858575,0.627123787183659,0.538988977850957,6877,0.188543001093628,0.25,1,4
"MOBS-GLEAM_FLUH",2025-01-11,1.70898653659521,1.83392334545258,8724.62510869565,0.229865911021756,1.75240564060764,1.9164701717011,12451,0.339622426875449,0.25,0.75,4
"MOBS-GLEAM_FLUH",2025-01-18,1.5429540464057,1.89017187175149,20293.6966304348,0.619728607833624,1.55973334376781,1.95137481457676,24848.75,0.799774950557673,0.25,0.5,4
"MOBS-GLEAM_FLUH",2025-02-01,2.08865631367105,2.78942469683627,22629.0738043478,0.691666535160462,2.04347332064815,2.7667658629397,26945.75,0.852084862407858,0,0,4
"MOBS-GLEAM_FLUH",2025-02-08,2.518728216012,3.67291778592726,14549.9561956522,0.499503386356412,2.57845852144125,3.78724213683992,20705.25,0.709073734633318,0,0.5,4
"MOBS-GLEAM_FLUH",2025-02-15,0.388348575396864,0.520088311162176,3832.57391304348,0.139353143986751,0.515880504098596,0.695508523396476,6484.25,0.229779805627256,0.25,0.75,4
"MOBS-GLEAM_FLUH",2025-02-22,0.574645409999817,0.817791493022387,5614.06955163044,0.263426519019124,0.627316327488189,0.931103037033847,8034.663,0.378254295783905,0,0.25,4
"MOBS-GLEAM_FLUH",2025-03-01,0.548407840800399,0.797319728462639,5030.76220902174,0.30059487123021,0.654403576632013,1.0074319004646,8036.51625,0.487233114940008,0,0.75,4
"MOBS-GLEAM_FLUH",2025-03-08,0.39667259752579,0.601223586527867,3308.12275554348,0.261727978941864,0.473323206785787,0.754602487746154,5482.5745,0.435622302520087,0,1,4
"MOBS-GLEAM_FLUH",2025-03-15,0.433817245098846,0.667682262471418,2686.83006358696,0.290060431494451,0.467785567806462,0.757310593416484,4316.0025,0.470583181380205,0,1,4
"MOBS-GLEAM_FLUH",2025-03-22,0.360155499300764,0.599802199697865,1797.64765293478,0.274321674811045,0.382761590002111,0.653454026937946,3012.49125,0.456965436098404,0,1,4
"MOBS-GLEAM_FLUH",2025-03-29,0.445693110090677,0.778485770601218,1487.39659543478,0.324960357946033,0.427902787722297,0.761041881086234,2411.24275,0.52367442390885,0,0.75,4
"MOBS-GLEAM_FLUH",2025-04-05,0.510065947471127,0.892371377655736,1244.77390358696,0.370706514543672,0.458495255797032,0.860777819382789,1948.227,0.580000683867829,0,0.5,4
"MOBS-GLEAM_FLUH",2025-04-12,0.730519615637767,0.993981025330146,1068.66954858696,0.404932440536954,0.658225242063072,1.15129319649513,1639.43575,0.627809018073863,0,0.25,4
"MOBS-GLEAM_FLUH",2025-04-19,1.08276327965014,1.12452399806801,974.06397076087,0.452643944027193,1.21106846211001,1.91674334403884,1468.16475,0.697637983019366,0,0,4
"MOBS-GLEAM_FLUH",2025-04-26,0.927281859417483,0.962289433086482,726.566471304348,0.399232879282307,1.25501419911074,1.92067229888144,1158.75575,0.644279995076053,0,1,4
"MOBS-GLEAM_FLUH",2025-05-03,0.894789456423315,0.806508105147021,617.699620108696,0.408707558638642,1.60723338745544,2.46047866293679,1006.23275,0.669125021850722,0,1,4
"MOBS-GLEAM_FLUH",2025-05-10,1.00003667629779,0.822712691953972,608.740869456522,0.441995684150642,3.02205178710794,4.48841050338688,965.369,0.708331154086585,0,0.75,4
"MOBS-GLEAM_FLUH",2025-05-17,1.12817960322157,0.846583073593142,642.733043478261,0.508777889714784,4.71249293647125,6.91932743122668,934.5,0.761817350078441,0,0,4
"MOBS-GLEAM_FLUH",2025-05-24,1.23969415724264,0.906366313707341,666.7075,0.566101076343135,6.85101448471236,10.0257063122313,934.5,0.824667984055923,0,0,4
"Metaculus-cp",2024-11-30,0.245999797528452,0.176306913770429,1445.97573023892,0.149502013939677,0.301353134298417,0.204421169839617,2476.24941172229,0.228457671669507,1,1,2
"Metaculus-cp",2024-12-07,0.299622784321678,0.226600829206255,1583.23079382291,0.158449338816821,0.413707155414702,0.281326942601101,2817.32866033791,0.254064492508389,0.5,1,2
"Metaculus-cp",2024-12-14,0.45150556288431,0.30687122358235,8740.61635591323,0.364465073347497,0.608846517692377,0.413371414624816,13244.9521362954,0.585488978574772,0,0.5,2
"Metaculus-cp",2024-12-21,0.484513513745118,0.390140718771206,8682.20071890298,0.362635264799479,0.662385195032295,0.530080885362461,13104.7594967112,0.580286481879551,0,0.5,2
"Metaculus-cp",2024-12-28,0.540740802151287,0.481958836875054,11950.8967846063,0.445727661156821,0.759654413900044,0.659118121151836,18561.4787782591,0.709559646376128,0,0.5,2
"Metaculus-cp",2025-01-04,1.55120845118285,1.83775386789093,12776.4899371266,0.474446221745164,1.76153499393992,2.09520446421332,18493.4628243811,0.704504780999947,0,0.5,2
"Metaculus-cp",2025-01-11,3.31196414556514,4.97356656770558,21179.4325078379,0.754440822535901,3.32885014157062,5.19254053402996,28776.6086374508,1.08709134737732,0,0.5,2
"Metaculus-cp",2025-01-18,1.89569116092788,2.68399797835961,20523.660191207,0.715710529075726,2.13743733420629,3.0991385851746,28058.6466772049,1.03782603828519,0,0.5,2
"Metaculus-cp",2025-02-01,2.95667460135955,4.78048985307554,32209.9545877492,1.16242887581375,2.95185979760139,5.06182728776705,39039.7554933503,1.52850804193437,0,0,2
"Metaculus-cp",2025-02-08,4.07591965488003,7.02491234174983,22563.1069086889,0.990084592407089,4.09629419009054,7.76378609258323,30953.4266479295,1.49858011058141,0,0.5,2
"Metaculus-cp",2025-02-15,1.35174761708554,1.86477293762024,11638.0003390008,0.399540116005025,1.51340685982463,2.09777341634779,15674.9674085141,0.512320334459138,0,0.5,2
"Metaculus-cp",2025-02-22,0.282264319994163,0.386180416907969,2940.23278723505,0.143599564676521,0.276035872111233,0.311099817786603,3783.851828456,0.145019180189961,1,1,2
"Metaculus-cp",2025-03-01,0.37178063637719,0.523102622124434,3093.69723092654,0.157818789302386,0.409272832394588,0.459734925434386,4421.61133622504,0.173453729463466,1,1,2
"Metaculus-cp",2025-03-08,0.310472847248555,0.649339242817156,2798.33153206402,0.335162656013245,0.365935634454059,0.571023519109757,4722.43436425827,0.401470233850864,1,1,2
"Metaculus-cp",2025-03-15,0.402746947316476,0.650563209672235,2270.41914853249,0.219136717598706,0.230572462068014,0.243321651004087,1881.04458778678,0.114595057280039,1,1,2
"Metaculus-cp",2025-03-22,0.266942429970165,0.537240780424318,1418.83643427077,0.28934016130575,0.185764919733417,0.394497733062695,1500.23234795439,0.31888640656982,0.5,1,2
"Metaculus-cp",2025-03-29,0.406527981133322,0.728721825139038,1275.60862322723,0.248032072680025,0.280555800431536,0.544225997057559,1346.65791069538,0.285490186966782,0.5,1,2
"Metaculus-cp",2025-04-05,0.60389328753408,1.46642457127827,1543.33875788958,0.725297397247323,0.592281185119438,1.58975611368932,2483.93125974512,1.19761989876127,0,1,2
"Metaculus-cp",2025-04-12,1.00155739485513,1.9534684284339,1417.63441990071,0.654554181116548,1.04137779003229,2.576692739621,2320.9095576663,1.11043031551347,0,1,2
"Metaculus-cp",2025-04-19,1.78817483145792,2.75860144337785,1697.86186983869,0.982983957654924,2.23889907106771,5.29030828441077,2688.97483945956,1.67333187109021,0,1,1
"Metaculus-cp",2025-04-26,2.27253757444528,3.72011588676915,1640.31357825782,0.92984450514716,3.02591547668641,7.10122843829763,2633.98034748737,1.58848132098647,0,1,1
"NEU_ISI-AdaptiveEnsemble",2024-11-30,0.531871516134201,0.425977927516762,2144.20445652174,0.276293815049409,0.698734913744447,0.585283613322948,3961,0.502131437371594,0,1,4
"NEU_ISI-AdaptiveEnsemble",2024-12-07,0.281056386219215,0.230723749425486,2554.01684782609,0.211437228142604,0.40146865038616,0.311554788941684,4446.75,0.358221655672423,0,1,4
"NEU_ISI-AdaptiveEnsemble",2024-12-14,0.355937663784507,0.235546140204256,5498.26369565217,0.243359434285447,0.519146898022148,0.340396354187306,9119.25,0.42229670070849,0,0.75,4
"NEU_ISI-AdaptiveEnsemble",2024-12-21,0.288853596953181,0.207188940128278,5179.23717391304,0.198399910631917,0.43552074764429,0.303808162338005,8781.75,0.346005090186954,0,0.75,4
"NEU_ISI-AdaptiveEnsemble",2024-12-28,0.367742678772521,0.291932396315123,6842.95521739131,0.242685231802799,0.486986302851789,0.380178410537089,10163.75,0.370504608819675,0,0.5,4
"NEU_ISI-AdaptiveEnsemble",2025-01-04,0.645418868346807,0.617495669673329,5586.2077173913,0.166920027548506,0.701441082773961,0.663125859628248,7726,0.233044449026091,0.25,0.5,4
"NEU_ISI-AdaptiveEnsemble",2025-01-11,1.54119177280323,1.64510591652903,8054.45304347826,0.210490650861165,1.41877004516771,1.53755074696492,10273.5,0.277231355601208,0.25,0.5,4
"NEU_ISI-AdaptiveEnsemble",2025-01-18,1.10487673177413,1.13016578345615,14446.5177173913,0.367063252107086,1.09139953417494,1.12199783951822,17321,0.4560759483732,0,0.25,4
"NEU_ISI-AdaptiveEnsemble",2025-02-01,1.46192485872095,1.61762126418519,15675.6831521739,0.395014923111482,1.50902284877154,1.69793947745304,19785,0.517589726605559,0,0,4
"NEU_ISI-AdaptiveEnsemble",2025-02-08,1.82570316374174,2.1029741570331,10605.6616304348,0.287557752224794,1.73217057913661,2.0561227718422,13954.5,0.386328018712947,0,0.25,4
"NEU_ISI-AdaptiveEnsemble",2025-02-15,0.653614029703912,0.810380213498118,6366.6425,0.213774178310531,0.763405886996661,0.990109357647966,9503,0.323147755088141,0,0.5,4
"NEU_ISI-AdaptiveEnsemble",2025-02-22,0.496650717640559,0.637061013390583,4843.86163043478,0.204428938333407,0.574725622671163,0.774743165847868,7351,0.313758621120768,0,0.75,4
"NEU_ISI-AdaptiveEnsemble",2025-03-01,0.44371197049025,0.546367023521092,4042.54402173913,0.203443132317933,0.495531516668798,0.657833949398498,6053,0.314918550307961,0,0.5,4
"NEU_ISI-AdaptiveEnsemble",2025-03-08,0.244820356256067,0.2721637789701,2032.52206521739,0.117239915212643,0.273317136024473,0.322714074824087,3149.5,0.184337963552213,0.25,0.75,4
"NEU_ISI-AdaptiveEnsemble",2025-03-15,0.165192939143179,0.200552713418172,1022.56793478261,0.0870108700193857,0.202356313778841,0.255760435186141,1864.25,0.158562740846985,0.5,1,4
"NEU_ISI-AdaptiveEnsemble",2025-03-22,0.121916711689169,0.154759108647269,606.151956521739,0.0699426976538685,0.108510537837944,0.12832383574262,842.5,0.0874691412709669,1,1,4
"NEU_ISI-AdaptiveEnsemble",2025-03-29,0.131795508725341,0.168979434491642,437.674239130435,0.0696035748369712,0.0957632354036756,0.125200748605375,538,0.0858298036884722,1,1,4
"NEU_ISI-AdaptiveEnsemble",2025-04-05,0.177301222751106,0.202648299719359,429.642934782609,0.0831096600626763,0.179675414571409,0.227257708692568,759.5,0.151535019398328,0.75,1,4
"NEU_ISI-AdaptiveEnsemble",2025-04-12,0.178711463624466,0.172449405178909,262.224456521739,0.0703175406183887,0.13198851070924,0.168868719294594,333.25,0.0935394836818979,1,1,4
"NEU_ISI-AdaptiveEnsemble",2025-04-19,0.287003413788833,0.212090798069287,265.149456521739,0.0874253852915542,0.238613109261082,0.286720286190761,346.75,0.12609503362355,1,1,4
"NEU_ISI-AdaptiveEnsemble",2025-04-26,0.406914816549362,0.29175256258716,330.343369565217,0.124635720683897,0.53887382962913,0.593272724565236,550.25,0.218955243566979,0.5,1,4
"NEU_ISI-AdaptiveEnsemble",2025-05-03,0.470003655259811,0.268253451368122,326.800652173913,0.136501153537283,0.968426288690442,0.963082534360838,612.5,0.26383670856223,0.25,1,4
"NEU_ISI-AdaptiveEnsemble",2025-05-10,0.443402883151014,0.225373286171735,267.25902173913,0.119567964360661,1.4588010717858,1.37755567472369,461.75,0.214608638371022,0.75,1,4
"NEU_ISI-AdaptiveEnsemble",2025-05-17,0.493173731291584,0.224235828349468,275.676413043478,0.132171039454419,2.59634427371676,2.31625996259902,503.5,0.249216429115042,0.75,1,4
"NEU_ISI-AdaptiveEnsemble",2025-05-24,0.437577709754515,0.208771986275958,229.193333333333,0.116485671411057,2.80513137434667,2.60836854632058,382.333333333333,0.204229971385231,0.666666666666667,1,3
"NEU_ISI-AdaptiveEnsemble",2025-05-31,0.466839878459668,0.253370093017561,226.89652173913,0.120475181890449,2.30566883001463,2.26772965289973,333,0.183825555425835,1,1,2
"NEU_ISI-FluBcast",2024-12-07,0.625108862797463,0.460620508097152,5714.91206521739,0.424494621309183,0.730153462758657,0.564116946464246,8121.25,0.651420779774524,0,0.5,4
"NEU_ISI-FluBcast",2024-12-14,0.754803417317629,0.60320899082656,11675.2169565217,0.623650960645326,0.81321473895242,0.66646182208009,14289.25,0.826889974555594,0,0,4
"NEU_ISI-FluBcast",2024-12-21,0.628656684847786,0.508285615069893,11308.1401086957,0.488045608818813,0.685394807911828,0.546807174351822,13857.25,0.62425422852365,0,0,4
"NEU_ISI-FluBcast",2024-12-28,0.516507934144188,0.428554604287718,9623.17152173913,0.356674543771271,0.579426346769072,0.468708936080972,12105.5,0.457167850877476,0,0.25,4
"NEU_ISI-FluBcast",2025-01-04,0.891183380440482,0.879572173165095,7628.94847826087,0.234903818205536,0.917655404878499,0.908203210123497,10017,0.315843672402933,0,0.5,4
"NEU_ISI-FluBcast",2025-01-11,1.53246272458729,1.61996765258015,7896.21217391304,0.204605867907829,1.47118285001112,1.58235061673217,10518.5,0.281892733305552,0,0.5,4
"NEU_ISI-FluBcast",2025-01-18,1.07671931026684,1.11318504167765,14259.5819565217,0.367017096721156,1.08035762772841,1.12558259946096,17331,0.463674067956496,0.25,0.25,4
"NEU_ISI-FluBcast",2025-02-08,3.64063518917553,5.21489585641774,21070.955326087,0.710567171467428,2.9582927221376,4.45591724487113,23774,0.835102448452791,0,0,4
"NEU_ISI-FluBcast",2025-02-15,1.75354700737714,2.73185982721868,17120.550326087,0.723509128145316,1.5530121841984,2.58980149419893,19356.5,0.847946643499186,0,0,4
"NEU_ISI-FluBcast",2025-02-22,0.259071575962092,0.342915857457223,2529.80423913044,0.110326085867779,0.359473571605726,0.484637817272625,4604.5,0.196760697297005,0,1,4
"NEU_ISI-FluBcast",2025-03-01,0.630785895759582,0.915893813522489,5791.76663043478,0.345543614209805,0.666368300687184,1.02416019637541,8180,0.494973797836407,0,0,4
"NEU_ISI-FluBcast",2025-03-08,0.537108116583048,0.804071911087205,4476.00608695652,0.349495404142323,0.5551260280346,0.888001561338229,6425.5,0.51181314338328,0,0,4
"NEU_ISI-FluBcast",2025-03-15,0.40544507591535,0.593396265886903,2504.29597826087,0.256572705515213,0.455606954200354,0.695482184707056,4193.25,0.430221046314556,0,1,4
"NEU_ISI-FluBcast",2025-03-22,0.391501095826096,0.612517429487175,1946.58956521739,0.277919537508263,0.412747576139178,0.666346499134778,3238.25,0.462768291470029,0,1,4
"NEU_ISI-FluBcast",2025-03-29,0.439541443856877,0.707391675742697,1454.39032608696,0.291260901331399,0.432550652975678,0.708904724900316,2421.25,0.482070259890346,0,1,4
"NEU_ISI-FluBcast",2025-04-05,0.446780267545514,0.705852359946134,1083.28869565217,0.289799977601593,0.426752349460441,0.717624216778212,1804.75,0.47878374222628,0,1,4
"NEU_ISI-FluBcast",2025-04-12,0.547056032146624,0.654506795919068,790.154130434783,0.26167501224044,0.541090205258719,0.818729041673021,1334.5,0.439262712283526,0,1,4
"NEU_ISI-FluBcast",2025-04-19,0.657768845136862,0.584265507577783,584.028695652174,0.23050042767365,0.837796278724686,1.10004319920243,1005,0.393271818867293,0,1,4
"NEU_ISI-FluBcast",2025-04-26,0.490762552148241,0.428368540099404,375.428804347826,0.172042925880074,0.727930565699816,0.894615727667423,657.5,0.290626430530951,0.25,1,4
"NEU_ISI-FluBcast",2025-05-03,0.332376212401497,0.249518662444078,226.447717391304,0.124169521236709,0.626881637615686,0.734759076507392,384.5,0.194473624173058,0.5,1,4
"NEU_ISI-FluBcast",2025-05-10,0.303109323256152,0.208008106469542,182.019130434783,0.10981704295481,0.937530776290428,1.06008796059679,294,0.163405862144609,0.75,1,4
"NEU_ISI-FluBcast",2025-05-17,0.283377352072971,0.173715333576012,160.95152173913,0.103900806913131,1.20974831329575,1.32020147621469,239.75,0.144838193628485,1,1,4
"NEU_ISI-FluBcast",2025-05-24,0.287090701125668,0.16793542681509,153.826847826087,0.104226987932449,1.64080971617666,1.72334867731974,218.75,0.138134137178811,1,1,4
"NEU_ISI-FluBcast",2025-05-31,0.275064045428764,0.165562154333676,148.341847826087,0.104302394886308,1.23593633509668,1.27189952890918,183.75,0.118805069262997,0.75,1,4
"NIH-Flu_ARIMA",2024-11-30,0.565850420702138,0.390960798742017,2378.84779891304,0.263974431327015,0.622745712073106,0.470402219238951,3697.75,0.422094157533748,0.25,1,4
"NIH-Flu_ARIMA",2024-12-07,0.640250084475234,0.459068822155078,5858.13037065217,0.423780305184152,0.714424065303122,0.532844695798152,7955.125,0.616424153285951,0,0.5,4
"NIH-Flu_ARIMA",2024-12-14,0.655500786257535,0.501952218805551,10129.2063777174,0.518214538861149,0.759241214595789,0.582122140664226,13329.625,0.721201899819378,0,0.5,4
"NIH-Flu_ARIMA",2024-12-21,0.611786009175168,0.486058342583749,11013.3932309783,0.467170746644405,0.699551664759381,0.547360435811481,14157.625,0.625761235107936,0,0,4
"NIH-Flu_ARIMA",2024-12-28,0.601889949312879,0.523718805702974,11238.7726282609,0.43658213443845,0.736094184189595,0.626190105991297,15402.625,0.611418544616846,0,0.5,4
"NIH-Flu_ARIMA",2025-01-04,1.05053074398852,1.10033346511556,9003.02165217391,0.294569837028047,1.18692848298667,1.24518328335478,13002,0.435028828498733,0,0.75,4
"NIH-Flu_ARIMA",2025-01-11,1.69172853025468,1.51262736069377,8529.04147771739,0.186737388299839,1.89679339504645,1.65571162950157,13367.125,0.290298260574119,0,1,4
"NIH-Flu_ARIMA",2025-01-18,1.12162473697187,1.21419595329703,14541.6187440217,0.391010255521421,1.24571447201303,1.34158571898996,19695.875,0.543148809731017,0,0,4
"NIH-Flu_ARIMA",2025-02-01,0.807690320813437,0.800550696793617,8607.06050163044,0.193935875708759,0.932851318275493,0.921049940228819,12153.625,0.278390356560768,0.25,0.5,4
"NIH-Flu_ARIMA",2025-02-08,0.684019822547628,0.654388720746755,3984.88444130435,0.0897404032146082,0.763427513879517,0.764345971139169,6175,0.144104360836594,0.5,1,4
"NIH-Flu_ARIMA",2025-02-15,0.312746276815889,0.331545905167267,3101.12447065217,0.0888412605337281,0.431981206298712,0.482119700057062,5473.75,0.159929396843045,0,1,4
"NIH-Flu_ARIMA",2025-02-22,0.267033894738504,0.297115706528405,2639.42855978261,0.0966666861624222,0.327507075911085,0.395344145775825,4269.375,0.163352971982115,0.5,1,4
"NIH-Flu_ARIMA",2025-03-01,0.111579141987394,0.132321621355319,1021.90335217391,0.0497314879844003,0.096308306673545,0.103020231590002,1165.375,0.0488309802715734,0.75,1,4
"NIH-Flu_ARIMA",2025-03-08,0.269016092935222,0.328156129956318,2279.21523804348,0.14530850682447,0.309693743377579,0.409261761866778,3655.75,0.241038600386207,0.25,1,4
"NIH-Flu_ARIMA",2025-03-15,0.191676765638862,0.245740535082643,1217.19942065217,0.109308659555358,0.204541469682855,0.294200210291744,1953.5,0.188891987244129,0.5,1,4
"NIH-Flu_ARIMA",2025-03-22,0.223558575747651,0.285961905274491,1135.94281358696,0.133028925728203,0.238629896176681,0.331525909417956,1917.875,0.236745450137011,0.25,1,4
"NIH-Flu_ARIMA",2025-03-29,0.139361432859831,0.181533959237531,471.435120652174,0.0762702376980716,0.100316440874671,0.144427516305479,576.875,0.100369968463929,1,1,4
"NIH-Flu_ARIMA",2025-04-05,0.430598726649569,0.467517560772905,1048.47035597826,0.192596735235657,0.406058781846494,0.487843348235084,1726.375,0.32738604005237,0,1,4
"NIH-Flu_ARIMA",2025-04-12,0.15083601442632,0.17028121938583,224.316344565217,0.0706911760382499,0.0345986846482751,0.0561934586990413,92.5,0.0333780797079148,1,1,4
"NIH-Flu_ARIMA",2025-04-19,0.38883910531455,0.371086913745255,355.099235326087,0.152746775244462,0.523525904504452,0.724296543436529,644.375,0.269381132882666,0,1,4
"NIH-Flu_ARIMA",2025-04-26,0.342740236939346,0.331693954727895,275.0549125,0.141943830029825,0.525186693868229,0.715985718735193,497.625,0.247927456004942,0.5,1,4
"NIH-Flu_ARIMA",2025-05-03,0.497281521534263,0.410796254725291,344.317436956522,0.209140012288241,0.985963759669617,1.33972002426915,620.125,0.366033803973113,0,1,4
"NIH-Flu_ARIMA",2025-05-10,0.415462076267757,0.297207381905461,253.177270108696,0.160292142867484,1.42223836354593,1.74193216922998,457.25,0.276604684666265,0.5,1,4
"NIH-Flu_ARIMA",2025-05-17,0.750205594103874,0.592010401563178,452.659238043478,0.383004910400827,3.5141280432892,5.29095395460446,734.25,0.624215041024751,0,1,4
"NIH-Flu_ARIMA",2025-05-24,0.984440500218416,0.732098285123811,538.582813043478,0.469562530199488,5.99894612035232,8.69244382883876,832.375,0.734099159578694,0,0.75,4
"NIH-Flu_ARIMA",2025-05-31,0.819460566460736,0.60489425871824,445.735523369565,0.387074284512594,4.68963635941198,6.44356775211077,721.375,0.626953332528872,0,0.75,4
"OHT_JHU-nbxd",2024-11-30,0.304935192141078,0.207621511525578,1216.73902608696,0.133775843957146,0.254645420696419,0.155156141898386,1424.2325,0.130877865327271,1,1,4
"OHT_JHU-nbxd",2024-12-07,0.372897738515186,0.249862058191248,3424.78702717391,0.23112925305469,0.51351097335632,0.305533246731591,5748.6625,0.355341902527633,0.5,1,4
"OHT_JHU-nbxd",2024-12-14,0.56260999357534,0.432692490358071,8692.88472173913,0.446759224700889,0.756542287997142,0.57551359775315,13284.17,0.713103139900582,0.25,0.75,4
"OHT_JHU-nbxd",2024-12-21,0.671882905548021,0.603433522162068,12106.8736652174,0.580749529761072,0.873546867444004,0.778986054632126,17693.5,0.891361816290106,0,0.5,4
"OHT_JHU-nbxd",2024-12-28,0.749236349350625,0.736659060909361,14008.2524869565,0.615029830876398,0.965793467003983,0.946276981461294,20237.02,0.925457439220847,0,0,4
"OHT_JHU-nbxd",2025-01-04,1.87692820757486,2.42437569761108,16115.6659326087,0.650742415974812,2.04904683327243,2.72433108366429,22419.105,0.951900040368989,0,0.25,4
"OHT_JHU-nbxd",2025-01-11,1.84754048466667,2.19722414281905,9573.57618913044,0.279350608773668,1.94507239118177,2.34463179778638,14067.5125,0.423020325717995,0.5,0.75,4
"OHT_JHU-nbxd",2025-01-18,1.47193882684877,1.77604061317448,19203.9692086957,0.576385440941341,1.61945812339447,2.00611245697424,25653.4675,0.815657743320691,0,0.25,4
"OHT_JHU-nbxd",2025-02-01,1.03757494397523,1.15148574177203,11103.1715413043,0.28048252421875,1.40273302546167,1.52912356011261,18349.8875,0.464512031886882,0,0.75,4
"OHT_JHU-nbxd",2025-02-08,0.711978583255882,0.70914036529292,4122.57226847826,0.0967853217773815,0.770662913647407,0.76461441867784,6177.2675,0.143001644352818,0.75,1,4
"OHT_JHU-nbxd",2025-02-15,0.487190326679332,0.497293473572436,4876.3394,0.134403633350019,0.612624011284963,0.669184280335165,7894.79,0.225515237080164,0.5,1,4
"OHT_JHU-nbxd",2025-02-22,0.450495584480391,0.466310499719855,4445.79093152174,0.151429699321271,0.545437106557749,0.619145549226249,7112.0575,0.255684021996136,0.5,1,4
"OHT_JHU-nbxd",2025-03-01,0.382757521100521,0.398453598301206,3568.97117826087,0.152102625115009,0.487964813834029,0.563512660723524,6117.1225,0.277033718429316,0.25,1,4
"OHT_JHU-nbxd",2025-03-08,0.345406883906827,0.371457872263613,2896.44447065217,0.162577158126381,0.423331639866276,0.51222750137499,4939.385,0.298000237787242,0.5,1,4
"OHT_JHU-nbxd",2025-03-15,0.262646027681848,0.30446191630848,1649.54844673913,0.133735600095363,0.217002375558029,0.312562787770747,2083.0075,0.201554831019503,0.75,1,4
"OHT_JHU-nbxd",2025-03-22,0.262996704334302,0.318255504306055,1332.24296521739,0.147229442493439,0.217850751403207,0.318439771694765,1789.68,0.232431133083131,0.75,1,4
"OHT_JHU-nbxd",2025-03-29,0.313195364692886,0.358231436369188,1054.28026630435,0.149489803785936,0.265642537631597,0.352427671992385,1530.905,0.246044873872936,1,1,4
"OHT_JHU-nbxd",2025-04-12,0.304363065102102,0.333407023313701,443.801779347826,0.135689303871989,0.121290231594669,0.180499623290068,310.0075,0.101772474205908,1,1,4
"OHT_JHU-nbxd",2025-04-19,0.43019770214334,0.398551007306208,388.794752173913,0.161598592452825,0.361202748058648,0.498651336012887,442.3325,0.184099375736926,1,1,4
"OHT_JHU-nbxd",2025-04-26,0.436843615708862,0.433281766480741,345.726847826087,0.182853328329417,0.50530997430943,0.708633368407043,483.02,0.248096809805268,1,1,4
"OHT_JHU-nbxd",2025-05-10,0.548894473944641,0.449149425621936,338.53444673913,0.246492767331777,1.76009312563508,2.41873182001258,581.2375,0.397541768941638,0.75,1,4
"OHT_JHU-nbxd",2025-05-17,0.52658071856835,0.383602607385935,305.083242391304,0.236712929028048,2.54938715160402,3.32113919811049,529.49,0.386316201995818,0.5,1,4
"OHT_JHU-nbxd",2025-05-24,0.546730718236085,0.385518598442164,298.437997826087,0.246001511092418,4.11035599149101,5.16162209594259,570.0675,0.434522773527321,0.25,1,4
"PSI-PROF",2024-11-30,0.665640344680498,0.477121397865089,2806.21795652174,0.323372760670366,0.697915325445105,0.553988627896251,4216.9775,0.50647328302644,0.25,0.75,4
"PSI-PROF",2024-12-07,0.592692103640089,0.417279398860025,5436.06918152174,0.386250418073186,0.726453209126277,0.531605905054947,8102.8925,0.616462005843506,0,0.75,4
"PSI-PROF",2024-12-14,0.787750418795577,0.624521474540784,12172.9203706522,0.64440165617798,0.838180507129385,0.68597800074644,14715.5625,0.849467517413411,0,0.25,4
"PSI-PROF",2024-12-21,0.805938758038974,0.710036628645151,14529.863723913,0.683559069101979,0.865858253079821,0.765488944292465,17542.2675,0.876379325664365,0,0,4
"PSI-PROF",2024-12-28,0.668204343556506,0.585746155635485,12479.992526087,0.488410545505339,0.782647450318899,0.682848157821801,16384.1525,0.66707431128485,0,0,4
"PSI-PROF",2025-01-04,0.520265418545697,0.508494150966686,4491.29395217391,0.137273191634769,0.638022894897568,0.597227002837514,7060.2425,0.211019604442145,0.5,1,4
"PSI-PROF",2025-01-11,1.32691024305945,1.42614725166115,6732.52026195652,0.177736405568509,1.64078844181892,1.74821862059818,11617.595,0.308633621949052,0.5,1,4
"PSI-PROF",2025-01-18,1.32353004040368,1.61927692660185,17432.4186521739,0.531865225172628,1.52729182030375,1.92267949935782,24401.0825,0.791116088479066,0.25,0.5,4
"PSI-PROF",2025-02-01,1.17065812702426,1.31454763251011,12587.3346108696,0.322209573260822,1.29271918681633,1.3985568484995,16975.14,0.427089244515589,0,0.25,4
"PSI-PROF",2025-02-08,0.753837674315106,0.819795652254701,4371.60815543478,0.11202963212539,0.890027893919822,0.913695690905783,7177.8425,0.172073542629512,0.5,1,4
"PSI-PROF",2025-02-15,0.189662130094976,0.193263328158346,1847.11494673913,0.0507643369359554,0.145726244864193,0.155008468145846,1806.66,0.0502565595608293,1,1,4
"PSI-PROF",2025-02-22,0.25274587123929,0.269607972054755,2471.55694130435,0.0866497290326967,0.276122522035415,0.346558155362704,3615.7225,0.143929311550049,1,1,4
"PSI-PROF",2025-03-01,0.193157471674789,0.212892963562446,1783.9092576087,0.0804475946601764,0.164747250566824,0.223724643426693,2093.6575,0.112141845564453,1,1,4
"PSI-PROF",2025-03-08,0.130585798970367,0.159969923728603,1092.8789826087,0.0698888559415119,0.110219740943462,0.166854366120937,1309.8125,0.0993493308285389,0.75,1,4
"PSI-PROF",2025-03-15,0.183415359398439,0.221073195473516,1148.08965434783,0.0967443084389539,0.167159054764351,0.242143298332612,1586.4375,0.155467661079245,0.75,1,4
"PSI-PROF",2025-03-22,0.29650871268329,0.366536051127321,1514.9312173913,0.171466289874679,0.363826863716728,0.473251942397929,2930.93,0.338354536429088,0.5,1,4
"PSI-PROF",2025-03-29,0.227658945736457,0.274496600178231,774.989405434783,0.115722854433619,0.207880391645121,0.300057233278495,1228.235,0.214590383810012,0.75,1,4
"PSI-PROF",2025-04-05,0.190885859211236,0.239802023916126,466.648247826087,0.0996886943838361,0.0879582782184451,0.118379980570628,367.5925,0.0780678187448076,1,1,4
"PSI-PROF",2025-04-12,0.252402305816023,0.273626133910993,374.55920326087,0.112999147537936,0.0865718125752245,0.1233121409804,219.3625,0.0683079820926411,1,1,4
"PSI-PROF",2025-04-19,0.367582883619711,0.365274192450909,333.802844565217,0.149095158050458,0.450790868314269,0.606907304807638,549.8025,0.222801725479434,1,1,4
"PSI-PROF",2025-04-26,0.412744941870855,0.421203619125816,329.618104347826,0.178946342255009,0.442736551367937,0.594614190303219,419.485,0.205858465005243,1,1,4
"PSI-PROF",2025-05-03,0.373517620290243,0.35657623971825,261.720458695652,0.185074817838468,0.777728550221305,1.08148819639454,497.97,0.302265249644892,1,1,4
"PSI-PROF",2025-05-10,0.506458242119645,0.446649809813325,313.181877173913,0.24603283671785,1.99054127111011,2.7441244413095,650.5825,0.445604086324604,0,1,4
"PSI-PROF",2025-05-17,0.405556109038518,0.275481869868759,235.789269565217,0.169692911613984,2.18853230003045,2.66253710531332,446.3425,0.302438264071601,0.75,1,4
"PSI-PROF",2025-05-24,0.429649943009192,0.261497873254846,233.053541304348,0.165159192742489,3.14165354929993,3.67480213081726,432.6325,0.306031491086793,0,1,4
"PSI-PROF",2025-05-31,0.401281351105283,0.263475359548716,218.518323913044,0.168660360266824,2.70980014266788,3.1989072951296,417.19,0.311400865403779,0,1,4
"PSI-PROF_beta",2024-12-07,0.663439212067106,0.446998662229744,6078.33538369565,0.413117829278773,0.653058505012359,0.458418507772923,7277.7125,0.530496806550465,0,0.5,4
"PSI-PROF_beta",2024-12-14,0.64668128556564,0.480608772791918,9995.59248043478,0.496439569752285,0.757122308486572,0.579169495300176,13298.0275,0.717965879579347,0.25,0.5,4
"PSI-PROF_beta",2024-12-21,0.553887506143306,0.44885046602813,9970.47210978261,0.431463151019789,0.726433003578882,0.585009229112007,14699.02,0.668596930576119,0,0.5,4
"PSI-PROF_beta",2024-12-28,0.585927041756205,0.506300415157271,10932.9572391304,0.421782460295795,0.742373694311857,0.636726045170224,15532.945,0.621715783900775,0,0.25,4
"PSI-PROF_beta",2025-01-04,0.34845116110228,0.314032544120107,2974.98393586957,0.0837096493604307,0.42792202061688,0.37551095661087,4670.375,0.130591831844383,0.5,1,4
"PSI-PROF_beta",2025-01-11,0.995877884535166,0.978601173957331,4987.35688369565,0.120242969452347,1.25056011024906,1.2299371571786,8733.9075,0.214185244870679,0.5,1,4
"PSI-PROF_beta",2025-01-18,1.2081854110484,1.3839037740223,15864.7668597826,0.452184699350378,1.42949946009832,1.67286411571416,22758.3875,0.684138550092834,0.25,0.5,4
"PSI-PROF_beta",2025-02-01,0.927423544289802,1.02173324498916,9953.3543576087,0.249770758992365,1.12449259224205,1.16384217535295,14725.9825,0.354072921425877,0,1,4
"PSI-PROF_beta",2025-02-08,0.548530743208898,0.525824959743554,3175.98547282609,0.0717599598105605,0.485417995744535,0.496682418592178,3926.5425,0.0935583014652761,1,1,4
"PSI-PROF_beta",2025-02-15,0.467450050922213,0.456705869728822,4613.05894130435,0.121777124789211,0.609720425360876,0.652219458759066,7739.59,0.216481118201194,0.5,1,4
"PSI-PROF_beta",2025-02-22,0.226900404794887,0.235136462409316,2213.80806521739,0.0753668133053137,0.148964185822104,0.190702648242054,1936.2625,0.0786478879875108,1,1,4
"PSI-PROF_beta",2025-03-01,0.198742940422949,0.219488733282453,1830.66086086957,0.0827657695146508,0.162998864592187,0.215922909125492,2050.4475,0.106988620861554,1,1,4
"PSI-PROF_beta",2025-03-08,0.190861553285163,0.220490029278069,1595.52380978261,0.0961433962855611,0.190805618001342,0.269655290478381,2245.9475,0.158542344235186,0.75,1,4
"PSI-PROF_beta",2025-03-15,0.185083688670567,0.219751038891648,1153.37135108696,0.0957508839340087,0.136862893103928,0.2014230877179,1296.2225,0.129129305792368,1,1,4
"PSI-PROF_beta",2025-03-22,0.289436204700623,0.342055343638267,1462.38200978261,0.157689635109523,0.341375102098752,0.450523148251781,2749.8125,0.32213631229412,0.75,1,4
"PSI-PROF_beta",2025-03-29,0.252177310069395,0.30403543124296,842.047704347826,0.125718269184895,0.143578730525189,0.210781140861739,837.295,0.149291096435788,1,1,4
"PSI-PROF_beta",2025-04-05,0.184457521616157,0.253551559025052,448.383425,0.105049208957973,0.104889352623176,0.173886389965372,448.37,0.118636433300094,1,1,4
"PSI-PROF_beta",2025-04-12,0.237856651165977,0.236703784063208,346.786447826087,0.096094743384442,0.0754781265573321,0.0858927208455311,184.5075,0.0456768314887104,1,1,4
"PSI-PROF_beta",2025-04-19,0.317945331600525,0.269542720484138,288.365533695652,0.109401810588317,0.14500789655258,0.186000338451304,177.14,0.0684563795791324,1,1,4
"PSI-PROF_beta",2025-04-26,0.331995962031114,0.271321462483939,263.827725,0.114007182624166,0.0957271300436219,0.11679805655778,90.98,0.0403259861324452,1,1,4
"PSI-PROF_beta",2025-05-03,0.325963500698657,0.251160018593492,227.508522826087,0.1293096512134,0.325401737213327,0.447131131808365,218.8075,0.131609311120775,1,1,4
"PSI-PROF_beta",2025-05-10,0.429901455112186,0.33677789405939,266.777511956522,0.185894536930174,1.38032645086121,1.84613990523296,463.2225,0.308528602324221,0.75,1,4
"PSI-PROF_beta",2025-05-17,0.340564750894069,0.206002401961358,196.667905434783,0.126064152982568,0.919431342940293,1.05068432930502,201.1475,0.128176518382905,1,1,4
"PSI-PROF_beta",2025-05-24,0.413815657507651,0.255509385203077,224.916825,0.161793533763856,3.01577959301926,3.51535242901247,416.1,0.293438458141659,0.25,1,4
"PSI-PROF_beta",2025-05-31,0.39286607731688,0.26460301955499,218.802572826087,0.173791257871761,2.56520558306791,3.13651270754174,402.545,0.31267833536216,0,1,4
"SigSci-TSENS",2024-11-30,0.660050965534519,0.463509068681657,2767.88326086957,0.313177544051134,0.658087364718323,0.502254667979812,3911,0.4520096394255,0.25,0.75,4
"SigSci-TSENS",2024-12-07,0.794366148066929,0.591583145715106,7271.43119565217,0.546914142952208,0.790322380954604,0.619910236635254,8804.25,0.718064543631238,0,0.25,4
"SigSci-TSENS",2024-12-14,0.933383513662618,0.81242933053382,14428.7295652174,0.838759259462206,0.895894654081763,0.785530944835118,15733.25,0.973205290660762,0,0,4
"SigSci-TSENS",2024-12-21,0.912723529612105,0.834776739176406,16458.6172826087,0.803532472584845,0.894924187331408,0.811407765873869,18125.75,0.92839813730005,0,0,4
"SigSci-TSENS",2024-12-28,0.888426092061721,0.833281591421868,16604.2458695652,0.695066854158783,0.895124662114964,0.834596104893267,18740.5,0.815272863019619,0,0,4
"SigSci-TSENS",2025-01-04,0.405005921798853,0.371376295221252,3431.97326086957,0.0982745188420183,0.3869911118569,0.341610693364671,4213,0.118428678759857,0.5,0.75,4
"SigSci-TSENS",2025-01-11,0.915033034174049,0.942078991111824,4581.55956521739,0.115762360830963,1.04783114068081,1.04847419151669,7322.75,0.18269333260196,0.5,0.75,4
"SigSci-TSENS",2025-01-18,1.16234314310145,1.23885366865145,15111.1382608696,0.400077562361024,1.2329587340374,1.32287727320038,19515.5,0.536267134113471,0,0,4
"SigSci-TSENS",2025-02-01,0.756296270195929,0.738564743308895,8053.96054347826,0.17874645525196,0.807664698130844,0.776391122940141,10478,0.23347894128496,0.25,0.5,4
"SigSci-TSENS",2025-02-08,1.07503979246518,1.03081726534301,6191.85445652174,0.14002515470644,1.33567924290921,1.28601234927027,10690,0.240474273589578,0.25,1,4
"SigSci-TSENS",2025-02-15,0.800017581992532,0.783799456085759,8061.87847826087,0.213014987189011,1.01533181605375,1.01205523202199,13072.25,0.339912580257447,0.25,1,4
"SigSci-TSENS",2025-02-22,0.564306473683996,0.591048715217953,5621.95956521739,0.193756290813865,0.718434775318614,0.773799778388771,9390.5,0.320055954941513,0.25,1,4
"SigSci-TSENS",2025-03-01,0.628586647750816,0.661560589700842,5969.08304347826,0.256791589027146,0.748612854599493,0.805421811241781,9518.25,0.400482281025047,0.25,0.75,4
"SigSci-TSENS",2025-03-08,0.520579387230575,0.57798430774717,4414.05815217391,0.255837593232783,0.618899359364983,0.705627887812538,7283,0.413582488840193,0.25,1,4
"SigSci-TSENS",2025-03-15,0.441424502599103,0.517660887515366,2826.45684782609,0.23154896028492,0.49154861404734,0.601594724639962,4710,0.385856566309752,0.25,1,4
"SigSci-TSENS",2025-03-22,0.423476484745426,0.5134045268847,2184.94576086957,0.242118911137185,0.464666028341876,0.581098698685473,3785.5,0.419212244422761,0.25,1,4
"SigSci-TSENS",2025-03-29,0.268275964647006,0.35535469733902,925.797065217391,0.152431144814599,0.274772906311437,0.378580451908401,1621.5,0.270445916845758,0.5,1,4
"SigSci-TSENS",2025-04-05,0.238406657430931,0.330046699762991,589.795869565217,0.139095139497682,0.203080579622538,0.282002404603044,881.5,0.193427242520964,1,1,4
"SigSci-TSENS",2025-04-12,0.279181348102187,0.574912989536092,414.347608695652,0.244718336289391,0.180237403243648,0.255090450272681,450.75,0.139727047721451,1,1,4
"SigSci-TSENS",2025-04-19,0.645137894267381,1.30335324824826,587.495326086957,0.552279948507841,0.919827723305914,1.47100013073793,1130.25,0.548032967838687,0.5,1,4
"SigSci-TSENS",2025-04-26,0.57347552195448,1.16883976074226,457.817826086957,0.516489825497528,0.882802585950827,1.30831656745623,829.25,0.44924789754838,0.75,1,4
"SigSci-TSENS",2025-05-03,0.680958209389847,1.30496075226106,473.755652173913,0.685169969765991,1.45277534783857,2.29995219972126,919.5,0.636881601982815,0.5,1,4
"SigSci-TSENS",2025-05-10,0.540037004256445,0.83690426006641,335.650760869565,0.477089623000656,1.49103055050653,1.93279122633733,491,0.316318577123516,1,1,4
"SigSci-TSENS",2025-05-17,0.590185125884958,0.898650441027642,345.626413043478,0.579281590657368,2.7949850437119,3.69001046541077,574.75,0.424659478659088,1,1,4
"SigSci-TSENS",2025-05-24,0.734325194911682,1.17128706782779,402.769130434783,0.771786232341346,5.64862943976017,8.01644701744764,786.5,0.681419721861757,0.5,1,4
"SigSci-TSENS",2025-05-31,0.549622186775254,0.783051543088397,305.658804347826,0.527745435691285,2.38310878647892,2.80945006642788,370.5,0.276899069184992,1,1,4
"Stevens-ILIForecast",2024-11-30,1.89069682787598,3.12918821518952,7532.42597826087,2.0141027179341,1.51616237306377,2.95496490747336,8481.5,2.51016454605191,0,0,4
"Stevens-ILIForecast",2024-12-07,1.49797486610907,2.51512607261925,13615.0965217391,2.30739247296302,1.28786801788787,2.30907302604969,14267.75,2.65771214954134,0,0,4
"Stevens-ILIForecast",2024-12-14,1.38075033946615,2.28581313089595,21377.9785869565,2.36671560635931,1.24491659012948,2.05531613806688,21894.5,2.55312079314893,0,0,4
"Stevens-ILIForecast",2024-12-21,0.931193527219274,0.954993634178305,16797.5666304348,0.919990006869603,0.9606628124164,0.936559523857079,19489,1.0751139067315,0,0.25,4
"Stevens-ILIForecast",2024-12-28,1.22246341864886,1.56561783336854,22862.8116304348,1.30706906100767,1.26904787915028,1.65701690019563,26589.75,1.61966844958941,0,0,4
"Stevens-ILIForecast",2025-01-04,3.17353379946518,5.46882032446885,27170.924673913,1.46332275927271,2.79455737512887,5.17238032511077,30517.5,1.80321039636995,0,0,4
"Stevens-ILIForecast",2025-01-11,2.56419125491913,3.09960924787908,13255.9980434783,0.392665059698304,1.9847599531256,2.40504690078857,14261.5,0.430360433078739,0,0.25,4
"Stevens-ILIForecast",2025-01-18,1.52063665615473,1.71662002677447,19874.1293478261,0.558487859167132,1.32056371990717,1.47345862762964,20999.25,0.601135135159606,0,0,4
"Stevens-ILIForecast",2025-02-01,1.82785540754175,2.1305985033179,19689.0015217391,0.523217305400577,1.5783818091318,1.82856353036345,20740.25,0.55901779473578,0,0,4
"Stevens-ILIForecast",2025-02-08,2.26455841585199,2.61163276348899,13122.4869565217,0.356828372624708,1.79437744096308,2.12848728905088,14435.75,0.399934961086052,0,0,4
"Stevens-ILIForecast",2025-02-15,0.319773413477537,0.312402782910634,3067.325,0.080648810168532,0.349029782303883,0.363592647606629,4289.75,0.116524509265329,0,0.5,4
"Stevens-ILIForecast",2025-02-22,0.124432022281001,0.148078987193539,1241.04760869565,0.0486510022117436,0.14887889774371,0.182830670356641,1948,0.0757978034653282,0.5,0.5,4
"Stevens-ILIForecast",2025-03-01,0.219269023828847,0.267634354884594,2036.22565217391,0.101878495502626,0.227090480224744,0.282581029263802,2814.25,0.137546667941246,0,0.25,4
"Stevens-ILIForecast",2025-03-15,0.164663614467121,0.287185577764354,1060.1347826087,0.130638864924197,0.132108701670267,0.235499307106536,1262.25,0.152115163480414,0.25,0.5,4
"Stevens-ILIForecast",2025-03-22,0.224067899055537,0.375326599566006,1134.13913043478,0.174577272953029,0.160956808049905,0.279494394343658,1281.75,0.198324228765143,0.25,0.25,4
"Stevens-ILIForecast",2025-03-29,0.31766581282801,0.619740447472256,1098.67760869565,0.268520481856265,0.206933373473576,0.409310062723693,1205.5,0.291792255770105,0.25,0.25,4
"Stevens-ILIForecast",2025-04-12,0.719831928030143,0.875935964508113,1049.77260869565,0.353446254681402,0.454497388349911,0.709588551678467,1130.25,0.383805770911845,0,0,4
"Stevens-ILIForecast",2025-04-19,1.51839025264059,1.63639627049977,1368.83543478261,0.661098810540304,1.16892345362745,1.89902368567171,1419,0.693156060456861,0,0,4
"Stevens-ILIForecast",2025-04-26,1.27782856570085,1.26258445548913,999.22,0.521882203233659,1.14217820925507,1.66954724414001,1052.75,0.558133701022549,0,0,4
"Stevens-ILIForecast",2025-05-24,0.9668250522723,0.606681367628848,519.609130434783,0.378283823269702,4.14505538436948,5.08391069843091,564.75,0.417454866486946,0,0,4
"Stevens-ILIForecast",2025-05-31,0.343830909092024,0.211052529011531,197.257391304348,0.143434514370582,1.6014582492143,1.82572337878601,255,0.185249672321432,0,0.25,4
"UGA_CEID-Walk",2024-12-07,1.26176587561329,1.39739219324286,11493.8529638043,1.28670951752486,1.09856901639348,1.26644536984301,12195.59825,1.46239580490139,0,0,4
"UGA_CEID-Walk",2024-12-14,1.18995424465217,1.3799084046029,18410.9642201087,1.42643385090384,1.10046538649408,1.28612846270219,19341.59425,1.59528411943464,0,0,4
"UGA_CEID-Walk",2024-12-21,1.1833759726738,1.35592098470438,21346.2478168478,1.30528215273103,1.12079484805241,1.28514566136128,22702.79625,1.47027219036656,0,0,4
"UGA_CEID-Walk",2024-12-28,1.19022972908289,1.3420907929896,22271.8883796739,1.12094836974286,1.1560275083168,1.31105908074111,24225.64325,1.28210683373268,0,0,4
"UGA_CEID-Walk",2025-01-04,2.12497111172181,2.69040077861105,18175.7184718478,0.718428611744131,1.98981295320451,2.56681582672761,21710.6475,0.892561846541149,0,0,4
"UGA_CEID-Walk",2025-01-11,1.50336934393838,1.85376872236986,7702.98131336957,0.232599913711563,1.74742302689822,2.00447267027607,12485.034,0.356470548210139,0.25,0.75,4
"UGA_CEID-Walk",2025-01-18,0.748700751626264,0.789866430579365,9776.69738836957,0.256147512614678,0.967744498071014,0.959432071714674,15372.04225,0.390178939991043,0.25,0.75,4
"UGA_CEID-Walk",2025-02-01,0.783434738244127,0.812767831003357,8358.519135,0.197218960640881,0.962789219396369,0.956421070077813,12509.84,0.288144458171249,0.25,0.5,4
"UGA_CEID-Walk",2025-02-08,0.846762407036796,0.822999558014332,4885.73825152174,0.111950105602816,1.0395946963603,1.03441521349554,8336.57675,0.193679387429725,0.25,1,4
"UGA_CEID-Walk",2025-02-15,0.789492444368502,0.772621769100655,7947.99886673913,0.209808825342392,1.03623590405352,1.02799240517221,13357.2855,0.345567738360356,0.25,0.75,4
"UGA_CEID-Walk",2025-02-22,0.746206010496586,0.710267977250648,7371.69655597826,0.230781506186028,1.04994660458335,1.03686056198097,13612.376,0.425275004375814,0.25,1,4
"UGA_CEID-Walk",2025-03-01,0.74892745060148,0.711079492097533,7050.2450025,0.273359360657304,1.04760353942906,1.03368876906152,13232.5595,0.510269411496013,0.25,1,4
"UGA_CEID-Walk",2025-03-08,0.770531411863441,0.735112034728571,6487.37976891304,0.322783220421253,1.04733799541807,1.03211273791834,12242.44175,0.60041785900848,0.25,1,4
"UGA_CEID-Walk",2025-03-15,0.861253070484462,0.833423334633903,5428.59412576087,0.36648470558798,1.06878089387217,1.04590616532984,10039.58775,0.657526292191912,0.5,1,4
"UGA_CEID-Walk",2025-03-22,0.861806605381149,0.942986149225218,4384.44161391304,0.438762160132479,1.06997100071138,1.04385212195685,8605.74575,0.741084383119508,0.25,1,4
"UGA_CEID-Walk",2025-03-29,0.958369970866274,1.11775613605561,3276.68955641304,0.472623750538678,1.08065527086356,1.05068820975538,6296.1495,0.736021444422096,1,1,4
"UGA_CEID-Walk",2025-04-05,1.02447404132757,1.26727926897936,2523.21206956522,0.529741310785646,1.09796356765861,1.0626597591015,4728.9185,0.719632355917035,1,1,4
"UGA_CEID-Walk",2025-04-12,1.18558419867942,1.33548115279054,1766.79990913043,0.551377016348341,1.12791685515396,1.08500292698394,2900.209,0.603686795587886,1,1,4
"UGA_CEID-Walk",2025-04-19,1.3589433711052,1.58051305894355,1251.00521554348,0.649245306700429,1.21696230394439,1.15220980970736,1550.43725,0.437515998421363,1,1,4
"UGA_CEID-Walk",2025-04-26,1.18674024722578,1.35266036053483,960.310994565217,0.577250329162623,1.20903188180969,1.15096537816668,1210.389,0.413802103440559,1,1,4
"UGA_CEID-Walk",2025-05-03,0.948987018624582,0.879383309435357,667.496425,0.45486771958397,1.2160384549528,1.16554759073459,795.33225,0.3285964739386,1,1,4
"UGA_CEID-Walk",2025-05-10,0.674234925067281,0.55511255875727,415.971501413043,0.304454640200159,1.26902553424807,1.22593171252912,422.19025,0.199909569619144,1,1,4
"UGA_CEID-Walk",2025-05-17,0.474694170166453,0.32015768418604,276.110146195652,0.198585682156472,1.27137225440575,1.23624303468158,265.92775,0.142926253825624,1,1,4
"UGA_CEID-Walk",2025-05-24,0.359707681784403,0.247557307013427,198.888290326087,0.160482260948875,1.15773716973755,1.14565044307926,162.01425,0.09634645748791,1,1,4
"UGA_CEID-Walk",2025-05-31,0.326114593658189,0.206245768165702,180.305797934783,0.134327038685937,1.19492563549649,1.18534414335218,185.59675,0.115918693093509,1,1,4
"UGA_flucast-Copycat",2024-12-07,0.722517235186161,0.613250409908053,6609.14695652174,0.566535217907456,0.899800520298283,0.794485841231257,10014.75,0.919885812320483,0,0.75,4
"UGA_flucast-Copycat",2024-12-14,0.759642886704459,0.700212634582913,11742.7718478261,0.722821603460632,0.957796229715276,0.905710503703542,16820.75,1.12183214495973,0,0.5,4
"UGA_flucast-Copycat",2024-12-21,0.65241736233009,0.600702114004678,11763.5341304348,0.578569046413306,0.901360342757584,0.821709278850388,18265.75,0.941108088616142,0,0.5,4
"UGA_flucast-Copycat",2025-01-04,0.625146458713506,0.64927625721997,5374.42869565217,0.174525748436666,0.820489488753815,0.792561319984229,9016.25,0.277832433633487,0.5,1,4
"UGA_flucast-Copycat",2025-01-11,1.11103208397378,1.16243761129754,5608.11815217391,0.144106704416871,1.3061979454005,1.31872460061082,9162,0.230533193348847,0.5,1,4
"UGA_flucast-Copycat",2025-01-18,0.91022509041752,1.02084864366275,11915.2105434783,0.332431311548108,1.20980835492247,1.30228648663854,19290.5,0.532730469533062,0.25,1,4
"UGA_flucast-Copycat",2025-02-01,1.12680807808686,1.29055698770747,12086.8141304348,0.315460835743962,1.52555144185805,1.72116956284326,20010.5,0.524854900831208,0,0.75,4
"UGA_flucast-Copycat",2025-02-08,0.780832270472936,0.774921753773283,4521.59010869565,0.105781571080106,0.709137086712307,0.702690259465751,5702.75,0.131811049684295,0.75,1,4
"UGA_flucast-Copycat",2025-02-15,0.524595149390041,0.501328697183921,5208.40358695652,0.134210421682298,0.596999565574258,0.65377231184592,7673,0.219610778824271,0.75,1,4
"UGA_flucast-Copycat",2025-02-22,0.397361804043555,0.400213961963829,3906.11043478261,0.129360898429796,0.455491023170616,0.528771421941764,5906.75,0.217302213489695,0.75,1,4
"UGA_flucast-Copycat",2025-03-01,0.26669308549445,0.290004286396383,2487.74293478261,0.110751876939119,0.293607944458272,0.369679862011952,3699.75,0.183078413078724,0.75,1,4
"UGA_flucast-Copycat",2025-03-08,0.293095787666369,0.321552810019094,2458.62456521739,0.140778585909783,0.318360901936063,0.410788169355769,3728.5,0.24005003111027,0.5,1,4
"UGA_flucast-Copycat",2025-03-15,0.254737243877593,0.295733896979788,1602.8225,0.130169523381528,0.238075823154626,0.332195554872772,2266.25,0.212274449073403,0.5,1,4
"UGA_flucast-Copycat",2025-03-22,0.239525310917075,0.287046738584888,1210.29619565217,0.132638079857532,0.229103450857474,0.319614330719246,1839.75,0.228100756475554,0.75,1,4
"UGA_flucast-Copycat",2025-03-29,0.203090579414516,0.255303830144928,683.612282608696,0.106824987821124,0.129237638382159,0.182615503354601,742.75,0.126908526431431,1,1,4
"UGA_flucast-Copycat",2025-04-05,0.190440071440697,0.264430243440764,465.492065217391,0.110102436040815,0.0650246330104889,0.106155640080368,275,0.0713910822837058,1,1,4
"UGA_flucast-Copycat",2025-04-12,0.293127856875311,0.391485339906983,433.993369565217,0.162323124180099,0.288599282736628,0.481101924935231,736.5,0.270382479867361,1,1,4
"UGA_flucast-Copycat",2025-04-19,0.455037101666139,0.435044249278067,414.529673913043,0.177629872502749,0.484867205109368,0.611136135975349,585.75,0.221213372393315,1,1,4
"UGA_flucast-Copycat",2025-04-26,0.395445877794792,0.359230957428763,313.005652173913,0.15036305052665,0.314972153162316,0.344598750209377,283,0.111454503463718,1,1,4
"UGA_flucast-Copycat",2025-05-03,0.304991819986735,0.230447452883474,212.240652173913,0.117662848923079,0.210237860786469,0.222538925472667,127.75,0.0582714967104945,1,1,4
"UGA_flucast-Copycat",2025-05-10,0.299447515896318,0.212328191350553,182.96097826087,0.114727728201434,0.726302361913191,0.823093820568585,233,0.130294324775188,1,1,4
"UGA_flucast-Copycat",2025-05-17,0.267138514347375,0.165336491858917,153.678913043478,0.100457442681706,1.071074694578,1.17287309810545,215.75,0.13102831380776,1,1,4
"UGA_flucast-Copycat",2025-05-24,0.360797006752418,0.221429594447659,194.426195652174,0.138812165627206,2.67782964794114,3.01496821226724,365.5,0.248313959499326,0.5,1,4
"UGA_flucast-Copycat",2025-05-31,0.218083298427619,0.125954373247697,117.944347826087,0.0796768033927555,0.927551815671391,0.929836617951161,138,0.0869556527717661,0.75,1,4
"UGA_flucast-INFLAenza",2024-11-30,0.429102288725284,0.271335273222182,1755.72315217391,0.17869760070926,0.500610258719269,0.341447016180405,2881,0.297233132602472,0.5,1,4
"UGA_flucast-INFLAenza",2024-12-07,0.760064099777402,0.565148463858492,6965.9177173913,0.522843162649812,0.791821901067081,0.62823351866529,8822.75,0.727737882125311,0,0.5,4
"UGA_flucast-INFLAenza",2024-12-14,0.770024360494352,0.600744801274436,11901.6368478261,0.620278238981145,0.824983160170817,0.66802753888789,14487.5,0.827766713504518,0,0.25,4
"UGA_flucast-INFLAenza",2024-12-21,0.792356620624269,0.693246112063782,14314.1626086957,0.669534082381214,0.864825234941944,0.767810475432608,17540.25,0.880894474227289,0,0.25,4
"UGA_flucast-INFLAenza",2024-12-28,0.926266571066953,0.928694108550431,17345.8059782609,0.776767821885574,0.98964999359896,1.01099578265676,20750.5,0.989916960692775,0,0,4
"UGA_flucast-INFLAenza",2025-01-04,1.49492329567283,1.79533573461019,12913.2160173913,0.484762368074955,1.62255638511,1.98769132372132,17827,0.697631495061516,0,0.25,4
"UGA_flucast-INFLAenza",2025-01-11,2.65877325217632,3.47208708166784,13656.536801087,0.436857247835728,2.60087665458376,3.524343212443,18571.625,0.626971126872319,0.25,0.5,4
"UGA_flucast-INFLAenza",2025-01-18,1.63405661135647,1.9889558817235,21204.814311413,0.641669150441829,1.69119068803469,2.12545199875876,26699,0.86039893440706,0,0,4
"UGA_flucast-INFLAenza",2025-02-01,1.11961877519072,1.22982525511203,11988.3229309783,0.299805488671277,1.42808633017208,1.5695984434274,18704.25,0.47759932289499,0,0.5,4
"UGA_flucast-INFLAenza",2025-02-08,0.686668269517884,0.673968080651693,3981.03244565217,0.0920913896557489,0.709081091110784,0.698947163264318,5696.5,0.130975486757991,0.75,1,4
"UGA_flucast-INFLAenza",2025-02-15,0.498077749363432,0.494057663234829,4969.29740869565,0.133066518322877,0.613371963388266,0.670186974434079,7896.5,0.225499994668181,0.5,1,4
"UGA_flucast-INFLAenza",2025-02-22,0.451676342968384,0.465193536199434,4456.2931701087,0.151049308055001,0.535663689670472,0.610368696215576,6983.25,0.252038457693621,0.5,1,4
"UGA_flucast-INFLAenza",2025-03-01,0.433157826846232,0.461862816529775,4070.72612282609,0.177749536987405,0.520918505825099,0.604322421505705,6590.875,0.299575815741011,0.25,1,4
"UGA_flucast-INFLAenza",2025-03-08,0.478719629779714,0.523291140548812,4033.65182391304,0.230280974963847,0.565752054545147,0.65442844564423,6617.5,0.38150205374031,0.25,1,4
"UGA_flucast-INFLAenza",2025-03-15,0.543295317313331,0.605312338418778,3447.87554456522,0.268577998890246,0.593116775635608,0.68511851808706,5603.75,0.433821539485132,0.25,0.75,4
"UGA_flucast-INFLAenza",2025-03-22,0.567940168733179,0.652706762127316,2898.04998315217,0.304553167069365,0.581218547241703,0.678552886183138,4665.875,0.482451732082271,0.25,0.75,4
"UGA_flucast-INFLAenza",2025-03-29,0.566845719843572,0.649295378111605,1938.21863423913,0.27515210208107,0.553577680195595,0.648494995967123,3197.875,0.452958586224289,0.25,1,4
"UGA_flucast-INFLAenza",2025-04-05,0.518278422198417,0.557823609559601,1271.76536793478,0.231759801831538,0.510762841257131,0.598777817712762,2185.875,0.404255708925289,0,1,4
"UGA_flucast-INFLAenza",2025-04-12,0.387923173944369,0.345511555615942,576.45082826087,0.142361317617686,0.398579383600685,0.473752913763389,1010.75,0.261811982422407,0.25,1,4
"UGA_flucast-INFLAenza",2025-04-19,0.256072829765599,0.189868819581819,236.158855978261,0.0780967834849399,0.209228241993058,0.253714317766507,276.25,0.101073661353117,1,1,4
"UGA_flucast-INFLAenza",2025-04-26,0.23245189694944,0.173857605741843,185.8603625,0.0731433773024835,0.24585521649505,0.279047746420738,231,0.0949551951169707,1,1,4
"UGA_flucast-INFLAenza",2025-05-03,0.191735617417343,0.126333611983404,133.504454891304,0.0644474390558095,0.0816013973294443,0.0864890876570134,50.5,0.0231525152537744,1,1,4
"UGA_flucast-INFLAenza",2025-05-10,0.231186133554368,0.153919699900549,143.1208,0.0843160793880709,0.628042707339359,0.732526605870165,208.625,0.12061761226794,0.75,1,4
"UGA_flucast-INFLAenza",2025-05-17,0.262925619993299,0.163729857350267,153.899105978261,0.101451127590419,1.34225532569114,1.54146359644947,277.25,0.177214638742511,0.75,1,4
"UGA_flucast-INFLAenza",2025-05-24,0.414329155979214,0.256318142040089,225.108716847826,0.162345767761959,3.09493650688397,3.61445424570704,426.75,0.301575000897082,0,1,4
"UGA_flucast-INFLAenza",2025-05-31,0.357296775940949,0.227830701992096,195.012229891304,0.146216664711614,2.39398148131697,2.77626439705402,369.125,0.270768175146108,0,1,4
"UGA_flucast-Scenariocast",2024-12-07,0.419756977171342,0.306996537428097,3837.81782608696,0.282824222160206,0.610902968126351,0.42922293974497,6800.25,0.495905645315471,0.25,1,4
"UGA_flucast-Scenariocast",2024-12-14,0.391036125748913,0.292759659924114,6051.42,0.302909085804839,0.610840281970906,0.42369542385895,10731.25,0.525492622961513,0.25,1,4
"UGA_flucast-Scenariocast",2024-12-21,0.340328314900378,0.277933893559542,6118.09239130435,0.26651600015161,0.520224522869832,0.397308450890742,10484.75,0.45216025358498,0.25,1,4
"UGA_flucast-Scenariocast",2024-12-28,0.341144915799528,0.278647389753659,6366.07717391304,0.232218430538975,0.44043523577484,0.357273609670217,9171.5,0.347694874715829,0.5,1,4
"UGA_flucast-Scenariocast",2025-01-04,1.45019745157938,0.921018163405422,12512.6745652174,0.247120946259266,1.87046247260021,1.23214169491332,20637,0.432022062681852,0.25,1,4
"UGA_flucast-Scenariocast",2025-01-11,2.86027521721382,2.07979530751146,14473.950326087,0.257570918366817,3.57124955350509,2.77594193338894,25217.25,0.487537400246137,0,1,4
"UGA_flucast-Scenariocast",2025-01-18,0.815109080039489,0.916814671527381,10586.2105434783,0.295701871559453,1.21579330149171,1.29779599206449,19261.75,0.526668392262917,0.25,1,4
"UGA_flucast-Scenariocast",2025-02-15,0.721329080826156,0.62146945784975,7186.69108695652,0.166636322552156,0.856327047560238,0.880800313047812,10950.75,0.294222857165578,1,1,4
"UGA_flucast-Scenariocast",2025-02-22,0.460337039623163,0.439265511103807,4531.14315217391,0.142124782821458,0.519786027539236,0.587923145000137,6732.25,0.241247172825284,1,1,4
"UGA_flucast-Scenariocast",2025-03-01,0.280129882773647,0.344005916195418,2563.22597826087,0.128810573103374,0.231924158761512,0.265667664485815,2816.5,0.126264592717587,1,1,4
"UGA_flucast-Scenariocast",2025-03-08,0.280466505785104,0.308253438929715,2354.94054347826,0.134993397128322,0.216761166890607,0.300908853683345,2548.5,0.176671949039466,1,1,4
"UGA_flucast-Scenariocast",2025-03-15,0.264599450654989,0.299503370748359,1667.03608695652,0.131715470382589,0.181616391482221,0.261883785290203,1725.75,0.167573006557541,1,1,4
"UGA_flucast-Scenariocast",2025-03-22,0.113521266996816,0.145382509296225,569.809130434783,0.066597877672519,0.0556784562158984,0.0612009139527013,433.25,0.041711348633672,1,1,4
"UGA_flucast-Scenariocast",2025-03-29,0.112389954370486,0.150680333253454,375.478369565217,0.0626341154829919,0.0692123402757768,0.0878313633823355,384.75,0.0594472354264539,1,1,4
"UGA_flucast-Scenariocast",2025-04-05,0.111002610570836,0.158507016480102,272.610326086957,0.0662818629743305,0.0775358686675756,0.129279907778978,337.25,0.0896682999448952,1,1,4
"UGA_flucast-Scenariocast",2025-04-12,0.228611538152935,0.274061287898341,337.697717391304,0.112849725992377,0.255213101366349,0.388807602601505,643.25,0.214723277985488,0,1,4
"UGA_flucast-Scenariocast",2025-04-19,0.648760299862529,0.686922970901413,584.426630434783,0.276670960753996,0.931041378591679,1.34883383052781,1128.5,0.490638073019265,0.25,1,4
"UGA_flucast-Scenariocast",2025-04-26,0.608478306768366,0.650105324739536,476.980652173913,0.269696983490776,1.03123429240074,1.48324137598323,953.25,0.498043584983974,0.25,1,4
"UGA_flucast-Scenariocast",2025-05-03,0.591297026459169,0.549894098135258,410.743695652174,0.281044178087318,1.23473330235869,1.79310677797803,779,0.492871651471624,0.25,1,4
"UGA_flucast-Scenariocast",2025-05-10,0.681912828940174,0.582849525081675,417.641739130435,0.315622949021887,2.48865477895479,3.53377351244471,802.25,0.564655286799255,0.25,1,4
"UGA_flucast-Scenariocast",2025-05-17,0.614258176572715,0.461664788578904,353.563695652174,0.281555316656455,3.31445341301716,4.41634418989014,670.25,0.498398134049981,0.5,1,4
"UGA_flucast-Scenariocast",2025-05-24,0.669638314196368,0.493018052224903,364.050543478261,0.312565137231954,5.14436100706512,6.81299293151878,709.5,0.569584923953803,0.25,1,4
"UGA_flucast-Scenariocast",2025-05-31,0.548023332736979,0.412864267366622,299.238369565217,0.26475110888382,3.70606216873234,4.73431830301394,571.5,0.461921523595599,0.75,1,4
"UGuelph-CompositeCurve",2024-12-07,0.666892860256728,0.428901766652128,6168.15489130435,0.401230433194968,0.556564987551239,0.33983613545931,6285.25,0.399774299617046,0,0.25,4
"UGuelph-CompositeCurve",2024-12-21,0.526211302906157,0.473492685565191,9499.86032608696,0.456712151728745,0.67866698195581,0.51959425105928,13742.25,0.594822725324551,0,1,4
"UGuelph-CompositeCurve",2025-01-04,1.1847545421068,1.45723733349929,10099.854673913,0.388052888398987,1.70882845483265,2.03845856607305,18617,0.707354357804873,0.75,0.75,4
"UGuelph-CompositeCurve",2025-01-11,1.4386911529931,1.27430639308837,7287.71706521739,0.158113321782783,0.773198416010984,0.810080992387296,5405.25,0.141204800177857,0.75,1,4
"UGuelph-CompositeCurve",2025-01-18,0.443630450196081,0.443211036991317,5781.93054347826,0.143389206511732,0.67848849392678,0.622862843579119,10785.75,0.253480017720392,1,1,4
"UGuelph-CompositeCurve",2025-02-01,0.725428909624098,0.687195195876617,7859.17793478261,0.168936802679227,0.710148430125654,0.649115846673574,9378.25,0.198828739162654,0.75,0.75,4
"UGuelph-CompositeCurve",2025-03-15,0.319476057742119,0.373482692702011,1988.86815217391,0.162695805958659,0.0953844448714978,0.106888512245746,893.5,0.0666966063534771,1,1,4
"UGuelph-CompositeCurve",2025-03-22,0.260463254619397,0.349028750664413,1304.51847826087,0.160220924534144,0.0382206587438182,0.0547242276770663,316.75,0.04061236451779,1,1,4
"UGuelph-CompositeCurve",2025-03-29,0.288162246437368,0.423364020239881,961.878695652174,0.17575114117415,0.173132631716697,0.229639794015346,962,0.154620187762043,1,1,4
"UGuelph-CompositeCurve",2025-05-03,0.0694934757411104,0.0464810473853069,47.850652173913,0.0234273097879432,0.0750151546614827,0.0845912060343604,47.75,0.0233849370256662,1,1,4
"UGuelph-CompositeCurve",2025-05-10,0.229141408687804,0.147880970332589,143.185760869565,0.0817193008655456,0.75710325618925,0.88062355232976,248.25,0.142914488579014,0,0.75,4
"UGuelph-CompositeCurve",2025-05-17,0.215216770495392,0.129144983326506,128.048043478261,0.0811786802602626,1.15862753888511,1.32521328595583,243.5,0.154973993062275,0.25,1,4
"UGuelph-CompositeCurve",2025-05-31,0.41837526936847,0.259488611741298,232.235217391304,0.169650332771359,2.20230253570263,2.55114692202991,341.75,0.25088216194741,0,0.25,4
"UGuelphensemble-GRYPHON",2024-12-28,0.727395864786535,0.654697621081243,14026.2220264711,0.560884432375763,0.810133628065497,0.728065473781621,17249.47566467,0.719883915466189,0,0,3
"UGuelphensemble-GRYPHON",2025-01-04,0.90585978267106,0.89987139054739,6441.28039563167,0.204456914712133,0.964456252449429,0.95782715402337,8702.66758373691,0.281219939227677,0,0.666666666666667,3
"UGuelphensemble-GRYPHON",2025-01-11,1,1,5092.37206521739,0.124727993517433,1,1,7104.00000000001,0.176831297269254,0,0.75,4
"UGuelphensemble-GRYPHON",2025-01-18,1.14643756485524,1.20025760959382,15016.6444737439,0.390827247911518,1.14907063085958,1.20690088209022,18298.0823728751,0.492747720546076,0,0.25,4
"UGuelphensemble-GRYPHON",2025-02-15,0.759686202367487,0.727538353091738,7598.23537840504,0.196546496009454,0.88305968771399,0.905195630285474,11440.9588106628,0.305825546166496,0.5,0.75,4
"UGuelphensemble-GRYPHON",2025-02-22,0.784955551829512,0.817095176899726,7846.72107823857,0.268733965298301,0.820965302131753,0.858048954507589,10746.6622194319,0.355261772448232,0.25,0.5,4
"UGuelphensemble-GRYPHON",2025-03-01,0.693813223309819,0.735023912689635,6605.88308075684,0.286155427616866,0.748922664652499,0.805421043796441,9545.7336964945,0.401358161726011,0.25,0.5,4
"UGuelphensemble-GRYPHON",2025-03-08,0.627736874196872,0.687993636454042,5340.33946060838,0.305458220075516,0.685704592690402,0.760758503472659,8082.31196347364,0.446379968523871,0.25,0.75,4
"UGuelphensemble-GRYPHON",2025-03-15,0.504484643310326,0.498638096846575,3220.02607972141,0.221873475388318,0.546375745902079,0.650539907158989,5245.76953414708,0.41783313978068,0.5,1,4
"UGuelphensemble-GRYPHON",2025-03-22,0.579588307230008,0.584128408980299,2993.77360321502,0.274012614836209,0.631228594572846,0.725338629750943,5180.81058096422,0.525636026596115,0.25,1,4
"UGuelphensemble-GRYPHON",2025-03-29,0.505544447785666,0.572574520442477,1743.03411393608,0.244255748796955,0.531199657411007,0.634693368067611,3115.10931129212,0.449444257957807,0.25,1,4
"UGuelphensemble-GRYPHON",2025-04-05,0.549016170184696,0.571157708921852,1362.48951620272,0.239433300312084,0.57420274548455,0.664460892398785,2495.89309457639,0.454808896130291,0,1,4
"UGuelphensemble-GRYPHON",2025-04-12,0.302564871493157,0.311504796519163,451.30885215156,0.128990189950832,0.111689994857451,0.162466202531861,307.546338192853,0.098124865990648,1,1,4
"UGuelphensemble-GRYPHON",2025-04-19,0.703022813949014,0.716951939388108,649.448673286757,0.299379988643648,0.441944228694909,0.501685815307726,560.800813834095,0.191104214378611,1,1,4
"UGuelphensemble-GRYPHON",2025-04-26,0.645499028776389,0.616839458208646,522.557822719724,0.265083438337623,0.222046343125813,0.224949803109964,197.240749434526,0.0716998709087744,1,1,4
"UGuelphensemble-GRYPHON",2025-05-03,0.798106439666491,0.844345278314792,563.587787641398,0.435811401654015,0.630461492359555,0.667287122468895,400.977424524931,0.183621070460894,1,1,4
"UI_CompEpi-EpiGen",2024-12-07,0.95997607352592,0.79428726907552,8765.8302173913,0.732614374616791,0.846833342059406,0.717307873102376,9418.25,0.829174241344871,0,0,4
"UI_CompEpi-EpiGen",2024-12-14,1.06390204977021,1.03811864573017,16451.4875,1.07211794468916,0.957727211579504,0.905538660236805,16822.75,1.12217571104125,0,0,4
"UI_CompEpi-EpiGen",2024-12-21,0.807582415633626,0.681295537225536,14568.3768478261,0.656147655261825,0.737398304539467,0.595862685569129,14935.25,0.681830336319816,0,0,4
"UI_CompEpi-EpiGen",2024-12-28,0.889666929326651,0.819208143853123,16645.9304347826,0.684298894999888,0.811292332551026,0.720792732712913,16996,0.704829035351473,0,0,4
"UI_CompEpi-EpiGen",2025-01-04,2.2340940104397,2.75034218256232,19151.1635869565,0.736646986166048,1.78257306920631,2.16683045928479,19493,0.755983347283445,0,0,4
"UI_CompEpi-EpiGen",2025-02-01,2.12708105808346,2.67237901087681,22931.6698913043,0.657288878763226,1.97562755937584,2.53174338500911,25982,0.775363039527353,0,0,4
"UI_CompEpi-EpiGen",2025-02-08,1.19462276143125,1.2360522106545,6941.44836956522,0.169289336851838,1.25768426487153,1.34127401696672,10145.25,0.252682525689009,0,0.5,4
"UI_CompEpi-EpiGen",2025-02-15,0.361212472646457,0.390946541193397,3570.38119565217,0.104459711340811,0.473398188223708,0.526449887556279,5981,0.174324816410349,0.25,1,4
"UI_CompEpi-EpiGen",2025-02-22,0.32922616263241,0.380290821707829,3223.2377173913,0.122329494508957,0.286126195704143,0.335896453653278,3721.5,0.138176705331988,1,1,4
"UI_CompEpi-EpiGen",2025-03-01,0.331227125789744,0.456971291593217,3069.83239130435,0.175161834200723,0.336658041244648,0.400253582172786,4207.75,0.195921107895017,1,1,4
"UI_CompEpi-EpiGen",2025-03-08,0.224463831254753,0.425474911298122,1877.31630434783,0.187726303524806,0.126359219877271,0.250438387485769,1475,0.14724183181666,1,1,4
"UI_CompEpi-EpiGen",2025-03-15,0.399541338745039,0.837974457365557,2500.28684782609,0.36871212621591,0.496279413465488,1.08452991314108,4626,0.683733020540521,0.5,1,4
"UI_CompEpi-EpiGen",2025-03-22,0.402484448690808,0.727644415668768,2009.40402173913,0.331726488158724,0.484901920185986,0.876112524101756,3790.75,0.605177775691764,0.25,1,4
"UI_CompEpi-EpiGen",2025-03-29,0.57273905944692,1.11071250848913,1908.76108695652,0.458718905338135,0.574589424251184,1.1056590733911,3225.75,0.752023799855422,0.25,1,4
"UI_CompEpi-EpiGen",2025-04-05,0.630047130758573,4.39486615443575,1536.5647826087,1.84209535464587,0.784976230696782,6.3447376445514,3348.25,4.55853606949916,0.75,1,4
"UI_CompEpi-EpiGen",2025-04-19,0.949922795806891,2.69023853441379,857.850108695652,1.08902385059592,1.10003887469219,1.64243021250794,1325.5,0.591373514982408,1,1,4
"UI_CompEpi-EpiGen",2025-04-26,0.962669294871917,2.74076109091493,763.621304347826,1.15817134270656,1.16315661017121,1.7994883209622,1082.5,0.610043720620021,1,1,4
"UI_CompEpi-EpiGen",2025-05-03,0.991633951082806,2.37826973935129,688.614239130435,1.2201933259076,1.41991769325008,2.55748648868668,908,0.719764167127388,1,1,4
"UI_CompEpi-EpiGen",2025-05-10,1.0834292527761,2.43381157606939,659.498804347826,1.31781240175411,3.02849811810918,5.18545151686433,991.5,0.849313812709505,1,1,4
"UI_CompEpi-EpiGen",2025-05-17,1.12822501362107,2.18419615871348,644.743260869565,1.31976576652323,4.07901252593388,6.26082455259565,840.5,0.723464332943898,1,1,4
"UI_CompEpi-EpiGen",2025-05-24,0.979624396666258,2.06919006974655,531.763695652174,1.30635223799803,7.50357892175569,12.1111023023749,1031.25,1.00780732288838,1,1,4
"UI_CompEpi-EpiGen",2025-05-31,0.945765096768867,1.9901389611277,515.854456521739,1.2714490349123,5.7685256159173,8.55453244763815,880.25,0.822368629229752,1,1,4
"UM-DeepOutbreak",2024-11-30,1.65966650154637,1.91255433082293,6652.78902183585,1.23917431329302,1.26439246185345,1.62410677339732,7125.2227835083,1.39148326263887,0,0,4
"UM-DeepOutbreak",2024-12-07,1.36586838166771,1.79661530730532,12423.8315098579,1.65096832982081,1.18600387961819,1.59991008447825,13151.0150202942,1.84421356491483,0,0,4
"UM-DeepOutbreak",2024-12-14,1.08568679136524,1.12079792518668,16805.2449376628,1.1601305621083,1.00651720273361,1.02660335024949,17695.9239959717,1.27500431298217,0,0,4
"UM-DeepOutbreak",2024-12-21,1.0871868890962,1.14137273846276,19593.8854022578,1.09722068366766,1.01418392905313,1.04039391691002,20529.2146568298,1.18889942943511,0,0,4
"UM-DeepOutbreak",2024-12-28,1.02128454693505,1.01402937024946,19105.911920402,0.84675568302941,0.966790796747067,0.945102677729707,20252.3430328369,0.923913974362391,0,0,4
"UM-DeepOutbreak",2025-01-04,1.10742811842938,1.15534670316257,9602.95439175919,0.313590331907006,1.04579056489141,1.08817650746959,11528.4187164307,0.383511021007941,0,0.5,4
"UM-DeepOutbreak",2025-01-11,1.56354318616571,1.7028984321797,7898.61582362524,0.211404259961621,1.78079349093485,1.88843666073281,12540.2235412598,0.33175314606784,0.5,0.75,4
"UM-DeepOutbreak",2025-01-18,1.20986594013693,1.78719305264092,15886.310350436,0.589046865479837,1.37625955297562,1.62647363551166,22054.5907440186,0.670243772757109,0.25,0.5,4
"UM-DeepOutbreak",2025-02-01,0.791708464876588,0.892681369807443,8467.80015582385,0.217494613368741,1.0887373560303,1.10978779048712,14207.6104278564,0.336090653556708,0.25,0.5,4
"UM-DeepOutbreak",2025-02-08,0.925591512107004,0.897806293739662,5356.23302189938,0.12244310676945,0.932946555669616,0.910984644323658,7537.96365356445,0.171719109470114,0.75,1,4
"UM-DeepOutbreak",2025-02-15,0.575217564468375,0.578507999838134,5676.71362618848,0.154193207292417,0.654089539921424,0.689114620554775,8298.14463806152,0.228445754929302,1,1,4
"UM-DeepOutbreak",2025-02-22,0.54807157325833,0.897745702196654,5347.29964858362,0.290359057151055,0.530200003806882,0.551759010092339,6757.67378997803,0.222843127510602,1,1,4
"UM-DeepOutbreak",2025-03-01,0.676302225113487,1.93395719118778,6263.24416999664,0.738008063126277,0.426709820409567,0.491916338114693,5314.79235839844,0.240481060975783,1,1,4
"UM-DeepOutbreak",2025-03-08,0.380973683684437,1.09026976673244,3187.05695172944,0.48760313563052,0.185186533499515,0.218481275967951,2122.91162109375,0.124780018442611,1,1,4
"UM-DeepOutbreak",2025-03-15,0.603764885918778,1.52365809252597,3798.26387683588,0.672324577127751,0.369750672118668,0.465558087519388,3477.09686279297,0.294393296047934,1,1,4
"UM-DeepOutbreak",2025-03-22,1.2148946653388,1.44249173458947,6152.12466810661,0.669241862190141,1.44355537449443,1.27153547778767,11522.0520629883,0.895652605313529,0.5,1,4
"UM-DeepOutbreak",2025-03-29,0.917427989493925,2.41851228168802,3100.62357035522,1.01423438484009,0.410829624443059,0.510794934951752,2381.59497070312,0.357883881451153,1,1,4
"UM-DeepOutbreak",2025-04-05,1.00998600611498,2.14480299209676,2472.29304581854,0.889698064985802,0.443213713462476,0.50892124393098,1885.07141113281,0.341435252337618,1,1,4
"UM-DeepOutbreak",2025-04-12,1.16248927847851,3.06809106810214,1714.01376683044,1.2572708268336,0.265214565444985,0.505784668673271,709.04150390625,0.303180789271428,1,1,4
"UM-DeepOutbreak",2025-04-19,2.37996543655514,3.80473837536744,2194.32088055627,1.54222894359563,2.34107245245736,1.83351114527896,2919.78759765625,0.680338457942221,1,1,4
"UM-DeepOutbreak",2025-04-26,2.12769322515188,2.98873025012233,1688.27107255962,1.24118407926016,1.31676009804182,1.17343975425173,1208.22970581055,0.389148077191514,1,1,4
"UM-DeepOutbreak",2025-05-03,1.56157313052492,2.76995585355815,1088.05704384453,1.3930092434209,1.07228959498328,0.954512427505084,650.970458984375,0.250125865660174,1,1,4
"UM-DeepOutbreak",2025-05-17,1.57770249475987,1.74658492226378,894.195680564747,1.04119216903939,5.4397987492539,4.26796799291709,1073.94860839844,0.466372348219032,1,1,4
"UM-DeepOutbreak",2025-05-24,1.09556460300671,0.854647177399561,592.9682781443,0.542506580561017,6.28256250685533,5.0454047826772,868.799560546875,0.420032874029101,1,1,4
"UM-DeepOutbreak",2025-05-31,0.987899940925949,1.50038470546373,546.568744965903,1.01546154168708,4.8362663217388,8.05386628130566,767.386276245117,0.820353768753182,0.5,1,4
"UMass-AR2",2024-11-30,0.894842753947041,0.712010453743454,3708.50832042615,0.475013212257972,0.882789805972782,0.80092310178768,5105.93646197427,0.702798149420494,0,0.5,4
"UMass-AR2",2024-12-07,0.828286163000178,0.65184601817778,7573.61226264689,0.601860443102306,0.850150510559257,0.711369464002376,9462.64703439759,0.823281687323906,0,0,4
"UMass-AR2",2024-12-14,0.832953814910417,0.689401920506673,12877.7508314298,0.711959910935386,0.868811864712489,0.738011214595213,15258.3636449705,0.914476401712546,0,0,4
"UMass-AR2",2024-12-21,0.780363069325113,0.682242165379157,14059.9463286798,0.656251771474227,0.844739405163438,0.73524294812485,17108.333048417,0.841244570613628,0,0,4
"UMass-AR2",2024-12-28,0.713315812207675,0.642771570311858,13317.8641250202,0.535861376716869,0.810484498515699,0.719562957912083,16964.8170908814,0.70284077836671,0,0.25,4
"UMass-AR2",2025-01-04,0.858138481878569,0.646234308386757,7358.65220025594,0.172812534570401,1.13253205334266,0.845311636139052,12390.2540125274,0.294617603057917,0,0.75,4
"UMass-AR2",2025-01-11,1.26568274245521,1.26871591118344,6342.99781078929,0.156024484792431,1.3091624469083,1.27994619446448,9158.83648150015,0.223259895685269,0.5,0.75,4
"UMass-AR2",2025-01-18,1.9934660044756,2.68962350182026,25872.3577387942,0.869948987733546,1.89618765156106,2.67212068742646,29999.1775214985,1.08695837154464,0,0,4
"UMass-AR2",2025-02-01,0.921015793103533,0.948022978437835,9832.90445609211,0.230315229020251,1.09052127917027,1.11498453952036,14250.2954419112,0.33827277400166,0.25,0.5,4
"UMass-AR2",2025-02-08,0.913305807849553,0.857425742034734,5264.89732203099,0.116575143965352,1.17381940359049,1.14964945647446,9402.62853864881,0.215100570892711,0.25,1,4
"UMass-AR2",2025-02-15,0.296129741502527,0.31181554880264,2947.2633013516,0.0838332271629321,0.379275434224027,0.434522006432812,4834.50616339457,0.14521573434759,0.5,1,4
"UMass-AR2",2025-02-22,0.285899910084244,0.330296813058796,2782.78181080699,0.105511486692994,0.319660380684773,0.34925037529458,4075.444713381,0.140519542553529,0.5,1,4
"UMass-AR2",2025-03-01,0.197653693221979,0.231103305579545,1808.84551298031,0.0866700232074617,0.184629425743635,0.200699570318668,2241.38939505234,0.0954540409388018,0.75,1,4
"UMass-AR2",2025-03-08,0.16142182883131,0.201456605652041,1347.29731683745,0.08759910567362,0.138951793180478,0.166573232604037,1594.00584408949,0.0947553566136059,0.75,1,4
"UMass-AR2",2025-03-15,0.185886460235544,0.234089359093282,1151.34720972917,0.101451436865429,0.154387797517013,0.179986348377479,1415.59531981569,0.110918453096485,0.75,1,4
"UMass-AR2",2025-03-22,0.166859803519678,0.22421169738411,842.4195706678,0.103421343822075,0.133623669930343,0.188208253590349,1068.09664872565,0.133721100132773,0.75,1,4
"UMass-AR2",2025-03-29,0.188873947144735,0.276416354640215,631.643776688034,0.11530086417973,0.102405348737052,0.113505112866671,562.355972496853,0.0750763296191606,0.75,1,4
"UMass-AR2",2025-04-05,0.182421460555374,0.277519201296526,448.77285765198,0.116223324680958,0.0480265094428677,0.0547765902150091,201.064466950344,0.0357981932438207,1,1,4
"UMass-AR2",2025-04-12,0.3073991218868,0.424748854292268,451.860255780897,0.174903978785485,0.260033930551658,0.35145305253303,642.062821413721,0.18865349495156,0.75,1,4
"UMass-AR2",2025-04-19,0.590514957780633,0.679812391805906,531.519404155727,0.276762434696575,0.736243013144451,0.969866956827078,886.00110224197,0.3487209638016,0.5,1,4
"UMass-AR2",2025-05-03,0.431455928127452,0.399785288847477,302.890071681032,0.207648244249321,0.399052551355124,0.444775362130589,243.088110244891,0.116777875594155,0.75,1,4
"UMass-AR2",2025-05-10,0.472161238496289,0.411382435946677,291.208231613982,0.226511949549013,0.97398621305848,1.11287442087762,305.477487579941,0.171521280411851,0.75,1,4
"UMass-AR2",2025-05-17,0.465034443148979,0.296842317827875,275.724664849916,0.186166719905491,0.868737447916629,0.898619214364048,175.592878900713,0.100413089931316,1,1,4
"UMass-AR2",2025-05-24,0.510762940895915,0.366283764676672,282.626785177326,0.236865803809083,1.9419198327692,2.06838137594492,255.072518039491,0.162940189826007,0.75,1,4
"UMass-AR2",2025-05-31,0.540837407385811,0.300854597629674,306.968687316145,0.198906437993367,2.13205581686822,2.03493049241288,342.481523151525,0.20492729799681,1,1,4
"UMass-flusion",2024-11-30,0.793156189556319,0.573192160962737,3318.5150191545,0.385040452420343,0.756726049764007,0.624136097412683,4405.05445098148,0.549922344741366,0,0.5,4
"UMass-flusion",2024-12-07,0.877791922738869,0.691807770268147,8025.43495080554,0.638858619578848,0.842614606950166,0.701674993474763,9379.10803486685,0.81200942442364,0,0.25,4
"UMass-flusion",2024-12-14,0.865099397993662,0.714855550369002,13372.6406023272,0.73805041842414,0.850620551443818,0.708279622203454,14937.7998543153,0.87754630405722,0,0,4
"UMass-flusion",2024-12-21,0.797159070398328,0.684044239517284,14371.9706717227,0.658449065309612,0.809060471010741,0.684712181529161,16384.9004358001,0.783430347060355,0,0,4
"UMass-flusion",2024-12-28,0.745256093972178,0.664422932087924,13922.1481929785,0.554094892272735,0.790891205842408,0.693795658014617,16553.8900926965,0.677633107655716,0,0,4
"UMass-flusion",2025-01-04,0.63929795464502,0.642328621729088,5524.51630264912,0.173417134047249,0.844775556495305,0.827448007029066,9304.71814261077,0.290924557818207,0.25,0.75,4
"UMass-flusion",2025-01-11,1.00155704460346,1.02003690883333,5024.39127834235,0.125558808901134,1.13088163237836,1.12986053915355,7888.43344321582,0.196442655863168,0.25,1,4
"UMass-flusion",2025-01-18,1.218198871724,1.37156807565195,15915.3436708345,0.445748214019998,1.40795329291184,1.61379766462566,22351.5684384998,0.657374258636166,0,0.5,4
"UMass-flusion",2025-02-01,1.39593775597027,1.58046690247048,14996.2450551758,0.387033903944988,1.54398281459045,1.76999966843276,20289.7734246114,0.541235269343721,0,0.25,4
"UMass-flusion",2025-02-08,0.549348682404212,0.546441245415591,3194.00847696499,0.0748109108060427,0.518885859921881,0.498138347118252,4176.30016591247,0.093465428706887,0.75,1,4
"UMass-flusion",2025-02-15,0.292937514648066,0.316072081313362,2909.65524149388,0.084919345506466,0.370501925071586,0.424124374921327,4713.03918259492,0.141525473749702,0.25,1,4
"UMass-flusion",2025-02-22,0.259227357273379,0.294143171610658,2558.77569573309,0.0955258164677808,0.303097248366699,0.365075631042201,3946.5568979106,0.150589162902962,0.25,1,4
"UMass-flusion",2025-03-01,0.23087082425097,0.274017901956989,2164.72659601432,0.105471318003958,0.28177014429115,0.35294148664019,3532.30743386148,0.174127677812387,0.25,1,4
"UMass-flusion",2025-03-08,0.16487042210147,0.212205363220334,1389.85530354615,0.0934989306316388,0.181532020645136,0.254625985375433,2137.73159147898,0.149800711499354,0.5,1,4
"UMass-flusion",2025-03-15,0.160899673193922,0.206744155771792,1010.26516522686,0.0910405440047615,0.164053715570241,0.231735481504103,1542.2797149681,0.147287272756228,0.5,1,4
"UMass-flusion",2025-03-22,0.158847597924416,0.216049391039891,810.686059356894,0.101002996396781,0.169904007136941,0.248265870896084,1378.7598172792,0.179512470409959,0.25,1,4
"UMass-flusion",2025-03-29,0.138230622318611,0.180162706493479,463.898252128377,0.0751389601248245,0.109622717106075,0.150605251439081,622.879425106515,0.104464922415196,0.75,1,4
"UMass-flusion",2025-04-05,0.115883467776836,0.149804270209397,283.278514467074,0.0620558071725359,0.036801315762153,0.0403153133445114,156.160213370243,0.0266961396260768,1,1,4
"UMass-flusion",2025-04-12,0.236139505624578,0.267148061861461,345.715910578296,0.108652094284504,0.254661628991615,0.35922626449563,633.60434240281,0.194979383821416,0.75,1,4
"UMass-flusion",2025-04-19,0.570738961299607,0.524088906758247,511.457377492083,0.209864056956055,0.768244083184508,1.05018156753537,929.089709471628,0.380577287359661,0.25,1,4
"UMass-flusion",2025-05-03,0.267283664305724,0.195179204343735,184.453420768701,0.0987091780010949,0.487292014529013,0.575301255918458,302.718806284455,0.154737304974639,0.5,1,4
"UMass-flusion",2025-05-10,0.274958163605605,0.182965148793428,167.105084312301,0.0980351621050234,0.862213996332924,0.980866982842043,273.991412591535,0.153519808432938,0.75,1,4
"UMass-flusion",2025-05-17,0.242040021567441,0.140889570634364,139.50543341935,0.0854588695349149,0.886887531674424,0.93932128314898,175.052215372695,0.102530390541013,0.75,1,4
"UMass-flusion",2025-05-24,0.315037452481524,0.179134035742299,169.040010379396,0.111195694398567,1.70434246528365,1.79207300850886,224.119387434037,0.141424769761391,0.5,1,4
"UMass-flusion",2025-05-31,0.282404786987636,0.153721905108209,154.627817336379,0.0980549856047306,1.1275345766435,1.13727006725365,170.454800603558,0.10813908094485,0.75,1,4
"UMass-trends_ensemble",2024-11-30,1.07990724536319,0.861279725752845,4504.34141304348,0.578346142975203,0.885898911041083,0.806106869645364,5119.375,0.706733698638043,0,0.25,4
"UMass-trends_ensemble",2024-12-07,1.04607509691213,0.919951012984238,9547.15,0.848470356415295,0.926249340614804,0.845808816580648,10300.125,0.97809084936778,0,0,4
"UMass-trends_ensemble",2024-12-14,0.987150370184728,0.898717795280138,15264.7976086957,0.928331754988988,0.933250579227424,0.856410230196596,16394.625,1.06163951872739,0,0,4
"UMass-trends_ensemble",2024-12-21,0.912997078481557,0.836113911646251,16461.5058152174,0.804644043924624,0.901852229494676,0.824784465930163,18263.25,0.943431313267195,0,0,4
"UMass-trends_ensemble",2024-12-28,0.831273999603877,0.762581427991602,15530.3402717391,0.6359187117711,0.859758428324052,0.787456657471687,17995.875,0.769081714337499,0,0,4
"UMass-trends_ensemble",2025-01-04,0.408900968112442,0.379569241664774,3468.6247826087,0.100526722351858,0.458788153550246,0.417196802092564,4980.125,0.144219054006353,0.75,0.75,4
"UMass-trends_ensemble",2025-01-11,0.922610187642497,0.907257256288161,4633.01940217391,0.111731310318419,0.94269050137574,0.962414839067942,6608.875,0.168148994493328,0.25,0.75,4
"UMass-trends_ensemble",2025-01-18,0.358215918222166,0.35087908905393,4630.99978260869,0.112572608745147,0.475399587253213,0.40770103627423,7615,0.167102928393897,0.75,1,4
"UMass-trends_ensemble",2025-02-01,0.82672723306611,0.818296648903716,8805.68554347826,0.198094338134113,0.939069545093957,0.927421645825439,12217.875,0.279842115571483,0.25,0.5,4
"UMass-trends_ensemble",2025-02-08,1.15898524983832,1.11654336482269,6668.92581521739,0.151543784087534,1.36658729339411,1.31078846333975,10937.75,0.245124893927945,0.25,0.75,4
"UMass-trends_ensemble",2025-02-15,1.39199151176903,1.29139333577755,14021.302173913,0.350467022315752,1.44512223009387,1.32998987631515,18525.125,0.444362881238441,0.25,0.25,4
"UMass-trends_ensemble",2025-02-22,0.882520524213222,0.841708794828773,8726.2825,0.27375587106947,1.09986658080564,1.07496667313104,14258.5,0.440744689814406,0.25,0.75,4
"UMass-trends_ensemble",2025-03-01,0.63471997693341,0.632862058475956,5972.91,0.243521452574142,0.824928300721743,0.866300683415037,10422.5,0.428228730001638,0.25,1,4
"UMass-trends_ensemble",2025-03-08,0.386655075521968,0.425464574801909,3254.78244565217,0.186946526601241,0.500207798002128,0.59778230821739,5873.125,0.349846602449958,0.25,1,4
"UMass-trends_ensemble",2025-03-15,0.340050569166898,0.391733102625104,2141.06304347826,0.172386993700743,0.372425013420232,0.482421889705485,3548.875,0.308315767856485,0.75,1,4
"UMass-trends_ensemble",2025-03-22,0.350076259561977,0.42033483941084,1768.2014673913,0.193792626323834,0.351403794308942,0.46549824473713,2846.75,0.334609156035416,0.75,1,4
"UMass-trends_ensemble",2025-03-29,0.377368704617122,0.504401625983565,1275.79239130435,0.21249344265579,0.289185077245098,0.391881037114206,1693.5,0.277787777845666,1,1,4
"UMass-trends_ensemble",2025-04-05,0.377528506655544,0.52818619546327,925.305163043478,0.220097565694534,0.247357905240288,0.329138821128899,1063.5,0.22361847145436,1,1,4
"UMass-trends_ensemble",2025-04-12,0.438945126627402,0.686042928449469,646.724456521739,0.286580235586554,0.0765461851245929,0.112569655090226,205.625,0.0668258804869124,1,1,4
"UMass-trends_ensemble",2025-04-19,0.607123582891688,0.930165743408037,550.544836956522,0.38655245939374,0.355274381296999,0.39712076461472,420.875,0.139751253205824,1,1,4
"UMass-trends_ensemble",2025-04-26,0.473058036201455,0.717953474944954,375.825760869565,0.310713487295251,0.311212585958242,0.350526589626564,282.25,0.114720854099772,1,1,4
"UMass-trends_ensemble",2025-05-03,0.38854706212713,0.426786659413765,270.870652173913,0.222330074785669,0.409979078601472,0.496672159108794,258.125,0.135787900249649,1,1,4
"UMass-trends_ensemble",2025-05-10,0.376760727139361,0.314315681385074,232.302119565217,0.172842078579804,1.09649288700426,1.3269598150547,357.75,0.214302239284349,1,1,4
"UMass-trends_ensemble",2025-05-17,0.319546707536775,0.220197563368308,186.74625,0.136738132816751,1.39748044979137,1.61023921324563,288.625,0.185084922487452,0.75,1,4
"UMass-trends_ensemble",2025-05-24,0.469817080204296,0.309112750844984,255.295543478261,0.196485513243568,3.2572870521556,3.8387671470792,449.25,0.320427436752787,0,1,4
"UMass-trends_ensemble",2025-05-31,0.317827904900596,0.192311611682364,171.27597826087,0.121772217437582,1.73138452756096,1.89225615408564,264.5,0.182468385486461,0.25,0.75,4
"UNC_IDD-InfluPaint",2024-12-14,0.710722183536372,0.528543852306223,10995.080123061,0.546543301779221,0.662440581258371,0.477262451486058,11639.5573307042,0.592073823981319,0,0,4
"UNC_IDD-InfluPaint",2024-12-21,0.590836021320744,0.472079155130485,10612.6340370266,0.452537382004432,0.562783137195296,0.428733756298812,11357.1640802885,0.488600536242628,0,0,4
"UNC_IDD-InfluPaint",2024-12-28,0.40182514357917,0.329671918617748,7467.84177474107,0.273955486724506,0.381481825158224,0.302336091000033,7944.55644077502,0.294329569070674,0.25,0.25,4
"UNC_IDD-InfluPaint",2025-01-18,1.25247804175553,1.33677975653629,16525.5273647658,0.439580237317366,1.1598990361914,1.2416576849199,18596.9059675893,0.511686735047755,0,0.25,4
"UNC_IDD-InfluPaint",2025-02-01,1.85583836121744,2.17273085595202,19945.8080734614,0.532257244049067,1.72182835212952,2.05355446098756,22624.1633748016,0.628089198383109,0,0,4
"UNC_IDD-InfluPaint",2025-02-08,0.817332357820005,0.780492110428107,4795.72142953709,0.1077866102021,0.8380717446768,0.830817117307661,6789.12851218927,0.15707892883347,0.5,0.75,4
"UNC_IDD-InfluPaint",2025-02-15,0.262519369645961,0.283848438663928,2598.81786916956,0.0758183459948802,0.303768801830188,0.343540276907271,3849.75192074333,0.113796101142581,0.25,0.5,4
"UNC_IDD-InfluPaint",2025-02-22,0.071058370729043,0.0730347400346633,689.044242738347,0.0232800787502266,0.0842955390359564,0.0862083586498731,1074.58761659195,0.0347698819319167,0.25,1,4
"UNC_IDD-InfluPaint",2025-03-01,0.0686531490992912,0.102702385340537,649.586262173222,0.0402901635239185,0.0761702286730783,0.117268527480571,961.228591063359,0.0588807302406584,0.25,0.75,4
"UNC_IDD-InfluPaint",2025-03-08,0.258817940947851,0.4106195435183,2173.33834748381,0.180680249855218,0.213856191212248,0.352734541940624,2492.04655294578,0.205612885374971,0,0,4
"UNC_IDD-InfluPaint",2025-03-15,0.470986616708134,0.747494235487447,2935.18952783742,0.327190427280659,0.354244870261562,0.598514342503086,3289.75369875504,0.375000070742226,0,0,4
"UNC_IDD-InfluPaint",2025-03-22,0.521665177456805,0.879981139143889,2606.3507977813,0.403466973425168,0.380674449682645,0.691448157222917,3004.19439222413,0.486338393090275,0,0,4
"UNC_IDD-InfluPaint",2025-03-29,0.490223023967913,0.859296466748801,1640.63544089945,0.360754863538004,0.385474630322746,0.716054087271581,2185.04873272832,0.497434529473087,0,0,4
"UNC_IDD-InfluPaint",2025-04-12,0.474995545943769,0.642524692901588,711.398720122734,0.269466627966416,0.38672652417371,0.67033200223616,981.392020752176,0.374692623675822,0,0.25,4
"UNC_IDD-InfluPaint",2025-04-19,1.05684263494918,1.11066106817335,964.989296195196,0.4580167769846,0.869625703052969,1.39636102154853,1069.094654019,0.520643353062553,0,0,4
"UNC_IDD-InfluPaint",2025-04-26,0.99165665465077,1.05312308860263,796.787925153134,0.453209040119241,0.901126995518395,1.42147163924128,853.209459226939,0.495006965228812,0,0,4
"UNC_IDD-InfluPaint",2025-05-03,1.16121396948846,1.09742616325178,817.260724944173,0.572861916480531,1.35782241334675,2.21893325419301,867.046968198633,0.622433005484869,0,0,4
"UNC_IDD-InfluPaint",2025-05-10,1.28238666556509,1.112477477641,799.866743145905,0.620379677354418,2.62369046248452,4.21129567796184,861.51232009766,0.692949489294294,0,0,4
"UNC_IDD-InfluPaint",2025-05-17,1.47871287623793,1.23471597821553,865.167855564716,0.775368395426001,4.61828458806725,7.70786062384684,944.20898625038,0.892118547714127,0,0,4
"UNC_IDD-InfluPaint",2025-05-24,1.63036839141919,1.37159890682054,899.235822226892,0.896275824993511,7.05980140283538,12.2481208319467,988.530740862514,1.06000339792658,0,0,4
"UNC_IDD-InfluPaint",2025-05-31,1.58954713473063,1.43050846193403,877.77809380669,0.941803465478601,6.34323316632648,11.5928990608067,989.423651138424,1.16615923014023,0,0,4
"UVAFluX-CESGCN",2025-02-01,2.98929290837964,4.45332584970747,32189.0462062075,1.09472424312083,2.47923724746179,3.64962375561706,32570.5534667969,1.11696484526382,0,0,4
"UVAFluX-Ensemble",2024-11-30,0.90012759551413,0.646283290498843,3842.62358695652,0.443173041018945,0.705447948461495,0.560763957324761,4163.25,0.500641468548888,0,0.25,4
"UVAFluX-Ensemble",2024-12-07,0.924109897318936,0.724303003577634,8443.45869565217,0.668595429352117,0.781464622135915,0.609000435926747,8704,0.705122941695917,0,0,4
"UVAFluX-Ensemble",2024-12-14,0.796264810642615,0.618089698868535,12308.3708695652,0.63815723679648,0.779738827419702,0.606304857899413,13694.25,0.751400539020447,0,0,4
"UVAFluX-Ensemble",2024-12-21,0.691582406421483,0.563859280000624,12455.0001086957,0.542117025968304,0.723203234451522,0.579493091385791,14631.25,0.662189660154967,0,0,4
"UVAFluX-Ensemble",2024-12-28,0.59142398659548,0.504694782307434,11020.1373913043,0.419932632833779,0.656551943342969,0.545504387760332,13723,0.53212219865506,0,0.5,4
"UVAFluX-Ensemble",2025-01-04,0.399087005401141,0.344149324708644,3423.86652173913,0.0922079483188266,0.468179712105083,0.392352456041439,5108,0.13655214840575,0.5,1,4
"UVAFluX-Ensemble",2025-01-11,1.21004972461155,1.15354316311122,6080.44989130435,0.142062828498322,1.27510233544453,1.24000719752882,8951.75,0.216910746351413,0.25,0.75,4
"UVAFluX-Ensemble",2025-01-18,1.39975224406279,1.61204336469075,18196.1539130435,0.520939522598734,1.44971541004806,1.70113980859127,22964.5,0.690695015954908,0,0,4
"UVAFluX-Ensemble",2025-02-01,0.754304217658491,0.827146431046448,8087.50858695652,0.201504418371237,0.978306057242383,0.977820427124439,12692,0.294053003089926,0.5,0.5,4
"UVAFluX-Ensemble",2025-02-08,1.31480633589711,1.23224699465784,7594.56532608696,0.168111334071722,1.25022508199208,1.22767055667135,10019.5,0.229813036706592,1,1,4
"UVAFluX-Ensemble",2025-02-15,0.850195716786522,0.757169236232966,8386.3725,0.200939560034575,0.826516976620812,0.856795470270738,10715.25,0.289706420113943,0.75,1,4
"UVAFluX-Ensemble",2025-02-22,0.98114756171276,0.861267458986999,9621.47695652174,0.277284603196757,1.0865289813551,1.05675970176271,14154.75,0.43529214110545,0.5,0.75,4
"UVAFluX-Ensemble",2025-03-01,0.825582863924482,0.71841793974139,7707.44739130435,0.273588257652571,0.909264118245316,0.929171217466856,11587,0.462426487519042,0.5,1,4
"UVAFluX-Ensemble",2025-03-08,0.63123804173811,0.593598478990635,5288.40076086957,0.258409517380318,0.589509405558929,0.677505538687081,7001.75,0.400619360040593,0.75,1,4
"UVAFluX-Ensemble",2025-03-15,0.59740589197582,0.61585356075913,3765.99445652174,0.26945992585636,0.566679105072782,0.664377205035396,5378.75,0.422852100640008,0.75,1,4
"UVAFluX-Ensemble",2025-03-22,0.625784935391733,0.658222151801082,3209.74576086956,0.304546273429749,0.540810444896925,0.628927587480525,4603,0.474354732302217,0.5,1,4
"UVAFluX-Ensemble",2025-03-29,0.41934017586104,0.591245554084574,1468.96804347826,0.255287711101801,0.493591450491502,0.601380193576192,2951.5,0.433230964750841,0.75,1,4
"UVAFluX-Ensemble",2025-04-05,0.410911151630063,0.494241789559031,1044.50510869565,0.210690981651626,0.431033442561001,0.53232297113239,1936.25,0.375422863313156,1,1,4
"UVAFluX-Ensemble",2025-04-12,0.558147463243901,0.852111476304435,802.721739130435,0.341247331914384,0.494214331270456,0.723666144100997,1216.25,0.386928850702229,0.25,0.75,4
"UVAFluX-Ensemble",2025-04-19,0.7102084779369,1.367690307921,646.61597826087,0.55598701919077,0.336834742898734,0.360756063433897,400,0.127128056496341,1,1,4
"UVAFluX-Ensemble",2025-04-26,0.741533003623476,0.900640979688635,586.56402173913,0.379035617984661,1.18001481904631,1.8462413334313,1095.75,0.626654408982626,1,1,4
"UVAFluX-Ensemble",2025-05-03,0.779044250909691,1.26919878618099,544.66402173913,0.650064097727526,0.331690017100265,0.365785466728541,213,0.101676549431929,1,1,4
"UVAFluX-Ensemble",2025-05-10,0.882338894599347,0.989308261336755,538.205326086956,0.535476543006764,2.939810825255,4.44292855270858,947.75,0.711694796807048,1,1,4
"UVAFluX-Ensemble",2025-05-17,0.816075097187281,0.453858997322814,475.996847826087,0.280784461239014,3.390741769094,2.97236269376397,683.75,0.331208686357721,1,1,4
"UVAFluX-Ensemble",2025-05-24,0.722032273908862,0.613062772733925,399.780108695652,0.40308371272349,6.59554946678303,9.96803592413909,913.75,0.842446978732035,1,1,4
"UVAFluX-Ensemble",2025-05-31,0.585080367935123,0.336341856581929,327.593152173913,0.220841754612545,2.57807219742481,2.35824982952472,413,0.237196764792658,1,1,4
"UVAFluX-OptimWISE",2025-03-29,0.26153805821327,0.331256804544057,890.757331895717,0.139673803390365,0.228980373439714,0.302857081477077,1345.53544104672,0.216838018839756,0.75,1,4
"UVAFluX-OptimWISE",2025-04-05,0.225208589262098,0.28691563945492,561.573859652894,0.120848369590436,0.115457937755179,0.167619171025909,550.963863733316,0.125754475261487,1,1,4
"UVAFluX-OptimWISE",2025-04-12,0.394332648235728,0.521759384040801,577.559347826087,0.212769514274135,0.293626853201978,0.375212398107102,718.75,0.199071423669035,0.5,1,4
"UVAFluX-OptimWISE",2025-04-19,0.600569737965472,0.484421955411397,541.867826086957,0.192970165602752,0.614807965720063,0.717751089123663,729.5,0.252424859053376,0.5,1,4
"UVAFluX-OptimWISE",2025-04-26,0.53512255420743,0.470714021128221,422.189565217391,0.19479431762398,0.563717176950663,0.665167580200701,506.25,0.214441376246941,0.5,1,4
"UVAFluX-OptimWISE",2025-05-03,0.39057243862535,0.270355547391127,273.886195652174,0.137947198572903,0.41710448043725,0.48029623222201,256.5,0.127340306774323,0.75,1,4
"UVAFluX-OptimWISE",2025-05-10,0.317363810823247,0.207261038330995,197.875108695652,0.114142811033803,0.618030280256588,0.716447762465901,204.75,0.117459185638732,1,1,4
"UVAFluX-OptimWISE",2025-05-17,0.231963458681731,0.122377545254639,135.536413043478,0.0753015565823693,0.729364858758799,0.74451742574242,149.75,0.0848513537269546,1,1,4
"UVAFluX-OptimWISE",2025-05-24,0.278178011295955,0.161240671106089,148.883804347826,0.100227027988993,1.95162534554525,2.11867950239721,264.75,0.173345674551235,0.5,1,4
"UVAFluX-OptimWISE",2025-05-31,0.255166968098774,0.16533456925629,141.162826086956,0.107719681840468,1.67619021277239,1.90119461565888,262.25,0.188559913353366,0.5,1,4
"VTSanghani-PRIME",2024-11-30,0.840740354107003,0.636489216546822,3420.62836956522,0.414429116848706,0.764311763297827,0.65885107106426,4322.5,0.564015546213638,0,0.5,4
"VTSanghani-PRIME",2024-12-07,0.898077329252464,0.756834667284462,8197.81347826087,0.696904305024699,0.866029964826251,0.771783543894899,9619.5,0.890310588124169,0,0.25,4
"VTSanghani-PRIME",2024-12-14,0.952134747184279,0.879018547240754,14727.9538043478,0.909124638790489,0.93361849007671,0.877734412316653,16411.75,1.08996261765024,0,0,4
"VTSanghani-PRIME",2024-12-21,1.05847762677597,1.08742441593755,19084.7583695652,1.04578524056721,1.00990468978392,1.03275189265401,20445.25,1.18004477071428,0,0,4
"VTSanghani-PRIME",2024-12-28,1.08952326683241,1.14658382674445,20388.3809782609,0.957825323101722,1.06996842668568,1.13144736871175,22423.25,1.10668900667768,0,0,4
"VTSanghani-PRIME",2025-01-04,2.64494160367683,3.78567289907457,22687.9840217391,1.0159784398592,2.31540930472259,3.42332123532133,25326.75,1.19644661980107,0,0,4
"VTSanghani-PRIME",2025-01-11,1.89749597653874,2.64976382827773,9686.6852173913,0.331916596604136,1.92653740640272,2.3220953057623,13926.25,0.418343095059836,0.5,0.75,4
"VTSanghani-PRIME",2025-01-18,1.28883498964688,1.58612824736476,16800.9869565217,0.513110422419752,1.49456778954582,1.75291994006959,23647,0.710979048754798,0.25,0.25,4
"VTSanghani-PRIME",2025-02-01,1.11547617212301,1.32134101841724,11947.1602173913,0.322088105268515,1.49093423385803,1.65479026447473,19489.25,0.502154356250816,0.25,0.25,4
"VTSanghani-PRIME",2025-02-08,0.980739272614359,1.02528192489114,5667.35086956522,0.139815746984531,0.924351990941578,0.924266976147056,7391,0.17252345998895,1,1,4
"VTSanghani-PRIME",2025-02-15,0.464024585346634,0.47690020914947,4571.47369565217,0.12661042853732,0.389944674631909,0.451585742301115,5063.5,0.15377405170997,0.75,1,4
"VTSanghani-PRIME",2025-02-22,0.513112890970578,0.53182508552531,5049.13358695652,0.172062415529054,0.562287525192412,0.636832604071352,7406.25,0.265543311558694,0.5,0.75,4
"VTSanghani-PRIME",2025-03-01,0.689770220608858,0.72445888723652,6533.33880434783,0.281127296572161,0.776045825491493,0.827143206237146,9842.25,0.410382311354154,0.25,0.5,4
"VTSanghani-PRIME",2025-03-08,0.884653647932191,0.915182866463784,7499.34739130435,0.405098789651812,0.927422850821251,0.947626363134007,10866,0.552509160135951,0.25,0.5,4
"VTSanghani-PRIME",2025-03-15,1.00195951017275,1.0369705623084,6379.41826086957,0.460953963595017,0.980549240831323,0.986528964060896,9254.5,0.622807183322087,0.25,0.25,4
"VTSanghani-PRIME",2025-03-22,0.26958417594516,0.324414957399193,1367.06684782609,0.150357045604232,0.218255158137564,0.319601153642313,1787.5,0.23270443716057,0.75,1,4
"VTSanghani-PRIME",2025-03-29,1.29682057667424,1.31915351217545,4487.46423913044,0.563923724860937,1.0961755581982,1.06362513591143,6368,0.743585871800583,0.25,0.25,4
"VTSanghani-PRIME",2025-04-05,0.211586914236016,0.308154544531732,516.56847826087,0.127905691013869,0.0306261074544255,0.0450275925123823,130.75,0.0305154668536702,1,1,4
"VTSanghani-PRIME",2025-04-12,0.413423737832064,0.946233830418409,605.166304347826,0.392954856107186,0.375324121609016,0.580406772342796,938.75,0.317022599078495,1,1,4
"VTSanghani-PRIME",2025-04-19,0.429401435181461,0.526367919475011,389.72347826087,0.217415458891639,0.457364886134764,0.603124425567581,558.5,0.221651742267969,1,1,4
"VTSanghani-PRIME",2025-04-26,0.527722786590374,0.87679279719015,418.376847826087,0.379861937209038,0.822244049491153,1.18630931348601,770.75,0.40621464440321,1,1,4
"VTSanghani-PRIME",2025-05-03,0.568540192571215,0.638296301819049,391.955760869565,0.326007679578254,1.23549832422122,1.71630247032567,772.75,0.465822874744746,0.25,1,4
"VTSanghani-PRIME",2025-05-10,1.29693737808602,0.764263434581957,790.139456521739,0.40774185191829,1.75305496554247,2.20756359707423,561,0.348643134832265,1,1,4
"VTSanghani-PRIME",2025-05-17,0.566101104665781,0.43312581867537,324.390434782609,0.262939548006471,3.20910251841884,4.19855443532934,644.25,0.469613787862468,0.5,1,4
"VTSanghani-PRIME",2025-05-24,0.717747485025069,0.544458557014426,392.161195652174,0.347306951062855,5.6868186139748,8.03039091944695,789.5,0.678422863328625,0.25,1,4
"VTSanghani-PRIME",2025-05-31,0.706572151401182,0.575295161904654,387.438913043478,0.371656072517468,4.96181743389579,7.23171859878259,770.5,0.715279377547601,0,1,4
"fjordhest-ensemble",2024-11-30,0.863066994231391,0.69482679819116,3582.36729021739,0.46366638628497,0.877932769861655,0.795208114669807,5096.6325,0.700645125861685,0.25,0.75,4
"fjordhest-ensemble",2024-12-07,0.90266151047377,0.785459171771747,8247.7706826087,0.724751619136305,0.941540523825902,0.87471585545725,10468.4675,1.01140699972279,0,0.5,4
"fjordhest-ensemble",2024-12-14,0.892556347693389,0.822081713002919,13800.486875,0.849095774221145,0.964607943618695,0.920420348317916,16945.0475,1.14079325716702,0,0.25,4
"fjordhest-ensemble",2024-12-21,0.733381069154287,0.677738969007116,13206.4148206522,0.651535235962925,0.902654866156447,0.830220547193537,18270.705,0.948869156162793,0,0.25,4
"fjordhest-ensemble",2024-12-28,0.619434460256797,0.56116294707072,11557.1478271739,0.467601755643794,0.79417177069883,0.704587827394972,16615.315,0.687859561902084,0,0.5,4
"fjordhest-ensemble",2025-01-04,0.769938964777836,0.815764796561644,6558.8810673913,0.21707547210572,0.994249704903253,0.996871297448072,10858.5225,0.346926597081985,0.5,0.75,4
"fjordhest-ensemble",2025-01-11,0.971680495854192,0.958909427750996,4888.7291576087,0.118341430896088,1.06918262763936,1.06168480154809,7469.1075,0.184878752348359,0.5,1,4
"fjordhest-ensemble",2025-01-18,1.39992147708367,1.64403894429882,18352.5889130435,0.536573187707066,1.50788323051521,1.8217197711666,23988.7275,0.744813508739628,0,0.25,4
"fjordhest-ensemble",2025-02-01,1.1381056720559,1.30615536464501,12205.1617695652,0.319259678555822,1.52490710676776,1.72264560090702,20005.62,0.525459467827797,0,0.5,4
"fjordhest-ensemble",2025-02-08,0.865931512225588,0.914803972320744,5021.27071195652,0.124977111100314,0.725992270759982,0.692953085518718,5866.915,0.130719667010932,0.75,1,4
"fjordhest-ensemble",2025-02-15,0.264916942254443,0.279137626252549,2595.36108478261,0.0737935236137438,0.258626128951545,0.285190219591745,3224.2275,0.0932608090557348,0.75,1,4
"fjordhest-ensemble",2025-02-22,0.269342472445833,0.304535035364613,2656.96959021739,0.0988662635995885,0.317576387222056,0.385307065195388,4153.1775,0.159778745041959,0.5,1,4
"fjordhest-ensemble",2025-03-01,0.194693241214843,0.227063691894611,1781.30274347826,0.0850305372250856,0.197833548545044,0.213607648132429,2398.5175,0.101314770653768,0.75,1,4
"fjordhest-ensemble",2025-03-08,0.172976895450926,0.219870821504851,1440.00241086957,0.0953223144366749,0.174647831883244,0.195580684851558,2016.1925,0.11206176224417,0.75,1,4
"fjordhest-ensemble",2025-03-15,0.218468013847547,0.278483510973254,1345.53553043478,0.119841614038931,0.231799655656107,0.268229375436642,2114.8675,0.163257104615523,0.5,1,4
"fjordhest-ensemble",2025-03-22,0.16926679730474,0.230977461983843,849.589852173913,0.105946525768062,0.07997317151785,0.105193722735399,630.5025,0.0733471875656639,1,1,4
"fjordhest-ensemble",2025-03-29,0.202954429808633,0.301462979516993,681.868858695652,0.126259981209026,0.0670285148938795,0.0758899659433852,368.8125,0.0504328715340749,1,1,4
"fjordhest-ensemble",2025-04-05,0.239819977365284,0.438479107485319,585.806885869565,0.183061734664025,0.237670295410996,0.382927730024044,1010.3275,0.257693405443052,0.75,1,4
"fjordhest-ensemble",2025-04-12,0.370630688735818,0.410880588738186,550.001234782609,0.169369258304565,0.144733834779403,0.200469004893238,383.605,0.116694427931509,1,1,4
"fjordhest-ensemble",2025-04-19,0.884803048271512,1.17081871427322,797.0361,0.476637823890931,1.31363797152644,2.43976557903147,1603.66,0.903695103222206,0,1,4
"fjordhest-ensemble",2025-04-26,0.637063062124581,0.843741604857654,505.581966304348,0.359824274122577,1.02097498216098,1.58882275410617,957.7075,0.546504543938883,0.75,1,4
"fjordhest-ensemble",2025-05-03,0.552576973491817,0.530395044504837,383.145916304348,0.271774277704042,0.742827811878035,1.01139367146043,474.915,0.282561475959143,1,1,4
"fjordhest-ensemble",2025-05-10,0.717126127959606,0.77769329469456,440.204636956522,0.426175761493878,2.65812621211779,3.99113587898134,861.785,0.643646078982312,0.75,1,4
"fjordhest-ensemble",2025-05-17,0.632539629918677,0.606018103190673,366.893063043478,0.376793864564463,3.10115778027649,4.06790894566477,628.455,0.460185949292742,1,1,4
"fjordhest-ensemble",2025-05-24,0.709145352121769,0.669140747844117,387.753810869565,0.431216755401141,5.16572231594018,6.84084150709346,710.99,0.569938001208657,0.5,1,4
"fjordhest-ensemble",2025-05-31,0.613815041966406,0.54329805140502,339.496011956522,0.355586780245836,2.93777544824182,3.53188689414418,453.265,0.344951085159199,0.75,1,4
