"model_id","location","wis_scaled_relative_skill","wis_scaled_relative_skill__log","wis","wis__log","ae_median_scaled_relative_skill","ae_median_scaled_relative_skill__log","ae_median","ae_median__log","interval_coverage_50","interval_coverage_95","n"
"CADPH-FluCAT_Ensemble","06",0.580729914145918,0.431774959429374,314.374796366219,0.18265109780328,0.70841690328869,0.608466345266718,488.458162510141,0.269728335131914,0.644230769230769,0.971153846153846,104
"CEPH-Rtrend_fluH","01",0.778155538259755,0.766777087557324,76.9971571906354,0.348532594794424,0.831594739736851,0.891297761639015,106.509615384615,0.505784098319663,0.413461538461538,0.759615384615385,104
"CEPH-Rtrend_fluH","02",1.07484821246486,1.26475279731796,9.72396739130435,0.491244254845444,1.09204787634934,1.44791773591914,14.5769230769231,0.792935825060032,0.240384615384615,0.721153846153846,104
"CEPH-Rtrend_fluH","04",0.728016337026593,0.746596485621511,243.029607023411,0.348866725842849,0.857120272751299,1.05601262497365,327.134615384615,0.510549497034193,0.509615384615385,0.817307692307692,104
"CEPH-Rtrend_fluH","05",0.763803859675153,0.776734068412107,48.8909155518395,0.423924053813645,0.765859135485492,0.907552253209444,64.7019230769231,0.652657573246658,0.423076923076923,0.826923076923077,104
"CEPH-Rtrend_fluH","06",0.794792308422009,0.740226005342267,437.222654682274,0.316854067777335,0.83663507171093,1.08760567871699,563.769230769231,0.481393110646444,0.336538461538462,0.730769230769231,104
"CEPH-Rtrend_fluH","08",0.717196902652255,0.659238633643743,66.1205518394649,0.305311130968305,0.706485660235791,0.77068830654892,82.9615384615385,0.434035790222671,0.509615384615385,0.826923076923077,104
"CEPH-Rtrend_fluH","09",0.461684531061738,0.457662899071165,29.5000376254181,0.246395161338707,0.503404127023034,0.490574780918294,43.4519230769231,0.36070554560144,0.596153846153846,0.923076923076923,104
"CEPH-Rtrend_fluH","10",0.880345754746518,0.840380011782177,25.0709698996656,0.409512486923234,0.898749940966038,0.821277039087473,31.5865384615385,0.580979948274547,0.480769230769231,0.740384615384615,104
"CEPH-Rtrend_fluH","11",0.763712341168247,0.86922611037415,25.3200919732441,0.577217254276221,0.828687286234239,0.992767359871935,33.4903846153846,0.83581574826911,0.326923076923077,0.663461538461538,104
"CEPH-Rtrend_fluH","12",0.903764229594543,0.967237396542453,367.432048494983,0.3357996996966,0.991641776187398,1.33795701509761,484.75,0.509273188308589,0.211538461538462,0.701923076923077,104
"CEPH-Rtrend_fluH","13",0.684581211945555,0.82941485552868,116.005497491639,0.42730930482369,0.822271925714106,1.20438400591527,171.903846153846,0.692813576971054,0.307692307692308,0.826923076923077,104
"CEPH-Rtrend_fluH","15",0.949530001335477,0.93477163293873,12.914393812709,0.273517438043235,0.957775718266386,0.95387701922499,17.75,0.404108031706762,0.423076923076923,0.778846153846154,104
"CEPH-Rtrend_fluH","16",0.728667675126668,0.779278566707884,26.778106187291,0.364565728416776,0.812641408343905,1.01562770276021,39.0576923076923,0.589289521865991,0.355769230769231,0.817307692307692,104
"CEPH-Rtrend_fluH","17",0.730660598267355,0.657052107358317,214.797767558528,0.344697756438475,0.738610507186153,0.740095925669882,267.019230769231,0.461368722971064,0.586538461538462,0.778846153846154,104
"CEPH-Rtrend_fluH","18",0.572842907348303,0.512114315237017,135.679464882943,0.3209604653545,0.618047023186114,0.599178614367834,178.423076923077,0.450848679415598,0.528846153846154,0.788461538461538,104
"CEPH-Rtrend_fluH","19",0.514035105852839,0.506667406076348,34.9179974916388,0.326980162948165,0.566711753327299,0.545905911118164,48.2211538461538,0.484196194329438,0.576923076923077,0.875,104
"CEPH-Rtrend_fluH","20",0.697289315153414,0.683436536035163,47.6529515050167,0.388548836804571,0.723467555610285,0.72909809587039,62.75,0.565362727431664,0.432692307692308,0.759615384615385,104
"CEPH-Rtrend_fluH","21",0.731174245504317,0.700336896519481,108.649101170569,0.419715681338399,0.77948604943677,0.873594861498969,149.192307692308,0.663620974319866,0.317307692307692,0.807692307692308,104
"CEPH-Rtrend_fluH","22",0.899998570359164,0.903080938448294,69.605597826087,0.325357827958721,0.988290457752098,1.20443665886548,99.8269230769231,0.509735683172222,0.288461538461538,0.730769230769231,104
"CEPH-Rtrend_fluH","23",0.638107262842259,0.581950383332495,21.5644147157191,0.347057119154708,0.669351105888819,0.581857558852312,29.8942307692308,0.518719758397802,0.509615384615385,0.855769230769231,104
"CEPH-Rtrend_fluH","24",0.65975602579092,0.748212264131137,87.5163545150502,0.438507618913176,0.713018104405425,0.852968579007576,116.230769230769,0.662233018251075,0.307692307692308,0.721153846153846,104
"CEPH-Rtrend_fluH","25",0.697233889840621,0.754359233357324,138.912809364548,0.395917992746848,0.838450652690488,1.06706667495722,199.721153846154,0.630714340504362,0.326923076923077,0.836538461538462,104
"CEPH-Rtrend_fluH","26",0.744816185988137,0.668812635096012,160.178185618729,0.325091165064282,0.808039715981871,0.847155726496427,228.605769230769,0.511026837090171,0.365384615384615,0.817307692307692,104
"CEPH-Rtrend_fluH","27",0.637974516317757,0.676941775549528,103.770388795987,0.394193633767456,0.684467641956648,0.768069737786279,130.278846153846,0.555612071426838,0.451923076923077,0.759615384615385,104
"CEPH-Rtrend_fluH","28",0.79914002686749,0.81701564694436,45.0896906354515,0.397210384713159,0.912087186677466,1.03792682130909,66.4711538461538,0.612022017247316,0.355769230769231,0.778846153846154,104
"CEPH-Rtrend_fluH","29",0.885216235229874,0.91970611004939,147.770505852843,0.483645719353408,0.954770080881087,1.19310293398584,195.336538461538,0.717241616477938,0.375,0.701923076923077,104
"CEPH-Rtrend_fluH","30",0.738439134489033,0.739232008616862,19.1478720735786,0.425859955057763,0.794038440884203,0.689197756921738,27.8365384615385,0.639865879714738,0.384615384615385,0.798076923076923,104
"CEPH-Rtrend_fluH","31",0.591002918985669,0.571943390850478,25.830643812709,0.338707617446685,0.653358062745751,0.639174604940938,35.1442307692308,0.500205687068498,0.596153846153846,0.855769230769231,104
"CEPH-Rtrend_fluH","32",0.713921588799912,0.719313870026022,26.6059824414716,0.261225335375932,0.812141913102546,0.937579617972332,40.7115384615385,0.42174845629735,0.375,0.865384615384615,104
"CEPH-Rtrend_fluH","33",0.761203770645414,0.763029121980724,31.9060576923077,0.459529660366586,0.840393066899026,0.84182966088306,42.7884615384615,0.659331922497899,0.432692307692308,0.740384615384615,104
"CEPH-Rtrend_fluH","34",0.518161844928277,0.528687926562437,129.274949832776,0.32220176153939,0.543272887287138,0.615938475386581,171.461538461538,0.483594568401137,0.538461538461538,0.855769230769231,104
"CEPH-Rtrend_fluH","35",0.936837891261449,0.963360130453582,33.5809949832776,0.367815810931914,0.958048888845556,1.11342288755171,48.9711538461538,0.569081008470844,0.355769230769231,0.817307692307692,104
"CEPH-Rtrend_fluH","36",0.60056615100471,0.467977982237515,234.146714046823,0.237776985846336,0.580347147763116,0.453255168511757,304.586538461538,0.297908336301524,0.644230769230769,0.836538461538462,104
"CEPH-Rtrend_fluH","37",0.53888138439687,0.499908128521508,150.701956521739,0.306979051612608,0.620735476191744,0.627316738977946,212.298076923077,0.456615013010424,0.490384615384615,0.855769230769231,104
"CEPH-Rtrend_fluH","38",0.678121203748918,0.771967864128952,9.16986622073579,0.3702134916403,0.723913366006515,0.773326684461675,13.375,0.564268971393555,0.413461538461538,0.875,104
"CEPH-Rtrend_fluH","39",0.604099535062197,0.572141968317092,294.592533444816,0.422641035171288,0.666300929572723,0.602263667874091,390.903846153846,0.555294679636051,0.519230769230769,0.721153846153846,104
"CEPH-Rtrend_fluH","40",0.733174856256334,0.749924624770897,79.2467642140468,0.462790106496062,0.786800850192701,1.01387404664209,104.346153846154,0.712966384689389,0.442307692307692,0.817307692307692,104
"CEPH-Rtrend_fluH","41",0.864841860236126,0.910872690529248,76.6722909698997,0.428548486975737,0.949809748944687,1.24888836905977,104.826923076923,0.665172775848922,0.355769230769231,0.788461538461538,104
"CEPH-Rtrend_fluH","42",0.645828906863882,0.70824122747376,394.529368729097,0.373354221895651,0.704690424020287,0.884756171600024,502.942307692308,0.534151957065152,0.413461538461538,0.711538461538462,104
"CEPH-Rtrend_fluH","44",0.721102415267206,0.736534573396352,17.162512541806,0.383294383993733,0.788522453568279,0.791562967062891,23.2884615384615,0.561767408647452,0.519230769230769,0.75,104
"CEPH-Rtrend_fluH","45",0.508751347531182,0.511917711826906,81.6999372909699,0.330675250225659,0.602086967794435,0.606254610271507,118.730769230769,0.480213573429204,0.528846153846154,0.865384615384615,104
"CEPH-Rtrend_fluH","46",0.52783713874561,0.642531578355311,11.3166638795987,0.380990514807094,0.62300954161143,0.733592864068402,16.8269230769231,0.610782143687431,0.451923076923077,0.903846153846154,104
"CEPH-Rtrend_fluH","47",0.745702081136305,0.732703539596458,104.813465719064,0.353739475074655,0.824075791084234,0.991235089047919,147.365384615385,0.554857730694749,0.317307692307692,0.817307692307692,104
"CEPH-Rtrend_fluH","48",0.654211020603528,0.711387245918443,338.165183946488,0.337252813383932,0.753252215602209,1.07651737717068,462.807692307692,0.51009351728476,0.403846153846154,0.769230769230769,104
"CEPH-Rtrend_fluH","49",0.693874825190009,0.74561014362746,34.1110827759197,0.328076532886702,0.708679546654586,0.831125246817847,41.75,0.462438759774553,0.509615384615385,0.778846153846154,104
"CEPH-Rtrend_fluH","50",0.656423509925991,0.720226075479489,8.8504974916388,0.377167069202648,0.734719949746745,0.719856849520646,12.9615384615385,0.571729695478449,0.403846153846154,0.807692307692308,104
"CEPH-Rtrend_fluH","51",0.551379908830034,0.570769233625733,78.745593645485,0.300145027613386,0.623619591397218,0.770066357304887,114.730769230769,0.47355867559966,0.490384615384615,0.894230769230769,104
"CEPH-Rtrend_fluH","53",0.725816535929132,0.765697761233757,69.3440342809365,0.376696620633103,0.73392922671889,0.885037057669002,92.6826923076923,0.550836028314152,0.375,0.75,104
"CEPH-Rtrend_fluH","54",0.64062030178029,0.570093382201801,55.0036371237458,0.375205738023521,0.715466499684253,0.609199791228762,77.2211538461538,0.576514031952963,0.490384615384615,0.807692307692308,104
"CEPH-Rtrend_fluH","55",0.538181030645229,0.537308957207266,82.3436287625418,0.339979726121743,0.606122736081439,0.58816720094097,113.326923076923,0.493604542444427,0.509615384615385,0.769230769230769,104
"CEPH-Rtrend_fluH","56",0.832010249863221,0.760137322759207,12.604991638796,0.384316109169492,0.884533760197238,0.838076296772149,18.1057692307692,0.590006395513572,0.519230769230769,0.875,104
"CFA_Pyrenew-Pyrenew_HE_Flu","01",0.852873834695401,0.895742942024366,12.9604674901186,0.303014050061897,0.925636200812577,1.07478735473553,19.3409090909091,0.453679381764095,0.272727272727273,0.636363636363636,22
"CFA_Pyrenew-Pyrenew_HE_Flu","02",1.00425969642834,0.916478972908051,3.95810860507246,0.288211361563417,1.01244191240679,1.00024035688978,6.125,0.440122333495551,0.416666666666667,0.958333333333333,24
"CFA_Pyrenew-Pyrenew_HE_Flu","04",1.31257960668164,1.16273539405272,39.0746569746377,0.345232805568696,1.70410371834578,1.81336433423121,59.0416666666667,0.53521781873064,0.208333333333333,0.833333333333333,24
"CFA_Pyrenew-Pyrenew_HE_Flu","05",0.926854103640675,0.66106498417156,11.5868273550725,0.296793162309865,1.04199454427964,0.760236356321329,17.9375,0.442369875132497,0.583333333333333,0.833333333333333,24
"CFA_Pyrenew-Pyrenew_HE_Flu","06",0.780311541123137,0.531083040798569,47.3168831027668,0.141098936617795,0.964537564944229,0.852223345650575,73.6590909090909,0.227770629499158,0.5,1,22
"CFA_Pyrenew-Pyrenew_HE_Flu","08",0.7793756804891,0.827165142778713,9.95971938405797,0.234311657945745,0.898660009952314,1.01943583516811,15.0625,0.344329956163782,0.333333333333333,0.791666666666667,24
"CFA_Pyrenew-Pyrenew_HE_Flu","09",1.14340553651915,0.860986666926991,15.8361740942029,0.338213683887415,1.3261017740691,0.983745121935228,24.2083333333333,0.515775755963898,0.166666666666667,0.75,24
"CFA_Pyrenew-Pyrenew_HE_Flu","10",0.616783579994336,0.819678004972974,1.73084141304348,0.324934691662101,0.747903293779249,0.883328005043139,2.75,0.533105165385545,0.55,1,20
"CFA_Pyrenew-Pyrenew_HE_Flu","11",0.621375516621016,0.667582661519124,4.99806413043478,0.331728077491533,0.740649710882267,0.806786101242621,8.13636363636364,0.528958391060483,0.409090909090909,0.954545454545455,22
"CFA_Pyrenew-Pyrenew_HE_Flu","12",0.418646469942959,0.319797766388866,28.1964741847826,0.0653640514596112,0.526792126104175,0.453508706140302,46.3125,0.102700982242775,0.375,0.958333333333333,24
"CFA_Pyrenew-Pyrenew_HE_Flu","13",0.910245208115991,0.739840227832555,15.3033492391304,0.236024716060251,1.00449961534737,1.09435858087098,20.05,0.350752267624277,0.5,0.85,20
"CFA_Pyrenew-Pyrenew_HE_Flu","15",0.740203180657466,0.755287447484699,3.75384836956522,0.140522306350046,0.817225522892237,0.824479241886016,6.10416666666667,0.228702578678968,0.5,0.916666666666667,24
"CFA_Pyrenew-Pyrenew_HE_Flu","16",0.432314430234019,0.434945861860053,3.85889202898551,0.174097309418893,0.502295834873782,0.564373991226149,6.45833333333333,0.291183851777547,0.583333333333333,1,24
"CFA_Pyrenew-Pyrenew_HE_Flu","17",0.816957605636865,0.583136508810391,32.390116576087,0.186426542301879,1.02229526483365,0.784404917116285,50.1666666666667,0.28438700814594,0.375,0.833333333333333,24
"CFA_Pyrenew-Pyrenew_HE_Flu","18",0.444178377716723,0.471929248302041,9.32262880434783,0.174470762589462,0.568476884643362,0.720986494344844,14.35,0.277921638803804,0.45,0.9,20
"CFA_Pyrenew-Pyrenew_HE_Flu","19",0.243801903964404,0.36384502464846,3.13772744565217,0.174663426489774,0.28660718154852,0.393139483902083,4.875,0.266973378786504,0.666666666666667,1,24
"CFA_Pyrenew-Pyrenew_HE_Flu","20",0.459719930727013,0.693660538365038,4.7250839673913,0.282153755706729,0.479692348421874,0.71055293602501,6.83333333333333,0.394376705486025,0.583333333333333,0.75,24
"CFA_Pyrenew-Pyrenew_HE_Flu","21",0.346266194164413,0.376526935677566,7.74408288043478,0.145537252068268,0.367184961665636,0.435977436849794,10.7083333333333,0.211953068029548,0.666666666666667,0.958333333333333,24
"CFA_Pyrenew-Pyrenew_HE_Flu","22",0.408037604867172,0.431241441129422,8.61026086956522,0.110284737237648,0.43122317809956,0.556870329723962,13.1875,0.171302955829817,0.625,1,24
"CFA_Pyrenew-Pyrenew_HE_Flu","23",0.620542962029639,0.631155782725116,5.84953143115942,0.208212824304826,0.697787067351545,0.64063164497804,9.45833333333333,0.322302346431064,0.416666666666667,1,24
"CFA_Pyrenew-Pyrenew_HE_Flu","24",1.84385518537976,1.03441481346597,36.86419743083,0.454254918717042,2.25121014279333,1.24396669732276,55.9318181818182,0.709671974291022,0,0.636363636363636,22
"CFA_Pyrenew-Pyrenew_HE_Flu","25",0.491362359842395,0.413022395441213,12.4394774703557,0.144940110384549,0.610496467784055,0.604662020307129,19.1363636363636,0.229732912705175,0.5,0.954545454545455,22
"CFA_Pyrenew-Pyrenew_HE_Flu","26",0.558048355646548,0.465177384833142,35.3000205533597,0.163771551150869,0.615889899683082,0.621685856326963,54.0454545454545,0.261707266268576,0.409090909090909,0.818181818181818,22
"CFA_Pyrenew-Pyrenew_HE_Flu","27",0.462485705284905,0.504633913223449,9.30448514492754,0.203004832303335,0.579567767013565,0.626226602720254,14.875,0.313573005987275,0.375,0.875,24
"CFA_Pyrenew-Pyrenew_HE_Flu","28",0.379408664066095,0.368582095548746,4.94676467391304,0.126299477189103,0.425751131862034,0.460622225555812,7.75,0.188622104359269,0.583333333333333,1,24
"CFA_Pyrenew-Pyrenew_HE_Flu","30",0.54306557345594,0.897557998571104,3.65423822463768,0.415350466767967,0.58476070144015,0.826997354921579,5.58333333333333,0.632382325695038,0.416666666666667,0.791666666666667,24
"CFA_Pyrenew-Pyrenew_HE_Flu","31",0.367953306178446,0.447801431674184,2.38497835144928,0.186557173520692,0.471485141587679,0.514041786554135,3.875,0.292575560988756,0.666666666666667,0.958333333333333,24
"CFA_Pyrenew-Pyrenew_HE_Flu","32",0.52921054966416,0.54049800343099,4.86536141304348,0.152353424173266,0.546745017320695,0.680510881756278,7.20833333333333,0.242478458761155,0.5,0.958333333333333,24
"CFA_Pyrenew-Pyrenew_HE_Flu","33",0.503126645257636,0.628014825276319,4.75515389492754,0.287100319182725,0.651000836089474,0.783218209339088,7.75,0.478306800668683,0.416666666666667,0.875,24
"CFA_Pyrenew-Pyrenew_HE_Flu","34",0.420267034722154,0.290048170369398,18.2424305253623,0.125389897420161,0.52402617333529,0.374050589852605,28.4166666666667,0.197608224945067,0.541666666666667,0.958333333333333,24
"CFA_Pyrenew-Pyrenew_HE_Flu","35",0.573878742283883,0.493552087046807,5.6489160326087,0.151023854015357,0.639358445151893,0.616927849419418,9.0625,0.249329246636988,0.5,0.958333333333333,24
"CFA_Pyrenew-Pyrenew_HE_Flu","36",0.625450890814374,0.365283227820215,31.0050283596838,0.108734086873437,0.763474776035531,0.456419967158598,48.5,0.154431746721019,0.545454545454545,0.954545454545455,22
"CFA_Pyrenew-Pyrenew_HE_Flu","37",0.786990629176236,1.15218326497943,29.9566672101449,0.435267462327259,0.959152759409461,1.49254835285786,46.5625,0.633815756003641,0.208333333333333,0.666666666666667,24
"CFA_Pyrenew-Pyrenew_HE_Flu","38",0.643707863307856,0.920425339808236,2.10263278985507,0.267181193938467,0.726046746631027,0.882753262399859,3.20833333333333,0.379874602590798,0.5,0.875,24
"CFA_Pyrenew-Pyrenew_HE_Flu","39",0.173287988935214,0.21614856582405,11.0317876482213,0.107389236930204,0.187311026942829,0.265332775795083,15.1590909090909,0.15392968341714,0.727272727272727,0.954545454545455,22
"CFA_Pyrenew-Pyrenew_HE_Flu","40",0.51651765609418,0.472133728171259,5.3761266798419,0.233935593689177,0.649804397552864,0.685295603407814,8.15909090909091,0.377592712266597,0.409090909090909,0.818181818181818,22
"CFA_Pyrenew-Pyrenew_HE_Flu","41",0.589079052108048,0.543568033309411,5.58658399209486,0.14634526884986,0.658884732817314,0.742569124401061,8.36363636363636,0.221693311953564,0.681818181818182,0.954545454545455,22
"CFA_Pyrenew-Pyrenew_HE_Flu","42",0.468966729157436,0.707014263219358,44.2781147233202,0.197043530338186,0.497764780059735,0.878642129135728,58.5227272727273,0.278635139268554,0.363636363636364,0.772727272727273,22
"CFA_Pyrenew-Pyrenew_HE_Flu","44",0.740789393471879,0.744381648761959,3.5610196557971,0.262034406342351,0.846364411796429,0.884057251363955,5.5,0.433226709481191,0.458333333333333,0.958333333333333,24
"CFA_Pyrenew-Pyrenew_HE_Flu","45",0.385773160638699,0.423477975269116,6.15015662055336,0.167468869415774,0.49782168249854,0.599280762602378,9.77272727272727,0.278456840417919,0.5,1,22
"CFA_Pyrenew-Pyrenew_HE_Flu","46",0.452782050937695,0.78322050471218,2.01524791666667,0.360235695104238,0.572500940653261,0.937903602976369,3.20833333333333,0.588086382713883,0.458333333333333,0.833333333333333,24
"CFA_Pyrenew-Pyrenew_HE_Flu","47",0.304811032705262,0.354769434614516,6.4208959486166,0.105584130313287,0.308683228932744,0.476507071328451,9.25,0.16414106079106,0.636363636363636,1,22
"CFA_Pyrenew-Pyrenew_HE_Flu","48",0.350541171114302,0.253398358014165,22.4220531620553,0.0801824736846548,0.422517796251573,0.398803142380724,32.6818181818182,0.117199847228377,0.681818181818182,1,22
"CFA_Pyrenew-Pyrenew_HE_Flu","49",0.419389017620599,0.436314662064568,2.54468541666667,0.0963521934381626,0.445337667864449,0.48533141349588,3.41666666666667,0.13219065408293,0.75,1,24
"CFA_Pyrenew-Pyrenew_HE_Flu","50",0.420631331328901,0.478512543390967,1.85863596014493,0.196488458199803,0.470510354741482,0.51975680185871,2.91666666666667,0.330406267000971,0.75,0.958333333333333,24
"CFA_Pyrenew-Pyrenew_HE_Flu","51",1.46769023512442,0.814588433561862,36.0496529644269,0.308337409782211,1.58641646813165,1.05607045248886,53.2954545454545,0.456569483053539,0.318181818181818,0.636363636363636,22
"CFA_Pyrenew-Pyrenew_HE_Flu","53",0.611238319432276,0.559072993604538,7.03929575098814,0.174049745508018,0.790471287891458,0.741979641302151,11.3636363636364,0.276882948955797,0.409090909090909,0.909090909090909,22
"CFA_Pyrenew-Pyrenew_HE_Flu","54",0.426942499046163,0.531532542219764,7.04223369565217,0.242870226596539,0.466477702588401,0.543838342580929,10.8409090909091,0.361783937219094,0.590909090909091,0.954545454545455,22
"CFA_Pyrenew-Pyrenew_HE_Flu","55",0.493445077497723,0.633918594649504,12.1703378623188,0.263442186226133,0.599315168191978,0.774872968572571,19.1875,0.415588221044851,0.166666666666667,0.75,24
"CFA_Pyrenew-Pyrenew_H_Flu","01",0.946408118667089,0.913345084018043,49.5951858152174,0.276689510916635,1.10936717624315,1.2060976986077,81.1375,0.465648632226372,0.425,0.975,40
"CFA_Pyrenew-Pyrenew_H_Flu","02",1.07779427351962,1.17087908269026,7.41523027173913,0.350211706785278,1.14110302343263,1.34592192616598,11.9625,0.567216533129412,0.5,0.95,40
"CFA_Pyrenew-Pyrenew_H_Flu","04",0.958069942993593,0.861724946327836,128.562117162471,0.269313275420778,1.06810076027967,1.21902060832646,179.026315789474,0.38788413484843,0.605263157894737,0.868421052631579,38
"CFA_Pyrenew-Pyrenew_H_Flu","05",0.745402144809851,0.972253434035377,44.6880758152174,0.428569373113786,0.891290268983271,1.17381609083304,70.4125,0.664035412564761,0.4,0.825,40
"CFA_Pyrenew-Pyrenew_H_Flu","06",0.747604027688601,0.719465804772842,191.424186684783,0.187793969400419,0.837832779704529,1.07972791218101,277.025,0.292571717106389,0.475,0.925,40
"CFA_Pyrenew-Pyrenew_H_Flu","08",0.905663327525215,0.702720586904442,42.5967440217391,0.190322514979973,1.00564427433606,0.879231366427282,64.7875,0.286209112327621,0.575,0.975,40
"CFA_Pyrenew-Pyrenew_H_Flu","09",1.00122630424301,0.866720644922424,42.3417326086957,0.300275424143445,1.04219090769711,0.928139326000836,63.3125,0.441279600246,0.65,0.9,40
"CFA_Pyrenew-Pyrenew_H_Flu","10",0.952627315555032,0.86037704563919,22.0481653804348,0.326055685334341,1.07973270827535,0.884384408517261,32.25,0.490384204202852,0.65,0.9,40
"CFA_Pyrenew-Pyrenew_H_Flu","11",0.752342472169443,0.799135724657234,22.7520366304348,0.414555630922831,0.936211773088602,1.02748136835143,35.55,0.675071879512487,0.475,0.95,40
"CFA_Pyrenew-Pyrenew_H_Flu","12",0.793225033762402,0.88551329550578,184.533439565217,0.188883542744554,0.956208506873026,1.23824818597222,277.6375,0.289163195288389,0.475,0.875,40
"CFA_Pyrenew-Pyrenew_H_Flu","13",0.924640379591836,0.846362731086166,98.2185044082126,0.284681948282674,1.13158524798015,1.31374619076627,159.180555555556,0.478534703756458,0.416666666666667,0.972222222222222,36
"CFA_Pyrenew-Pyrenew_H_Flu","15",0.896196979935515,0.95770471575407,7.37579385869565,0.172543591270368,0.92604598229166,1.01617777634608,10.95,0.269366043697171,0.65,1,40
"CFA_Pyrenew-Pyrenew_H_Flu","16",1.00811933341472,1.14677008198475,19.6928767391304,0.412609122566647,1.10403706793619,1.42213195812871,30.55,0.648555830586993,0.35,0.875,40
"CFA_Pyrenew-Pyrenew_H_Flu","17",0.643425367952128,0.682797721029259,96.3188481521739,0.195241748624965,0.746740194502869,0.89887733470625,144.725,0.300713323299553,0.6,0.9,40
"CFA_Pyrenew-Pyrenew_H_Flu","18",0.589587402387982,0.51266551513788,103.595841684783,0.19410325949321,0.732447633261143,0.692048824401707,159.8625,0.300349115265672,0.625,0.95,40
"CFA_Pyrenew-Pyrenew_H_Flu","19",0.557061826044903,0.575967433901004,28.4892825,0.235945986205014,0.690923126712289,0.699202650609296,44.0125,0.399340916064567,0.525,1,40
"CFA_Pyrenew-Pyrenew_H_Flu","20",0.777396013855582,0.766887989407981,39.342760326087,0.303002672843753,0.824144887100614,0.842732602122563,53,0.443287340212004,0.675,0.9,40
"CFA_Pyrenew-Pyrenew_H_Flu","21",0.657128999144202,0.732362450145498,72.2399692791762,0.289249925917214,0.779914086418408,0.970406589488762,111.578947368421,0.473500457076966,0.447368421052632,0.973684210526316,38
"CFA_Pyrenew-Pyrenew_H_Flu","22",1.01680067657954,0.896994614117267,46.948135923913,0.224213997607476,1.15428583955829,1.16756827293831,72.025,0.345952821867004,0.45,0.925,40
"CFA_Pyrenew-Pyrenew_H_Flu","23",0.8410705440365,0.667532847503116,21.9025310326087,0.214203951308908,0.962006351929407,0.665283575121824,34.725,0.323774995515911,0.625,0.975,40
"CFA_Pyrenew-Pyrenew_H_Flu","24",0.62389389116144,0.705875532023846,60.4536001086957,0.27475812911484,0.805430624606064,0.829515733260352,100.0875,0.424390641925293,0.425,0.95,40
"CFA_Pyrenew-Pyrenew_H_Flu","25",0.504678326487985,0.609552988171195,76.4251640217391,0.215371745011106,0.669242944061912,0.886515199530323,128.525,0.35395253984248,0.425,0.975,40
"CFA_Pyrenew-Pyrenew_H_Flu","26",0.629182991867706,0.606575474201928,118.249108641304,0.214742582370327,0.730247475737659,0.781043853802999,184.375,0.339010842320419,0.55,0.95,40
"CFA_Pyrenew-Pyrenew_H_Flu","27",0.961394459230397,0.741684777530897,77.8409463586956,0.255850812607295,1.12315209720452,0.928984956470279,118.6625,0.409872874702379,0.425,0.875,40
"CFA_Pyrenew-Pyrenew_H_Flu","28",1.01286032726852,0.939823043972347,42.6648346195652,0.32600747337601,1.22773610896326,1.24557919402003,69.35,0.524285214834321,0.375,0.9,40
"CFA_Pyrenew-Pyrenew_H_Flu","30",0.78920095879788,0.950940529120222,17.0405597826087,0.410362351864495,0.857419776768795,0.885076636376033,24.8875,0.611167659384916,0.425,0.825,40
"CFA_Pyrenew-Pyrenew_H_Flu","31",0.711114330649034,0.67706337824711,18.5356442934783,0.24396543779837,0.815759251405335,0.748217623704327,27.7875,0.368899215227296,0.55,1,40
"CFA_Pyrenew-Pyrenew_H_Flu","32",1.11348781070242,0.90653580532328,22.0793041304348,0.22905950649473,1.16640651022715,1.14419251303618,32.575,0.361990844410329,0.475,0.95,40
"CFA_Pyrenew-Pyrenew_H_Flu","33",0.863427737481706,0.657798149933253,39.449472826087,0.339454333978473,1.11247487992139,0.771209639934341,61.9868421052632,0.519681832578331,0.578947368421053,0.947368421052632,38
"CFA_Pyrenew-Pyrenew_H_Flu","34",0.821453093119578,0.626017612903005,125.632571521739,0.247741543983361,0.931939184662788,0.747479654420827,192.5875,0.37678091270603,0.475,0.9,40
"CFA_Pyrenew-Pyrenew_H_Flu","35",1.0193170962512,1.09301462317934,25.6316321195652,0.327191391966812,1.09173089057318,1.23250596138699,39.0625,0.484606061679428,0.4,0.825,40
"CFA_Pyrenew-Pyrenew_H_Flu","36",0.648330397930234,0.493988993102312,128.278286358696,0.1343129524868,0.720001654739563,0.624287894252568,195.175,0.206319954340568,0.625,1,40
"CFA_Pyrenew-Pyrenew_H_Flu","37",0.573396980631867,0.563457722301296,113.845352119565,0.207485746101816,0.717299144910346,0.762320002432986,182.5125,0.327388758042988,0.525,1,40
"CFA_Pyrenew-Pyrenew_H_Flu","38",0.97577339009645,0.780256102483914,9.71323278032037,0.228463357404642,1.07371327256214,0.798410533369848,15.5263157894737,0.360097623709098,0.763157894736842,1,38
"CFA_Pyrenew-Pyrenew_H_Flu","39",0.693608160172275,0.682401518422947,209.251810526316,0.316741966092408,0.898113882120804,0.810104853981931,336.868421052632,0.451275553490505,0.552631578947368,0.894736842105263,38
"CFA_Pyrenew-Pyrenew_H_Flu","40",0.716510211057308,0.832223702003285,57.953473423913,0.387645538430319,0.926455673322929,1.23087384830909,93.6625,0.642722963049284,0.375,0.975,40
"CFA_Pyrenew-Pyrenew_H_Flu","41",1.06464588799899,0.985763437346822,54.4354897826087,0.293414403578556,1.2585698544597,1.43617413129638,83.65,0.48187500565664,0.4,0.925,40
"CFA_Pyrenew-Pyrenew_H_Flu","42",0.598488567271709,0.619377633911032,226.484204456522,0.171950996653454,0.781155563702738,0.856272579346947,374.0625,0.276100827238243,0.55,0.975,40
"CFA_Pyrenew-Pyrenew_H_Flu","44",0.69533054834091,0.749038708100016,11.3053835326087,0.246930930668343,0.877230768825962,0.922632463693748,18.2375,0.415420079793667,0.55,1,40
"CFA_Pyrenew-Pyrenew_H_Flu","45",0.683524284400093,0.639109551436812,84.7416156521739,0.259565408734877,0.853408587510336,0.814913990501314,132.525,0.402557270814434,0.5,0.9,40
"CFA_Pyrenew-Pyrenew_H_Flu","46",0.638909310534336,0.789316560670851,11.8270557065217,0.352064184722154,0.783760065930795,0.963428053949042,18.625,0.587853396930263,0.425,0.975,40
"CFA_Pyrenew-Pyrenew_H_Flu","47",1.03111992818896,0.8233838799331,88.7197552173913,0.242866228481751,1.11118634936653,1.0633881822019,127.925,0.360986170532355,0.575,0.9,40
"CFA_Pyrenew-Pyrenew_H_Flu","48",0.807439425944745,0.754040064200291,302.419598913044,0.248874613222102,1.0369059923769,1.22203175245721,467.934210526316,0.388336416877749,0.447368421052632,0.868421052631579,38
"CFA_Pyrenew-Pyrenew_H_Flu","49",1.00493404265471,0.763334392067713,21.0594840217391,0.168931262521554,1.10962132329978,0.893053059485877,31.1375,0.251083638734554,0.775,0.95,40
"CFA_Pyrenew-Pyrenew_H_Flu","50",0.707582220346579,0.736833981887272,8.3362585326087,0.276480999289386,0.879347400119344,0.835682870063144,13.7125,0.47522674007009,0.5,0.975,40
"CFA_Pyrenew-Pyrenew_H_Flu","51",0.774915070539726,0.701676134391085,85.6564211413043,0.252518175886173,0.870462006706002,0.940637440077233,126.25,0.392005224340913,0.425,0.9,40
"CFA_Pyrenew-Pyrenew_H_Flu","53",0.766319285898297,0.65259349650193,43.4949317391304,0.198120246388501,0.866838690142821,0.803334126283574,68.3125,0.304850696254522,0.5,1,40
"CFA_Pyrenew-Pyrenew_H_Flu","54",0.580659589506316,0.551685817587078,41.169022826087,0.235740792823316,0.721049102031405,0.600527924583663,65.125,0.36413974313869,0.55,0.9,40
"CFA_Pyrenew-Pyrenew_H_Flu","55",0.464846369220906,0.479922017934119,46.2909835812357,0.181999635788508,0.555034118973665,0.592716103814802,69.8026315789474,0.294974331023684,0.526315789473684,0.973684210526316,38
"CMU-TimeSeries","01",0.671347134899838,0.661308365344815,66.9927579669253,0.302804368573548,0.782867493196329,0.818400143093129,101.340108776894,0.46713441206324,0.567307692307692,0.942307692307692,104
"CMU-TimeSeries","02",0.921718491318953,1.09595210849392,8.26727797399919,0.42283223462039,0.999813861552822,1.23696422219143,13.35195870476,0.676895540844915,0.394230769230769,0.875,104
"CMU-TimeSeries","04",0.617011601930944,0.624633160901142,217.086172645491,0.29847592479147,0.708562675063686,0.851988072010791,283.141575380266,0.416511144007741,0.557692307692308,0.884615384615385,104
"CMU-TimeSeries","05",0.787914673483992,0.71597675417125,50.470221136095,0.393792246813622,0.836758304754968,0.858156590491606,70.8429965970461,0.621438536950686,0.490384615384615,0.923076923076923,104
"CMU-TimeSeries","06",0.762159130345211,0.769837889628494,414.281797543956,0.326788110576089,0.904161271487944,1.1599879841841,612.452899280361,0.514589209762573,0.567307692307692,0.913461538461538,104
"CMU-TimeSeries","08",0.673441492270583,0.63997125001077,60.7618150395571,0.291399666324028,0.725118834461974,0.729736936903173,85.4941629427057,0.408063048080217,0.682692307692308,0.951923076923077,104
"CMU-TimeSeries","09",0.582174323141264,0.588223518083652,38.0616387869005,0.326191544419799,0.616923152906242,0.618781238217797,54.4051465819694,0.466810713718803,0.653846153846154,0.990384615384615,104
"CMU-TimeSeries","10",0.953559685234409,1.01900427461733,26.9536688911068,0.497021443284786,1.05167211568633,1.02546813813787,36.8944746353779,0.727014285798804,0.326923076923077,0.730769230769231,104
"CMU-TimeSeries","11",0.669768677470305,0.730789847739702,22.030825726032,0.479195343998541,0.782907072151381,0.913007947665532,31.2911655488841,0.758423234409988,0.326923076923077,0.875,104
"CMU-TimeSeries","12",0.805109557128873,0.79354137443131,330.514481949538,0.276985449165091,0.913920339483134,1.06207134988937,454.357553128012,0.407540540365164,0.442307692307692,0.817307692307692,104
"CMU-TimeSeries","13",0.662781751970645,0.591724683208271,115.368083329226,0.309465693071084,0.817685245758499,0.827873913911495,178.980405967103,0.486420375287919,0.605769230769231,0.942307692307692,104
"CMU-TimeSeries","15",0.975626727374199,1.11278470571075,13.1050354358631,0.318485359111905,1.05864333864171,1.12707685553452,19.4725959084247,0.469330334740686,0.394230769230769,0.913461538461538,104
"CMU-TimeSeries","16",0.752364145596146,0.926072673456115,27.3301219316541,0.428031530604658,0.931272337488157,1.27311880178515,44.9605485695102,0.735149120278324,0.413461538461538,0.961538461538462,104
"CMU-TimeSeries","17",0.715046650050951,0.675592800959575,206.027204384963,0.349635232201702,0.771618222799215,0.81521502983575,275.85277286875,0.504176307710979,0.625,0.826923076923077,104
"CMU-TimeSeries","18",0.597011010147548,0.491890885106579,143.661652132985,0.309833189160707,0.656256372040566,0.576667848267168,195.834679789305,0.437940120350364,0.673076923076923,0.894230769230769,104
"CMU-TimeSeries","19",0.587610065437401,0.547014394115139,41.0605810726485,0.355310293087067,0.635528557794814,0.584302471403969,55.975755942774,0.519586916539494,0.605769230769231,0.942307692307692,104
"CMU-TimeSeries","20",0.63950401257786,0.623738969363968,43.4646543440094,0.356081720989649,0.708201547371261,0.69532228562231,62.5799625021745,0.546359953246535,0.557692307692308,0.913461538461538,104
"CMU-TimeSeries","21",0.706735156114284,0.673639605203385,104.280272243492,0.402087183997705,0.72980414312524,0.789169116715936,140.480469581916,0.600307902072995,0.557692307692308,0.903846153846154,104
"CMU-TimeSeries","22",0.79633641402731,0.786401543204635,62.5299097051704,0.284718580016655,0.956126519299263,1.0396889213788,98.4215009226503,0.442580745040513,0.442307692307692,0.980769230769231,104
"CMU-TimeSeries","23",0.637794478425338,0.595467561520673,21.7475871766453,0.358060150763851,0.697013912424127,0.592130475791939,31.4972998542367,0.537518381651468,0.576923076923077,0.913461538461538,104
"CMU-TimeSeries","24",0.628240946567566,0.664497404629352,83.5320484763409,0.389808473617218,0.709202318412021,0.735570481521962,116.847006252498,0.571014096060346,0.586538461538462,0.894230769230769,104
"CMU-TimeSeries","25",0.659203626789987,0.653247723264865,132.04784894548,0.346282113258265,0.823971611480205,0.88554732843112,198.528483469575,0.527667158075474,0.586538461538462,0.923076923076923,104
"CMU-TimeSeries","26",0.742777780157815,0.665567923070389,162.662098480839,0.328117571963833,0.852443561709026,0.825639996938451,246.678328524283,0.505278404753153,0.528846153846154,0.903846153846154,104
"CMU-TimeSeries","27",0.538424217255746,0.592220609621815,86.0367763541672,0.340602037987297,0.601464794878289,0.674367343686029,115.114317958454,0.489738837447821,0.701923076923077,0.903846153846154,104
"CMU-TimeSeries","28",0.749365722514311,0.63850286033793,43.1705598404795,0.311190066794043,0.860342209013274,0.831457572653695,64.0152226737267,0.492266199582497,0.471153846153846,0.932692307692308,104
"CMU-TimeSeries","29",0.877490632628272,0.961831796192916,145.787183386538,0.506804935110048,1.04148182131278,1.3914317789188,212.69013460419,0.839970984042235,0.336538461538462,0.846153846153846,104
"CMU-TimeSeries","30",0.698301541873985,0.78457996098925,18.1801324035853,0.450600608461782,0.772836533284957,0.720858615663681,27.3041809904404,0.665137479662676,0.480769230769231,0.846153846153846,104
"CMU-TimeSeries","31",0.617004897611041,0.580032499427945,26.6319273102791,0.342614653315031,0.717008741837049,0.674061507982741,39.0316754064471,0.533909394215132,0.615384615384615,0.884615384615385,104
"CMU-TimeSeries","32",0.706153609243,0.789126009411235,26.2032339454264,0.282191838545204,0.801071785899257,0.943953478480826,40.2361778842293,0.418685540909944,0.673076923076923,0.980769230769231,104
"CMU-TimeSeries","33",0.657063966604799,0.669020768521442,27.1044729301462,0.401360004316919,0.792950309102841,0.782243656728934,40.0256958399098,0.613071215663278,0.471153846153846,0.865384615384615,104
"CMU-TimeSeries","34",0.587272551395153,0.478700410134301,151.540043537404,0.296227838852329,0.638276326597354,0.527852359425839,209.804847650214,0.420868019611989,0.701923076923077,0.894230769230769,104
"CMU-TimeSeries","35",0.779228344981068,0.840960057940063,27.859084146267,0.321489620487568,0.917740309135294,0.99990941950736,47.1730458530605,0.512837837584403,0.5,1,104
"CMU-TimeSeries","36",0.660405251659775,0.547672109574184,254.112045564496,0.273999561982173,0.730688962546538,0.586350354023114,377.607399771264,0.376893901886052,0.769230769230769,0.951923076923077,104
"CMU-TimeSeries","37",0.609096562760594,0.549307595934331,174.572208682487,0.342796164325782,0.679537773674667,0.66494371836926,240.477362629249,0.491455937004111,0.634615384615385,0.932692307692308,104
"CMU-TimeSeries","38",0.607400796723445,0.636242302952563,8.12325886315745,0.302927135084692,0.668159405389092,0.654163672283229,12.26907194091,0.474546062518598,0.634615384615385,0.971153846153846,104
"CMU-TimeSeries","39",0.612943819568718,0.528686437950512,302.36742010954,0.393629370509988,0.691638726261203,0.599676423355938,418.048622165205,0.567080754696236,0.615384615384615,0.836538461538462,104
"CMU-TimeSeries","40",0.727869712399245,0.598978632919162,79.6263468405733,0.372936362551868,0.81041606316619,0.827089982770318,109.198831998477,0.586267874971741,0.576923076923077,0.923076923076923,104
"CMU-TimeSeries","41",0.717134342566431,0.864803637182891,61.5593608362085,0.394873930709135,0.927922413805831,1.30036604721523,100.919629061764,0.679506566203681,0.548076923076923,0.990384615384615,104
"CMU-TimeSeries","42",0.73045148551435,0.750853240044139,443.915172079521,0.391715192492978,0.824091314113974,0.98496956359513,585.320390864652,0.589957334478702,0.384615384615385,0.778846153846154,104
"CMU-TimeSeries","44",0.754812831126494,0.77185408223835,17.8695973045825,0.395162057235188,0.850335135844373,0.877615769118192,25.0172084527862,0.617293821695685,0.480769230769231,0.826923076923077,104
"CMU-TimeSeries","45",0.567746859030729,0.485306467902665,92.8387793642469,0.311660774029588,0.665658808452503,0.576457310026472,134.146059927972,0.452543102789552,0.596153846153846,0.932692307692308,104
"CMU-TimeSeries","46",0.605063494066979,0.635362395632549,13.1481067679295,0.373646523062761,0.686695451994425,0.72164929762789,18.796442135393,0.594940059344984,0.490384615384615,0.932692307692308,104
"CMU-TimeSeries","47",0.755859805581859,0.671998540441928,105.765980263575,0.324197117927625,0.853789595278423,0.875917358591064,152.728434894047,0.494049144385524,0.471153846153846,0.894230769230769,104
"CMU-TimeSeries","48",0.580465132530727,0.548506580224931,304.289413125829,0.261343986139246,0.721356680475156,0.799235566947683,453.375541317608,0.380316564642756,0.644230769230769,0.961538461538462,104
"CMU-TimeSeries","49",0.719720180466635,0.847250788204886,34.3535838924205,0.362147998286733,0.815061384537033,0.966029400378248,47.5639849915388,0.530421446594481,0.576923076923077,0.894230769230769,104
"CMU-TimeSeries","50",0.760570750254304,0.742377956995673,10.6326784902046,0.391386252541113,0.803874361036775,0.751333369535649,14.6410651139747,0.608538498686905,0.423076923076923,0.903846153846154,104
"CMU-TimeSeries","51",0.666133880429819,0.528456138139241,97.9319447957476,0.284057790566205,0.697605606197916,0.657675408223502,132.421919322456,0.412314373122174,0.557692307692308,0.884615384615385,104
"CMU-TimeSeries","53",0.633365256687201,0.610217594819918,59.550587152771,0.296242272822905,0.75451010822389,0.74964600179872,95.6286653998614,0.46751376909529,0.663461538461538,1,104
"CMU-TimeSeries","54",0.571576307259716,0.536311755350959,49.5167238331221,0.35745217343194,0.610024073819569,0.541555605566849,65.6469170192824,0.514588458527818,0.625,0.894230769230769,104
"CMU-TimeSeries","55",0.568875718594198,0.521489956104069,87.3567842401543,0.330638935579552,0.654630726151181,0.572903747186151,125.355229017677,0.485766508010846,0.625,0.903846153846154,104
"CMU-TimeSeries","56",0.787345433724467,0.720430224426017,12.0904240985036,0.366537809576136,0.815392496628453,0.788259729458157,16.8938618609994,0.559557236540995,0.5,0.923076923076923,104
"CMU-climate_baseline","01",1.17113021770941,1.39942977438358,107.545130597774,0.617846308704,1.48825996471752,1.83108466401867,176.073081846075,1.00592093413947,0.41,0.89,100
"CMU-climate_baseline","02",1.16089102507441,1.30015968143706,10.5699558643835,0.5167125523639,1.29924634899682,1.53704531333061,17.8210046457718,0.866951309470515,0.48,0.99,100
"CMU-climate_baseline","04",0.948281601763584,1.19219689341826,326.864930923455,0.578676570074599,1.19152194322176,1.84846621096269,463.833124298295,0.927458259764264,0.29,0.85,100
"CMU-climate_baseline","05",1.25187578011557,0.942077973574718,66.3804177182389,0.496605174744201,1.34947663243331,0.975399673806601,99.3544966379452,0.687341373362067,0.66,0.9,100
"CMU-climate_baseline","06",1.26177542408306,1.7442494527598,590.087707470924,0.679928313963676,1.66348993660106,2.89233127980775,964.773602557926,1.15341664464524,0.37,0.92,100
"CMU-climate_baseline","08",1.07531358111277,1.188220692171,91.452923502875,0.529459854974236,1.35618672713593,1.5274518054631,148.340236360412,0.823025969419785,0.54,0.96,100
"CMU-climate_baseline","09",1.00135408791921,0.944418246322728,60.0979184073067,0.517853120384503,1.12247418171282,0.956816001486451,93.7674270724379,0.732373824792519,0.67,0.92,100
"CMU-climate_baseline","10",1.40063101595405,1.65449212838557,34.9788601942287,0.773882191635245,1.57504730784803,1.76327325460715,50.2260941412422,1.20324805075795,0.36,0.8,100
"CMU-climate_baseline","11",1.02434585585742,1.12034677154764,28.429451078396,0.709631190416715,1.15186837620651,1.34599284283424,41.6052532873714,1.10335750251758,0.44,0.9,100
"CMU-climate_baseline","12",1.43827233821451,1.88723922414084,517.902582478008,0.618812442343634,1.88339463359394,2.92152333347496,820.799793839591,1.04393322865168,0.18,0.82,100
"CMU-climate_baseline","13",0.948410991571248,0.942455895942531,147.419686595479,0.475780459984542,1.25018183665741,1.24805146873964,246.221444589627,0.716861409637475,0.7,0.93,100
"CMU-climate_baseline","15",1.4674723469734,2.0249356976387,18.4186627096518,0.55484612747329,1.89011392550863,2.48078691819573,32.1183328366556,0.974510398581549,0.45,0.93,100
"CMU-climate_baseline","16",0.892536794606373,1.04306979932012,32.0317794164133,0.490801831983942,1.08531700707807,1.14262027845016,53.2171419669239,0.680287690361778,0.58,0.96,100
"CMU-climate_baseline","17",1.33082263288527,1.45390551820111,338.321669654301,0.711526178472192,1.67690523916884,2.00421955050879,524.836091525433,1.15740739466432,0.43,0.82,100
"CMU-climate_baseline","18",1.05476705187666,1.00126560118408,228.786838183765,0.601714956272705,1.21723294194912,1.18043913630184,330.923679633713,0.849452867438495,0.54,0.83,100
"CMU-climate_baseline","19",1.04677930459254,0.942682742029543,65.1952574548985,0.604892561811152,1.1759481308598,0.923805184697305,96.4726829018955,0.825775528335763,0.56,0.92,100
"CMU-climate_baseline","20",1.03835760094309,1.02867145757142,65.9160706701796,0.583055127079189,1.2023067327902,1.0507955174703,101.02461849094,0.81650870102931,0.56,0.87,100
"CMU-climate_baseline","21",1.23149044747489,1.19828706400935,170.487035819716,0.705325640744582,1.42578164125808,1.45520269389587,255.729596212122,1.08149983398908,0.41,0.84,100
"CMU-climate_baseline","22",1.44747268825576,1.89475232920214,107.722799796171,0.66985654070554,1.9187072940946,2.96973525934245,185.610931700747,1.22649521190685,0.17,0.91,100
"CMU-climate_baseline","23",1.19936300629477,1.28254505447619,37.7731504492014,0.745001389114562,1.36590419540337,1.37433402195138,57.467735606681,1.20264896659359,0.28,0.89,100
"CMU-climate_baseline","24",1.02118801792181,1.12535873643706,122.086578980048,0.638615658099727,1.28495855301139,1.37623205927341,191.210765672077,1.03235335738395,0.52,0.9,100
"CMU-climate_baseline","25",1.21802025875424,1.18775757290071,213.32658497415,0.600873480326467,1.41852757642213,1.42289927469724,308.262075115966,0.816864500674899,0.64,0.85,100
"CMU-climate_baseline","26",1.29127166595933,1.38726204566843,254.339904155437,0.640528961044908,1.54481370013041,1.81791891106191,402.769702669694,1.03287981463116,0.42,0.86,100
"CMU-climate_baseline","27",0.924652492869792,1.05099331260442,137.829838836426,0.597770010157781,1.04329321895885,1.01761185369658,191.589085861514,0.74503830657431,0.66,0.89,100
"CMU-climate_baseline","28",1.06386542961704,0.973200777366466,54.1759268816276,0.459209431091463,1.29407722163108,1.26395575933093,87.5443628792761,0.728143280648651,0.55,0.94,100
"CMU-climate_baseline","29",1.24086354959744,1.30319754252435,196.819080087985,0.678661359339541,1.51979047291176,1.84719013158144,297.402677149866,1.10179620148408,0.41,0.83,100
"CMU-climate_baseline","30",1.21251909066802,1.28674468365093,29.9606373372902,0.746522871662555,1.43079682860853,1.34395496010147,48.2527804019746,1.25364533569543,0.44,0.89,100
"CMU-climate_baseline","31",1.10059133515765,1.00915147903779,42.5772423972524,0.582323633931723,1.28756483562669,1.07919831211998,64.9785457037923,0.837349762238147,0.58,0.9,100
"CMU-climate_baseline","32",0.995349642291556,1.34970335945162,35.997685302229,0.480242005215395,1.21842584594485,1.66706676147335,58.8162196809672,0.727113020416405,0.7,0.96,100
"CMU-climate_baseline","33",0.808966682607639,0.995956501809043,30.6404994876913,0.57987244795673,0.973991715073452,1.14630108385722,46.5005100803354,0.872273482011445,0.57,0.9,100
"CMU-climate_baseline","34",1.10146624417397,1.0148170920966,251.427654318659,0.59817231475046,1.31631470396279,1.22324815685679,380.27694919474,0.913910571737622,0.55,0.84,100
"CMU-climate_baseline","35",1.28103000613477,1.45642292867164,44.6181455384281,0.558872114695665,1.51248113764286,1.63276171021927,75.5967478677178,0.834800090966493,0.47,0.96,100
"CMU-climate_baseline","36",1.2954666893784,1.22706920653289,439.962908686642,0.582269234231529,1.59221849469786,1.55081280660954,695.06618547103,0.919193697165045,0.48,0.85,100
"CMU-climate_baseline","37",1.1319295101926,1.19611714551143,265.962052213137,0.694318069183237,1.4154285393751,1.60095636893116,416.546296264944,1.10471709822583,0.44,0.89,100
"CMU-climate_baseline","38",1.04158089244454,1.02740489544939,11.8932783961246,0.469650662447127,1.07819283934516,0.986098898243313,17.6624117214128,0.696740271168931,0.71,0.94,100
"CMU-climate_baseline","39",1.10482112208085,1.03002382307995,497.890374724007,0.720107400259904,1.28294091546323,1.19943912436962,710.298501820211,1.05263517193239,0.57,0.78,100
"CMU-climate_baseline","40",1.13821878803197,0.813530906458686,97.2642584052495,0.478775716323792,1.21454836738829,0.916248117290729,139.908401898475,0.637883944509633,0.77,0.93,100
"CMU-climate_baseline","41",1.01908030052998,1.30852336974513,82.9484918146114,0.586481065006287,1.37934272513392,1.75789754816864,145.123218747152,0.906689479359408,0.56,0.98,100
"CMU-climate_baseline","42",1.47913738998194,1.91437022989531,776.552564050825,0.929872352721033,1.81904636032889,2.83613524350746,1137.62711202036,1.58749373877964,0.1,0.75,100
"CMU-climate_baseline","44",1.29708501968735,1.34565469351314,25.8037481257007,0.644608392560574,1.54545868489735,1.53894201144005,39.578033092812,1.00584846714879,0.47,0.87,100
"CMU-climate_baseline","45",0.91999482265853,0.879492644155777,126.64053642164,0.546513461915832,1.10364175631773,1.09644262737782,192.957166545388,0.842838949652054,0.47,0.91,100
"CMU-climate_baseline","46",1.01930284867699,0.906432193009289,19.2914303015985,0.522000854909318,1.05626538093796,0.933470183559065,26.7113205066854,0.766132373089386,0.63,0.91,100
"CMU-climate_baseline","47",1.11320109672641,1.24176282187552,146.601591597113,0.578985544077327,1.42851979208881,1.81794684281537,239.398916887901,0.977134482829712,0.35,0.89,100
"CMU-climate_baseline","48",0.919493125638746,1.26246146135923,406.60834351698,0.561734620143954,1.2148857203294,1.84468607449431,652.665429854947,0.820276794359999,0.47,0.95,100
"CMU-climate_baseline","49",1.02190371082442,1.37210486800656,45.5989195218968,0.569184807414506,1.36277917895086,1.72788596384508,75.1087478407579,0.918591192914203,0.54,0.91,100
"CMU-climate_baseline","50",1.28371872908243,1.30684712563221,15.2694442929066,0.65438793103738,1.38176663754521,1.34757355014215,22.155218206609,1.03785218271909,0.45,0.91,100
"CMU-climate_baseline","51",1.09795738701087,0.903977042392726,143.587778545774,0.472621069373831,1.32398900586493,1.17637516947294,231.475743311852,0.72653330163098,0.52,0.94,100
"CMU-climate_baseline","53",0.966630001898679,0.934015564256114,86.6368686127526,0.447101249257264,1.25966634891651,1.19557442391517,152.630228191264,0.725714890730569,0.63,1,100
"CMU-climate_baseline","54",1.1307387950762,1.14375523158207,93.4584256172413,0.755658627130799,1.27358062341853,1.22092154629992,133.126186406427,1.15940386156376,0.45,0.83,100
"CMU-climate_baseline","55",1.10490275607069,1.02134670000991,142.3440638723,0.614743511108478,1.26461790994677,1.02120655967787,210.459616368987,0.833059178435169,0.64,0.88,100
"CMU-climate_baseline","56",1.31460208652995,1.25312304689746,18.1512808431512,0.618938236080171,1.47668200176661,1.4305679066795,28.0910733053166,0.987330866207746,0.44,0.84,100
"CU-ensemble","01",0.671496413892617,0.668598654586686,70.2125347826087,0.30714243641289,0.734234915898776,0.751372871685325,98.74,0.430770688039226,0.59,0.86,100
"CU-ensemble","02",0.857573924645485,0.922345000362879,8.17058695652174,0.368300760916459,0.942500549133147,1.04820545446085,13.2,0.589419553590132,0.47,0.94,100
"CU-ensemble","04",0.659925686196026,0.674654999770321,235.77367826087,0.322810426230694,0.713296484171583,0.830199788779346,296.02,0.417820100392655,0.59,0.83,100
"CU-ensemble","05",0.707599226631305,0.650313731156801,47.2364130434783,0.368019595273467,0.772212905020532,0.702398860312871,68.59,0.5285399268779,0.59,0.88,100
"CU-ensemble","06",0.875575541358577,0.656005780573987,518.766460869565,0.293817417401004,0.921380456344808,0.827454775570593,688.58,0.392747141492347,0.51,0.74,100
"CU-ensemble","08",0.724305011863057,0.626976099489267,70.0176391304348,0.29712442553398,0.7450555981431,0.701997765983267,92.65,0.409239597056091,0.54,0.85,100
"CU-ensemble","09",0.576707378469918,0.585642573663071,39.911947826087,0.3355863693485,0.652799308705435,0.642282405409534,60.5,0.501483542820109,0.53,0.88,100
"CU-ensemble","10",0.74369588018911,0.789972295565642,21.5419260869565,0.378148127294041,0.883531340606307,0.819582902764534,31.84,0.566073878804933,0.6,0.88,100
"CU-ensemble","11",0.723962427117465,0.791033247301289,24.1564086956522,0.531129231540965,0.814743684877146,0.93185404296263,33.39,0.8000447427265,0.43,0.84,100
"CU-ensemble","12",0.888630225997497,0.888242903599496,372.838456521739,0.306446868985355,1.02321609317843,1.24965504701375,514.04,0.469528695604117,0.2,0.75,100
"CU-ensemble","13",0.671043202880703,0.621613054783835,122.573226086957,0.327852262038533,0.778733391884367,0.746640412336966,177.56,0.445007279382513,0.54,0.89,100
"CU-ensemble","15",0.925275606659596,0.99544966969654,12.8552304347826,0.292339200443664,0.930668649370114,0.916502084069274,17.71,0.392188887439344,0.6,0.89,100
"CU-ensemble","16",0.740168365538454,0.734029222988855,28.8035695652174,0.349372005165162,0.824607701209,0.86855757155466,42.12,0.512695043525178,0.51,0.88,100
"CU-ensemble","17",0.679573691702871,0.594776926221038,208.558830434783,0.318031413870325,0.749154192274046,0.659862834263596,286.1,0.423821361347265,0.55,0.84,100
"CU-ensemble","18",0.611037708713933,0.545816112413255,147.59552173913,0.339835743655115,0.680496860932179,0.613361138704503,205.26,0.465434487327113,0.56,0.83,100
"CU-ensemble","19",0.638870147866189,0.606103044896603,46.3197652173913,0.396370962224966,0.749680622832167,0.683846780866015,68.36,0.612537804229352,0.46,0.87,100
"CU-ensemble","20",0.657789979868539,0.615055742677713,46.3430130434783,0.349852486721547,0.722696606091769,0.703172424281231,64.86,0.540993951036074,0.46,0.82,100
"CU-ensemble","21",0.702281625083254,0.678215171430613,108.25007826087,0.407135202375667,0.713000453804292,0.770796839990179,142.31,0.586001559154379,0.57,0.84,100
"CU-ensemble","22",0.851105013100538,0.796047664388283,70.4886043478261,0.296227044254382,0.966627227802886,1.0444660687165,103.77,0.455202406156137,0.34,0.79,100
"CU-ensemble","23",0.724623358497009,0.757401272600213,25.1902217391304,0.461474041175475,0.782596464160628,0.767244528868804,36.16,0.707767629329156,0.35,0.82,100
"CU-ensemble","24",0.613018640560481,0.582741746699131,85.7649391304348,0.348830305325831,0.729847995295461,0.624664302952643,129.51,0.503014331442028,0.55,0.9,100
"CU-ensemble","25",0.827871834546061,0.658519090819401,177.141404347826,0.356141124503275,0.911106471336261,0.801954382674206,237.42,0.495333299399574,0.4,0.64,100
"CU-ensemble","26",0.823116017651334,0.617601238861232,187.918708695652,0.311467485326922,0.854584287955362,0.692378738254039,260.5,0.440838726666769,0.39,0.76,100
"CU-ensemble","27",0.513142839593409,0.586972560563287,84.0073434782609,0.334271523952632,0.576978609742604,0.582423705342532,114.1,0.421036717672196,0.63,0.91,100
"CU-ensemble","28",0.690512683112525,0.599954108119691,41.3747565217391,0.293742056335881,0.771331959106412,0.709630094600204,59.56,0.421093223107524,0.52,0.87,100
"CU-ensemble","29",0.764511439930958,0.659603490343712,133.668943478261,0.354237076295989,0.879709553083961,0.834043242182231,190.84,0.512812021297393,0.55,0.83,100
"CU-ensemble","30",0.664467060758369,0.697341354276005,18.1093043478261,0.402372062750649,0.734770793464159,0.671288310005141,27.3,0.62548333051127,0.54,0.9,100
"CU-ensemble","31",0.724458091330088,0.697611801237746,32.499947826087,0.418519009614631,0.827181455792644,0.758919665673108,46.24,0.606568024796826,0.45,0.8,100
"CU-ensemble","32",0.678145259076806,0.703097216558373,25.9179608695652,0.247756889642678,0.713994115793579,0.718830144103936,37.26,0.314515203071703,0.67,0.94,100
"CU-ensemble","33",0.651587472280968,0.655440134110794,27.3749869565217,0.400061787748178,0.765469210846796,0.712606788197379,39.63,0.567970791510682,0.41,0.71,100
"CU-ensemble","34",0.621438057693593,0.535109007457744,164.882756521739,0.33695548454224,0.688214989339327,0.579066209666572,235.86,0.477704678016094,0.54,0.85,100
"CU-ensemble","35",0.959370627911484,0.84514088768987,36.1115043478261,0.327897627201055,0.970791804773707,0.938069118119498,52.11,0.489067846417765,0.38,0.75,100
"CU-ensemble","36",0.699388264430515,0.536898161037013,282.886913043478,0.270870099304077,0.728466483802672,0.555854383013363,387.7,0.359421275786357,0.53,0.84,100
"CU-ensemble","37",0.578506359790016,0.535834086967784,171.427913043478,0.341494832849305,0.640093938340691,0.588943908297943,237.12,0.457799685786644,0.55,0.86,100
"CU-ensemble","38",0.644319939246507,0.658244243987498,8.94087391304348,0.316857028137745,0.687450359510809,0.610993634859972,13.28,0.451626925238555,0.64,0.93,100
"CU-ensemble","39",0.844197484135148,0.726729872696965,433.8448,0.553170988056871,0.891993607992848,0.770132997439555,547.49,0.732541055573562,0.29,0.59,100
"CU-ensemble","40",0.651923341991196,0.582028833070554,71.1707086956522,0.357913728060756,0.745673884197518,0.712874453125671,103.78,0.498633695936626,0.69,0.93,100
"CU-ensemble","41",0.769152733692323,0.715070923649249,70.7601347826087,0.341139767458843,0.831918875857858,0.815061452666072,97.34,0.448682309810882,0.56,0.8,100
"CU-ensemble","42",0.665479143639385,0.659637808419667,425.296082608696,0.353360732188576,0.777342785365437,0.811173495635059,583.81,0.49778806957993,0.46,0.79,100
"CU-ensemble","44",0.642766252421421,0.666313335939786,15.788047826087,0.34503368502238,0.769026015654576,0.763750496693343,23.39,0.534450450163568,0.5,0.85,100
"CU-ensemble","45",0.579562987524648,0.563299188349459,98.434647826087,0.367793743120981,0.669172578142108,0.67989855590542,136.11,0.53783151681047,0.39,0.81,100
"CU-ensemble","46",0.648240938014997,0.623178551531704,14.7297391304348,0.372428301992953,0.740019862036357,0.671197723971932,21.48,0.570576093278867,0.52,0.9,100
"CU-ensemble","47",0.721733959826342,0.664344729970517,108.2887,0.331484487638053,0.759714375443508,0.8055663329844,144.37,0.464645279655218,0.52,0.83,100
"CU-ensemble","48",0.593239767487364,0.501203922452682,325.286591304348,0.238799934387227,0.701628361786485,0.638577791393787,467.82,0.306658940731863,0.65,0.89,100
"CU-ensemble","49",0.613657171409144,0.650459668132501,31.1446826086957,0.290010326702351,0.642837574462828,0.617010939278743,40.45,0.358992268598265,0.71,0.83,100
"CU-ensemble","50",0.670081889373995,0.646770250309766,9.51288260869565,0.346701401893613,0.741806884719008,0.665870042079166,13.92,0.550749769206936,0.48,0.9,100
"CU-ensemble","51",0.561354643464382,0.482671921729929,84.6489695652174,0.260471213196731,0.641469951844282,0.609222779119817,125.07,0.385938881428224,0.55,0.88,100
"CU-ensemble","53",0.761559821292565,0.671942056530664,77.8691652173913,0.341309526131672,0.802226931401133,0.741464246544573,108.87,0.477394742407559,0.52,0.81,100
"CU-ensemble","54",0.597535037229013,0.602576632343312,51.8339913043478,0.396693324427138,0.688793355014616,0.655623283307047,74.93,0.619756109241734,0.47,0.87,100
"CU-ensemble","55",0.6280396070908,0.649872827252702,97.2281434782609,0.413415462240638,0.747178416991893,0.743996872605029,143.26,0.637042772985482,0.42,0.89,100
"CU-ensemble","56",0.771712629535726,0.709250089037947,12.3599217391304,0.364112367937744,0.810952728491195,0.773083232731812,17.25,0.542925837191613,0.51,0.84,100
"FluSight-baseline","01",1,1,97.6705852842809,0.466462071093992,1,1,126.201923076923,0.582657488057566,0.307692307692308,0.769230769230769,104
"FluSight-baseline","02",1,1,9.30611204013378,0.401804386976178,1,1,13.7403846153846,0.569549124590199,0.326923076923077,0.903846153846154,104
"FluSight-baseline","04",1,1,325.529866220736,0.472198420498875,1,1,384.951923076923,0.506655609116388,0.336538461538462,0.740384615384615,104
"FluSight-baseline","05",1,1,63.4381772575251,0.570198047131873,1,1,84.8557692307692,0.759558069606145,0.336538461538462,0.817307692307692,104
"FluSight-baseline","06",1,1,554.627951505017,0.437045845779317,1,1,706.326923076923,0.469684347943388,0.355769230769231,0.682692307692308,104
"FluSight-baseline","08",1,1,89.5865468227425,0.47415883764981,1,1,116.326923076923,0.586666277364545,0.288461538461538,0.826923076923077,104
"FluSight-baseline","09",1,1,65.0498829431438,0.573606599616522,1,1,88.0576923076923,0.795575497186094,0.298076923076923,0.711538461538462,104
"FluSight-baseline","10",1,1,27.7531730769231,0.4936219344354,1,1,34.7980769230769,0.719466686677673,0.375,0.75,104
"FluSight-baseline","11",1,1,32.7405894648829,0.666916673229279,1,1,40.5192307692308,0.851097426247942,0.298076923076923,0.673076923076923,104
"FluSight-baseline","12",1,1,418.136676421405,0.359316055855177,1,1,513.721153846154,0.405866975736335,0.278846153846154,0.615384615384615,104
"FluSight-baseline","13",1,1,169.464372909699,0.530146830909106,1,1,214.076923076923,0.6085613617667,0.384615384615385,0.730769230769231,104
"FluSight-baseline","15",1,1,13.7889255852843,0.303912966769153,1,1,18.5480769230769,0.435319640029001,0.269230769230769,0.769230769230769,104
"FluSight-baseline","16",1,1,37.5133152173913,0.486158747995618,1,1,50.0480769230769,0.608955293963264,0.365384615384615,0.865384615384615,104
"FluSight-baseline","17",1,1,286.295622909699,0.538042741461099,1,1,356.701923076923,0.649941277396988,0.298076923076923,0.625,104
"FluSight-baseline","18",1,1,228.693724916388,0.63834366459899,1,1,284.673076923077,0.777857078787513,0.307692307692308,0.605769230769231,104
"FluSight-baseline","19",1,1,67.4201923076923,0.667262487931175,1,1,86.4615384615385,0.929570985369104,0.307692307692308,0.625,104
"FluSight-baseline","20",1,1,66.3195150501672,0.587270368189534,1,1,85.2596153846154,0.799701507380264,0.326923076923077,0.644230769230769,104
"FluSight-baseline","21",1,1,143.844586120401,0.616690639347585,1,1,189.375,0.793248215353553,0.298076923076923,0.759615384615385,104
"FluSight-baseline","22",1,1,79.0847115384615,0.375787472060212,1,1,104.826923076923,0.450259355717289,0.307692307692308,0.759615384615385,104
"FluSight-baseline","23",1,1,32.6625292642141,0.602388569149095,1,1,43.6538461538462,0.919534098878201,0.269230769230769,0.721153846153846,104
"FluSight-baseline","24",1,1,135.583461538462,0.61092098980698,1,1,166.711538461538,0.808766110306671,0.221153846153846,0.596153846153846,104
"FluSight-baseline","25",1,1,199.530275919732,0.55105650742608,1,1,246.865384615385,0.640752992245186,0.307692307692308,0.644230769230769,104
"FluSight-baseline","26",1,1,214.365965719064,0.510882913388993,1,1,285.817307692308,0.642353032324638,0.298076923076923,0.663461538461538,104
"FluSight-baseline","27",1,1,151.433988294314,0.576581551282935,1,1,181.317307692308,0.726870876251027,0.307692307692308,0.625,104
"FluSight-baseline","28",1,1,57.1347658862876,0.499355362188241,1,1,74.6057692307692,0.614947359513285,0.365384615384615,0.778846153846154,104
"FluSight-baseline","29",1,1,169.734502508361,0.547297093649344,1,1,211.798076923077,0.634959729783841,0.336538461538462,0.711538461538462,104
"FluSight-baseline","30",1,1,25.4405392976589,0.592687629233966,1,1,34.5961538461538,0.954401900900132,0.307692307692308,0.711538461538462,104
"FluSight-baseline","31",1,1,42.3819816053512,0.608679629858512,1,1,53.0384615384615,0.817152446484654,0.346153846153846,0.673076923076923,104
"FluSight-baseline","32",1,1,37.6397449832776,0.37022092932362,1,1,51.0865384615385,0.463285278712614,0.403846153846154,0.836538461538462,104
"FluSight-baseline","33",1,1,40.3367725752508,0.612735063408837,1,1,49.6442307692308,0.800831489055996,0.259615384615385,0.615384615384615,104
"FluSight-baseline","34",1,1,251.331442307692,0.637121602340348,1,1,321.028846153846,0.843426616319241,0.230769230769231,0.653846153846154,104
"FluSight-baseline","35",1,1,36.380593645485,0.398972088525402,1,1,51.7307692307692,0.534130437617834,0.365384615384615,0.836538461538462,104
"FluSight-baseline","36",1,1,376.820342809365,0.512961855141096,1,1,489.346153846154,0.654359647081593,0.230769230769231,0.682692307692308,104
"FluSight-baseline","37",1,1,276.02977006689,0.637581246485366,1,1,343.605769230769,0.77124542215307,0.278846153846154,0.682692307692308,104
"FluSight-baseline","38",1,1,13.346237458194,0.485377452381111,1,1,18.4615384615385,0.750363648623235,0.471153846153846,0.778846153846154,104
"FluSight-baseline","39",1,1,474.632169732441,0.741497279523248,1,1,571.163461538462,0.927020141599002,0.211538461538462,0.548076923076923,104
"FluSight-baseline","40",1,1,106.596011705686,0.638690792601909,1,1,138.115384615385,0.749643103002066,0.403846153846154,0.817307692307692,104
"FluSight-baseline","41",1,1,87.8935033444816,0.481492650575817,1,1,113.884615384615,0.56658279731369,0.365384615384615,0.711538461538462,104
"FluSight-baseline","42",1,1,621.872742474916,0.54790246886785,1,1,736.605769230769,0.637386606201036,0.259615384615385,0.538461538461538,104
"FluSight-baseline","44",1,1,23.6973871237458,0.528759746769329,1,1,29.7307692307692,0.727842083720599,0.288461538461538,0.673076923076923,104
"FluSight-baseline","45",1,1,157.948444816054,0.651482737719766,1,1,194.673076923077,0.809751331524974,0.288461538461538,0.682692307692308,104
"FluSight-baseline","46",1,1,21.9435409698997,0.602138875811649,1,1,28.125,0.862314654643172,0.461538461538462,0.730769230769231,104
"FluSight-baseline","47",1,1,137.871563545151,0.493383794738041,1,1,180.307692307692,0.587862099928416,0.307692307692308,0.778846153846154,104
"FluSight-baseline","48",1,1,532.431889632107,0.49044090721865,1,1,654.951923076923,0.511871553438706,0.375,0.682692307692308,104
"FluSight-baseline","49",1,1,46.9630058528428,0.442440775709683,1,1,57.2596153846154,0.566034771106189,0.288461538461538,0.75,104
"FluSight-baseline","50",1,1,13.7065133779264,0.535421663786611,1,1,18.2115384615385,0.837641379548279,0.25,0.740384615384615,104
"FluSight-baseline","51",1,1,141.929377090301,0.548824239917241,1,1,187.067307692308,0.655896119182827,0.269230769230769,0.721153846153846,104
"FluSight-baseline","53",1,1,95.3884030100334,0.50485986320587,1,1,127.903846153846,0.645156619549254,0.240384615384615,0.788461538461538,104
"FluSight-baseline","54",1,1,83.1342934782609,0.677997453185395,1,1,105.394230769231,0.976571004775686,0.278846153846154,0.615384615384615,104
"FluSight-baseline","55",1,1,148.581091137124,0.647361055298974,1,1,182.663461538462,0.863444741296162,0.298076923076923,0.625,104
"FluSight-baseline","56",1,1,15.0623704013378,0.518942272621965,1,1,20.6442307692308,0.727523235900695,0.375,0.855769230769231,104
"FluSight-ensemble","01",0.682649459352544,0.636312412749156,69.794385451505,0.299678054925603,0.756528198554697,0.746976908965026,98.25,0.433775939900623,0.548076923076923,0.855769230769231,104
"FluSight-ensemble","02",0.887810037361366,0.918970468521892,8.16801003344482,0.363720948175182,0.900819751577308,0.953092110862871,12.2115384615385,0.53230621666626,0.403846153846154,0.836538461538462,104
"FluSight-ensemble","04",0.637113229434447,0.619886795665501,222.166831103679,0.298430145153751,0.745128570847119,0.83338598505912,296.730769230769,0.416843821358116,0.557692307692308,0.875,104
"FluSight-ensemble","05",0.710745904112576,0.635916549022887,46.0138879598662,0.357880382908409,0.744543526254346,0.724395253258708,63.5384615384615,0.538536699196438,0.490384615384615,0.855769230769231,104
"FluSight-ensemble","06",0.701768612370167,0.571590314176022,395.735071070234,0.249689826507849,0.810421134488218,0.783626664778121,568.730769230769,0.356265829430481,0.548076923076923,0.826923076923077,104
"FluSight-ensemble","08",0.689649904915517,0.594929059806321,64.5529556856187,0.283027829404354,0.714387732981297,0.680659431282815,85.875,0.395790807227917,0.548076923076923,0.826923076923077,104
"FluSight-ensemble","09",0.600308600244257,0.580789855895055,40.208118729097,0.331537507965561,0.673172976682337,0.645638355626146,60.4038461538462,0.502475591365554,0.538461538461538,0.875,104
"FluSight-ensemble","10",0.882434981675779,0.838171538976131,25.0993143812709,0.409273067790168,0.933118000255086,0.846895738721147,32.6923076923077,0.597858393574872,0.538461538461538,0.798076923076923,104
"FluSight-ensemble","11",0.729866935252963,0.754666671117367,24.1507525083612,0.500006560871981,0.807990599641524,0.838843469365767,32.5288461538462,0.706804266977163,0.413461538461538,0.730769230769231,104
"FluSight-ensemble","12",0.722605562186156,0.667202567695911,303.292575250836,0.23823509310392,0.842350170816455,0.895867335318883,425.884615384615,0.349665370811582,0.413461538461538,0.798076923076923,104
"FluSight-ensemble","13",0.676149895152196,0.592215765751458,120.313595317726,0.317937157094102,0.794448709815083,0.745384381682963,175.019230769231,0.447684844848759,0.548076923076923,0.836538461538462,104
"FluSight-ensemble","15",0.904337609304701,0.929981189249419,12.4635911371237,0.276708852581995,0.914751624660426,0.917525192434799,17.1346153846154,0.394547079523676,0.480769230769231,0.836538461538462,104
"FluSight-ensemble","16",0.739945814139151,0.746494555206813,28.1347449832776,0.357152960303952,0.826178119971415,0.911317904843446,40.8557692307692,0.539408437169688,0.432692307692308,0.846153846153846,104
"FluSight-ensemble","17",0.662088665550835,0.584900908342488,197.222086120401,0.314740609513041,0.712380630122476,0.660837677927129,262.865384615385,0.424962080993368,0.596153846153846,0.807692307692308,104
"FluSight-ensemble","18",0.619303308019662,0.535856459817695,148.759214046823,0.343971187475758,0.690488896729301,0.584373099848361,206.163461538462,0.459578484147045,0.528846153846154,0.798076923076923,104
"FluSight-ensemble","19",0.597227070095351,0.587991627015486,42.1739464882943,0.393177771018637,0.671037883682167,0.635814782417605,59.0673076923077,0.5799288366262,0.528846153846154,0.826923076923077,104
"FluSight-ensemble","20",0.688062965045116,0.64618054298386,47.2716513377926,0.376328491675474,0.739497463632476,0.715927023510849,64.1923076923077,0.563897682114639,0.471153846153846,0.788461538461538,104
"FluSight-ensemble","21",0.725164042945431,0.661007448173434,109.049862040134,0.406933767712816,0.723231586837344,0.749987614887334,139.740384615385,0.583882571901453,0.480769230769231,0.807692307692308,104
"FluSight-ensemble","22",0.799589562945321,0.710028473481974,64.1361872909699,0.263902448229887,0.906084569291143,0.903723083590194,94.1346153846154,0.393406163387827,0.442307692307692,0.855769230769231,104
"FluSight-ensemble","23",0.652312205675131,0.672089347536025,22.1579765886288,0.408673191205028,0.702392231011958,0.676150735889336,31.4230769230769,0.611874932405461,0.557692307692308,0.826923076923077,104
"FluSight-ensemble","24",0.641441336228185,0.637539948460228,87.1228010033445,0.382192879174473,0.704318492332187,0.681097911101661,118.269230769231,0.540691089641225,0.451923076923077,0.730769230769231,104
"FluSight-ensemble","25",0.660965173401146,0.571581611096261,136.201057692308,0.310967930013774,0.757245900197459,0.720212754913481,191,0.447985516148669,0.480769230769231,0.778846153846154,104
"FluSight-ensemble","26",0.692344316400013,0.565045136290901,152.069343645485,0.284653107459409,0.752162671293064,0.642372371776369,219.711538461538,0.406066476629887,0.471153846153846,0.788461538461538,104
"FluSight-ensemble","27",0.544906427791167,0.584274028182837,88.3835117056856,0.343250289915361,0.611918161646862,0.61664508218862,116.913461538462,0.452973863620416,0.644230769230769,0.865384615384615,104
"FluSight-ensemble","28",0.706883069879715,0.603382948744837,41.3370568561873,0.300609043291698,0.787683873979889,0.744696556725466,58.9230769230769,0.448702966262347,0.490384615384615,0.855769230769231,104
"FluSight-ensemble","29",0.839439138612721,0.748234374916829,142.688256688963,0.40101430631253,0.910386878235958,0.970123637124961,188.586538461538,0.59207638766319,0.432692307692308,0.778846153846154,104
"FluSight-ensemble","30",0.721396695321356,0.746176216360657,19.0269941471572,0.439239045604322,0.756167532876615,0.694997942636006,26.7211538461538,0.65367650360038,0.528846153846154,0.807692307692308,104
"FluSight-ensemble","31",0.681981211379913,0.649934666451881,29.9742433110368,0.394447216163685,0.775671700998828,0.715642107537843,41.9230769230769,0.573799239365405,0.557692307692308,0.798076923076923,104
"FluSight-ensemble","32",0.718323264914692,0.681484103450016,27.6009782608696,0.250577817260872,0.746634940779803,0.738850153342604,38.5096153846154,0.337136768722948,0.596153846153846,0.875,104
"FluSight-ensemble","33",0.656012870453046,0.652653113135647,26.9083737458194,0.395282481443949,0.756569285530644,0.720388373178525,37.7596153846154,0.565443804307476,0.509615384615385,0.740384615384615,104
"FluSight-ensemble","34",0.606290703821017,0.524176384197913,156.756571906355,0.332990888595932,0.67173872766436,0.553184522983146,222.307692307692,0.457091733344325,0.528846153846154,0.817307692307692,104
"FluSight-ensemble","35",0.843930232988112,0.788669210266133,30.8338712374582,0.308160115455872,0.886945669327378,0.884298919673951,46.2115384615385,0.46298218220729,0.442307692307692,0.826923076923077,104
"FluSight-ensemble","36",0.648591302461146,0.496957068031485,256.876178929766,0.257648805413907,0.64325741284755,0.463654539482702,341.278846153846,0.313639455730667,0.682692307692308,0.846153846153846,104
"FluSight-ensemble","37",0.615833321752989,0.556789889590778,178.79154264214,0.35924491382448,0.691663308064531,0.633021613893792,245.067307692308,0.487143137511208,0.576923076923077,0.759615384615385,104
"FluSight-ensemble","38",0.654211922386437,0.6782580801819,8.93452759197324,0.330592624748124,0.673498199788985,0.616050203964274,12.625,0.456930567596195,0.653846153846154,0.875,104
"FluSight-ensemble","39",0.632647167089205,0.56629729946983,312.26737458194,0.428462991543522,0.735166386465971,0.609652372775291,438.875,0.57860984766939,0.451923076923077,0.75,104
"FluSight-ensemble","40",0.681602210091453,0.570683087397261,75.1551755852843,0.360713462470327,0.738357248663096,0.694281540804551,100.740384615385,0.503065300696403,0.615384615384615,0.826923076923077,104
"FluSight-ensemble","41",0.775847765681881,0.733219801053629,69.9110744147157,0.350848605434518,0.830521586656472,0.866987502072765,93.7980769230769,0.471793579110634,0.548076923076923,0.788461538461538,104
"FluSight-ensemble","42",0.674893758622514,0.664931206958037,422.926893812709,0.358995955335363,0.769246877477109,0.802197453452017,567.307692307692,0.494659904947747,0.432692307692308,0.730769230769231,104
"FluSight-ensemble","44",0.729292945791058,0.722482229773049,17.556877090301,0.380448694002337,0.794041013291463,0.761628840906661,23.5865384615385,0.544629553050539,0.538461538461538,0.740384615384615,104
"FluSight-ensemble","45",0.597935764068359,0.540229908685858,98.2790091973244,0.356695169519447,0.690570602472024,0.632342299313876,136.951923076923,0.508014667480427,0.528846153846154,0.778846153846154,104
"FluSight-ensemble","46",0.66424807296875,0.681875740748678,14.6411036789298,0.406541200084816,0.753941696205005,0.72909424100172,20.9807692307692,0.613300775230309,0.442307692307692,0.826923076923077,104
"FluSight-ensemble","47",0.700681046472566,0.602590398488824,101.440133779264,0.302017448102088,0.755093550035914,0.749122954457466,137.875,0.431324548847049,0.567307692307692,0.817307692307692,104
"FluSight-ensemble","48",0.631493633592865,0.533177655273121,340.304836956522,0.260536017284014,0.73971344017441,0.743354418226914,477.259615384615,0.363946440182034,0.576923076923077,0.826923076923077,104
"FluSight-ensemble","49",0.66274493109041,0.662903589832413,32.969983277592,0.298080367029763,0.694790974051865,0.670285219236623,41.8557692307692,0.385520985781622,0.692307692307692,0.826923076923077,104
"FluSight-ensemble","50",0.695534221218228,0.681205917568266,9.65890886287625,0.361930766874335,0.763893992101424,0.705410768997248,13.9423076923077,0.577843848666031,0.480769230769231,0.836538461538462,104
"FluSight-ensemble","51",0.617563746144023,0.513513169824558,90.5654891304348,0.280046951275131,0.674997359929062,0.640215335469918,127.384615384615,0.408961428847749,0.538461538461538,0.846153846153846,104
"FluSight-ensemble","53",0.682595976902791,0.60526179475422,67.0054222408027,0.306472549208086,0.739494687794554,0.681841918026171,96.4711538461538,0.437759356417375,0.5,0.855769230769231,104
"FluSight-ensemble","54",0.62268259904393,0.611229505599275,53.0167098662207,0.409800922486313,0.693363029431826,0.669703724746463,73.0961538461538,0.642743198783451,0.461538461538462,0.817307692307692,104
"FluSight-ensemble","55",0.568938224594666,0.553154328541998,87.491902173913,0.355740172096248,0.662822769435532,0.621171616595757,125.288461538462,0.531189144842475,0.442307692307692,0.807692307692308,104
"FluSight-ensemble","56",0.793364535779894,0.738210367303632,12.2638503344482,0.379599046661527,0.834464011004033,0.776610489220177,17.3076923076923,0.55777110036406,0.596153846153846,0.884615384615385,104
"FluSight-lop_norm","01",0.65669913824878,0.655832034445076,66.2576546822743,0.306746092119466,0.746896366406202,0.729625539981553,97.8269230769231,0.426891043604447,0.634615384615385,0.942307692307692,104
"FluSight-lop_norm","02",0.83392959878182,0.891552905014022,7.64952759197324,0.352353077268132,0.889299046766461,0.946651564611314,12.0576923076923,0.529126819629308,0.442307692307692,0.980769230769231,104
"FluSight-lop_norm","04",0.610174545224259,0.653608631756713,206.301509197324,0.309466074475747,0.748561358145419,0.823795246433414,300.009615384615,0.414839587082645,0.644230769230769,0.971153846153846,104
"FluSight-lop_norm","05",0.662931939232077,0.628137268636647,42.573775083612,0.353484055799941,0.734126439657062,0.715418102265752,62.7211538461538,0.532548207749096,0.519230769230769,0.971153846153846,104
"FluSight-lop_norm","06",0.658812755792776,0.601572750359028,364.322842809365,0.259882782050771,0.809608788656409,0.783239830111544,568.653846153846,0.35650499342039,0.596153846153846,0.980769230769231,104
"FluSight-lop_norm","08",0.676430889672906,0.613722879400679,62.3036413043478,0.288609088100568,0.723388754554524,0.67414391049066,87.1057692307692,0.392573459759356,0.682692307692308,0.923076923076923,104
"FluSight-lop_norm","09",0.568636911131054,0.57012426809022,37.4750668896321,0.32273782956917,0.648884698210093,0.609571399872189,58.25,0.473363700581768,0.673076923076923,0.971153846153846,104
"FluSight-lop_norm","10",0.824183303258684,0.830917605577851,23.1880142140468,0.404833732104965,0.94814843992805,0.864421916913791,33.1442307692308,0.609651212452431,0.586538461538462,0.875,104
"FluSight-lop_norm","11",0.66711836209521,0.710939324884739,21.9212040133779,0.471442823956481,0.796494794443537,0.81706599731199,32.0769230769231,0.688787323914341,0.490384615384615,0.913461538461538,104
"FluSight-lop_norm","12",0.669759981261636,0.682141105984254,276.30974916388,0.241460400760403,0.838024391109835,0.883556323543873,425.096153846154,0.346447991522717,0.538461538461538,0.980769230769231,104
"FluSight-lop_norm","13",0.650070824306735,0.617623666841813,113.690773411371,0.328366503631225,0.779380982201629,0.726929691329677,173.086538461538,0.441609226401806,0.615384615384615,0.913461538461538,104
"FluSight-lop_norm","15",0.838929682887958,0.924261550235085,11.3589464882943,0.271383026829153,0.909389069292416,0.917153677194793,17.0384615384615,0.394316533772893,0.548076923076923,0.980769230769231,104
"FluSight-lop_norm","16",0.70262066835155,0.728029226314016,26.4614966555184,0.347071476427586,0.813041651950082,0.850119843652155,40.4807692307692,0.506078635765658,0.538461538461538,0.961538461538462,104
"FluSight-lop_norm","17",0.633999717185561,0.601327836242612,185.367495819398,0.319618442800766,0.710740502287739,0.64744569337507,262.923076923077,0.418179122888158,0.692307692307692,0.923076923076923,104
"FluSight-lop_norm","18",0.589711163468003,0.545988087382743,139.416425585284,0.347798771111056,0.668404585080628,0.565897939223848,200.519230769231,0.449239476205954,0.644230769230769,0.894230769230769,104
"FluSight-lop_norm","19",0.552663256944338,0.579665189897079,38.3009155518395,0.384667053537728,0.656383232146515,0.638511395758226,57.7980769230769,0.585687564415876,0.576923076923077,0.942307692307692,104
"FluSight-lop_norm","20",0.650844611129979,0.636602342608402,44.0865175585284,0.368742784250337,0.741321906677847,0.717613047933963,64.2980769230769,0.565892089900126,0.615384615384615,0.903846153846154,104
"FluSight-lop_norm","21",0.690180017551089,0.651839542978584,102.713135451505,0.400096899306388,0.70320691926864,0.701173842989478,136.182692307692,0.549619500207321,0.586538461538462,0.884615384615385,104
"FluSight-lop_norm","22",0.755085836466574,0.727747254809954,59.9100794314381,0.268390533596588,0.8963930649706,0.906509035313223,93.4807692307692,0.394674897974886,0.538461538461538,1,104
"FluSight-lop_norm","23",0.608645479513019,0.653517957256149,20.378118729097,0.393906763127566,0.68171253485083,0.680119044329707,30.375,0.614140205876613,0.634615384615385,0.951923076923077,104
"FluSight-lop_norm","24",0.59024745385892,0.621428274156116,79.505012541806,0.371824154770206,0.701546973555941,0.678429210530306,118.096153846154,0.540251503036577,0.509615384615385,0.923076923076923,104
"FluSight-lop_norm","25",0.609661240055112,0.574573867471345,123.421680602007,0.310410671801763,0.742716973041003,0.676174755685588,188.548076923077,0.423487020225225,0.576923076923077,0.942307692307692,104
"FluSight-lop_norm","26",0.6520841559245,0.580041609253501,142.164197324415,0.290945789409741,0.761188008911753,0.657604246411763,222.586538461538,0.416041741515217,0.548076923076923,0.971153846153846,104
"FluSight-lop_norm","27",0.534171805733601,0.598059852227227,84.4802299331104,0.346648330956759,0.589275104342861,0.590060541535975,113.548076923077,0.436872052997946,0.730769230769231,0.932692307692308,104
"FluSight-lop_norm","28",0.660061555720731,0.606942957159558,38.1519732441472,0.300192862771419,0.77313418077068,0.721461081968776,58.0865384615385,0.437147275353867,0.567307692307692,0.961538461538462,104
"FluSight-lop_norm","29",0.792894334960738,0.760171790155195,134.302098662207,0.407375156656212,0.914499701592471,0.951862072754534,190.009615384615,0.582656474404586,0.519230769230769,0.855769230769231,104
"FluSight-lop_norm","30",0.685780008209142,0.71732675364486,17.9270610367893,0.420392829954757,0.732996517221623,0.673449226769317,26.0192307692308,0.633155259401042,0.567307692307692,0.923076923076923,104
"FluSight-lop_norm","31",0.651412368641023,0.641439688061337,28.1926546822742,0.386854967937211,0.762232084395348,0.709634918218526,41.2788461538462,0.570030029966255,0.615384615384615,0.875,104
"FluSight-lop_norm","32",0.691390470056489,0.699945127843184,26.2787876254181,0.256345078684838,0.754523379014734,0.744829599144099,39.0480769230769,0.34086900927599,0.663461538461538,0.951923076923077,104
"FluSight-lop_norm","33",0.598444332089981,0.61647395029575,24.3601128762542,0.371273426545962,0.748046663434983,0.702909894367922,37.4038461538462,0.552807729372301,0.519230769230769,0.913461538461538,104
"FluSight-lop_norm","34",0.570259995393466,0.531087933459803,145.680677257525,0.334915673547223,0.666528421813082,0.550353917246268,220.663461538462,0.455814273404802,0.634615384615385,0.942307692307692,104
"FluSight-lop_norm","35",0.815730537403397,0.795804264276497,29.5195108695652,0.309817725671637,0.902817716620642,0.876375771315695,47.1346153846154,0.459808958411527,0.480769230769231,0.980769230769231,104
"FluSight-lop_norm","36",0.623832798468738,0.533883405587656,241.344899665552,0.272600919513607,0.651498250214806,0.482491545508792,344.086538461538,0.325417404626181,0.701923076923077,0.951923076923077,104
"FluSight-lop_norm","37",0.588376815900657,0.564918654381584,167.289824414716,0.359606720380549,0.683286930461203,0.613409995509904,243.211538461538,0.474811284796912,0.634615384615385,0.942307692307692,104
"FluSight-lop_norm","38",0.636183328097624,0.678928813404718,8.56872909698997,0.328211460193093,0.685860133608807,0.626870617392451,12.8461538461538,0.464585771442272,0.721153846153846,0.980769230769231,104
"FluSight-lop_norm","39",0.58740527198152,0.559144613310833,285.077111204013,0.414625310349798,0.710714684272532,0.612478052198608,425.644230769231,0.580848843253596,0.519230769230769,0.894230769230769,104
"FluSight-lop_norm","40",0.655094070697846,0.589557648302074,71.1165928093645,0.371995091251218,0.734154520218182,0.669018037484004,100.673076923077,0.488794331900299,0.701923076923077,0.932692307692308,104
"FluSight-lop_norm","41",0.724253913512338,0.730329303517406,64.2888545150502,0.346109357426201,0.817705402864042,0.833622356076957,92.9326923076923,0.45674096677138,0.653846153846154,0.903846153846154,104
"FluSight-lop_norm","42",0.628202391438379,0.662696077907088,388.081387959866,0.353669744006646,0.755119791266675,0.806109189748102,554.471153846154,0.49658026092295,0.519230769230769,0.884615384615385,104
"FluSight-lop_norm","44",0.674482478793317,0.700268857006976,15.9766555183946,0.365000143372046,0.801227825202005,0.749155388042704,23.7884615384615,0.535372126228942,0.596153846153846,0.903846153846154,104
"FluSight-lop_norm","45",0.561580673739754,0.552275121491028,90.6835869565217,0.360568236658192,0.682024228996252,0.63236618477473,135.240384615385,0.50913813983974,0.567307692307692,0.903846153846154,104
"FluSight-lop_norm","46",0.629221828472401,0.663887916789374,13.6880769230769,0.393627681838951,0.759781300759647,0.708911420333746,21.0961538461538,0.591719547635456,0.548076923076923,0.942307692307692,104
"FluSight-lop_norm","47",0.669034112832125,0.6060324946358,95.4348076923077,0.299444174340555,0.73492815378569,0.716919762418168,135.480769230769,0.416534332899599,0.644230769230769,0.923076923076923,104
"FluSight-lop_norm","48",0.591405539116218,0.558381454528126,314.74735367893,0.271081821534876,0.721101826166377,0.722767223012792,466.586538461538,0.355562086579024,0.605769230769231,0.951923076923077,104
"FluSight-lop_norm","49",0.642596322538328,0.681504664128263,31.2701086956522,0.302292061528735,0.688571075303729,0.649023526376416,41.8365384615385,0.376226851774324,0.721153846153846,0.875,104
"FluSight-lop_norm","50",0.655297814497573,0.672754096318747,8.99915551839465,0.355984590804891,0.764165984081615,0.694458666015991,13.9615384615385,0.567899977311558,0.567307692307692,0.980769230769231,104
"FluSight-lop_norm","51",0.591474047911777,0.52827790491083,85.6466053511706,0.28605866258781,0.682740197490532,0.640947686847864,129.115384615385,0.412056851420334,0.586538461538462,0.942307692307692,104
"FluSight-lop_norm","53",0.650699740674074,0.611228128156827,62.9498327759197,0.305921112209523,0.718081093909222,0.666925006133042,93.5961538461538,0.428308821598734,0.567307692307692,0.951923076923077,104
"FluSight-lop_norm","54",0.594863310218299,0.609600813501034,50.1697658862876,0.407391441754083,0.66951157195807,0.667096881551461,70.375,0.640030309627399,0.557692307692308,0.932692307692308,104
"FluSight-lop_norm","55",0.528017236903795,0.552021438444115,79.883766722408,0.352825913550467,0.643776459748805,0.606125457783119,121.826923076923,0.519974992568723,0.576923076923077,0.923076923076923,104
"FluSight-lop_norm","56",0.790600141553415,0.73548839038365,12.0640008361204,0.376498502613102,0.826543698619439,0.742398689721141,17.1730769230769,0.533552389513861,0.682692307692308,0.923076923076923,104
"FluSight-trained_mean","01",0.838047536620055,0.643214822590435,56.7077676355994,0.243947769130088,0.962084996285614,0.810261834066862,89.9440363816684,0.387250660813358,0.678571428571429,0.952380952380952,84
"FluSight-trained_mean","02",0.814435009286523,0.84318971495745,6.80042779246116,0.311890877090623,0.878882010995492,0.978008110681583,10.8844122240993,0.510914534159542,0.535714285714286,0.976190476190476,84
"FluSight-trained_mean","04",1.11037576041352,0.687378488224412,209.493124620029,0.276706538878173,1.2829630972009,0.944293071392974,302.637524129437,0.398028882158866,0.773809523809524,0.94047619047619,84
"FluSight-trained_mean","05",0.627098372567002,0.636260229014599,41.55704288045,0.324920752909039,0.694253738090584,0.753087224461814,60.4219048786051,0.503255040725191,0.642857142857143,0.869047619047619,84
"FluSight-trained_mean","06",0.717110172615164,0.564947003800845,270.820917981521,0.207811440291942,0.848588322942819,0.845574747802309,415.567432370742,0.32221129111394,0.55952380952381,0.964285714285714,84
"FluSight-trained_mean","08",0.773250456225754,0.593265978379278,48.9376924594812,0.219443866972962,0.876196847653515,0.717549870923885,76.9695283354078,0.32997768593035,0.607142857142857,0.952380952380952,84
"FluSight-trained_mean","09",0.583774583027672,0.558745506970955,33.2804077298302,0.245261925380465,0.645601590564924,0.651069011479213,51.655267843827,0.396891134664948,0.619047619047619,0.988095238095238,84
"FluSight-trained_mean","10",0.902661886261629,0.871867007467911,22.0243504428838,0.373214701348877,1.01448727233431,0.882543662872197,31.8843473279958,0.566067979323004,0.464285714285714,0.797619047619048,84
"FluSight-trained_mean","11",0.740776498656603,0.690326602363734,26.1385796769454,0.416011997007001,0.892869966867068,0.839783686822401,38.7920647039712,0.646961897748524,0.523809523809524,0.857142857142857,84
"FluSight-trained_mean","12",0.637117326208871,0.614797205834476,203.842802343511,0.183544518217796,0.703485130038174,0.834748546382489,282.725035938962,0.278527618841439,0.595238095238095,0.952380952380952,84
"FluSight-trained_mean","13",0.6852222190997,0.571523715527525,87.2345966598625,0.235030535498416,0.842757133790589,0.797745649407051,140.186062228617,0.368056012724314,0.630952380952381,0.976190476190476,84
"FluSight-trained_mean","15",1.09277927119122,0.975928185493817,11.3573579510953,0.228110317985556,1.2989163193035,1.11217566168651,19.0726043389251,0.380118973673443,0.547619047619048,1,84
"FluSight-trained_mean","16",1.18205244038903,0.905908740343473,28.9057969200632,0.374866971193814,1.33192909571732,1.20780620097329,45.2674149485627,0.635338482894578,0.44047619047619,0.952380952380952,84
"FluSight-trained_mean","17",0.630849114685706,0.552773248665291,138.084659240523,0.219339745918306,0.708340889255692,0.666419228954314,203.666336851054,0.319975000022188,0.607142857142857,0.952380952380952,84
"FluSight-trained_mean","18",0.630964340440048,0.520560500904821,146.875414392705,0.278767305295669,0.731714272158163,0.605860669427486,215.51803651848,0.393003182027298,0.619047619047619,0.916666666666667,84
"FluSight-trained_mean","19",0.535664696997613,0.523179211825225,35.1240017015355,0.279089118761371,0.610263007388258,0.555202974218494,51.6359615260783,0.415173086987472,0.571428571428571,0.952380952380952,84
"FluSight-trained_mean","20",0.745624475621426,0.645855729339783,45.7378432581663,0.325476590586023,0.836163641041823,0.718638328987526,66.0409594796263,0.49978403164871,0.476190476190476,0.892857142857143,84
"FluSight-trained_mean","21",0.780051245553272,0.678542538867592,101.981652782966,0.332591477510963,0.816877383154094,0.786622025417612,142.091786368456,0.502216544857463,0.547619047619048,0.904761904761905,84
"FluSight-trained_mean","22",0.9446986676921,0.691230196498091,55.6118623616691,0.225375458606934,1.13649968029887,0.952668141379802,89.6573156942155,0.365585228295746,0.535714285714286,0.94047619047619,84
"FluSight-trained_mean","23",0.634762440095199,0.559577890469311,21.6737532906362,0.257175221190584,0.721583995064582,0.606067773548107,33.5189344667095,0.43003584661124,0.595238095238095,0.94047619047619,84
"FluSight-trained_mean","24",0.582247319491536,0.603497091534742,76.6714052305375,0.314895576972469,0.676710412857571,0.652490876807657,112.164338421563,0.452780497681716,0.571428571428571,0.904761904761905,84
"FluSight-trained_mean","25",0.609341266944805,0.559846759025304,127.306073485137,0.280112707452333,0.76833798673733,0.79332270368444,194.705677796339,0.447071541107158,0.488095238095238,0.892857142857143,84
"FluSight-trained_mean","26",0.605900555854844,0.503194842728341,134.634635127208,0.221150446883329,0.68911473110646,0.61013658186834,203.045228908136,0.329993263681915,0.630952380952381,0.964285714285714,84
"FluSight-trained_mean","27",0.587858250161558,0.547868075118468,60.8264497406655,0.237392304269424,0.62673523062808,0.554990515169013,85.2580302065032,0.305790143948637,0.80952380952381,1,84
"FluSight-trained_mean","28",0.715044648474051,0.621650553167581,35.9052702829978,0.256029527457428,0.810019942207571,0.778068560161916,53.36051218558,0.390550787646342,0.547619047619048,0.94047619047619,84
"FluSight-trained_mean","29",0.817352864019804,0.753389754177913,122.726814675478,0.346102028513997,0.983321034457706,1.05003996220914,186.323642149566,0.562017807523722,0.416666666666667,0.892857142857143,84
"FluSight-trained_mean","30",0.6892235583863,0.730500569671105,18.3365318995189,0.365946692969343,0.790207630208956,0.692094874867645,28.6210207282754,0.56672983994255,0.476190476190476,0.869047619047619,84
"FluSight-trained_mean","31",0.629486887926737,0.595503988840102,22.4569860401148,0.277707245486383,0.732439927004681,0.678535558135982,34.0657897512908,0.432269629741705,0.571428571428571,0.904761904761905,84
"FluSight-trained_mean","32",1.03232704789555,0.748587756680894,24.6403931686067,0.229749064046391,1.06564006332696,0.826291740377924,35.3924419463551,0.310253065327215,0.69047619047619,0.94047619047619,84
"FluSight-trained_mean","33",0.670609100911873,0.602339155141837,30.0054338729266,0.354467277364612,0.856417243429599,0.694060236716743,47.497441560656,0.537554616739029,0.452380952380952,0.869047619047619,84
"FluSight-trained_mean","34",0.570376064357122,0.425729104972375,121.964901908543,0.213960471988949,0.658930719388091,0.472220451525894,188.086560075416,0.305083663149756,0.654761904761905,0.952380952380952,84
"FluSight-trained_mean","35",1.02734289398553,0.836197453856966,29.5805218984994,0.29764535247271,1.1491367619625,1.00545568305995,47.8438711488488,0.480372179997112,0.44047619047619,0.928571428571429,84
"FluSight-trained_mean","36",0.55538531879931,0.42274062260127,155.262577807657,0.163911420170825,0.514298531613271,0.353429000022962,199.870514467525,0.171167896860101,0.880952380952381,0.964285714285714,84
"FluSight-trained_mean","37",0.52320610069766,0.482940728561053,139.834773393718,0.250189250538333,0.568044554198152,0.547904716073361,188.091162275692,0.338236636669322,0.738095238095238,0.952380952380952,84
"FluSight-trained_mean","38",0.645783478144426,0.663227127501657,8.23212093562419,0.244222803321827,0.681661760787711,0.641688418646283,12.2117277761212,0.360346941633748,0.69047619047619,0.964285714285714,84
"FluSight-trained_mean","39",0.586525896476195,0.518202901193006,280.005379853833,0.317193009387922,0.679244863923739,0.518376097370201,404.063902122193,0.403432243354202,0.619047619047619,0.857142857142857,84
"FluSight-trained_mean","40",0.641429600557444,0.577993035545142,67.0840898005981,0.322403935868221,0.737143770100815,0.799982999552835,95.572928438481,0.508244691327826,0.726190476190476,0.94047619047619,84
"FluSight-trained_mean","41",1.01272463561022,0.788460129461187,64.7461406048826,0.299164044612214,1.1354161163236,0.99423645358167,95.2750300070766,0.431459632366637,0.630952380952381,0.892857142857143,84
"FluSight-trained_mean","42",0.610431624604805,0.571610629406056,344.059319499007,0.237391982716976,0.78029240595991,0.780468004709763,544.849084243712,0.379905286199271,0.55952380952381,0.94047619047619,84
"FluSight-trained_mean","44",0.608687875339328,0.618609291938291,13.1790951038418,0.259314222271411,0.691574910688928,0.683618105244968,18.8129413836254,0.393414992234626,0.583333333333333,0.904761904761905,84
"FluSight-trained_mean","45",0.591212865084521,0.499662726386052,92.6253103933267,0.262399250813465,0.711466434182515,0.597521584536667,138.138530164712,0.385591437517202,0.654761904761905,0.928571428571429,84
"FluSight-trained_mean","46",0.640781689767031,0.643812724905352,15.0741146970954,0.347648292137348,0.772569623577967,0.74856478573102,22.830651983841,0.559491603045963,0.5,0.928571428571429,84
"FluSight-trained_mean","47",0.865425184096109,0.614414497058364,88.45233087209,0.233196371707177,1.00317798824338,0.832678362900407,138.498929947765,0.373983136411387,0.666666666666667,0.964285714285714,84
"FluSight-trained_mean","48",0.593003533575906,0.550893885740133,277.135133025669,0.238291188493854,0.711450739102444,0.877965691371828,396.60338796013,0.373328962433185,0.654761904761905,0.952380952380952,84
"FluSight-trained_mean","49",0.885544902320409,0.690857893843912,24.5492709951551,0.208827649775642,0.975924685248091,0.711546904732567,35.9744634488841,0.283496349028381,0.80952380952381,0.952380952380952,84
"FluSight-trained_mean","50",0.646193660894341,0.656538095664711,9.3396104436216,0.294806169896428,0.734357498920201,0.680063969200291,13.99172692721,0.469533201101516,0.464285714285714,0.916666666666667,84
"FluSight-trained_mean","51",0.627502702931514,0.508464887361397,86.7651460563068,0.234874369422251,0.682277778903004,0.641254891632992,122.671956724943,0.3444773385635,0.619047619047619,0.928571428571429,84
"FluSight-trained_mean","53",0.830130443685466,0.626924528245934,60.5124187670057,0.24602434460308,0.933499370129262,0.730716836821538,95.5290571041712,0.368963158229215,0.607142857142857,0.964285714285714,84
"FluSight-trained_mean","54",0.624297545797295,0.599233494202088,57.1495756014496,0.343774467359299,0.714589071791697,0.618611233896575,81.5625902578399,0.512734161787395,0.547619047619048,0.880952380952381,84
"FluSight-trained_mean","55",0.513046180577064,0.534356466309128,76.9546856721004,0.287993455145906,0.615973926178917,0.602697904627932,115.359984025851,0.433561988321681,0.571428571428571,0.952380952380952,84
"FluSight-trained_mean","56",1.21119112788909,0.771999521477765,13.4297376466418,0.305027891007498,1.35747988032142,0.907881902941295,21.7702326490287,0.517345323888128,0.5,1,84
"FluSight-trained_med","01",0.642665837820037,0.665159278189644,42.4895134246564,0.25185737085594,0.716708229900495,0.771702865146955,65.3096233708898,0.36702535391317,0.666666666666667,0.964285714285714,84
"FluSight-trained_med","02",0.832224970527065,0.913384660794613,6.94757190073067,0.337274561202347,0.885597583954669,1.03116700350704,10.9478783922127,0.536773227646993,0.452380952380952,0.916666666666667,84
"FluSight-trained_med","04",0.472094497187297,0.568187770206964,81.2641564450167,0.226450712984434,0.594796277319068,0.764921650644518,128.963917522239,0.319352927978493,0.726190476190476,1,84
"FluSight-trained_med","05",0.713235101658016,0.716856136288974,47.5598196429856,0.366163996128865,0.756167274516213,0.80661820345492,66.4729663019244,0.54027099039081,0.607142857142857,0.904761904761905,84
"FluSight-trained_med","06",0.77079640292274,0.619755651080843,292.285709322872,0.228222050797819,0.872450320515032,0.851975306576714,429.635273374916,0.323960425267614,0.666666666666667,0.928571428571429,84
"FluSight-trained_med","08",0.572113963096735,0.569479020727374,35.1557107639272,0.210128785877613,0.594032117200212,0.628246418622873,50.4027063417825,0.287597418625332,0.738095238095238,0.988095238095238,84
"FluSight-trained_med","09",0.618109457376107,0.610193148960816,35.270310748661,0.26793559416519,0.719341919963045,0.708090018899885,57.9858892993625,0.432548686951082,0.595238095238095,0.952380952380952,84
"FluSight-trained_med","10",0.842745717683776,0.864151703379314,20.4809176026419,0.371051488512124,0.93064653027816,0.875269610917015,29.1783150529766,0.563401737059591,0.607142857142857,0.892857142857143,84
"FluSight-trained_med","11",0.741449400423264,0.760011103667964,25.7653692650341,0.454353048213189,0.840067918254521,0.866936157548074,35.9148034244747,0.660784083552408,0.452380952380952,0.833333333333333,84
"FluSight-trained_med","12",0.731006617151918,0.672161521844337,236.505549379598,0.201184473052385,0.830934977230573,0.890478329863061,336.767347240072,0.296262778532396,0.619047619047619,0.892857142857143,84
"FluSight-trained_med","13",0.640637815661969,0.595162574502753,81.0555585985721,0.245379934323122,0.72523719211698,0.70332470569429,120.692030223103,0.324524985308075,0.69047619047619,0.94047619047619,84
"FluSight-trained_med","15",0.863609425889004,0.943429479436128,8.85504170545567,0.220875052925054,0.863055841219407,0.904891920456772,12.3955979099306,0.308270427066039,0.630952380952381,0.952380952380952,84
"FluSight-trained_med","16",0.684614468986931,0.816375497298548,15.9495810574031,0.336612575719942,0.824012692504867,1.0760708762805,26.9233428235337,0.564846796525883,0.523809523809524,0.988095238095238,84
"FluSight-trained_med","17",0.698131496226465,0.629922465599535,153.937667679511,0.250659911558634,0.779022142175472,0.735034412394007,226.724492287413,0.354520135170347,0.666666666666667,0.928571428571429,84
"FluSight-trained_med","18",0.601959256146903,0.538513912682996,137.780280615394,0.286955729794312,0.692953324920509,0.574087852031081,200.260363158882,0.370597206744318,0.630952380952381,0.892857142857143,84
"FluSight-trained_med","19",0.593312735653456,0.59932394258914,38.7926450831253,0.319875045362829,0.657520539277405,0.637000617011605,55.1784781083411,0.476894572533363,0.583333333333333,0.892857142857143,84
"FluSight-trained_med","20",0.631237742812421,0.626603623275466,38.0810409163758,0.314330915512225,0.662333909298721,0.671198565240825,51.0210461810843,0.463521912377813,0.642857142857143,0.904761904761905,84
"FluSight-trained_med","21",0.679560757475741,0.666303077029889,87.611763832388,0.326177921181271,0.688120775327414,0.729944775831873,117.662257358753,0.464464059436009,0.619047619047619,0.916666666666667,84
"FluSight-trained_med","22",0.753785889235527,0.712991694764881,43.5768075008031,0.232393967313745,0.88632641810706,0.908211382364592,68.9048473657072,0.347730269290359,0.571428571428571,0.976190476190476,84
"FluSight-trained_med","23",0.627554759565096,0.625135672277019,21.240842750911,0.287045941056277,0.681779667553322,0.631378796000533,31.4676541743142,0.448254747711143,0.595238095238095,0.904761904761905,84
"FluSight-trained_med","24",0.668350161149317,0.702411443224114,88.5868560629875,0.366871040800685,0.745765738905992,0.733485722082202,124.191172004922,0.508706677020465,0.55952380952381,0.833333333333333,84
"FluSight-trained_med","25",0.666449961758694,0.622319823010765,139.648095162252,0.311786851559165,0.78579432727896,0.787862590917833,200.823797614831,0.443903591320409,0.511904761904762,0.845238095238095,84
"FluSight-trained_med","26",0.672905568465937,0.559566026121095,149.861341910551,0.245873310353819,0.742890910391941,0.618944209935803,220.184536071252,0.335306743609346,0.55952380952381,0.892857142857143,84
"FluSight-trained_med","27",0.459064353686328,0.609145042388329,45.42277649306,0.26479349949354,0.532005201784515,0.61818355191755,69.1828722142919,0.342472977827176,0.75,1,84
"FluSight-trained_med","28",0.705424049368492,0.651810506707609,35.2784583433567,0.268008187484194,0.771732092113659,0.786553511314346,50.4760502216593,0.393350013065689,0.583333333333333,0.928571428571429,84
"FluSight-trained_med","29",0.785586181596058,0.753974333075389,117.536862595673,0.345597939696058,0.869412363711459,0.948979698530174,163.982022280494,0.50680360814801,0.523809523809524,0.845238095238095,84
"FluSight-trained_med","30",0.703491813670613,0.757533745852603,18.567694953083,0.378462950816167,0.744032731675903,0.746152689283761,26.5488714475194,0.610341857238215,0.535714285714286,0.869047619047619,84
"FluSight-trained_med","31",0.670771562678859,0.647618885679457,23.9399262365643,0.301499141337266,0.780850397056469,0.708376782312143,36.3997795791089,0.45019160643563,0.642857142857143,0.904761904761905,84
"FluSight-trained_med","32",0.622414590926196,0.696488130509568,14.2575571381264,0.214173033991262,0.632710132202635,0.727540605311546,20.0801346405719,0.27313413558508,0.75,0.988095238095238,84
"FluSight-trained_med","33",0.614231275686625,0.637420778236012,26.6002891715013,0.371805453555794,0.726232956862012,0.685398655167646,39.0700201044261,0.530895148450996,0.511904761904762,0.785714285714286,84
"FluSight-trained_med","34",0.599990997330977,0.527409877425821,127.241308097622,0.267227085201571,0.700831200318091,0.574235598518269,198.563927119644,0.374586128991721,0.619047619047619,0.952380952380952,84
"FluSight-trained_med","35",0.752306575875871,0.771891899108511,21.2685929235564,0.274233793491453,0.816802620517552,0.880937866863807,33.3997801995849,0.420026312097767,0.523809523809524,0.952380952380952,84
"FluSight-trained_med","36",0.663993237082953,0.516817380080549,187.140613205149,0.201018937819078,0.667674499431914,0.438787897684013,264.435433176748,0.213977304109677,0.80952380952381,0.94047619047619,84
"FluSight-trained_med","37",0.644629014242508,0.59993913155514,172.776539734684,0.311710089915666,0.706521367598369,0.643335375692497,235.036656174116,0.398909511575044,0.619047619047619,0.892857142857143,84
"FluSight-trained_med","38",0.690159389741894,0.727861653585338,8.82955103294714,0.269253797710503,0.741951591158574,0.666243689193656,13.4092784340466,0.376252043209825,0.642857142857143,0.928571428571429,84
"FluSight-trained_med","39",0.656558120954236,0.601343385602547,312.027083945315,0.367099769618985,0.76735777544017,0.624590546294072,448.690434280985,0.484785477762353,0.571428571428571,0.821428571428571,84
"FluSight-trained_med","40",0.667086944037247,0.613847427594242,69.5887725304281,0.342206210988047,0.755093136285211,0.75219154768657,98.1362190287199,0.477115239277077,0.69047619047619,0.904761904761905,84
"FluSight-trained_med","41",0.726021320976914,0.751576205374188,45.1040235073932,0.283591077456382,0.820845200925269,0.903177702755548,67.0531676720251,0.389424556956639,0.619047619047619,0.928571428571429,84
"FluSight-trained_med","42",0.693676030923171,0.670701229221993,390.591357310959,0.276966229148565,0.838555795657688,0.851094663107967,581.714937380371,0.41048898339815,0.523809523809524,0.857142857142857,84
"FluSight-trained_med","44",0.704831333952035,0.706536319887389,15.3937762724541,0.296580777789548,0.780542361306846,0.753231274234173,21.4023849141685,0.433639489419049,0.595238095238095,0.869047619047619,84
"FluSight-trained_med","45",0.628454848645549,0.566854860373809,97.5313368214035,0.296993931286567,0.737167303208059,0.658801630293405,141.137176080332,0.423428381867271,0.654761904761905,0.892857142857143,84
"FluSight-trained_med","46",0.675755808388065,0.686490974576575,15.8660415600918,0.370649937815745,0.7718086177936,0.756939304507282,22.7523032748997,0.566122953646576,0.535714285714286,0.880952380952381,84
"FluSight-trained_med","47",0.622966130103348,0.576948651731608,61.7018891425125,0.218069260949019,0.680947801327151,0.727308139140459,90.5372973291902,0.324233574097697,0.654761904761905,0.952380952380952,84
"FluSight-trained_med","48",0.63923050329779,0.592301328561526,300.490708861196,0.256803619179275,0.76860616285921,0.851646000839091,434.956857882911,0.36286333854146,0.714285714285714,0.916666666666667,84
"FluSight-trained_med","49",0.497489602202551,0.608616036364751,13.1093652498739,0.183545116974833,0.515959095491422,0.572630212917133,17.9731975841274,0.226547947168367,0.869047619047619,0.988095238095238,84
"FluSight-trained_med","50",0.710040499149435,0.693636865181185,10.314749630984,0.311436639851141,0.764403674154885,0.704280448133879,14.6395227374647,0.487329100251636,0.55952380952381,0.869047619047619,84
"FluSight-trained_med","51",0.612097348289475,0.53468764037267,83.9567927772514,0.247020935910369,0.648168640579138,0.627482726378722,115.5077319059,0.336731411198171,0.619047619047619,0.916666666666667,84
"FluSight-trained_med","53",0.626693828919368,0.59577912880576,44.4338717169542,0.23250361083386,0.686193339946791,0.648427188363797,68.5427233396103,0.325944948855877,0.666666666666667,0.964285714285714,84
"FluSight-trained_med","54",0.610208434673938,0.61415944864297,55.2686953592171,0.351963684068016,0.678635688052812,0.619425011899901,77.1504550134279,0.513700756719946,0.595238095238095,0.845238095238095,84
"FluSight-trained_med","55",0.608621651036392,0.591074854531914,91.9261935558035,0.31835266636321,0.692688055025749,0.633864216598017,130.900292210506,0.457201570022416,0.571428571428571,0.892857142857143,84
"FluSight-trained_med","56",0.721506194988846,0.70674148759898,7.796292612407,0.278703003921476,0.790950836811446,0.788404067299049,12.3364169737447,0.449483220135432,0.678571428571429,1,84
"Gatech-ensemble_point","01",0.849578954416949,0.909108957241679,83.9787040133779,0.42557923221816,0.90641055573861,1.09911808312436,113.375,0.632650872343283,0.355769230769231,0.769230769230769,104
"Gatech-ensemble_point","02",1.01123295884789,1.10661968005023,9.45302675585284,0.447205441162491,0.958975350700969,1.15872662712178,13.1442307692308,0.658601239644494,0.355769230769231,0.75,104
"Gatech-ensemble_point","04",0.806861942541783,0.861933518371835,266.871923076923,0.407683128485613,0.908988365497727,1.23846876568775,340.028846153846,0.600159753052647,0.365384615384615,0.759615384615385,104
"Gatech-ensemble_point","05",0.871692043709236,0.872937002304558,56.3303386287625,0.512625411937206,0.904121231251691,1.01325288856749,76.9519230769231,0.784285428470707,0.298076923076923,0.721153846153846,104
"Gatech-ensemble_point","06",0.849545267821867,0.84377525551229,476.683147993311,0.375085787524847,0.926921391348719,1.17256735494892,637.721153846154,0.535628430845864,0.375,0.759615384615385,104
"Gatech-ensemble_point","08",0.843324694469254,0.839504392819362,76.545618729097,0.400262315496767,0.884002864323887,1.03941870468791,101.009615384615,0.593980528735437,0.355769230769231,0.798076923076923,104
"Gatech-ensemble_point","09",0.842344216596225,0.887808744219001,56.1227382943144,0.524831053230611,0.866719231423479,0.946203838582654,76.6153846153846,0.761928286604616,0.384615384615385,0.759615384615385,104
"Gatech-ensemble_point","10",1.01377902913327,1.10095155851278,27.693152173913,0.52909098947387,1.04593383966368,1.10668238036846,35.1442307692308,0.773108688377861,0.365384615384615,0.673076923076923,104
"Gatech-ensemble_point","11",0.909126297356018,1.01645369522043,29.568143812709,0.66923857251135,0.933723757369584,1.13036409592737,36.6442307692308,0.938292972368162,0.288461538461538,0.596153846153846,104
"Gatech-ensemble_point","12",0.874316261292699,0.917099531962017,363.69872909699,0.332886501668577,0.948177159774102,1.17248736534549,475.307692307692,0.465771140640282,0.346153846153846,0.701923076923077,104
"Gatech-ensemble_point","13",0.914033489350965,0.936716126479484,156.531885451505,0.500807849556213,0.99320888770397,1.2443949657643,206.105769230769,0.730316984125626,0.288461538461538,0.682692307692308,104
"Gatech-ensemble_point","15",1.00399680654789,1.00493274451538,13.9069523411371,0.302939354433367,1.00844546224319,1.00793808792299,18.7596153846154,0.434005703429935,0.442307692307692,0.759615384615385,104
"Gatech-ensemble_point","16",0.894614667363396,0.842731439810549,34.1497031772575,0.412900793971636,0.943244653909082,1.03045021338329,46.6826923076923,0.62263692518062,0.403846153846154,0.759615384615385,104
"Gatech-ensemble_point","17",0.837306361077494,0.902839694839833,243.760986622074,0.488935828623119,0.899495608503943,1.09452876068654,318.201923076923,0.69823716252796,0.336538461538462,0.730769230769231,104
"Gatech-ensemble_point","18",0.813760085626441,0.875481120046073,186.847997491639,0.557747830933987,0.908207377019295,1.11514278942989,250.605769230769,0.839025186340577,0.230769230769231,0.673076923076923,104
"Gatech-ensemble_point","19",0.85618579271565,0.934174662991374,59.7421070234114,0.636713569529596,0.93158744916669,1.03363818796181,80.0480769230769,0.957092624555643,0.326923076923077,0.663461538461538,104
"Gatech-ensemble_point","20",0.835169938929434,0.881693308337709,56.508135451505,0.52189071477959,0.879291664005014,0.96460251509525,74.7884615384615,0.767784193695553,0.336538461538462,0.721153846153846,104
"Gatech-ensemble_point","21",0.852649605634563,0.884434612824692,125.025593645485,0.550747253100518,0.882217748314436,1.07473596800517,165.096153846154,0.83881296824778,0.298076923076923,0.759615384615385,104
"Gatech-ensemble_point","22",0.899555300975534,0.964515015705567,70.9728553511706,0.360178346111627,0.972037195426687,1.25582792590925,98.6538461538462,0.545213187207938,0.326923076923077,0.769230769230769,104
"Gatech-ensemble_point","23",0.777500651381252,0.98270217425311,26.067529264214,0.612698554220762,0.812036086938698,0.99550940579103,35.6057692307692,0.926229017039937,0.346153846153846,0.788461538461538,104
"Gatech-ensemble_point","24",0.827639313327496,0.915274558031004,112.475296822742,0.563262524920281,0.889261295948138,1.01390876958823,147.153846153846,0.818242808026931,0.259615384615385,0.673076923076923,104
"Gatech-ensemble_point","25",0.8356708840257,0.82669681585142,170.414389632107,0.461844803460747,0.929618940200373,1.03556737414964,229.567307692308,0.653592101002973,0.394230769230769,0.673076923076923,104
"Gatech-ensemble_point","26",0.81760459625696,0.85419273678073,178.299908026756,0.44604944026214,0.851812432499219,1.01137687722667,242.769230769231,0.650667320405457,0.336538461538462,0.682692307692308,104
"Gatech-ensemble_point","27",0.656280701658535,0.804749675771005,102.078081103679,0.472865844338226,0.746215386575218,0.952809886972754,134.913461538462,0.691448149013042,0.346153846153846,0.798076923076923,104
"Gatech-ensemble_point","28",0.86016662070423,0.876579310005854,49.5832817725752,0.442075020696408,0.89360477060487,1.08681415400726,65.4903846153846,0.659801521690782,0.317307692307692,0.788461538461538,104
"Gatech-ensemble_point","29",0.964901649602616,1.04366803202819,164.693574414716,0.57029732053702,1.00596940713714,1.3382963084371,209.807692307692,0.832769293904183,0.336538461538462,0.701923076923077,104
"Gatech-ensemble_point","30",0.764259704856784,0.861625360263397,19.8059071906355,0.512826509690208,0.797232804558227,0.813477848375296,27.625,0.776673157525646,0.355769230769231,0.788461538461538,104
"Gatech-ensemble_point","31",0.847181064037112,0.890778313750992,36.6238210702341,0.547702344740041,0.917072809838049,0.979473835894592,48.4230769230769,0.789169600157188,0.413461538461538,0.740384615384615,104
"Gatech-ensemble_point","32",0.86699320388699,0.925191496660116,33.1513210702341,0.344201297667813,0.87028228827313,1.07271450688647,44.2211538461538,0.491785905461782,0.528846153846154,0.875,104
"Gatech-ensemble_point","33",0.783053412049029,0.874959854783258,31.5088294314381,0.534436703541342,0.846318107040698,0.970448414787972,41.4326923076923,0.770835245428379,0.346153846153846,0.644230769230769,104
"Gatech-ensemble_point","34",0.844884317790723,0.933212584863309,212.452704849498,0.593439692889519,0.878621296735052,1.06473367781577,276.769230769231,0.856128211475567,0.259615384615385,0.673076923076923,104
"Gatech-ensemble_point","35",0.953878874061308,0.928846338418699,35.4711914715719,0.372336925373035,0.95941950660153,1.04485593913169,49.8076923076923,0.551511763438222,0.471153846153846,0.826923076923077,104
"Gatech-ensemble_point","36",0.829162409178784,0.823508914134251,317.914268394649,0.430048170916503,0.83023508085538,0.952279373058671,405.259615384615,0.618239377487131,0.432692307692308,0.759615384615385,104
"Gatech-ensemble_point","37",0.822742030049266,0.880024374202844,229.844155518395,0.560716689553794,0.880620822819051,1.14024645594551,293.317307692308,0.847861509681509,0.298076923076923,0.711538461538462,104
"Gatech-ensemble_point","38",0.871527689816868,0.928798238623654,11.7537834448161,0.456195917055155,0.869692335809598,0.888137830821342,15.9326923076923,0.658861951144496,0.461538461538462,0.788461538461538,104
"Gatech-ensemble_point","39",0.777056737758182,0.840968085050313,368.266496655518,0.616468161355822,0.865230386993115,0.997232368107196,487.692307692308,0.900804040330644,0.25,0.596153846153846,104
"Gatech-ensemble_point","40",0.911620742056781,0.962636265456696,98.4023787625418,0.625705369477849,0.961475959409401,1.31180905458718,127.442307692308,0.974838374997997,0.375,0.759615384615385,104
"Gatech-ensemble_point","41",0.913217506919108,0.949708238644536,80.6267642140468,0.457720368938522,0.983373166021483,1.24990144827376,107.173076923077,0.674563764633007,0.326923076923077,0.740384615384615,104
"Gatech-ensemble_point","42",0.843152718032044,1.03817681832266,522.829694816053,0.573455319509488,0.917823688870934,1.2484137426421,665.009615384615,0.788355623482916,0.211538461538462,0.596153846153846,104
"Gatech-ensemble_point","44",0.89905607646945,0.936210438243766,21.5569648829431,0.501359920725081,0.949377062662826,0.991871841967905,27.9615384615385,0.712065309884573,0.413461538461538,0.673076923076923,104
"Gatech-ensemble_point","45",0.821529382258392,0.857123143243798,129.679782608696,0.562195793059353,0.870993186801509,1.01663717502889,162.596153846154,0.797344482588179,0.269230769230769,0.663461538461538,104
"Gatech-ensemble_point","46",0.904058685439019,1.06383445716587,20.0666262541806,0.650528126212556,0.970380225172897,1.10974823727421,26.8846153846154,0.944795472456899,0.307692307692308,0.701923076923077,104
"Gatech-ensemble_point","47",0.850897039540173,0.930023061985468,118.136868729097,0.459354655021121,0.897101480627615,1.22027903835198,156.067307692308,0.690132727192075,0.240384615384615,0.759615384615385,104
"Gatech-ensemble_point","48",0.784142332196749,0.738759538548958,415.903014214047,0.36570090284688,0.8858666344456,1.08289403580559,554.182692307692,0.530743118044671,0.375,0.701923076923077,104
"Gatech-ensemble_point","49",0.761940828758835,0.87923192827558,36.3033110367893,0.388652516533482,0.821904936525183,1.02742260194111,46.4038461538462,0.567734096551182,0.346153846153846,0.798076923076923,104
"Gatech-ensemble_point","50",0.921257538573389,0.981761464206897,12.8404765886288,0.531075955560273,0.956828145767255,0.921809965103941,17.4326923076923,0.76168276688762,0.384615384615385,0.692307692307692,104
"Gatech-ensemble_point","51",0.844206907790801,0.82877371533229,121.373795986622,0.458754634790623,0.883303866794151,1.05471008364156,160.798076923077,0.671995787897994,0.307692307692308,0.701923076923077,104
"Gatech-ensemble_point","53",0.879919928974575,0.911086217464627,84.6660033444816,0.463477181315645,0.934377646524112,1.07481980927564,117.259615384615,0.684207732215625,0.355769230769231,0.788461538461538,104
"Gatech-ensemble_point","54",0.682847129056329,0.848488323826893,56.8642516722408,0.587709344333365,0.750225475497455,0.897893452272001,77.4423076923077,0.885367931520957,0.259615384615385,0.740384615384615,104
"Gatech-ensemble_point","55",0.815574644096455,0.898163594554676,123.700267558528,0.587674207449988,0.904783073786787,0.992907221981393,166.125,0.855298462502128,0.298076923076923,0.682692307692308,104
"Gatech-ensemble_point","56",0.949195587559457,0.9974995641437,14.5809949832776,0.526506719577952,0.947937908856026,1.06674875955345,19.2884615384615,0.773277710576487,0.384615384615385,0.778846153846154,104
"Gatech-ensemble_prob","01",1.00124963994693,1.11857581802748,105.802884615385,0.555574924223263,0.991216998143014,1.27163196142899,131,0.76878865922064,0.336538461538462,0.711538461538462,104
"Gatech-ensemble_prob","02",1.05545923998996,1.24929745534545,10.0508277591973,0.516942311222791,0.949316813062024,1.2385562974095,13.1923076923077,0.718456859338431,0.375,0.701923076923077,104
"Gatech-ensemble_prob","04",0.949399144286253,1.07066095493481,334.982378762542,0.53271451500634,0.98913796531212,1.40443694618325,391.682692307692,0.714193413737588,0.403846153846154,0.711538461538462,104
"Gatech-ensemble_prob","05",0.960231898498634,1.15644600324654,62.6072240802676,0.692797649597096,0.970472336023425,1.31887256683684,82.2115384615385,1.02506251978418,0.221153846153846,0.644230769230769,104
"Gatech-ensemble_prob","06",1.10638018216432,1.15910777488044,656.036626254181,0.542393209419388,1.10719009320399,1.50894530295696,794.538461538462,0.719273851365476,0.384615384615385,0.711538461538462,104
"Gatech-ensemble_prob","08",0.955793322227442,1.04048611144303,91.721860367893,0.530660195576689,0.9367065861226,1.1635581071866,112.605769230769,0.709622876495895,0.403846153846154,0.721153846153846,104
"Gatech-ensemble_prob","09",0.883168159959234,1.00047904343284,60.1931856187291,0.601404434444304,0.874003969912609,1.00612801471272,78.7403846153846,0.817871382903057,0.394230769230769,0.730769230769231,104
"Gatech-ensemble_prob","10",1.05537078569883,1.20650427410314,30.3236831103679,0.618168471896098,1.03749873288329,1.13876825616332,36.4903846153846,0.84010702382738,0.394230769230769,0.663461538461538,104
"Gatech-ensemble_prob","11",0.820526144755075,0.993668873365692,26.9276588628763,0.668955608012699,0.834712752948266,1.09960841672212,32.9519230769231,0.931004239354891,0.336538461538462,0.625,104
"Gatech-ensemble_prob","12",1.10131757956781,1.42413586062587,478.77502090301,0.558600045131913,1.11318845743855,1.7296777869483,573.653846153846,0.729601002097422,0.307692307692308,0.653846153846154,104
"Gatech-ensemble_prob","13",0.975418993762485,1.17313357507914,176.384703177258,0.667166392195069,0.992049999299114,1.44256094034282,217.384615384615,0.901882909345493,0.326923076923077,0.682692307692308,104
"Gatech-ensemble_prob","15",1.17981905331251,1.3520161257612,16.9348704013378,0.43243049380043,1.08398765642982,1.24680538273106,20.7980769230769,0.566272603541508,0.509615384615385,0.711538461538462,104
"Gatech-ensemble_prob","16",0.921819899845665,1.03626363514206,37.866258361204,0.547893215105906,0.910748455863225,1.19250132410525,47.2980769230769,0.765963827740789,0.403846153846154,0.778846153846154,104
"Gatech-ensemble_prob","17",0.950615421053915,1.22105806681218,287.237713210702,0.704487063906398,0.957171240722168,1.38252525229058,350.125,0.938534034644612,0.346153846153846,0.701923076923077,104
"Gatech-ensemble_prob","18",0.865866362234314,1.10246482885165,208.040510033445,0.758640876062953,0.897478111481039,1.24041998136489,259.961538461538,1.0130635792558,0.326923076923077,0.586538461538462,104
"Gatech-ensemble_prob","19",0.875191953356634,1.09244209027104,62.0983570234114,0.779981339820068,0.916968531163737,1.14755802905956,79.5384615384615,1.1018364365175,0.336538461538462,0.634615384615385,104
"Gatech-ensemble_prob","20",0.9404486318862,1.13547218432322,66.1477215719064,0.713486571825353,0.930742399950054,1.15734786921781,81.5769230769231,0.968189120772867,0.346153846153846,0.663461538461538,104
"Gatech-ensemble_prob","21",0.876974170511109,1.11582352353374,133.037901337793,0.72839770377497,0.855080877848118,1.28149626031139,164.701923076923,1.04552791943882,0.326923076923077,0.692307692307692,104
"Gatech-ensemble_prob","22",1.1706130382402,1.34152158764624,98.3384573578595,0.526764683809287,1.1593114197712,1.63029330791071,123.25,0.735845679466911,0.278846153846154,0.701923076923077,104
"Gatech-ensemble_prob","23",0.800755456816088,0.935544521876796,27.3620777591973,0.591863778763353,0.828687598700207,0.914391045567089,37.0865384615385,0.865997604687588,0.394230769230769,0.730769230769231,104
"Gatech-ensemble_prob","24",0.8466173183189,1.1718434547038,116.076484113712,0.747678856524739,0.870492632644318,1.23520481188474,144.903846153846,1.02881126853473,0.240384615384615,0.615384615384615,104
"Gatech-ensemble_prob","25",0.878785262197178,1.05222299180533,182.357194816054,0.619116710719094,0.938817062766606,1.25228259299535,234.634615384615,0.828028892216881,0.326923076923077,0.576923076923077,104
"Gatech-ensemble_prob","26",0.875714059664097,1.11535541960221,197.732696488294,0.621052008629237,0.866851803128622,1.25693748121532,254.432692307692,0.865047102435134,0.384615384615385,0.634615384615385,104
"Gatech-ensemble_prob","27",0.762430696779763,1.05558259155648,125.949285117057,0.671255457939753,0.802511296369004,1.17705504069534,152.451923076923,0.914257466044127,0.394230769230769,0.769230769230769,104
"Gatech-ensemble_prob","28",0.915207391345245,1.07738387243477,54.418745819398,0.566387802133529,0.922952351438959,1.28822621888336,69.1442307692308,0.80689018730729,0.278846153846154,0.740384615384615,104
"Gatech-ensemble_prob","29",1.09804661056265,1.36891880044517,188.585907190635,0.765070965055216,1.11827484508703,1.71872841284269,232.817307692308,1.08672925824028,0.230769230769231,0.605769230769231,104
"Gatech-ensemble_prob","30",0.820441292323702,1.02228549863799,21.915610367893,0.633228208759849,0.8190331897663,0.933077943492024,28.9615384615385,0.912259881409642,0.346153846153846,0.721153846153846,104
"Gatech-ensemble_prob","31",0.955723128107626,1.09813359139758,42.9945903010033,0.717259924513128,0.966799182086259,1.10670548785171,53.0961538461538,0.949767480042766,0.403846153846154,0.644230769230769,104
"Gatech-ensemble_prob","32",1.03171761953752,1.1964904781501,42.5864799331104,0.479895571831823,0.962751037645319,1.31258205793041,51.8173076923077,0.64309967412661,0.557692307692308,0.788461538461538,104
"Gatech-ensemble_prob","33",0.783301111350177,0.926625805594408,32.0140760869565,0.578867982305267,0.837768063266927,0.993611171801739,41.6923076923077,0.80763035348846,0.326923076923077,0.605769230769231,104
"Gatech-ensemble_prob","34",0.872993589485917,1.04200406834613,230.123097826087,0.697115830482407,0.851863093056054,1.09021470308211,281.451923076923,0.921806115154028,0.346153846153846,0.653846153846154,104
"Gatech-ensemble_prob","35",1.19462236795688,1.29854070363567,47.1640301003345,0.560444969188919,1.09521807044358,1.33815114887704,59.5384615384615,0.754358860979488,0.432692307692308,0.75,104
"Gatech-ensemble_prob","36",0.955878662329911,1.10582637161479,390.822537625418,0.621735954932449,0.873201047667579,1.13910235982843,455.721153846154,0.801563261302772,0.519230769230769,0.711538461538462,104
"Gatech-ensemble_prob","37",0.787384462845615,1.02007153258941,230.958712374582,0.693002570958922,0.800020698505603,1.21325265936236,279.394230769231,0.963784659934076,0.384615384615385,0.711538461538462,104
"Gatech-ensemble_prob","38",0.841129475148665,1.02704349984265,11.7201003344482,0.529427368184445,0.814658793687621,0.942339218753161,15.2884615384615,0.727440024033636,0.471153846153846,0.769230769230769,104
"Gatech-ensemble_prob","39",0.833622086335436,1.03654351046121,403.378871237458,0.790909346804886,0.878953441746195,1.16581458071221,504.865384615385,1.09112626021038,0.269230769230769,0.557692307692308,104
"Gatech-ensemble_prob","40",0.986831834827612,1.12875170180915,109.084352006689,0.74182139285058,1.03024700274031,1.50455312972747,138.663461538462,1.12012108018566,0.25,0.721153846153846,104
"Gatech-ensemble_prob","41",0.943803905693875,1.12905998902868,88.2539966555184,0.571239479737483,0.944833952183132,1.36381764231728,108.817307692308,0.77498563040982,0.413461538461538,0.730769230769231,104
"Gatech-ensemble_prob","42",0.909250187937649,1.34516944266005,564.931475752508,0.752984792089268,0.939958400440849,1.55884185842983,680.875,0.992753062968276,0.259615384615385,0.557692307692308,104
"Gatech-ensemble_prob","44",0.920075937058171,1.0832150630547,22.5709991638796,0.605452184125102,0.926814465724157,1.0702967356132,27.9423076923077,0.799265249278474,0.403846153846154,0.653846153846154,104
"Gatech-ensemble_prob","45",0.795765393776231,1.06508909698828,131.860798494983,0.754513570751001,0.816068476388866,1.20523121791459,159.028846153846,1.01373331531257,0.326923076923077,0.673076923076923,104
"Gatech-ensemble_prob","46",0.890029475601129,1.14386056172394,19.8128846153846,0.711081885756704,0.939037472458679,1.18267791816833,25.9615384615385,1.01954045757327,0.259615384615385,0.644230769230769,104
"Gatech-ensemble_prob","47",0.930601945342035,1.13084361594334,137.280480769231,0.601053316887866,0.915591406042016,1.37463708249755,167.798076923077,0.831424237007725,0.326923076923077,0.721153846153846,104
"Gatech-ensemble_prob","48",0.890206691571114,1.02539370345316,498.52879180602,0.551333288396014,0.944148944051468,1.37660718894227,618.134615384615,0.728233276000786,0.394230769230769,0.663461538461538,104
"Gatech-ensemble_prob","49",0.887517880895578,1.12067298907558,45.2542892976589,0.525902678635721,0.875485126715125,1.18419662944458,52.5576923076923,0.691557084058826,0.471153846153846,0.759615384615385,104
"Gatech-ensemble_prob","50",0.897791683325194,1.02740472567572,12.8302926421405,0.584033376159882,0.897666704842526,0.894530644597689,16.8461538461538,0.777062464425839,0.403846153846154,0.682692307692308,104
"Gatech-ensemble_prob","51",0.863488476046176,1.02076609765936,128.182612876254,0.597452898903481,0.851413206351463,1.20960736724588,159.365384615385,0.813395908043813,0.307692307692308,0.653846153846154,104
"Gatech-ensemble_prob","53",0.964980599840228,1.05719442654431,97.5022240802676,0.562059993532422,0.971917457211845,1.19173579759461,126.865384615385,0.788768856230515,0.298076923076923,0.730769230769231,104
"Gatech-ensemble_prob","54",0.735384056811845,0.952027029289456,62.9131981605351,0.69110299526787,0.774278341377811,0.932032164279972,82.25,0.961540414262276,0.288461538461538,0.644230769230769,104
"Gatech-ensemble_prob","55",0.869173274568836,1.10246641010085,135.583394648829,0.780651453519457,0.899349606439181,1.11465219372897,170.307692307692,1.04327596066257,0.365384615384615,0.625,104
"Gatech-ensemble_prob","56",0.953665402212477,0.971543047535797,14.7341178929766,0.510123088891384,0.921733553083367,1.00131996498289,18.9519230769231,0.724969523583579,0.432692307692308,0.769230769230769,104
"Google_SAI-FluBoostQR","01",0.673952676838355,0.621180613777209,5.88476319875776,0.267329994496194,0.82050955911542,0.817415429608507,9.10565476190476,0.421611166025375,0.4375,0.9375,16
"Google_SAI-FluBoostQR","02",0.975947570627224,1.00552874017116,3.48974961180124,0.494793628702111,1.08702862172242,1.17274561096043,5.93898809523809,0.828244985347813,0.125,1,16
"Google_SAI-FluBoostQR","04",0.429511262181838,0.431984244969156,6.6791718426501,0.15496945705028,0.599417277644685,0.676582393049828,9.96428571428571,0.227557707453292,0.5625,1,16
"Google_SAI-FluBoostQR","05",0.774845706277965,0.795214006135695,4.99424301242236,0.554916634055224,0.988257251668514,1.00821535270352,8.71726190476191,0.942221429867729,0,1,16
"Google_SAI-FluBoostQR","06",0.707846664439873,0.615483748669226,33.5790631469979,0.253567922198162,0.983354330282169,1.11782802857928,60.6726190476191,0.456386564444639,0.3125,1,16
"Google_SAI-FluBoostQR","08",0.574006610703861,0.509617953135871,3.63770962732919,0.215546647274816,0.657816817967037,0.635683161070338,5.57440476190476,0.328064084784497,0.3125,0.9375,16
"Google_SAI-FluBoostQR","09",0.481357281874252,0.505330284943175,2.87725866977226,0.257391103348289,0.556794298887947,0.559597261153695,4.25297619047619,0.384655274253181,0.6875,1,16
"Google_SAI-FluBoostQR","10",0.655887771172013,0.834674316289961,1.12619177018634,0.439168924180985,0.868815542390777,0.956671003706725,1.86755952380952,0.820600462295325,0.5625,1,16
"Google_SAI-FluBoostQR","11",0.52554239276214,0.703684090360996,1.14358695652174,0.30829740900541,0.712287969854587,0.846813398045604,1.78422619047619,0.467402211036385,0.5,1,16
"Google_SAI-FluBoostQR","12",1.06792556007153,1.07078968241145,56.7368542960663,0.348165464932902,1.33713495106101,1.68912841494308,98.6160714285714,0.613141860772997,0,1,16
"Google_SAI-FluBoostQR","13",0.454818228345071,0.412559073453422,4.39752070393375,0.17185929058342,0.570200905966361,0.545928428179463,6.14136904761905,0.225263520668984,0.625,1,16
"Google_SAI-FluBoostQR","15",0.685093660371994,0.754569511728382,2.63570716873706,0.158693318594295,0.696936183734206,0.756187742517299,3.76190476190476,0.232917675189545,0.625,1,16
"Google_SAI-FluBoostQR","16",0.799277239372198,0.879869343750599,2.58460209627329,0.383191941876084,0.985198252383201,1.14316289304005,4.24553571428571,0.622584167274652,0.3125,1,16
"Google_SAI-FluBoostQR","17",0.619894005232282,0.557447568741673,11.4728616718427,0.271544667528285,0.732118002888452,0.717460156155467,17.6830357142857,0.413687477522015,0.5,0.875,16
"Google_SAI-FluBoostQR","18",0.319685631116391,0.365793297292493,2.70521221532091,0.181535421868398,0.431148441673292,0.444891535323139,3.46279761904762,0.233585412331363,0.8125,1,16
"Google_SAI-FluBoostQR","19",0.393459103684402,0.559296298658005,1.37104554865424,0.350948831944582,0.604215743439172,0.697240007673733,2.36755952380952,0.615259276004293,0.6875,1,16
"Google_SAI-FluBoostQR","20",0.595568283051465,0.714345961735385,2.61107789855072,0.443159258452342,0.728650626446138,0.795790833563153,4.17708333333333,0.715269587239575,0.3125,1,16
"Google_SAI-FluBoostQR","21",0.721982242113247,0.761271225016605,6.40871765010352,0.500867109234205,0.860387614899623,0.924796185289728,10.8482142857143,0.819302329321744,0.0625,0.9375,16
"Google_SAI-FluBoostQR","22",0.761653236850914,0.667508980487514,6.62590062111801,0.228990336471202,1.0484633120126,1.05798641187563,12.0505952380952,0.394806309940706,0.125,1,16
"Google_SAI-FluBoostQR","23",0.583046021351163,0.683390698618104,1.06180771221532,0.316225524218505,0.728117798453047,0.712075500231221,1.55803571428571,0.512795943634988,0.5625,1,16
"Google_SAI-FluBoostQR","24",0.698387795815265,0.710498484203499,10.8219416407868,0.552482418149315,0.799394260501199,0.778588589302362,15.9747023809524,0.839011070182967,0.125,0.6875,16
"Google_SAI-FluBoostQR","25",0.286944927370959,0.294197150549002,2.96630822981366,0.137878527864659,0.365084159712767,0.401490791117225,4.35863095238095,0.201872953324802,0.6875,1,16
"Google_SAI-FluBoostQR","26",0.402359917464497,0.390501009876134,5.87566640786749,0.150550214459083,0.541842206966875,0.549551130953057,9.23363095238095,0.232067463259909,0.625,1,16
"Google_SAI-FluBoostQR","27",0.416980514215442,0.474978113479765,2.8911975931677,0.2592132404926,0.566455512281615,0.557352721507529,4.33184523809524,0.376297191753744,0.6875,1,16
"Google_SAI-FluBoostQR","28",0.604718605584458,0.538381144497041,3.56148874223602,0.252472926941848,0.742404049202273,0.69145911412517,5.95982142857143,0.399968874320469,0.375,1,16
"Google_SAI-FluBoostQR","29",1.05731386734293,0.956708736908533,15.9949365942029,0.539765279274292,1.11917063118095,1.21831170282301,24.2559523809524,0.830135770580819,0,0.6875,16
"Google_SAI-FluBoostQR","30",0.596689285397936,0.832970719945413,1.23260998964803,0.498139901418257,0.815829991810198,0.92781420192292,2.19047619047619,0.951209579242289,0.375,0.875,16
"Google_SAI-FluBoostQR","31",0.547055306042507,0.670654734960427,1.31658708592133,0.344524124090238,0.697914415489672,0.762025602494028,1.89880952380952,0.54926067518582,0.625,1,16
"Google_SAI-FluBoostQR","32",0.711433015318656,0.691013374016293,4.17901462215321,0.264432470706681,0.775616637287219,0.82213870586455,6.26339285714286,0.386242470341233,0.5,1,16
"Google_SAI-FluBoostQR","33",0.529679507990293,0.590257996781934,0.971867236024845,0.263164771279202,0.689621740881164,0.67778944472581,1.41666666666667,0.404954145801945,0.8125,1,16
"Google_SAI-FluBoostQR","34",0.333457648429448,0.286380163225682,3.97605460662526,0.133955291550528,0.416597211318231,0.359303507310914,5.375,0.182261659073357,0.75,1,16
"Google_SAI-FluBoostQR","35",0.700406375180436,0.684302466837909,2.60386904761905,0.204197221136023,0.800358190033617,0.835208772988788,3.94642857142857,0.314098063308377,0.75,1,16
"Google_SAI-FluBoostQR","36",0.303254534336517,0.268329789073334,5.6806489389234,0.128806174327784,0.276588330605351,0.23994733286487,5.36607142857143,0.125113483875065,0.875,1,16
"Google_SAI-FluBoostQR","37",0.337040674947565,0.387178511238326,3.79864195134576,0.214229204580374,0.417434082906745,0.446252526231715,5.17857142857143,0.275168566233184,0.75,1,16
"Google_SAI-FluBoostQR","38",0.530111833941728,0.64143536373505,1.06934329710145,0.260101434623264,0.657835387270183,0.673680127448097,1.73660714285714,0.422626327781782,0.6875,1,16
"Google_SAI-FluBoostQR","39",0.354069021897428,0.437042196094834,10.1613011128364,0.330828349349899,0.413449723715143,0.42915300221516,13.5505952380952,0.412947961526988,0.75,0.9375,16
"Google_SAI-FluBoostQR","40",0.553243078156353,0.576643605636448,3.34641692546584,0.333191136584542,0.699717956583365,0.721990142079043,5.17708333333333,0.49490517805583,0.5,0.875,16
"Google_SAI-FluBoostQR","41",0.463460036543866,0.442951462826287,2.34810494306418,0.150337239873893,0.479715280404345,0.497660271169291,3.00446428571429,0.186823592122991,0.875,1,16
"Google_SAI-FluBoostQR","42",0.578620602823383,0.556638707457891,28.6922923136646,0.206462371996154,0.817885242207701,0.904417176236899,52.0773809523809,0.37493757079285,0.3125,1,16
"Google_SAI-FluBoostQR","44",0.523609962445265,0.652867500597441,0.781570910973085,0.257293240117727,0.571291877702774,0.662923789592701,1.01339285714286,0.372416404655104,0.8125,1,16
"Google_SAI-FluBoostQR","45",0.352133861604779,0.37694829890546,2.572904373706,0.193276262115997,0.526115562601343,0.522827907319257,4.17559523809524,0.301960571767368,0.6875,1,16
"Google_SAI-FluBoostQR","46",0.583788102810651,0.757293879068315,1.6241893115942,0.381088626249559,0.85460016530941,0.951793466963186,2.96428571428571,0.683466738383935,0.5,1,16
"Google_SAI-FluBoostQR","47",0.585232499556423,0.490153936137613,6.46641498447205,0.198458310588605,0.726959819101032,0.72144809186076,10.797619047619,0.322177224787535,0.4375,0.9375,16
"Google_SAI-FluBoostQR","48",0.770307855933242,0.733209011209213,36.1686891821946,0.315747068152429,1.19297772461908,1.53569950122445,67.4568452380952,0.593527666382445,0.25,0.9375,16
"Google_SAI-FluBoostQR","49",0.544088165868582,0.56479177555513,1.97124676501035,0.215414057157249,0.64264543404103,0.639945234547154,2.89434523809524,0.308438096854975,0.5625,1,16
"Google_SAI-FluBoostQR","50",0.53808641091849,0.630881401571913,0.552415243271221,0.231160170797876,0.382027112149126,0.450687589099341,0.421130952380952,0.243238768631914,1,1,16
"Google_SAI-FluBoostQR","51",0.436997260326485,0.373690177875488,4.04744112318841,0.177323249582906,0.559371182160025,0.523919185697991,6.40476190476191,0.276304655949466,0.5,1,16
"Google_SAI-FluBoostQR","53",0.537723477961984,0.457990454590203,4.8436865942029,0.22361136551121,0.673779144004277,0.595240360736817,7.86904761904762,0.349047601118892,0.3125,1,16
"Google_SAI-FluBoostQR","54",0.35152610188781,0.526686569424772,1.33838250517598,0.360232285285253,0.499272752406084,0.594654794845461,2.11755952380952,0.623729368678464,0.5,1,16
"Google_SAI-FluBoostQR","55",0.444280520712433,0.566422120029372,3.45075375258799,0.371488788799048,0.681440676597448,0.736510505438601,5.98214285714286,0.659456894069269,0.375,1,16
"Google_SAI-FluBoostQR","56",0.72248806978351,0.829297099627592,0.842945781573499,0.282211699228732,0.850379858279322,0.958905171548856,1.1577380952381,0.438691357431773,0.8125,1,16
"ISU_NiemiLab-GPE","01",0.663105838888515,0.58786119611375,74.9390979112282,0.274746563255653,0.748745331119305,0.69784307218121,109.569482292914,0.406559836422367,0.481481481481481,0.827160493827161,81
"ISU_NiemiLab-GPE","02",0.914922637763338,0.942841295427397,8.66811957505156,0.352933240625551,0.924699089242861,0.998233903940951,12.7554814365888,0.522249204235931,0.493827160493827,0.814814814814815,81
"ISU_NiemiLab-GPE","04",1.27580011939094,0.766090522322551,517.128864473814,0.386365916472718,1.42528780541633,0.928371471166087,672.511646941165,0.488549517176079,0.567901234567901,0.802469135802469,81
"ISU_NiemiLab-GPE","05",0.768167729779566,0.691906464610043,56.3054318319431,0.369692614692238,0.769203121891241,0.717947352591822,75.2959274985418,0.499838991844137,0.530864197530864,0.814814814814815,81
"ISU_NiemiLab-GPE","06",0.723502774931798,0.575413826655051,454.375243262011,0.244982635496161,0.810868597457173,0.769270697791893,628.711046508926,0.336946772430766,0.506172839506173,0.802469135802469,81
"ISU_NiemiLab-GPE","08",0.766322276309556,0.653545148120014,81.6681984698915,0.310180906578579,0.800380515929714,0.731301129162211,109.774093477188,0.418118362256135,0.45679012345679,0.728395061728395,81
"ISU_NiemiLab-GPE","09",0.528643475404164,0.547723509265926,38.9198687617548,0.318934927343147,0.573801505631657,0.556572391404782,56.4364751711442,0.437354107505525,0.493827160493827,0.864197530864197,81
"ISU_NiemiLab-GPE","10",1.07273669441549,0.942611605513307,35.9994352504211,0.492684495286937,1.19604862310186,0.939557043576447,49.8379529919536,0.702013744339575,0.37037037037037,0.641975308641975,81
"ISU_NiemiLab-GPE","11",0.785146805036893,0.841151429664864,29.8142059331083,0.600761962901251,0.851855263732569,0.94389554189958,39.0329023016163,0.843203102998885,0.333333333333333,0.703703703703704,81
"ISU_NiemiLab-GPE","12",0.839469881325415,0.786283622716936,407.315852666056,0.290265151028381,0.940154055340372,1.05861740533652,546.31400526658,0.42353882806012,0.296296296296296,0.728395061728395,81
"ISU_NiemiLab-GPE","13",0.70988246592009,0.64643113089525,141.729178914855,0.34305600731426,0.855950303823649,0.882863689681435,212.280103262499,0.523703928618287,0.432098765432099,0.827160493827161,81
"ISU_NiemiLab-GPE","15",0.885237659666285,0.870796518438665,13.628344547069,0.265005081026097,0.94829828870346,0.91890605921668,19.8285838398794,0.402349376253268,0.345679012345679,0.839506172839506,81
"ISU_NiemiLab-GPE","16",0.631591782680272,0.648272916152538,26.5572853087182,0.303204533014817,0.706582210125297,0.843021189612611,38.792403943702,0.484236637979354,0.432098765432099,0.790123456790123,81
"ISU_NiemiLab-GPE","17",0.594792135222934,0.567057845969882,201.860812524634,0.307304272076214,0.641088130986063,0.616310313736483,270.153277290603,0.398914154321653,0.518518518518518,0.827160493827161,81
"ISU_NiemiLab-GPE","18",0.628706216593407,0.512992972244471,169.355355191161,0.325394875205959,0.678306001440225,0.54477769663359,227.732732072141,0.414289403787574,0.506172839506173,0.740740740740741,81
"ISU_NiemiLab-GPE","19",0.675960028434706,0.644653825308678,53.8532213293409,0.437840498284008,0.752285132617209,0.668935586336371,74.9967605131035,0.613743737114237,0.395061728395062,0.691358024691358,81
"ISU_NiemiLab-GPE","20",0.720930492059976,0.696318741460725,55.8015339926362,0.403347255651614,0.753590310227604,0.738917315716256,74.3517804842039,0.574564631089732,0.45679012345679,0.777777777777778,81
"ISU_NiemiLab-GPE","21",0.733468713113874,0.652790310674062,125.432468848635,0.393734659265196,0.770401347597315,0.717905781831237,171.112182623115,0.539797526893809,0.45679012345679,0.777777777777778,81
"ISU_NiemiLab-GPE","22",1.15207993545809,0.948782327356407,94.4808335550008,0.326464873012183,1.25882182011622,1.21463513458403,132.430854473427,0.483022507031938,0.308641975308642,0.777777777777778,81
"ISU_NiemiLab-GPE","23",0.786544477657618,0.756837479548173,29.6860356908883,0.491952657342932,0.810000499374989,0.739443664126919,40.2905789751336,0.708221245342522,0.333333333333333,0.728395061728395,81
"ISU_NiemiLab-GPE","24",0.725139000081102,0.722647110960369,111.261366582873,0.418209634208625,0.79858071330442,0.726733262001988,150.998856141671,0.557683528907691,0.45679012345679,0.703703703703704,81
"ISU_NiemiLab-GPE","25",0.742160806813646,0.699823544965411,176.309454267561,0.397861219768412,0.848408946202382,0.853939495413191,241.89820404682,0.542793065667043,0.407407407407407,0.703703703703704,81
"ISU_NiemiLab-GPE","26",0.748342906437914,0.617037269563006,175.776539814854,0.310050191138253,0.772647154351713,0.681696005705253,238.976698922644,0.424108927231192,0.481481481481481,0.765432098765432,81
"ISU_NiemiLab-GPE","27",0.523703227618979,0.495891580803537,101.423101547418,0.292611326421739,0.609792123527085,0.549413161050586,138.946015403888,0.395047219874263,0.481481481481481,0.864197530864197,81
"ISU_NiemiLab-GPE","28",0.796092225017216,0.699976864488607,52.4075296126804,0.343815787360781,0.827221346575793,0.782561961446962,69.1109673861444,0.452896641114526,0.493827160493827,0.740740740740741,81
"ISU_NiemiLab-GPE","29",0.934547866064859,0.862868155202994,183.306393390061,0.474563435000673,0.985305826197324,1.11557156668369,234.679842026186,0.692373292187439,0.296296296296296,0.641975308641975,81
"ISU_NiemiLab-GPE","30",0.755063447341027,0.748122126614071,20.8819873247984,0.453264815294173,0.761673013941431,0.739084962026322,27.9831063862365,0.707302514195464,0.45679012345679,0.740740740740741,81
"ISU_NiemiLab-GPE","31",0.664787453462755,0.647831237048411,33.0265683665092,0.401346958881778,0.735901861039637,0.707651876092366,45.2841265525938,0.570859986338541,0.407407407407407,0.814814814814815,81
"ISU_NiemiLab-GPE","32",0.792000001278333,0.702927345467117,33.7389159718738,0.253375783020734,0.870850371167996,0.751918667321033,50.6899659658329,0.335281959531265,0.493827160493827,0.851851851851852,81
"ISU_NiemiLab-GPE","33",0.640075778217902,0.705602108487685,30.0071492004611,0.467305863758113,0.750404122886906,0.758255927322296,42.9253421781509,0.647968252525105,0.358024691358025,0.617283950617284,81
"ISU_NiemiLab-GPE","34",0.592884843171415,0.536093828562692,169.362433515789,0.299824259983211,0.654361655457973,0.538026502913907,238.142120439187,0.381777325668268,0.506172839506173,0.814814814814815,81
"ISU_NiemiLab-GPE","35",1.01805607147013,0.913433409448227,40.0781492951902,0.353906511165084,1.00723870903869,1.04103237911522,56.3078314154088,0.54067017940968,0.382716049382716,0.814814814814815,81
"ISU_NiemiLab-GPE","36",0.614793731916699,0.501105668418838,274.227231382144,0.25541139917127,0.572806699151648,0.456283343096738,343.357161014701,0.298096733176707,0.679012345679012,0.777777777777778,81
"ISU_NiemiLab-GPE","37",0.652897079420236,0.549619018220042,218.295780511903,0.349615654651838,0.752583403224741,0.635791245697243,308.599649556435,0.474690991460027,0.432098765432099,0.802469135802469,81
"ISU_NiemiLab-GPE","38",0.768535642856914,0.83456726322005,11.7923354822049,0.424247729402344,0.728813679287079,0.682237102978285,15.5567914552374,0.529538651942043,0.592592592592593,0.790123456790123,81
"ISU_NiemiLab-GPE","39",0.753768036712044,0.668946250817909,403.531159724908,0.484179150139016,0.820517716628411,0.684858451788248,533.344288850606,0.616239736817131,0.407407407407407,0.62962962962963,81
"ISU_NiemiLab-GPE","40",0.669373895975677,0.575125769086391,85.2990039455121,0.376063397533673,0.74783613781037,0.744794753184456,120.023263164004,0.551928229629949,0.592592592592593,0.827160493827161,81
"ISU_NiemiLab-GPE","41",0.766085638529213,0.709110098019125,76.9666766260025,0.334629151872642,0.812218609735507,0.859197260400439,101.511817681233,0.450916054483306,0.481481481481481,0.790123456790123,81
"ISU_NiemiLab-GPE","42",0.739482605195994,0.722492400937195,522.167257544154,0.39851780330002,0.828653545256379,0.863119590020298,678.728776451489,0.537845163485033,0.382716049382716,0.728395061728395,81
"ISU_NiemiLab-GPE","44",0.724489722612231,0.692708171045474,19.8726597266593,0.36727736945908,0.772811512848534,0.688609184953361,26.2702883260858,0.494107830273553,0.481481481481481,0.790123456790123,81
"ISU_NiemiLab-GPE","45",0.612053984215358,0.544743118478623,113.064411285717,0.354883296952236,0.69811465638006,0.633135303594685,156.128407629594,0.4975516127243,0.45679012345679,0.790123456790123,81
"ISU_NiemiLab-GPE","46",0.656802704198194,0.712979817766906,15.4692460683477,0.430586032553895,0.717250177123428,0.72690650953999,21.566324136497,0.621029903968817,0.592592592592593,0.814814814814815,81
"ISU_NiemiLab-GPE","47",0.724658827117528,0.643652635585555,118.113576774227,0.324180856949649,0.837316191156491,0.868570284391626,173.057944762789,0.502259198421301,0.333333333333333,0.814814814814815,81
"ISU_NiemiLab-GPE","48",0.662501175640028,0.593476039075643,410.620241034788,0.294228632333194,0.767125130014621,0.848421007350712,562.554679486682,0.418889322097106,0.469135802469136,0.728395061728395,81
"ISU_NiemiLab-GPE","49",1.23654123832104,0.676942964904551,70.0337502813495,0.295417332108255,1.3663990632002,0.709879811887276,94.8276064046966,0.392458260155793,0.555555555555556,0.839506172839506,81
"ISU_NiemiLab-GPE","50",0.780206035150507,0.745182979351001,12.3258270058056,0.42049508070862,0.796235058761128,0.694848461811736,16.6605123528233,0.601533435147524,0.432098765432099,0.753086419753086,81
"ISU_NiemiLab-GPE","51",0.622952833062776,0.597199091810422,100.721932166893,0.322215723079259,0.655226964981366,0.61693553285255,137.190076174026,0.387388187849027,0.54320987654321,0.814814814814815,81
"ISU_NiemiLab-GPE","53",0.680804105734241,0.602469747147175,71.5405725898093,0.287092359333479,0.730205412513815,0.690364496145208,101.689896802908,0.414270232505827,0.407407407407407,0.814814814814815,81
"ISU_NiemiLab-GPE","54",0.637542034943858,0.604996412569278,58.5889988317257,0.400508939853587,0.676734028243334,0.59981811227448,77.6457788378703,0.563400005238835,0.45679012345679,0.777777777777778,81
"ISU_NiemiLab-GPE","55",0.655708838653125,0.62834123883594,112.786340823722,0.400502348155476,0.690586497763016,0.572651500396712,149.43518524724,0.492263498883156,0.45679012345679,0.740740740740741,81
"ISU_NiemiLab-GPE","56",1.03256365743417,0.867370472345293,17.9034992910374,0.470144534620274,1.01607997556456,0.79182703349218,24.4602057372096,0.610275799274361,0.518518518518518,0.814814814814815,81
"JHUAPL-DMD","01",1.81265879892695,1.24341888899105,205.297899701911,0.55854689399689,1.96257178930611,1.15978705010113,293.084825870823,0.664462544811177,0.434782608695652,0.826086956521739,92
"JHUAPL-DMD","02",1.07875422231198,1.04282451240326,10.4869571751578,0.375033054117783,1.16243983607232,1.10552818519542,16.5921738128245,0.557299267922002,0.532608695652174,0.945652173913043,92
"JHUAPL-DMD","04",1.66203630897904,1.14968657502978,595.124933055781,0.510999715564149,1.90937781947308,1.18436978921885,814.297079373416,0.560396547702669,0.728260869565217,0.902173913043478,92
"JHUAPL-DMD","05",1.1340171962414,1.30221138500448,80.1880882432638,0.657943241430867,1.13630904485415,1.22042069528755,110.284694331639,0.819461471999367,0.565217391304348,0.858695652173913,92
"JHUAPL-DMD","06",1.61452133641434,1.49206072487912,970.350162366277,0.601438876061913,1.89031989986393,1.68436858684035,1424.16061274786,0.728135460206136,0.391304347826087,0.880434782608696,92
"JHUAPL-DMD","08",1.27531442838157,1.01162013119045,127.535985417612,0.447161664721288,1.37568569921843,0.873676626670655,185.395436660819,0.484148403261759,0.608695652173913,0.902173913043478,92
"JHUAPL-DMD","09",0.943210335143907,0.975006238559594,69.0079270173626,0.542814766439125,0.970966940012687,0.778118727362721,99.0346902891507,0.608644891936536,0.630434782608696,0.891304347826087,92
"JHUAPL-DMD","10",1.33402985893865,1.19546810047817,40.8656211256751,0.562275272855122,1.45827855488349,1.06398241950747,58.4380461638271,0.724235378812665,0.445652173913043,0.771739130434783,92
"JHUAPL-DMD","11",0.943250525683326,1.00581232784357,34.8583538631734,0.694769474576126,0.975219353654463,1.02279437025132,45.2304986929598,0.90567963893636,0.489130434782609,0.771739130434783,92
"JHUAPL-DMD","12",1.37838230604271,1.39987800225554,625.876166534499,0.474735974779994,1.60102760483567,1.40814718695378,877.644832084691,0.52804442643194,0.489130434782609,0.83695652173913,92
"JHUAPL-DMD","13",1.51808247273193,1.4166997937677,290.627626609073,0.742953595557207,1.60215752196746,1.4529307293118,400.071073777353,0.896269841235759,0.478260869565217,0.782608695652174,92
"JHUAPL-DMD","15",1.26994987827432,1.42092790256619,17.796020113047,0.397711253416376,1.45896061201662,1.45387048782315,27.9433963129744,0.587383776742872,0.304347826086957,0.83695652173913,92
"JHUAPL-DMD","16",1.80585904201509,1.21477215260848,77.4374874391427,0.575271833543218,1.99208629979771,1.37374048400356,114.827177554911,0.818808887485686,0.423913043478261,0.902173913043478,92
"JHUAPL-DMD","17",1.18127048981077,1.08815485466927,378.278645473713,0.547756268478513,1.30238136988235,0.896682438733857,540.807975803044,0.566095904192907,0.521739130434783,0.793478260869565,92
"JHUAPL-DMD","18",0.943290847732217,0.966432507225406,242.412261864451,0.601615248481371,1.03741908008644,0.806405773469025,343.91217390619,0.62934289559034,0.543478260869565,0.793478260869565,92
"JHUAPL-DMD","19",0.772609596737422,0.864738035395331,58.1067821238945,0.556581020402965,0.83756464180658,0.774526507459239,82.9614722585994,0.698219632481688,0.576086956521739,0.869565217391304,92
"JHUAPL-DMD","20",1.08802734286318,0.955939026296036,82.4195584900741,0.536392810419441,1.20021833482966,0.858170404212305,119.901351044261,0.657418925462265,0.510869565217391,0.858695652173913,92
"JHUAPL-DMD","21",1.1083522077283,1.10286762899566,182.211146791281,0.640588021959555,1.22420665261444,1.12507379337099,269.439835489623,0.830478593204251,0.478260869565217,0.826086956521739,92
"JHUAPL-DMD","22",1.80961822920996,1.20788178635566,161.056031051137,0.423546000393711,1.98251027215298,1.17014743595616,233.479988537354,0.492414803887725,0.489130434782609,0.858695652173913,92
"JHUAPL-DMD","23",0.651647256462334,0.775342434952791,23.9532780167996,0.470576942640667,0.662163717042671,0.647534881057034,33.6576043701732,0.621550047720562,0.597826086956522,0.891304347826087,92
"JHUAPL-DMD","24",0.772526628885984,1.03133321964843,113.232999166238,0.559971315390942,0.827961148278146,0.894439846197183,156.050083110143,0.661666927792101,0.423913043478261,0.83695652173913,92
"JHUAPL-DMD","25",0.788822780873757,1.03146324651346,172.684805235711,0.540638833048237,0.847830315842234,1.01460794650854,235.542410884087,0.625654529040851,0.58695652173913,0.858695652173913,92
"JHUAPL-DMD","26",0.859873732978409,0.92729237470324,206.633944331797,0.459256432893868,0.892314848685206,0.779186335884164,289.783741256538,0.490426577155949,0.489130434782609,0.815217391304348,92
"JHUAPL-DMD","27",1.50555419943877,1.1510605214738,258.921958653345,0.617883777865204,1.60471617118672,1.00000458898723,351.267664368418,0.702608761937292,0.467391304347826,0.739130434782609,92
"JHUAPL-DMD","28",1.38783262515217,1.25961992590885,88.872971865809,0.592221650457123,1.49867071678552,1.41243697584286,126.033351006263,0.814940108984019,0.554347826086957,0.826086956521739,92
"JHUAPL-DMD","29",1.20967711356229,1.36516714376992,226.879765066759,0.705035208842421,1.41555137517181,1.58450012814673,330.489415936411,0.927265273740656,0.5,0.782608695652174,92
"JHUAPL-DMD","30",0.866058447167643,0.876754884025677,25.5347175250401,0.523478575414836,0.919854931458416,0.857364870990885,37.7187914150378,0.807317431571552,0.489130434782609,0.869565217391304,92
"JHUAPL-DMD","31",1.063636295052,0.900011302673378,51.0783329868742,0.537563246505558,1.18835777877452,0.808330335245321,73.9552876714079,0.652408799279829,0.565217391304348,0.826086956521739,92
"JHUAPL-DMD","32",1.79401780766387,1.42705498541534,74.516577182572,0.502648923187209,1.93694579224196,1.42141629142105,109.426791120536,0.628479625781825,0.554347826086957,0.891304347826087,92
"JHUAPL-DMD","33",0.947701238625283,0.848459505642718,45.4280277071298,0.518432841626697,1.0809219441967,0.813816992958643,66.5754953391262,0.672856311158507,0.576086956521739,0.869565217391304,92
"JHUAPL-DMD","34",1.13517685817517,0.976058519778943,319.730404838321,0.599967064579437,1.21158137550029,0.805749871894547,450.704953155745,0.673560948191703,0.434782608695652,0.793478260869565,92
"JHUAPL-DMD","35",1.56910062716665,1.18594885353111,63.9760659580257,0.468761827989146,1.67400003508086,1.09868257344504,99.4032359878731,0.599345609955753,0.467391304347826,0.934782608695652,92
"JHUAPL-DMD","36",1.28103254651923,1.0613663901147,545.042305292531,0.511341280430772,1.26946513485762,0.749738817247303,769.156029760663,0.505855163519878,0.423913043478261,0.83695652173913,92
"JHUAPL-DMD","37",0.961948228115251,1.08271021097241,297.64473280981,0.658796257152452,1.07026549857049,1.14104846231908,416.994509535701,0.837087740796997,0.423913043478261,0.83695652173913,92
"JHUAPL-DMD","38",1.12229462090051,1.15939112708182,16.7345744979232,0.55293013803644,1.14098665228068,1.09327911073736,23.8455774168763,0.807224715585752,0.521739130434783,0.847826086956522,92
"JHUAPL-DMD","39",0.778287413035075,0.898184940603282,399.995902860931,0.61436644875105,0.854142214382163,0.673439953417753,560.360678025832,0.618581074451972,0.434782608695652,0.815217391304348,92
"JHUAPL-DMD","40",1.22696913661746,1.33374113792676,146.942830205792,0.83766712890426,1.33594787246341,1.64649453812367,209.309469153469,1.2062449957664,0.565217391304348,0.880434782608696,92
"JHUAPL-DMD","41",1.68876317490774,1.44978504863715,164.971737056498,0.675031585971538,1.95629458107498,1.67765879354826,246.696875201624,0.913195778951075,0.402173913043478,0.902173913043478,92
"JHUAPL-DMD","42",0.737693982657521,0.92884361650091,492.490729666302,0.47749856935862,0.855353249865484,0.879106377721346,681.847196351125,0.527192666004967,0.478260869565217,0.826086956521739,92
"JHUAPL-DMD","44",0.947763453902036,0.997301162484201,24.6195230156944,0.518952812558537,1.02418225747013,0.920591557495059,35.0876377662932,0.686096251042075,0.391304347826087,0.83695652173913,92
"JHUAPL-DMD","45",1.0397238012691,1.06929301666532,184.478915779964,0.682028194391525,1.12557219551365,1.05022263907679,252.717887726661,0.842725792658934,0.521739130434783,0.869565217391304,92
"JHUAPL-DMD","46",0.827607814524374,0.997101908123617,19.8891417359666,0.594577330676281,0.891427657305781,1.04615888891663,27.9662220677198,0.902971683327959,0.597826086956522,0.880434782608696,92
"JHUAPL-DMD","47",1.53646194852456,1.20468058568574,241.905044164706,0.567859622393511,1.66317294208235,1.26582112846873,345.658473729569,0.715319456372673,0.510869565217391,0.83695652173913,92
"JHUAPL-DMD","48",1.30447014791445,1.38744110568792,775.725060764172,0.650896794359926,1.52972855482982,1.75616922668692,1095.02119529322,0.855607767058268,0.5,0.83695652173913,92
"JHUAPL-DMD","49",1.51054123826898,1.1039432449346,78.7178939800538,0.457232073156205,1.64741160089281,0.986878065708232,109.091051497248,0.545948585298728,0.489130434782609,0.83695652173913,92
"JHUAPL-DMD","50",0.914676564459074,0.972044247861775,13.8895354542026,0.524572274619395,0.965462639148267,0.959586389091231,20.0232675675791,0.820204234569866,0.467391304347826,0.847826086956522,92
"JHUAPL-DMD","51",1.06667997815327,1.05689361100039,172.394819653367,0.559845922440928,1.14678083256985,0.981836900136511,246.631672167092,0.622135174786891,0.423913043478261,0.826086956521739,92
"JHUAPL-DMD","53",1.52577652258273,1.28958546039644,163.616630820063,0.611049945246286,1.66291562556907,1.20755085234898,246.077493958654,0.756354834190926,0.456521739130435,0.891304347826087,92
"JHUAPL-DMD","54",0.712913335150215,0.849098711212094,64.7295256388925,0.542110025381561,0.785942796030426,0.75895713048266,91.7549503792634,0.698525001826709,0.456521739130435,0.858695652173913,92
"JHUAPL-DMD","55",0.746324529105489,0.88515776158714,122.204337919952,0.529426948495906,0.768646699951417,0.600357796168987,168.060039796095,0.511538595871604,0.510869565217391,0.880434782608696,92
"JHUAPL-DMD","56",1.63214544994096,1.03421417640409,27.1952317193551,0.547369120523864,1.78489558693074,1.07309898918918,41.3577596701808,0.80025806434148,0.456521739130435,0.880434782608696,92
"JHUAPL-Morris","01",0.927189866632938,1.55287125603399,132.657188628376,0.537968217718088,1.02607926911483,1.99865040777495,206.076157251994,0.932436708246739,0.416666666666667,0.833333333333333,24
"JHUAPL-Morris","02",1.25109942541268,2.04589142059557,18.9442072017642,0.776282418369341,1.1782558892237,2.31800751474947,26.1152916749318,1.21325534239735,0.125,0.541666666666667,24
"JHUAPL-Morris","04",0.653529645794604,2.51246266344341,238.831148763463,1.12598056150309,0.835900611800982,4.04331378719064,393.400647481283,2.00145641796477,0.333333333333333,0.791666666666667,24
"JHUAPL-Morris","05",1.06954757257497,1.78306730336327,178.987678032682,0.901175726038773,1.23589138053493,1.97733767926638,261.225462357203,1.24303644765086,0.333333333333333,0.666666666666667,24
"JHUAPL-Morris","06",0.932317880803868,2.1656789840361,813.861929568968,0.82570046611084,1.07048579556519,2.57777237403534,1209.36031595866,1.110456234193,0.375,0.875,24
"JHUAPL-Morris","08",1.10319257996149,2.16085250694711,150.744613636404,0.790413054981962,1.25898684435843,2.83476964999096,237.230823198954,1.31335913722325,0.25,0.75,24
"JHUAPL-Morris","09",1.05437547165345,2.25349840911905,133.623443421903,0.848572695400696,1.13766246377491,2.43173711124474,203.149271647135,1.32240386707486,0.291666666666667,0.833333333333333,24
"JHUAPL-Morris","10",1.10600387071834,2.09235934533445,72.6365907511504,1.05891664459092,1.2216695737904,2.22380081299919,101.728472073873,1.57899870526079,0.25,0.625,24
"JHUAPL-Morris","11",0.877696712447828,1.89947727076419,68.2080237493135,1.23916887162316,1.03976878007273,2.48173479355761,98.2945283055305,1.97733044598117,0.375,0.791666666666667,24
"JHUAPL-Morris","12",1.07402632716631,2.09625411568671,772.930865419913,0.64464004831755,1.18679303052548,2.50910685464738,1053.03355407715,0.857638215895878,0.5,0.875,24
"JHUAPL-Morris","13",0.98338561269575,1.67114190672195,302.822585945682,0.73873581520544,1.11342966585842,2.25565710678976,455.44491704305,1.20316353617821,0.25,0.875,24
"JHUAPL-Morris","15",1.72527292372628,3.31769173440264,26.0736141582157,0.671878385143556,1.87399603777251,3.71360403586379,39.9330134391785,1.0835605318464,0.166666666666667,0.833333333333333,24
"JHUAPL-Morris","16",1.05229504789011,2.05869479586791,44.507422673875,0.766393630199631,1.21105719353467,2.8361693271254,71.715399424235,1.29525029140688,0.333333333333333,0.833333333333333,24
"JHUAPL-Morris","17",0.991106997049339,1.86244619450895,505.928279321643,0.690109471699386,1.18798353103108,2.06588878368572,787.07101949056,0.965333614190957,0.416666666666667,0.916666666666667,24
"JHUAPL-Morris","18",0.800009965119205,1.18344943246996,476.174040390236,0.766749814208289,0.881907268230844,1.2779978267786,628.392515182495,0.99640734353442,0.458333333333333,0.625,24
"JHUAPL-Morris","19",1.00629641846898,2.24413262670364,158.431009847185,0.966983525250374,1.15951910668147,2.36957478279478,229.048572858175,1.39248098650166,0.333333333333333,0.791666666666667,24
"JHUAPL-Morris","20",0.936597664081045,1.63832384231557,147.681848762899,0.919615415880957,1.04890225002817,1.93386094673111,207.295139948527,1.41562018241571,0.333333333333333,0.666666666666667,24
"JHUAPL-Morris","21",0.945966205422692,1.45554418340354,321.225946709177,0.806279180321027,0.96464659492284,1.56020109090907,422.103345870972,1.06101989581799,0.416666666666667,0.666666666666667,24
"JHUAPL-Morris","22",0.899000795546948,1.01541065224228,95.9873450207365,0.325136759371482,1.01939196965473,1.09445942637027,142.272778193156,0.403720745573242,0.25,0.75,24
"JHUAPL-Morris","23",1.06225046388115,2.17454193129992,77.2154165452978,0.949238119779951,1.21597253988091,2.12335206871786,117.051565965017,1.36960459955751,0.166666666666667,0.791666666666667,24
"JHUAPL-Morris","24",0.879781694073274,1.58105052796482,276.308998408732,0.777843117091087,1.0116076774723,1.37896129904481,396.661012331645,0.896670991788527,0.291666666666667,0.75,24
"JHUAPL-Morris","25",0.986946134600267,1.70890218720151,507.264098154013,0.919286890159393,1.25377271163298,1.83504159528283,770.98356850942,1.11259633916404,0.25,0.708333333333333,24
"JHUAPL-Morris","26",1.09123819225557,1.69013281803102,583.519493197013,0.909902381965404,1.22953219313345,1.86880324783194,852.054226875305,1.25076076153306,0.0833333333333333,0.5,24
"JHUAPL-Morris","27",0.631323595064471,1.82885181367288,145.349227313166,0.659874492784983,0.767510355669047,2.25624216276644,236.482425053914,1.13556484364341,0.541666666666667,1,24
"JHUAPL-Morris","28",0.858478473151665,1.33492576866447,105.536087536743,0.571929520032975,0.904221225617415,1.43859538018646,142.064134279887,0.753508666250163,0.583333333333333,0.791666666666667,24
"JHUAPL-Morris","29",1.1494352817991,1.86145465871497,445.476470638496,0.930237801084516,1.28285540778162,2.51874462001864,613.602591196696,1.4064756673843,0.166666666666667,0.5,24
"JHUAPL-Morris","30",1.09267273063216,1.95051388968207,70.2818490350419,1.10055519557216,1.16313996048656,2.01331632289414,98.2186292807261,1.74822459640268,0,0.5,24
"JHUAPL-Morris","31",0.967195174037904,1.78347735663532,82.1289521579466,0.742267010633228,1.13105037179318,1.93599562439468,122.67717107137,1.09482533921669,0.458333333333333,0.75,24
"JHUAPL-Morris","32",0.773003388512552,1.52315731968943,34.4589384315325,0.428418940671883,0.871908762113686,2.05616512620627,56.0953607559204,0.750644169693505,0.416666666666667,0.916666666666667,24
"JHUAPL-Morris","33",0.733054751254051,1.32812866907871,77.5613138030923,0.93522939117052,0.881037167710233,1.47476082894767,114.275098244349,1.34909622727765,0.166666666666667,0.458333333333333,24
"JHUAPL-Morris","34",0.759022492690746,1.35136221006461,370.652528322745,0.600844120485359,0.914879742974838,1.2066924017796,590.349610646566,0.71803978339538,0.375,0.958333333333333,24
"JHUAPL-Morris","35",1.26817093083917,1.84934012837102,78.5418113234423,0.719726535782832,1.29519048505555,2.07094468461472,113.82129573822,1.06329595451504,0.125,0.5,24
"JHUAPL-Morris","36",0.933614809973945,1.74780033833964,577.279276095404,0.622973407425185,1.13537669930374,1.81947982674381,968.384433746338,0.889302513590486,0.333333333333333,0.958333333333333,24
"JHUAPL-Morris","37",0.854034340072978,1.71367429375844,588.463785921456,0.949735468529705,0.930030109356398,1.73881850612867,780.871433893839,1.17470669204994,0.458333333333333,0.791666666666667,24
"JHUAPL-Morris","38",1.09507356072071,2.44525786693367,32.4481208988031,0.986739181451835,1.10005963255324,2.52355493169973,46.6679016848405,1.62919212036654,0.458333333333333,0.833333333333333,24
"JHUAPL-Morris","39",0.768277534793394,1.29793123378652,917.357527521106,0.795419414671648,0.951808860776985,1.14606949134785,1369.23127492269,0.896481666754235,0.333333333333333,0.791666666666667,24
"JHUAPL-Morris","40",0.927194637864957,1.43137287338294,270.482938474849,0.87355689652688,0.996677288298614,1.62642870423955,358.371672948201,1.13014159726879,0.416666666666667,0.708333333333333,24
"JHUAPL-Morris","41",0.940377392335732,1.59805361118515,143.102442329241,0.769391629467844,1.08998266846721,2.10295746081102,213.525903701782,1.17592538811762,0.333333333333333,0.75,24
"JHUAPL-Morris","42",1.01082046718747,2.43077428567577,1290.82343469869,1.10794963115382,1.33809400915242,3.07921443059861,2073.29200490316,1.68805646170343,0.25,0.791666666666667,24
"JHUAPL-Morris","44",1.03084764530735,1.7644404421421,54.564287874284,0.782221127824772,1.16418470772181,1.80374131723988,77.4256300926208,1.06721470199512,0.333333333333333,0.791666666666667,24
"JHUAPL-Morris","45",0.740326483347803,1.3333590342403,306.374425844939,0.825642589831933,0.825671682646945,1.42266967314827,406.127316157023,1.07868423003339,0.458333333333333,0.75,24
"JHUAPL-Morris","46",0.867952239563862,1.63358938297091,54.0735875053855,1.04534357185776,0.919228402509599,1.54397325970579,70.5311601559321,1.32334925911116,0.416666666666667,0.666666666666667,24
"JHUAPL-Morris","47",0.841915113065696,1.42682699670302,191.364957019972,0.555094182698846,0.929451361743296,2.0542468148469,281.689161936442,0.952042301136741,0.5,0.833333333333333,24
"JHUAPL-Morris","48",0.825836663138874,2.29688860029862,1042.26960059456,1.22248697715081,0.964652167828,3.51551344101545,1450.78857421875,1.95398109200767,0.458333333333333,0.75,24
"JHUAPL-Morris","49",0.725819354100479,1.74507926918745,40.7639103137583,0.524519216133377,0.915096422491288,2.08210334237726,69.6215000152588,0.847498829711784,0.416666666666667,1,24
"JHUAPL-Morris","50",1.03261104834009,1.90185470509568,36.6125025965511,0.934002861966356,1.0816754338495,1.80917881184736,50.236910978953,1.31065349418164,0.333333333333333,0.625,24
"JHUAPL-Morris","51",0.915418709054131,1.33800252143828,309.409225213148,0.673971793784108,1.00430643328918,1.31861771727541,433.677693367004,0.774874436176067,0.458333333333333,0.75,24
"JHUAPL-Morris","53",0.896287381034538,1.41890733653703,141.101316219827,0.539101264160915,0.951936569215541,1.78176800050184,210.458346684774,0.929127045519123,0.333333333333333,0.666666666666667,24
"JHUAPL-Morris","54",0.83577840508976,1.55179066311855,185.670298802023,1.00810377975287,1.00983584677849,1.69462089988286,265.174913644791,1.4681062531422,0.333333333333333,0.666666666666667,24
"JHUAPL-Morris","55",0.884432079615369,1.7771515829896,311.58027824623,0.852195967847515,1.04751632556173,1.72467676237562,443.366153717041,1.07878142904376,0.333333333333333,0.791666666666667,24
"JHUAPL-Morris","56",1.23307054264566,2.19230927288,26.8568733658652,0.726523963497474,1.36021668864746,2.79538584131682,43.2410732110341,1.28571543218806,0.0833333333333333,0.916666666666667,24
"JHU_CSSE-CSSE_Ensemble","01",0.899100417244543,0.820787593177755,97.4326797325848,0.385346653157926,1.02275713192085,0.884567640518037,141.441287878788,0.512707688826803,0.511363636363636,0.852272727272727,88
"JHU_CSSE-CSSE_Ensemble","02",1.1584525157027,1.21354350934317,11.3303567768841,0.450274145108272,1.09073790218618,1.14045758861135,15.7424242424242,0.600214296974137,0.5,0.727272727272727,88
"JHU_CSSE-CSSE_Ensemble","04",1.14363895317046,0.998110564648228,364.746644758897,0.448053914525877,1.38067699130048,1.17677463333587,526.145833333333,0.570490789900959,0.465909090909091,0.761363636363636,88
"JHU_CSSE-CSSE_Ensemble","05",0.74868186333414,0.765218239913777,53.6684181862648,0.403609951446396,0.790819788222933,0.84194379698774,73.8579545454545,0.576941134727391,0.477272727272727,0.818181818181818,88
"JHU_CSSE-CSSE_Ensemble","06",0.802403703023679,0.778009362260926,467.353462211647,0.328268255657255,0.983808027611507,1.08898275920982,703.138257575758,0.472649631345462,0.443181818181818,0.829545454545455,88
"JHU_CSSE-CSSE_Ensemble","08",1.1073104581234,0.863609053097882,101.424966976266,0.387784477308292,1.22650744542581,0.964473808651023,146.280303030303,0.53323766088359,0.522727272727273,0.772727272727273,88
"JHU_CSSE-CSSE_Ensemble","09",0.732370646242186,0.830663079828477,49.5846589232131,0.434200844927346,0.81844403253843,0.815706274938705,75.5700757575758,0.583613806789871,0.602272727272727,0.875,88
"JHU_CSSE-CSSE_Ensemble","10",1.00884366009555,0.895879214530488,30.6373841530437,0.420386463043428,1.15706334267254,0.877968440288658,44.0909090909091,0.588478757259755,0.511363636363636,0.829545454545455,88
"JHU_CSSE-CSSE_Ensemble","11",0.706033344107437,0.795303117001741,26.1368753211668,0.538971637732501,0.842248345661051,0.962607198105896,37.9280303030303,0.826411575861512,0.386363636363636,0.761363636363636,88
"JHU_CSSE-CSSE_Ensemble","12",0.740735849152234,0.789178303879614,327.248579075547,0.283242101303394,0.845928930674308,0.912891366604209,454.206439393939,0.362460298639279,0.511363636363636,0.75,88
"JHU_CSSE-CSSE_Ensemble","13",0.892251973675163,0.718025422381935,162.537729847184,0.379341905223944,1.10137276375597,0.8045589999439,253.979166666667,0.492098221658863,0.477272727272727,0.863636363636364,88
"JHU_CSSE-CSSE_Ensemble","15",1.08557129798198,1.46552142576356,14.4933718846772,0.418630686210458,1.05805300607042,1.32080658070331,19.3200757575758,0.545464752725266,0.477272727272727,0.784090909090909,88
"JHU_CSSE-CSSE_Ensemble","16",0.895075308219455,0.915058475249209,36.3740644725609,0.442810704071025,0.89696710138724,0.963776324394183,48.0416666666667,0.585261578525042,0.477272727272727,0.727272727272727,88
"JHU_CSSE-CSSE_Ensemble","17",0.649086880220916,0.669117031705046,196.640459563161,0.338037179999771,0.713504640590918,0.688803195702865,269.053977272727,0.417746898289716,0.602272727272727,0.863636363636364,88
"JHU_CSSE-CSSE_Ensemble","18",0.735530856063847,0.717664894780003,188.553208217547,0.458952902594152,0.836818375993362,0.791722849006575,259.460227272727,0.612257623495688,0.488636363636364,0.784090909090909,88
"JHU_CSSE-CSSE_Ensemble","19",0.637391556020893,0.753630667983013,45.2929604007329,0.466227096134974,0.721920494575431,0.809831445599254,63.907196969697,0.678597514774224,0.511363636363636,0.840909090909091,88
"JHU_CSSE-CSSE_Ensemble","20",0.938691476479157,0.815145513340827,70.0355434318594,0.463693452911692,1.03837297043637,0.854187732042437,98.1875,0.653705821078844,0.465909090909091,0.806818181818182,88
"JHU_CSSE-CSSE_Ensemble","21",1.00812751979484,0.894582541206673,165.240301251491,0.537024583282017,1.07313286823435,1.0165384843573,222.839015151515,0.757909284794127,0.420454545454545,0.784090909090909,88
"JHU_CSSE-CSSE_Ensemble","22",1.13605938583821,1.01931867992209,97.0054244607147,0.382859457004452,1.20126583041539,1.13291486665512,133.017045454545,0.50479257906836,0.397727272727273,0.727272727272727,88
"JHU_CSSE-CSSE_Ensemble","23",1.23782669080275,0.875588393887743,45.7975650790127,0.497080411750992,1.44622074597297,0.876632323046296,71.9015151515152,0.750156958179956,0.511363636363636,0.795454545454545,88
"JHU_CSSE-CSSE_Ensemble","24",0.650485154007267,0.709134984538165,95.962226263573,0.389529599701187,0.775897588126151,0.721486209888527,142.708333333333,0.519581706277103,0.522727272727273,0.784090909090909,88
"JHU_CSSE-CSSE_Ensemble","25",0.788393991308809,0.837101726496292,171.01116348388,0.424756029218693,0.93278692097638,0.919641936026129,250.797348484848,0.538163744196989,0.409090909090909,0.670454545454545,88
"JHU_CSSE-CSSE_Ensemble","26",0.720830915457787,0.729757718900005,171.515162910745,0.350272529280019,0.744086592400536,0.822474651939313,233.850378787879,0.495668216003562,0.420454545454545,0.806818181818182,88
"JHU_CSSE-CSSE_Ensemble","27",1.94569300816376,0.882856613054814,339.763371100324,0.475538256692791,2.37980476689591,0.898069037212735,516.803977272727,0.603854841469083,0.636363636363636,0.840909090909091,88
"JHU_CSSE-CSSE_Ensemble","28",0.789298652256015,0.763463956525475,47.8141208083622,0.364488173499611,0.873249499178144,0.805508922590852,68.5738636363636,0.473667510885672,0.545454545454545,0.852272727272727,88
"JHU_CSSE-CSSE_Ensemble","29",0.9426132218382,1.06281302764223,174.780848901229,0.55734700754267,0.967493616807355,1.19208396239408,218.704545454545,0.705767725383293,0.454545454545455,0.670454545454545,88
"JHU_CSSE-CSSE_Ensemble","30",0.87440831375225,0.935279541022346,25.3533170701186,0.540964144792866,0.918520376635642,0.866862195667925,35.4299242424242,0.788238101739017,0.454545454545455,0.738636363636364,88
"JHU_CSSE-CSSE_Ensemble","31",0.776980894945973,0.734080670321574,36.2178571367838,0.438351960916244,0.908755387425224,0.792638333176076,52.6136363636364,0.626446160100682,0.511363636363636,0.852272727272727,88
"JHU_CSSE-CSSE_Ensemble","32",1.08761612161593,1.0985542625587,44.2750045753706,0.409602977510603,1.06930651005839,1.09730628829028,57.9337121212121,0.511777063921006,0.579545454545455,0.772727272727273,88
"JHU_CSSE-CSSE_Ensemble","33",1.7338967632198,0.784400015641917,93.6295837945866,0.46328339503363,2.21030680971549,0.857098118274477,149.515151515152,0.666270043644257,0.409090909090909,0.761363636363636,88
"JHU_CSSE-CSSE_Ensemble","34",1.10713726739526,0.809150115585158,298.533557427326,0.49313713318968,1.2751111940177,0.789634329635358,448.376893939394,0.62845346350179,0.488636363636364,0.761363636363636,88
"JHU_CSSE-CSSE_Ensemble","35",1.32476631653269,1.02459453985582,50.9526569832084,0.40716663546893,1.37069729277705,1.09643042730009,73.9034090909091,0.57845168135097,0.397727272727273,0.704545454545455,88
"JHU_CSSE-CSSE_Ensemble","36",0.981460867677714,0.692079090391691,394.314768949371,0.333099298537594,1.02317820982275,0.662893439997216,543.089015151515,0.409120946052733,0.568181818181818,0.795454545454545,88
"JHU_CSSE-CSSE_Ensemble","37",0.618457052084166,0.67092569324258,190.757493525312,0.424007645184704,0.714181582466793,0.702744638527845,267.916666666667,0.531356412700249,0.568181818181818,0.829545454545455,88
"JHU_CSSE-CSSE_Ensemble","38",1.15830517666414,0.87911448586672,17.1371821548501,0.416798149261407,1.32145021041697,0.817897614480248,27.4507575757576,0.59976385420296,0.602272727272727,0.875,88
"JHU_CSSE-CSSE_Ensemble","39",0.776255855787651,0.727944360440005,423.410403908866,0.562136339861854,1.00518214377328,0.818486823083593,660.907196969697,0.792807300850423,0.454545454545455,0.829545454545455,88
"JHU_CSSE-CSSE_Ensemble","40",0.849830345823285,0.782329890554787,102.133902752044,0.469685138315744,0.960887164113241,0.926721028405109,143.585227272727,0.633697673646041,0.625,0.840909090909091,88
"JHU_CSSE-CSSE_Ensemble","41",1.01474403762238,1.08405593867683,99.4541870650099,0.536327500762233,0.992123861331286,1.12630612604171,121.743371212121,0.634746176953471,0.534090909090909,0.727272727272727,88
"JHU_CSSE-CSSE_Ensemble","42",0.657791557326705,0.744832918645215,419.256812561656,0.372671662665251,0.793026135173111,0.855991925401005,604.375946969697,0.494814169056273,0.397727272727273,0.761363636363636,88
"JHU_CSSE-CSSE_Ensemble","44",0.708670637611395,0.726941730414867,17.5967227594697,0.361918210865119,0.846700245049375,0.790663127648875,26.5473484848485,0.535148390021239,0.545454545454545,0.806818181818182,88
"JHU_CSSE-CSSE_Ensemble","45",0.571224575231445,0.612024879819468,101.573020333231,0.402528430062562,0.667623265976794,0.635731180000822,142.882575757576,0.510078957344082,0.602272727272727,0.840909090909091,88
"JHU_CSSE-CSSE_Ensemble","46",0.692535516430286,0.812046391944332,16.6001038201416,0.473294954263633,0.824462893427799,0.850534889525087,25.1751893939394,0.693697789402783,0.522727272727273,0.818181818181818,88
"JHU_CSSE-CSSE_Ensemble","47",0.968824515731177,0.820839585234014,143.953850594437,0.400061078956121,1.0466921119152,0.884762824479226,199.125,0.506280131216597,0.568181818181818,0.829545454545455,88
"JHU_CSSE-CSSE_Ensemble","48",0.685333529693814,0.632725065645433,400.190608266284,0.306618630776553,0.847164688829283,0.797104390445116,600.763257575758,0.397256273815673,0.545454545454545,0.829545454545455,88
"JHU_CSSE-CSSE_Ensemble","49",1.12970342818342,1.01227034961576,56.1429011847793,0.454456165320256,1.24457140199034,0.9887913444672,75.407196969697,0.570261363783608,0.534090909090909,0.806818181818182,88
"JHU_CSSE-CSSE_Ensemble","50",0.711957700280872,0.735638424417688,10.7225490367671,0.378015304361234,0.747948254235077,0.667199080583009,15.1590909090909,0.532473563852108,0.534090909090909,0.829545454545455,88
"JHU_CSSE-CSSE_Ensemble","51",0.742621985903597,0.722930782108806,115.902151645482,0.379263353093759,0.838215351527235,0.785370162714037,168.367424242424,0.480455109732646,0.568181818181818,0.829545454545455,88
"JHU_CSSE-CSSE_Ensemble","53",0.865623375194847,0.89780699790615,93.1271040183385,0.469861463106742,0.905362886358963,0.939364334694863,129.193181818182,0.623268819708315,0.522727272727273,0.806818181818182,88
"JHU_CSSE-CSSE_Ensemble","54",0.813480921645098,0.711816202136962,78.4224605964221,0.473688298265689,0.965578018550585,0.74539998570691,115.14375,0.70210761128889,0.4375,0.85,80
"JHU_CSSE-CSSE_Ensemble","55",0.563404083037002,0.702771258663918,94.5798988517194,0.450813040471774,0.669646437882255,0.716172148746305,137.918560606061,0.605639045290291,0.522727272727273,0.829545454545455,88
"JHU_CSSE-CSSE_Ensemble","56",1.33016503343398,0.947998163661366,20.0940393749984,0.464860226806506,1.37761380116203,0.95303344402759,28.8276515151515,0.666664369409787,0.545454545454545,0.829545454545455,88
"LUcompUncertLab-chimera","01",1.12228975405375,1.31050556479442,131.968338509317,0.666733530330995,1.10051217279273,1.37674860642899,163.690476190476,0.860027302212998,0.285714285714286,0.583333333333333,84
"LUcompUncertLab-chimera","02",0.891304073533692,0.894997847704055,8.22689958592133,0.338431926992747,0.834524110082407,0.876550062008627,11.3571428571429,0.463640135424487,0.55952380952381,0.80952380952381,84
"LUcompUncertLab-chimera","04",0.790261675676814,0.960706099440343,317.578364389234,0.461255915479031,0.876234033359664,1.31252151558541,399.571428571429,0.657729595496612,0.214285714285714,0.69047619047619,84
"LUcompUncertLab-chimera","05",0.730757486823511,0.74277441880393,52.0806107660455,0.427708665155919,0.741015053155661,0.816965567696653,68.9523809523809,0.603177413035708,0.357142857142857,0.75,84
"LUcompUncertLab-chimera","06",1.33063397381544,1.35437616445171,820.989891304348,0.577759098248134,1.29844462883865,1.83233490533745,968.238095238095,0.796291281482841,0.202380952380952,0.630952380952381,84
"LUcompUncertLab-chimera","08",0.866351436970484,0.804308983624915,89.5687474120083,0.3759826957349,0.862669888530844,0.9506940149844,113.238095238095,0.536422595062885,0.416666666666667,0.773809523809524,84
"LUcompUncertLab-chimera","09",0.871267035737399,0.874479504004993,63.1478830227743,0.543991433141699,0.851781304588697,0.886915014648496,81.4285714285714,0.736379205976876,0.392857142857143,0.726190476190476,84
"LUcompUncertLab-chimera","10",1.08013760026673,1.15448968358713,34.7602070393375,0.591168252494504,1.13356439038918,1.15077630848791,44.5714285714286,0.846478794558476,0.166666666666667,0.666666666666667,84
"LUcompUncertLab-chimera","11",0.893472498487728,1.06007261434394,48.8401207729469,0.970786870061935,0.927020058246149,1.13506515584791,57.2777777777778,1.24998774159099,0.138888888888889,0.361111111111111,36
"LUcompUncertLab-chimera","12",1.13499777316945,1.27383472712309,543.050881642512,0.479472295496184,1.17397428815971,1.60951814790166,660.930555555556,0.646560563987814,0.347222222222222,0.625,72
"LUcompUncertLab-chimera","13",0.986713837312993,1.193846447074,191.106775362319,0.665145950986401,1.06685869945119,1.50029494855075,248.154761904762,0.912870993125582,0.142857142857143,0.583333333333333,84
"LUcompUncertLab-chimera","15",1.47137929374207,1.83344556657639,22.1071169772257,0.575946382302413,1.43320981536398,1.78463349785106,28.9642857142857,0.795642684809037,0.25,0.642857142857143,84
"LUcompUncertLab-chimera","16",0.812049944635001,0.823511927374504,35.1711180124224,0.406088978071286,0.901063166484811,1.048679045671,51.0476190476191,0.644611085200958,0.202380952380952,0.797619047619048,84
"LUcompUncertLab-chimera","17",1.12194861692944,1.15534482631151,368.072049689441,0.637822607682629,1.14253870887235,1.32599019925855,454.547619047619,0.852063643222845,0.273809523809524,0.595238095238095,84
"LUcompUncertLab-chimera","18",0.673494499306969,0.672756191388142,176.249197722567,0.459999028800357,0.721395451941269,0.784461067455939,226.845238095238,0.635244011975083,0.357142857142857,0.714285714285714,84
"LUcompUncertLab-chimera","19",0.788777198863199,0.742272606950224,60.4844875776398,0.524885537373269,0.802610752646654,0.787211123615117,76.0476190476191,0.759217248003207,0.285714285714286,0.75,84
"LUcompUncertLab-chimera","20",0.780781322244991,0.774255697345808,59.9900621118012,0.455229239272549,0.720310226221657,0.781280282800278,69.9285714285714,0.612705141864852,0.392857142857143,0.714285714285714,84
"LUcompUncertLab-chimera","21",0.850163394911186,0.889741440274917,145.94751552795,0.5714480256188,0.836493139472111,0.973258243691448,183.285714285714,0.772542477660182,0.357142857142857,0.714285714285714,84
"LUcompUncertLab-chimera","22",1.0713920954856,1.13439704612533,104.464595410628,0.457062741772418,1.06938428815987,1.34018779009739,132.222222222222,0.620712717074981,0.361111111111111,0.638888888888889,72
"LUcompUncertLab-chimera","23",0.6787209703892,0.745654040221694,25.4753416149068,0.517398765283916,0.689342709309059,0.713636732733209,33.6071428571429,0.728970093867246,0.44047619047619,0.785714285714286,84
"LUcompUncertLab-chimera","24",0.749425097272809,0.898834914250698,109.658048654244,0.562669204042007,0.752564103412572,0.906704116481474,134.059523809524,0.73409127620665,0.44047619047619,0.642857142857143,84
"LUcompUncertLab-chimera","25",0.905728632855836,0.927925949931659,195.813348861284,0.503690944097945,1.00413110434617,1.17896410490509,260.559523809524,0.7215918832381,0.297619047619048,0.69047619047619,84
"LUcompUncertLab-chimera","26",0.807071846688449,0.65793903605075,192.963266045549,0.348487357342813,0.870094710294892,0.760840767532702,273.035714285714,0.500453591318643,0.452380952380952,0.761904761904762,84
"LUcompUncertLab-chimera","27",1.04775688506437,0.869511917311068,195.578778467909,0.536645549022376,1.09243766087659,0.920912965061746,244.142857142857,0.708408097236275,0.44047619047619,0.714285714285714,84
"LUcompUncertLab-chimera","28",0.88510032765772,0.814600698768358,58.5751293995859,0.423877969995167,0.895640905528073,0.905105881543236,75.6666666666667,0.557546836629682,0.476190476190476,0.69047619047619,84
"LUcompUncertLab-chimera","29",0.920777211583607,0.924678948189766,166.607562111801,0.498952443282251,0.907773181550465,1.10819317805221,199.690476190476,0.67045621556512,0.416666666666667,0.642857142857143,84
"LUcompUncertLab-chimera","30",0.728666876307805,0.851943551578543,19.8440320910973,0.54051992266445,0.757789107134957,0.733218033294457,27.8571428571429,0.739236007329851,0.416666666666667,0.714285714285714,84
"LUcompUncertLab-chimera","31",0.833369639023804,0.808478110705665,41.0427070393375,0.515583970012732,0.831957961785891,0.842898625945607,50.2261904761905,0.703748700582054,0.369047619047619,0.69047619047619,84
"LUcompUncertLab-chimera","32",0.945136574446837,1.1298442801174,41.3861594202899,0.412190531463536,0.981162713971115,1.43120409842826,56.4642857142857,0.63440721206118,0.238095238095238,0.821428571428571,84
"LUcompUncertLab-chimera","33",0.645250965806649,0.704576782416722,29.3546739130435,0.446509357950859,0.700026368327664,0.776858605286009,38.5238095238095,0.632484295755488,0.380952380952381,0.75,84
"LUcompUncertLab-chimera","34",1.0044009836375,0.875103481054309,284.884575569358,0.571863767906492,1.00750851427544,0.970665216025467,351.678571428571,0.804042673080867,0.154761904761905,0.678571428571429,84
"LUcompUncertLab-chimera","35",1.00300278975812,0.82638689733278,38.9424223602485,0.332094567562293,1.00892619216835,0.924000203976205,55.2976190476191,0.495300335780756,0.404761904761905,0.821428571428571,84
"LUcompUncertLab-chimera","36",1.11515380980833,1.08859239675069,510.883176328502,0.600573203202698,1.07923732203872,1.23859386889748,633.694444444444,0.851801174590611,0.0555555555555556,0.652777777777778,72
"LUcompUncertLab-chimera","37",1.06382839397364,0.855101632195468,320.154891304348,0.555011965608641,1.15288983970379,1.06100966925723,415.595238095238,0.808492441834272,0.214285714285714,0.714285714285714,84
"LUcompUncertLab-chimera","38",0.897343210220657,0.712849695351303,12.4923447204969,0.355111092717499,0.950090545125584,0.698640533131555,17.9761904761905,0.52555405944598,0.5,0.845238095238095,84
"LUcompUncertLab-chimera","39",0.804839904047615,0.744277893077146,413.38117494824,0.561569088690513,0.836303416188089,0.827293047907999,501.809523809524,0.757329982386585,0.333333333333333,0.69047619047619,84
"LUcompUncertLab-chimera","40",0.832649370336636,0.82903090725047,101.64531573499,0.532264698666878,0.91062565694571,1.0199033977801,136.321428571429,0.736305041825099,0.357142857142857,0.630952380952381,84
"LUcompUncertLab-chimera","41",1.03928285107763,1.07299381829237,104.910056935818,0.524707364254811,1.0792703779781,1.37805283304952,134.880952380952,0.757263085433051,0.273809523809524,0.726190476190476,84
"LUcompUncertLab-chimera","42",0.952356475784831,0.849918994069832,642.060527950311,0.483958107283195,0.969271787773525,0.960562925142756,756.702380952381,0.618029772976594,0.5,0.69047619047619,84
"LUcompUncertLab-chimera","44",0.965202643211193,0.841599371390867,26.1312577639752,0.470215005691658,0.914425580304853,0.82675114424268,30.5595238095238,0.619998940033487,0.5,0.702380952380952,84
"LUcompUncertLab-chimera","45",0.755058934360185,0.78755043497869,134.552230848861,0.554297275236756,0.778012639768789,0.829449417175652,163.27380952381,0.697460408661444,0.488095238095238,0.630952380952381,84
"LUcompUncertLab-chimera","46",0.967663264630214,0.899448057297649,20.6009368530021,0.5438135121253,1.07175756253223,0.937937924192105,28.3452380952381,0.79007572127871,0.25,0.619047619047619,84
"LUcompUncertLab-chimera","47",0.821689254241325,0.795534722450708,136.17283126294,0.412670648893806,0.824616188607879,0.937456492488905,172.392857142857,0.554680926023103,0.476190476190476,0.75,84
"LUcompUncertLab-chimera","48",0.757226728110976,0.819105823216366,438.209073498965,0.405003358124023,0.807276958260608,1.10576097380657,548.047619047619,0.539126766581342,0.428571428571429,0.702380952380952,84
"LUcompUncertLab-chimera","49",1.29110306627331,1.7926277072883,70.5271221532091,0.793726085134273,1.29237526184076,1.95588582299199,84.0238095238095,1.07990051446493,0.0952380952380952,0.571428571428571,84
"LUcompUncertLab-chimera","50",1.26315842774377,0.841538533107105,19.4818995859213,0.495014064510281,1.31008006897406,0.772399751579647,26.4880952380952,0.694539372574964,0.404761904761905,0.702380952380952,84
"LUcompUncertLab-chimera","51",0.717333315383804,0.724945250293465,117.004394409938,0.44315139909584,0.705390794250505,0.826497991163243,146.369047619048,0.580547780052555,0.404761904761905,0.702380952380952,84
"LUcompUncertLab-chimera","53",1.02886253340221,0.9350160279133,112.763628364389,0.484239409728851,0.95747274073328,0.95410055437778,140.27380952381,0.626414721471197,0.547619047619048,0.69047619047619,84
"LUcompUncertLab-chimera","54",0.601364226150104,0.685342915748214,55.4022774327122,0.491212127671828,0.673530008121657,0.70867450648077,77.0119047619048,0.712010666852757,0.357142857142857,0.773809523809524,84
"LUcompUncertLab-chimera","55",0.954651817844001,0.716987240354893,159.033038302277,0.470216576674409,1.04831416227815,0.778484723420195,211.380952380952,0.664929852985612,0.321428571428571,0.738095238095238,84
"LUcompUncertLab-chimera","56",0.952806130022977,0.811145656597001,16.2358695652174,0.442483410138261,0.896822625923324,0.82249008022905,20.5238095238095,0.625273978768174,0.380952380952381,0.702380952380952,84
"LosAlamos_NAU-CModel_Flu","01",0.576147926275066,0.54122747004305,61.5422836413044,0.233873277844016,0.650095006106536,0.659937550169352,91.00625,0.356933218226481,0.425,0.8875,80
"LosAlamos_NAU-CModel_Flu","02",1.33118781374359,0.906956046686642,13.2601130706522,0.326458593388254,1.4363629253915,1.0353026556605,21.1125,0.522470818853257,0.4,0.9,80
"LosAlamos_NAU-CModel_Flu","04",0.584059103509989,0.472794104739738,202.319939021739,0.218243841817845,0.788303074017842,0.716167819248949,321.63125,0.347650438801679,0.5875,0.9875,80
"LosAlamos_NAU-CModel_Flu","05",0.759922062598047,0.751245536017826,56.0312147826087,0.375621475502771,0.934620114870696,0.922582602517087,90.5625,0.591322584442953,0.1875,0.8,80
"LosAlamos_NAU-CModel_Flu","06",0.819165500084887,0.699739822937604,487.619904755435,0.285506414586306,0.988100961793228,1.04536007009524,729.375,0.436356765163548,0.1625,0.7,80
"LosAlamos_NAU-CModel_Flu","08",0.680657399904969,0.583640310531686,70.5767867663044,0.259547672303514,0.839901025369628,0.791112418904626,110.85,0.420122730547345,0.4125,0.925,80
"LosAlamos_NAU-CModel_Flu","09",0.765200320899391,0.705207121357691,61.2757948641304,0.407105790434248,0.837478178739588,0.782515897940562,88.70625,0.597119258248855,0.2875,0.8375,80
"LosAlamos_NAU-CModel_Flu","10",0.720055745312052,0.673501638033844,24.2037164130435,0.324543711909124,0.886791130170684,0.718100315462691,37.60625,0.499715086533132,0.45,0.85,80
"LosAlamos_NAU-CModel_Flu","11",0.955415386071847,0.672189382040513,41.8485754619565,0.493355709024814,1.17732264356521,0.838360516043621,63.4,0.775696307644271,0.3,0.7875,80
"LosAlamos_NAU-CModel_Flu","12",0.663887745660582,0.630842819604919,305.818326467391,0.219802774994852,0.922931733271927,0.963996965503326,521.2125,0.368331987705648,0.3,0.9625,80
"LosAlamos_NAU-CModel_Flu","13",0.558849263213457,0.459804646697927,113.319955516304,0.236681639864127,0.693727362001836,0.648322549736766,176.7,0.376493983005979,0.4125,0.925,80
"LosAlamos_NAU-CModel_Flu","15",2.67091696269765,1.67536260646231,40.0588069565217,0.458726956464972,2.87791142555767,1.66285875285831,59.5625,0.655801687468767,0.25,0.6375,80
"LosAlamos_NAU-CModel_Flu","16",0.706896984736687,0.612957021110966,27.0198275815217,0.271968406178312,0.823435176895035,0.748066758617834,42.8125,0.419575263167082,0.425,0.9375,80
"LosAlamos_NAU-CModel_Flu","17",0.641370937107901,0.603250453666757,208.242461413043,0.304009697603436,0.78705164411339,0.803624567531282,315.91875,0.474918556206229,0.2125,0.8375,80
"LosAlamos_NAU-CModel_Flu","18",0.756220573558685,0.812905317716788,198.547990516304,0.499359885521213,0.937927230891224,1.00535786825449,300.69375,0.736711332519908,0.2125,0.625,80
"LosAlamos_NAU-CModel_Flu","19",0.648459060918507,1.00989315101735,49.6113725271739,0.612109333503639,0.768511490258948,1.03596473230059,73.275,0.856419281604849,0.175,0.525,80
"LosAlamos_NAU-CModel_Flu","20",0.753032690456841,0.879325827336865,56.0815986413044,0.465605182344689,0.914632131069423,0.980775231205553,86.975,0.699753085342852,0.1875,0.6875,80
"LosAlamos_NAU-CModel_Flu","21",0.810117496213074,0.879118761305136,133.901672826087,0.488550032321378,0.940177820598464,1.06473443346999,199.36875,0.730965992614557,0.25,0.675,80
"LosAlamos_NAU-CModel_Flu","22",0.662736275820458,0.495230498651026,56.377238125,0.173230778952942,0.80563258414451,0.69955596998326,89.36875,0.286059202198357,0.475,1,80
"LosAlamos_NAU-CModel_Flu","23",1.84240418759194,1.02284070036659,76.2719423913043,0.626796619499995,2.23475137168869,1.06789798301062,122.85,0.977002726690083,0.075,0.775,80
"LosAlamos_NAU-CModel_Flu","24",0.578023229751894,0.56252186412885,90.9512254076087,0.302100216729583,0.729874373792995,0.691736197753601,142.4625,0.481781631833931,0.15,0.8,80
"LosAlamos_NAU-CModel_Flu","25",1.11655544525689,0.937744151353384,268.136729157609,0.519742095377408,1.29469441031283,1.27365064599591,370.30625,0.785380708726981,0.25,0.7625,80
"LosAlamos_NAU-CModel_Flu","26",0.618207753092473,0.519517597657527,157.490436902174,0.260828994574658,0.764745280336673,0.67082033282122,259.1875,0.421327044174059,0.275,0.8625,80
"LosAlamos_NAU-CModel_Flu","27",0.770098185615962,0.865581847211225,143.055722255435,0.46775649397119,0.965397656756293,0.928007107102676,226.14375,0.644995110250425,0.675,0.95,80
"LosAlamos_NAU-CModel_Flu","28",0.717307971063106,0.573590383942302,48.3696980434783,0.272468495418686,0.896429724442272,0.795793403561577,78.275,0.454924324429167,0.3875,1,80
"LosAlamos_NAU-CModel_Flu","29",0.667179560089259,0.583127369095523,134.920367391304,0.31376993811317,0.855820140561788,0.827324192524521,211.78125,0.500361258826969,0.325,0.8875,80
"LosAlamos_NAU-CModel_Flu","30",1.00069197432856,1.08873371102141,30.4103196467391,0.640699633320781,1.15018969486157,1.00426875004025,46.9125,0.931693671992335,0.1875,0.7875,80
"LosAlamos_NAU-CModel_Flu","31",0.705054946011068,0.731245100042425,34.3604003804348,0.427050100347372,0.877886577456437,0.850033958412289,52.9125,0.647826593700591,0.325,0.825,80
"LosAlamos_NAU-CModel_Flu","32",0.447243651606444,0.448370626309527,17.9736431793478,0.156085265251137,0.53323821880003,0.571507362187029,28.96875,0.245054901397279,0.55,0.9625,80
"LosAlamos_NAU-CModel_Flu","33",0.554739187138882,0.593004597285382,26.7518805706522,0.380370576415218,0.713323958892352,0.708238591064118,42.1125,0.586960578407288,0.35,0.8375,80
"LosAlamos_NAU-CModel_Flu","34",0.598657101815912,0.473097541009034,176.168905951087,0.27969817192478,0.683285547608328,0.613127888376539,256.6125,0.462127867696942,0.3125,1,80
"LosAlamos_NAU-CModel_Flu","35",0.652970519845914,0.53719859514767,25.4625330706522,0.205008900936078,0.688817685622054,0.616191143904418,38.25,0.314796331325922,0.5125,0.9,80
"LosAlamos_NAU-CModel_Flu","36",0.811903038417819,0.720185819179459,358.002121630435,0.338428721554997,0.928058655803496,0.885653304854493,532.51875,0.521290138410797,0.2125,0.75,80
"LosAlamos_NAU-CModel_Flu","37",1.10828027404533,1.28166071597989,342.430680516304,0.74740289052443,1.37306157581389,1.78941927745429,512.61875,1.21863898607093,0.275,0.925,80
"LosAlamos_NAU-CModel_Flu","38",0.731551100666345,0.707741409419044,12.2749410869565,0.362941091110597,0.786676799638662,0.705038139877708,18.0375,0.540200299107283,0.4875,0.8625,80
"LosAlamos_NAU-CModel_Flu","39",1.0516845905762,1.09903219203316,535.550980353261,0.702637138019733,1.41227364768916,1.5045334112684,864.825,1.1997939375078,0.1625,0.9375,80
"LosAlamos_NAU-CModel_Flu","40",0.915545303042125,0.841426397740434,116.153505326087,0.5410330540577,1.14022089261078,1.18088756754912,180.5625,0.858174683398375,0.2,0.8375,80
"LosAlamos_NAU-CModel_Flu","41",0.815380680115076,0.55709561959191,77.5709261684783,0.240547361606425,0.981072856716901,0.757253183957034,118.80625,0.368969779879672,0.425,0.85,80
"LosAlamos_NAU-CModel_Flu","42",0.778837407863662,0.687694587102719,570.81999138587,0.376798172659022,1.05721677800571,0.986374667365787,915.39375,0.614108414461216,0.3125,0.925,80
"LosAlamos_NAU-CModel_Flu","44",0.500031192191614,0.484711860099561,13.7482417119565,0.240972562701626,0.632938986454956,0.571704732824703,21.8,0.382457372782005,0.4375,0.95,80
"LosAlamos_NAU-CModel_Flu","45",0.763295302037209,0.835306074675941,141.321660733696,0.516252984863378,1.05318003040354,1.12876952820937,235.35625,0.843721398811663,0.1625,0.8875,80
"LosAlamos_NAU-CModel_Flu","46",0.738508760549954,0.803303667087253,19.0326050271739,0.481429650640397,0.929945322197001,0.903321017353845,30.2,0.745565544118737,0.3125,0.825,80
"LosAlamos_NAU-CModel_Flu","47",0.596105974687581,0.534109618178582,93.4124597826087,0.245485489915431,0.661903462313075,0.722781721757892,133.225,0.386872039683076,0.525,0.925,80
"LosAlamos_NAU-CModel_Flu","48",0.81448546733518,0.759311409955402,501.46332111413,0.373877618999675,1.10058658072768,1.25674560319283,813.80625,0.621369389001266,0.35,0.9875,80
"LosAlamos_NAU-CModel_Flu","49",0.492531445517122,0.44639649363911,24.4762792119565,0.164693680142849,0.63846444444356,0.553751512204746,40.18125,0.266441165361263,0.475,1,80
"LosAlamos_NAU-CModel_Flu","50",0.584592520876854,0.607883976846441,9.74160255434782,0.330065026460647,0.706375025685033,0.635965960012792,15.6,0.529700241874889,0.375,0.9625,80
"LosAlamos_NAU-CModel_Flu","51",0.650264360132969,0.685381288540991,107.857031413043,0.361652099896603,0.791930645883175,0.907152872063432,169.45,0.556338913392542,0.2375,0.775,80
"LosAlamos_NAU-CModel_Flu","53",0.931138827353928,0.587215028762097,96.5512469836956,0.254849282407284,1.02446869494695,0.694817226870984,142.975,0.380450769718295,0.4625,0.8125,80
"LosAlamos_NAU-CModel_Flu","54",0.893159301980673,1.07734104302074,85.4669553532609,0.655183083115673,1.02306522879427,1.10820212429552,120.81875,0.941713764573461,0.2125,0.55,80
"LosAlamos_NAU-CModel_Flu","55",0.714869589395021,0.897297383182259,117.86697923913,0.513179388046636,0.911499798109464,1.04260659720902,182.13125,0.771403746707012,0.15,0.6375,80
"LosAlamos_NAU-CModel_Flu","56",2.18988511487773,0.999856292171964,39.7530106793478,0.535616186725554,2.46406896465953,1.08758961798436,63.84375,0.855631872806177,0.2875,0.8625,80
"MIGHTE-Joint","01",0.841673049156085,1.03925090102641,89.432618147448,0.476240940946144,0.803464639936096,0.816836779099881,112.184782608696,0.472010265182338,0.597826086956522,0.804347826086957,92
"MIGHTE-Joint","02",1.01361893326902,0.992775107198279,9.83606332703214,0.395774376430914,0.916073040894946,0.97574536393082,13.1086956521739,0.550751044998588,0.282608695652174,0.630434782608696,92
"MIGHTE-Joint","04",0.733323994030958,0.959615896552566,263.689050094518,0.459948131310072,0.811788534371761,0.97812237550344,350.70652173913,0.510922154627014,0.521739130434783,0.83695652173913,92
"MIGHTE-Joint","05",0.855078808572072,0.651180587077217,57.1172731568998,0.362801171144957,0.792469889425997,0.63650376167257,69.4782608695652,0.471332690171659,0.282608695652174,0.576086956521739,92
"MIGHTE-Joint","06",0.920049417902497,0.810208483046129,567.169352551985,0.361179616979807,0.889438954750118,0.813524268381609,683.163043478261,0.377625568276266,0.41304347826087,0.630434782608696,92
"MIGHTE-Joint","08",0.904644215089496,0.754115649594712,90.5542391304348,0.368879318056768,0.926181466829831,0.862385903505535,118.54347826087,0.515527178532494,0.304347826086957,0.608695652173913,92
"MIGHTE-Joint","09",0.74307026882138,0.655912035299199,50.7491209829868,0.365817348935094,0.792650856553565,0.723521690921905,72.6630434782609,0.552163864350829,0.445652173913043,0.83695652173913,92
"MIGHTE-Joint","10",1.11370371093808,1.11244726976931,34.3452032136106,0.538254052895625,1.09726166425294,1.0608729941099,41.9347826086956,0.737366062847404,0.33695652173913,0.673913043478261,92
"MIGHTE-Joint","11",0.890884494817139,0.880969505317943,30.5271644612476,0.589269528755809,0.847638349958822,0.893424293394221,35.1086956521739,0.759505688120362,0.217391304347826,0.445652173913043,92
"MIGHTE-Joint","12",0.953805673674787,0.805287137398971,436.721753308129,0.290196315281759,0.982705136586704,1.00585633654627,535.489130434783,0.390249415739973,0.282608695652174,0.597826086956522,92
"MIGHTE-Joint","13",0.804251603698907,0.769614891874476,148.69604442344,0.404425989280414,0.943891147937226,0.995161798795028,215.684782608696,0.593770358985053,0.369565217391304,0.804347826086957,92
"MIGHTE-Joint","15",1.03173811681577,0.993804615823086,14.8995888468809,0.298350328853944,0.979528099587197,0.94621021470911,19.25,0.413048314799232,0.271739130434783,0.576086956521739,92
"MIGHTE-Joint","16",0.742139374542318,0.785235548651613,29.6599952741021,0.383619769637592,0.760545878870916,0.770202174858628,40.25,0.47126474345571,0.510869565217391,0.782608695652174,92
"MIGHTE-Joint","17",0.860799198040571,0.680915009025409,273.907679584121,0.36337271430695,0.883155701370284,0.744822440401951,344.076086956522,0.475586434574383,0.391304347826087,0.641304347826087,92
"MIGHTE-Joint","18",0.75924985085235,0.701645720931334,188.064990548204,0.457539245126136,0.87660318924361,0.813805910466413,263.565217391304,0.638579883848834,0.434782608695652,0.771739130434783,92
"MIGHTE-Joint","19",0.746885677905758,0.689790726465245,56.5799338374291,0.463565854577383,0.82442343221222,0.718362255301605,77.6521739130435,0.650510691057995,0.402173913043478,0.695652173913043,92
"MIGHTE-Joint","20",0.836735238391999,0.808375759617531,60.6381663516068,0.473541487632162,0.83537178632571,0.834791359940117,76.9021739130435,0.662514427275589,0.282608695652174,0.619565217391304,92
"MIGHTE-Joint","21",0.870593066848783,0.838632670776284,140.713289224953,0.538664086802729,0.871235893165122,0.873097821956007,181.20652173913,0.709729107674261,0.445652173913043,0.739130434782609,92
"MIGHTE-Joint","22",1.02605681166837,0.997822200709384,87.7033884688091,0.377096585447128,1.03319824161449,0.980543112621813,117,0.448591487628824,0.423913043478261,0.684782608695652,92
"MIGHTE-Joint","23",0.742383707857543,0.734348878189919,25.9045982986767,0.447683209675956,0.829051896013429,0.747354159258759,37.9021739130435,0.676498348655424,0.358695652173913,0.83695652173913,92
"MIGHTE-Joint","24",0.948124015157466,0.759960708273994,141.642939508507,0.469666790149981,0.863789101549368,0.698044722130571,156.913043478261,0.57086378792709,0.141304347826087,0.391304347826087,92
"MIGHTE-Joint","25",0.810365272025455,0.665042916616177,180.015245746692,0.372963363806582,0.839916202406137,0.73894752078892,224.29347826087,0.471148704030761,0.391304347826087,0.630434782608696,92
"MIGHTE-Joint","26",0.864839082199159,0.721975568793657,198.98604442344,0.364479847792788,0.9012971100531,0.760653713372052,276.695652173913,0.487544186737415,0.369565217391304,0.684782608695652,92
"MIGHTE-Joint","27",0.614325078360918,0.68214656349421,107.812310964083,0.405378745402773,0.613916255452281,0.6556401626481,128.717391304348,0.492503577203286,0.66304347826087,0.847826086956522,92
"MIGHTE-Joint","28",0.745604415007616,0.604917911920734,46.3057561436673,0.302108198990232,0.811715392801153,0.748576791405438,64.6304347826087,0.454609536710364,0.41304347826087,0.804347826086957,92
"MIGHTE-Joint","29",0.90471874582152,0.727948561420301,167.061049149338,0.394666109968684,0.959006490081972,0.834443880595413,217.336956521739,0.513311979725788,0.402173913043478,0.695652173913043,92
"MIGHTE-Joint","30",0.819796829335803,0.711950564053569,22.6247400756144,0.402707486742038,0.899766230469761,0.677358970483184,33.8152173913044,0.621661668997951,0.380434782608696,0.83695652173913,92
"MIGHTE-Joint","31",0.938765015444635,0.900027846660233,42.1775519848771,0.545471887979215,1.04119846293266,0.963500085338245,57.3369565217391,0.766505487574281,0.434782608695652,0.717391304347826,92
"MIGHTE-Joint","32",0.704427206496213,0.721783997612853,28.672084120983,0.257600078825773,0.714141007164841,0.732901017742541,39.0869565217391,0.321779900951114,0.380434782608696,0.793478260869565,92
"MIGHTE-Joint","33",0.77792591064703,0.811409898340957,33.7368289224953,0.502480636031468,0.823565259333746,0.836686531499784,43.2934782608696,0.676392390510825,0.206521739130435,0.478260869565217,92
"MIGHTE-Joint","34",0.798345762663642,0.795950062779643,217.21656899811,0.517839120449469,0.802247884124545,0.764989539324133,283.836956521739,0.661815167817793,0.369565217391304,0.673913043478261,92
"MIGHTE-Joint","35",0.905725657986473,0.934334983917848,34.525652173913,0.364786425467067,0.840266114183179,0.898935458156387,45.8695652173913,0.474296533009175,0.239130434782609,0.532608695652174,92
"MIGHTE-Joint","36",0.803927820661156,0.561922426158538,344.334626654064,0.291868981410795,0.824058625882981,0.610017625637428,455.891304347826,0.404216403705427,0.402173913043478,0.739130434782609,92
"MIGHTE-Joint","37",0.808236308327321,0.647042164789928,249.815217391304,0.414422486235179,0.866286718646049,0.742340777947153,327.347826086957,0.572162926210259,0.315217391304348,0.684782608695652,92
"MIGHTE-Joint","38",0.73364834448166,0.680329222973531,10.389943289225,0.337965364159007,0.778588672207519,0.628410776767169,15.5217391304348,0.480864420810123,0.510869565217391,0.880434782608696,92
"MIGHTE-Joint","39",0.836703587334695,0.879810231584196,419.091748582231,0.647519066606826,0.873990435450134,0.727238548101464,537.152173913043,0.690729702286814,0.423913043478261,0.597826086956522,92
"MIGHTE-Joint","40",0.681305983522205,0.539393155287342,79.648809073724,0.339208428286328,0.774326069765825,0.686287375997631,112.326086956522,0.491943873685406,0.478260869565217,0.804347826086957,92
"MIGHTE-Joint","41",0.857292192976973,0.789264916239612,81.7793336483932,0.389945141452598,0.845747814925028,0.819976086673045,101.717391304348,0.464153519097521,0.391304347826087,0.66304347826087,92
"MIGHTE-Joint","42",0.894132734819205,0.864177288774305,603.671625708885,0.484972579846786,0.938217853727034,0.909986365292247,740.336956521739,0.585996158183806,0.33695652173913,0.58695652173913,92
"MIGHTE-Joint","44",1.06906191236786,1.01980693439391,28.1368289224953,0.553288593258939,0.996882605703317,0.947487756308492,32.3695652173913,0.698028283917617,0.217391304347826,0.402173913043478,92
"MIGHTE-Joint","45",0.792699383775995,0.709873640205488,138.124144612476,0.471826762500193,0.876162864444361,0.826272029721557,184.413043478261,0.674160109416421,0.25,0.576086956521739,92
"MIGHTE-Joint","46",0.818167682147817,0.716444165541698,18.8150047258979,0.422510706197645,0.825148372712683,0.694196214561403,23.8804347826087,0.57485769416446,0.369565217391304,0.66304347826087,92
"MIGHTE-Joint","47",0.794717756844892,0.775300353973559,120.830415879017,0.384305443273904,0.797064613090125,0.767260399829174,158.282608695652,0.458694474654156,0.5,0.75,92
"MIGHTE-Joint","48",0.816481704805228,0.716805129052712,476.914569943289,0.353992006549903,0.850573975228366,0.845122722277088,596.913043478261,0.428157536008527,0.315217391304348,0.608695652173913,92
"MIGHTE-Joint","49",0.754586262236437,0.75955036251244,41.0977032136106,0.352311795117619,0.773715562061575,0.795910407389083,50.5978260869565,0.470501296097566,0.41304347826087,0.771739130434783,92
"MIGHTE-Joint","50",0.821031065481641,0.718185853731529,12.0099291115312,0.373623644786497,0.772671584542783,0.665249554204071,14.6739130434783,0.530665734732702,0.33695652173913,0.630434782608696,92
"MIGHTE-Joint","51",0.925292089269042,0.700829857543665,144.066620982987,0.377687820955766,0.840273076595803,0.740323498781882,168.152173913043,0.469436045202641,0.195652173913043,0.510869565217391,92
"MIGHTE-Joint","53",0.690427413904699,0.722870809660323,65.17202268431,0.345213851140632,0.713499481989752,0.648028611414146,91.5869565217391,0.395179974817945,0.543478260869565,0.804347826086957,92
"MIGHTE-Joint","54",0.789837513770097,0.707868420168136,70.7071266540643,0.481259926181249,0.809574624717846,0.686572610472024,90.3260869565217,0.670355128853895,0.293478260869565,0.619565217391304,92
"MIGHTE-Joint","55",0.774213179865852,0.664877375547789,124.377235349716,0.426177242931907,0.75221099557866,0.646813966195461,146.673913043478,0.553267245479555,0.33695652173913,0.565217391304348,92
"MIGHTE-Joint","56",0.922707906828834,0.871676771611516,14.5959782608696,0.44779125867918,0.952104161654792,0.87180064387493,20.2065217391304,0.613068058837722,0.630434782608696,0.858695652173913,92
"MIGHTE-Nsemble","01",0.933719743468751,1.14465548657609,95.5824592391304,0.524089600206297,0.904446160625794,0.863940078689266,122.802083333333,0.501423668680713,0.572916666666667,0.75,96
"MIGHTE-Nsemble","02",1.04352405150316,1.05879842078982,9.74219655797102,0.421876742486187,0.944314141813761,1.04105334560273,12.9791666666667,0.58548172932143,0.25,0.614583333333333,96
"MIGHTE-Nsemble","04",0.722179697307795,0.996056945089863,251.48722826087,0.471225975272218,0.806992534547874,1.02793830271669,334.604166666667,0.521880571923038,0.541666666666667,0.864583333333333,96
"MIGHTE-Nsemble","05",0.92321384051455,0.752191040703513,58.1224048913043,0.411379683130464,0.855751590512082,0.750551568494857,70.7604166666667,0.544525813635137,0.25,0.5625,96
"MIGHTE-Nsemble","06",1.06711275157195,1.02739724031549,622.441933876812,0.449461225540417,1.01588842067874,1.03433132663559,734.229166666667,0.467124715498895,0.333333333333333,0.635416666666667,96
"MIGHTE-Nsemble","08",1.00301091209076,0.950241954975265,94.4525588768116,0.445491169403405,0.999758511438735,1.07688905384804,120.84375,0.616029413491066,0.229166666666667,0.520833333333333,96
"MIGHTE-Nsemble","09",0.759258710535542,0.681133986438832,50.2459782608696,0.384075675134707,0.821418342878757,0.754204821164955,73.0104166666667,0.581676500438936,0.4375,0.84375,96
"MIGHTE-Nsemble","10",1.16200997103121,1.133394415163,34.746893115942,0.553980600542033,1.14393015518475,1.0882227852083,42.3645833333333,0.771067730794739,0.364583333333333,0.635416666666667,96
"MIGHTE-Nsemble","11",0.867269890330605,0.850936170652398,28.7004891304348,0.561319167373269,0.829329795394436,0.890327987865801,33.125,0.746977642804108,0.239583333333333,0.53125,96
"MIGHTE-Nsemble","12",1.03773253183859,0.889030822941016,452.874615036232,0.31499072758322,1.05124555358143,1.10600062864451,548.291666666667,0.424440175384258,0.229166666666667,0.635416666666667,96
"MIGHTE-Nsemble","13",0.796134368157283,0.778865905297013,142.066322463768,0.405923033282308,0.92250818251343,0.951613111041276,204.78125,0.566476865006151,0.4375,0.791666666666667,96
"MIGHTE-Nsemble","15",1.05798719614395,1.05479208127345,14.8149003623188,0.313090941455844,0.998932478195848,1.00147807937544,19.0833333333333,0.433051247833227,0.239583333333333,0.59375,96
"MIGHTE-Nsemble","16",0.698808599516323,0.820395185559544,26.3917844202899,0.389532031483758,0.728227124362609,0.840714539840772,36.2395833333333,0.490859874571496,0.541666666666667,0.84375,96
"MIGHTE-Nsemble","17",0.995181114442645,1.01071689878389,296.518292572464,0.520484566545964,1.00877347837446,1.13257315329493,367.0625,0.695955566916502,0.291666666666667,0.552083333333333,96
"MIGHTE-Nsemble","18",0.787815232610897,0.738746532148847,188.692182971014,0.473419636108128,0.894693406862834,0.807938759781022,264.010416666667,0.632926401458303,0.447916666666667,0.78125,96
"MIGHTE-Nsemble","19",0.765035110067286,0.693088177020212,55.6285371376812,0.460608956615302,0.852926166940044,0.738480325617477,77.03125,0.66369524213852,0.416666666666667,0.729166666666667,96
"MIGHTE-Nsemble","20",0.860440424245914,0.822185512575683,60.0639402173913,0.479158947039164,0.858548590324992,0.84812879217634,76.2916666666667,0.66968248714209,0.322916666666667,0.614583333333333,96
"MIGHTE-Nsemble","21",0.882030410241276,0.879124452288005,136.259483695652,0.546614889814698,0.911216586826298,0.968057940854272,179.15625,0.755895624993607,0.4375,0.75,96
"MIGHTE-Nsemble","22",1.12201047509987,1.11656911784308,91.9831612318841,0.412450032950649,1.13164882156092,1.12525525189471,121.395833333333,0.493535893409971,0.375,0.666666666666667,96
"MIGHTE-Nsemble","23",0.762598087226941,0.721624676265055,25.6830570652174,0.435382770807735,0.840028449488795,0.740178317677396,36.9895833333333,0.665604901347989,0.375,0.833333333333333,96
"MIGHTE-Nsemble","24",0.996689982325338,0.850666053486072,141.227413949275,0.512942745297888,0.908522407541703,0.795565951863326,156.458333333333,0.632716988314295,0.125,0.416666666666667,96
"MIGHTE-Nsemble","25",0.828620196816818,0.691303335177434,175.183197463768,0.376920966681007,0.865933181477898,0.816141561929686,217.71875,0.501415101051121,0.354166666666667,0.645833333333333,96
"MIGHTE-Nsemble","26",0.92518903139003,0.762236692720884,204.181947463768,0.385611210609791,0.957283049875569,0.807540985444592,281.96875,0.519386113752186,0.395833333333333,0.708333333333333,96
"MIGHTE-Nsemble","27",0.652856779770466,0.748371133926991,109.569288949275,0.436642297047572,0.724833951532962,0.763157908158974,144.645833333333,0.559782295436667,0.572916666666667,0.854166666666667,96
"MIGHTE-Nsemble","28",0.759775294723846,0.630008330940759,44.6854936594203,0.305145200716349,0.816054401860551,0.76788968692704,61.6041666666667,0.451633468756602,0.458333333333333,0.802083333333333,96
"MIGHTE-Nsemble","29",0.923634857609892,0.782285781212528,160.912649456522,0.417700278510139,0.984589184537891,0.937127145497253,210.739583333333,0.571090229388891,0.395833333333333,0.71875,96
"MIGHTE-Nsemble","30",0.862698698542005,0.747492117150063,22.9853170289855,0.432021278046249,0.937764252956829,0.716527143203671,33.84375,0.670040355185939,0.34375,0.84375,96
"MIGHTE-Nsemble","31",0.982040652481056,0.904682071045161,42.5891213768116,0.547691246704505,1.08911519243297,0.958349595893107,58.4166666666667,0.763881837301544,0.458333333333333,0.708333333333333,96
"MIGHTE-Nsemble","32",0.810038984969074,0.948990810216329,31.7614175724638,0.338506165401053,0.797788883127798,0.974208292033743,41.78125,0.425324582810062,0.354166666666667,0.6875,96
"MIGHTE-Nsemble","33",0.75551693243699,0.782756964582393,31.5032155797101,0.478476575255052,0.813008927770848,0.822046496963582,41.2083333333333,0.656287663710148,0.1875,0.541666666666667,96
"MIGHTE-Nsemble","34",0.852057601348056,0.870689110063207,222.609144021739,0.555417745329143,0.855530751060443,0.83500614396788,286.614583333333,0.698237650539123,0.395833333333333,0.59375,96
"MIGHTE-Nsemble","35",0.958726482893419,1.16006923004455,35.1025815217391,0.448925569758614,0.864589060371672,1.10918013063722,45.125,0.575629554469791,0.21875,0.510416666666667,96
"MIGHTE-Nsemble","36",0.86140325506985,0.661448739546952,351.193722826087,0.331920104713171,0.87855039176323,0.74622158086577,464.21875,0.474900716523813,0.34375,0.697916666666667,96
"MIGHTE-Nsemble","37",0.827118120292209,0.681574721678501,246.753808876812,0.427750176197591,0.872202478380721,0.753060171729832,319.28125,0.563451856841572,0.375,0.708333333333333,96
"MIGHTE-Nsemble","38",0.730787281380153,0.685822188068549,10.0075317028986,0.336627817913869,0.776302875337013,0.614992452207311,14.875,0.461393815385982,0.541666666666667,0.875,96
"MIGHTE-Nsemble","39",0.867993870693499,0.929826951186907,417.90544384058,0.676023795833173,0.896463759042293,0.73391528313471,533.4375,0.693900419596995,0.395833333333333,0.604166666666667,96
"MIGHTE-Nsemble","40",0.657964572727949,0.573779376687931,72.4817391304348,0.357237374414896,0.775519661707508,0.757295584157853,105.614583333333,0.53708626886935,0.416666666666667,0.822916666666667,96
"MIGHTE-Nsemble","41",0.902360618580232,0.897867773892394,81.9335733695652,0.430879513110794,0.906084346850239,0.994921202576426,102.34375,0.537352256725732,0.3125,0.645833333333333,96
"MIGHTE-Nsemble","42",0.979101266204518,1.05142026521141,628.078917572464,0.579154278919634,1.02521017439721,1.12875657826767,765.583333333333,0.70950284865051,0.270833333333333,0.5625,96
"MIGHTE-Nsemble","44",1.14529239157771,1.11072553011516,28.7029211956522,0.588581861165305,1.06608812032051,1.0613720034972,32.7604166666667,0.756975935298479,0.25,0.4375,96
"MIGHTE-Nsemble","45",0.815509936617349,0.736020845962789,135.910484601449,0.479099823365839,0.896448494426406,0.823771295894131,180.489583333333,0.657377367888663,0.28125,0.604166666666667,96
"MIGHTE-Nsemble","46",0.830252341827352,0.731378297692195,18.3301675724638,0.427619397841976,0.817281857078251,0.688002879914922,22.59375,0.562897161383853,0.458333333333333,0.666666666666667,96
"MIGHTE-Nsemble","47",0.826259675330729,0.843179518390844,119.999071557971,0.407678497675976,0.854052827395193,0.871950457258593,160.28125,0.500862802897541,0.489583333333333,0.75,96
"MIGHTE-Nsemble","48",0.835690003466425,0.764401832795131,464.886462862319,0.368882172801174,0.886803404342937,0.925633539070988,589.614583333333,0.453628951680079,0.302083333333333,0.604166666666667,96
"MIGHTE-Nsemble","49",0.781051036124321,0.767196149092667,41.5519882246377,0.353569679690281,0.776808063434377,0.767046547187017,49.8854166666667,0.450929548644278,0.520833333333333,0.760416666666667,96
"MIGHTE-Nsemble","50",0.81112252632846,0.703244146216426,11.5429846014493,0.373303932091328,0.761343549507301,0.643651990861707,14.125,0.528570736144827,0.333333333333333,0.71875,96
"MIGHTE-Nsemble","51",0.97524645198811,0.755517549748719,146.642527173913,0.400819493204072,0.872038302021174,0.782751039648122,168.197916666667,0.487151774905019,0.21875,0.53125,96
"MIGHTE-Nsemble","53",0.732252338493422,0.785392169638266,66.2724637681159,0.371523885037618,0.750912434502756,0.681006443499977,92.5,0.410010617322083,0.572916666666667,0.833333333333333,96
"MIGHTE-Nsemble","54",0.809534756799794,0.706600099429469,69.9959329710145,0.480521498790966,0.819443574770914,0.695993623965042,88.0104166666667,0.67853740264362,0.385416666666667,0.645833333333333,96
"MIGHTE-Nsemble","55",0.768037489111279,0.65860422585961,118.287273550725,0.413252483275749,0.741861638357742,0.637620315597574,138.729166666667,0.533615813087723,0.34375,0.604166666666667,96
"MIGHTE-Nsemble","56",0.90979708385352,0.867088662015417,13.8817481884058,0.440522227117694,0.967148800127198,0.929814751107311,19.6770833333333,0.643596770225061,0.666666666666667,0.875,96
"MOBS-GLEAM_FLUH","01",0.846562791682239,0.739160771187495,89.137630273913,0.344779784804561,0.881699254285243,0.857220082764081,118.42677,0.495208006966945,0.24,0.67,100
"MOBS-GLEAM_FLUH","02",1.15799012967496,1.35790591048393,10.636561526087,0.521961183927352,1.04847918837595,1.37952160624333,14.26483,0.74913031310657,0.12,0.52,100
"MOBS-GLEAM_FLUH","04",1.03720730583368,1.70079785305223,443.603701012586,0.859793082692871,1.0078725251272,2.03928343457878,496.429552631579,1.04703896276186,0.0263157894736842,0.171052631578947,76
"MOBS-GLEAM_FLUH","05",0.769780166534186,0.655839042699029,51.5563491826087,0.359408067895738,0.799572800098433,0.756484860200479,69.87268,0.538524933557905,0.11,0.76,100
"MOBS-GLEAM_FLUH","06",0.760698137337646,0.957912338799897,407.26275273913,0.399286553386763,0.817786680517004,1.26474065930555,549.79,0.550335986992953,0.14,0.47,100
"MOBS-GLEAM_FLUH","08",1.02064782484805,1.1184550535397,93.75751,0.504346260701087,1.00930747607771,1.26176197980195,118.71288,0.688067447492046,0.13,0.5,100
"MOBS-GLEAM_FLUH","09",0.593686046813533,0.643905026921415,41.6289900271739,0.353860976374983,0.60570122308266,0.660512405681473,56.2197916666667,0.4885251138125,0.333333333333333,0.71875,96
"MOBS-GLEAM_FLUH","10",1.20490819189235,1.24147276135117,34.9953609130435,0.593765194477612,1.14325029533147,1.098734045352,41.45244,0.767544222557358,0.15,0.33,100
"MOBS-GLEAM_FLUH","11",0.876431829160641,1.06856022305721,41.5141131376812,0.775802114906076,0.875628558078134,1.09612527735983,48.60175,0.973509708633704,0.15,0.316666666666667,60
"MOBS-GLEAM_FLUH","12",0.894846143949097,0.958957277408429,368.545054413043,0.326147910761473,0.990131928044015,1.29388502984416,490.35686,0.479451818108279,0.14,0.66,100
"MOBS-GLEAM_FLUH","13",0.634730033162073,0.647152789226253,117.081137146739,0.352868753765416,0.716837959986819,0.856182017860677,159.964010416667,0.510849475023166,0.197916666666667,0.770833333333333,96
"MOBS-GLEAM_FLUH","15",0.892016201461102,0.978757113731907,12.508638226087,0.286791855143747,0.960466132385907,1.03895136504968,18.09914,0.436228185503365,0.27,0.82,100
"MOBS-GLEAM_FLUH","16",1.03197295083359,1.27052727271617,39.9147059963768,0.584582523916052,0.967480523817509,1.35176483688711,49.7019166666667,0.776874091194673,0.15625,0.40625,96
"MOBS-GLEAM_FLUH","17",0.94447266639333,0.949912524472909,277.317649352174,0.489404962534581,0.983664337277738,1.10006506829671,356.00744,0.673614360148223,0.06,0.48,100
"MOBS-GLEAM_FLUH","18",0.857586301494679,0.774423122262996,218.685625556522,0.493144097359278,0.867880257706767,0.884620466283758,265.04093,0.665408593260496,0.12,0.55,100
"MOBS-GLEAM_FLUH","19",0.562560732546191,0.636703370404278,41.7910432391304,0.441827672702579,0.568702956266559,0.605490044633054,52.12161,0.568441409921418,0.4,0.67,100
"MOBS-GLEAM_FLUH","20",0.828762106457554,0.83745247514901,59.036087826087,0.478283706293496,0.802721414009295,0.808224808839358,72.61485,0.625705580967788,0.34,0.55,100
"MOBS-GLEAM_FLUH","21",1.09378743815603,0.93727391060958,170.493373034783,0.565502514028439,1.01200122829661,0.967360568251138,201.86876,0.730976513565891,0.15,0.41,100
"MOBS-GLEAM_FLUH","22",1.22087161759418,1.35601491992114,97.0032043761815,0.472348570844614,1.22368386214191,1.61943750847811,125.574260869565,0.650939010827743,0.0978260869565217,0.445652173913043,92
"MOBS-GLEAM_FLUH","23",0.793121568748197,0.833093402202427,28.7960304574275,0.5430476211285,0.765215382421516,0.729390258524951,35.9393541666667,0.70036546755939,0.260416666666667,0.625,96
"MOBS-GLEAM_FLUH","24",0.653265567546225,0.758487480760005,90.0741640217391,0.454110727557617,0.676249390249284,0.774881881399996,114.72373,0.611528993277311,0.24,0.53,100
"MOBS-GLEAM_FLUH","25",0.806480108891985,0.878831410166396,164.811867008696,0.4629879148648,0.855084087656785,1.06936392315388,211.06925,0.639759159971235,0.08,0.43,100
"MOBS-GLEAM_FLUH","26",1.00662266208633,0.978486595988159,232.367019451796,0.490889146759842,0.977829592317973,1.07803102954392,294.522826086957,0.657282234473225,0.0760869565217391,0.33695652173913,92
"MOBS-GLEAM_FLUH","27",0.740667752181029,1.05616614028337,121.359073188406,0.603466748369699,0.798475928320345,1.14549254337107,154.6293125,0.807229501054674,0.0833333333333333,0.40625,96
"MOBS-GLEAM_FLUH","28",0.746425055965872,0.605580801565426,46.6519935434783,0.307219191352518,0.776374505552061,0.685405249563553,62.06338,0.419081551529523,0.42,0.72,100
"MOBS-GLEAM_FLUH","29",1.31354624251206,1.36256573978529,225.952957317391,0.701744180079958,1.25006890153664,1.51918989395086,265.15575,0.891870295386783,0.06,0.21,100
"MOBS-GLEAM_FLUH","30",0.949403297376978,0.984748442795008,26.4434459217391,0.586541497301462,0.886557454105928,0.842529271461983,32.88632,0.796171854362707,0.22,0.63,100
"MOBS-GLEAM_FLUH","31",0.749977900045074,0.782806531887378,34.2128623695652,0.476372658062187,0.773258364548431,0.818520034881536,43.06841,0.653777648613494,0.32,0.68,100
"MOBS-GLEAM_FLUH","32",0.901035392208594,1.17069165278187,33.4061404,0.410751884549651,0.887937827090052,1.35700825055616,44.03856,0.586047807525898,0.17,0.57,100
"MOBS-GLEAM_FLUH","33",0.8271295725251,0.768088381261343,26.2414331077075,0.425289180094854,0.826961460181408,0.770409550297262,32.0262386363636,0.560153058719291,0.227272727272727,0.534090909090909,88
"MOBS-GLEAM_FLUH","34",0.719173882014838,0.648101312140801,188.109383652174,0.39853068872294,0.755169842527076,0.732914720619352,247.63592,0.571569639896417,0.14,0.57,100
"MOBS-GLEAM_FLUH","35",1.29685904352272,1.56350493551875,47.8106851521739,0.605986769029084,1.17199721520209,1.54850902398438,61.29746,0.801955110062064,0.1,0.4,100
"MOBS-GLEAM_FLUH","36",0.876103832897991,0.712533712295605,353.725274456522,0.361813340668537,0.903300957063447,0.809897759214726,470.84342,0.517089997284912,0.17,0.61,100
"MOBS-GLEAM_FLUH","37",0.595002075287033,0.685151030516187,177.910750952174,0.445805093707344,0.667882888289941,0.820110157249224,238.65123,0.613540976154606,0.17,0.65,100
"MOBS-GLEAM_FLUH","38",0.731745460220742,0.929930147168733,10.1378271608696,0.450787212922542,0.744573757077878,0.889974853347296,13.94754,0.646755648089422,0.25,0.69,100
"MOBS-GLEAM_FLUH","39",0.750845208192835,0.711496932394472,385.463702165217,0.512594714035977,0.785274290299581,0.770801528169009,468.8737,0.6676918610046,0.04,0.42,100
"MOBS-GLEAM_FLUH","40",0.730003189195586,0.552352764615524,84.5401938,0.355236813241897,0.765921024550033,0.700926392834565,108.24497,0.507843225818225,0.23,0.7,100
"MOBS-GLEAM_FLUH","41",1.04425806644703,1.27356180222034,91.722711273913,0.582912926342004,1.02858177663095,1.50837394808938,113.3622,0.781962058105058,0.07,0.36,100
"MOBS-GLEAM_FLUH","42",0.947227626784486,1.02530527725609,1033.89697397993,0.717829163529836,0.96511158738396,1.09819090147734,1216.03176923077,0.873457870688261,0.0769230769230769,0.230769230769231,52
"MOBS-GLEAM_FLUH","44",0.83373533279185,1.01288739710914,20.3280717478261,0.532191673767295,0.867976716957177,1.02968853089369,26.21496,0.725961672459862,0.15,0.51,100
"MOBS-GLEAM_FLUH","45",0.549589964233734,0.466302462455456,96.2102991304348,0.316012210791578,0.59969339519167,0.529155101510368,125.11634,0.433306355867494,0.4,0.71,100
"MOBS-GLEAM_FLUH","46",0.735407028419721,1.05213950905936,16.2774457826087,0.633307043148176,0.74117512846581,1.02130445382728,20.68642,0.858320407206302,0.2,0.49,100
"MOBS-GLEAM_FLUH","47",0.941983219003416,0.825727439139174,141.690817721739,0.411832925242729,0.956721950569506,0.993122829706605,180.95296,0.566964532856368,0.22,0.59,100
"MOBS-GLEAM_FLUH","48",0.59831164941771,0.58647326776261,318.5707158,0.275372331383749,0.695133138356465,0.917490816359147,438.75367,0.431115950707698,0.12,0.81,100
"MOBS-GLEAM_FLUH","49",0.911412202084069,1.18949195974309,43.3289804913043,0.488990231730789,0.976834679480794,1.33369328515364,56.2426,0.695761241814692,0.09,0.58,100
"MOBS-GLEAM_FLUH","50",0.749343211343254,0.84250145295331,11.1580778396739,0.45845765285841,0.765411469759549,0.788933650725305,14.73478125,0.650843689885131,0.291666666666667,0.583333333333333,96
"MOBS-GLEAM_FLUH","51",0.62645335498842,0.474901464148611,98.6477152565217,0.266695394449309,0.669948603235011,0.593835711297984,134.9238,0.387678662474834,0.42,0.76,100
"MOBS-GLEAM_FLUH","53",0.978016584344722,0.707579467567063,103.16537806087,0.365349885513041,0.967108619422885,0.777996614524168,132.38938,0.500397585649797,0.31,0.72,100
"MOBS-GLEAM_FLUH","54",0.848871873057058,0.733317489004304,102.627464710145,0.591039502408383,0.847465315168941,0.714016061587857,120.218966666667,0.798329803353072,0.183333333333333,0.4,60
"MOBS-GLEAM_FLUH","55",0.471085550981883,0.564296208748237,74.4247309913043,0.358378513506707,0.533553222068655,0.617418296088013,102.72215,0.518887191274948,0.3,0.68,100
"MOBS-GLEAM_FLUH","56",1.13559953553113,1.04287079870696,17.8741510043478,0.528079114932131,1.05476424839029,0.997957661952867,22.33423,0.706217933047562,0.21,0.61,100
"NEU_ISI-AdaptiveEnsemble","01",0.69734246776312,0.659259990809161,73.2988075764098,0.314023222599246,0.721558601942359,0.746368253934357,96.3960396039604,0.441289126506239,0.306930693069307,0.643564356435644,101
"NEU_ISI-AdaptiveEnsemble","02",0.93443905891759,0.86593244465828,8.77434782608696,0.347389186962731,0.813322613575681,0.824563671322273,11.2475247524752,0.464931259719216,0.306930693069307,0.524752475247525,101
"NEU_ISI-AdaptiveEnsemble","04",0.722407548701057,0.765846632659899,209.748343917929,0.341298421726475,0.846051549926098,1.09653440456521,292.168539325843,0.511003910747008,0.314606741573034,0.696629213483146,89
"NEU_ISI-AdaptiveEnsemble","05",0.71060919544818,0.480482300582667,48.9646276366767,0.278047890775714,0.772108075590025,0.567552456916153,70.2079207920792,0.431664001025105,0.346534653465347,0.851485148514851,101
"NEU_ISI-AdaptiveEnsemble","06",0.44769255426175,0.40091764470957,249.034274644856,0.170261103598165,0.523234822386894,0.58702420703274,360.950495049505,0.259498223728335,0.297029702970297,0.732673267326733,101
"NEU_ISI-AdaptiveEnsemble","08",0.772531820674662,0.567854502271956,73.7830908308222,0.263030642453871,0.820076535549933,0.692892973696524,100.138613861386,0.387621139251516,0.415841584158416,0.772277227722772,101
"NEU_ISI-AdaptiveEnsemble","09",0.379704089689632,0.344284429143477,25.5609126130004,0.191344933400139,0.44559372980997,0.385673329187644,40.990099009901,0.295946232237688,0.445544554455446,0.930693069306931,101
"NEU_ISI-AdaptiveEnsemble","10",0.951846170036604,1.04923725635126,26.7976022384847,0.490629278007412,0.906283636505781,0.897115549140817,31.8415841584158,0.611561902830548,0.158415841584158,0.396039603960396,101
"NEU_ISI-AdaptiveEnsemble","11",1.01683477793054,1.15841406315562,54.3241630434783,1.00582942846073,0.977539224246921,1.14679037202445,59.775,1.20294572225219,0.075,0.2,40
"NEU_ISI-AdaptiveEnsemble","12",0.816057646382554,0.729433183254426,353.086306500215,0.262904006863129,0.97064668404314,1.01067296058485,498.237623762376,0.39125310014499,0.227722772277228,0.673267326732673,101
"NEU_ISI-AdaptiveEnsemble","13",0.787668026508232,0.690820718491892,142.081304347826,0.367567181171885,0.997356737864276,1.01322132671567,221.969072164948,0.597223428112144,0.195876288659794,0.77319587628866,97
"NEU_ISI-AdaptiveEnsemble","15",1.08433067562979,1.11591875646934,15.3529401635816,0.335699630066594,1.06238656145103,1.10479309014676,20.3366336633663,0.477226104953919,0.207920792079208,0.564356435643564,101
"NEU_ISI-AdaptiveEnsemble","16",0.712091541136999,0.616087215479785,27.8537236332329,0.297500932414572,0.741317040761718,0.701355562920587,38.2079207920792,0.419980762211631,0.316831683168317,0.663366336633663,101
"NEU_ISI-AdaptiveEnsemble","17",0.678545352886196,0.523371494188627,208.356379681446,0.284518549613051,0.780426022093326,0.661661954815686,294.930693069307,0.426398549220552,0.336633663366337,0.673267326732673,101
"NEU_ISI-AdaptiveEnsemble","18",0.562023964766472,0.462547711098439,136.063641842445,0.291464252638468,0.632802202903145,0.608043715100419,184.376237623762,0.452423747737161,0.336633663366337,0.861386138613861,101
"NEU_ISI-AdaptiveEnsemble","19",0.505847621616002,0.535609411291089,36.2199483426604,0.346410851311325,0.569845180707508,0.559420334894262,50.4356435643564,0.495752350984677,0.247524752475248,0.683168316831683,101
"NEU_ISI-AdaptiveEnsemble","20",0.714417492980773,0.688900018735798,49.511713301765,0.38958143874535,0.748035740943617,0.714863862143032,65.7425742574257,0.548157875406941,0.217821782178218,0.594059405940594,101
"NEU_ISI-AdaptiveEnsemble","21",0.522074777025757,0.357939341195517,81.4729875161429,0.217692348267311,0.588776216781405,0.438838624291601,118.792079207921,0.337605993608402,0.514851485148515,0.920792079207921,101
"NEU_ISI-AdaptiveEnsemble","22",0.890162531422603,0.723862734275885,75.0783863738234,0.27505103692917,0.874993196682865,0.820370732095371,95.7113402061856,0.363723400841438,0.329896907216495,0.618556701030928,97
"NEU_ISI-AdaptiveEnsemble","23",0.541872742393877,0.836752376182329,16.0460820713239,0.49383281276798,0.644315908738116,0.841348934040801,25.2247191011236,0.742255753903351,0.247191011235955,0.752808988764045,89
"NEU_ISI-AdaptiveEnsemble","24",0.535413046452723,0.465607916361529,72.4002152389152,0.26794713577794,0.557226606741547,0.496715632736407,92.8613861386139,0.377768880328245,0.267326732673267,0.653465346534653,101
"NEU_ISI-AdaptiveEnsemble","25",0.729354506523275,0.749282152328346,150.61959692029,0.397764958577097,0.818433107112572,0.960441483531425,202.34375,0.574321470549357,0.229166666666667,0.583333333333333,96
"NEU_ISI-AdaptiveEnsemble","26",0.660774717130593,0.446740566700927,148.895699526474,0.220614395600807,0.683086853332614,0.541597222484384,201.633663366337,0.330405127314148,0.316831683168317,0.752475247524752,101
"NEU_ISI-AdaptiveEnsemble","27",0.629534107337379,0.707790141908329,103.982259963768,0.390962467749215,0.74671814440287,0.83545743808326,145.21875,0.573583722413207,0.25,0.65625,96
"NEU_ISI-AdaptiveEnsemble","28",0.628247817235614,0.529993225866383,38.2512604303909,0.259626608502658,0.615766525288686,0.621845734748312,47.6565656565657,0.362511429829033,0.272727272727273,0.656565656565657,99
"NEU_ISI-AdaptiveEnsemble","29",0.874432080887302,0.660587679396065,156.87142057684,0.3594389601097,0.932214018846874,0.830860484797872,205.19801980198,0.514939696872678,0.297029702970297,0.762376237623762,101
"NEU_ISI-AdaptiveEnsemble","30",0.744361708990372,0.882172079348927,20.392704805492,0.531178219356658,0.734201996997923,0.731831057557706,27.4421052631579,0.719493569940324,0.336842105263158,0.6,95
"NEU_ISI-AdaptiveEnsemble","31",0.660582651733096,0.621143860274929,29.6736891950065,0.367914980136265,0.75766785820367,0.692351312903671,41.6831683168317,0.541054534978761,0.287128712871287,0.653465346534653,101
"NEU_ISI-AdaptiveEnsemble","32",0.730801091840376,0.646452454405278,28.5924967714163,0.239382039336362,0.801635417231496,0.80078875963681,42.0792079207921,0.365508851017359,0.267326732673267,0.673267326732673,101
"NEU_ISI-AdaptiveEnsemble","33",0.827868680453295,0.770742484980657,27.6850588235294,0.441914490239429,0.800420949007632,0.741693194875363,32.3882352941176,0.554393861517854,0.247058823529412,0.435294117647059,85
"NEU_ISI-AdaptiveEnsemble","34",0.907828605546695,0.742224298874744,250.319452054795,0.432289178212308,0.922665779772752,0.826655731488057,313.671232876712,0.599148091663832,0.205479452054795,0.506849315068493,73
"NEU_ISI-AdaptiveEnsemble","35",0.985240262110743,0.919470508752568,36.3908179078777,0.358303972722341,0.899265875199128,0.924310843609651,47,0.479455622028024,0.267326732673267,0.584158415841584,101
"NEU_ISI-AdaptiveEnsemble","36",0.849277546557003,0.704516115832264,332.646422729229,0.345903742129128,0.95137593973278,0.853627303936064,481.653465346535,0.525286404313424,0.336633663366337,0.722772277227723,101
"NEU_ISI-AdaptiveEnsemble","37",0.539675566239948,0.507888996276321,159.516969436074,0.32060410852447,0.619056479293824,0.658922817049805,219.881188118812,0.484994775768742,0.227722772277228,0.673267326732673,101
"NEU_ISI-AdaptiveEnsemble","38",0.537312085500635,0.599560312935553,7.43766250538097,0.291324404230045,0.560102574308986,0.583202828109838,10.7029702970297,0.438847741514214,0.366336633663366,0.801980198019802,101
"NEU_ISI-AdaptiveEnsemble","39",0.823185176614867,0.623571427840791,413.623714439077,0.449484498671271,0.806090600877457,0.689320824739069,472.567901234568,0.610099854034288,0.209876543209877,0.567901234567901,81
"NEU_ISI-AdaptiveEnsemble","40",0.683788778883214,0.494281624770213,85.7807723785166,0.325521643747599,0.739986633480375,0.659458555889844,113.623529411765,0.492876472536076,0.341176470588235,0.752941176470588,85
"NEU_ISI-AdaptiveEnsemble","41",0.861178600563804,0.741830930773591,78.8716874730951,0.359480773839138,0.895874708720329,0.915257949701489,101.732673267327,0.494406693761714,0.297029702970297,0.584158415841584,101
"NEU_ISI-AdaptiveEnsemble","42",0.69932859803888,0.791073923458414,428.129776151528,0.411664783365826,0.812705491229933,0.994476244594547,587.158415841584,0.590951129065714,0.188118811881188,0.564356435643564,101
"NEU_ISI-AdaptiveEnsemble","44",0.763279530537909,0.677068935536953,18.4120259973106,0.353749485820091,0.786606948829877,0.680188033690263,23.3917525773196,0.47690053679514,0.257731958762887,0.56701030927835,97
"NEU_ISI-AdaptiveEnsemble","45",0.554398628923238,0.567863878590969,93.3016401205338,0.374811637975415,0.647143715220863,0.71457479222829,130.168316831683,0.570042166490182,0.198019801980198,0.643564356435644,101
"NEU_ISI-AdaptiveEnsemble","46",0.66533943265401,0.738696311323455,14.6913651238897,0.448961747027234,0.688847575515046,0.731428971233057,19.0860215053763,0.622273560380424,0.21505376344086,0.623655913978495,93
"NEU_ISI-AdaptiveEnsemble","47",0.744288674102232,0.544057257366955,111.524149806285,0.273034116858062,0.751144217260134,0.654064035285952,143.415841584158,0.379430609687797,0.386138613861386,0.653465346534653,101
"NEU_ISI-AdaptiveEnsemble","48",0.589330502449972,0.439089337980099,327.513861386139,0.217413599859691,0.653387156263173,0.641519432453647,431.158415841584,0.317624590033977,0.415841584158416,0.772277227722772,101
"NEU_ISI-AdaptiveEnsemble","49",0.79500639072002,0.767596749675167,41.5490099009901,0.353454440459306,0.840128488640235,0.828219533678054,52.3564356435644,0.477492013723764,0.356435643564356,0.683168316831683,101
"NEU_ISI-AdaptiveEnsemble","50",0.661933762323716,0.691586243911775,9.79014492753623,0.359995004721909,0.710261289120376,0.629627306111123,13.7204301075269,0.496374869527512,0.247311827956989,0.612903225806452,93
"NEU_ISI-AdaptiveEnsemble","51",0.656820024272951,0.597675542632766,98.5635944898838,0.328455020203638,0.756608397644946,0.821666646334508,145.623762376238,0.525851390013265,0.237623762376238,0.742574257425743,101
"NEU_ISI-AdaptiveEnsemble","53",0.688958632438216,0.638292851228967,70.5143865690917,0.330309241580066,0.813056775195284,0.789505288436285,110.712871287129,0.517568595033456,0.326732673267327,0.831683168316832,101
"NEU_ISI-AdaptiveEnsemble","54",0.639998353183561,0.700150605386181,55.5758243650452,0.448364066305906,0.730631611023466,0.710878547918938,79.3465346534653,0.655075252213408,0.277227722772277,0.742574257425743,101
"NEU_ISI-AdaptiveEnsemble","55",0.469912957555536,0.541089959262491,71.5664700817908,0.33860466395193,0.543915643808895,0.581516742100779,101.90099009901,0.488500441060134,0.297029702970297,0.752475247524752,101
"NEU_ISI-AdaptiveEnsemble","56",1.01797821359604,0.894303298703947,16.4885019371502,0.474368209988426,0.970345363421841,0.842132149853928,21.2178217821782,0.623713739046285,0.316831683168317,0.613861386138614,101
"NEU_ISI-FluBcast","01",0.793354736579068,0.651365650058301,79.5002173913043,0.295214177304979,0.786294041703291,0.715192829019573,101.13,0.400518248645814,0.36,0.57,100
"NEU_ISI-FluBcast","02",1.05097525092961,0.988025152675394,9.68336011342155,0.37958481040882,0.942289511124789,0.96668856973816,12.75,0.520555047357398,0.293478260869565,0.630434782608696,92
"NEU_ISI-FluBcast","04",0.905871893007366,1.17758475218103,368.866793478261,0.619036724942609,0.87109304513902,1.37248781206213,404.4875,0.730009356281994,0.2875,0.525,80
"NEU_ISI-FluBcast","05",0.778525008092264,0.488940211478369,52.5519067028985,0.282579729418522,0.757112160825611,0.515086366943888,66.7916666666667,0.390724637559156,0.34375,0.635416666666667,96
"NEU_ISI-FluBcast","06",0.631319456275175,0.659053290738616,325.177104347826,0.268164772657931,0.695554867613471,0.966090759527064,446.24,0.407483186885171,0.11,0.49,100
"NEU_ISI-FluBcast","08",0.688709870966439,0.464356892711642,64.0556652173913,0.208259125605642,0.664934435081242,0.503573057547098,79.59,0.274453690564656,0.47,0.74,100
"NEU_ISI-FluBcast","09",0.66234512320478,0.681712738311276,47.0756023550725,0.3893911815935,0.624433215991726,0.675950799917204,59.25,0.522545137828702,0.354166666666667,0.572916666666667,96
"NEU_ISI-FluBcast","10",1.1667727284207,1.23141454687866,33.2401130434783,0.590516188056002,1.1070881589282,1.10347793120539,39.07,0.773330471296427,0.09,0.41,100
"NEU_ISI-FluBcast","11",0.837475791326636,0.743036378072274,31.4579603580563,0.534614295594581,0.833766726909437,0.794363914235103,35.9411764705882,0.702582843639482,0.338235294117647,0.573529411764706,68
"NEU_ISI-FluBcast","12",0.868353363819639,0.746229402931308,364.004160869565,0.260412205383175,0.874925376030249,0.919309322241779,437.76,0.347680418495425,0.26,0.61,100
"NEU_ISI-FluBcast","13",0.459854643650108,0.377296502652615,84.2983648393195,0.200098320303092,0.515530751560612,0.492562093247661,116.021739130435,0.289642233540679,0.467391304347826,0.760869565217391,92
"NEU_ISI-FluBcast","15",1.01734900792478,1.020766673835,14.4769474637681,0.295871523616317,0.964793518515582,0.972517056548996,18.4375,0.403471983961455,0.270833333333333,0.572916666666667,96
"NEU_ISI-FluBcast","16",0.984468807171678,0.885330695887817,37.6608506616257,0.431003496846268,0.946280923497926,0.944139177329975,47.5217391304348,0.567592857785323,0.260869565217391,0.5,92
"NEU_ISI-FluBcast","17",0.912067023803174,0.741155099636437,265.267895652174,0.381805072242808,0.911248145485404,0.847965990616683,325.7,0.518410245143876,0.13,0.48,100
"NEU_ISI-FluBcast","18",0.85870542521799,0.629862568090949,215.589275362319,0.401987072562085,0.840122710502521,0.716527312539046,250.260416666667,0.538917765127002,0.260416666666667,0.59375,96
"NEU_ISI-FluBcast","19",0.678111188706241,0.688408518452642,49.368,0.455798070485273,0.665234746441517,0.669031686024187,59.8,0.606629105442575,0.27,0.57,100
"NEU_ISI-FluBcast","20",0.787942146347552,0.671843591759337,54.4123086956522,0.376931765955698,0.764340830304768,0.668054633526846,66.84,0.510202818808981,0.3,0.63,100
"NEU_ISI-FluBcast","21",0.963860841885615,0.682769399977393,181.630697940503,0.487438517661025,0.885733002685807,0.700844178703331,209.815789473684,0.617261780078745,0.342105263157895,0.526315789473684,76
"NEU_ISI-FluBcast","22",1.15954052784155,1.02456794995698,97.8369772256729,0.379485040635418,1.07991291375223,1.10726917160049,116.678571428571,0.466820926819269,0.333333333333333,0.511904761904762,84
"NEU_ISI-FluBcast","23",1.02337389810462,1.1722020653922,36.9475098814229,0.723218822378482,0.952057172276433,1.04220126278675,44.2272727272727,0.948380394294253,0.0795454545454545,0.375,88
"NEU_ISI-FluBcast","24",0.691738391790535,0.695200484736576,94.0815260869565,0.409590409810299,0.663373407355117,0.708081581309078,110.98,0.550934977833977,0.21,0.39,100
"NEU_ISI-FluBcast","25",0.766837290461136,0.697829215769319,99.3355034324943,0.353073732985218,0.838788237285347,0.853695275081998,135.486842105263,0.484546860323807,0.447368421052632,0.657894736842105,76
"NEU_ISI-FluBcast","26",1.10178338440733,0.779491770603107,258.587528355388,0.394739371588232,1.00876558152159,0.842146183847263,309,0.522654978409353,0.195652173913043,0.456521739130435,92
"NEU_ISI-FluBcast","27",0.788131293998818,0.92420017802681,27.0618817934783,0.39606170970235,0.859629629818123,1.06183080494498,36.890625,0.561114986305244,0.296875,0.609375,64
"NEU_ISI-FluBcast","28",0.639051980974645,0.456909600623002,39.521847826087,0.232697992765329,0.631453180623112,0.517674443408764,49.7083333333333,0.317357448941281,0.4375,0.729166666666667,96
"NEU_ISI-FluBcast","29",1.16166146710825,0.933620400874725,205.627843478261,0.505290414033056,1.0939502960853,1.06242466576116,236.6,0.65555972019756,0.1,0.41,100
"NEU_ISI-FluBcast","30",1.05058065823731,1.02275811313534,29.070339673913,0.619711148039867,0.964813750046767,0.835630789742143,35.15625,0.805771535837754,0.21875,0.395833333333333,96
"NEU_ISI-FluBcast","31",0.738007657255828,0.651477688704012,32.5556739130435,0.379544498631485,0.746714990739292,0.679220249366565,40.58,0.524417889747281,0.27,0.65,100
"NEU_ISI-FluBcast","32",0.675870270521106,0.533812544919567,25.7932110507246,0.18866250665633,0.693067931133521,0.62944111807525,35.3020833333333,0.273146605635143,0.395833333333333,0.760416666666667,96
"NEU_ISI-FluBcast","33",0.666479395319409,0.615023088119479,28.0761413043478,0.359424755425848,0.697553850877904,0.654261264507174,35.4895833333333,0.500137175110401,0.302083333333333,0.635416666666667,96
"NEU_ISI-FluBcast","34",0.877772320450057,0.778538026818309,241.902744565217,0.436866576517125,0.847020856868162,0.844670557694325,292.7,0.598933406000571,0.075,0.3875,80
"NEU_ISI-FluBcast","35",1.28506866083975,1.28745244518748,49.8543115942029,0.507720298516372,1.1216323676833,1.25965913825566,61.6904761904762,0.661577411698324,0.107142857142857,0.392857142857143,84
"NEU_ISI-FluBcast","36",0.987575126022256,0.952894830700383,416.812386128364,0.478301859585425,0.940212240738322,1.01147034065114,511.428571428571,0.646140617366586,0.0476190476190476,0.238095238095238,84
"NEU_ISI-FluBcast","37",0.594578455773166,0.524438500092676,177.239273913043,0.342662744682883,0.614736626426045,0.621726311451361,218.33,0.470270445698812,0.29,0.6,100
"NEU_ISI-FluBcast","38",0.61628992789532,0.864067010824596,9.48641798418972,0.44200803500159,0.599890894080704,0.798643959719869,12.6136363636364,0.623619477042873,0.215909090909091,0.636363636363636,88
"NEU_ISI-FluBcast","39",0.970531500907325,0.712563667083116,474.658336956522,0.531526396343506,0.940095214120333,0.791967006556663,525.875,0.722038156824387,0.0625,0.4625,80
"NEU_ISI-FluBcast","40",0.762889812356309,0.46455624209413,88.0531608695652,0.296662069151757,0.753211882697907,0.576863849922812,105.91,0.41543323353819,0.42,0.7,100
"NEU_ISI-FluBcast","41",0.992724998411373,0.833265780649276,87.3376913043478,0.383782557850225,0.961660622306716,0.962444925309726,106.36,0.501475116836659,0.24,0.6,100
"NEU_ISI-FluBcast","42",1.1720527271972,1.15203352135527,1492.46760869565,0.961909131502003,1.10275504645478,1.16290356490788,1591.47222222222,1.08904157411857,0,0.0833333333333333,36
"NEU_ISI-FluBcast","44",0.838503455866827,0.772905986063548,20.2888434782609,0.384870075279686,0.826580775174481,0.778976184940249,24.71,0.52560798218525,0.34,0.53,100
"NEU_ISI-FluBcast","45",0.442019529097471,0.396229806120997,74.0651565217391,0.256227450445129,0.473102002555762,0.470550438225021,94.7,0.367473350488182,0.39,0.66,100
"NEU_ISI-FluBcast","46",0.708980481432823,0.735429124686912,16.6587901701323,0.444137432838036,0.717091211133357,0.750420524019338,21.2065217391304,0.633590244451091,0.206521739130435,0.445652173913043,92
"NEU_ISI-FluBcast","47",0.89699003829251,0.656779001699168,134.506929347826,0.323134144996154,0.86888420138034,0.751413614987105,164.572916666667,0.423060033687539,0.333333333333333,0.53125,96
"NEU_ISI-FluBcast","48",0.501525400189569,0.391310933329677,269.707813043478,0.185730100734188,0.538834785149194,0.575532713430806,341.05,0.270177954199157,0.35,0.74,100
"NEU_ISI-FluBcast","49",0.9901378056132,1.00048150062495,46.7700913043478,0.415275402545983,0.981649403849823,1.0565273733125,55.79,0.555443382667411,0.09,0.55,100
"NEU_ISI-FluBcast","50",0.889915903543756,0.903192839910791,13.4878656126482,0.452300129040681,0.866969429064372,0.84528344808841,17.0795454545455,0.641476067315522,0.261363636363636,0.511363636363636,88
"NEU_ISI-FluBcast","51",0.569590796173276,0.369453552784348,86.5851721014493,0.19951893311783,0.590493132628356,0.4399362576514,116.333333333333,0.279763454068853,0.40625,0.697916666666667,96
"NEU_ISI-FluBcast","53",0.861763559041287,0.626279861953526,84.9928695652174,0.306290937089423,0.838511411160235,0.695047479691104,109.14,0.427725273119064,0.32,0.64,100
"NEU_ISI-FluBcast","54",1.36120556511243,1.28176006319529,67.0281114130435,0.90998753072702,1.32962942099513,1.18008662686788,82,1.21079407502349,0.21875,0.53125,32
"NEU_ISI-FluBcast","55",0.792764756955978,0.813696453025316,123.671895652174,0.511694823625432,0.76770059009976,0.818225570566458,144.6,0.682807242438904,0.12,0.5,100
"NEU_ISI-FluBcast","56",1.17231853822145,0.953948842675112,20.4612215320911,0.505259308638623,1.08859437033376,0.948192621243001,24.702380952381,0.669997777781979,0.261904761904762,0.511904761904762,84
"NIH-Flu_ARIMA","01",0.672118051257409,0.683359952372716,66.7563628762542,0.312560506802101,0.747422574668407,0.814739037860548,95.8461538461538,0.464785774490724,0.288461538461538,0.701923076923077,104
"NIH-Flu_ARIMA","02",1.07931660951391,1.12662343300779,9.92303093645485,0.445255179705411,0.959469413268946,1.0809740735143,13,0.602766993804346,0.201923076923077,0.557692307692308,104
"NIH-Flu_ARIMA","04",0.487571880260715,0.545284442525261,67.7800163043478,0.211954108869866,0.586766618366491,0.805270257230672,103.05,0.327856471995993,0.475,0.9,80
"NIH-Flu_ARIMA","05",0.859158152030271,1.08791559606115,54.3173578595318,0.608789507545258,0.882167896852639,1.10882054030411,74.125,0.81590821129667,0.182692307692308,0.519230769230769,104
"NIH-Flu_ARIMA","06",0.677199801318794,0.509296658331775,374.006003344482,0.218437353895994,0.796754019342662,0.742249335651964,551.394230769231,0.331571296520268,0.240384615384615,0.807692307692308,104
"NIH-Flu_ARIMA","08",0.643809873179296,0.578271234933013,58.9110576923077,0.267308527204271,0.691764077191224,0.706695840662298,80.9230769230769,0.396988708463532,0.259615384615385,0.730769230769231,104
"NIH-Flu_ARIMA","09",0.783232937842608,0.760899878857695,51.8652424749164,0.428521353354568,0.821775422835602,0.784022608319876,72.7692307692308,0.602530591839285,0.182692307692308,0.721153846153846,104
"NIH-Flu_ARIMA","10",1.00722687879833,1.12134329446464,27.7909364548495,0.537185462248822,1.00580783810728,0.999202389878964,34.6730769230769,0.699222625939405,0.269230769230769,0.605769230769231,104
"NIH-Flu_ARIMA","11",0.921097723745172,1.09280391768431,30.4357232441472,0.726971014466781,0.926390869849995,1.04279246515701,37.5,0.877556236218551,0.115384615384615,0.288461538461538,104
"NIH-Flu_ARIMA","12",0.655560874873333,0.568256022959063,274.806032608696,0.202366741943509,0.756347122049422,0.76864539095334,383.836538461538,0.300067084308256,0.230769230769231,0.769230769230769,104
"NIH-Flu_ARIMA","13",0.730978895165848,0.719893981291272,130.218871237458,0.383947826068797,0.807366991245685,0.925291858395748,175.394230769231,0.546063932518833,0.221153846153846,0.673076923076923,104
"NIH-Flu_ARIMA","15",1.00617748748992,0.997592035946901,13.6420735785953,0.296470887919026,0.957424704286525,0.933589732894942,17.4903846153846,0.396224731414262,0.211538461538462,0.567307692307692,104
"NIH-Flu_ARIMA","16",0.945276409586436,1.15244888754213,34.8026254180602,0.534352626334165,0.930699196991988,1.2357561780114,45.5480769230769,0.716530768160927,0.153846153846154,0.567307692307692,104
"NIH-Flu_ARIMA","17",0.742248992370668,0.649948837627931,217.485334448161,0.342792974733022,0.880219211978326,0.817818415999395,318.596153846154,0.512419180868614,0.25,0.817307692307692,104
"NIH-Flu_ARIMA","18",0.593444887515941,0.465450245423522,146.628570234114,0.305363621944272,0.704230308598531,0.57685410915291,212.307692307692,0.452510273027792,0.394230769230769,0.836538461538462,104
"NIH-Flu_ARIMA","19",0.573017708428677,0.697833525687891,40.1774080267559,0.467689963596989,0.664131806321791,0.714633326051524,58.1923076923077,0.653942543241136,0.192307692307692,0.692307692307692,104
"NIH-Flu_ARIMA","20",0.611139083393627,0.674860518697412,40.9786413043478,0.385130549726527,0.625590610079482,0.685344841494298,53.5,0.533368825824544,0.240384615384615,0.673076923076923,104
"NIH-Flu_ARIMA","21",0.797367730237653,0.74927272596229,118.425802675585,0.451875430525036,0.830557887351298,0.832374383548275,159.567307692308,0.6367632197686,0.240384615384615,0.711538461538462,104
"NIH-Flu_ARIMA","22",0.763785054703565,0.677331658275977,60.8935953177258,0.250336139437794,0.86003870361969,0.892318838304749,89.4423076923077,0.385894537012006,0.307692307692308,0.788461538461538,104
"NIH-Flu_ARIMA","23",0.688755116262337,0.770458234928111,23.4110660535117,0.473558425854957,0.698179476984679,0.703772194251143,31.0192307692308,0.642029070692007,0.269230769230769,0.644230769230769,104
"NIH-Flu_ARIMA","24",0.717842978361868,0.733791266179863,97.6410953177258,0.437000975101673,0.771969633619527,0.754499831013794,129.721153846154,0.59449986072471,0.278846153846154,0.538461538461538,104
"NIH-Flu_ARIMA","25",0.565749586410367,0.513342782261041,114.292077759197,0.274332523463731,0.686166277383546,0.689280472513466,167.528846153846,0.415234403580532,0.298076923076923,0.788461538461538,104
"NIH-Flu_ARIMA","26",0.727451405414367,0.677837947754322,157.684289297659,0.343140978594847,0.795843248939913,0.810331631491804,227.451923076923,0.507723638415826,0.201923076923077,0.692307692307692,104
"NIH-Flu_ARIMA","27",0.660971628012505,0.659990070606104,101.578846153846,0.377253209018997,0.726709751379939,0.729852132775261,132.605769230769,0.520854541709873,0.298076923076923,0.644230769230769,104
"NIH-Flu_ARIMA","28",0.771453068251854,0.732285728677003,44.4800501672241,0.362870326511555,0.827564930316404,0.882788196303623,61.1538461538462,0.528702018143584,0.259615384615385,0.721153846153846,104
"NIH-Flu_ARIMA","29",1.00952607904115,0.843623409383704,171.043566053512,0.451122011479367,1.1133605219965,1.04679022571542,232.423076923077,0.64000472629473,0.259615384615385,0.644230769230769,104
"NIH-Flu_ARIMA","30",1.17409622066983,1.08387650904189,31.9079389632107,0.63849655082367,1.0998891329337,0.850829746522047,40.1442307692308,0.804235903272808,0.221153846153846,0.538461538461538,104
"NIH-Flu_ARIMA","31",0.64385730982381,0.693260429919497,27.9289590301003,0.414473198469437,0.684533032567024,0.692143791187601,36.6826923076923,0.548540639411893,0.240384615384615,0.653846153846154,104
"NIH-Flu_ARIMA","32",0.756293745840783,0.757169063679668,28.2464632107023,0.274168386783921,0.823528766785673,0.913541294364712,41.5769230769231,0.410519776832521,0.326923076923077,0.769230769230769,104
"NIH-Flu_ARIMA","33",0.958461860824612,0.851551051917519,39.5777257525084,0.519529703100605,1.00797451043167,0.843606429274094,51.0673076923077,0.671890581722064,0.230769230769231,0.567307692307692,104
"NIH-Flu_ARIMA","34",0.622868842061754,0.743576607313211,159.759690635452,0.525485554128698,0.69420333015248,0.763724490015214,225.307692307692,0.666257388947462,0.201923076923077,0.730769230769231,104
"NIH-Flu_ARIMA","35",1.37717630542375,1.20991570427581,49.4421112040134,0.461592591011168,1.30222427732856,1.25070747657884,66.7692307692308,0.639296823527663,0.221153846153846,0.605769230769231,104
"NIH-Flu_ARIMA","36",0.532822973132479,0.424590457528228,211.886964882943,0.218538930900181,0.573218764285353,0.50176857573735,292.682692307692,0.323730473750827,0.375,0.875,104
"NIH-Flu_ARIMA","37",0.639757506100835,0.542263282764638,186.564703177258,0.350788426714632,0.752146254965595,0.693625368131991,264.711538461538,0.526078730389557,0.288461538461538,0.75,104
"NIH-Flu_ARIMA","38",0.74805785685881,0.78506958155053,10.1538419732441,0.381636055503394,0.740778290565117,0.708226962199351,13.6923076923077,0.520089412875202,0.317307692307692,0.692307692307692,104
"NIH-Flu_ARIMA","39",0.583521908220439,0.573173225488179,291.196906354515,0.446596376056086,0.701660416644066,0.641603878243615,418.932692307692,0.617671627995653,0.259615384615385,0.740384615384615,104
"NIH-Flu_ARIMA","40",0.775960155013101,0.809534778858101,83.6407901337793,0.50302597221497,0.821385981576038,0.980083024326406,109.817307692308,0.697911429980966,0.230769230769231,0.605769230769231,104
"NIH-Flu_ARIMA","41",0.932814063683065,0.832847900749986,82.0863754180602,0.390670346090517,1.04246625102926,1.06667553989274,115.788461538462,0.567420369635028,0.201923076923077,0.730769230769231,104
"NIH-Flu_ARIMA","42",0.523321040237214,0.515644765276499,330.877420568562,0.280853374612898,0.636168993703755,0.642357865416063,473.567307692308,0.398311698284109,0.307692307692308,0.769230769230769,104
"NIH-Flu_ARIMA","44",0.884842487526092,0.971802724663868,20.8001421404682,0.505771162682192,0.874612569693039,0.943287529259637,25.5,0.66554407098737,0.163461538461538,0.490384615384615,104
"NIH-Flu_ARIMA","45",0.583696547425341,0.533250663925405,96.0580058528428,0.350910717127121,0.715853386831178,0.654601113484541,141.211538461538,0.517284473954373,0.25,0.721153846153846,104
"NIH-Flu_ARIMA","46",0.777856569163498,0.978567936677843,17.0172408026756,0.575320462709605,0.796609630719347,0.911272489729935,22.0384615384615,0.753266453875062,0.173076923076923,0.528846153846154,104
"NIH-Flu_ARIMA","47",0.76538498231212,0.669336028458273,109.549506688963,0.33554470385892,0.829782897733339,0.835557561574507,151.134615384615,0.480885474649882,0.230769230769231,0.692307692307692,104
"NIH-Flu_ARIMA","48",0.613016711824003,0.585395335221917,322.442462374582,0.280980874125703,0.716257801621584,0.865820202239992,450.317307692308,0.415501762090519,0.269230769230769,0.75,104
"NIH-Flu_ARIMA","49",0.681376108493288,0.586944582237316,33.1881981605351,0.261096978938439,0.754054475136529,0.644791041280757,44.3076923076923,0.362124714053161,0.307692307692308,0.75,104
"NIH-Flu_ARIMA","50",0.935818991088209,1.02798206850926,12.9657525083612,0.548047618314556,0.90092955330427,0.847496055836432,16.3461538461538,0.68974513733042,0.134615384615385,0.480769230769231,104
"NIH-Flu_ARIMA","51",0.58887505424969,0.521543046544968,85.9707483277592,0.282878188518829,0.671318900535135,0.66999469634172,126.115384615385,0.423787298544914,0.230769230769231,0.807692307692308,104
"NIH-Flu_ARIMA","53",0.755123605631053,0.601491357479428,72.9036580267558,0.295715121630409,0.839026454337545,0.707891064633212,107.5,0.440806210268254,0.307692307692308,0.807692307692308,104
"NIH-Flu_ARIMA","54",0.645919724614339,0.66246080507032,56.3278929765886,0.448545678648025,0.718889717443836,0.64486702543757,78.2596153846154,0.625260937445695,0.230769230769231,0.682692307692308,104
"NIH-Flu_ARIMA","55",0.59410473418362,0.559140957064621,92.9443102006689,0.363386911807484,0.700554992086321,0.621734477898304,134.096153846154,0.534781996049719,0.269230769230769,0.721153846153846,104
"NIH-Flu_ARIMA","56",0.973304749896797,1.04213802184685,15.0872533444816,0.546379003591299,0.924912586550544,0.972134781237254,19.1057692307692,0.702729175416361,0.25,0.586538461538462,104
"OHT_JHU-nbxd","01",0.824924818046928,0.714496084487479,95.0691689981096,0.342329501234483,0.904526556269838,0.8486280314926,133.51097826087,0.501644395980362,0.423913043478261,0.826086956521739,92
"OHT_JHU-nbxd","02",0.662169944209511,0.691903731141796,6.41514338374291,0.269628481804423,0.698508899402705,0.771110034222982,10.0108695652174,0.423530378995235,0.423913043478261,0.858695652173913,92
"OHT_JHU-nbxd","04",0.608565453790218,0.681917973028337,227.47375789225,0.320860654931772,0.75116489327019,1.02946950750751,322.702826086957,0.504193603990305,0.358695652173913,0.793478260869565,92
"OHT_JHU-nbxd","05",0.779672532831666,0.609927492627089,56.1923616257089,0.335577638023122,0.8866522029402,0.739785293853265,84.8155434782609,0.535995999795604,0.402173913043478,0.91304347826087,92
"OHT_JHU-nbxd","06",0.766602655701197,0.654247177659653,462.945967013233,0.282191010298249,0.970547225991962,0.999024203621856,740.429782608696,0.454929274264443,0.369565217391304,0.91304347826087,92
"OHT_JHU-nbxd","08",0.710880291662497,0.58567382442184,73.3589009924386,0.277840520001388,0.821172812643984,0.7473623710259,109.614456521739,0.435259130947918,0.489130434782609,0.902173913043478,92
"OHT_JHU-nbxd","09",0.740425108254292,0.627504592883725,55.1576270321361,0.358951678527423,0.79439139717713,0.686262517856896,79.308152173913,0.535277791656251,0.41304347826087,0.804347826086957,92
"OHT_JHU-nbxd","10",0.917303801908909,0.933010429372774,29.3824947069943,0.456754578273665,1.00414898730014,0.943886567308341,39.8669565217391,0.666353398789016,0.271739130434783,0.652173913043478,92
"OHT_JHU-nbxd","11",0.737564358375004,0.732223818024523,26.3746678638941,0.483435412653469,0.800009297033127,0.818963731844733,34.5417391304348,0.681039484681065,0.33695652173913,0.684782608695652,92
"OHT_JHU-nbxd","12",0.75890716438539,0.644042534105181,339.518820179584,0.224085523763702,0.956318176561087,0.901576959490235,523.463586956522,0.346228187693347,0.641304347826087,0.967391304347826,92
"OHT_JHU-nbxd","13",0.977706548526861,0.753758654975038,191.143620888469,0.407438268647641,1.11626469481905,0.971827793895683,271.816956521739,0.591963434525054,0.402173913043478,0.760869565217391,92
"OHT_JHU-nbxd","15",0.654747595324899,0.718102713541078,9.18274168241966,0.202991426147278,0.800444161899819,0.804571309949005,15.2771739130435,0.327374218045725,0.532608695652174,1,92
"OHT_JHU-nbxd","16",0.714503027069375,0.690378832712372,31.1122338374291,0.354016217607483,0.783710128114951,0.86413194646486,44.3944565217391,0.551276455974393,0.326086956521739,0.815217391304348,92
"OHT_JHU-nbxd","17",0.806649302132237,0.657563876474658,265.513555671078,0.361924741396983,0.924583292662805,0.791645704158489,378.07097826087,0.525573062171593,0.380434782608696,0.804347826086957,92
"OHT_JHU-nbxd","18",0.77109724230255,0.640069019219577,205.992267958412,0.419269427417235,0.884582315121389,0.766193414058253,292.762173913043,0.609906615598849,0.358695652173913,0.717391304347826,92
"OHT_JHU-nbxd","19",0.683570750177422,0.667896133872989,53.4935310964083,0.444594170779395,0.796591499162643,0.755459274073709,77.2935869565217,0.684477823615364,0.282608695652174,0.782608695652174,92
"OHT_JHU-nbxd","20",0.829998371287657,0.716996255637039,64.2294015122873,0.40964474625327,0.839664818101285,0.75749987606207,82.7221739130435,0.587791169349791,0.380434782608696,0.717391304347826,92
"OHT_JHU-nbxd","21",0.79171278911926,0.661143303759893,133.031628449905,0.412996189711233,0.815414290837603,0.769628404874588,176.386847826087,0.603793914195471,0.358695652173913,0.760869565217391,92
"OHT_JHU-nbxd","22",0.809425086288055,0.71665524682329,69.2271299621928,0.26101461828607,0.976374610747946,0.955176297589707,109.458043478261,0.408361295450412,0.445652173913043,0.923913043478261,92
"OHT_JHU-nbxd","23",0.624426715764426,0.637960793334834,23.6260369565217,0.4009198177045,0.69597179924776,0.651594420120853,34.7810869565217,0.610071857624296,0.380434782608696,0.826086956521739,92
"OHT_JHU-nbxd","24",0.723300815379968,0.691847378171041,110.58521157845,0.424289128000344,0.807750291877655,0.770051555599618,153.193043478261,0.622759767893561,0.358695652173913,0.782608695652174,92
"OHT_JHU-nbxd","25",0.742451271403719,0.65845401193013,172.880302079395,0.37375031376135,0.836410667241946,0.823134348618897,237.89847826087,0.538970905197089,0.402173913043478,0.782608695652174,92
"OHT_JHU-nbxd","26",0.785374338954754,0.576884380902031,191.841837192817,0.282832908706685,0.831267818280153,0.687300824074119,267.712282608696,0.417254346318644,0.456521739130435,0.815217391304348,92
"OHT_JHU-nbxd","27",0.593440343859166,0.55666459604211,108.762425141777,0.336763303722963,0.667020082834002,0.652502708740384,144.698260869565,0.493765028134006,0.543478260869565,0.83695652173913,92
"OHT_JHU-nbxd","28",0.770113803956166,0.611994216712583,48.1740492438563,0.29354169138239,0.935791987908618,0.792727311376198,76.6405434782609,0.468378109482235,0.5,0.902173913043478,92
"OHT_JHU-nbxd","29",0.897988700144849,0.746485648409838,172.786552551985,0.400465441732333,0.990459268463889,0.98463780187544,232.717282608696,0.593657956873814,0.380434782608696,0.717391304347826,92
"OHT_JHU-nbxd","30",0.750524680827895,0.82152309711009,21.9705024574669,0.482744807516089,0.761156475526858,0.733497669573422,29.8007608695652,0.689204645742424,0.347826086956522,0.641304347826087,92
"OHT_JHU-nbxd","31",0.792740836153116,0.711757678976057,39.1039147448015,0.436790800917055,0.891330556582006,0.78678891851716,54.0644565217391,0.636409046481065,0.33695652173913,0.684782608695652,92
"OHT_JHU-nbxd","32",1.01578552883225,1.05941057626305,44.8226516540643,0.410327068937106,1.00022459789069,1.26968738038057,57.6047826086957,0.59997120330338,0.271739130434783,0.739130434782609,92
"OHT_JHU-nbxd","33",0.706447760654242,0.678932514296301,31.6313277410208,0.403588149780317,0.752510744392033,0.728587733733543,41.1926086956522,0.567240454733958,0.369565217391304,0.706521739130435,92
"OHT_JHU-nbxd","34",0.644215005047096,0.47503519753277,185.475627126654,0.299579780782413,0.754632786029273,0.540613327431993,280.243586956522,0.441870447260196,0.5,0.83695652173913,92
"OHT_JHU-nbxd","35",0.867141146012847,0.773519171507141,35.4819689981096,0.311339602547964,0.992905677348295,0.938442440311582,57.9290217391304,0.506225915658067,0.33695652173913,0.91304347826087,92
"OHT_JHU-nbxd","36",0.866134330425041,0.646997390095033,386.752949291115,0.341095254828554,0.845086721350877,0.643421641305187,508.214891304348,0.449792415516312,0.576086956521739,0.793478260869565,92
"OHT_JHU-nbxd","37",0.793379374978019,0.644838799044899,253.172089650284,0.413843526548642,0.95749886936812,0.837697051402503,372.210108695652,0.635153960871375,0.33695652173913,0.771739130434783,92
"OHT_JHU-nbxd","38",0.764286606629685,0.735946002054563,11.7680838846881,0.376537894923911,0.766474743337595,0.694733709625433,16.0419565217391,0.536012987935145,0.456521739130435,0.771739130434783,92
"OHT_JHU-nbxd","39",0.741386259631552,0.709343034013465,395.726678780718,0.517521791037014,0.906229410228238,0.858479268039428,575.540108695652,0.762957797740621,0.239130434782609,0.652173913043478,92
"OHT_JHU-nbxd","40",0.826219267896765,0.626234739449031,105.027352977316,0.405453670172042,0.885914256050915,0.755440968846141,141.431086956522,0.567212041969239,0.467391304347826,0.760869565217391,92
"OHT_JHU-nbxd","41",0.79565329399039,0.748599006778813,78.0657152173913,0.356493875148597,0.8734300458486,0.977911895297108,108.249782608696,0.532733819558425,0.380434782608696,0.815217391304348,92
"OHT_JHU-nbxd","42",0.58485568642981,0.533545322725146,401.083946644612,0.291893697747747,0.77953662926123,0.750834947461492,635.564673913044,0.475623585435566,0.445652173913043,0.91304347826087,92
"OHT_JHU-nbxd","44",0.776109886722378,0.765332851021806,20.9936350189036,0.410820539006052,0.867626030824129,0.836193695243337,29.0957608695652,0.604485581205084,0.326086956521739,0.728260869565217,92
"OHT_JHU-nbxd","45",0.727408623078801,0.585719884471696,131.720889603025,0.388024844612089,0.888600822880264,0.741524858727215,194.913586956522,0.600973567631326,0.282608695652174,0.771739130434783,92
"OHT_JHU-nbxd","46",0.818452566544165,0.76601113259453,20.4715924858223,0.474298135953853,0.925530355932956,0.817806944100958,29.0366304347826,0.711138837083357,0.293478260869565,0.695652173913043,92
"OHT_JHU-nbxd","47",0.609088276224026,0.510944655270173,93.6197282136106,0.250770882597531,0.737903851246967,0.700955980491258,146.00597826087,0.400542643745357,0.521739130434783,0.945652173913043,92
"OHT_JHU-nbxd","48",0.816530799705724,0.666736959312468,493.817731049149,0.335263330211588,0.989302455673514,1.00947446914388,719.172173913043,0.51626758947056,0.434782608695652,0.782608695652174,92
"OHT_JHU-nbxd","49",0.716875114964514,0.682674517268306,39.9125459357278,0.315764372981518,0.77065540937907,0.750457983445906,52.5753260869565,0.447988222351555,0.532608695652174,0.793478260869565,92
"OHT_JHU-nbxd","50",0.78737603349747,0.821489827409194,12.0710650756144,0.440815660370926,0.847731790945436,0.798516106526378,16.8083695652174,0.64153503652254,0.260869565217391,0.630434782608696,92
"OHT_JHU-nbxd","51",0.61435478966839,0.481737716173562,98.2943693761815,0.258095279527888,0.691908932476604,0.634945906847304,142.826630434783,0.398401665213133,0.510869565217391,0.902173913043478,92
"OHT_JHU-nbxd","53",0.57025190531807,0.502699847122827,59.5998951323251,0.245382960832675,0.655688231984227,0.59827748270686,92.8308695652174,0.374902882636673,0.489130434782609,0.934782608695652,92
"OHT_JHU-nbxd","54",0.658848909721963,0.755387689448038,62.8790257561437,0.512340410454381,0.741194317946154,0.798256130838494,87.1561956521739,0.762967271358657,0.152173913043478,0.684782608695652,92
"OHT_JHU-nbxd","55",0.712702844992007,0.660370880196146,122.424563563327,0.432621972339707,0.791809207864294,0.728187066930697,166.731195652174,0.637243490363559,0.315217391304348,0.75,92
"OHT_JHU-nbxd","56",0.747874075720391,0.640737563409591,12.5252610113422,0.330989195587384,0.840680168399104,0.710038768828477,19.1595652173913,0.51106280213739,0.445652173913043,0.83695652173913,92
"PSI-PROF","01",0.703709960733649,0.737690186458537,69.3224426839465,0.340123897060074,0.844458118460715,0.938600239776343,107.407980769231,0.542311612429968,0.596153846153846,0.894230769230769,104
"PSI-PROF","02",0.913775682115066,0.895138181836728,8.42205267558528,0.356328452551468,0.965251237556469,0.976559855539509,13.1241346153846,0.550577942789643,0.451923076923077,0.971153846153846,104
"PSI-PROF","04",0.743470970890134,0.80951938065358,255.715435326087,0.388071427782234,0.849035064849849,0.955838923895311,328.479807692308,0.474328576572978,0.625,0.798076923076923,104
"PSI-PROF","05",0.696786950222497,0.736456513794029,44.7563089464883,0.415474235301428,0.804080535318178,0.887084450683047,69.0976923076923,0.661747024921709,0.509615384615385,0.875,104
"PSI-PROF","06",0.560848558599843,0.551402491285268,297.999752842809,0.230985525130929,0.734816536171567,0.79882138967451,496.798942307692,0.352058036548986,0.528846153846154,0.980769230769231,104
"PSI-PROF","08",0.642970882790041,0.579195503772841,57.7982302257525,0.267377907759122,0.731220649550706,0.688517813820905,86.6968269230769,0.393536025569562,0.538461538461538,0.913461538461538,104
"PSI-PROF","09",0.591342486652377,0.637542120453667,38.5177573578595,0.363136278422489,0.69963386601215,0.729539287353134,61.7351923076923,0.571143790482324,0.586538461538462,0.961538461538462,104
"PSI-PROF","10",0.847669631746516,0.889739377434842,23.5027031354515,0.430967680862465,1.02625446534804,0.946484797898846,36.0642307692308,0.676326886506155,0.519230769230769,0.942307692307692,104
"PSI-PROF","11",0.746801603603338,0.804579378813897,24.6141780100334,0.532653633362192,0.949932298225814,1.00592382962527,37.9955769230769,0.846905506606854,0.461538461538462,0.798076923076923,104
"PSI-PROF","12",0.706308368029763,0.716666605039724,293.616142140468,0.257403732185911,0.85350598381227,0.974812998071495,439.529711538462,0.394341882310935,0.596153846153846,0.913461538461538,104
"PSI-PROF","13",0.61031939776335,0.574943562877379,102.984986329431,0.296765273102671,0.818697312797046,0.832747134749004,171.046538461538,0.478750634301276,0.557692307692308,0.942307692307692,104
"PSI-PROF","15",0.862102364343642,1.01835097989771,11.3476133779264,0.291825998875202,0.983888097423481,1.01370547598838,18.0165384615385,0.427351249619999,0.576923076923077,0.961538461538462,104
"PSI-PROF","16",0.889035968668304,0.958299038614963,32.7459488294314,0.450549340257677,1.06803993044399,1.25508600312403,51.6994230769231,0.735627409707061,0.413461538461538,0.894230769230769,104
"PSI-PROF","17",0.551048322992258,0.548488486121513,156.596805100334,0.283092607356326,0.607847000954017,0.644328624438115,217.005961538462,0.402542431569305,0.5,0.884615384615385,104
"PSI-PROF","18",0.616411695388662,0.543684243151849,148.813325376254,0.343684378406816,0.74158724714896,0.650835608328564,221.790096153846,0.499366792688458,0.576923076923077,0.836538461538462,104
"PSI-PROF","19",0.503367938689601,0.568091176662505,34.7193036789298,0.383684278981851,0.597273938005117,0.635897334171693,52.3622115384615,0.594512140224554,0.480769230769231,0.894230769230769,104
"PSI-PROF","20",0.682271199356654,0.618224436371334,46.0888923076923,0.356170885153823,0.827996654576076,0.707239335704989,72.1096153846154,0.555141083177003,0.538461538461538,0.884615384615385,104
"PSI-PROF","21",0.762440393107832,0.730196336133504,110.931833737458,0.4371453495885,0.861016309384955,0.889258851525995,162.755096153846,0.679395400602772,0.509615384615385,0.865384615384615,104
"PSI-PROF","22",0.770236310764414,0.669556961715804,61.1195810200669,0.249193935454572,0.923548019873411,0.871699082811885,95.8474038461538,0.382945426964973,0.644230769230769,0.951923076923077,104
"PSI-PROF","23",0.672638524233499,0.770091977433806,22.5416805602007,0.466404533641596,0.79597351504232,0.828780693742596,34.9386538461538,0.747658340182928,0.451923076923077,0.894230769230769,104
"PSI-PROF","24",0.495964650390611,0.585113379445178,65.1134406354515,0.345690943640757,0.649799240014992,0.702781004918215,106.628557692308,0.550950288225055,0.471153846153846,0.923076923076923,104
"PSI-PROF","25",0.622711393693998,0.641057537286315,125.8166340301,0.343242731051496,0.809682714853317,0.909989764704505,198.492980769231,0.551635557691731,0.432692307692308,0.846153846153846,104
"PSI-PROF","26",0.645640807452803,0.508831616568028,139.465446446488,0.251927569443933,0.746931249419499,0.607362821813227,216.558269230769,0.379280193658718,0.567307692307692,0.894230769230769,104
"PSI-PROF","27",0.492448289238964,0.651730821802606,74.7609767976589,0.361702020621391,0.647508602969461,0.760088679264486,119.134615384615,0.536355094347251,0.701923076923077,0.951923076923077,104
"PSI-PROF","28",0.69679487652691,0.635524871047325,40.522079180602,0.317353380702575,0.8539048385436,0.842055410342646,64.2843269230769,0.510826659540902,0.509615384615385,0.884615384615385,104
"PSI-PROF","29",0.789001476742842,0.765248777574593,132.513402424749,0.406530546815742,0.89848308780163,0.997795451971913,185.715673076923,0.607187464336618,0.365384615384615,0.817307692307692,104
"PSI-PROF","30",0.747065922649419,0.856140101213993,19.6060804347826,0.504117157091699,0.821385265219068,0.821125521913636,29.0290384615385,0.779744463322423,0.461538461538462,0.826923076923077,104
"PSI-PROF","31",0.612609564826389,0.614304189115663,26.2353045568562,0.369930406811009,0.695353920247916,0.69318021145878,37.1529807692308,0.557880293489755,0.586538461538462,0.894230769230769,104
"PSI-PROF","32",0.754035490378691,0.819353463115053,28.0266681438127,0.29723024889156,0.803981196818228,0.877206770790717,41.2465384615385,0.403274758227548,0.605769230769231,0.961538461538462,104
"PSI-PROF","33",0.587439662651781,0.60905590818337,24.5474346153846,0.371267723795969,0.776094095988401,0.700464952411223,40.3192307692308,0.558913465214586,0.490384615384615,0.846153846153846,104
"PSI-PROF","34",0.501597536242224,0.418021317314868,126.444893478261,0.255833409349707,0.603206347230216,0.454363350233503,198.791923076923,0.364115469135493,0.548076923076923,0.932692307692308,104
"PSI-PROF","35",0.861152179826213,0.896515019008323,30.9480691053512,0.349457492190476,0.955210782227166,0.989848123267301,49.8464423076923,0.521796410020166,0.509615384615385,0.942307692307692,104
"PSI-PROF","36",0.549930456425081,0.484896611220956,202.66474548495,0.237912952497606,0.643744547001391,0.460968770970816,324.118942307692,0.29788815175436,0.692307692307692,0.980769230769231,104
"PSI-PROF","37",0.543967883793063,0.591382809736142,156.219409406355,0.38406413041516,0.669124487042765,0.729121024411917,232.937403846154,0.560024359196991,0.5,0.826923076923077,104
"PSI-PROF","38",0.701760779510303,0.902869044393378,9.38721718227425,0.439673756781607,0.771316038770786,0.928034173624795,14.2549038461538,0.696758791259177,0.586538461538462,0.971153846153846,104
"PSI-PROF","39",0.556955498285141,0.509446498969467,278.463729473244,0.38370912285727,0.671405842605001,0.549358337003002,413.077980769231,0.514974487018644,0.548076923076923,0.826923076923077,104
"PSI-PROF","40",0.672482585058363,0.736882743572559,72.2828298913043,0.458857505770659,0.802432067947802,1.02775857231172,106.901826923077,0.73368387467397,0.480769230769231,0.875,104
"PSI-PROF","41",0.768910990693891,0.799561841666569,67.3902077759197,0.37636767152831,0.872909132866232,1.02054302390123,97.0411538461538,0.550808991092274,0.432692307692308,0.836538461538462,104
"PSI-PROF","42",0.721386250408297,0.706468659585587,443.227994648829,0.376993246984757,0.960241590385872,0.944714152264791,696.406153846154,0.576813575730418,0.451923076923077,0.826923076923077,104
"PSI-PROF","44",0.630852897512032,0.6809268594562,14.9397483695652,0.358625092630391,0.840261870406909,0.790733388190753,25.1505769230769,0.572299638600626,0.528846153846154,0.961538461538462,104
"PSI-PROF","45",0.566393264227797,0.588810809803641,92.1984090301003,0.387171252304152,0.732637491802829,0.767249579280008,145.673653846154,0.616629001214821,0.461538461538462,0.855769230769231,104
"PSI-PROF","46",0.639258225632459,0.802628727677572,13.9324087374582,0.480867556544844,0.745894625166593,0.925823952018357,20.4720192307692,0.7829659278777,0.490384615384615,0.923076923076923,104
"PSI-PROF","47",0.70636804489894,0.607113078061622,100.003172157191,0.299618653479386,0.810679973466616,0.822450990234405,147.115961538462,0.474114268500467,0.567307692307692,0.903846153846154,104
"PSI-PROF","48",0.589382347797591,0.690463178113942,303.538028051839,0.326256126520411,0.756175322956958,1.14982836925266,462.977788461538,0.544322125888207,0.586538461538462,0.903846153846154,104
"PSI-PROF","49",0.576798369618868,0.63012794531228,26.4737162207358,0.266662091532924,0.732088557219838,0.710782521957921,41.7515384615385,0.392659678611426,0.673076923076923,0.971153846153846,104
"PSI-PROF","50",0.692179745592437,0.767159789409017,9.65186868729097,0.417991731718702,0.818491752978446,0.822184642077722,15.1170192307692,0.693922634649204,0.5,0.913461538461538,104
"PSI-PROF","51",0.557066237200567,0.46360792228184,80.0627910117057,0.246619046831582,0.629557688968853,0.577263295144319,119.173076923077,0.36259598646606,0.596153846153846,0.942307692307692,104
"PSI-PROF","53",0.680168450356803,0.577861256642378,65.0808794732442,0.283723727206156,0.75790033879075,0.701073865948347,96.3306730769231,0.436747177835803,0.596153846153846,0.903846153846154,104
"PSI-PROF","54",0.686563528284419,0.663634580513523,58.3376259197324,0.442087602848985,0.841376728872493,0.722790731855976,89.6663461538461,0.696952170945118,0.557692307692308,0.865384615384615,104
"PSI-PROF","55",0.451329732305577,0.505779725855553,67.6160392558528,0.320939558327471,0.573815619653969,0.581847507296149,106.849423076923,0.496401061928786,0.480769230769231,0.923076923076923,104
"PSI-PROF","56",0.855408589027654,0.82338528716188,13.0136971571906,0.420198734147556,0.915842048650667,0.913866622096306,18.8459615384615,0.651589087046527,0.567307692307692,0.903846153846154,104
"PSI-PROF_beta","01",0.755142064789758,0.696924289488216,74.0017260434783,0.312905936824847,0.904191938311923,0.844451952179474,114.6359,0.473262881758257,0.49,0.86,100
"PSI-PROF_beta","02",0.910884792633011,0.897314026844585,8.29164943478261,0.344248027972282,0.987036270845718,1.01951944556259,13.2327,0.552584925620535,0.55,0.96,100
"PSI-PROF_beta","04",0.78976184934005,0.818598490261971,269.178175652174,0.394259895726694,0.92949507382484,0.939740294930345,362.3957,0.468698020947581,0.6,0.82,100
"PSI-PROF_beta","05",0.642168718549769,0.690198324714134,41.5988005652174,0.381426211237289,0.800609465924018,0.84815548380331,69.1396,0.613772785510128,0.5,0.91,100
"PSI-PROF_beta","06",0.598995391759445,0.601722953636912,315.552972173913,0.248450548921416,0.756592772632063,0.805476458660257,502.2964,0.346523702392983,0.63,0.98,100
"PSI-PROF_beta","08",0.753690549530885,0.615166196100627,68.9567481304348,0.274011979078694,0.791937199489756,0.617202789696717,95.8667,0.33928516330315,0.61,0.88,100
"PSI-PROF_beta","09",0.572010939075128,0.545995344267517,38.4455390869565,0.302253327798035,0.604815640087904,0.57048515758963,54.8356,0.431153332842146,0.64,0.91,100
"PSI-PROF_beta","10",0.811387806175879,0.793647115002629,23.163358826087,0.385503177732464,0.903404435205143,0.80405297338584,32.3936,0.57200374422865,0.56,0.86,100
"PSI-PROF_beta","11",0.706473335961581,0.674471741769216,24.1415099565217,0.447139953277456,0.981501286938058,0.902832633289442,40.8466,0.762305534764858,0.52,0.87,100
"PSI-PROF_beta","12",0.62282486742831,0.647960799163308,257.27406673913,0.225747236477178,0.711515731937325,0.798902759691308,362.5056,0.311136570835216,0.66,0.93,100
"PSI-PROF_beta","13",0.661509454001149,0.648997330155374,115.060549,0.334532185932039,0.808359009806781,0.858016814968246,172.8804,0.491071661710188,0.57,0.9,100
"PSI-PROF_beta","15",0.745429403761914,0.89059293372996,9.76420856521739,0.246388472104179,0.844689157977852,0.869081142993215,15.2656,0.349704515871045,0.74,0.99,100
"PSI-PROF_beta","16",0.911718895715115,0.817659694782218,33.507065,0.377991577849864,1.03923868387389,1.02888496672893,49.968,0.591141536885903,0.44,0.91,100
"PSI-PROF_beta","17",0.611458785398396,0.580528813316337,177.861960869565,0.300358679748317,0.65123132946604,0.653779992630709,236.7098,0.406092970975796,0.64,0.86,100
"PSI-PROF_beta","18",0.621907117294015,0.571091446056361,152.087017565217,0.353960144434643,0.695906729564017,0.657949350036036,213.0738,0.493113631504218,0.57,0.85,100
"PSI-PROF_beta","19",0.573797037961826,0.541201759340998,40.822818,0.350391523023241,0.671700690443126,0.59448028745889,60.6783,0.531260825789308,0.58,0.91,100
"PSI-PROF_beta","20",0.648585739192312,0.611762191747167,43.746609173913,0.343971120537219,0.720272065691656,0.651451779711057,61.6849,0.498778971678531,0.56,0.86,100
"PSI-PROF_beta","21",0.696688144746359,0.688955735644394,104.264496434783,0.407016972627859,0.741134635538611,0.800145736275511,145.0816,0.600916881738071,0.53,0.8,100
"PSI-PROF_beta","22",0.846074491414689,0.711631043793509,65.3297947826087,0.253867890088371,1.08669980107148,1.01559430026052,109.6147,0.425970473308324,0.47,0.93,100
"PSI-PROF_beta","23",0.589580768943753,0.595639488814433,20.0560904347826,0.351266102568771,0.721032110442215,0.636217778449687,32.8804,0.565993852910084,0.6,0.96,100
"PSI-PROF_beta","24",0.546972570101858,0.621426296731123,73.5426589565217,0.367246572552832,0.644555644293162,0.698338482496797,107.6352,0.54650499153758,0.53,0.86,100
"PSI-PROF_beta","25",0.587490589320352,0.579946290400527,121.183838086957,0.309588055821111,0.671515690412246,0.767763430549529,167.2599,0.464565438694398,0.58,0.87,100
"PSI-PROF_beta","26",0.592615587473688,0.565398865801042,130.042318434783,0.278710216851001,0.72134727068979,0.714449989591038,208.5203,0.435248402830085,0.65,0.95,100
"PSI-PROF_beta","27",0.688240955387567,0.656403985735143,110.444191869565,0.367583523744875,0.77252921143192,0.67305237981773,146.8828,0.473188960114533,0.67,0.83,100
"PSI-PROF_beta","28",0.777640036570674,0.686505163300996,46.0010878695652,0.335392473878489,0.913124641505293,0.876811982315427,69.6775,0.519503865574265,0.56,0.83,100
"PSI-PROF_beta","29",0.842689700575734,0.841957592135923,145.960818565217,0.451915621018131,1.00706320864495,1.11782379894517,214.8395,0.685586651640036,0.38,0.8,100
"PSI-PROF_beta","30",0.74125426429401,0.785884066115631,19.6977556521739,0.455231023053104,0.796188944091852,0.728752177658351,28.5726,0.680154564427313,0.47,0.86,100
"PSI-PROF_beta","31",0.630275696293118,0.588659859789603,27.6113362173913,0.342452682816517,0.668227258444572,0.617860119803677,37.0442,0.477726473249998,0.59,0.87,100
"PSI-PROF_beta","32",0.777056739164363,0.770755373088059,28.4324921304348,0.275190306452645,0.891441642350965,0.909988652225955,44.1378,0.403303274142975,0.56,0.95,100
"PSI-PROF_beta","33",0.677247057888184,0.616119252027237,29.2959423478261,0.375544015701504,0.822507327192885,0.708410035508711,43.423,0.564747942688848,0.59,0.93,100
"PSI-PROF_beta","34",0.57623662720264,0.485824380302654,149.589226695652,0.286026627721556,0.650206870907479,0.538476649597921,214.5869,0.404231294512862,0.59,0.87,100
"PSI-PROF_beta","35",0.802195951525464,0.798166224790831,27.7764721304348,0.295192940560375,0.887298104918765,0.882936035916884,44.6559,0.440020096350873,0.53,0.93,100
"PSI-PROF_beta","36",0.591940954265925,0.590197946089123,223.596308869565,0.286339328224518,0.652594837088767,0.656844013470532,327.3636,0.407128720408725,0.7,0.95,100
"PSI-PROF_beta","37",0.593751906814718,0.603780304226093,171.970200347826,0.374090014307989,0.702647664605639,0.737150833381787,251.1912,0.539716941606017,0.58,0.9,100
"PSI-PROF_beta","38",0.694852290525755,0.765847045068564,9.42425156521739,0.361332903331149,0.737463412350125,0.766416263502181,13.8572,0.552722279645135,0.7,0.98,100
"PSI-PROF_beta","39",0.555600437379011,0.547909724693971,263.591346695652,0.377573158400421,0.613837956703407,0.592005884219766,357.4916,0.519111330904751,0.54,0.83,100
"PSI-PROF_beta","40",0.775676523934497,0.712850294226043,87.3250123913044,0.440508052819998,0.909130765322523,0.961174564600467,126.352,0.676023327242737,0.54,0.84,100
"PSI-PROF_beta","41",0.796371832648208,0.745047183092326,67.8814513913044,0.337642998291173,0.937883552690627,0.928353707040729,101.726,0.478979100383774,0.57,0.83,100
"PSI-PROF_beta","42",0.574663037599342,0.564029673753634,363.757667608696,0.302277636249575,0.702531379910266,0.674654605428752,532.1168,0.41847068809957,0.54,0.88,100
"PSI-PROF_beta","44",0.545494077909901,0.59756284202117,12.8638753913043,0.294646159619571,0.656591566111014,0.714095258197886,19.3764,0.479786080226437,0.72,0.99,100
"PSI-PROF_beta","45",0.62892129534302,0.534464890979849,104.827329956522,0.337237906495608,0.808859543639413,0.679516287562624,164.7829,0.523495384759579,0.45,0.88,100
"PSI-PROF_beta","46",0.618991308713861,0.698088474265745,13.8561627826087,0.410997644781305,0.774223485188413,0.827013653539952,21.9731,0.680387341022448,0.53,0.96,100
"PSI-PROF_beta","47",0.952872846438707,0.625501635471791,135.154140869565,0.295649088169536,1.10000143788388,0.826341922506286,200.6772,0.453113658558512,0.53,0.88,100
"PSI-PROF_beta","48",0.55951856221571,0.636236717593843,292.498633869565,0.30037515921313,0.705004157964835,0.910212526327113,441.6587,0.431926758788618,0.65,0.96,100
"PSI-PROF_beta","49",0.796266733694741,0.706876917879224,37.1669006521739,0.292148340435009,0.885193240479068,0.757548319841584,51.1767,0.40695643542981,0.68,0.86,100
"PSI-PROF_beta","50",0.653350220001102,0.681645712656145,9.15146330434783,0.354091890267582,0.835297968571127,0.783920513966003,15.4374,0.624240005358086,0.62,0.99,100
"PSI-PROF_beta","51",0.631211372756748,0.528723275063247,92.9314492173913,0.280061128972089,0.679059479765368,0.628920225654381,129.8945,0.38961870564723,0.6,0.87,100
"PSI-PROF_beta","53",0.747536845711447,0.618312209111699,71.0874413478261,0.296322270563453,0.825995207307468,0.703015931797644,104.5774,0.425661996067942,0.63,0.9,100
"PSI-PROF_beta","54",0.582711728085666,0.568098777196899,51.0800936956522,0.37645521520586,0.7089272114519,0.589443461990866,78.8992,0.560639114719374,0.56,0.86,100
"PSI-PROF_beta","55",0.474588109238357,0.547849115755645,73.5842843478261,0.350161004401982,0.604524964778946,0.644287594284422,115.6887,0.550537217419165,0.53,0.85,100
"PSI-PROF_beta","56",0.905143684666308,0.779779647397085,13.9115857391304,0.394880835395439,1.01434220502234,0.85109905687118,21.2335,0.605441048436532,0.53,0.88,100
"SigSci-TSENS","01",0.886543780637734,0.92597786017393,85.3322826086956,0.43419802687857,0.990889936600714,0.977009141495204,121.37,0.567831149203428,0.49,0.87,100
"SigSci-TSENS","02",0.84314582746742,0.917682132625176,7.77478260869565,0.363534324948209,0.840947472563354,0.814796826760151,11.5480769230769,0.463286363001031,0.596153846153846,0.865384615384615,104
"SigSci-TSENS","04",1.0929131249128,1.23535701776944,271.157854442344,0.525737605771996,1.06335940279491,1.31753145192509,314.478260869565,0.598558121152747,0.467391304347826,0.684782608695652,92
"SigSci-TSENS","05",0.96640952952001,1.05304934378892,62.9208779264214,0.587575860511569,0.927432009327701,1.5039623764636,78.1730769230769,1.09400225681545,0.471153846153846,0.663461538461538,104
"SigSci-TSENS","06",0.840026402923479,0.882395983429799,465.567566889632,0.382380156674571,0.985064015176687,0.963355582714131,688.173076923077,0.443981084667337,0.519230769230769,0.846153846153846,104
"SigSci-TSENS","08",0.889940270483191,1.00180222778445,80.4011789297659,0.458047554323839,0.847614528618993,1.0698617078991,99.5673076923077,0.60406648323771,0.432692307692308,0.701923076923077,104
"SigSci-TSENS","09",0.886331971612273,0.968855909596799,58.3542224080268,0.547284524450037,0.846980244019967,0.874957492840652,75.75,0.677643713353001,0.480769230769231,0.673076923076923,104
"SigSci-TSENS","10",1.02271904466235,0.978345130362795,28.5274038461538,0.478251151530349,0.97036799766361,0.939246754013635,33.9519230769231,0.66762895807202,0.461538461538462,0.663461538461538,104
"SigSci-TSENS","12",0.751482218224612,0.809179340074879,317.697161371237,0.289758746483999,0.901309401293189,1.04409153815469,455.25,0.407952290678039,0.336538461538462,0.807692307692308,104
"SigSci-TSENS","13",0.99576992246858,1.18075890812257,172.266213043478,0.607411866751249,0.949152926701482,1.52053039122615,203.75,0.885168454236664,0.5,0.63,100
"SigSci-TSENS","15",0.939314115495643,0.938161052420994,12.8996822742475,0.278289225047988,0.928759994643074,0.893706554517681,17.25,0.381351643269218,0.451923076923077,0.798076923076923,104
"SigSci-TSENS","16",0.973917570171211,1.0922988911891,36.3153093645485,0.514355544177107,0.960644801217368,1.47306943909668,46.5384615384615,0.861212895502613,0.336538461538462,0.644230769230769,104
"SigSci-TSENS","17",0.910754893512438,1.01706841445503,268.272387123746,0.534295746733008,0.850537855138768,0.85082531532075,310.951923076923,0.545272075183097,0.423076923076923,0.586538461538462,104
"SigSci-TSENS","18",0.942036823751048,1.0039054043643,208.167237318841,0.635167877388442,0.86167937047805,1.00402132968486,235.864583333333,0.769097700602426,0.427083333333333,0.59375,96
"SigSci-TSENS","19",0.794176384260866,0.831284511912471,56.4763869565217,0.546561881712293,0.758178299416472,0.902688047345925,68.02,0.805553391180361,0.48,0.59,100
"SigSci-TSENS","20",1.02521653623489,1.01012999716213,71.4665652173913,0.580189108588019,0.933094067346918,1.04810691030078,82.47,0.813817861317376,0.38,0.46,100
"SigSci-TSENS","21",0.967587647756768,0.98688903755969,148.571326992754,0.608378962530876,0.900016379292359,1.11510773726375,176.40625,0.867824164985108,0.375,0.541666666666667,96
"SigSci-TSENS","22",0.954577545024628,1.00587423613614,74.9671571906354,0.3710718364242,0.926958264955529,0.899228571219043,96.4903846153846,0.398621432162283,0.375,0.673076923076923,104
"SigSci-TSENS","23",1.03243606738447,0.888312812757849,34.4376295986622,0.528780547020957,0.938064719889362,0.782427470544631,41.6442307692308,0.695374352600562,0.432692307692308,0.596153846153846,104
"SigSci-TSENS","24",0.857336200912718,0.98803065095165,116.408946488294,0.587642223718981,0.834729380100469,1.08766122648486,138.663461538462,0.85324205517039,0.461538461538462,0.625,104
"SigSci-TSENS","25",0.831484569475028,1.12979977346166,182.153412098299,0.617929311627143,0.820991939909531,1.67073635372981,214.326086956522,1.04260288049504,0.326086956521739,0.543478260869565,92
"SigSci-TSENS","26",0.925302898269061,1.09471205220134,194.864860869565,0.554192656757863,0.871243226891043,1.15005308139068,244.7,0.729788738987666,0.34,0.57,100
"SigSci-TSENS","27",0.908543059318368,1.04244506174069,115.990051759834,0.563192069206252,0.911258293042633,1.09278333236672,136.095238095238,0.734101147414092,0.523809523809524,0.654761904761905,84
"SigSci-TSENS","28",0.958767044693971,0.984276395507898,54.6049623745819,0.477921630466384,0.92068457650085,0.937783111498643,67.7115384615385,0.557994492586441,0.480769230769231,0.692307692307692,104
"SigSci-TSENS","29",1.00646440324997,1.34041887577336,184.621696597353,0.739455038471526,0.992280739056695,2.02558148979473,219.489130434783,1.27561260963409,0.304347826086957,0.58695652173913,92
"SigSci-TSENS","30",0.859205241560334,0.829641555492083,21.783118729097,0.481417589550543,0.881462821984408,0.835726437102188,30.4711538461538,0.77087440333859,0.490384615384615,0.826923076923077,104
"SigSci-TSENS","31",0.99189882355147,0.956493669592229,41.1095652173913,0.564626911614268,0.938428119749117,0.867237810796316,48.36,0.680549404032569,0.45,0.57,100
"SigSci-TSENS","32",0.918677335786861,0.930009207003198,34.4127466555184,0.337089608452827,0.841085016614065,0.79580420550675,42.625,0.36000312934023,0.615384615384615,0.778846153846154,104
"SigSci-TSENS","33",0.988396631298921,0.919321036121762,31.1970923913043,0.513744200183369,0.951103357421574,0.861760259584039,37.0729166666667,0.632784057121787,0.4375,0.552083333333333,96
"SigSci-TSENS","34",0.972425497240213,0.983265866506847,253.443243478261,0.567359196818106,0.872503287626172,0.861253389821784,292.23,0.646979915465142,0.4,0.53,100
"SigSci-TSENS","35",1.18933907330972,1.49189070421481,42.1552341137124,0.56726032951901,1.08785214535604,1.73416586118909,54.75,0.885883140179454,0.307692307692308,0.586538461538462,104
"SigSci-TSENS","36",0.724930497210489,0.960021259027968,256.2703,0.471152760639406,0.694087952372592,0.969833976870733,323.36,0.612270221885741,0.54,0.75,100
"SigSci-TSENS","37",0.82547789369473,0.906101420123044,231.819548494983,0.574315220234382,1.00714036416306,1.02475842526151,343.038461538462,0.765450503459787,0.413461538461538,0.798076923076923,104
"SigSci-TSENS","38",0.736414409534765,0.857205439102112,9.42280518394649,0.400467364202216,0.729076432944016,0.634183190502576,13.2980769230769,0.4571910887647,0.759615384615385,0.942307692307692,104
"SigSci-TSENS","39",0.817558672867655,1.20005598152778,379.50179584121,0.77922107517047,0.789099227101995,1.46884425430313,434.25,1.19310557704061,0.304347826086957,0.5,92
"SigSci-TSENS","40",0.90132028708764,1.17822998984246,99.9175569358178,0.766716206952803,0.889909412216982,1.8085098023092,120.785714285714,1.32632617367129,0.511904761904762,0.726190476190476,84
"SigSci-TSENS","41",1.05108401493296,1.33475003201646,95.211837944664,0.625069766035616,1.01785853369306,1.54728848571454,115.647727272727,0.820298761433408,0.454545454545455,0.590909090909091,88
"SigSci-TSENS","42",0.79016693277024,0.800555747521089,498.863344481605,0.440905295174023,0.920906389001084,0.87638811139202,684.913461538462,0.552376228903152,0.394230769230769,0.740384615384615,104
"SigSci-TSENS","44",0.911172948864655,0.895718475017108,21.5153010033445,0.460479932149206,0.902659587653087,0.885756094865942,26.8461538461538,0.621198469866335,0.432692307692308,0.596153846153846,104
"SigSci-TSENS","45",0.990623251225892,1.03359806628122,151.186793478261,0.676481887511207,0.95803133105908,1.17048335933331,173.270833333333,0.929108910556543,0.375,0.572916666666667,96
"SigSci-TSENS","46",0.773612904721054,0.86597454287026,16.2961831103679,0.503900551425408,0.814202524099327,0.757761415997343,22.3365384615385,0.622929496686799,0.586538461538462,0.865384615384615,104
"SigSci-TSENS","47",0.882777755968938,0.858658725936358,123.529067725753,0.421373958907305,0.974870734466137,0.932727297731715,174.432692307692,0.536155867740501,0.461538461538462,0.817307692307692,104
"SigSci-TSENS","48",0.973334991828814,1.06021036311537,513.028336120401,0.505183426343939,0.957449495448652,0.906615879374666,627.028846153846,0.455442890463175,0.451923076923077,0.625,104
"SigSci-TSENS","49",0.943256332073719,0.95395326232063,40.8404652173913,0.401195092973443,0.913641744133263,0.818112360478256,49.14,0.448890597055962,0.47,0.71,100
"SigSci-TSENS","50",0.837509802990109,0.806997485611088,11.30375,0.421026892660376,0.856491965552877,0.715228833796429,15.625,0.584810585894206,0.548076923076923,0.807692307692308,104
"SigSci-TSENS","51",0.983745480778632,1.0753878636319,141.232897157191,0.570521255766087,0.958745956008656,1.35407549154396,176.990384615385,0.847577114014282,0.375,0.596153846153846,104
"SigSci-TSENS","53",0.963271876183961,0.99772302683443,93.5149038461539,0.494910754725437,0.860921804044722,0.869490140779685,112.221153846154,0.55391923767263,0.509615384615385,0.567307692307692,104
"SigSci-TSENS","54",1.10065593093406,1.03477399501865,94.01702268431,0.674133969636826,0.99520819529116,1.00562938689931,106.45652173913,0.923704624988542,0.304347826086957,0.445652173913043,92
"SigSci-TSENS","55",0.870382106331155,1.02038457127864,130.134071557971,0.656378118199225,0.821521216797495,1.18393311362243,150.010416666667,1.02019607358496,0.40625,0.604166666666667,96
"SigSci-TSENS","56",0.8473481537734,0.895253326837643,12.4621321070234,0.453974811522622,0.851744228002965,0.770799030752216,17.625,0.554114069716613,0.615384615384615,0.884615384615385,104
"Stevens-ILIForecast","01",1.64863114914826,2.39503085545295,191.090258799172,1.1381102007393,1.33597301431355,2.05409948404064,201.214285714286,1.21879316743406,0.0238095238095238,0.0357142857142857,84
"Stevens-ILIForecast","02",2.04778730734749,1.99518378514895,21.399347826087,0.829211071717104,1.52346313679731,1.65132114210453,23.5357142857143,0.981332181474454,0.0357142857142857,0.0952380952380952,84
"Stevens-ILIForecast","04",1.20618794645705,1.65875651053534,504.928788819876,0.904383475566124,1.11733617655281,1.84209032931525,547.619047619048,1.0733383620653,0.0119047619047619,0.0476190476190476,84
"Stevens-ILIForecast","05",1.00155096435436,0.795582064031055,75.8292391304348,0.454674193440558,0.910174896011707,0.757515352159386,92.0714285714286,0.58448021015173,0.214285714285714,0.30952380952381,84
"Stevens-ILIForecast","06",2.08432924679153,3.2261865171509,1340.38855072464,1.4280517189957,1.73143419068845,3.33588093964829,1396.75,1.55592486469954,0.0119047619047619,0.0119047619047619,84
"Stevens-ILIForecast","08",1.28154419672226,1.65622697379182,138.439114906832,0.839033625771208,1.06776342442556,1.50390428988809,150.761904761905,0.954554773347247,0.0714285714285714,0.154761904761905,84
"Stevens-ILIForecast","09",1.29684610862587,1.36755409261755,90.4441149068323,0.760559383984745,1.08963284138191,1.16677941995709,103.059523809524,0.904172884768801,0.0833333333333333,0.178571428571429,84
"Stevens-ILIForecast","10",1.37451274582972,2.20020466215121,43.08716873706,1.08619490749092,1.21272149118753,2.11565384272697,47.8095238095238,1.5573058261837,0.0833333333333333,0.142857142857143,84
"Stevens-ILIForecast","11",1.04117940902705,1.27489926409347,36.7059213250518,0.866599010826845,0.915558384884472,1.08238704289369,39.3571428571429,0.938582690398677,0.0714285714285714,0.19047619047619,84
"Stevens-ILIForecast","12",1.72126853478538,2.49278957205142,832.026832298137,0.932801592113358,1.51753711896892,2.4920828643566,896.02380952381,1.03217748051773,0.0119047619047619,0.0714285714285714,84
"Stevens-ILIForecast","13",1.45458479669673,1.89091581063267,292.530683229814,1.02810534982263,1.28059645886747,1.90826749311457,323.392857142857,1.18487222228956,0,0.0476190476190476,84
"Stevens-ILIForecast","15",1.77689018780132,2.37136755931559,27.8778260869565,0.781394564596777,1.42436581932934,1.80906194219991,30.4166666666667,0.867484897941295,0.0357142857142857,0.0952380952380952,84
"Stevens-ILIForecast","16",2.02235761338414,1.84286369279993,89.4047101449275,0.991414748838592,1.64737491565447,1.59114033474598,96.8333333333333,1.07884476240898,0.0238095238095238,0.0833333333333333,84
"Stevens-ILIForecast","17",1.50405642592433,2.03135035675442,511.494673913043,1.13444228615067,1.27390555898409,1.86537928414374,539.27380952381,1.26044271054957,0.0238095238095238,0.0714285714285714,84
"Stevens-ILIForecast","18",0.840107676949067,1.10758091242201,226.29516563147,0.781898907476177,0.800384565629707,1.13109630638792,265.166666666667,0.988814281680991,0.0595238095238095,0.107142857142857,84
"Stevens-ILIForecast","19",0.989146249829173,0.961905282367442,75.1575724637681,0.627252951712358,0.888038082971812,0.773335929272609,84.4166666666667,0.691255800808389,0.0714285714285714,0.166666666666667,84
"Stevens-ILIForecast","20",1.20314641871655,1.42880819491501,94.1832039337474,0.867483627146466,1.02105862834093,1.20108382661716,101.988095238095,0.990892999412582,0.0476190476190476,0.107142857142857,84
"Stevens-ILIForecast","21",0.862543713144727,1.17115775687732,149.869192546584,0.786600524607883,0.763560988771491,1.08864358075738,172.857142857143,0.936586115373853,0.0714285714285714,0.178571428571429,84
"Stevens-ILIForecast","22",2.21864718455986,3.04288882283438,201.488597308489,1.16465961738967,1.7962257607789,2.81874474088075,214,1.28160259551588,0,0,84
"Stevens-ILIForecast","23",0.976453768018411,1.06633537815457,36.2285093167702,0.650927637651257,0.844645830807488,0.865754788475971,41.3214285714286,0.798618975455945,0.119047619047619,0.226190476190476,84
"Stevens-ILIForecast","24",1.0962801317858,1.53713964148371,172.654772256729,0.969553256098445,0.942856510991296,1.2779104903856,184.321428571429,1.06357073320369,0.0595238095238095,0.130952380952381,84
"Stevens-ILIForecast","25",1.19696778981677,1.15639305664,265.069663561077,0.677600625812355,1.12250679724275,1.20669507740105,304.25,0.835903738377508,0.0357142857142857,0.119047619047619,84
"Stevens-ILIForecast","26",1.00176078394437,1.29303641829297,250.164151138716,0.681733335226266,0.889240451934007,1.17591564071437,295.619047619048,0.780630047069708,0.130952380952381,0.333333333333333,84
"Stevens-ILIForecast","27",1.26543473855387,1.58628915850376,226.34117494824,0.96514860445154,1.13500463661888,1.38206502598383,244.52380952381,1.07706719802945,0.0238095238095238,0.166666666666667,84
"Stevens-ILIForecast","28",1.44069305073307,1.21869424667124,97.7916718426501,0.651086709778814,1.22036728761206,1.14040383322711,107.75,0.759167589969488,0.0714285714285714,0.19047619047619,84
"Stevens-ILIForecast","29",1.05730576885336,1.52125385374079,207.449135610766,0.853071864217583,0.980787638430636,1.55486459044363,239.119047619048,0.995267591932532,0.0357142857142857,0.119047619047619,84
"Stevens-ILIForecast","30",1.03593423415308,1.21014891834261,29.8331418219462,0.714009676638268,0.876671347208533,0.866813589260635,34.3095238095238,0.823646302737387,0.142857142857143,0.321428571428571,84
"Stevens-ILIForecast","31",1.90332979001579,1.54048546053887,89.5595082815735,0.91974108062778,1.64772434483493,1.25120123118051,96.0833333333333,0.993107879443212,0.0952380952380952,0.178571428571429,84
"Stevens-ILIForecast","32",1.61415537941271,2.21115330346206,73.3405175983437,0.874132908357945,1.29922824334351,1.99112453684982,79.4166666666667,0.988741646571155,0.0357142857142857,0.142857142857143,84
"Stevens-ILIForecast","33",0.907366335736688,1.2849565140345,38.8004089026915,0.771998919530132,0.812023666705016,1.06767347354398,42.4642857142857,0.840406199564233,0.0714285714285714,0.202380952380952,84
"Stevens-ILIForecast","34",1.06099303751868,1.23237784039606,322.333152173913,0.823965279702415,0.916519092015649,1.09156866235973,355.5,0.956458091907017,0.0357142857142857,0.142857142857143,84
"Stevens-ILIForecast","35",2.07534478726852,2.02460248377523,84.4885196687371,0.86501883879088,1.6034832272442,1.70114725158361,92.6071428571429,0.975869400686045,0.0476190476190476,0.142857142857143,84
"Stevens-ILIForecast","36",1.64192846899683,1.84833169195544,733.463442028986,0.997725578487738,1.35993458653521,1.59731829930351,801.166666666667,1.129433639862,0.0238095238095238,0.0476190476190476,84
"Stevens-ILIForecast","37",1.40218724919536,1.83112762572027,467.138152173913,1.18637241146693,1.19448642389017,1.62629065423921,490.27380952381,1.28345022196888,0.0476190476190476,0.130952380952381,84
"Stevens-ILIForecast","38",2.03181119959002,1.46118916891556,29.7742857142857,0.70962293400604,1.60871843988954,1.0342830525209,32.6666666666667,0.770618164448884,0.130952380952381,0.202380952380952,84
"Stevens-ILIForecast","39",0.921878389992073,0.973161009805268,529.101180124224,0.739274039363811,0.838262927447716,0.891625355141538,584.297619047619,0.874379333136893,0.0714285714285714,0.19047619047619,84
"Stevens-ILIForecast","40",1.05430712697122,1.02112609141994,131.185051759834,0.656632636645296,1.00607021945391,1.09448798597883,157.095238095238,0.818244140531508,0.0714285714285714,0.226190476190476,84
"Stevens-ILIForecast","41",1.44019343226601,2.02231362288343,151.486992753623,1.08915633561016,1.2016190158819,1.96652267544928,161.154761904762,1.23557845870651,0,0.0714285714285714,84
"Stevens-ILIForecast","42",1.3905366442727,2.01429682885409,954.084394409938,1.13707109072462,1.23010052935019,1.88780666798777,997.535714285714,1.23582398508672,0.0119047619047619,0.0238095238095238,84
"Stevens-ILIForecast","44",1.2648914525122,1.7924139784112,33.5589855072464,0.987273588054833,1.11951095398494,1.64776359946458,37.1547619047619,1.25359100883997,0.0476190476190476,0.0952380952380952,84
"Stevens-ILIForecast","45",1.15591983983133,1.43853460763792,206.309347826087,0.96628735458787,1.01929437896277,1.30077782232236,219.464285714286,1.07093959625321,0.0238095238095238,0.107142857142857,84
"Stevens-ILIForecast","46",1.44672774529706,1.39744777507044,34.1892339544513,0.815117543327428,1.25332428293679,1.14776157231299,37.5952380952381,0.948959375794066,0.119047619047619,0.19047619047619,84
"Stevens-ILIForecast","47",1.41018199786504,1.55529606978057,232.229756728778,0.815090174131411,1.1952119684323,1.49051299499926,253.107142857143,0.912849711168136,0.0357142857142857,0.0952380952380952,84
"Stevens-ILIForecast","48",1.1559762019731,2.41451615692433,698.393157349896,1.18191337933766,1.10184786155643,2.64457081949414,808.738095238095,1.32115696688495,0.0476190476190476,0.130952380952381,84
"Stevens-ILIForecast","49",1.54702904129933,2.5728869912167,86.3084679089027,1.23872222165747,1.3080620748765,2.12136081695208,89.4880952380952,1.32233120800514,0.0119047619047619,0.0476190476190476,84
"Stevens-ILIForecast","50",1.58677120938295,1.71046635525905,23.9979244306418,0.918426524816146,1.41159936638701,1.62036303695097,28.2857142857143,1.39045515268436,0.0714285714285714,0.166666666666667,84
"Stevens-ILIForecast","51",1.08965494464516,1.09034330073258,191.707701863354,0.648696073335635,0.934930356712814,1.04768892010133,213.154761904762,0.737235154438967,0.0595238095238095,0.166666666666667,84
"Stevens-ILIForecast","53",1.58168410070489,1.88744711204783,176.877324016563,1.02469864168136,1.26607083720343,1.64059379972863,189.095238095238,1.14942686729102,0.0119047619047619,0.0238095238095238,84
"Stevens-ILIForecast","54",1.04191199443501,1.29383808445216,98.5804813664596,0.883870803607869,0.90107990762769,1.02035367911363,106.630952380952,1.0184312561238,0.130952380952381,0.238095238095238,84
"Stevens-ILIForecast","55",1.02753375020508,1.02749613682717,179.779725672878,0.684732509425294,0.935172937329576,0.881601768407915,199.630952380952,0.789910324274263,0.0833333333333333,0.154761904761905,84
"Stevens-ILIForecast","56",1.73831818336752,1.84747774646745,29.4214596273292,0.968470966684086,1.4619524390718,1.52268827333145,33.3928571428571,1.09863095207825,0.0595238095238095,0.119047619047619,84
"UGA_CEID-Walk","01",1.05328782579361,1.16947268814047,107.923949686957,0.547691855856146,1.07568238183381,1.10471122722611,139.35967,0.640755287046267,0.47,0.77,100
"UGA_CEID-Walk","02",1.03482767976566,1.05946291143768,9.76926466086957,0.418750596668888,0.98910220336116,0.970696532658332,13.71069,0.542861776037565,0.38,0.75,100
"UGA_CEID-Walk","04",0.835988402536689,0.842411821874318,280.015045430435,0.408191192834601,0.974190095747234,1.04979202310862,371.53691,0.530442582310273,0.36,0.79,100
"UGA_CEID-Walk","05",1.19470004283329,1.24533082760936,79.8665790478261,0.71103624340531,1.15634496917486,1.17776784301266,101.11275,0.87799681300493,0.41,0.68,100
"UGA_CEID-Walk","06",1.02859946566604,0.900498623778726,591.674339621739,0.402293802111911,1.11748153710613,1.11826461583701,793.16719,0.517938012338131,0.5,0.81,100
"UGA_CEID-Walk","08",1.08808729607171,1.14986251670678,102.222597473913,0.540769857906716,1.06187530646874,1.09459744454685,127.64349,0.632848280107715,0.57,0.76,100
"UGA_CEID-Walk","09",1.10276496344579,1.23516176209873,75.9878756347826,0.712181592755861,1.10739648362471,1.14357454618029,101.70758,0.896503323424097,0.42,0.76,100
"UGA_CEID-Walk","10",1.01936815572029,1.2468689371445,30.1045062217391,0.642426154985161,1.05911352897026,1.18337744866862,38.29161,0.877760688746973,0.55,0.73,100
"UGA_CEID-Walk","11",1.01452985263618,1.18010322588465,34.7466923652174,0.800918428581629,1.09992250552076,1.24617381898999,46.02,1.06185798481383,0.42,0.67,100
"UGA_CEID-Walk","12",1.01032407172369,1.03595231622032,435.595195343478,0.375611095888728,1.10112644528473,1.11872174336282,574.42044,0.447467505372427,0.49,0.74,100
"UGA_CEID-Walk","13",1.1008460003966,1.22145947671187,198.816590921739,0.659298775658898,1.10312505301033,1.09641062910754,243.72948,0.663903500421217,0.51,0.74,100
"UGA_CEID-Walk","15",1.11255882546593,1.13998714114866,15.4043610130435,0.333663302517273,1.08392462691962,1.08329095487083,20.21592,0.454093182156439,0.38,0.75,100
"UGA_CEID-Walk","16",0.946220964893743,1.03985210471265,36.0026420304348,0.493855221718676,0.950948587676778,1.08800362455316,46.68773,0.639608279969672,0.56,0.85,100
"UGA_CEID-Walk","17",1.02806624172258,1.13759113150146,309.086090647826,0.620243933555659,1.12514838763728,1.13636104950051,416.27309,0.745320674143408,0.47,0.8,100
"UGA_CEID-Walk","18",0.98673259486103,1.09663346638699,237.506469773913,0.710099131567273,1.16505143532518,1.22442684902295,337.49869,0.941097244439593,0.49,0.72,100
"UGA_CEID-Walk","19",1.01870272708478,1.20873568648488,72.7514322608696,0.821043440618623,1.09840266983058,1.14959690800536,98.02169,1.06271821469689,0.48,0.69,100
"UGA_CEID-Walk","20",0.939050053063805,1.07903171532415,65.1794133,0.636916343402811,1.00432482398207,1.04284192493636,88.23932,0.832315939751806,0.5,0.79,100
"UGA_CEID-Walk","21",1.02792209203689,1.11293328037779,156.251582165217,0.699464113681335,1.09686352729872,1.11528224310665,214.94459,0.888701644922315,0.43,0.75,100
"UGA_CEID-Walk","22",1.11996302980503,1.12221206612082,89.6508924695652,0.416988485411295,1.09881073588892,1.1158055554476,115.27152,0.493742610173993,0.64,0.76,100
"UGA_CEID-Walk","23",1.1518507510345,1.35273108122523,39.476466226087,0.824322585364938,1.14282005253601,1.18902471819515,52.02972,1.08207799885683,0.43,0.65,100
"UGA_CEID-Walk","24",0.966942301820018,1.19764729632146,135.841675869565,0.734635023313061,1.01060472610429,1.10262885920258,174.37672,0.888938498743357,0.47,0.68,100
"UGA_CEID-Walk","25",1.14279675940078,1.19665994981613,237.279822921739,0.6608587484431,1.22028344650874,1.27493507194515,305.31386,0.80265174551277,0.47,0.61,100
"UGA_CEID-Walk","26",1.13739601313549,1.20523228098845,254.700280665217,0.618542537403313,1.15798372767417,1.15766158157003,339.60165,0.736558453283105,0.44,0.65,100
"UGA_CEID-Walk","27",0.913803341801035,1.09443977538267,148.049629313043,0.635498867137976,0.949018539413719,1.0174711948821,180.07024,0.735109000971592,0.58,0.76,100
"UGA_CEID-Walk","28",1.04298448810354,1.11672544066655,62.3953285608696,0.560402571993786,1.01757270467892,1.03509427370478,77.60289,0.626879999466648,0.56,0.72,100
"UGA_CEID-Walk","29",1.1261854104097,1.22844798146551,200.760219730435,0.688088627131517,1.16669456430786,1.2012439095289,254.60731,0.76714364680699,0.52,0.68,100
"UGA_CEID-Walk","30",1.12008773953739,1.25549329001041,30.3294528913043,0.766308787907213,1.14461170886691,1.17570337140782,41.0973,1.12701030254953,0.4,0.64,100
"UGA_CEID-Walk","31",0.990712728299605,1.16391671137426,44.3517097347826,0.714036883678305,1.08460150892664,1.108992882743,60.13253,0.893574367305344,0.54,0.77,100
"UGA_CEID-Walk","32",1.03704382904157,0.991625536662091,40.7068411217391,0.374016183410955,1.02076066250538,1.08255805782377,52.17277,0.496062954333328,0.44,0.81,100
"UGA_CEID-Walk","33",0.767455875641093,1.01673913227389,32.2059585913044,0.633883490802237,0.864336978096085,0.996184913385608,44.53229,0.81677834882935,0.45,0.7,100
"UGA_CEID-Walk","34",1.00439629046409,1.13273064453392,266.181233430435,0.69544922310942,1.04224508776105,1.16972442264683,350.96843,0.928910459839458,0.41,0.75,100
"UGA_CEID-Walk","35",1.25671316955497,1.21673958427387,45.1545861130435,0.476069248526173,1.18698977573776,1.24193565564922,59.31959,0.642823037543543,0.44,0.78,100
"UGA_CEID-Walk","36",1.13376619574266,1.10690255530101,443.8609851,0.568814642853953,1.18762979452495,1.21906925985351,589.53446,0.777721963899889,0.32,0.77,100
"UGA_CEID-Walk","37",1.00472028061348,1.07748878912051,292.517697347826,0.697038169951689,1.11666665806049,1.18104396181548,391.38942,0.898697354147231,0.43,0.7,100
"UGA_CEID-Walk","38",1.09853795875993,1.32263398426755,15.3945555043478,0.665490658119924,1.07709181071116,1.19972149906181,20.43156,0.909177395782027,0.39,0.74,100
"UGA_CEID-Walk","39",1.0276765639954,1.14670087863769,489.197083130435,0.80698308653166,1.20368555992107,1.21805672734969,682.80879,1.07405415354162,0.4,0.64,100
"UGA_CEID-Walk","40",1.09178948869194,1.14665006203931,123.849778686957,0.745039684566665,1.12140124701978,1.13294705350788,159.00212,0.846363910777793,0.57,0.71,100
"UGA_CEID-Walk","41",0.98950762023935,1.11501843462789,87.9921668565217,0.524852665121019,1.02414807901926,1.0874424732259,115.38242,0.596812701003235,0.69,0.84,100
"UGA_CEID-Walk","42",1.0363419332265,1.26721453882493,661.73750846087,0.684401534694794,1.10982214099392,1.14553042140066,847.18619,0.722565983247377,0.46,0.65,100
"UGA_CEID-Walk","44",1.05699040808392,1.2356242840341,25.5844217086957,0.637530285248179,1.13094153013384,1.20941571610796,34.08716,0.848069149785313,0.48,0.7,100
"UGA_CEID-Walk","45",0.975885899713187,1.09660555868563,162.91738163913,0.728920599670369,1.11117326532968,1.18550484735661,220.55752,0.944784930707272,0.47,0.69,100
"UGA_CEID-Walk","46",1.07438882842345,1.2395704604182,24.5899981304348,0.757649630590263,1.07656140597311,1.15996763129232,31.16944,0.989718526776023,0.48,0.67,100
"UGA_CEID-Walk","47",1.06398676777833,1.01792586415013,152.368912652174,0.505004625308707,1.16669072136713,1.20259713587222,210.72237,0.686058938097797,0.41,0.79,100
"UGA_CEID-Walk","48",0.910373008465342,1.0840270980139,511.911955026087,0.548623365991347,0.970153051800435,1.01722510441815,653.9191,0.519341765547165,0.61,0.76,100
"UGA_CEID-Walk","49",0.995448165483452,1.13315985001704,47.7545102304348,0.496034308281481,1.04888905050374,1.17300384002851,60.30364,0.647244549340045,0.43,0.73,100
"UGA_CEID-Walk","50",1.18874621604705,1.38598742944578,16.5643540913043,0.745944477820075,1.27497373358699,1.37573357591579,23.29868,1.12174229606891,0.46,0.68,100
"UGA_CEID-Walk","51",1.03595582623885,1.10956388190608,154.9496156,0.612291670638278,1.10447238189205,1.10919067586494,212.45235,0.71800808936079,0.48,0.73,100
"UGA_CEID-Walk","53",1.06065866380165,1.09416487410707,103.755548017391,0.549323590745321,1.06842906762172,1.10492502881626,138.44734,0.699009095790255,0.44,0.75,100
"UGA_CEID-Walk","54",1.02206013396232,1.19151665221705,88.5681621,0.818919994296612,1.13631704002918,1.1812668881962,123.26622,1.15413022604657,0.4,0.66,100
"UGA_CEID-Walk","55",1.04325192634793,1.2592686840974,163.303432169565,0.821407373607799,1.10082286962108,1.08152098138098,211.16658,0.937951905823522,0.46,0.67,100
"UGA_CEID-Walk","56",1.21205262335446,1.23179022476495,19.0611414913043,0.649791126010618,1.14275622916857,1.14843353342249,24.08508,0.840491406580083,0.65,0.77,100
"UGA_flucast-Copycat","01",0.724663990055007,0.665512728665322,68.6644882246377,0.301754263738081,0.861572747766522,0.846119228055084,105.291666666667,0.475892896061709,0.427083333333333,0.916666666666667,96
"UGA_flucast-Copycat","02",1.03093520490652,1.15874771837687,9.08086956521739,0.439378359998153,1.01277767076964,1.24051785061541,13.25,0.664912407806593,0.3125,0.739583333333333,96
"UGA_flucast-Copycat","04",0.558014847136538,0.608590001000961,155.049343297101,0.265710851920347,0.767285036908373,0.947426240355056,257.125,0.435712245952938,0.395833333333333,0.9375,96
"UGA_flucast-Copycat","05",0.829580103423933,0.915721784916343,53.821240942029,0.502425884946962,0.831951340071032,1.02373235383781,71.0104166666667,0.73679053507776,0.260416666666667,0.65625,96
"UGA_flucast-Copycat","06",0.614967605480585,0.490603594467281,318.696585144928,0.206343616140253,0.810756738575415,0.768668814676903,529.791666666667,0.335586727508853,0.5,1,96
"UGA_flucast-Copycat","08",0.72964462969587,0.63838874070699,59.8901811594203,0.274660180043805,0.849242773361617,0.852267783190542,91.0208333333333,0.450255528999061,0.354166666666667,0.916666666666667,96
"UGA_flucast-Copycat","09",0.686635389677141,0.706434522705388,43.1578442028986,0.377880161899658,0.773046475602983,0.784763671444357,65.65625,0.571712578379434,0.28125,0.84375,96
"UGA_flucast-Copycat","10",0.894233114630147,0.941024449030933,24.4905208333333,0.45195639497204,0.955896946010803,0.939553834075266,32.6979166666667,0.660015543281638,0.458333333333333,0.739583333333333,96
"UGA_flucast-Copycat","11",0.797321281637261,0.959394807098539,27.1808605072464,0.63643246280956,0.861190088012069,1.06622683828514,35.5833333333333,0.891477035621579,0.239583333333333,0.65625,96
"UGA_flucast-Copycat","12",0.540986698757286,0.516380478532313,207.479211956522,0.172798741688167,0.702630286129641,0.773844944696914,332.802083333333,0.286636535281484,0.46875,0.989583333333333,96
"UGA_flucast-Copycat","13",0.666356824674284,0.609789478236574,110.776490036232,0.314990915342393,0.822142705402095,0.86263778103142,168.28125,0.492171903177949,0.354166666666667,0.895833333333333,96
"UGA_flucast-Copycat","15",0.897529359482291,1.00435432191979,11.0157201086957,0.272038435758956,1.03200894516808,1.11419771254679,17.46875,0.437947877529008,0.40625,0.916666666666667,96
"UGA_flucast-Copycat","16",0.900362722184505,1.029795955831,31.2256793478261,0.476395943275082,1.01891638338762,1.25452386024355,46.9479166666667,0.724529667341369,0.28125,0.760416666666667,96
"UGA_flucast-Copycat","17",0.664265206814266,0.612789090776326,185.486213768116,0.319074761344814,0.783885343585627,0.770006585142043,270.916666666667,0.476036658019906,0.4375,0.864583333333333,96
"UGA_flucast-Copycat","18",0.643626955478215,0.562589958776745,158.557133152174,0.364203936224521,0.745387062301367,0.670141562237929,224.75,0.519435994423793,0.46875,0.8125,96
"UGA_flucast-Copycat","19",0.67300713544918,0.751024436322532,45.6792164855072,0.479365175851754,0.799439330722132,0.829143331459449,67.8020833333333,0.721656248346568,0.302083333333333,0.739583333333333,96
"UGA_flucast-Copycat","20",0.724288967260759,0.756257946610763,49.1144293478261,0.437289366689728,0.791828608515738,0.841957332543056,67.8020833333333,0.659939686321175,0.333333333333333,0.802083333333333,96
"UGA_flucast-Copycat","21",0.773423281131326,0.741852185328156,114.197323369565,0.44423543155942,0.806793711145142,0.85760094652544,153.6875,0.649832369729699,0.385416666666667,0.75,96
"UGA_flucast-Copycat","22",0.781132161941832,0.730809622817955,57.7922961956522,0.260379331006904,0.948925420121396,1.01326473950405,92.4375,0.424144182226295,0.34375,0.947916666666667,96
"UGA_flucast-Copycat","23",0.713953506815374,0.762461560360721,24.4890760869565,0.434621074184691,0.771839702712695,0.737484549048948,35.2395833333333,0.633176204841103,0.447916666666667,0.8125,96
"UGA_flucast-Copycat","24",0.688420592700437,0.738876138215041,92.9942436594203,0.434778679212518,0.810837345428733,0.845189656531993,136.041666666667,0.65801297789435,0.3125,0.760416666666667,96
"UGA_flucast-Copycat","25",0.714380513421793,0.668663840586351,148.077341485507,0.357557356724479,0.852247193386983,0.89188906436496,216.166666666667,0.542132419656662,0.395833333333333,0.833333333333333,96
"UGA_flucast-Copycat","26",0.770127703254444,0.655836031744981,172.557644927536,0.329827458859673,0.854368233006509,0.803082411942859,251.333333333333,0.498200073567873,0.354166666666667,0.802083333333333,96
"UGA_flucast-Copycat","27",0.621191681795079,0.604579437656482,86.4770969202899,0.326477171087608,0.747033697744953,0.74121311798028,125.104166666667,0.500255378999805,0.395833333333333,0.864583333333333,96
"UGA_flucast-Copycat","28",0.743396136858308,0.698367174966116,40.6036865942029,0.321889780261383,0.846920641046046,0.875710407588547,60.1041666666667,0.491120275340785,0.385416666666667,0.84375,96
"UGA_flucast-Copycat","29",0.893275701874386,0.916168369603811,151.177038043478,0.495766698394216,0.961544543677109,1.14246874689415,199.53125,0.704925380716391,0.3125,0.739583333333333,96
"UGA_flucast-Copycat","30",0.851065550068361,1.01916832947911,22.921875,0.599016956440219,0.862138703425017,0.892269242968536,31,0.836836872665341,0.322916666666667,0.729166666666667,96
"UGA_flucast-Copycat","31",0.708152709038474,0.748143350228669,30.5990036231884,0.44186172430791,0.815685934717591,0.84220840338216,43.1145833333333,0.653669840635556,0.4375,0.833333333333333,96
"UGA_flucast-Copycat","32",0.734126775951798,0.664003930495888,25.7826177536232,0.237621676237668,0.836383281068333,0.835159819469058,39.5104166666667,0.368637785454471,0.541666666666667,0.90625,96
"UGA_flucast-Copycat","33",0.788275210491374,0.795274319095599,32.9994474637681,0.468551715888839,0.921787096649498,0.89938106549303,47.4270833333333,0.697633372191677,0.34375,0.71875,96
"UGA_flucast-Copycat","34",0.649340116167843,0.585922406123671,161.250902646503,0.317362824434286,0.779615684896674,0.740253149262312,246.478260869565,0.504521340187564,0.326086956521739,0.923913043478261,92
"UGA_flucast-Copycat","35",0.930842968419249,1.03090425139582,31.1772237318841,0.38556813163656,0.972077794239714,1.13663589787074,46.5729166666667,0.568840187812297,0.364583333333333,0.770833333333333,96
"UGA_flucast-Copycat","36",0.640172784154562,0.501903492559575,228.89053442029,0.242118228481118,0.741402236534259,0.6177037312734,348.28125,0.375806666559072,0.572916666666667,0.947916666666667,96
"UGA_flucast-Copycat","37",0.632385246393867,0.589111254897916,178.353342391304,0.364781881832282,0.762607958921158,0.753217719821163,260.427083333333,0.546445570835048,0.34375,0.8125,96
"UGA_flucast-Copycat","38",0.714908493057528,0.922587956101352,9.55965126811594,0.442581814442375,0.71952478391193,0.836364681751515,13.0833333333333,0.599508100723474,0.4375,0.822916666666667,96
"UGA_flucast-Copycat","39",0.697247756821464,0.737331417588596,328.31102807971,0.518570245907644,0.835048862221942,0.836389887203712,474.552083333333,0.73906176830086,0.28125,0.697916666666667,96
"UGA_flucast-Copycat","40",0.814067915987705,0.794339435614536,88.1326902173913,0.481271843069888,0.878355556101525,1.01787149591306,117.5625,0.703175063496219,0.302083333333333,0.760416666666667,96
"UGA_flucast-Copycat","41",0.816773363916035,0.718082062564714,70.1934375,0.333068917043232,0.92909755640919,0.939620895969944,100.229166666667,0.490797867915296,0.46875,0.854166666666667,96
"UGA_flucast-Copycat","42",0.606758964131329,0.604572654591518,364.945674818841,0.309357774025944,0.768264905319423,0.807615302617989,550.552083333333,0.472669185297958,0.385416666666667,0.854166666666667,96
"UGA_flucast-Copycat","44",0.730933853464848,0.743499363227576,16.6521875,0.352914951494582,0.838150420239122,0.848282484050618,23.75,0.549030499501043,0.427083333333333,0.802083333333333,96
"UGA_flucast-Copycat","45",0.626193502316314,0.619436760597505,100.910480072464,0.391714242568947,0.764000029053585,0.760565529777473,147.177083333333,0.577126167255335,0.302083333333333,0.75,96
"UGA_flucast-Copycat","46",0.756544392146464,0.887949423992054,17.0779664855072,0.518976568353625,0.814474925138488,0.913732183662868,23.0104166666667,0.738119589929174,0.354166666666667,0.729166666666667,96
"UGA_flucast-Copycat","47",0.785333327532377,0.687952467808992,105.958872282609,0.330991479673874,0.88655394498438,0.920529118961014,152.458333333333,0.511185751352347,0.375,0.864583333333333,96
"UGA_flucast-Copycat","48",0.593782917384617,0.461947561235293,315.193682065217,0.221689840993542,0.781467879393187,0.753118433324773,497.520833333333,0.360548940253218,0.46875,0.947916666666667,96
"UGA_flucast-Copycat","49",0.629432722684124,0.602493486717198,27.7465625,0.250029550343337,0.715657776122465,0.636294185348714,39.1145833333333,0.340834426015016,0.677083333333333,0.90625,96
"UGA_flucast-Copycat","50",0.750046971195902,0.883694374222631,10.5955932971015,0.459928412897979,0.809229689898806,0.823176604172442,15.0625,0.652700087868406,0.416666666666667,0.729166666666667,96
"UGA_flucast-Copycat","51",0.673654857107716,0.588383678493808,97.5467934782609,0.310132978195612,0.772722741539062,0.793755728170011,143.177083333333,0.484977234241466,0.3125,0.84375,96
"UGA_flucast-Copycat","53",0.777037522625768,0.66033288147053,73.9280072463768,0.324782219138935,0.888450804786849,0.808193749575065,112.260416666667,0.500873099716814,0.40625,0.885416666666667,96
"UGA_flucast-Copycat","54",0.636636265116192,0.705397055895179,56.3573369565217,0.473533977004476,0.711290497783616,0.752234740548141,77.8333333333333,0.714456422560316,0.375,0.770833333333333,96
"UGA_flucast-Copycat","55",0.61945394943713,0.662564336149019,93.912527173913,0.420742072299041,0.761327837269765,0.755921742416147,140.875,0.631476340203084,0.291666666666667,0.75,96
"UGA_flucast-Copycat","56",0.870429954824664,0.916112562112476,12.0735824275362,0.440185098023607,0.904240089958007,0.977873981248052,17.0729166666667,0.655086548983841,0.40625,0.833333333333333,96
"UGA_flucast-INFLAenza","01",0.756108206867733,0.630742966339477,75.3036440217391,0.291350782601546,0.900187561545173,0.80827489214998,115.75,0.463811235629746,0.442307692307692,0.932692307692308,104
"UGA_flucast-INFLAenza","02",0.85659545690601,0.895628740278879,7.94159278846154,0.358670735124403,0.922865209583653,1.00549470644805,12.6586538461538,0.569865335961793,0.480769230769231,0.971153846153846,104
"UGA_flucast-INFLAenza","04",0.48255242742041,0.501228832521108,167.388018269231,0.241867256608274,0.608041889677975,0.733245970303329,245.206730769231,0.369932089281382,0.538461538461538,0.951923076923077,104
"UGA_flucast-INFLAenza","05",0.876985687484137,0.696507424699949,57.0355181647157,0.390101310720089,0.882317386099013,0.791350857304689,75.2740384615385,0.583226653652231,0.336538461538462,0.769230769230769,104
"UGA_flucast-INFLAenza","06",0.817039878314414,0.630255299121694,454.994976651338,0.273767154003918,1.01723168977482,0.961698869186446,715.798076923077,0.437302984749158,0.451923076923077,0.951923076923077,104
"UGA_flucast-INFLAenza","08",0.764543604140857,0.602580044729806,70.8248277173913,0.284881460285657,0.882835709765072,0.790632316033288,104.432692307692,0.45396209994128,0.423076923076923,0.903846153846154,104
"UGA_flucast-INFLAenza","09",0.795803796080813,0.682233965633262,53.7833326295987,0.391689719081872,0.862892957291482,0.764275642107454,77.4903846153846,0.593520281901188,0.375,0.836538461538462,104
"UGA_flucast-INFLAenza","10",0.91220007395661,0.90747656239673,26.1717719272575,0.446348335339846,0.992629201098032,0.929083303814946,35.2692307692308,0.663839240768732,0.490384615384615,0.788461538461538,104
"UGA_flucast-INFLAenza","11",0.723484149299154,0.752447324746605,23.958745756689,0.495640081130865,0.792954330284483,0.879187172459204,31.7788461538462,0.732309917200312,0.355769230769231,0.788461538461538,104
"UGA_flucast-INFLAenza","12",0.77858393240782,0.695451351953375,314.682326066054,0.240699058988988,1.03003153996105,1.05393642561694,509.557692307692,0.401014057894997,0.509615384615385,1,104
"UGA_flucast-INFLAenza","13",0.816915350257428,0.605065355841569,144.539046801839,0.324702025795032,0.972287290578227,0.826852280417201,211.384615384615,0.492954353773368,0.413461538461538,0.826923076923077,104
"UGA_flucast-INFLAenza","15",1.04175500740017,1.08594094103566,14.210812562709,0.324321479855283,1.06851154053848,1.09156339282894,20.1634615384615,0.476169844271367,0.615384615384615,0.913461538461538,104
"UGA_flucast-INFLAenza","16",0.684104557404865,0.6758351633488,26.1006392558528,0.325788113202034,0.766598618925857,0.854556442746032,38.2355769230769,0.510350804664308,0.375,0.875,104
"UGA_flucast-INFLAenza","17",0.817809620260983,0.645879687521127,243.640945296823,0.35056497301613,0.911694285167222,0.794657504702842,333.769230769231,0.511326428059536,0.461538461538462,0.798076923076923,104
"UGA_flucast-INFLAenza","18",0.698049387815845,0.608158302058215,165.63860840301,0.391136272595749,0.829965003874715,0.771640505651278,241.725961538462,0.59597720021839,0.394230769230769,0.759615384615385,104
"UGA_flucast-INFLAenza","19",0.792798686751958,0.755621834672413,55.8518859113712,0.500464664224365,0.865417064967691,0.821934970903213,75.1442307692308,0.742022105942078,0.288461538461538,0.721153846153846,104
"UGA_flucast-INFLAenza","20",0.730285424995234,0.690188155565538,49.7684268185619,0.399821880655802,0.829839846721375,0.808401352024578,71.6826923076923,0.633986360515009,0.298076923076923,0.855769230769231,104
"UGA_flucast-INFLAenza","21",0.783619048894229,0.700814793596906,116.983886789298,0.431900594685039,0.799190585297798,0.818789161530687,152.9375,0.634321788610686,0.288461538461538,0.75,104
"UGA_flucast-INFLAenza","22",0.734486267315564,0.641119450418135,57.0239179556856,0.233235555703931,0.918314066644383,0.90811615767107,93.8076923076923,0.388369202151207,0.461538461538462,0.990384615384615,104
"UGA_flucast-INFLAenza","23",0.740287958147802,0.797531181510498,24.918637562709,0.477788737706289,0.820448606792813,0.831442832103024,36.3413461538462,0.739464902106921,0.403846153846154,0.846153846153846,104
"UGA_flucast-INFLAenza","24",0.749431439980354,0.715070929141528,102.371020965719,0.428619039617751,0.84328275545783,0.81048953625769,142.149038461538,0.641622977134213,0.326923076923077,0.721153846153846,104
"UGA_flucast-INFLAenza","25",0.774335633297331,0.629662184905374,162.200945861204,0.350182722972948,0.904545670748985,0.825951220787733,230.576923076923,0.521574716816405,0.442307692307692,0.826923076923077,104
"UGA_flucast-INFLAenza","26",0.809201105892644,0.645714101697554,181.762013022575,0.332009925458728,0.89174343171052,0.766776897762335,265.673076923077,0.492725974447375,0.471153846153846,0.855769230769231,104
"UGA_flucast-INFLAenza","27",0.617314692528,0.587622497909094,100.855606082776,0.350212131437616,0.719742787154594,0.707436465536265,138.418269230769,0.523423337933257,0.403846153846154,0.855769230769231,104
"UGA_flucast-INFLAenza","28",0.807774684111105,0.648071421522692,46.5010346571906,0.31559147471554,0.948377592160356,0.857640031703338,69.9471153846154,0.503991634706481,0.423076923076923,0.884615384615385,104
"UGA_flucast-INFLAenza","29",0.908857131959542,0.76509834507401,155.37805298913,0.412164815709664,1.00935007494575,0.99002443487769,211.192307692308,0.606677243382973,0.317307692307692,0.759615384615385,104
"UGA_flucast-INFLAenza","30",0.809996044684799,0.868950114594869,21.5162454013378,0.51265014479282,0.85943661692252,0.793662723719153,30.5865384615385,0.748422399764651,0.394230769230769,0.711538461538462,104
"UGA_flucast-INFLAenza","31",0.784246592029927,0.720795059497145,34.3687633152174,0.435943264990245,0.914868355610132,0.823279187553432,49.1730769230769,0.657700721880051,0.403846153846154,0.788461538461538,104
"UGA_flucast-INFLAenza","32",0.66513941309191,0.588471538729533,25.4253238712375,0.2152955488176,0.773583574154388,0.748706569437859,40.1875,0.3405644945098,0.567307692307692,0.980769230769231,104
"UGA_flucast-INFLAenza","33",0.618632438439192,0.650285410130291,25.2616907608696,0.394928676705141,0.75815981315509,0.761307065629877,37.8173076923077,0.6010128338625,0.432692307692308,0.807692307692308,104
"UGA_flucast-INFLAenza","34",0.771028703552011,0.600182600395806,209.673530910326,0.360367804077589,0.885949820862801,0.734330677262101,306.645833333333,0.562405409352494,0.364583333333333,0.84375,96
"UGA_flucast-INFLAenza","35",0.804344459122999,0.671978909738867,29.7071225752508,0.26502275100608,0.926836476442015,0.814711483333288,48.8173076923077,0.429053119258437,0.403846153846154,0.932692307692308,104
"UGA_flucast-INFLAenza","36",0.850925561366259,0.596443558786016,334.088835158863,0.309633703392188,0.890153180567817,0.704047504435164,454.918269230769,0.462190642827872,0.538461538461538,0.826923076923077,104
"UGA_flucast-INFLAenza","37",0.749984194771869,0.630536142058592,217.203806626254,0.407447706399639,0.856686699612347,0.807909731617901,299.038461538462,0.613007284388936,0.403846153846154,0.769230769230769,104
"UGA_flucast-INFLAenza","38",0.821398649670859,0.728414512749988,11.3617106396321,0.354490831855927,0.843792444063865,0.70851161474386,15.9807692307692,0.523155095869668,0.576923076923077,0.855769230769231,104
"UGA_flucast-INFLAenza","39",0.728586080084718,0.684230038374778,359.150903637124,0.520210124990564,0.851500291345033,0.80958894509414,499.841346153846,0.757518336991413,0.221153846153846,0.682692307692308,104
"UGA_flucast-INFLAenza","40",0.862378222009742,0.653899942160543,96.7888734949833,0.41937153582601,0.941012825799544,0.853252394142974,129.322115384615,0.623138605384107,0.336538461538462,0.778846153846154,104
"UGA_flucast-INFLAenza","41",0.731796004441416,0.66349427846746,66.6212825459866,0.319697222625121,0.831138000368577,0.883521015145404,94.7740384615385,0.481374511261305,0.509615384615385,0.846153846153846,104
"UGA_flucast-INFLAenza","42",0.752241554938369,0.699039555840734,469.703784594482,0.374198503078895,0.865921328331672,0.895703536732011,632.610576923077,0.546207219459031,0.365384615384615,0.798076923076923,104
"UGA_flucast-INFLAenza","44",0.810920214261705,0.786946233534466,19.7487279264214,0.418061440606413,0.90030268665167,0.858024523473243,27.2307692307692,0.620201074646829,0.519230769230769,0.807692307692308,104
"UGA_flucast-INFLAenza","45",0.730078777545916,0.637943346128902,119.42356812291,0.416703952643693,0.881314401245124,0.823897498811882,172.504807692308,0.650846054564752,0.326923076923077,0.826923076923077,104
"UGA_flucast-INFLAenza","46",0.797573764990848,0.775771219041914,17.5699566889632,0.460069159811895,0.912979795592951,0.862244021107086,25.1442307692308,0.712703505964613,0.298076923076923,0.75,104
"UGA_flucast-INFLAenza","47",0.740941463045068,0.603308117267132,104.613598118729,0.296008731673937,0.872392799212452,0.827890413200413,156.572115384615,0.469008462709188,0.346153846153846,0.855769230769231,104
"UGA_flucast-INFLAenza","48",0.739266969590665,0.576591008430746,397.673515238294,0.280561240348763,0.970232290480602,0.950990915678415,623.836538461538,0.46244609294568,0.365384615384615,0.942307692307692,104
"UGA_flucast-INFLAenza","49",0.661855737845727,0.654597431507576,33.104168666388,0.295282378794741,0.750738832504347,0.739167687954179,45.7403846153846,0.426345194513491,0.596153846153846,0.846153846153846,104
"UGA_flucast-INFLAenza","50",0.80252829628376,0.793579370975169,11.2950873118729,0.424235104377688,0.861289097571787,0.803829227449063,15.7692307692308,0.655596742401074,0.432692307692308,0.836538461538462,104
"UGA_flucast-INFLAenza","51",0.751622361147021,0.593016229532983,109.4968375,0.321092070990289,0.875597197036935,0.802619971142223,163.466346153846,0.50583808810212,0.384615384615385,0.836538461538462,104
"UGA_flucast-INFLAenza","53",0.74569515728291,0.667620923184319,72.0632447115385,0.332683370327278,0.864799307633999,0.858930520157134,110.860576923077,0.540611186592083,0.413461538461538,0.913461538461538,104
"UGA_flucast-INFLAenza","54",0.68307034946747,0.789398677415561,57.3915570234114,0.526218563556422,0.758539569903426,0.833058045807678,78.6009615384615,0.790984370417906,0.192307692307692,0.711538461538462,104
"UGA_flucast-INFLAenza","55",0.764001322816922,0.724070647939678,117.123108361204,0.46528690064913,0.864484327750542,0.825255108334391,160.528846153846,0.701342853054608,0.307692307692308,0.769230769230769,104
"UGA_flucast-INFLAenza","56",0.848178303851202,0.750355334677521,13.0666511705686,0.383775959542033,0.905852404759355,0.820942283225878,18.5817307692308,0.582181484259033,0.442307692307692,0.826923076923077,104
"UGA_flucast-Scenariocast","01",1.04527625569707,0.66567302568181,103.161649338374,0.308100597445384,1.28720970032482,0.853333577865322,163.782608695652,0.489588742993384,0.41304347826087,0.934782608695652,92
"UGA_flucast-Scenariocast","02",1.2256829591716,1.19711032976622,10.4603686200378,0.45247566968142,1.23989583587519,1.34397361170864,15.5978260869565,0.718621881096299,0.369565217391304,0.826086956521739,92
"UGA_flucast-Scenariocast","04",1.11356776206281,0.681664766611463,370.752882797732,0.317831782897903,1.36176014441275,0.961394719123855,525.108695652174,0.464937470645763,0.543478260869565,0.91304347826087,92
"UGA_flucast-Scenariocast","05",0.87813893508111,0.924754977532618,47.4671644612476,0.511413531011557,0.885749256832601,1.07260559223787,63.7826086956522,0.785136778579948,0.304347826086957,0.760869565217391,92
"UGA_flucast-Scenariocast","06",0.693412315937628,0.538596443318097,359.33629489603,0.227373363844307,0.933819078137697,0.855114049020509,605.532608695652,0.374216473970518,0.467391304347826,0.989130434782609,92
"UGA_flucast-Scenariocast","08",1.01549885916727,0.616074973731805,85.7284971644612,0.270369356742204,1.18695327592474,0.781905087913243,129.45652173913,0.421207810990588,0.543478260869565,0.967391304347826,92
"UGA_flucast-Scenariocast","09",0.908103724972935,0.631058803970173,58.0580671077505,0.359621394836015,1.02588712611538,0.736416491642942,87.2826086956522,0.572098924014093,0.489130434782609,0.923913043478261,92
"UGA_flucast-Scenariocast","10",0.948794331641885,0.858073801647086,22.1068667296786,0.402838573163583,1.14489298112714,0.897492357231705,33.5869565217391,0.620342944143589,0.434782608695652,0.826086956521739,92
"UGA_flucast-Scenariocast","11",0.757434723781825,0.846332791534242,24.3752741020794,0.585104892035124,0.849245419343473,1.02038719598261,32.554347826087,0.889068108620657,0.315217391304348,0.706521739130435,92
"UGA_flucast-Scenariocast","12",0.877113297294096,0.737028579900103,332.268336483932,0.252405584750154,1.1353235438282,1.13302016441549,521.630434782609,0.427682091643204,0.478260869565217,1,92
"UGA_flucast-Scenariocast","13",0.827673187970572,0.609132768166021,139.530855387524,0.321722369705389,1.04852146710767,0.854552420188969,214.782608695652,0.497865297139325,0.423913043478261,0.934782608695652,92
"UGA_flucast-Scenariocast","15",0.733071807510417,0.819177585778994,9.46893667296786,0.231277208762179,0.804717572942413,0.859677324831191,14.2717391304348,0.351789723331774,0.608695652173913,0.989130434782609,92
"UGA_flucast-Scenariocast","16",1.24188541543109,1.06854465469561,44.4371786389414,0.492522458083789,1.37579540299173,1.30145942275329,65.2391304347826,0.750103580812454,0.347826086956522,0.771739130434783,92
"UGA_flucast-Scenariocast","17",0.710559096544697,0.533389911701519,193.730004725898,0.281958938437228,0.877516995832407,0.690824943479551,293.04347826087,0.432817432521616,0.576086956521739,0.923913043478261,92
"UGA_flucast-Scenariocast","18",0.675867319757642,0.487060006581009,129.523856332703,0.295142389768137,0.812426214013729,0.630884695071781,192.989130434783,0.458886911784157,0.532608695652174,0.923913043478261,92
"UGA_flucast-Scenariocast","19",0.564966090212192,0.563018125057968,33.7817911153119,0.374445197082017,0.697135605798415,0.648563768725036,51.8586956521739,0.591081430901943,0.478260869565217,0.891304347826087,92
"UGA_flucast-Scenariocast","20",0.690577239624676,0.636471657183592,36.3364224952741,0.343551013688859,0.793410120375693,0.726701724977598,55.0108695652174,0.541799711008651,0.456521739130435,0.91304347826087,92
"UGA_flucast-Scenariocast","21",0.907158497824259,0.757592931534929,106.031365784499,0.432236685025502,0.992126886643651,0.898277135510259,153.076086956522,0.653492283718258,0.402173913043478,0.83695652173913,92
"UGA_flucast-Scenariocast","22",1.24812344134181,0.798450603445196,93.4648960302457,0.282675336010679,1.45685403139728,1.08974791531517,143.423913043478,0.453899183422638,0.478260869565217,0.945652173913043,92
"UGA_flucast-Scenariocast","23",0.584083038138146,0.560620434166199,16.5101701323251,0.334912522410356,0.588069176696583,0.55556491906075,21.9239130434783,0.495962354439001,0.652173913043478,0.902173913043478,92
"UGA_flucast-Scenariocast","24",0.572193484459487,0.583495542472932,65.5391587901701,0.347808176150321,0.717275954986438,0.671963734685114,102.29347826087,0.529434444609209,0.510869565217391,0.847826086956522,92
"UGA_flucast-Scenariocast","25",0.543680283954877,0.512567203352321,96.3927693761815,0.276022378319548,0.689256587644445,0.733372542305046,147.576086956522,0.446306805460765,0.5,0.956521739130435,92
"UGA_flucast-Scenariocast","26",0.749701830461626,0.598154800069848,132.858426275992,0.286719143342018,0.748986043567732,0.708538919248985,177.032608695652,0.424398419006245,0.543478260869565,0.880434782608696,92
"UGA_flucast-Scenariocast","27",0.987772006356382,0.617707611127801,153.375467863894,0.348910641440763,1.28723523873076,0.781968442991457,238.978260869565,0.551821008489424,0.445652173913043,0.945652173913043,92
"UGA_flucast-Scenariocast","28",1.00454546571331,0.764088464529707,51.7583648393195,0.371091669924857,1.1643092702668,1.01379236605401,77.304347826087,0.598621555283806,0.293478260869565,0.902173913043478,92
"UGA_flucast-Scenariocast","29",0.874506386472429,0.8390948701459,119.42656899811,0.43830481240601,1.00706989326827,1.1218396309679,171.054347826087,0.675874519015168,0.260869565217391,0.793478260869565,92
"UGA_flucast-Scenariocast","30",0.772259709565597,0.814576768536746,15.5704678638941,0.450179522196313,0.765485394336631,0.739827092352702,21.6195652173913,0.665021348143033,0.456521739130435,0.83695652173913,92
"UGA_flucast-Scenariocast","31",0.686630055077089,0.629984640762584,26.6709971644612,0.37018797938958,0.800222594104859,0.723677589496956,38.5434782608696,0.562766159009113,0.521739130434783,0.858695652173913,92
"UGA_flucast-Scenariocast","32",1.21742856400627,0.831242346764605,44.6979962192817,0.297600455064226,1.35625074339775,1.00683555457221,67.0869565217391,0.446319830275239,0.510869565217391,0.945652173913043,92
"UGA_flucast-Scenariocast","33",1.01478115813512,0.688637211311566,39.6006616257089,0.415548095054978,1.19418320593895,0.788545035840039,57.3369565217391,0.619948592186743,0.521739130434783,0.826086956521739,92
"UGA_flucast-Scenariocast","34",0.781166775666683,0.499510779276597,198.656378458498,0.277942135136701,0.910650356357446,0.619119925674963,294.204545454545,0.43782789822187,0.454545454545455,0.965909090909091,88
"UGA_flucast-Scenariocast","35",0.806608223426209,0.832833490642894,25.3928497164461,0.302736248707352,0.836238975553623,0.901623756485607,37.8260869565217,0.440158793500519,0.510869565217391,0.880434782608696,92
"UGA_flucast-Scenariocast","36",0.710081892858755,0.433936882258788,270.010562381853,0.217184720316641,0.810495614119437,0.501441814010026,408.782608695652,0.318596926171151,0.641304347826087,0.967391304347826,92
"UGA_flucast-Scenariocast","37",0.733664326638425,0.524923414893183,198.3997731569,0.334913046391269,0.853643679387129,0.689753443061502,276.554347826087,0.518769201020238,0.456521739130435,0.91304347826087,92
"UGA_flucast-Scenariocast","38",0.841834120691146,0.850110646882013,11.023747637051,0.427220707198732,0.927866187775883,0.838124571478109,16.4673913043478,0.632148153053872,0.489130434782609,0.891304347826087,92
"UGA_flucast-Scenariocast","39",0.567590357377189,0.452634045164966,222.31965973535,0.313705538425207,0.645400477594783,0.543961010987064,303.20652173913,0.47422548363228,0.489130434782609,0.91304347826087,92
"UGA_flucast-Scenariocast","40",0.709441114805258,0.759748742961493,68.3422448015123,0.480722732593043,0.761694094063952,1.00462321664878,89.0869565217391,0.722883868034695,0.402173913043478,0.826086956521739,92
"UGA_flucast-Scenariocast","41",1.19821404731218,0.807897590500601,91.2697400756144,0.347434758862219,1.37537490957643,1.09725042576752,134.173913043478,0.539366794116772,0.478260869565217,0.891304347826087,92
"UGA_flucast-Scenariocast","42",0.607598469115705,0.567675306885528,351.615155954631,0.307003644245769,0.764969624830832,0.801476546730459,512.413043478261,0.493249842749545,0.445652173913043,0.91304347826087,92
"UGA_flucast-Scenariocast","44",0.624073280123629,0.672894178906092,12.6722873345936,0.330802660722472,0.743396052620877,0.772767967397437,18.7065217391304,0.516878826012994,0.543478260869565,0.858695652173913,92
"UGA_flucast-Scenariocast","45",0.6685085754831,0.539626609596615,98.1665642722117,0.342869578716282,0.80778315267499,0.699867265615326,141.815217391304,0.537870096865475,0.434782608695652,0.880434782608696,92
"UGA_flucast-Scenariocast","46",0.792977678682284,0.870059077693587,14.7462145557656,0.510429000577198,0.907676703890246,0.951762821725608,21.3260869565217,0.778802774947771,0.391304347826087,0.804347826086957,92
"UGA_flucast-Scenariocast","47",1.06316986906877,0.663631607245416,142.5525,0.315137883402804,1.26932915917215,0.894548340974844,219.032608695652,0.495464749440944,0.380434782608696,0.902173913043478,92
"UGA_flucast-Scenariocast","48",0.826849051946541,0.56792346768331,396.334569943289,0.268397988949029,1.05403684071278,0.92528710772183,602.70652173913,0.435737919180659,0.467391304347826,0.967391304347826,92
"UGA_flucast-Scenariocast","49",0.682148135050507,0.595237082829825,31.1284168241966,0.246371535474534,0.863974559796337,0.693755946883508,48.5434782608696,0.369943584181403,0.706521739130435,0.956521739130435,92
"UGA_flucast-Scenariocast","50",0.698383275036816,0.757494964731596,7.75294423440454,0.393993748971413,0.76647719311913,0.754720355157185,11.2065217391304,0.598494930370228,0.532608695652174,0.880434782608696,92
"UGA_flucast-Scenariocast","51",0.785617046888841,0.597155321804741,98.4316115311909,0.311227165505918,0.928053795610547,0.826062188512121,149.79347826087,0.50078481992061,0.33695652173913,0.923913043478261,92
"UGA_flucast-Scenariocast","53",1.12669624400492,0.692706639663219,101.498152173913,0.337100118996277,1.30537932653955,0.862945978221785,156.20652173913,0.530580920448048,0.456521739130435,0.902173913043478,92
"UGA_flucast-Scenariocast","54",0.578844650954955,0.553373850325322,36.5625945179584,0.349695872128331,0.614986144438476,0.58123962134258,50.8260869565217,0.532479720987314,0.565217391304348,0.880434782608696,92
"UGA_flucast-Scenariocast","55",0.609427526784267,0.504423235309711,87.4956710775047,0.331813728481231,0.71238738763047,0.5978039545906,124.054347826087,0.520946817297267,0.489130434782609,0.91304347826087,92
"UGA_flucast-Scenariocast","56",1.33935749231133,0.91435897744341,20.4424007561437,0.486158104134523,1.44605453696729,0.990245157457585,29.4130434782609,0.72933557294181,0.434782608695652,0.847826086956522,92
"UGuelph-CompositeCurve","01",0.698334093258149,0.633438793487734,80.315349378882,0.299271116624119,0.755979515480482,0.689740117475176,113.196428571429,0.412623498576364,0.553571428571429,0.732142857142857,56
"UGuelph-CompositeCurve","02",1.38300389985271,1.25834871238881,12.6531211180124,0.520725945672304,1.38410185384505,1.25457620922553,19,0.746887504531646,0.142857142857143,0.714285714285714,56
"UGuelph-CompositeCurve","04",0.928724605550223,0.677384045317033,335.692015050167,0.309999578335165,1.22268675630194,1.00084076456399,542.711538461538,0.496165933070659,0.423076923076923,0.826923076923077,52
"UGuelph-CompositeCurve","05",0.788236953015374,0.876821156210208,60.5300501672241,0.53151801647423,0.823493243974211,0.882258651276366,83.9423076923077,0.713131855860922,0.346153846153846,0.519230769230769,52
"UGuelph-CompositeCurve","06",0.664994866542983,0.506040841195812,428.813954849498,0.234996274751019,0.916148462102423,0.805578488435511,759.730769230769,0.395626217758684,0.384615384615385,0.884615384615385,52
"UGuelph-CompositeCurve","08",0.713156225143197,0.607625944123236,69.648762541806,0.289483204650711,0.809829562528878,0.777062409908239,106.769230769231,0.459603083226459,0.480769230769231,0.769230769230769,52
"UGuelph-CompositeCurve","09",0.652400682997263,0.739926212774795,44.2394565217391,0.433022349208975,0.595172245327441,0.668533129149756,55.7884615384615,0.553954274024948,0.461538461538462,0.615384615384615,52
"UGuelph-CompositeCurve","10",0.875793307434656,1.11003311891799,28.9115468227425,0.623466799556048,0.979764002345632,0.938495805354676,40.3461538461538,0.777801583963621,0.307692307692308,0.519230769230769,52
"UGuelph-CompositeCurve","11",0.922305270069006,0.911489047238885,34.8915050167224,0.60456222132108,1.1322074245666,1.07931601315549,50.7692307692308,0.902869275804531,0.269230769230769,0.576923076923077,52
"UGuelph-CompositeCurve","12",0.632800336278389,0.726896880485382,291.315058528428,0.271601226105371,0.692803422176551,0.935575302891136,397.884615384615,0.394463620846327,0.480769230769231,0.692307692307692,52
"UGuelph-CompositeCurve","13",0.717000570303525,0.664267243696348,134.892307692308,0.349462960967116,0.854703252752377,0.879066627064341,205.557692307692,0.531435260265004,0.423076923076923,0.788461538461538,52
"UGuelph-CompositeCurve","15",0.80050200505251,0.854511763474097,10.9635702341137,0.238764372197158,0.745722803252173,0.705920680459464,13.9807692307692,0.281347094160496,0.596153846153846,0.75,52
"UGuelph-CompositeCurve","16",0.846206820496762,0.853772112208004,37.1023160535117,0.440389145069958,0.848954508059034,0.963469757133291,48.0576923076923,0.5929571217135,0.403846153846154,0.75,52
"UGuelph-CompositeCurve","17",0.575573155350063,0.574138220198948,189.721847826087,0.328351139153409,0.629644034751039,0.677479944159239,269.557692307692,0.485591665226523,0.5,0.730769230769231,52
"UGuelph-CompositeCurve","18",0.488342951777012,0.449668666942876,133.726705685619,0.327283879132644,0.652618452965018,0.604106303467757,214.480769230769,0.523943371357216,0.538461538461538,0.826923076923077,52
"UGuelph-CompositeCurve","19",0.53455976655198,0.756005636230658,43.3006856187291,0.566402129932371,0.633114816371624,0.728043970946329,64.1730769230769,0.745050236508656,0.423076923076923,0.5,52
"UGuelph-CompositeCurve","20",0.664308939484462,0.771710638048147,51.1395819397993,0.507878813522052,0.762212337642908,0.762946096432131,74.8846153846154,0.683042734888058,0.384615384615385,0.596153846153846,52
"UGuelph-CompositeCurve","21",0.686383157808897,0.726321469498757,114.142851170569,0.494109225203511,0.733481055965799,0.778947853637122,159.307692307692,0.672497720956074,0.384615384615385,0.576923076923077,52
"UGuelph-CompositeCurve","22",0.929886376548087,0.614178100508878,81.4744147157191,0.235054043845518,1.09363736518992,0.82388707011001,128.961538461538,0.381226083660603,0.461538461538462,0.903846153846154,52
"UGuelph-CompositeCurve","23",0.64548847112844,1.04718526884443,22.163754180602,0.690863759522324,0.61521303702628,0.82405254589037,27.5576923076923,0.809686897093593,0.423076923076923,0.5,52
"UGuelph-CompositeCurve","24",0.507268660370619,0.735656019399263,74.6467809364548,0.472384864949244,0.645320615375733,0.766468919463254,117.769230769231,0.659254693694016,0.461538461538462,0.634615384615385,52
"UGuelph-CompositeCurve","25",0.495255718974946,0.498646880605696,116.088110367893,0.291724941900332,0.671657040795332,0.673539975829127,187.326923076923,0.43342357943146,0.365384615384615,0.769230769230769,52
"UGuelph-CompositeCurve","26",0.603758282963243,0.575924596225817,134.920827759197,0.314211681710349,0.728451460859387,0.663539228285034,216.365384615385,0.453905473634786,0.307692307692308,0.653846153846154,52
"UGuelph-CompositeCurve","27",0.851151621172146,0.671713670319377,150.225543478261,0.385173865181072,1.10546195603647,0.803287080911214,242.230769230769,0.597102392661629,0.269230769230769,0.653846153846154,52
"UGuelph-CompositeCurve","28",0.87043268792803,0.944823607416052,56.7595568561873,0.496040662651121,1.01524193504441,1.08230099934141,86.5,0.701969627283861,0.307692307692308,0.596153846153846,52
"UGuelph-CompositeCurve","29",0.749753759629966,0.878287118454246,137.065819397993,0.533425859956646,0.853887241949286,0.965627892833415,190.038461538462,0.674046371369416,0.307692307692308,0.461538461538462,52
"UGuelph-CompositeCurve","30",0.751895237161361,0.960480306621814,18.9695986622074,0.599743549580045,0.721759948207693,0.744789807376227,24.5769230769231,0.751933002825854,0.346153846153846,0.519230769230769,52
"UGuelph-CompositeCurve","31",0.561757041222948,0.651765218284511,27.3999331103679,0.419671188247326,0.630427917052171,0.647334959998389,38.1153846153846,0.560966111335079,0.461538461538462,0.653846153846154,52
"UGuelph-CompositeCurve","32",1.01135511018521,0.791860304278226,44.0986789297659,0.317684992514833,0.977190759540654,0.831189190647074,57.6346153846154,0.417267596761316,0.365384615384615,0.730769230769231,52
"UGuelph-CompositeCurve","33",0.742491662214463,0.780811600245806,33.9609113712375,0.466093226714816,0.912521182119964,0.854172515795554,51.0384615384615,0.668820797363967,0.346153846153846,0.596153846153846,52
"UGuelph-CompositeCurve","34",0.59462656350481,0.610575500266545,163.471204013378,0.424457974935333,0.628553152756942,0.658089653802867,222.576923076923,0.592386934507154,0.423076923076923,0.634615384615385,52
"UGuelph-CompositeCurve","35",0.975600753230628,0.960878098523475,33.4375919732441,0.321770469677159,1.00563273476729,1.00043754189817,49.6538461538462,0.439848768462293,0.365384615384615,0.711538461538462,52
"UGuelph-CompositeCurve","36",0.695545561306817,0.651950275727044,301.202382943144,0.355822995295105,0.726009645189156,0.724813911006436,434.942307692308,0.51472279174807,0.442307692307692,0.692307692307692,52
"UGuelph-CompositeCurve","37",0.552077795390792,0.668292074055019,188.24889632107,0.484685512206205,0.694173549951081,0.777151741538196,289.903846153846,0.656815304670242,0.403846153846154,0.576923076923077,52
"UGuelph-CompositeCurve","38",0.830825820233434,1.21963885720656,12.2836622073579,0.678349316728096,0.819269688366033,0.968858473508482,16.5,0.812492882564423,0.326923076923077,0.5,52
"UGuelph-CompositeCurve","39",0.508522683064267,0.659786556105116,253.70029264214,0.529460389590975,0.694012521807272,0.757690286435463,413.769230769231,0.779475019197161,0.25,0.615384615384615,52
"UGuelph-CompositeCurve","40",0.768752623070205,0.794396927110093,102.655727424749,0.540734932283391,0.84181161703379,0.882753646903862,138.076923076923,0.693499261166783,0.346153846153846,0.519230769230769,52
"UGuelph-CompositeCurve","41",0.749321835643401,0.676757663901032,77.6172157190636,0.361747917865243,0.806842074172867,0.774925174666359,102.096153846154,0.446043714049663,0.557692307692308,0.75,52
"UGuelph-CompositeCurve","42",0.552322847655186,0.677285965459013,386.315142140468,0.39658960152655,0.635219079850115,0.772128037699651,522.634615384615,0.506909841568556,0.461538461538462,0.634615384615385,52
"UGuelph-CompositeCurve","44",0.570601110268881,0.72657581607566,15.200627090301,0.381244882735716,0.752636178606478,0.780751504567856,25.3653846153846,0.5665807149052,0.384615384615385,0.75,52
"UGuelph-CompositeCurve","45",0.552853391649227,0.525349878563261,104.338469899666,0.367880132473461,0.707742395167148,0.627205455185054,159.596153846154,0.530590734579148,0.403846153846154,0.615384615384615,52
"UGuelph-CompositeCurve","46",0.795538315043012,1.02435119176967,19.2048494983278,0.642581660029443,0.873969242950859,0.959388398110982,25.8076923076923,0.841478976967804,0.230769230769231,0.403846153846154,52
"UGuelph-CompositeCurve","47",0.693169409464086,0.609012858734059,112.956705685619,0.323971819478781,0.71433185102138,0.683075611892623,152.307692307692,0.427742847318083,0.480769230769231,0.692307692307692,52
"UGuelph-CompositeCurve","48",0.550397128546666,0.517974089924089,330.026387959866,0.25947339372114,0.708596340887751,0.752722026490845,499.442307692308,0.373131335292191,0.480769230769231,0.75,52
"UGuelph-CompositeCurve","49",0.88396855336276,0.789942724265,48.2325836120401,0.389378613884077,0.985632645269398,0.876789325344992,67.8653846153846,0.563229446518588,0.519230769230769,0.769230769230769,52
"UGuelph-CompositeCurve","50",0.781678236697715,0.957323334973864,11.6746321070234,0.528332883715391,0.854595515252753,0.798270144410509,16.2884615384615,0.659820970447878,0.307692307692308,0.519230769230769,52
"UGuelph-CompositeCurve","51",0.514028977255256,0.513575357660636,89.0113963210702,0.303593908283246,0.571614132481458,0.610793999484574,128.807692307692,0.424409684817155,0.423076923076923,0.673076923076923,52
"UGuelph-CompositeCurve","53",0.652223923321785,0.631931459604276,62.6189715719064,0.313174560642999,0.694532748271005,0.719080473575311,89.3461538461538,0.449329540543597,0.442307692307692,0.692307692307692,52
"UGuelph-CompositeCurve","54",0.594959081956736,0.857618091244268,48.117525083612,0.628101997214507,0.646894912316206,0.766402773078506,64.8076923076923,0.799456592845036,0.288461538461538,0.480769230769231,52
"UGuelph-CompositeCurve","55",0.542705746899266,0.791847537504483,92.9187123745819,0.560107998298462,0.690271229258195,0.824250702754267,144.519230769231,0.784293563699332,0.326923076923077,0.576923076923077,52
"UGuelph-CompositeCurve","56",0.967044837550018,0.918094202891623,14.4783612040134,0.443943892320923,0.978490362510989,0.931204310545091,20.6730769230769,0.637051988292859,0.365384615384615,0.75,52
"UI_CompEpi-EpiGen","01",0.949184643251914,1.19928571123782,91.4128705533597,0.548270738594018,0.865229790850759,0.945129531498556,104.272727272727,0.540580603582514,0.636363636363636,0.784090909090909,88
"UI_CompEpi-EpiGen","02",1.29795241057319,1.46015556376595,12.309337944664,0.593636776619276,1.15236318137884,1.44302570809802,15.7386363636364,0.815305109451296,0.375,0.647727272727273,88
"UI_CompEpi-EpiGen","04",0.938840515767305,1.56578006225323,277.191798418972,0.700131897448399,0.90688411496979,1.32151784958299,302.159090909091,0.620110624958166,0.636363636363636,0.75,88
"UI_CompEpi-EpiGen","05",0.937954749252541,1.1195313074379,49.7871887351779,0.606313497800936,0.879121627950946,1.12615696793218,63.4659090909091,0.810460648008915,0.556818181818182,0.738636363636364,88
"UI_CompEpi-EpiGen","06",1.18213307829915,1.62160317619585,591.814352766798,0.668590951400285,1.09267945397143,1.53442597658474,663.136363636364,0.650149637453561,0.602272727272727,0.738636363636364,88
"UI_CompEpi-EpiGen","08",1.17194404033738,1.4412929226442,105.439639328063,0.661690719256297,1.01432146708893,1.22930411617215,116.284090909091,0.693946810585182,0.636363636363636,0.715909090909091,88
"UI_CompEpi-EpiGen","09",0.893976402858185,1.06054121777441,55.7517243083004,0.606119732182166,0.77351574576541,0.827490810363621,64.5795454545455,0.647004778957547,0.579545454545455,0.75,88
"UI_CompEpi-EpiGen","10",1.28954879978373,1.4181562696107,33.7619268774704,0.698425478976522,1.2379422064744,1.3554176160217,39.2727272727273,0.963799553509033,0.477272727272727,0.693181818181818,88
"UI_CompEpi-EpiGen","11",0.945759187474373,1.12536506661675,25.5397183794466,0.715563572264851,0.950943733666562,1.09300183092561,32.9431818181818,0.893135414053735,0.511363636363636,0.75,88
"UI_CompEpi-EpiGen","12",1.12360227332072,1.81466094494797,425.625227272727,0.633030865012319,1.15233943763656,1.90155945035467,509.840909090909,0.725127220711899,0.454545454545455,0.727272727272727,88
"UI_CompEpi-EpiGen","13",1.03056083807048,1.37647661088932,162.3382756917,0.707932593333866,1.01268342664576,1.39660939411235,196.363636363636,0.817359172524251,0.5,0.693181818181818,88
"UI_CompEpi-EpiGen","15",1.26018418229336,1.57430099068407,17.5546442687747,0.475272260954399,1.1000960325107,1.31919726086,20.1931818181818,0.565338427019611,0.545454545454545,0.772727272727273,88
"UI_CompEpi-EpiGen","16",1.05270152695706,1.28079560427695,39.4509140316206,0.593118008803338,0.982713167575853,1.48192916752545,47.1704545454545,0.843739801350372,0.579545454545455,0.738636363636364,88
"UI_CompEpi-EpiGen","17",1.05269471472547,1.58764909262799,285.139061264822,0.840570327340686,1.02046243647048,1.55958950189054,332.818181818182,0.978372916997278,0.454545454545455,0.659090909090909,88
"UI_CompEpi-EpiGen","18",0.846753933886176,1.11547411591431,185.901245059289,0.676504566832685,0.786206916937923,0.897698998149898,220.147727272727,0.663759654197628,0.556818181818182,0.704545454545455,88
"UI_CompEpi-EpiGen","19",0.779924340913485,0.957872618131249,50.9677964426877,0.640210298887849,0.700433301265354,0.863076397837086,57.6363636363636,0.788429767725214,0.636363636363636,0.75,88
"UI_CompEpi-EpiGen","20",1.05920589679652,1.14165174263398,68.6501679841897,0.659446676477582,0.98104808303322,1.06705560407655,80.7045454545455,0.836878009035866,0.5,0.681818181818182,88
"UI_CompEpi-EpiGen","21",1.06222134187733,1.24347369915272,154.83959486166,0.7654642848443,0.976624739264496,1.31174693358633,180.670454545455,1.01221409869416,0.534090909090909,0.693181818181818,88
"UI_CompEpi-EpiGen","22",1.34957723647851,1.61664474302619,105.094851778656,0.588932548518581,1.29145529581378,1.60548215461261,126.795454545455,0.683246152706927,0.534090909090909,0.715909090909091,88
"UI_CompEpi-EpiGen","23",0.874533863879756,1.11533073750851,29.5109584980237,0.69496055403786,0.801148737978617,0.962107664360541,35.9886363636364,0.901353642967637,0.545454545454545,0.715909090909091,88
"UI_CompEpi-EpiGen","24",0.925234100780219,1.2523724701816,115.522989130435,0.757529906950148,0.924993702591378,1.28852338053213,140.5,1.02435029725264,0.465909090909091,0.681818181818182,88
"UI_CompEpi-EpiGen","25",0.835766841152821,1.07199500705062,143.694046442688,0.544166493272004,0.797817866246478,0.949426502323193,170.840909090909,0.550434985001319,0.602272727272727,0.727272727272727,88
"UI_CompEpi-EpiGen","26",0.959248632259348,1.18386860902189,198.45652173913,0.568779531924938,0.899622983381791,1.04957820364794,245.511363636364,0.625349722079116,0.465909090909091,0.670454545454545,88
"UI_CompEpi-EpiGen","27",0.936475126891101,1.38182301209208,135.746887351779,0.819419980503239,0.893206337040071,1.21196902539948,149.534090909091,0.909792504089533,0.715909090909091,0.784090909090909,88
"UI_CompEpi-EpiGen","28",0.898904781255952,1.09284942065509,45.9030583003953,0.523462441484043,0.862600297872945,0.960718267264595,56.7159090909091,0.559515075132202,0.602272727272727,0.738636363636364,88
"UI_CompEpi-EpiGen","29",1.27167685585475,1.51669604364609,216.849955533597,0.837173309610519,1.22526244712806,1.83779130397759,251.215909090909,1.16177127905559,0.477272727272727,0.659090909090909,88
"UI_CompEpi-EpiGen","30",0.97310059252822,0.997153523545747,26.5329496047431,0.607188517899309,0.86888212755969,0.865510713728324,31.7840909090909,0.837767226842515,0.568181818181818,0.670454545454545,88
"UI_CompEpi-EpiGen","31",0.972015115297504,0.995525492907533,40.7742984189723,0.603989732008778,0.980484223120676,0.956308495157568,50.5909090909091,0.761570775300367,0.5,0.704545454545455,88
"UI_CompEpi-EpiGen","32",1.23854787048266,1.47774035481834,44.8584634387352,0.543086221465209,1.12533457388661,1.47872994731801,52.3181818181818,0.65722741958785,0.602272727272727,0.75,88
"UI_CompEpi-EpiGen","33",1.06852351414523,1.2162823619829,34.8899258893281,0.724918865276715,1.05440053785351,1.14671739345009,42.4545454545455,0.895869761074503,0.420454545454545,0.579545454545455,88
"UI_CompEpi-EpiGen","34",0.924460173052726,1.25117651575642,210.454500988142,0.757481385253862,0.839290491524939,1.02392764170524,243.181818181818,0.793084166138685,0.556818181818182,0.670454545454545,88
"UI_CompEpi-EpiGen","35",1.48706959212815,1.72141255145191,54.1900592885375,0.672496069202643,1.316673031899,1.80477407420975,66.8409090909091,0.938659699375732,0.420454545454545,0.670454545454545,88
"UI_CompEpi-EpiGen","36",1.058257578798,1.3760980263786,367.186022727273,0.679372325825875,0.918331002482382,0.920287192632632,415.022727272727,0.584112966511965,0.590909090909091,0.761363636363636,88
"UI_CompEpi-EpiGen","37",0.878504989692179,1.12503368369936,205.703092885375,0.679138103253324,0.770629752983159,0.906131539971684,229.75,0.658246343012377,0.602272727272727,0.681818181818182,88
"UI_CompEpi-EpiGen","38",0.853160728229795,1.02439031369324,10.230395256917,0.490660114741918,0.7773433746757,0.814992374538327,12.7954545454545,0.596432863388571,0.556818181818182,0.784090909090909,88
"UI_CompEpi-EpiGen","39",0.860067474798961,1.18222843984297,386.284219367589,0.833010435829918,0.88046215235432,1.0701111171799,480.568181818182,0.951429050010661,0.431818181818182,0.659090909090909,88
"UI_CompEpi-EpiGen","40",0.99019276495822,1.06091840129151,80.0100247035573,0.620080011489798,0.902906870148032,1.02473878708476,95.1704545454545,0.691594856807051,0.602272727272727,0.75,88
"UI_CompEpi-EpiGen","41",1.1711083163073,1.61739496740186,99.2460721343873,0.740565034566933,1.12411110845556,1.78731912809654,116.420454545455,0.929670425251209,0.534090909090909,0.727272727272727,88
"UI_CompEpi-EpiGen","42",0.85182773457449,1.25090836672982,472.253507905138,0.652907340444604,0.840317732141069,1.02640388534224,550.920454545455,0.617124375983047,0.488636363636364,0.670454545454545,88
"UI_CompEpi-EpiGen","44",1.01714690453887,1.28105539865756,21.4273418972332,0.633682732257095,0.968540810122099,1.18285983435159,25.3181818181818,0.784270111424036,0.522727272727273,0.681818181818182,88
"UI_CompEpi-EpiGen","45",0.745380089263807,0.940229182340229,98.8935276679842,0.564816437084478,0.676820286824209,0.640371896549256,113.068181818182,0.467978167919157,0.613636363636364,0.715909090909091,88
"UI_CompEpi-EpiGen","46",0.703753866475006,0.77700595421243,13.1398320158103,0.427992479625665,0.692759062785976,0.751373447747224,16.8863636363636,0.578997660767864,0.545454545454545,0.75,88
"UI_CompEpi-EpiGen","47",1.02444410746847,1.36392587854534,136.786645256917,0.650041148906609,0.885782351018793,1.26880425464327,146.965909090909,0.698812091808348,0.715909090909091,0.715909090909091,88
"UI_CompEpi-EpiGen","48",1.04536954130979,1.42951072521264,480.382628458498,0.669126306702159,1.08223316901003,1.51674052370837,587.261363636364,0.707550170928901,0.454545454545455,0.659090909090909,88
"UI_CompEpi-EpiGen","49",1.1018972076201,1.44503780030268,50.546516798419,0.619945324804836,1.03650676220396,1.28546059036606,55.5227272727273,0.694381362826662,0.670454545454545,0.772727272727273,88
"UI_CompEpi-EpiGen","50",1.03171989425881,1.29556188196087,13.2449604743083,0.687060814552953,0.951847059035445,1.13253177634342,16.2386363636364,0.915032800280903,0.465909090909091,0.715909090909091,88
"UI_CompEpi-EpiGen","51",0.925494324346433,1.13515350260249,120.870815217391,0.594718434876561,0.825664954126239,0.979498151050678,140.215909090909,0.610113060265162,0.625,0.715909090909091,88
"UI_CompEpi-EpiGen","53",0.971223987321955,1.2653866928814,92.8312697628458,0.61953885834739,0.902766775288393,1.13250464816683,112.545454545455,0.705145751254379,0.545454545454545,0.704545454545455,88
"UI_CompEpi-EpiGen","54",0.879712080698602,1.03182198714573,76.624476284585,0.710243353481607,0.871345518007623,0.861722192789837,95.625,0.854371671026581,0.465909090909091,0.681818181818182,88
"UI_CompEpi-EpiGen","55",0.676790072745494,0.930086270354773,86.7724505928854,0.576031349842662,0.635160189197322,0.706494662350107,104.090909090909,0.590643779174642,0.534090909090909,0.738636363636364,88
"UI_CompEpi-EpiGen","56",1.17711912357031,1.091265253398,16.8583498023715,0.55092850398413,1.03802243226037,0.958236062980352,19.6704545454545,0.662752804458672,0.625,0.75,88
"UM-DeepOutbreak","01",1.09796997466519,1.51152588811952,110.818920079015,0.703531401609698,1.10096786783563,1.22157228835468,142.529217183702,0.719358779867711,0.65,0.8,100
"UM-DeepOutbreak","02",1.11614810419943,1.22665847353544,10.5741445381412,0.486831756937273,1.04018953988619,1.06307768011848,14.4873032907277,0.599352578859747,0.44,0.73,100
"UM-DeepOutbreak","04",1.06338285002858,1.45919273493626,365.867341827594,0.708244728755676,1.06472911142416,1.15194150998376,430.500921462107,0.6078358892523,0.67,0.76,100
"UM-DeepOutbreak","05",1.0923249651889,1.24207369162966,71.4217632018262,0.71467406250575,0.968867760089991,0.964221379703409,86.0055785974279,0.754813906040307,0.52,0.72,100
"UM-DeepOutbreak","06",1.0146083438142,1.59163231973288,582.993520601087,0.707259312069461,0.905768126843377,0.942754031348422,667.707895564485,0.466444179353327,0.7,0.78,100
"UM-DeepOutbreak","08",1.03804139161326,1.40999444264252,95.7840450663987,0.676881181617577,1.01125275673883,1.22473578499504,117.930187417859,0.722110811145193,0.56,0.76,100
"UM-DeepOutbreak","09",0.887654787451059,0.986653566682726,57.6789117961588,0.545086111013513,0.887421507666268,0.857441431234074,77.104050366506,0.649238223503768,0.53,0.78,100
"UM-DeepOutbreak","10",1.01902504765798,1.32372687556354,29.1734202652801,0.649337080546831,1.02269174622614,1.08937958073447,36.7926861123252,0.770817274529188,0.6,0.71,100
"UM-DeepOutbreak","11",0.987767825537962,1.09986720105014,32.846377376796,0.736741143361621,1.01744856433128,1.0879960329438,42.7433919906989,0.945875362118999,0.55,0.75,100
"UM-DeepOutbreak","12",1.02796948124451,1.83205744410638,434.746002473099,0.652040632824623,0.974685654935318,1.22872558782258,502.429254563141,0.49511783299184,0.63,0.72,100
"UM-DeepOutbreak","13",0.997334008681771,1.34689806642412,173.651800078557,0.710101851773146,0.996929322671059,1.04070425792132,216.82264497955,0.633270304543457,0.65,0.76,100
"UM-DeepOutbreak","15",1.20225246278373,1.53165259179874,16.9079467383001,0.461169972908387,1.06336354505013,1.11809726572916,20.1828553200006,0.491014441745204,0.55,0.73,100
"UM-DeepOutbreak","16",1.05476633550008,1.35714561727655,42.0495310976002,0.689568037904004,0.974374551543323,1.09372939741353,50.8979431360029,0.703370443176494,0.7,0.82,100
"UM-DeepOutbreak","17",0.898409901281066,1.38500519389461,263.996442751518,0.750413149577065,0.849056196429764,0.965840032627182,312.816362465431,0.655892092067048,0.63,0.75,100
"UM-DeepOutbreak","18",0.887211365395814,1.18092770843103,206.579175407938,0.747881843130186,0.891092083726005,1.00066296537322,259.395900083113,0.780974724410158,0.56,0.69,100
"UM-DeepOutbreak","19",0.775124491164667,0.987265754154016,52.8461507811115,0.651314638509964,0.794841706516218,0.940011846142485,67.3538914743066,0.848156746850549,0.62,0.74,100
"UM-DeepOutbreak","20",0.99576021085074,1.27946637123685,67.4763704605998,0.746560233667511,0.999139717092606,1.05332531628451,86.8881960360609,0.837389165534349,0.58,0.68,100
"UM-DeepOutbreak","21",0.942289477309648,1.19313199369853,138.221626830623,0.713344799723193,0.929241351083826,1.02807674614839,176.551873598772,0.784514693036682,0.61,0.74,100
"UM-DeepOutbreak","22",1.26838433220749,1.57126146906751,103.097155665633,0.591292283572741,1.31710895426057,1.45773218341626,136.924178132032,0.642758689067645,0.56,0.78,100
"UM-DeepOutbreak","23",0.86398126988817,0.990394335528036,28.1316736228264,0.58524586151081,0.882929585442713,0.922792131928759,37.9806703916363,0.810132356694135,0.52,0.76,100
"UM-DeepOutbreak","24",0.793891308278296,1.07008692354828,108.707662803247,0.652416193059034,0.819131830983959,0.798508662977265,140.514559312444,0.654684233818636,0.59,0.69,100
"UM-DeepOutbreak","25",0.933917991860891,1.22378981865439,184.838670904828,0.670911641817135,0.98433132778246,1.15027665772623,236.155066092648,0.724221245159158,0.52,0.61,100
"UM-DeepOutbreak","26",0.84764410136334,1.22224114120026,186.989332632769,0.630808970036969,0.796225882668943,0.897430199472809,235.152796571541,0.596810438933108,0.58,0.67,100
"UM-DeepOutbreak","27",0.828815822737802,1.27150740606535,129.889385568207,0.720315829955555,0.84652248054232,1.00830800805734,158.078807798997,0.738326084979128,0.72,0.83,100
"UM-DeepOutbreak","28",1.11628149282348,1.3177025174061,65.7138514238643,0.652096523375846,1.0272317388285,1.05727347753604,79.264530661276,0.649868117258707,0.53,0.73,100
"UM-DeepOutbreak","29",1.04748555322577,1.51557128830593,182.114678115416,0.822453924186955,1.01931775765418,1.14580347999569,221.004501834583,0.719511156890861,0.57,0.71,100
"UM-DeepOutbreak","30",1.03251639623365,1.18177502828177,26.7072051363654,0.688990380221794,1.05867770996908,1.08586651089565,36.7572147143642,1.01478239836576,0.49,0.69,100
"UM-DeepOutbreak","31",0.952759395142748,1.15013924150044,40.5869427785966,0.687482177697074,0.956648358354044,1.08516534006024,50.9834480607459,0.862492775931264,0.59,0.78,100
"UM-DeepOutbreak","32",1.02832630154403,1.40731568574768,40.8504312430467,0.513446771075725,0.827294344422559,0.899611503333133,44.362170752129,0.416476314072229,0.62,0.78,100
"UM-DeepOutbreak","33",0.856417711060586,1.03103861255221,35.036534033598,0.627802210812599,0.944881950874076,0.968989409799717,47.9424790350912,0.779165070304896,0.48,0.7,100
"UM-DeepOutbreak","34",0.913454162766686,1.13061954374718,234.710404824868,0.708774949999792,0.932680669989898,0.847243530961661,305.641438632572,0.69368065976178,0.63,0.73,100
"UM-DeepOutbreak","35",1.13064862055193,1.42748033669799,42.8166279718033,0.574317040786982,1.11911119075841,1.25210312216429,59.5270227647573,0.678837489331726,0.53,0.77,100
"UM-DeepOutbreak","36",0.93826659751065,1.23189254119903,361.030423730275,0.623802147550285,0.82777153820202,0.96789159281982,409.245333334947,0.632381640326123,0.65,0.76,100
"UM-DeepOutbreak","37",0.912678234581701,1.23319944535362,258.032911191038,0.782605910681014,0.92859645829911,1.0693921907594,325.921429172385,0.832142392615154,0.59,0.7,100
"UM-DeepOutbreak","38",0.94717492582912,1.0645899163568,12.7705417902814,0.502036132817403,0.818678441007799,0.731711186830471,15.2993744510412,0.529645031026922,0.64,0.76,100
"UM-DeepOutbreak","39",0.763571164282835,1.0010290220246,361.192078822148,0.714306861794952,0.853003848711954,0.891867414964145,497.303525080729,0.815162931968641,0.57,0.77,100
"UM-DeepOutbreak","40",0.997843885693376,1.2257878065015,108.020097804692,0.772638947207621,0.844160581371119,0.967694948293507,116.530589072323,0.711147840353238,0.61,0.67,100
"UM-DeepOutbreak","41",1.13104955619836,1.64566883979755,102.230571252305,0.813118662670076,1.0762111040118,1.36287221060032,122.971700828075,0.793031696114211,0.63,0.78,100
"UM-DeepOutbreak","42",0.888687451447916,1.37562361740641,552.926111600879,0.740088677458092,0.928678066325956,0.969025308031443,693.613451972199,0.619414393120896,0.55,0.7,100
"UM-DeepOutbreak","44",0.98708204240892,1.22066077873342,23.5222558289551,0.634089438593529,0.996455117203742,1.12384163145168,29.6246199849773,0.796391319877407,0.63,0.69,100
"UM-DeepOutbreak","45",0.886466157639763,1.19549706401655,141.417500345709,0.768108985301855,0.88266875506537,1.01046970444405,171.75929921163,0.802378233458151,0.59,0.69,100
"UM-DeepOutbreak","46",0.84765246420259,0.923228708612255,18.557343706501,0.542868417990082,0.778529646984457,0.687102416442991,22.2578762537973,0.576366324025776,0.55,0.72,100
"UM-DeepOutbreak","47",1.06987743854832,1.38567051530954,152.999807252182,0.67755767086822,0.98863473589138,1.04277190773795,182.977229240322,0.612719730772583,0.66,0.76,100
"UM-DeepOutbreak","48",0.961176171211432,1.40416050048769,521.253145847973,0.686786848508507,1.01032310366831,1.19037155043363,661.583619065344,0.59922848372544,0.61,0.7,100
"UM-DeepOutbreak","49",0.990605302482403,1.46852052634309,48.1406078945472,0.652774865113228,0.956375809069126,1.12410161880188,56.3152291652234,0.653641310192904,0.66,0.77,100
"UM-DeepOutbreak","50",0.89884815917071,1.04935476611523,12.3590225352727,0.563188370196336,0.89669754855825,1.02849863650554,15.9771501315071,0.8384238880728,0.55,0.68,100
"UM-DeepOutbreak","51",0.888284202139014,1.1904681049428,129.428819069861,0.647269809786259,0.836678927792899,0.975114519235752,157.529631571627,0.63195300852952,0.6,0.7,100
"UM-DeepOutbreak","53",0.995632312434427,1.33748757520969,97.5424298352071,0.671679555799234,0.966246616562484,1.13061985605306,125.782711244607,0.72717844801414,0.57,0.81,100
"UM-DeepOutbreak","54",0.884184936825629,1.09644777540056,74.0690189918221,0.740662525741267,0.984069663850252,1.18035829281602,102.416640798058,1.13321182328249,0.49,0.7,100
"UM-DeepOutbreak","55",0.830326923786734,1.07421152136465,125.286411835358,0.691849869193829,0.899083155419163,0.923078633724243,168.978218359106,0.802007489551226,0.54,0.68,100
"UM-DeepOutbreak","56",1.20542790435293,1.34142265333374,18.7631654134973,0.702968443209538,1.17099364145769,1.23183178367033,24.3259974968858,0.884213378467303,0.57,0.77,100
"UMass-AR2","01",0.827544052010284,0.8023351329564,85.6027836630279,0.381714336402762,0.908753887654442,0.940279225344749,119.577465861819,0.554919043366922,0.38,0.84,100
"UMass-AR2","02",0.941036454329288,0.907181950789798,9.15698762096095,0.373399327681802,0.937734025427736,0.972759996632615,13.3842984637381,0.566090899243293,0.41,0.81,100
"UMass-AR2","04",0.81580733690862,0.798192660548324,285.902001783643,0.389243347194013,0.952429836806022,1.08489852528714,385.261181852559,0.552650535159301,0.51,0.82,100
"UMass-AR2","05",0.888740456980039,0.845600674175066,59.8793537673955,0.489602825734619,0.920135834865921,0.922588331147816,81.8188878910116,0.705854063077301,0.38,0.79,100
"UMass-AR2","06",0.761278432930258,0.701328016209507,435.514262386873,0.307193938708684,0.828444306621264,0.909671712768716,586.477620872333,0.414289928482376,0.51,0.76,100
"UMass-AR2","08",0.825896762053891,0.782823208439118,78.5252178961118,0.375830579182895,0.892749625991533,0.953155317835606,108.009438099393,0.554410239958703,0.36,0.83,100
"UMass-AR2","09",0.718090360717253,0.789346459857367,48.6150440943317,0.45763655824601,0.800651999491846,0.877750677509894,72.3822550527093,0.693403112530212,0.35,0.85,100
"UMass-AR2","10",0.960197652663397,1.00504048399801,28.0117259006974,0.499689040648208,1.03477816760494,1.05510411319367,37.2695908041569,0.756305154657523,0.45,0.76,100
"UMass-AR2","11",0.817223864150258,0.897207650682902,27.6917183873536,0.603557367244359,0.900388832236008,1.0097561677174,37.2456808837324,0.856397769989585,0.36,0.68,100
"UMass-AR2","12",0.799151115404189,0.730198321157602,353.319883822126,0.27313045694017,0.91315227133701,0.920109295927116,493.675876508502,0.381862384767044,0.38,0.76,100
"UMass-AR2","13",0.881539689115518,0.856512849044785,160.465598692616,0.466052918652078,0.991302379416258,1.04982927419114,222.085752459917,0.641282701845118,0.38,0.73,100
"UMass-AR2","15",1.0889059526481,1.12675473018579,15.3622494795018,0.337079083116355,1.08622937373472,1.13949356323002,20.480556396949,0.484115040164853,0.42,0.76,100
"UMass-AR2","16",0.921933905117269,0.963464879649931,36.0073085269824,0.462807845206762,0.981263458178125,1.13522620126177,50.2671944058081,0.675918413330507,0.42,0.8,100
"UMass-AR2","17",0.635387201618101,0.675125528531052,190.789730780178,0.362397655927119,0.676484813151087,0.727611431916452,249.84866047618,0.468696702214024,0.56,0.81,100
"UMass-AR2","18",0.646643972238648,0.639781392919089,158.323207549409,0.413667766890357,0.732437181109899,0.746482567031539,219.885498957669,0.586904579710563,0.45,0.76,100
"UMass-AR2","19",0.656141140750487,0.753071574430116,46.9118834697362,0.505237117797956,0.767261463560892,0.857858143873102,68.435396908301,0.786327272714645,0.37,0.84,100
"UMass-AR2","20",0.794207010280233,0.827952889572563,55.4619067219802,0.490100691069569,0.854945183022075,0.902117866030116,75.6737354511797,0.725348351617877,0.35,0.78,100
"UMass-AR2","21",0.772824746422962,0.756859491390081,119.907419154121,0.474903148086953,0.784086962884432,0.817292512124644,158.197414384807,0.655322814505862,0.47,0.81,100
"UMass-AR2","22",0.918759419781089,0.832735546017726,76.5056806701847,0.31653475961302,0.999440246602168,1.02662376474067,108.562188740376,0.459752547447207,0.39,0.79,100
"UMass-AR2","23",0.78784202497405,0.875975738708093,26.9360438732988,0.531333714508404,0.884375051687183,0.924318864503704,39.9316121151083,0.834775849674239,0.36,0.82,100
"UMass-AR2","24",0.706327263300794,0.784593951605787,99.4649320481158,0.482506326239532,0.784011229048778,0.857666716276536,135.266272986863,0.694895996348354,0.37,0.72,100
"UMass-AR2","25",0.63201722273266,0.646263183577316,131.222687407366,0.347465825547873,0.724102396465781,0.779823243517518,183.38519063231,0.475488079595261,0.43,0.83,100
"UMass-AR2","26",0.795918291723946,0.805868962406575,176.516219686396,0.412079022925216,0.849168948253847,0.927536757989765,247.835951579957,0.591430347523097,0.4,0.73,100
"UMass-AR2","27",0.703534008582341,0.78948018190775,112.769336197644,0.465984447269588,0.816195123408836,0.922607090964209,153.825291348033,0.676369423513628,0.5,0.84,100
"UMass-AR2","28",0.876241675612905,0.81105202916761,53.1918528628505,0.418490759034644,0.943507946085548,0.946792441450566,73.5114600477983,0.595765965473082,0.37,0.79,100
"UMass-AR2","29",0.965839296306795,0.996263949948206,169.4061070051,0.538296849106221,1.03480878815445,1.1818497648857,222.425929690489,0.734529914924852,0.35,0.72,100
"UMass-AR2","30",0.895473808372571,0.979688198643732,24.0682355407694,0.573173210782595,0.964310205443608,0.946215108473799,34.7523967850743,0.877940761244926,0.34,0.78,100
"UMass-AR2","31",0.748438508263164,0.84865686909971,33.1940357222233,0.52199877712243,0.874328554159468,0.971761166848156,47.7305416329889,0.792318611675748,0.38,0.84,100
"UMass-AR2","32",0.921129651883672,0.864929438678753,36.1190553249798,0.324995692164949,0.96620726615471,0.979897948717735,50.7142173835419,0.458084869192263,0.5,0.84,100
"UMass-AR2","33",1.04507422754736,0.910915993649682,44.6070658227247,0.561916766076424,1.19361011808388,1.00837462044809,62.4569571331256,0.808942363335128,0.33,0.72,100
"UMass-AR2","34",0.71264667121531,0.959884568940664,184.92877369824,0.643437664350417,0.778086033430869,1.04202141493266,256.525007594318,0.910016209133039,0.38,0.73,100
"UMass-AR2","35",1.03723983427569,0.990085480522047,38.7558278299267,0.379232856314808,1.08630461700377,1.14104126585657,57.4144817863163,0.57983453582222,0.4,0.79,100
"UMass-AR2","36",0.669505489267453,0.604037467957318,266.224253161565,0.306865037654687,0.67510095797416,0.591759036093082,353.364009087807,0.388142847107126,0.52,0.8,100
"UMass-AR2","37",0.694695874073449,0.707272721416304,207.524220953126,0.461520027104647,0.7683576388846,0.777719133521529,280.478146801503,0.611255875645187,0.44,0.75,100
"UMass-AR2","38",0.866268825955706,0.929523359001384,12.0656138007344,0.466321872535536,0.904308834726607,0.928822071732944,17.2139917221539,0.708111475101823,0.42,0.83,100
"UMass-AR2","39",0.776939229220681,0.839764424002991,379.59391861086,0.62478566773423,0.94260662351001,0.997931848401388,550.842337448555,0.924811871293515,0.26,0.69,100
"UMass-AR2","40",0.827053098606442,0.809609848595916,93.1152817506187,0.512837165672051,0.882868313122704,0.936269745146762,123.005729487501,0.680394388838112,0.51,0.82,100
"UMass-AR2","41",0.924391142241464,0.957444004915276,85.0485157420533,0.46423552535894,0.957907609325925,1.08443251124061,111.5013140426,0.603527249646547,0.5,0.75,100
"UMass-AR2","42",0.646748347466634,0.693229321359893,420.69455764276,0.388913672652756,0.755540019875415,0.83302796507225,575.4474798872,0.532097141747842,0.39,0.78,100
"UMass-AR2","44",0.904654718218222,0.960359246791668,22.4756155859491,0.517998864083039,1.013435101436,1.0463503454089,31.1432496300965,0.763422993947438,0.34,0.73,100
"UMass-AR2","45",0.758833223218749,0.7466834454083,128.106564950274,0.500599801899783,0.852148792319015,0.857721527404353,172.840043404737,0.701582297097664,0.4,0.7,100
"UMass-AR2","46",0.802238115376279,0.850356916077704,18.2203316888224,0.518872003587716,0.901218985894648,0.912638428324927,25.9600305075429,0.781648367462439,0.38,0.8,100
"UMass-AR2","47",0.865399939707484,0.796718986726016,127.374699374807,0.402323233721426,0.933264625356477,0.982152011258758,174.69842291039,0.573067022901871,0.39,0.78,100
"UMass-AR2","48",0.764946536643272,0.66487769513451,424.127130768936,0.327085995414907,0.865562273637504,0.888870462723333,575.240754271849,0.442185972762282,0.45,0.76,100
"UMass-AR2","49",0.849874436148815,0.855101764112965,42.9795026210197,0.398178922925146,0.912490539519367,0.92012346674663,55.6539204794931,0.545058755216416,0.46,0.78,100
"UMass-AR2","50",0.853661411841379,0.954600367237432,12.0153866353536,0.511542559910019,0.937825920755272,0.989154213940754,17.2904906826073,0.80953482590776,0.36,0.77,100
"UMass-AR2","51",0.785363702486512,0.764160759980999,118.115269288523,0.424577130157027,0.851465962260989,0.936168728037312,163.908531859769,0.608340410165031,0.37,0.76,100
"UMass-AR2","53",0.740619603258999,0.732498732728254,74.0424062207729,0.374782447609504,0.782166682664228,0.808764574286993,103.602577035748,0.524654534106917,0.53,0.85,100
"UMass-AR2","54",0.679738890415339,0.781586839523087,58.9067670087053,0.534988288081318,0.794999754630363,0.879638617074039,86.0814591698546,0.860736326507146,0.35,0.81,100
"UMass-AR2","55",0.54031590314815,0.654132975934148,84.8642684318479,0.425832544888648,0.613704481982151,0.740057621700863,117.789228852705,0.640153522632243,0.48,0.82,100
"UMass-AR2","56",0.945771436203553,0.933502323165794,14.9882532546249,0.490329838921932,0.963053167794439,0.953987873906935,20.504060772603,0.696108915360394,0.48,0.81,100
"UMass-flusion","01",0.695017280309651,0.675442860710936,72.2136232129495,0.315818652763423,0.765654328141193,0.824886294495475,100.859206151032,0.477375755247421,0.33,0.87,100
"UMass-flusion","02",0.934924623229322,1.00173942696412,8.78162151652808,0.396408669540452,0.99116797647491,1.16323438189128,13.7390664948983,0.651894333074626,0.3,0.92,100
"UMass-flusion","04",0.731306645421793,0.711984434167727,262.689848221919,0.349127396696451,0.828984573409495,1.01087302442675,340.620714841309,0.511402260309316,0.37,0.8,100
"UMass-flusion","05",0.689684166623389,0.633262969327341,46.1094348116762,0.357092507872683,0.756492283278869,0.779120089202028,66.3530362435029,0.577702971997918,0.4,0.86,100
"UMass-flusion","06",0.740054129748278,0.575355653593688,440.165431065449,0.259108785009291,0.847339011527337,0.813376062547507,619.373401572014,0.378912908319684,0.33,0.82,100
"UMass-flusion","08",0.707832087121769,0.604481739530743,68.4984854438558,0.288423052795876,0.745461398114563,0.713668136770243,92.5343585160767,0.413213458535783,0.46,0.83,100
"UMass-flusion","09",0.589621411666112,0.59414906684974,40.456843591851,0.341379413879088,0.656491162815653,0.662712307459404,60.3261888025483,0.519928499440908,0.38,0.9,100
"UMass-flusion","10",0.916345760542475,0.900566985909006,26.4917766320952,0.43570016233506,1.01041731668625,0.949501356673105,36.2586051457646,0.666428921890219,0.44,0.77,100
"UMass-flusion","11",0.697192370393276,0.76851461955557,23.8199571369052,0.512953159683948,0.803454711537808,0.931568803497306,33.3996692076296,0.782503170952378,0.33,0.77,100
"UMass-flusion","12",0.680278437562496,0.600418871880317,296.62000019551,0.216865776634924,0.822287125199471,0.842741489771024,432.041699745602,0.333137025226286,0.29,0.82,100
"UMass-flusion","13",0.696376292122978,0.614063261591211,128.421430487161,0.331729866889835,0.798780865227815,0.776057106907087,181.779082663708,0.466411725304289,0.38,0.83,100
"UMass-flusion","15",0.889884547651653,0.951277883701997,12.1954787054931,0.272306388128476,0.989946160249935,1.02277437312144,18.5291098198814,0.422895089971887,0.42,0.93,100
"UMass-flusion","16",0.798559796838875,0.897282343352821,30.9155033652899,0.422858761501103,0.860620339771882,1.12554448429904,43.7991442929055,0.656935964505176,0.27,0.78,100
"UMass-flusion","17",0.633526917641787,0.58136586391422,193.917949611591,0.316467859217143,0.698019599158214,0.683639161025874,261.3063018086,0.441187723344867,0.42,0.8,100
"UMass-flusion","18",0.621031020650086,0.533427317491104,155.226507887344,0.347487511867697,0.699080534525064,0.635423482748313,212.604665463858,0.497242599800463,0.43,0.78,100
"UMass-flusion","19",0.514141553467547,0.545731301185024,37.5241072134563,0.36595137810809,0.599447504693267,0.615514287890154,54.4303748144485,0.563827654857858,0.47,0.85,100
"UMass-flusion","20",0.686858236783081,0.668204683356427,48.6940119644777,0.3887787388097,0.728985625609804,0.724717043477062,65.3651623976256,0.572985930274189,0.4,0.8,100
"UMass-flusion","21",0.730849662936353,0.670769606848727,114.126549041139,0.413799567705232,0.731879814926697,0.77092388241088,146.09788206205,0.599528394819659,0.39,0.8,100
"UMass-flusion","22",0.800590056971435,0.685468565404983,66.6531132234554,0.254758440616728,0.891325832493504,0.868767640322836,96.2348304786302,0.377349419922015,0.42,0.83,100
"UMass-flusion","23",0.585032206643146,0.578713004333277,20.5696081892383,0.352877438330037,0.648667098998921,0.567123820040955,30.3850515340475,0.517193589430264,0.52,0.88,100
"UMass-flusion","24",0.584836497546248,0.601203055725218,81.5920440488333,0.362510395903298,0.657199237435956,0.667787341921547,113.147690463075,0.53321290727006,0.34,0.75,100
"UMass-flusion","25",0.567867231270354,0.490937684299749,119.895761915955,0.265526698331417,0.682312425443133,0.656241153103006,175.094788647891,0.402205449890785,0.36,0.83,100
"UMass-flusion","26",0.675986038516954,0.588038911878254,152.822902597287,0.29932888981013,0.733618239718401,0.694513847733946,219.78125450385,0.441821309061329,0.38,0.76,100
"UMass-flusion","27",0.601860702782371,0.589816797552434,98.5332583687246,0.346777003463008,0.709718913019175,0.666582903730488,137.630534176054,0.488159559663354,0.43,0.84,100
"UMass-flusion","28",0.718082993974468,0.613150653825681,43.4791569781596,0.310052709439457,0.808078588290165,0.748531318955318,62.7263126174898,0.46044491224028,0.4,0.85,100
"UMass-flusion","29",0.879822983354468,0.804501750540983,154.34326757363,0.435361957952058,0.955866158861042,1.02426159495983,204.44831624212,0.633027266521994,0.25,0.73,100
"UMass-flusion","30",0.731241800939505,0.806132258574425,19.8145635027526,0.461413056771511,0.76052827538384,0.774152620013903,27.686467030523,0.704247982018404,0.42,0.78,100
"UMass-flusion","31",0.640916766176689,0.669477897863438,28.7919190964135,0.405433666431213,0.728585097476792,0.74738258010396,40.3602625550633,0.598316912264536,0.39,0.84,100
"UMass-flusion","32",0.775111729654494,0.680519939863138,30.5850408075162,0.25243702590097,0.823394438343837,0.8019780394164,43.4461274170567,0.369332713059646,0.47,0.84,100
"UMass-flusion","33",0.82201578625109,0.747299036190269,35.3809192273029,0.45492808287289,0.942146652381001,0.827903971173142,49.6854255246201,0.654974776012304,0.42,0.73,100
"UMass-flusion","34",0.574883707706013,0.606648492165889,152.422831460869,0.404500857509973,0.633763335931448,0.652864659834579,213.866440787923,0.557928501987982,0.4,0.81,100
"UMass-flusion","35",0.905114605160063,0.883859820754767,33.5459027709723,0.332180016395879,0.959405334873068,1.03991541248002,50.5536521183594,0.520036779491299,0.33,0.82,100
"UMass-flusion","36",0.586264161436208,0.457876385155708,241.026116528842,0.241694780864056,0.615084531182959,0.494818017097403,325.51852744784,0.329733126921678,0.49,0.84,100
"UMass-flusion","37",0.568934251629444,0.540459133972309,173.657487254178,0.354338896081197,0.643092923430251,0.620180428746667,240.579634545489,0.486596322265192,0.45,0.77,100
"UMass-flusion","38",0.661802323724221,0.699816750181832,9.19631850828504,0.346607623752553,0.727303279448091,0.68991592851162,13.9373656248762,0.520725082665145,0.51,0.93,100
"UMass-flusion","39",0.550284522102643,0.52851471322236,277.064550694838,0.373527347536374,0.647280504057574,0.558786572754981,397.277357795642,0.505587063137115,0.46875,0.822916666666667,96
"UMass-flusion","40",0.686980421850101,0.59032951213694,77.8271507874443,0.370609611415663,0.780531157348464,0.79060980923455,108.981342964569,0.565120147276983,0.42,0.84,100
"UMass-flusion","41",0.824943109042743,0.783901171341331,76.822718071311,0.378396152849838,0.873275286437408,0.951736335051006,101.752254983016,0.520548534069136,0.46,0.81,100
"UMass-flusion","42",0.583041764178736,0.61525644676807,376.588950454419,0.340611053702611,0.664691358059042,0.747340769906068,499.359991132829,0.469234972113303,0.35,0.74,100
"UMass-flusion","44",0.708088358821389,0.753551560952754,17.297100267947,0.393998118596704,0.825646616043578,0.86676046473938,24.9257243658239,0.611744787412512,0.43,0.8,100
"UMass-flusion","45",0.580978833778749,0.551637188312587,99.5432788217234,0.369781036886713,0.674573602288024,0.659854047424336,137.990227631608,0.53331913369031,0.36,0.77,100
"UMass-flusion","46",0.621689587389945,0.670791058625434,14.0467587942024,0.402628292141564,0.765105709912238,0.776705544572911,21.8960698745533,0.651289204446824,0.38,0.91,100
"UMass-flusion","47",0.734404912582817,0.619769207328752,110.038856499229,0.311661948838085,0.772906358870151,0.748474566828684,147.495849509326,0.433998182242263,0.48,0.81,100
"UMass-flusion","48",0.624001879019313,0.478334064664628,351.987555887793,0.237167803797885,0.722610744271541,0.683165330453634,487.564632476973,0.340374169470236,0.38,0.76,100
"UMass-flusion","49",0.711337399892886,0.713315075539364,36.1468423218758,0.320835408005504,0.78287832445375,0.781431212009744,48.0707704309399,0.447469460811877,0.45,0.81,100
"UMass-flusion","50",0.645200285104374,0.709441363888929,9.09392778028118,0.377306953388397,0.732431149927706,0.731259303526957,13.6033347484674,0.595004796257818,0.4,0.86,100
"UMass-flusion","51",0.627955811714971,0.54780659426619,95.7401144397123,0.300603274453834,0.700555243774734,0.709483315352032,136.754943971153,0.452673506810848,0.37,0.82,100
"UMass-flusion","53",0.711830509076763,0.603767601731135,72.897577896752,0.308980876716905,0.751947422675372,0.663493552403074,101.916508630727,0.429839114324893,0.44,0.84,100
"UMass-flusion","54",0.576694623422169,0.577309100014755,51.349842602489,0.391409408944626,0.645718259754105,0.610579222991397,71.5376193660735,0.595000872950231,0.34,0.84,100
"UMass-flusion","55",0.50818671314549,0.562233632286176,80.3413355865585,0.363386430823752,0.606762355075273,0.65294597297779,116.802691780805,0.5559406715648,0.32,0.8,100
"UMass-flusion","56",0.889222178284114,0.810278712569052,14.0330652975456,0.419360899263671,0.950612504455275,0.905653658468547,20.2278472770551,0.648649216950205,0.46,0.91,100
"UMass-trends_ensemble","01",0.990127334371349,0.920409343226235,98.4800752508361,0.427901020590181,1.04764958884639,0.937359758871024,132.677884615385,0.539152268801934,0.346153846153846,0.663461538461538,104
"UMass-trends_ensemble","02",1.11531116582812,1.16628000829155,10.2803490802676,0.460362967443424,1.04887633320048,1.13606629583112,14.2692307692308,0.635270472191025,0.288461538461538,0.634615384615385,104
"UMass-trends_ensemble","04",0.928735027221228,0.791622368589767,310.682019230769,0.375627996711068,1.04150056392264,1.00115231326061,399.831730769231,0.494324071091272,0.355769230769231,0.673076923076923,104
"UMass-trends_ensemble","05",0.889222542242399,1.03515357602019,57.6228553511706,0.591953245541656,0.910030466879115,1.00139472590545,77.6923076923077,0.749128090354558,0.403846153846154,0.605769230769231,104
"UMass-trends_ensemble","06",0.73925941548844,0.61819503549989,423.501810200669,0.275791076802574,0.776431292002212,0.733176327686773,549.225961538462,0.338076770551539,0.538461538461538,0.730769230769231,104
"UMass-trends_ensemble","08",0.927097654117737,0.794315907990661,86.9190739966555,0.38396341134159,0.967648538854855,0.856912807363165,114.875,0.500698928138415,0.413461538461538,0.730769230769231,104
"UMass-trends_ensemble","09",0.892027805074571,0.902994782370868,60.3047282608696,0.529234414070753,0.884560818836852,0.84320419113614,79.8461538461538,0.674532825065703,0.432692307692308,0.692307692307692,104
"UMass-trends_ensemble","10",0.879265851547544,0.905912306608639,24.9985660535117,0.445615152056052,0.947700936737363,0.848948619166098,33.4230769230769,0.606900903021605,0.480769230769231,0.75,104
"UMass-trends_ensemble","11",0.86507486996456,0.951417972165016,29.0350334448161,0.639338757486546,1.01780918587288,1.04181304835597,41.4951923076923,0.88254976254189,0.336538461538462,0.701923076923077,104
"UMass-trends_ensemble","12",0.734651777579799,0.713918309357816,310.508047658863,0.257579580804781,0.806885430702362,0.858684880077462,411.802884615385,0.339565576419734,0.403846153846154,0.692307692307692,104
"UMass-trends_ensemble","13",0.871268570167596,0.859646087607077,155.828469899666,0.46829224368078,0.892703513536111,0.87794524587645,193.615384615385,0.529115771619616,0.451923076923077,0.701923076923077,104
"UMass-trends_ensemble","15",0.879182191953018,0.897340207019551,11.9045965719064,0.265110807787154,0.880217767632573,0.884525840544113,16.2019230769231,0.378427242412723,0.326923076923077,0.673076923076923,104
"UMass-trends_ensemble","16",1.09154369531266,1.07511339897622,41.7349331103679,0.513280050772023,1.10627358966798,1.18135888941127,54.6682692307692,0.697215355788485,0.355769230769231,0.673076923076923,104
"UMass-trends_ensemble","17",0.746895813056982,0.757242733201624,221.972993311037,0.412131224273664,0.800766065927613,0.742991947271167,295.067307692308,0.484947212696609,0.528846153846154,0.75,104
"UMass-trends_ensemble","18",0.801308807361528,0.752366990154421,197.544912207358,0.496194944834724,0.888877675022407,0.717294111741212,267.951923076923,0.575164922291202,0.471153846153846,0.673076923076923,104
"UMass-trends_ensemble","19",0.769873469096011,0.860000311318799,55.1523327759197,0.596640838297189,0.87463543255294,0.839996066473312,77.3365384615385,0.786014625929469,0.394230769230769,0.663461538461538,104
"UMass-trends_ensemble","20",0.869780881423624,0.887122560081125,59.9311329431438,0.521070863455214,0.94937940390865,0.87430786237738,82.5528846153846,0.695461253753106,0.394230769230769,0.653846153846154,104
"UMass-trends_ensemble","21",0.911603196464572,0.93501686703708,136.788413461538,0.578315706980588,0.961611600285845,0.925837885896138,185.475961538462,0.724862244237966,0.346153846153846,0.673076923076923,104
"UMass-trends_ensemble","22",0.987199783805876,0.880123852316645,78.1555058528428,0.328693179638564,1.05438851347747,1.00663677642191,108.259615384615,0.439824962414041,0.365384615384615,0.682692307692308,104
"UMass-trends_ensemble","23",0.893872471641559,0.888589887497523,30.9353239966555,0.561243800996141,0.888511513098564,0.797719648119332,40.4278846153846,0.751757826041181,0.490384615384615,0.644230769230769,104
"UMass-trends_ensemble","24",0.840236911263473,0.885033868226085,116.646724498328,0.542178894048162,0.873814556809831,0.811429649851061,149.706730769231,0.653640848188744,0.423076923076923,0.605769230769231,104
"UMass-trends_ensemble","25",0.762413813338546,0.759663316574572,158.746404682274,0.420900112743877,0.829447989088786,0.765253587554224,212.913461538462,0.487662512145615,0.384615384615385,0.692307692307692,104
"UMass-trends_ensemble","26",0.818515386748671,0.803406498881022,184.882347408027,0.42307947458145,0.849139333079571,0.76288457945576,250.9375,0.497661718775742,0.442307692307692,0.673076923076923,104
"UMass-trends_ensemble","27",0.922714747586573,0.807310428807813,145.203258779264,0.469576683231636,0.988461865402479,0.803281573094699,183.956730769231,0.584784520254908,0.471153846153846,0.625,104
"UMass-trends_ensemble","28",0.945253658128832,0.953998215099519,55.1200710702341,0.480665861877692,0.987978514868325,0.981723334016825,73.1057692307692,0.594933232869575,0.384615384615385,0.673076923076923,104
"UMass-trends_ensemble","29",0.927579278358837,1.0820237538961,158.745142140468,0.589094678190014,0.97373577224695,1.04122447866437,205.067307692308,0.649042333787057,0.355769230769231,0.663461538461538,104
"UMass-trends_ensemble","30",0.876355211235865,0.94427676766899,23.2835974080268,0.566073920912984,0.884413215392521,0.87545110156214,31.2980769230769,0.838298279797772,0.432692307692308,0.711538461538462,104
"UMass-trends_ensemble","31",0.830398389832724,0.876235273655082,36.6135137959866,0.538344980419837,0.900257074513441,0.857466357751692,48.8605769230769,0.698467612688241,0.490384615384615,0.730769230769231,104
"UMass-trends_ensemble","32",1.05372408890886,0.890627323758856,40.0436245819398,0.327687432741819,1.01210196358653,0.949724210429579,50.8269230769231,0.429254083181356,0.432692307692308,0.673076923076923,104
"UMass-trends_ensemble","33",0.842734479113623,0.864033597713473,35.1544460702341,0.531205890719089,0.932491277480624,0.858752421280924,47.1923076923077,0.690164966361167,0.403846153846154,0.673076923076923,104
"UMass-trends_ensemble","34",0.803851940380495,0.797869154755897,211.234640468227,0.52856366222974,0.845681671316313,0.828174579431069,278.418269230769,0.710467019407004,0.432692307692308,0.692307692307692,104
"UMass-trends_ensemble","35",0.991632970949215,0.983409489284526,36.5091534280936,0.387892655994551,0.986614781946941,0.994670616950633,50.8701923076923,0.52236511735194,0.375,0.692307692307692,104
"UMass-trends_ensemble","36",0.69498492648044,0.641457221445886,279.335384615385,0.339948880734325,0.693207516711382,0.624321282572105,359.379807692308,0.420270906391117,0.634615384615385,0.75,104
"UMass-trends_ensemble","37",0.791184379201256,0.779115467867118,232.223764632107,0.509829488474416,0.882144452626929,0.800236983109039,311.235576923077,0.618363795787473,0.423076923076923,0.653846153846154,104
"UMass-trends_ensemble","38",0.925022065389822,0.956440635435337,12.6997136287625,0.474002798133812,0.935607189122637,0.875544016470484,17.5,0.658835541220256,0.471153846153846,0.75,104
"UMass-trends_ensemble","39",0.757339627759277,0.811975856109568,379.823200250836,0.616402520356937,0.869070809567228,0.724759216900723,521.793269230769,0.696562108713183,0.432692307692308,0.653846153846154,104
"UMass-trends_ensemble","40",0.87163046123507,0.959388642838367,96.8883193979933,0.614277631140366,0.944087330650304,0.989797739586571,129.572115384615,0.722223182389005,0.432692307692308,0.653846153846154,104
"UMass-trends_ensemble","41",1.06405574788321,0.982126394598999,97.0982462374582,0.47541964798134,1.04242356926836,0.962586695922257,118.576923076923,0.526956941532445,0.451923076923077,0.663461538461538,104
"UMass-trends_ensemble","42",0.761524865059713,0.806621909970081,491.109028010033,0.45160167822116,0.847575451438011,0.829500247139462,643.639423076923,0.530568240179514,0.461538461538462,0.615384615384615,104
"UMass-trends_ensemble","44",0.804269749061699,0.865709549749757,19.4324686454849,0.458885911916758,0.913497282999219,0.852712206844154,27.2932692307692,0.614087225695665,0.451923076923077,0.692307692307692,104
"UMass-trends_ensemble","45",0.815807785586253,0.806550756403342,135.68099916388,0.539415099044055,0.918441690003583,0.848861430847043,180.855769230769,0.683689951713311,0.394230769230769,0.644230769230769,104
"UMass-trends_ensemble","46",0.949827946742595,0.975962436431529,21.3789548494983,0.590251682683775,1.02142284804824,0.953123881266534,28.9423076923077,0.813577618394319,0.423076923076923,0.586538461538462,104
"UMass-trends_ensemble","47",0.951626339393345,0.864269955437021,134.965570652174,0.431168037605633,1.00790876295512,0.94923228976748,180.668269230769,0.547447357634518,0.432692307692308,0.730769230769231,104
"UMass-trends_ensemble","48",0.796374631416686,0.656791516759368,442.362150919732,0.331867748808898,0.87643021452181,0.799903163666623,578.552884615385,0.401580619267898,0.519230769230769,0.663461538461538,104
"UMass-trends_ensemble","49",0.945116900279474,0.816516291171533,45.3872282608696,0.361916167785632,1.03161325382883,0.833338104791745,59.9278846153846,0.470991317321455,0.403846153846154,0.653846153846154,104
"UMass-trends_ensemble","50",0.88494433657371,0.884428295241955,12.3254222408027,0.478011307892146,0.950954342496731,0.88842663619458,17.5048076923077,0.745554633462828,0.480769230769231,0.75,104
"UMass-trends_ensemble","51",0.822037660038232,0.819730928870152,122.866741220736,0.458271384713939,0.886913083660131,0.861782307422132,168.533653846154,0.558387113040709,0.423076923076923,0.692307692307692,104
"UMass-trends_ensemble","53",1.00344256767406,0.868223773605104,99.3617203177258,0.443889215021623,0.974757811000149,0.829792654229931,127.884615384615,0.536474127548341,0.384615384615385,0.625,104
"UMass-trends_ensemble","54",0.852243950894379,0.841554713442432,75.3303365384615,0.581874766583197,0.944753599962824,0.809797622285141,103.427884615385,0.801043909833152,0.403846153846154,0.625,104
"UMass-trends_ensemble","55",0.767799715845394,0.814918026053381,120.168925585284,0.535243233875365,0.856127968646349,0.761049284953446,163.076923076923,0.664987365733033,0.403846153846154,0.586538461538462,104
"UMass-trends_ensemble","56",0.989666368485055,0.95006289475111,15.1510765050167,0.494509172222153,1.02549642880165,1.00303804324519,21.0288461538462,0.724310130018781,0.576923076923077,0.788461538461538,104
"UNC_IDD-InfluPaint","01",0.805678181401117,1.01443967473017,68.5239519923372,0.440780439687825,0.819820322371614,1.08850346905348,90.2810985786235,0.578815053349125,0.0833333333333333,0.404761904761905,84
"UNC_IDD-InfluPaint","02",1.04892793254305,1.28245614821224,8.86842036459453,0.493267245116055,0.991710896298776,1.23600932050424,12.4709189324854,0.662927235943853,0.142857142857143,0.630952380952381,84
"UNC_IDD-InfluPaint","04",0.967032029172562,1.23089705615703,237.867956732923,0.550655845726576,1.10340397092802,1.75722577627082,299.75764995399,0.799101039590253,0.154761904761905,0.55952380952381,84
"UNC_IDD-InfluPaint","05",0.915523038871622,0.919316614025424,60.5691844871491,0.517914607361147,0.962191975881959,0.947573124185382,83.6876533885011,0.695201252657129,0.107142857142857,0.5,84
"UNC_IDD-InfluPaint","06",0.828107509704422,1.16167939782868,372.468317802009,0.472818244319686,0.926870138940435,1.55866776103789,521.78503357583,0.650517451032997,0.166666666666667,0.392857142857143,84
"UNC_IDD-InfluPaint","08",0.86268987815316,0.902292866093392,70.8942656567759,0.394625550764583,0.874111262474505,1.01587103089823,91.9596063087326,0.538058498490945,0.142857142857143,0.547619047619048,84
"UNC_IDD-InfluPaint","09",0.530029085222679,0.579569761336183,33.505832195598,0.314125063564669,0.580800637588032,0.625902343997546,49.6503126277943,0.462719805726942,0.166666666666667,0.619047619047619,84
"UNC_IDD-InfluPaint","10",0.851686451955307,0.921387397554793,22.8299024777302,0.444894868647737,0.90066302306617,0.808079358331263,30.2054488197304,0.570504090384254,0.0833333333333333,0.345238095238095,84
"UNC_IDD-InfluPaint","11",0.842746526163399,0.779636473919651,26.4296912816169,0.489236844008209,0.876544329617052,0.779939405175829,33.8664898466079,0.617644631890508,0.119047619047619,0.428571428571429,84
"UNC_IDD-InfluPaint","12",0.868236897563864,1.48625783905305,307.040827872418,0.516705360211332,0.885220715445538,1.61918451077324,382.740678995822,0.613240480027176,0.0595238095238095,0.261904761904762,84
"UNC_IDD-InfluPaint","13",0.81721158588537,0.986110170586092,126.478241051457,0.494697836631888,0.792728203078108,1.07581210101395,152.045076342842,0.595795378544228,0.0595238095238095,0.25,84
"UNC_IDD-InfluPaint","15",1.15284345820325,1.58607876466018,13.417239159536,0.413299021763132,1.2103653600171,1.63227926439858,19.3164443236393,0.612646539860209,0.130952380952381,0.714285714285714,84
"UNC_IDD-InfluPaint","16",1.02499256824242,1.13020416182726,30.3518867522268,0.491507924812162,0.987747249985725,1.16841687874347,39.7727353255955,0.639709661679032,0.130952380952381,0.452380952380952,84
"UNC_IDD-InfluPaint","17",0.701313746476583,0.73918030525072,186.667468907233,0.371040442894065,0.71181891532597,0.819235661185135,234.292430841291,0.487803653393771,0.142857142857143,0.404761904761905,84
"UNC_IDD-InfluPaint","18",0.693700069423279,0.719614774758919,169.305019159904,0.437478723949069,0.722238503811739,0.802347386289186,214.387520011246,0.57458212548652,0.0714285714285714,0.404761904761905,84
"UNC_IDD-InfluPaint","19",0.487085924177044,0.56832573733566,34.0023408474248,0.353507722014434,0.532716783008812,0.529784098068967,46.6974619155148,0.4532668063243,0.178571428571429,0.5,84
"UNC_IDD-InfluPaint","20",0.835595106872004,0.837670125403615,55.9589100903,0.463567661362306,0.862727478616079,0.797175950951099,73.6100096364217,0.599066487306306,0.119047619047619,0.523809523809524,84
"UNC_IDD-InfluPaint","21",0.967168656407363,1.14998288254393,141.997121493882,0.676267610671597,0.86832658247225,1.0462256640438,163.523104091671,0.77262144865801,0.0595238095238095,0.321428571428571,84
"UNC_IDD-InfluPaint","22",1.07114860196166,1.35292189872228,73.3081013506587,0.482115302633003,1.06977675581021,1.49456063133473,96.4074322871417,0.620730758316096,0.0476190476190476,0.345238095238095,84
"UNC_IDD-InfluPaint","23",0.524014523311299,0.674042497220614,18.2329244099952,0.398687274157183,0.53532979056585,0.590105453715855,24.7503386878203,0.526435062461729,0.107142857142857,0.511904761904762,84
"UNC_IDD-InfluPaint","24",0.632255589538303,0.807479455518649,79.5014136322437,0.451619992768787,0.651830961811497,0.785941285122716,102.532292917469,0.579384922307195,0.0833333333333333,0.333333333333333,84
"UNC_IDD-InfluPaint","25",0.615872084907806,0.715190811541219,118.601500924425,0.368476681189787,0.651056840334011,0.808275808916072,154.35059837218,0.473517247152538,0.130952380952381,0.44047619047619,84
"UNC_IDD-InfluPaint","26",0.701308293239992,0.689377082860872,157.161265813562,0.335598860041922,0.700343627793448,0.763187639831457,207.314880710565,0.457207352963947,0.107142857142857,0.464285714285714,84
"UNC_IDD-InfluPaint","27",0.539293876031201,0.615727352182051,70.025056237402,0.335855094457038,0.623107242394068,0.657520155090747,95.0269378767544,0.444964209938357,0.130952380952381,0.583333333333333,84
"UNC_IDD-InfluPaint","28",0.81689855631835,1.0498819915338,44.3275964297833,0.510343409397427,0.89283379830336,1.14142592948789,63.1587318482043,0.671658776051076,0.107142857142857,0.5,84
"UNC_IDD-InfluPaint","29",1.01745258118335,1.35592492361848,175.280724477539,0.740255824543796,1.00402179661298,1.45155209812587,212.999881810611,0.902964420091954,0.0833333333333333,0.30952380952381,84
"UNC_IDD-InfluPaint","30",0.633761527414894,0.760746693776598,17.8573503878926,0.45860657483251,0.665072745624816,0.633363257535107,25.2315585676153,0.613938166133808,0.130952380952381,0.69047619047619,84
"UNC_IDD-InfluPaint","31",0.649479195352028,0.677208037307497,28.1360828533057,0.395775101811477,0.685147950658424,0.666610940463623,36.5746332535616,0.512689727785398,0.130952380952381,0.55952380952381,84
"UNC_IDD-InfluPaint","32",0.981120058629037,1.25406260304473,29.1493870005414,0.437694139368337,0.953015786281783,1.32612435956088,37.8797610235676,0.56591197494414,0.119047619047619,0.464285714285714,84
"UNC_IDD-InfluPaint","33",0.596567860048977,0.597630444627291,18.9780981883061,0.327449823257392,0.712504757471625,0.631170548212926,28.3771439833268,0.460522932546442,0.142857142857143,0.55952380952381,84
"UNC_IDD-InfluPaint","34",0.510022235991992,0.628499837366296,114.420934826703,0.370457491559524,0.570729003033714,0.657452454792116,163.129829710583,0.485460431619155,0.202380952380952,0.595238095238095,84
"UNC_IDD-InfluPaint","35",0.906186004418412,0.973029196550697,29.7969554865077,0.368086847410564,0.834136976340416,0.960604848811895,39.0450986784984,0.483984029559806,0.142857142857143,0.547619047619048,84
"UNC_IDD-InfluPaint","36",0.673861765782284,0.618129007049336,227.898689137995,0.289509587768243,0.70057322670612,0.706943648539469,304.674174020946,0.410961839389269,0.25,0.642857142857143,84
"UNC_IDD-InfluPaint","37",0.691708832090718,0.733660360694857,186.611510623829,0.439364404659081,0.707372646144752,0.796053471411964,232.751022153085,0.556437936647183,0.0833333333333333,0.357142857142857,84
"UNC_IDD-InfluPaint","38",1.03299389265917,0.981756037167266,13.3303071766979,0.453936135753127,1.05157290944837,0.880802652421064,18.6739290978838,0.616156621192121,0.142857142857143,0.583333333333333,84
"UNC_IDD-InfluPaint","39",0.449951904148239,0.405262894091407,231.213267698999,0.285633432756703,0.505653385561703,0.438737549606928,313.070959805475,0.383299616074212,0.119047619047619,0.476190476190476,84
"UNC_IDD-InfluPaint","40",0.778084794930553,0.878056963792297,81.6009789258357,0.559239519211867,0.810782774315778,0.991296435232591,104.771217029795,0.714854228938483,0.107142857142857,0.380952380952381,84
"UNC_IDD-InfluPaint","41",0.968067691118844,1.14207994472754,70.7993457239986,0.476163578720393,1.02734447084167,1.33789773114352,95.7046756484866,0.631624862925274,0.0833333333333333,0.380952380952381,84
"UNC_IDD-InfluPaint","42",0.642537206929806,0.878748011206117,366.089977100824,0.448546418248658,0.67039454149394,0.973150992313502,456.635170923947,0.566074609048673,0.0952380952380952,0.273809523809524,84
"UNC_IDD-InfluPaint","44",0.52715341347069,0.599442111889643,11.5529560902021,0.27379783721513,0.622598811196676,0.637259231394417,17.1880475789971,0.394459770988764,0.178571428571429,0.69047619047619,84
"UNC_IDD-InfluPaint","45",0.664134856451918,0.785065407559421,103.563598899439,0.47420881211212,0.670757344074884,0.804084232134906,126.01244952367,0.582226607758734,0.202380952380952,0.452380952380952,84
"UNC_IDD-InfluPaint","46",0.863281495423099,1.12195502049671,18.7626155042306,0.635592654183248,0.940144811524627,1.0255850546539,26.2918670313795,0.814382987177278,0.0833333333333333,0.369047619047619,84
"UNC_IDD-InfluPaint","47",0.844263324785306,0.922023776995405,103.108771385519,0.418659022853267,0.890602980011751,1.06038656604211,140.260907126545,0.555657689523922,0.142857142857143,0.44047619047619,84
"UNC_IDD-InfluPaint","48",0.828239369098815,1.00175007692321,413.845754250799,0.492632723286018,0.852580292437316,1.32688112082848,504.007393148566,0.64317733072302,0.0476190476190476,0.30952380952381,84
"UNC_IDD-InfluPaint","49",0.706261102899787,0.864919107872623,24.5216638380827,0.308576592352225,0.843815100574337,1.00772975170223,36.4502986534181,0.464076689654344,0.178571428571429,0.726190476190476,84
"UNC_IDD-InfluPaint","50",0.750972322254445,0.724026678050158,10.9240286604103,0.371629992341923,0.792387559860586,0.659038495007081,15.1871587007609,0.518727915236038,0.166666666666667,0.511904761904762,84
"UNC_IDD-InfluPaint","51",0.818345617334869,0.756916682975822,116.774675373078,0.392101933369274,0.796977034660165,0.852397851012227,145.999703025175,0.509867361146261,0.0952380952380952,0.428571428571429,84
"UNC_IDD-InfluPaint","53",1.13125234208619,1.01681078062035,100.767949601055,0.471663791086428,1.08394379827289,1.06285789583217,129.37656525545,0.620852400073958,0.0595238095238095,0.476190476190476,84
"UNC_IDD-InfluPaint","54",0.579318247464389,0.534527896053893,56.8318428395073,0.350264870783906,0.559907577747346,0.477750344670646,67.3421705520805,0.441364216017801,0.130952380952381,0.511904761904762,84
"UNC_IDD-InfluPaint","55",0.402357443995918,0.509630813542114,59.9526345180901,0.312841362678982,0.45641761708926,0.539766345290541,83.488491983205,0.438595145410078,0.0476190476190476,0.547619047619048,84
"UNC_IDD-InfluPaint","56",0.908963641460494,0.886643929371088,12.6947944951775,0.430883695388977,0.87739404396969,0.853661353650422,16.2604568039024,0.5713067799855,0.0595238095238095,0.428571428571429,84
"UVAFluX-CESGCN","01",0.88987748436666,0.739051833387957,59.4569278229375,0.278830655214034,0.831109581337825,0.756286340253265,76.4427495048608,0.35867719823328,0.178571428571429,0.476190476190476,84
"UVAFluX-CESGCN","02",1.31351151108318,1.55906009777756,11.0081696074655,0.576313907784732,1.00509598701982,1.31101526916771,12.4839535561095,0.680884306312655,0.0833333333333333,0.226190476190476,84
"UVAFluX-CESGCN","04",0.873048006806772,1.05682071604635,143.630354742022,0.42005048409708,0.9653547503892,1.26187734030861,200.714996999635,0.524990299866099,0.142857142857143,0.488095238095238,84
"UVAFluX-CESGCN","05",1.26282141410685,0.897034413912889,84.8207915315649,0.462460569104953,1.10126879644221,0.815152678333275,97.0048388918233,0.548817405896143,0.130952380952381,0.297619047619048,84
"UVAFluX-CESGCN","06",0.935901170915684,0.530255774545706,367.424841869955,0.196818245809043,0.858409931197701,0.665271586478555,431.726189236691,0.252840962678721,0.357142857142857,0.666666666666667,84
"UVAFluX-CESGCN","08",1.0931611906265,0.827821929334097,68.6171119932185,0.307189417152457,0.975010858395812,0.834863901196744,83.7302682001897,0.383251182723187,0.202380952380952,0.488095238095238,84
"UVAFluX-CESGCN","09",1.02522334198138,0.891324591020806,57.7832209180732,0.388107305059764,0.864641143564071,0.800198381095937,67.5141749279798,0.48101275880253,0.130952380952381,0.416666666666667,84
"UVAFluX-CESGCN","10",1.25662442267208,1.47081901398978,30.2066255010949,0.627859904369152,1.08412264625158,1.09134436364474,33.5290257229989,0.696413158045381,0.107142857142857,0.321428571428571,84
"UVAFluX-CESGCN","11",0.890890274107858,1.00253273087661,30.682164766288,0.607007443686952,0.837860567591885,0.924995586157561,35.5475282711528,0.712868449149796,0.119047619047619,0.321428571428571,84
"UVAFluX-CESGCN","12",1.20313814276332,1.04732065128711,388.584247859728,0.310003858720462,1.09797301236973,1.14012664191277,445.291993826695,0.375303190246604,0.202380952380952,0.511904761904762,84
"UVAFluX-CESGCN","13",0.902336373188692,0.697842795673915,113.225641804345,0.288903804079848,0.836376687298335,0.77832227353057,137.408246389812,0.362696695748592,0.25,0.55952380952381,84
"UVAFluX-CESGCN","15",2.02946851783272,2.97482959971923,20.4595312499683,0.682880812613197,1.64066938912433,2.39015856644876,23.2984375030974,0.802084562692284,0.0476190476190476,0.166666666666667,84
"UVAFluX-CESGCN","16",0.890923320901229,0.643219276748049,21.5737685591412,0.266438583763254,0.852331336505947,0.694835230936618,28.8416902398881,0.36565789377524,0.202380952380952,0.547619047619048,84
"UVAFluX-CESGCN","17",1.28654184705987,0.988798615258998,282.697546608059,0.394489763544248,1.12033228794983,0.981067878936033,318.380153353692,0.469178367828718,0.178571428571429,0.369047619047619,84
"UVAFluX-CESGCN","18",1.16402620589836,1.23999623987147,254.803179322749,0.65978000354843,1.05070375784194,1.18225182250783,283.299671728885,0.749131435934917,0.0714285714285714,0.202380952380952,84
"UVAFluX-CESGCN","19",1.31211933447906,1.65392990569525,80.9405568118048,0.878773833721774,1.15130212893202,1.30056918176591,90.6161204233941,0.968170655471039,0.0595238095238095,0.107142857142857,84
"UVAFluX-CESGCN","20",1.12258592327791,1.21615301885317,66.4828124001317,0.615088144521287,0.997411822686834,1.01288556121295,75.8817821916437,0.703314467163737,0.0952380952380952,0.297619047619048,84
"UVAFluX-CESGCN","21",1.1507350858699,0.966831668101842,150.853623678537,0.478659651303575,0.997254545621135,0.892654456793555,172.275515443426,0.569858274171067,0.154761904761905,0.404761904761905,84
"UVAFluX-CESGCN","22",1.09227509919899,0.917113221584804,64.7870760333184,0.298484102702377,0.969076712043693,0.957691120421273,76.9886379368613,0.365697377055848,0.214285714285714,0.44047619047619,84
"UVAFluX-CESGCN","23",1.14948599830265,1.36754247589353,37.8382199499121,0.61915515464289,0.967409598437358,1.0139177211768,42.9486492134325,0.704174163124154,0.142857142857143,0.369047619047619,84
"UVAFluX-CESGCN","24",1.02026823023732,0.896159579789905,137.361328615609,0.467987586277012,0.904715279971236,0.788625958586571,150.595804469691,0.543175175967489,0.226190476190476,0.428571428571429,84
"UVAFluX-CESGCN","25",1.25878725254146,1.0151183200688,259.948624989418,0.512667930932998,1.14824471709067,1.03487713819378,287.398645207137,0.587390464659704,0.0952380952380952,0.321428571428571,84
"UVAFluX-CESGCN","26",1.42034886409835,1.07224033472429,329.891202624709,0.481520516457656,1.17992551882391,1.02211803591925,360.906160649981,0.563609171123768,0.107142857142857,0.333333333333333,84
"UVAFluX-CESGCN","27",0.64013891986478,0.926120979273785,61.8919626036489,0.406931476779032,0.625570916499007,0.870382115365682,78.5880398324137,0.485870327089511,0.166666666666667,0.416666666666667,84
"UVAFluX-CESGCN","28",1.05618232377097,0.762756843342202,54.6642273691641,0.315406302667603,0.971134192370717,0.830804797810592,65.2394323634005,0.41576733476178,0.142857142857143,0.547619047619048,84
"UVAFluX-CESGCN","29",1.26403407700978,0.835079525023964,200.841733859679,0.392062241323027,1.12481440104304,0.858062302886975,223.687394721558,0.465213982451903,0.166666666666667,0.511904761904762,84
"UVAFluX-CESGCN","30",1.25557327633222,1.40851952243204,33.0526072581761,0.710142429052102,1.02408816456327,0.961187340741086,36.2869984281308,0.790392926464002,0.142857142857143,0.285714285714286,84
"UVAFluX-CESGCN","31",1.35852790641048,1.45506431782215,46.7360183282114,0.678897653097242,1.16708913903876,1.18686667320903,51.8760879622348,0.755598416547153,0.0833333333333333,0.214285714285714,84
"UVAFluX-CESGCN","32",0.744904501890223,0.573665863452758,17.5019757602034,0.174700935406309,0.770806663589631,0.686148294390514,25.2044627257855,0.256237029824067,0.261904761904762,0.654761904761905,84
"UVAFluX-CESGCN","33",0.843145554148208,1.00386342486203,35.8645242506708,0.577790520939639,0.778147696244152,0.866453166238884,40.8632880095087,0.658675561428502,0.19047619047619,0.30952380952381,84
"UVAFluX-CESGCN","34",0.98229169176249,0.750368245151971,205.90269489876,0.375628448759435,0.866671215686741,0.688872387325721,238.577027294872,0.439893573788915,0.202380952380952,0.428571428571429,84
"UVAFluX-CESGCN","35",0.885593035614849,0.816284665966404,24.9168515082596,0.288615421295583,0.783168052304033,0.773823591961096,31.4660060463753,0.365602438877235,0.226190476190476,0.5,84
"UVAFluX-CESGCN","36",1.26739241786321,1.04039802850434,352.308233114985,0.404235862401645,1.05505705797025,0.970463688833484,396.185306777626,0.470431222269315,0.154761904761905,0.416666666666667,84
"UVAFluX-CESGCN","37",1.07005811827579,1.22274457552303,270.801829808891,0.631105682386601,0.980436961871187,1.17115796824814,306.441630771815,0.718379266470657,0.0476190476190476,0.285714285714286,84
"UVAFluX-CESGCN","38",0.854601315041225,0.790493562692036,10.9577605954783,0.288435310082661,0.71879966129315,0.637795224090754,12.8649894468589,0.35617733979188,0.297619047619048,0.607142857142857,84
"UVAFluX-CESGCN","39",1.25491395549891,1.42355403426887,571.382820316983,0.862650397119665,1.13470996230467,1.2601017965854,629.260272458077,0.957671582446131,0.0119047619047619,0.130952380952381,84
"UVAFluX-CESGCN","40",1.20633873154054,1.30427170177068,115.986721626861,0.727193356846776,1.1094115409666,1.2982248340222,133.747596331605,0.826799240353063,0.0595238095238095,0.19047619047619,84
"UVAFluX-CESGCN","41",0.998177443790647,0.728796358049853,64.0405710215015,0.279465839107543,0.952539329228154,0.813044588211526,79.828073156068,0.356217854958271,0.238095238095238,0.535714285714286,84
"UVAFluX-CESGCN","42",1.17736106302055,0.961958480664937,685.233706922138,0.399621839151301,1.07954361494362,0.994496915959125,757.275555206952,0.47567118207348,0.226190476190476,0.488095238095238,84
"UVAFluX-CESGCN","44",1.2559136041939,1.32143429680359,27.4922150940224,0.563170402515494,1.08844362683291,1.07074572417619,30.0019057165657,0.62580753232693,0.154761904761905,0.357142857142857,84
"UVAFluX-CESGCN","45",0.936099526478823,1.17048231620764,134.490077316927,0.609429763296484,0.874329601437653,1.09604811969527,153.411875133565,0.697016931329982,0.107142857142857,0.30952380952381,84
"UVAFluX-CESGCN","46",1.06248761780335,1.0631954886117,24.4351892907169,0.573763669287367,0.968259166368942,0.90847231895646,27.9104266975215,0.6778297049938,0.119047619047619,0.297619047619048,84
"UVAFluX-CESGCN","47",0.919264266152066,0.651661692746052,95.0332900623241,0.248406118927266,0.843572827807646,0.712298349627554,116.769352560677,0.318904949512526,0.202380952380952,0.476190476190476,84
"UVAFluX-CESGCN","48",0.90576910922216,0.647676390328436,430.822385290999,0.28077770801962,0.885605039333658,0.843827568799239,499.215162821109,0.356170996231983,0.202380952380952,0.571428571428571,84
"UVAFluX-CESGCN","49",0.794525125731934,0.721338338128323,21.4229167318295,0.21771861331304,0.816791694445614,0.736807970274179,29.0081101797678,0.290817695848218,0.30952380952381,0.714285714285714,84
"UVAFluX-CESGCN","50",1.0686419968101,1.29743294470987,14.9818791396495,0.581811664784136,0.911339452592594,0.961068825799941,16.77332389644,0.661423141594185,0.154761904761905,0.369047619047619,84
"UVAFluX-CESGCN","51",1.16092298261006,0.970608872883834,159.263675281699,0.453890442078717,0.998263431909652,0.964418182054033,177.25865079154,0.523939613655828,0.154761904761905,0.357142857142857,84
"UVAFluX-CESGCN","53",1.0658202432727,0.771934608667412,78.0781402603327,0.299619833681764,0.930535434021458,0.769874472928711,94.0323761300034,0.380710101164403,0.19047619047619,0.511904761904762,84
"UVAFluX-CESGCN","54",1.12273796480139,1.4788393797679,99.5684414175346,0.845501814687216,0.987786277964973,1.12968969222019,109.400551205498,0.929460866126022,0.0833333333333333,0.261904761904762,84
"UVAFluX-CESGCN","55",1.22799104028454,1.4003759688832,175.240625914876,0.750692688943542,1.09594108120783,1.17344385353013,193.576297011508,0.836999684258501,0.0595238095238095,0.238095238095238,84
"UVAFluX-CESGCN","56",1.04756187497323,0.888928432729241,11.3419434616578,0.348066700819725,0.868976170471604,0.755305255668334,13.5255989040416,0.425620490179826,0.202380952380952,0.488095238095238,84
"UVAFluX-Ensemble","01",0.922129748723024,1.0339668381511,92.8150459866221,0.472983100947975,0.989214958297438,1.174377733469,125.528846153846,0.66241898928257,0.519230769230769,0.807692307692308,104
"UVAFluX-Ensemble","02",1.04200959961277,1.10616648966513,9.67434364548495,0.435900218731758,1.05063658705227,1.19412341049373,14.2019230769231,0.655059690593459,0.471153846153846,0.75,104
"UVAFluX-Ensemble","04",0.931729786019222,0.969751697883508,298.666337792642,0.439063612489577,1.01572007383194,0.94683074950819,386.375,0.458979721425051,0.605769230769231,0.798076923076923,104
"UVAFluX-Ensemble","05",0.859168140037348,0.974521300113761,55.6002884615385,0.549213203455914,0.829735771926944,1.06602430868854,70.1730769230769,0.777484264336577,0.586538461538462,0.759615384615385,104
"UVAFluX-Ensemble","06",0.730445328984595,0.758584886566823,392.39637541806,0.320396768240335,0.825706621524252,0.979798408529875,549.951923076923,0.428286491782711,0.586538461538462,0.846153846153846,104
"UVAFluX-Ensemble","08",0.888414326100515,0.983247275221162,79.9751295986622,0.452543261798986,0.952293776219231,1.19582249535002,108.740384615385,0.664615911780888,0.576923076923077,0.817307692307692,104
"UVAFluX-Ensemble","09",0.807144221636934,0.971322386608624,53.3718227424749,0.551735571166642,0.840103008287605,1.07129292158739,73.8365384615385,0.822445053287329,0.548076923076923,0.817307692307692,104
"UVAFluX-Ensemble","10",0.94573329576305,0.99667734712147,26.1573160535117,0.484063523422632,1.01644747875244,1.03080245032949,35.0769230769231,0.721629848096759,0.615384615384615,0.759615384615385,104
"UVAFluX-Ensemble","11",0.875230169803989,0.950852257731832,28.4847742474916,0.627542172829491,0.928679738287907,1.0160659356095,36.9038461538462,0.844168640673114,0.471153846153846,0.692307692307692,104
"UVAFluX-Ensemble","12",0.743012593228912,0.80872274385256,306.352842809365,0.282152002349716,0.855369695590558,0.985134173055364,430.25,0.381988892717341,0.586538461538462,0.846153846153846,104
"UVAFluX-Ensemble","13",0.932870570593577,0.99489128119202,163.939051003344,0.517578839464093,1.04769464748027,1.17423125612269,226.903846153846,0.683059625840197,0.567307692307692,0.788461538461538,104
"UVAFluX-Ensemble","15",1.07182616035032,1.1045035293049,14.4703386287625,0.32589236212383,0.920683959487647,1.0079977401788,16.7788461538462,0.425873790712553,0.471153846153846,0.730769230769231,104
"UVAFluX-Ensemble","16",1.03310904424939,1.09940966132125,39.0555267558528,0.514858053123468,1.12773976436728,1.58086739179243,54.9326923076923,0.907562525676845,0.432692307692308,0.807692307692308,104
"UVAFluX-Ensemble","17",0.725137139706845,0.858347288753272,206.347959866221,0.445343053036242,0.796901319853648,1.04827791378504,280.740384615385,0.645373950428756,0.615384615384615,0.807692307692308,104
"UVAFluX-Ensemble","18",0.785690072348812,0.933575735936586,181.929439799331,0.579205198322721,0.903558284769294,1.18018993937046,253.942307692308,0.867743437695368,0.509615384615385,0.75,104
"UVAFluX-Ensemble","19",0.737785707838827,0.901787258111901,51.1478511705686,0.602305575991354,0.810313673250181,0.884343720639765,70.6730769230769,0.801185893256169,0.548076923076923,0.778846153846154,104
"UVAFluX-Ensemble","20",0.848392661724412,0.884231557587385,56.9004515050167,0.513384310626011,0.936011108642581,0.940733138567536,79.5384615384615,0.73921513596688,0.548076923076923,0.740384615384615,104
"UVAFluX-Ensemble","21",0.844787817697783,0.900728303925495,124.65993729097,0.548195532793067,0.881863542916295,1.10926554599304,166.326923076923,0.839373419385986,0.576923076923077,0.807692307692308,104
"UVAFluX-Ensemble","22",1.0439108442148,1.18667061948703,80.4619607023411,0.42517685399454,1.06891257161572,1.43392670672412,107.144230769231,0.60372344187498,0.567307692307692,0.798076923076923,104
"UVAFluX-Ensemble","23",0.802633931089508,0.965829836093215,26.5467516722408,0.576847230147442,0.855287765828031,0.926631262683593,37.4038461538462,0.812943118325303,0.548076923076923,0.778846153846154,104
"UVAFluX-Ensemble","24",0.780126842561994,0.901759089706842,107.370990802676,0.542969851685934,0.892048502273341,0.952607333189882,149.182692307692,0.749829176859611,0.538461538461538,0.721153846153846,104
"UVAFluX-Ensemble","25",0.784701897567221,1.03473298419274,155.345363712375,0.547296873259618,0.876588387402276,1.36285315588776,211.442307692308,0.811214178975791,0.548076923076923,0.730769230769231,104
"UVAFluX-Ensemble","26",0.7484134428007,0.948956425242414,162.173432274247,0.475364454184513,0.814349099866831,1.1498691676374,230.730769230769,0.711711531397639,0.451923076923077,0.759615384615385,104
"UVAFluX-Ensemble","27",0.875320912751871,1.10643354486995,135.515576923077,0.618557663836168,0.986202356093042,1.40809379950633,181,0.973117004760134,0.509615384615385,0.836538461538462,104
"UVAFluX-Ensemble","28",0.930479498050755,1.0074936310487,54.2655225752508,0.49637559460885,0.96949318229754,1.24964225117487,71.0192307692308,0.740960247069513,0.605769230769231,0.759615384615385,104
"UVAFluX-Ensemble","29",0.914771944918759,1.06061969238059,155.493139632107,0.570040361639467,1.03688562213192,1.27578401800059,217.298076923077,0.789746332180195,0.557692307692308,0.75,104
"UVAFluX-Ensemble","30",0.851164781782585,0.870713406389876,22.1621864548495,0.517785827184029,0.844309545472804,0.764122780520531,29.8557692307692,0.721092958304251,0.586538461538462,0.75,104
"UVAFluX-Ensemble","31",0.854331577788214,0.93395224315777,35.9694356187291,0.553472605545886,0.902600691987481,0.942041805589957,47.3173076923077,0.736727796659342,0.538461538461538,0.769230769230769,104
"UVAFluX-Ensemble","32",1.03090714298439,1.07626480907185,38.493139632107,0.387536223012598,0.950737181434513,1.18520998222035,46.625,0.527299383564449,0.605769230769231,0.798076923076923,104
"UVAFluX-Ensemble","33",1.01690891406674,0.970013015608165,42.6337081939799,0.580607773899371,1.10654078663442,1.11481435798632,56.7211538461538,0.864484401283324,0.490384615384615,0.682692307692308,104
"UVAFluX-Ensemble","34",0.752410910182825,0.968923571363154,187.311885451505,0.601379626012365,0.839971600803448,1.24562839762795,264.682692307692,0.976658470018303,0.538461538461538,0.769230769230769,104
"UVAFluX-Ensemble","35",0.99588685043674,1.17522844442001,35.5141304347826,0.451851062791315,1.03196543489182,1.36744865574178,51.3653846153846,0.695989144803745,0.442307692307692,0.807692307692308,104
"UVAFluX-Ensemble","36",0.690778822970042,0.720908885451408,258.645781772575,0.358691603379192,0.675658871691224,0.583091823888668,337.461538461538,0.374257784279732,0.663461538461538,0.875,104
"UVAFluX-Ensemble","37",0.784634738051537,0.923170840632942,222.17116638796,0.582301018221402,0.907296695225969,1.00890856352666,313.576923076923,0.754223927747541,0.528846153846154,0.769230769230769,104
"UVAFluX-Ensemble","38",0.895360983936413,1.02288963687978,12.16997909699,0.497930223251271,0.874087056178668,0.950114188555263,16.2019230769231,0.698146523371725,0.605769230769231,0.798076923076923,104
"UVAFluX-Ensemble","39",0.705655724730125,0.950298121579379,347.170447324415,0.697966702914792,0.842811503753827,1.14472534700342,492.711538461538,1.03154158348702,0.461538461538462,0.673076923076923,104
"UVAFluX-Ensemble","40",0.936987587051566,0.933969777130605,101.509698996656,0.591405430619002,1.00974613435274,1.05082978920517,134.442307692308,0.758525302701277,0.605769230769231,0.759615384615385,104
"UVAFluX-Ensemble","41",1.02690569396779,1.22962229054025,89.6373035117057,0.566524079514324,1.04780050043365,1.44654237272579,113.653846153846,0.747966865843634,0.509615384615385,0.711538461538462,104
"UVAFluX-Ensemble","42",0.76899294656634,0.922023281448178,479.472420568562,0.497078220100587,0.879123304946935,1.08206535659942,644.375,0.669655628801328,0.480769230769231,0.740384615384615,104
"UVAFluX-Ensemble","44",0.917381918926388,0.989883249636557,21.4376588628763,0.51042629551875,0.955493800352167,1.03266858009968,27.7692307692308,0.716715326433039,0.519230769230769,0.711538461538462,104
"UVAFluX-Ensemble","45",0.803394397380429,0.926619202062286,131.009439799331,0.595797019196608,0.931924295292973,1.10910126195115,181.471153846154,0.856241761208601,0.528846153846154,0.721153846153846,104
"UVAFluX-Ensemble","46",0.903194708952195,0.978380462267982,19.7803051839465,0.587599146487325,0.965914108430147,0.990581269642396,26.8653846153846,0.82821481714429,0.528846153846154,0.701923076923077,104
"UVAFluX-Ensemble","47",0.932683619264957,1.07538571771025,129.635426421405,0.511029566565616,0.97690398451514,1.58252085271214,170.923076923077,0.861652428446967,0.557692307692308,0.817307692307692,104
"UVAFluX-Ensemble","48",0.825435899823566,0.789754088414401,440.968858695652,0.380170460380993,0.978261165172003,1.04158016530201,621.961538461538,0.501159483601644,0.528846153846154,0.778846153846154,104
"UVAFluX-Ensemble","49",0.874060603586747,0.970181048918424,40.9325919732442,0.409356689573257,0.892150240647535,1.05984378052626,50.9230769230769,0.566575620706624,0.682692307692308,0.798076923076923,104
"UVAFluX-Ensemble","50",0.877887832815601,0.949962040127137,11.9657357859532,0.502884009237651,0.853685252587336,0.811346280010322,15.625,0.660457354272802,0.480769230769231,0.701923076923077,104
"UVAFluX-Ensemble","51",0.822341028511915,0.924991455656393,119.337717391304,0.498729511591908,0.912378666802157,1.2449888592229,167.615384615385,0.770459105505002,0.538461538461538,0.778846153846154,104
"UVAFluX-Ensemble","53",0.899981097361035,1.02010127738899,88.0822073578595,0.507985191955415,0.932094264785889,1.00246189185825,120.932692307692,0.632852103385976,0.5,0.807692307692308,104
"UVAFluX-Ensemble","54",0.747733454438652,0.883093173091649,63.7858193979933,0.591343021136261,0.832356694931198,0.930502973726732,89.4134615384615,0.882622549768205,0.5,0.701923076923077,104
"UVAFluX-Ensemble","55",0.713229333504862,0.945380391711814,107.411780936455,0.596693316564592,0.799966127530865,1.28099421442244,145.923076923077,1.05658433708625,0.538461538461538,0.701923076923077,104
"UVAFluX-Ensemble","56",1.00276906492491,0.942377119287182,15.174385451505,0.483302077485633,0.949549501438512,0.942405486904995,19.3653846153846,0.671094830248998,0.576923076923077,0.807692307692308,104
"UVAFluX-OptimWISE","01",1.04568216837655,0.886566356740027,14.6029936852043,0.363172195835564,1.28567842115143,1.21067021011277,24.0410660576578,0.596169697990203,0.425,0.95,40
"UVAFluX-OptimWISE","02",0.861902257281311,0.887585253428949,3.05025106260856,0.347424442545407,0.999771098879836,1.17983026830681,5.26533361764258,0.645526929148856,0.525,0.95,40
"UVAFluX-OptimWISE","04",0.714139394308741,0.76901296951095,18.8651901196827,0.287616500977691,0.890949889658298,1.11707758899105,28.5202063530315,0.419563958559437,0.55,0.875,40
"UVAFluX-OptimWISE","05",0.620687381771255,0.504064838929017,5.93943318646609,0.275288974381208,0.695994613382738,0.570494483493856,8.91348522865935,0.408056776558754,0.775,1,40
"UVAFluX-OptimWISE","06",0.686945130200045,0.564906094500584,42.2244808055581,0.203698455233282,0.75726325106202,0.780910279303026,57.9177453140381,0.271400640659315,0.7,0.95,40
"UVAFluX-OptimWISE","08",0.645381842714039,0.554709812368505,6.28681010225681,0.207606162423281,0.749408881679436,0.699271030155804,9.42991920166366,0.312187553127973,0.75,0.975,40
"UVAFluX-OptimWISE","09",0.661846113209654,0.67064776831421,8.03807445682887,0.329108184584972,0.748368024960401,0.769498759052558,12.1689106665638,0.507474697999483,0.625,0.9,40
"UVAFluX-OptimWISE","10",0.754618491664869,0.924184408391213,2.07618227181648,0.411070615249255,0.896584922779783,0.954529122848383,3.20233764146809,0.658315553918884,0.575,0.925,40
"UVAFluX-OptimWISE","11",0.93467453956625,0.903907526322341,6.98688064407574,0.5106559007029,1.01892500985671,1.14714740641616,10.3918914904242,0.848475303282561,0.625,0.825,40
"UVAFluX-OptimWISE","12",0.727201985026715,0.686886092933139,46.9539905276466,0.197855402704266,0.909389901744218,1.06895730719051,80.0509951797426,0.344866595760075,0.4,0.975,40
"UVAFluX-OptimWISE","13",0.928936449497254,0.703269147470538,15.8173415156688,0.28262216898027,1.26657286240229,1.05773854374501,26.0758962858511,0.438404802664017,0.65,0.975,40
"UVAFluX-OptimWISE","15",1.01122306672264,1.02008422202374,5.55693270750955,0.256959910706322,1.17432631955038,1.21524809976155,9.51159650106022,0.455513712929071,0.375,0.95,40
"UVAFluX-OptimWISE","16",0.855019731091657,0.928393880137191,4.95463542411845,0.406250900833249,1.05698136988695,1.35387612879237,8.797905077069,0.758582506432171,0.55,1,40
"UVAFluX-OptimWISE","17",0.599721416902913,0.553707588444259,18.2829347235799,0.236387181705561,0.750311701622587,0.763139731468202,28.7698213802276,0.374049068734888,0.6,0.975,40
"UVAFluX-OptimWISE","18",0.588216358091896,0.592445524274977,12.7211282584242,0.288983099707473,0.70632248707177,0.673440843443552,18.1340271094923,0.363469547384449,0.8,0.95,40
"UVAFluX-OptimWISE","19",0.675088713911191,0.744915467537222,4.95506716342933,0.443310576864376,0.77496932108437,0.748364082730468,6.83713728122684,0.621830759574547,0.675,0.875,40
"UVAFluX-OptimWISE","20",0.650548714300825,0.721497405619261,4.81172856885286,0.391052791817198,0.751624266725286,0.780074620106434,7.30791989496999,0.590168826109972,0.5,0.85,40
"UVAFluX-OptimWISE","21",0.720864547606034,0.579914999607334,12.8440839126164,0.304142220207597,0.832312231725388,0.689944252495034,21.1224864050756,0.481626548475001,0.45,0.95,40
"UVAFluX-OptimWISE","22",1.57094456727342,0.950686207407011,29.3534647955894,0.31932413601338,1.61348487994639,1.25135495871023,42.7109596126841,0.489170260054164,0.525,0.85,40
"UVAFluX-OptimWISE","23",0.754574162472201,0.810993908229931,4.21653452460327,0.360659145197248,0.816705702562963,0.730810937049122,6.06870648446779,0.509926987387414,0.6,0.9,40
"UVAFluX-OptimWISE","24",0.643542042755328,0.665413858604004,11.3426522929179,0.359954351102311,0.771857487163555,0.732531098479169,16.952449304066,0.523094178713165,0.525,0.8,40
"UVAFluX-OptimWISE","25",0.684926404375095,0.622891445576252,15.0483532088313,0.282685318317493,0.838451796549484,0.800364557123539,22.4627425596921,0.396005832856161,0.675,1,40
"UVAFluX-OptimWISE","26",1.11094937286503,0.709638399169429,51.5259942952252,0.296415947429022,1.20852576904909,0.875459433035786,77.8876543217079,0.435630718977975,0.55,0.875,40
"UVAFluX-OptimWISE","27",0.725049304887659,0.783241025863655,10.3141379430338,0.376068069567731,0.995159632346955,1.08422016282986,16.5392725213887,0.624868203200366,0.525,0.95,40
"UVAFluX-OptimWISE","28",0.830225748639184,0.716850377952167,6.57954008901771,0.28308303987748,1.06134510765287,1.0126566622388,10.7202379120141,0.463627339808367,0.5,1,40
"UVAFluX-OptimWISE","29",0.712412927983175,0.451474329978866,14.2722014915108,0.214611285807867,0.774017844402791,0.5725082726104,21.0008046428072,0.31910542091617,0.625,1,40
"UVAFluX-OptimWISE","30",0.808672947215048,0.965437805460658,3.87666418458371,0.548004149590092,0.812747845136661,0.778728888732846,5.38285435657766,0.735230009465874,0.625,0.775,40
"UVAFluX-OptimWISE","31",0.669193259849739,0.781783158070322,3.13387799070863,0.394896601140822,0.758106993579394,0.788941293457978,4.30457290903825,0.530351157771185,0.6,0.85,40
"UVAFluX-OptimWISE","32",0.822213404905071,0.779697374245084,5.86289149698866,0.25044049763032,0.968180863140612,1.03830570122179,9.15782039744962,0.395943034672146,0.55,0.975,40
"UVAFluX-OptimWISE","33",1.12619073807821,0.863126420685186,9.5820006966997,0.463039174915011,1.15109959957647,0.886866040168843,11.9227666175357,0.614677412463964,0.575,0.825,40
"UVAFluX-OptimWISE","34",0.738512824409581,0.680241742043271,26.4752798306801,0.391246860678359,0.804753028854985,0.779067327328879,35.2452715837562,0.546187873512702,0.775,0.9,40
"UVAFluX-OptimWISE","35",1.20311108828324,1.13133406634609,9.48320418002626,0.432641919903945,1.40294460109418,1.43414762240693,15.8816019131339,0.733045035545611,0.35,0.85,40
"UVAFluX-OptimWISE","36",0.572121649657383,0.39650562649718,24.5093762015216,0.159904921140337,0.626621403764436,0.461649679162243,31.9657601452461,0.210063671759958,0.75,1,40
"UVAFluX-OptimWISE","37",0.651535227418884,0.509518529120167,17.5860613037696,0.26433438625311,0.875965289853005,0.699700304422104,29.1299819486827,0.411191555649184,0.6,0.975,40
"UVAFluX-OptimWISE","38",0.7809781953907,0.776208276028189,2.14173015950329,0.263714943321381,0.743058323083373,0.754110377554331,2.60372695910404,0.374278882965281,0.675,0.95,40
"UVAFluX-OptimWISE","39",0.609500736837179,0.682512206199595,28.4487959616918,0.434205343320532,0.709173824801662,0.745637109549729,38.1959480864612,0.56457151605272,0.75,0.825,40
"UVAFluX-OptimWISE","40",0.703683288340782,0.479265859210365,6.50853580903559,0.271497293856409,0.800841385730178,0.597624161685054,8.68935461264585,0.381746149098412,0.775,0.925,40
"UVAFluX-OptimWISE","41",0.810603683453679,0.718338090865411,6.88896252122441,0.240243340950235,0.913712675883408,0.91193767939081,10.1752680959108,0.334017607974136,0.8,1,40
"UVAFluX-OptimWISE","42",0.575532682919155,0.60327910593214,50.0500107714984,0.21698682505036,0.765932977154876,0.889017086478084,83.021989392169,0.353991173186435,0.575,0.975,40
"UVAFluX-OptimWISE","44",0.841552061233264,0.923057939146085,2.88577182436949,0.386405261709444,0.983173658411764,0.951130492041982,4.44082141568945,0.561865502954481,0.475,0.875,40
"UVAFluX-OptimWISE","45",0.789574678779089,0.681388996632917,11.5077313412519,0.331060155081229,1.11932197714594,0.921923904221269,19.3042228856515,0.518295818767244,0.5,0.9,40
"UVAFluX-OptimWISE","46",0.771879190384448,0.762379779202048,2.62111221354453,0.371800670572248,0.917801296694767,0.871194219888664,3.76141469675936,0.586436018026439,0.6,0.925,40
"UVAFluX-OptimWISE","47",1.02921346166375,0.682875308050721,18.7339483325781,0.258652990175531,1.25130217684544,0.979587614697572,31.000518504097,0.425826431038213,0.5,0.95,40
"UVAFluX-OptimWISE","48",0.676963429645903,0.446049396189455,44.0399979396267,0.183979436005726,0.806425722766374,0.67996087578342,64.2319693611709,0.255685363931921,0.725,0.975,40
"UVAFluX-OptimWISE","49",0.628737975481432,0.722023509528379,3.24173831269843,0.223812884897024,0.734907758226655,0.866675838206979,4.86614443459846,0.341321581266395,0.7,0.975,40
"UVAFluX-OptimWISE","50",1.15056649965849,1.12425220037033,4.000825756597,0.514244135932005,1.04397148749205,0.967039339419717,5.07949281801087,0.695830044957908,0.525,0.85,40
"UVAFluX-OptimWISE","51",0.786189981472096,0.532858455329159,15.3495355599817,0.244349446360686,0.996085095176392,0.757810727782122,25.070434910352,0.390760326162575,0.6,0.975,40
"UVAFluX-OptimWISE","53",0.74513542585516,0.649433122541026,8.44073591366948,0.257504017455781,0.847431422014892,0.791198738324728,12.1295408930337,0.38122826279093,0.625,0.95,40
"UVAFluX-OptimWISE","54",0.566811124943384,0.82446437626601,8.72993576241242,0.514811677187883,0.55418624945688,0.715365041959837,11.8691546384345,0.669631866234049,0.45,0.675,40
"UVAFluX-OptimWISE","55",0.644757576151499,0.75980904221161,9.37400598097551,0.421883803029318,0.923965326710437,0.920734533601165,15.3047794396258,0.653753558874203,0.55,0.875,40
"UVAFluX-OptimWISE","56",1.18240237974275,0.949823007985228,2.80709924874472,0.406968812164228,1.08719917090933,1.08193779799431,3.60741684153598,0.673871958757462,0.725,0.975,40
"VTSanghani-PRIME","01",0.941142925583834,0.923052478832183,97.5632984949833,0.434018343161377,0.958316079808112,0.960589405561873,126.240384615385,0.558483616677747,0.548076923076923,0.798076923076923,104
"VTSanghani-PRIME","02",1.06309747493524,1.27228946694477,9.68572324414716,0.494140049190711,1.01665745950828,1.24169214376309,13.5961538461538,0.679121609413591,0.490384615384615,0.701923076923077,104
"VTSanghani-PRIME","04",1.02660933637055,1.04809983193545,311.496024844721,0.497784027172081,1.08465189645925,1.27689760285023,372.051020408163,0.622120206367258,0.602040816326531,0.775510204081633,98
"VTSanghani-PRIME","05",0.733068116632491,0.724960842312923,45.5035403726708,0.387010182339275,0.800754075343377,0.7966866809757,65.8877551020408,0.561938943314405,0.561224489795918,0.816326530612245,98
"VTSanghani-PRIME","06",1.15992989162731,1.0085624985782,666.068018394649,0.446749493670891,1.18858969425496,1.26251907234063,831.615384615385,0.574347056340334,0.394230769230769,0.605769230769231,104
"VTSanghani-PRIME","08",0.953740729379446,0.934074103162452,87.363758361204,0.436797093975313,0.903047692042552,0.923408707028497,106.105769230769,0.52854406976455,0.548076923076923,0.692307692307692,104
"VTSanghani-PRIME","09",0.732959658095805,0.788072231082693,38.5251086956522,0.376641335796789,0.815543464693094,0.798140835373367,60.2717391304348,0.530922872779242,0.58695652173913,0.826086956521739,92
"VTSanghani-PRIME","10",0.900030925128079,1.00024280205073,25.6950836120401,0.501891416740214,0.952380384948025,0.941022592126543,33.7211538461538,0.681374390437778,0.5,0.701923076923077,104
"VTSanghani-PRIME","11",0.763718157158833,0.844682596770705,24.9684280936455,0.560917083418737,0.826345128112738,0.946675871113852,33.1538461538462,0.796589793457356,0.5,0.692307692307692,104
"VTSanghani-PRIME","12",1.18676290870054,1.33621071807035,502.311630434783,0.486928282888855,1.25154476337442,1.58666153100201,625.576923076923,0.622942539690786,0.298076923076923,0.615384615384615,104
"VTSanghani-PRIME","13",0.804992392241037,0.734250699233659,139.31220735786,0.378111267802329,0.899694446132408,0.858909036957937,192.038461538462,0.494781376779177,0.528846153846154,0.75,104
"VTSanghani-PRIME","15",1.35561743449693,1.60504127070495,18.7486036789298,0.474581889583201,1.18005329974911,1.34211437496315,22,0.574149613551544,0.538461538461538,0.673076923076923,104
"VTSanghani-PRIME","16",1.00453091301128,1.13065328921445,39.5754389632107,0.557592234772438,0.963978490368455,1.2605675004465,48.5576923076923,0.764900371185969,0.509615384615385,0.75,104
"VTSanghani-PRIME","17",0.801905274250699,0.765197705231873,170.089447069943,0.333656745531774,0.874872767527471,0.75950306936004,239.663043478261,0.40252967545007,0.630434782608696,0.793478260869565,92
"VTSanghani-PRIME","18",0.790316573945804,0.749489933827676,182.739293478261,0.471814034634626,0.827840332026269,0.738200224383974,237.490384615385,0.56346720253713,0.567307692307692,0.663461538461538,104
"VTSanghani-PRIME","19",0.63618930069735,0.666225003037643,36.7232088846881,0.381747120870595,0.708384013926549,0.696530452411282,52.304347826087,0.557650365724257,0.652173913043478,0.869565217391304,92
"VTSanghani-PRIME","20",0.75542422089869,0.761155787944498,51.4681688963211,0.44101919372143,0.800650671466368,0.758895677975611,68.5961538461538,0.59341508240874,0.528846153846154,0.682692307692308,104
"VTSanghani-PRIME","21",0.809559042428499,0.857090830763799,101.802948960302,0.465719516743128,0.756500141727273,0.832320973095127,125.434782608696,0.589403270834826,0.673913043478261,0.880434782608696,92
"VTSanghani-PRIME","22",1.21924929008307,1.23461850469879,100.352454013378,0.46559291551291,1.15865177315017,1.2621358198366,122.701923076923,0.560997315057179,0.548076923076923,0.788461538461538,104
"VTSanghani-PRIME","23",0.646423853893915,0.655934377135614,21.3729891304348,0.386200326812482,0.711547402802172,0.632061884760282,31.6346153846154,0.568692845020601,0.663461538461538,0.846153846153846,104
"VTSanghani-PRIME","24",0.732392094920056,0.751644805166586,98.3360367892977,0.441333923399767,0.805956504609559,0.700808054452127,134.442307692308,0.546548927643451,0.528846153846154,0.740384615384615,104
"VTSanghani-PRIME","25",0.695568146047065,0.73890483218958,138.390422240803,0.401722163445532,0.803691801774059,0.866507444615004,195.384615384615,0.539234335064547,0.490384615384615,0.730769230769231,104
"VTSanghani-PRIME","26",0.775224276237957,0.834819541151458,163.543047914818,0.38956659336919,0.82572821866885,0.735842252354465,229.408163265306,0.423234588518299,0.693877551020408,0.836734693877551,98
"VTSanghani-PRIME","27",0.821293005036344,0.882056240922927,130.283507525084,0.507790654040114,0.791420904062178,0.838785793286573,149.875,0.606989563698875,0.615384615384615,0.788461538461538,104
"VTSanghani-PRIME","28",0.715405240561242,0.732616582873567,40.4928302675585,0.353052579781275,0.819530540528536,0.844017419019571,59.6153846153846,0.494449148015235,0.586538461538462,0.826923076923077,104
"VTSanghani-PRIME","29",0.866124748914033,0.882618644939593,123.451871455577,0.42406377900146,0.958031255084284,1.10770546026039,170.119565217391,0.618778754112007,0.456521739130435,0.673913043478261,92
"VTSanghani-PRIME","30",0.821802777808259,0.77410089421831,21.0320777591973,0.44027994512437,0.849982678880813,0.701349009384928,29.4807692307692,0.645243007701575,0.519230769230769,0.769230769230769,104
"VTSanghani-PRIME","31",0.868273862835014,0.794561453977135,37.5757357859532,0.469517377677116,0.929780101909728,0.763188827356014,49.8269230769231,0.59854210042192,0.586538461538462,0.673076923076923,104
"VTSanghani-PRIME","32",1.09953108306034,1.14898768425312,41.7506772575251,0.414862392592633,0.988805009554107,1.0145625827467,50.2403846153846,0.456861479348385,0.759615384615385,0.817307692307692,104
"VTSanghani-PRIME","33",0.605443104765087,0.730018305424955,24.3338252508361,0.434245295285296,0.741523687067535,0.767909685435915,36.8653846153846,0.600106209240278,0.548076923076923,0.778846153846154,104
"VTSanghani-PRIME","34",0.819549199024617,0.763947629711313,206.826074414716,0.464216504619503,0.800655566537763,0.647255176723085,260.423076923077,0.507786681357838,0.615384615384615,0.75,104
"VTSanghani-PRIME","35",0.982157722562043,0.938005736479385,35.6308695652174,0.361397649953918,0.891239723739887,0.93312761190766,45.875,0.48070055344537,0.355769230769231,0.548076923076923,104
"VTSanghani-PRIME","36",0.90417635510519,0.820514444195494,344.201036789298,0.403616929827555,0.768709169842931,0.56433580700883,390.432692307692,0.357237797265205,0.788461538461538,0.836538461538462,104
"VTSanghani-PRIME","37",0.735951656013327,0.739281935270957,175.677088846881,0.408264011132111,0.824714016794341,0.755807148203763,245.152173913043,0.496898970314113,0.619565217391304,0.782608695652174,92
"VTSanghani-PRIME","38",0.690415265184609,0.821331855624712,8.67038154392192,0.346622095736008,0.689568275623213,0.69344432523919,12.234693877551,0.457823196983567,0.785714285714286,0.897959183673469,98
"VTSanghani-PRIME","39",0.763352951206471,0.723936638022308,359.842834448161,0.517322715549778,0.846489368256492,0.655497195644505,483.201923076923,0.582947840977303,0.528846153846154,0.673076923076923,104
"VTSanghani-PRIME","40",0.607484883365083,0.603851308786114,64.5520693979933,0.369964258290159,0.68619278818227,0.758861839782202,91.0865384615385,0.528371527748396,0.673076923076923,0.865384615384615,104
"VTSanghani-PRIME","41",0.894268510183968,0.99782653918728,80.0453553511706,0.467655488184385,0.949345436636859,1.12000993954101,106.211538461538,0.598081819159162,0.605769230769231,0.75,104
"VTSanghani-PRIME","42",0.84135431969228,0.909204271985377,517.105815217391,0.477416655399193,0.944563667715815,1.00727304829782,678.480769230769,0.602478177660292,0.442307692307692,0.653846153846154,104
"VTSanghani-PRIME","44",0.751774509008771,0.782274961135599,17.6386705685619,0.395301047671518,0.803231911667975,0.801153736991335,23.4903846153846,0.554354962680091,0.576923076923077,0.730769230769231,104
"VTSanghani-PRIME","45",0.705103214861344,0.692765064172497,97.561668241966,0.388567105009336,0.840448028128028,0.717032202312591,143.228260869565,0.493060319778202,0.630434782608696,0.83695652173913,92
"VTSanghani-PRIME","46",0.571169254530801,0.612611786541751,12.3290008361204,0.360962327739298,0.680932404712732,0.677558752548737,18.6346153846154,0.562670875470503,0.653846153846154,0.846153846153846,104
"VTSanghani-PRIME","47",0.872642086976245,0.842315615764372,125.462780100334,0.413935271232336,0.880503698892387,0.923029624584346,160.125,0.527549452312638,0.596153846153846,0.769230769230769,104
"VTSanghani-PRIME","48",0.761451233212106,0.788034797081814,409.816505016722,0.382861164223469,0.885769672181337,1.01396968387108,564.634615384615,0.490246158086182,0.5,0.673076923076923,104
"VTSanghani-PRIME","49",1.01495524925683,1.10678205806862,50.0874080267559,0.496662429299531,0.94604932926008,1.01067840418014,56.7403846153846,0.585024824418042,0.615384615384615,0.740384615384615,104
"VTSanghani-PRIME","50",0.656565218931748,0.643415464287116,8.9145025083612,0.332254346817374,0.677267237931423,0.54675213281499,12.2884615384615,0.432080667799629,0.711538461538462,0.836538461538462,104
"VTSanghani-PRIME","51",0.741273529778652,0.700309503894965,99.2995563442768,0.345857200084921,0.766147484252805,0.73311371219685,132.857142857143,0.424843608401806,0.663265306122449,0.816326530612245,98
"VTSanghani-PRIME","53",0.976400952888202,0.936923148268997,94.8901923076923,0.458616464349617,0.969956895189233,0.886938629334056,125.971153846154,0.556982344162981,0.625,0.769230769230769,104
"VTSanghani-PRIME","54",0.692879670756431,0.751284298870107,57.5674196597354,0.470157547115927,0.778043626999809,0.70323956126155,81.1195652173913,0.640218046156094,0.66304347826087,0.902173913043478,92
"VTSanghani-PRIME","55",0.69060223941091,0.692485496510465,90.9774858223062,0.388968064426792,0.774257720594115,0.646896123594944,129.760869565217,0.499182162676928,0.695652173913043,0.902173913043478,92
"VTSanghani-PRIME","56",0.97630318904559,0.927245281750533,14.8254013377926,0.467569228740138,0.901298323425693,0.964557301382126,18.2596153846154,0.678102659914485,0.615384615384615,0.769230769230769,104
"fjordhest-ensemble","01",0.757051482071168,0.758855565526302,76.5456405936455,0.356516488158946,0.806546777738153,0.824120176304565,104.582307692308,0.481212093857066,0.394230769230769,0.798076923076923,104
"fjordhest-ensemble","02",1.03031074464422,1.09493960692224,9.20306023550725,0.421848029119601,0.975482089900238,1.13206161861855,12.8903125,0.616193560799343,0.3125,0.635416666666667,96
"fjordhest-ensemble","04",0.585398338198241,0.851810673065653,163.139647373188,0.365862201992411,0.703111368353127,1.00476318485123,234.762083333333,0.455334823499576,0.604166666666667,0.895833333333333,96
"fjordhest-ensemble","05",0.783251839865991,0.870238731599469,50.4561471153846,0.492187092776443,0.817340941823812,1.13208904904167,68.8775961538462,0.841930525326535,0.288461538461538,0.817307692307692,104
"fjordhest-ensemble","06",0.681918839027496,0.667447145940038,379.101831647157,0.292163030729103,0.778101363980838,0.908359199580111,542.143269230769,0.415540125213878,0.538461538461538,0.875,104
"fjordhest-ensemble","08",0.793030876588763,0.718909575288766,72.779872826087,0.340070760750109,0.856340987411936,0.840974652081435,100.948942307692,0.485369767000401,0.423076923076923,0.798076923076923,104
"fjordhest-ensemble","09",0.61486379487649,0.694072431158972,41.3801399665552,0.40377898133447,0.643937509325005,0.716475587372458,58.0605769230769,0.575045516052052,0.5,0.836538461538462,104
"fjordhest-ensemble","10",0.994476335373939,0.942800884369302,28.900408,0.476094801539677,1.01609679184188,0.938960945934193,36.2828,0.686597389969218,0.43,0.69,100
"fjordhest-ensemble","11",0.756799789689424,0.923683637850484,21.6190663043478,0.65664914404416,0.836225892142661,1.05955909724457,27.660875,0.944363203825886,0.2875,0.675,80
"fjordhest-ensemble","12",0.761235822912609,0.87591400775395,313.140638712375,0.307805993895795,0.930017945966225,1.21268685742024,463.093173076923,0.469017934097912,0.365384615384615,0.884615384615385,104
"fjordhest-ensemble","13",0.757290340142313,0.764963151029608,133.389775,0.411548737083008,0.830497058627749,0.960072664039353,180.814,0.577889701167988,0.44,0.71,100
"fjordhest-ensemble","15",0.89209218101527,0.942835025292118,12.2310676003344,0.282698042565654,0.957608843600532,0.985260833595133,17.7446153846154,0.42330050293922,0.326923076923077,0.778846153846154,104
"fjordhest-ensemble","16",0.849992812472022,0.859367126124324,31.6639396956522,0.414195518444162,0.922931163594675,1.05588246764052,44.6255,0.629688412001991,0.35,0.75,100
"fjordhest-ensemble","17",0.656901899491762,0.675365397498201,189.330548202341,0.357469389664204,0.72131948747169,0.723542233716184,259.960096153846,0.457195688051588,0.653846153846154,0.855769230769231,104
"fjordhest-ensemble","18",0.621582470892977,0.671541924544771,145.635941722408,0.422319747658859,0.65445016223977,0.736106122007186,188.974711538462,0.557605334743234,0.576923076923077,0.75,104
"fjordhest-ensemble","19",0.502537505017444,0.601543016650125,35.7162295568562,0.410315959422104,0.560272513255332,0.716447647634251,49.1841346153846,0.67467804742679,0.480769230769231,0.807692307692308,104
"fjordhest-ensemble","20",0.776459170866291,0.786397545368187,53.1641839046823,0.459733168650333,0.787598011849543,0.817462979525567,68.2379807692308,0.648122872048779,0.384615384615385,0.730769230769231,104
"fjordhest-ensemble","21",0.818704811565284,0.840636356346212,121.02735020903,0.507377912409598,0.823980973407636,1.09600387120065,155.038942307692,0.834699819659373,0.403846153846154,0.769230769230769,104
"fjordhest-ensemble","22",0.891441711912187,0.893844581960052,70.8763052257525,0.329289099579927,0.959325944315227,1.07454024237641,99.0307692307692,0.464980296072005,0.365384615384615,0.682692307692308,104
"fjordhest-ensemble","23",0.590080532746215,0.741716362235692,14.6022126976285,0.453543144800785,0.604783831481971,0.703110468666489,20.0190909090909,0.658878606887196,0.602272727272727,0.806818181818182,88
"fjordhest-ensemble","24",0.635821771810174,0.758826728315785,85.5527957357859,0.458780025358207,0.707660432658452,0.87082271233536,117.146346153846,0.694506982720497,0.403846153846154,0.711538461538462,104
"fjordhest-ensemble","25",0.554287347449578,0.684079869472827,108.577732232441,0.365794391820348,0.659446694250989,0.894495716452779,157.575769230769,0.543257986333859,0.442307692307692,0.788461538461538,104
"fjordhest-ensemble","26",0.721666627161016,0.712428974738625,158.640692767559,0.363523943711175,0.845969989327976,0.855275466196687,247.555673076923,0.544473010213951,0.471153846153846,0.875,104
"fjordhest-ensemble","27",0.534640354639891,0.683792144862054,82.5457882107023,0.398397234238973,0.652168086358586,0.777220104920338,120.309038461538,0.568469754124022,0.451923076923077,0.836538461538462,104
"fjordhest-ensemble","28",0.837300946668459,0.84066684171596,48.7693814381271,0.418583091834649,0.873559416193855,1.03864543158382,64.7895192307692,0.625976836043023,0.375,0.769230769230769,104
"fjordhest-ensemble","29",0.983250117785445,1.05126829050384,175.631220935728,0.588956512975306,1.03617451577018,1.47909600205816,223.559891304348,0.943196989514951,0.315217391304348,0.695652173913043,92
"fjordhest-ensemble","30",0.749063357024644,0.8294571385448,19.5547389039855,0.517908019959032,0.753947912872475,0.788451723070674,25.9036458333333,0.781367026539451,0.395833333333333,0.697916666666667,96
"fjordhest-ensemble","31",0.700254053506098,0.737560885467101,31.2320059782609,0.464358764830795,0.743853336706778,0.770640681235568,40.6509375,0.642860125225461,0.479166666666667,0.770833333333333,96
"fjordhest-ensemble","32",0.791582048749957,0.803658971184023,29.935168687291,0.294389450115618,0.857802291714262,0.915352750239433,43.8081730769231,0.415684690259329,0.528846153846154,0.875,104
"fjordhest-ensemble","33",0.679664132097928,0.717691969399044,27.5954188563327,0.42316979744653,0.761520322399392,0.777016412124227,37.6601086956522,0.596979120069922,0.445652173913043,0.630434782608696,92
"fjordhest-ensemble","34",0.586127381771965,0.644612261315722,149.171439043478,0.370814626041101,0.652229137619426,0.728702961378143,210.4387,0.532965385174845,0.46,0.77,100
"fjordhest-ensemble","35",1.01861130778267,1.15971256625374,31.9492566576087,0.427499500640073,1.04190681261514,1.35054860294405,47.2641666666667,0.670464659696607,0.427083333333333,0.75,96
"fjordhest-ensemble","36",0.657296813254106,0.709793172254239,251.575600710702,0.363265330525257,0.727392063626582,0.843249231665118,366.330673076923,0.547334363193133,0.413461538461538,0.740384615384615,104
"fjordhest-ensemble","37",0.555703209319374,0.654359354920696,158.205825334448,0.418844462633286,0.645764432285373,0.907492539851017,222.722596153846,0.679229235544255,0.451923076923077,0.759615384615385,104
"fjordhest-ensemble","38",1.00176350535712,0.983130405078451,12.4496133913043,0.481287739522214,0.941638884627684,0.890538343913088,16.0269,0.665328497065336,0.52,0.74,100
"fjordhest-ensemble","39",0.600363044584737,0.665695823133246,305.345002943841,0.459411944763056,0.646399005867881,0.719640266342123,395.869375,0.609965863519049,0.479166666666667,0.708333333333333,96
"fjordhest-ensemble","40",0.826703498609818,0.867252640061798,90.7590027882798,0.576378628496817,0.868356065536176,1.08825888528524,117.107391304348,0.824866404279163,0.5,0.771739130434783,92
"fjordhest-ensemble","41",0.885084851117051,1.02048144098422,81.6314849184783,0.485989524183102,0.943934674610488,1.36998712367516,108.942395833333,0.736760586295278,0.4375,0.760416666666667,96
"fjordhest-ensemble","42",0.69416271561543,0.855349239131778,425.284450459866,0.45605005024074,0.818271362922823,1.05204374388367,585.762211538462,0.641429392923684,0.375,0.711538461538462,104
"fjordhest-ensemble","44",0.755501303539009,0.858123195953226,18.8784380869565,0.462656101777724,0.826643065779633,0.926262642533417,25.4776,0.674689237458125,0.33,0.67,100
"fjordhest-ensemble","45",0.68457876012876,0.733026609125913,112.214949956522,0.487039592031888,0.746729113875175,0.907570504842626,145.5128,0.729276516643334,0.4,0.73,100
"fjordhest-ensemble","46",0.839899854406467,0.933529433715264,17.564008826087,0.552382586665806,0.874276122763654,0.997801734998785,22.9675,0.835421225228211,0.35,0.69,100
"fjordhest-ensemble","47",0.798360936736817,0.780870115547954,113.651845234114,0.388292984676334,0.858290101210006,0.968275202454104,154.397115384615,0.557511155074143,0.451923076923077,0.807692307692308,104
"fjordhest-ensemble","48",0.738944639893918,0.700142041930901,393.156141304348,0.340912985030305,0.825696499445279,0.922321481657891,524.7582,0.447401640697878,0.53,0.79,100
"fjordhest-ensemble","49",0.7425024387644,0.717741228480018,35.4436573160535,0.317945722875768,0.879065027037501,0.818555579335468,50.8761538461538,0.460219052701646,0.375,0.826923076923077,104
"fjordhest-ensemble","50",0.805736125987893,0.927397329649355,11.7723234782609,0.511957174750992,0.85749251331562,0.923254829206165,16.4107,0.785436428148636,0.31,0.68,100
"fjordhest-ensemble","51",0.687401848616387,0.72235567586634,100.530364046823,0.397333505157431,0.786121598170305,0.949763625970762,146.904807692308,0.606624644378027,0.442307692307692,0.836538461538462,104
"fjordhest-ensemble","53",0.809123713989514,0.704006546267746,85.5087375,0.354655755376748,0.921342571817359,0.823056749016417,128.315,0.520773443934763,0.489583333333333,0.875,96
"fjordhest-ensemble","54",0.646016164215033,0.728373627712566,55.1042436454849,0.489815542958982,0.665855874745183,0.76430398944997,70.6939423076923,0.74308095341808,0.384615384615385,0.759615384615385,104
"fjordhest-ensemble","55",0.42218283684828,0.573416802352389,63.6665128344482,0.372279602946133,0.49831931454421,0.60990175277155,93.0035576923077,0.532370941278369,0.519230769230769,0.836538461538462,104
"fjordhest-ensemble","56",0.81158245907097,0.857493139176985,10.9168482789855,0.416879929376652,0.7954052154032,0.937121975422316,14.5097916666667,0.638512205686246,0.447916666666667,0.833333333333333,96
