"model_id","location","wis_scaled_relative_skill","wis_scaled_relative_skill__log","wis","wis__log","ae_median_scaled_relative_skill","ae_median_scaled_relative_skill__log","ae_median","ae_median__log","interval_coverage_50","interval_coverage_95","n"
"CADPH-FluCAT_Ensemble","06",0.406799357706447,0.260807080694109,19.3139862136586,0.114520034381057,1.15474384350602,1.13029956369062,26.1641399170268,0.162543321841356,1,1,12
"CEPH-Rtrend_fluH","01",0.747170204038389,1.18448754261526,6.76809782608696,0.591883633641075,2.76249807731671,4.720617916131,11.9375,1.07300646144856,0.4375,1,16
"CEPH-Rtrend_fluH","02",0.809166575269041,1.22807771918772,1.26565217391304,0.557264317974657,0.875708356097981,0.924367637741545,1.75,0.78566973494488,0.4375,0.75,16
"CEPH-Rtrend_fluH","04",0.679186676249096,0.956239481423371,12.831875,0.437428277088127,1.51017186207206,2.39913843111297,19.5,0.698528792197629,0.8125,1,16
"CEPH-Rtrend_fluH","05",0.521052662008986,0.669063047142924,3.48546195652174,0.406836607135696,1.53922714030722,1.18384159662901,5.375,0.720606520789529,0.375,1,16
"CEPH-Rtrend_fluH","06",1.0260637851291,1.66898893768922,49.3118206521739,0.752431172597886,3.88336856094628,8.99706916813554,90.25,1.34188155059101,0.125,1,16
"CEPH-Rtrend_fluH","08",0.309944431864788,0.676319396478704,2.85679347826087,0.372531533130357,0.519699552849185,0.999009584370728,4.25,0.642456337406698,0.8125,1,16
"CEPH-Rtrend_fluH","09",0.213662841118708,0.548487916768068,1.35092391304348,0.312625469689031,0.403587977356444,0.706875036321163,1.3125,0.429183330278868,0.9375,1,16
"CEPH-Rtrend_fluH","10",0.550398470409592,0.853833095641546,1.33040760869565,0.375497310603326,1.15581658827517,0.979165497770816,1.875,0.601485853108345,0.5625,1,16
"CEPH-Rtrend_fluH","11",0.612565251030276,0.865941913593211,1.06317934782609,0.379388450724995,0.783944643189992,0.634097737523568,1.4375,0.573094898590995,0.75,0.9375,16
"CEPH-Rtrend_fluH","12",1.00079195574882,1.27134040059314,40.3988858695652,0.638006999613785,5.20193922605852,9.50691246582769,74.25,1.13491585697112,0.1875,1,16
"CEPH-Rtrend_fluH","13",0.511521469315955,0.963207722738475,7.58595108695652,0.608476223909186,1.11570282025743,1.86211348056595,12.375,1.07453000482451,0.5,1,16
"CEPH-Rtrend_fluH","15",1.05672922794144,1.60199355044342,4.85546195652174,0.74199737977153,0.964732587615744,1.72488871743995,7,1.12777648398765,0.0625,0.625,16
"CEPH-Rtrend_fluH","16",0.29690695964545,0.495176483932106,1.22138586956522,0.23735071099671,0.513313043918194,0.607017619413996,1.375,0.314453411331187,0.8125,1,16
"CEPH-Rtrend_fluH","17",0.624833991689176,1.1023145141588,13.4317663043478,0.745631570328494,1.28177372054546,2.42503371612324,22.3125,1.40558574225988,0.4375,1,16
"CEPH-Rtrend_fluH","18",0.3350410134863,0.669900485363043,4.47709239130435,0.38880762007949,0.959217181279783,1.23773665760671,4.875,0.509263796307684,0.875,1,16
"CEPH-Rtrend_fluH","19",0.371835613783644,0.800538983318125,1.82804347826087,0.468596389903737,0.712744050663876,0.892042834200965,2.6875,0.871228780118929,0.5625,0.9375,16
"CEPH-Rtrend_fluH","20",0.373469289724105,0.800771967430819,1.63565217391304,0.406666615356103,1.15049115983625,1.54561434842564,1.8125,0.58959274520565,0.625,1,16
"CEPH-Rtrend_fluH","21",0.742852879350303,1.27168397485614,8.14771739130435,0.876822136439174,1.46683544546916,2.00107360824357,13.875,1.61235357773404,0.125,0.9375,16
"CEPH-Rtrend_fluH","22",1.31175880236534,2.06912634375878,12.8975815217391,0.986944078690956,3.41928169078386,6.82791054284908,19.1875,1.58062029458388,0.1875,0.625,16
"CEPH-Rtrend_fluH","23",0.301459613403348,0.580673694320357,0.818260869565217,0.249561159895892,0.756144267464622,0.802164156780902,1.1875,0.431456308039547,0.875,1,16
"CEPH-Rtrend_fluH","24",0.579990717521449,0.591079534508964,5.20885869565217,0.302404228155741,2.05547865720981,1.98742111152716,6.625,0.409433662422183,0.8125,1,16
"CEPH-Rtrend_fluH","25",0.191869998855478,0.523061120754314,2.78260869565217,0.338139453848489,0.211055628706542,0.37949894894644,2.25,0.371540405441392,0.9375,1,16
"CEPH-Rtrend_fluH","26",0.290324443929079,0.724126891939937,5.03190217391304,0.458561566393577,0.835317025062327,1.38503021720029,6.25,0.693631361355435,0.875,1,16
"CEPH-Rtrend_fluH","27",0.262996874270365,0.506873509030794,2.70467391304348,0.280294170722507,0.251042813936102,0.462188028825576,2.75,0.384171445322927,0.9375,1,16
"CEPH-Rtrend_fluH","28",0.350948155885902,0.788761423142429,2.35994565217391,0.384769091055038,0.639230175572584,1.50568729422402,3.6875,0.648816012469455,0.5625,1,16
"CEPH-Rtrend_fluH","29",0.405991753507223,0.739272856828055,4.66467391304348,0.467475144731923,1.43757021421485,1.97183366248053,7.1875,0.761472011147175,0.8125,1,16
"CEPH-Rtrend_fluH","30",0.962533722912794,1.46311596880598,2.60092391304348,0.748301322895368,1.41762636484599,1.27525938056306,3.8125,1.14570353547456,0,0.875,16
"CEPH-Rtrend_fluH","31",0.373798176508475,0.766763809709188,1.18252717391304,0.410610573655464,0.524030873398588,0.683186471258042,1.4375,0.664548361231997,0.75,1,16
"CEPH-Rtrend_fluH","32",0.715843958361334,1.27190915438318,5.76184782608696,0.405817711280194,1.0470632801391,2.00405242679227,10.25,0.716806503378775,0.5,1,16
"CEPH-Rtrend_fluH","33",0.826379327037716,1.26499171495697,1.92538043478261,0.572139139794075,2.00835161144364,1.56927379345066,2.875,0.903170642256314,0.375,0.875,16
"CEPH-Rtrend_fluH","34",0.285127313049021,0.578665404858054,5.64616847826087,0.318359715682368,0.517324167562145,0.980815512027738,7.5,0.471038417339923,0.875,1,16
"CEPH-Rtrend_fluH","35",0.26420919274622,0.648108193010525,1.34130434782609,0.340422274079905,0.550579980133585,0.972459858050955,1.875,0.596047642046493,0.6875,1,16
"CEPH-Rtrend_fluH","36",0.34864245292238,0.633404249368315,11.6184510869565,0.415225368853462,0.767778177761699,1.23382787606828,15.8125,0.62940946566418,0.9375,1,16
"CEPH-Rtrend_fluH","37",0.279800054841316,0.5268741446782,4.84703804347826,0.339621416366162,0.763623246746594,0.916668630274597,3.9375,0.360150800136484,1,1,16
"CEPH-Rtrend_fluH","38",1.06954172780245,1.42536507084883,2.75067934782609,0.595944950666678,1.20183486637443,1.75353751142258,4,0.98362008583739,0.5,0.8125,16
"CEPH-Rtrend_fluH","39",0.398179354422699,0.687250907623145,8.68548913043478,0.455726880911774,1.87316924327104,2.03115402345841,11.25,0.689895229957473,0.6875,0.9375,16
"CEPH-Rtrend_fluH","40",0.451678924575451,0.635142084407702,3.99385869565217,0.397850018283725,1.08543088817323,1.26434416291977,6.3125,0.66111350422192,0.8125,1,16
"CEPH-Rtrend_fluH","41",0.277281174177488,0.637595584695988,2.05744565217391,0.372330485048572,0.563995892443916,0.809804585306058,2.8125,0.611008441616475,0.5625,1,16
"CEPH-Rtrend_fluH","42",1.22016648370447,1.70159316752164,51.9991576086957,0.657503780227031,4.09020073467494,7.84745182189781,95.875,1.16378694533542,0.3125,1,16
"CEPH-Rtrend_fluH","44",0.966717751414048,1.27220949115899,2.83709239130435,0.619996809638646,1.2999026637887,1.395103491452,4.25,1.04896012328077,0.375,0.9375,16
"CEPH-Rtrend_fluH","45",0.359950526118891,0.68047683348243,3.27625,0.398083517847633,0.95571988349829,1.35463178978167,4,0.645268808599443,0.875,1,16
"CEPH-Rtrend_fluH","46",0.553817540053433,0.875373296501176,1.34989130434783,0.427689229076528,0.837114292675624,1.01980441842373,2.0625,0.732739654913506,0.5625,1,16
"CEPH-Rtrend_fluH","47",0.635905391042982,1.14266184813025,8.7710597826087,0.520828312088429,1.86806036201578,3.49874580148674,15.5,0.913083360387821,0.4375,1,16
"CEPH-Rtrend_fluH","48",0.648523003442302,0.896799697105433,28.8504347826087,0.521389373064282,4.05845698337546,7.60046670179733,53.875,0.934738488986973,0.4375,1,16
"CEPH-Rtrend_fluH","49",0.681441392657767,0.915282760118997,2.52790760869565,0.406555762729428,1.21568010571077,1.43518711042367,4.25,0.736408302738586,0.25,0.9375,16
"CEPH-Rtrend_fluH","50",0.746082218704999,1.15094378467323,0.73616847826087,0.372102345693322,1.18067877183349,1.20739031710442,0.8125,0.49126156609201,0.625,0.875,16
"CEPH-Rtrend_fluH","51",0.419824731079717,1.0989856578128,5.59336956521739,0.650639076760931,1.66192666102516,3.67992307164238,9.5,1.20346219538798,0.4375,1,16
"CEPH-Rtrend_fluH","53",0.392877180133634,0.762347901608982,3.96051630434783,0.376226606299767,0.662091155247347,1.20106285069754,6.9375,0.679383212512137,0.4375,1,16
"CEPH-Rtrend_fluH","54",0.372247705652524,0.800353156020451,1.86160326086957,0.44349695784347,1.22520909160551,1.85649088762495,2.8125,0.841953633376506,0.625,1,16
"CEPH-Rtrend_fluH","55",0.246230136918369,0.698583261048082,2.09809782608696,0.447111681154713,0.553969221579976,0.836814602994963,2.375,0.751484443046014,0.625,1,16
"CEPH-Rtrend_fluH","56",0.771021864526152,1.09692971983966,2.07461956521739,0.544803675642062,0.862685479576672,1.03795285166159,3.1875,0.892830349353438,0.25,0.875,16
"CEPH-Rtrend_fluH","72",0.89700030660485,1.48137738260499,16.78125,0.46921864088684,1.15314064242489,2.16478201819397,29.125,0.819544122608694,0.375,1,16
"CFA_Pyrenew-Pyrenew_HE_Flu","01",0.630213033089769,0.743472746129031,5.30422201086957,0.321276822846848,2.23187673075017,2.81248351265519,9.1875,0.549505092599444,0,0.875,8
"CFA_Pyrenew-Pyrenew_HE_Flu","02",0.346973525947837,0.52556847337851,0.623158967391304,0.287446310638096,0.475175111415321,0.505883331309894,1.125,0.511793070277763,0.625,1,8
"CFA_Pyrenew-Pyrenew_HE_Flu","04",0.296734297417552,0.269485541717238,5.0994902173913,0.0957713721558343,0.612597396067096,0.627511023437423,7.125,0.134532748904515,0.75,1,8
"CFA_Pyrenew-Pyrenew_HE_Flu","05",0.370129520529251,0.679496705690286,2.00648985507246,0.265841406198289,1.17337005707675,1.20173076124204,3.33333333333333,0.429657780176298,0.666666666666667,1,6
"CFA_Pyrenew-Pyrenew_HE_Flu","06",0.507115026368934,0.33770516918383,20.7316945652174,0.107597919847511,1.63268285815241,1.65659032898709,29.5833333333333,0.157913760927161,0.833333333333333,1,6
"CFA_Pyrenew-Pyrenew_HE_Flu","08",0.566944423421794,0.641367681591856,3.21027608695652,0.232128575988987,1.36056315420411,1.39042631392346,5,0.396496257764831,0.5,1,2
"CFA_Pyrenew-Pyrenew_HE_Flu","09",0.322747332611136,0.645042327511241,1.50707173913043,0.330319513232485,1.12856650923193,1.18963921265173,2.75,0.618121032447361,0.5,1,4
"CFA_Pyrenew-Pyrenew_HE_Flu","10",0.290358374058138,0.538837745791751,0.710001086956522,0.217022953817094,0,0,1,0.287823136624256,0.75,1,8
"CFA_Pyrenew-Pyrenew_HE_Flu","11",0.532834233136844,0.777771494150989,0.791392663043478,0.318872394609791,0.716700564988179,0.555203830933482,1.125,0.462662746764062,0.625,1,8
"CFA_Pyrenew-Pyrenew_HE_Flu","12",0.504236966250231,0.403766974363936,18.1013331521739,0.165544626219701,2.15168793294584,2.53556413168303,28.625,0.261409657111859,0.5,1,8
"CFA_Pyrenew-Pyrenew_HE_Flu","13",0.326387725517843,0.392169900247286,5.07390027173913,0.240169933090722,0.684078394163793,0.69302423546642,8.4375,0.394434741326208,0.5,0.875,8
"CFA_Pyrenew-Pyrenew_HE_Flu","16",0.487641055985004,0.750887207542345,1.61926014492754,0.280203978922521,1.29929181070539,1.27653048655062,2.5,0.453966426345058,0.666666666666667,1,6
"CFA_Pyrenew-Pyrenew_HE_Flu","17",0.740738338081342,0.967878026492457,16.6565567934783,0.621785394117875,1.19137286765571,1.66645066437436,22,0.899171137296232,0,0.625,8
"CFA_Pyrenew-Pyrenew_HE_Flu","18",0.461786412271999,1.02941360891467,5.18853695652174,0.455064615379619,2.07649614320385,2.63621194560274,8.5,0.746023995292243,0.125,0.875,8
"CFA_Pyrenew-Pyrenew_HE_Flu","19",0.11830926208916,0.368741256138617,0.590002173913043,0.151752653749722,0.253612305946639,0.386807526257389,1,0.255412811882995,1,1,4
"CFA_Pyrenew-Pyrenew_HE_Flu","20",0.273448954305946,0.668648839699701,1.08712065217391,0.30086124470089,1.32063120691437,1.61085140596028,1.875,0.510240255277943,0.625,1,8
"CFA_Pyrenew-Pyrenew_HE_Flu","21",0.590301742107645,0.718352964314075,6.67706050724638,0.519407698672807,1.05073906636971,0.953603094382927,10.3333333333333,0.805515510483311,0,0.666666666666667,6
"CFA_Pyrenew-Pyrenew_HE_Flu","22",1.17801507869011,1.40707495014221,7.69425489130435,0.415104109771682,4.00385145845316,5.67307480910206,12.25,0.674817628362541,0,0.75,4
"CFA_Pyrenew-Pyrenew_HE_Flu","23",0.286772074375632,0.632371660329069,0.672176086956522,0.247912334256329,0.707874584280004,0.841549762248395,1,0.418494108392918,0.75,1,4
"CFA_Pyrenew-Pyrenew_HE_Flu","25",0.140252503433775,0.34993572346454,1.50686576086957,0.167641677617721,0.158362368935544,0.248183687661487,1.25,0.169469927107289,1,1,4
"CFA_Pyrenew-Pyrenew_HE_Flu","26",0.695213861286767,1.76914114748699,9.29492898550725,0.656926035932264,2.69996989802838,4.60174871430653,12.8333333333333,0.965286432334635,0,0.333333333333333,6
"CFA_Pyrenew-Pyrenew_HE_Flu","27",0.276703937318475,0.43246671094686,2.64678731884058,0.172916951531544,0.355021244310694,0.415489462271793,3.5,0.224470989878461,0.833333333333333,1,6
"CFA_Pyrenew-Pyrenew_HE_Flu","28",0.435130743318601,0.630105725615437,2.27189184782609,0.207408665408325,0.964695685386008,1.4250249372379,3.75,0.340161928481529,0.625,1,8
"CFA_Pyrenew-Pyrenew_HE_Flu","29",0.549495618361191,0.934794802222261,5.15967391304348,0.486847644888049,1.90149998516844,2.51328130452549,7.625,0.748493840976023,0.25,0.625,8
"CFA_Pyrenew-Pyrenew_HE_Flu","30",0.381776431036279,0.536646772228719,0.938480434782609,0.238364115245594,0.605832825027927,0.510499039093456,1.375,0.366399219052052,0.875,1,8
"CFA_Pyrenew-Pyrenew_HE_Flu","31",0.29955374765411,0.650414820625268,0.76755652173913,0.284744386924382,0.557255137058082,0.656550175614092,1.25,0.505137505962911,0.75,1,8
"CFA_Pyrenew-Pyrenew_HE_Flu","32",0.693098558227921,0.617177135417176,5.47599266304348,0.160574322537418,0.828556326794029,0.807472316354169,8.25,0.240515868624193,0.625,1,8
"CFA_Pyrenew-Pyrenew_HE_Flu","33",0.469934193843531,0.769663252102766,1.09244782608696,0.360781904952915,1.07337977100891,0.975612736533794,1.625,0.580749022563543,0.625,1,8
"CFA_Pyrenew-Pyrenew_HE_Flu","34",0.210515143921717,0.377511239109869,3.03601413043478,0.166223806935906,0.329696849886174,0.470624854363074,3.5,0.183621947643984,1,1,2
"CFA_Pyrenew-Pyrenew_HE_Flu","35",0.369970729527518,0.547121335286619,1.23413043478261,0.240427177781698,0.773658239732693,0.754209490056351,1.5,0.346573590279973,0.75,1,4
"CFA_Pyrenew-Pyrenew_HE_Flu","36",0.532321177549166,0.615696184670371,15.2694065217391,0.386305452402611,1.18939178526604,1.09697338296086,23.5,0.581488853392168,0.25,0.5,4
"CFA_Pyrenew-Pyrenew_HE_Flu","38",0.511814408653563,0.513626497960259,1.61201304347826,0.252485455557318,0.772445959500088,0.741445302124822,3.25,0.498107541172552,0.5,1,4
"CFA_Pyrenew-Pyrenew_HE_Flu","39",0.174250447254203,0.478116852435693,3.5675268115942,0.267202034764158,1.01115457669907,1.49758359842087,6.16666666666667,0.445243292611071,0.666666666666667,1,6
"CFA_Pyrenew-Pyrenew_HE_Flu","40",0.841161663196176,1.36583281944149,5.97311739130435,0.68258248488681,1.96145875226743,2.71668596605299,9,1.07962252480293,0,0.666666666666667,6
"CFA_Pyrenew-Pyrenew_HE_Flu","42",2.14029064144778,2.34242046463241,89.7864576086957,0.847685363135299,4.20165800763173,7.02258595302448,109,1.10318381521957,0,0,2
"CFA_Pyrenew-Pyrenew_HE_Flu","44",0.593610283704936,0.869566303544379,1.93402173913043,0.389038067599081,0.839283495295227,0.982099169209234,3.125,0.651738346407308,0.5,0.875,8
"CFA_Pyrenew-Pyrenew_HE_Flu","45",0.226859373022747,0.355619983843728,1.73556594202899,0.186552753068754,0.497658481064018,0.551240254032937,1.83333333333333,0.224759005522841,1,1,6
"CFA_Pyrenew-Pyrenew_HE_Flu","46",0.527098064082249,0.771598911616707,1.35305027173913,0.369104012538929,0.893110678517669,0.951492245730633,2.375,0.664867081718846,0.5,0.875,8
"CFA_Pyrenew-Pyrenew_HE_Flu","47",0.599656781855221,0.773429372321188,8.22289057971015,0.30955073803094,1.53806667853339,2.14239423721812,13.6666666666667,0.520870185755302,0.166666666666667,0.833333333333333,6
"CFA_Pyrenew-Pyrenew_HE_Flu","48",0.232559222622972,0.176386958120456,9.10669347826087,0.0823411382202787,0.66508856337933,0.715186855087814,8.75,0.0791133139677469,0.875,1,8
"CFA_Pyrenew-Pyrenew_HE_Flu","49",0.626661564129341,1.0146213184644,2.48288333333333,0.443548376963592,1.03051800738799,1.39714471604192,3.83333333333333,0.693147180559945,0.5,0.833333333333333,6
"CFA_Pyrenew-Pyrenew_HE_Flu","50",0.459466836663619,0.755132363116038,0.486522826086956,0.271757490950378,1.13493866514228,1.15503143762525,0.875,0.534583264877007,0.75,1,8
"CFA_Pyrenew-Pyrenew_HE_Flu","54",0.248817292501799,0.446729742617843,1.18886983695652,0.228113423282094,0.65439176484413,0.730491729253329,1.5,0.312194720917695,0.875,1,8
"CFA_Pyrenew-Pyrenew_HE_Flu","55",0.211654082262557,0.502479814460843,1.62528641304348,0.243760987472328,0.61324907592926,0.602591089575206,2.5,0.392710773272134,0.625,1,8
"CFA_Pyrenew-Pyrenew_H_Flu","01",0.527942236663544,0.61086149940227,4.43719972826087,0.263333962958395,1.91110027880772,2.30551612078389,7.875,0.450643733285072,0.625,1,8
"CFA_Pyrenew-Pyrenew_H_Flu","02",0.654498869799222,0.949960529460175,1.17715679347826,0.522972428645314,0.903879491390433,1.03322715900992,2.125,1.04637633515477,0.375,1,8
"CFA_Pyrenew-Pyrenew_H_Flu","04",0.649120450572244,0.625990667378437,11.0098038043478,0.218096399566214,1.49579981321561,1.69743027039757,16.8125,0.34950012064462,0.5,1,8
"CFA_Pyrenew-Pyrenew_H_Flu","05",0.411736184413068,0.72195251340588,2.3912722826087,0.324728194125516,1.31543789659391,1.28290463681701,4,0.548506911119255,0.625,1,8
"CFA_Pyrenew-Pyrenew_H_Flu","06",0.465153167241157,0.408796550680725,18.9910361413043,0.139352968617764,1.45030269076515,1.91496328626788,29.125,0.219742634117544,0.625,1,8
"CFA_Pyrenew-Pyrenew_H_Flu","08",0.427477518473957,0.57360594669921,3.71833315217391,0.253275921574004,0.706435801740925,0.815425762630451,5.5,0.38802891873721,0.625,1,8
"CFA_Pyrenew-Pyrenew_H_Flu","09",0.138857101434841,0.406036330876317,0.789980706521739,0.203375488210249,0.361903979074718,0.521215909467971,1.125,0.278174431787864,1,1,8
"CFA_Pyrenew-Pyrenew_H_Flu","10",0.397834100262219,0.692917743568697,0.977290489130435,0.282122043155448,0.718840638108168,0.754125252929739,1.25,0.420046923392738,0.75,1,8
"CFA_Pyrenew-Pyrenew_H_Flu","11",0.736855626593802,1.29644537430079,1.09234592391304,0.528717183603162,1.04002509734935,1.06517962286839,1.625,0.88115685515698,0.375,1,8
"CFA_Pyrenew-Pyrenew_H_Flu","12",0.664235323454291,0.557290152298053,23.5444342391304,0.224853836112719,2.81585980848995,3.49300195446746,36.5625,0.350774864083399,0.75,0.875,8
"CFA_Pyrenew-Pyrenew_H_Flu","13",0.671628941571197,0.869109428647844,10.5751421195652,0.536019374245947,1.36179300656014,1.57894147702232,17,0.901981351910488,0.125,0.875,8
"CFA_Pyrenew-Pyrenew_H_Flu","15",1.77731368529124,1.16316132573753,9.96960108695652,0.59106136375543,1.64732826286933,1.23134294164953,14.625,0.876273085618765,0.375,0.75,8
"CFA_Pyrenew-Pyrenew_H_Flu","16",0.442043836420116,0.685142824816731,1.55596114130435,0.25241189079254,0.916401185392915,0.977011697976629,2,0.348126405279792,0.625,1,8
"CFA_Pyrenew-Pyrenew_H_Flu","17",0.739603585916659,0.917046438397975,16.4745614130435,0.582393898274771,1.23125913404024,1.65385031757409,22.625,0.885807343835722,0.25,0.625,8
"CFA_Pyrenew-Pyrenew_H_Flu","18",0.256901341516616,0.446243912135296,2.91966086956522,0.19989223216117,1.08743440351319,1.11769868618218,4.5,0.321363559999615,1,1,8
"CFA_Pyrenew-Pyrenew_H_Flu","19",0.34893457705769,0.74353153196627,1.68500434782609,0.409073236393165,0.713526934934558,0.816074992794656,2.75,0.755744091549006,0.625,0.875,8
"CFA_Pyrenew-Pyrenew_H_Flu","20",0.310694941754117,0.761961311387549,1.23679565217391,0.342573219156261,1.23853882333083,1.54996427369347,1.75,0.489002875678518,0.625,1,8
"CFA_Pyrenew-Pyrenew_H_Flu","21",0.869373972665661,1.27950646535675,8.77245217391304,0.805807859394499,1.48768245298009,1.72992136641896,13,1.25577289678147,0,0.5,8
"CFA_Pyrenew-Pyrenew_H_Flu","22",0.640934934396755,0.615940663736114,4.8557785326087,0.220493207789325,1.63025285016354,1.92711638096126,6.8125,0.322541597292889,0.625,1,8
"CFA_Pyrenew-Pyrenew_H_Flu","23",0.387194141612766,0.656013006898674,0.944989673913043,0.227414451564754,0.744479200310345,0.707633028563165,1.0625,0.289204366147579,1,1,8
"CFA_Pyrenew-Pyrenew_H_Flu","24",0.745914459707843,0.63961376977375,6.36466086956522,0.30237231155986,2.78610233462631,2.35003203015389,9.25,0.474013752879067,0.625,1,8
"CFA_Pyrenew-Pyrenew_H_Flu","25",0.189916588195551,0.418050508945957,2.18128043478261,0.165510174771779,0.208464608136883,0.286408716267794,1.625,0.150780369107559,1,1,8
"CFA_Pyrenew-Pyrenew_H_Flu","26",0.238889242445563,0.457462906707698,3.33524211956522,0.198284958706067,0.872012909126921,1.01415010986674,4.75,0.2916695939576,0.75,1,8
"CFA_Pyrenew-Pyrenew_H_Flu","27",0.730891620468935,0.702683474956813,6.93881304347826,0.280863870700711,0.955852070455614,0.708239670801368,9.625,0.38312742319037,0.75,0.875,8
"CFA_Pyrenew-Pyrenew_H_Flu","28",0.972619345012403,0.841050520156704,5.15653614130435,0.278429209658589,1.99931134356697,1.87256941100511,7.875,0.450707463490449,0.625,1,8
"CFA_Pyrenew-Pyrenew_H_Flu","29",0.44244303326578,0.824090841370155,4.11876576086956,0.425505705409701,1.82193386374007,2.56731951288598,7.25,0.758581773224889,0.125,1,8
"CFA_Pyrenew-Pyrenew_H_Flu","30",0.543670771757073,0.866917669119362,1.36712065217391,0.394429649812548,0,0,1.375,0.498623005820534,0.75,0.875,8
"CFA_Pyrenew-Pyrenew_H_Flu","31",0.371008730296662,0.785558026005935,0.941985869565218,0.342330421065626,0.675762037136324,0.782558431089412,1.5,0.598436467847756,0.75,1,8
"CFA_Pyrenew-Pyrenew_H_Flu","32",1.09782223779204,0.846426312887039,8.69530625,0.217375124639969,1.311019055202,1.15782631716638,13,0.339584599713732,0.5,1,8
"CFA_Pyrenew-Pyrenew_H_Flu","33",0.463877022193931,0.943929787669944,1.08647418478261,0.442956278015147,1.1361581393237,1.29321563714733,1.75,0.771723262987742,0.375,1,8
"CFA_Pyrenew-Pyrenew_H_Flu","34",0.420619489240701,0.422432763424044,7.70423532608696,0.19254165697251,0.779813377803859,0.760288413899885,11,0.315208510198136,0.625,1,8
"CFA_Pyrenew-Pyrenew_H_Flu","35",0.448433829604056,0.608964452376517,2.18539347826087,0.274151691706084,0,0,2.625,0.373210242212561,0.75,1,8
"CFA_Pyrenew-Pyrenew_H_Flu","36",0.275282888047346,0.354676938076596,8.49337282608696,0.192383315565217,0.573749681201993,0.611393743680781,11.5,0.258446794619556,0.625,1,8
"CFA_Pyrenew-Pyrenew_H_Flu","37",0.235242392551352,0.404304822461615,3.69048967391304,0.225475549023238,1.05230469801841,1.04492407347486,5.3125,0.359652556238311,0.75,1,8
"CFA_Pyrenew-Pyrenew_H_Flu","38",0.892306803373933,1.01286820629575,2.44343967391304,0.421100271029611,1.06060100059108,1.19188185225709,3.875,0.677908836454915,0.375,1,8
"CFA_Pyrenew-Pyrenew_H_Flu","39",0.189969434248667,0.435773280897505,3.8386285326087,0.260251008905275,0.971206966661006,1.40169291386364,5.625,0.420952332712036,0.625,1,8
"CFA_Pyrenew-Pyrenew_H_Flu","40",0.531057463839686,0.765585685569167,4.12854809782609,0.425745100576009,1.31478935634333,1.57752492994957,6.75,0.710602929762992,0.375,1,8
"CFA_Pyrenew-Pyrenew_H_Flu","41",0.487880785689601,0.699749707464575,3.10604918478261,0.334526343690356,0.95442925318312,0.884888124750598,4,0.520996456192309,0.625,1,8
"CFA_Pyrenew-Pyrenew_H_Flu","42",0.613069694075107,0.518056408869661,21.6970355978261,0.149066198989758,1.60597884420937,1.89544561039739,31.8125,0.216612587732511,0.875,1,8
"CFA_Pyrenew-Pyrenew_H_Flu","44",0.842777099616475,1.14644690908453,2.73671059782609,0.514507147800622,1.14720769833166,1.31053707167616,4.25,0.865502781430751,0.5,1,8
"CFA_Pyrenew-Pyrenew_H_Flu","45",0.551250541316875,0.704172331221129,4.74176847826087,0.369929059222477,1.72613733951703,1.46670505416869,7.25,0.618011656942697,0.5,1,8
"CFA_Pyrenew-Pyrenew_H_Flu","46",0.521689242439109,0.778437125738145,1.34638804347826,0.375101647930065,0.83916865494262,0.895120408203757,2.25,0.631871388489538,0.5,1,8
"CFA_Pyrenew-Pyrenew_H_Flu","47",0.513331510285307,0.46124543884964,6.49366684782609,0.173691547112469,1.10867278664318,1.14055200968249,8.375,0.238490027323559,0.875,1,8
"CFA_Pyrenew-Pyrenew_H_Flu","48",0.396668173304101,0.307749802039793,15.6340078804348,0.145576145437753,1.7229934607782,1.9918814492906,21.8125,0.213463286254657,0.75,1,8
"CFA_Pyrenew-Pyrenew_H_Flu","49",0.828491876548697,0.818365955187928,3.01453179347826,0.341041328749812,1.1777861381233,1.16788249832505,4.125,0.56435412150361,0.625,1,8
"CFA_Pyrenew-Pyrenew_H_Flu","50",0.418384142985938,0.681783899262798,0.459402173913044,0.254105866342554,0,0,0.625,0.361296469737021,0.75,1,8
"CFA_Pyrenew-Pyrenew_H_Flu","51",0.510145245016884,0.495397080608056,5.66288913043478,0.233051960599598,1.5051915505028,1.27675643133877,7.125,0.315463077416123,0.75,1,8
"CFA_Pyrenew-Pyrenew_H_Flu","53",0.427987424684407,0.487257575695017,3.76994538043478,0.186341552095767,0.616842058000071,0.667708892257273,5.625,0.28795910318989,0.75,1,8
"CFA_Pyrenew-Pyrenew_H_Flu","54",0.292973801792205,0.682700747708084,1.42598722826087,0.357744750190594,1.00935336810333,1.38927874409621,2.375,0.613159347304804,0.375,1,8
"CFA_Pyrenew-Pyrenew_H_Flu","55",0.21588734698034,0.829854110197004,1.68119782608696,0.40865226991721,0.661444071853385,1.06018424588311,2.75,0.706317245017174,0.375,0.875,8
"CFA_Pyrenew-Pyrenew_H_Flu","56",0.96149216522626,1.20824426455036,2.78577989130435,0.527920401045963,1.06201727697117,1.15515525316346,4.375,0.886556127490143,0.25,1,8
"CMU-TimeSeries","01",0.423261824820359,0.471495873677313,3.79382480349215,0.230634016687894,1.47464382958611,1.64467814162627,6.3131038484768,0.36600073552065,0.375,1,16
"CMU-TimeSeries","02",0.686049158070484,1.11040353060148,1.09656131702274,0.513543499900914,0.771355360724901,0.868280028507222,1.55907053102838,0.743245439492214,0,0.5,16
"CMU-TimeSeries","04",0.37021378254588,0.387406676290612,6.90902602978017,0.171908455929549,0.963538313402059,1.04600289020573,12.0964050264725,0.291060617267569,0.5,1,16
"CMU-TimeSeries","05",0.312230372560303,0.616699527988345,2.07930691936465,0.375425473148313,0.967473699871211,0.988645800336385,3.35155431712908,0.598100579951274,0.3125,1,16
"CMU-TimeSeries","06",0.474775052621746,0.46811710848873,22.4103623462363,0.203461938498152,1.84311478925241,2.46156332496011,42.3128346250855,0.354963257227587,0.1875,1,16
"CMU-TimeSeries","08",0.261792945551348,0.398540606543538,2.43900941984909,0.220343290326291,0.434825875984395,0.555156307611213,3.65578285332395,0.362568970335654,0.5,1,16
"CMU-TimeSeries","09",0.227148189418066,0.497200060796512,1.43156387283671,0.279696950433285,0.64843034353283,0.75805894874824,2.08313733456938,0.446045254918117,0.4375,1,16
"CMU-TimeSeries","10",0.26701128622893,0.580350589844471,0.632171107982803,0.25273148868272,0.584315782434261,0.624464505563424,0.929261505009975,0.379039780474612,0.5625,0.75,16
"CMU-TimeSeries","11",0.83120120055892,1.50412300379778,1.44032687271028,0.650867517237931,1.00212879235626,0.990707460859757,1.81617564019212,0.87552765889292,0.0625,0.5,16
"CMU-TimeSeries","12",0.374045401190724,0.287292440694489,14.6837524770608,0.13763384043236,1.62720568329907,1.69653303568078,22.6133071731731,0.193029662759401,0.5,1,16
"CMU-TimeSeries","13",0.354303811094926,0.449579227145002,5.23593771699546,0.279147722197947,0.758951292959363,0.793108565847023,8.38772282457266,0.448949357827714,0.375,1,16
"CMU-TimeSeries","15",0.70210599546127,0.799338422897973,3.16585032452416,0.35954878632412,0.664524388559684,0.87177480806675,4.72746000982502,0.551976301579229,0.375,0.8125,16
"CMU-TimeSeries","16",0.273442172412274,0.492091407402787,1.10828217909471,0.231822738375343,0.69789757193922,0.770980881741669,1.81623066188067,0.387145111544204,0.5,1,16
"CMU-TimeSeries","17",0.500366663281814,0.548898434896106,10.6685471069304,0.363492843772976,0.903206590906724,0.951471226371365,15.5847881916134,0.536927664889794,0.5625,0.9375,16
"CMU-TimeSeries","18",0.204068687754409,0.38108242581641,2.72778953795876,0.22085057854465,0.810508164402573,0.842182643395365,4.12903950548072,0.345331779725319,0.625,1,16
"CMU-TimeSeries","19",0.29305274673769,0.753929691797439,1.44497101131593,0.439273270291197,0.646650725324415,0.795567787560568,2.42764716874553,0.760939180039528,0.0625,0.875,16
"CMU-TimeSeries","20",0.173069525741895,0.359525316621024,0.749925454670044,0.18233157721503,0.705750320645805,0.717360999015657,1.12667732656801,0.278562301368934,0.6875,1,16
"CMU-TimeSeries","21",0.631454700976103,0.826924844136656,6.89953937556202,0.563774393286771,1.18193349142682,1.16267748098204,11.1237755409794,0.922181256025797,0.0625,1,16
"CMU-TimeSeries","22",0.398351745377796,0.359043790034011,3.85245205318303,0.166007488884519,1.1537283334214,1.17108809649451,6.45947698448697,0.265640587086468,0.3125,1,16
"CMU-TimeSeries","23",0.24669665237274,0.605719753268101,0.669411224972,0.26223896973622,0.70722128894379,0.803853252676941,1.12071880068116,0.436077962778595,0.4375,0.8125,16
"CMU-TimeSeries","24",0.280265391441775,0.418421102350744,2.55941507096824,0.215875859933531,1.21705904194104,1.55078083429226,4.05297299430731,0.327308386006473,0.5,1,16
"CMU-TimeSeries","25",0.161046733382961,0.45126376807471,2.36635944395185,0.299273350881307,0.244436671572593,0.429380993322344,2.56632510649706,0.414782397630222,0.625,0.9375,16
"CMU-TimeSeries","26",0.221002964524293,0.42737437162403,3.90088778796025,0.272024296607567,0.704055810220902,0.802291013713819,5.34667064056682,0.398278029192148,0.625,1,16
"CMU-TimeSeries","27",0.198325098221303,0.396199825517687,2.06828829318371,0.224025085885285,0.239129816482466,0.378037831639351,2.65516290645648,0.319551316665173,0.8125,1,16
"CMU-TimeSeries","28",0.286658616388739,0.365789964207613,1.94637775076751,0.177292921714577,0.49141172027022,0.629057301572994,2.89030539962582,0.272095976042754,0.5,1,16
"CMU-TimeSeries","29",0.332467649851149,0.533361901114736,3.77032648793449,0.329972813079964,1.31775410201763,1.48689089867824,6.44493001929282,0.555083635490666,0.375,1,16
"CMU-TimeSeries","30",0.49541115708255,0.876516622021538,1.3861166033378,0.459719952065259,0.700974838955649,0.77114914070431,1.95938416210934,0.712475219194422,0.3125,0.8125,16
"CMU-TimeSeries","31",0.436407139525298,1.0249072337826,1.3742318245773,0.547971044969199,0.766012038064191,0.876902793903805,2.06102678057745,0.848392668486783,0.125,0.375,16
"CMU-TimeSeries","32",0.441547380071234,0.477516479072332,3.54501558425542,0.148445920225286,0.550133841210358,0.629933314623561,5.38316323394489,0.220050667113691,0.625,1,16
"CMU-TimeSeries","33",0.383337848087654,0.793540362068095,0.89577857397948,0.362038232244493,1.03158898241278,1.04517349080748,1.48188361712235,0.604503540843919,0.125,0.75,16
"CMU-TimeSeries","34",0.164157736455848,0.23997217571609,3.22514290435216,0.12815219245424,0.236098454862894,0.265815411074974,3.31691025010146,0.12064697437698,1,1,16
"CMU-TimeSeries","35",0.267016933458912,0.51787022497708,1.37590114963751,0.272933544294149,0.578519929525354,0.689831418475939,2.01803199412854,0.427300583479495,0.4375,1,16
"CMU-TimeSeries","36",0.232269991759719,0.316706953176472,7.72185464561044,0.202866768027625,0.49231419460504,0.554771196524121,10.0342741530263,0.27401752966293,0.6875,1,16
"CMU-TimeSeries","37",0.127014605187315,0.281537090012667,2.19351963625674,0.17998027137356,0.462248902993791,0.540379172727258,2.39298891816638,0.211105756612862,0.8125,1,16
"CMU-TimeSeries","38",0.849539030188,0.926462282629704,2.16785494176836,0.382219840404104,0.969440353796836,1.06274515909762,3.19930635988414,0.584972695976193,0.3125,0.875,16
"CMU-TimeSeries","39",0.123122045779982,0.261013523582787,2.72753236718002,0.172552472460134,0.488528991144188,0.574109991937097,2.99669855170076,0.194106278434518,0.9375,1,16
"CMU-TimeSeries","40",0.416300676883275,0.553435873788417,3.64383750546254,0.339184340656708,1.12823420504835,1.16276926601183,6.39124477440422,0.583960856151002,0.1875,1,16
"CMU-TimeSeries","41",0.244686446373991,0.566715343787581,1.80510533441465,0.3265361319586,0.573392674805118,0.69716982950147,2.81817495632459,0.513643348141277,0.5625,1,16
"CMU-TimeSeries","42",0.824102668528457,0.751527912012713,34.5188677559967,0.280114666778341,2.41063936168022,3.03106273152886,55.6280671989789,0.433830287291442,0.125,1,16
"CMU-TimeSeries","44",0.554639853178717,0.84733976070567,1.60659363821988,0.409177112082587,0.738941938245328,0.861849576899009,2.39180848584217,0.641201687602661,0.25,0.6875,16
"CMU-TimeSeries","45",0.204705439589112,0.397469311258036,1.85113146618657,0.231048721484071,0.635051258066398,0.743511771490931,2.65346564808782,0.348033361662608,0.625,1,16
"CMU-TimeSeries","46",0.480665652663865,0.78126471531222,1.16234769427242,0.376448252387354,0.742973724935775,0.805271743938887,1.81020829699831,0.567760625253822,0.4375,0.75,16
"CMU-TimeSeries","47",0.290911360269525,0.331780967982218,3.93345496255609,0.145638719717502,0.725571234282568,0.817067969769875,5.88711076000541,0.204448927531041,0.75,1,16
"CMU-TimeSeries","48",0.255552244931883,0.213886060208073,11.0833247039301,0.118707090539657,0.941451917005467,1.00795480505185,12.0614520801622,0.116709777929518,0.875,1,16
"CMU-TimeSeries","49",0.49123323447631,0.759903776039064,1.85444521992687,0.340967303476115,0.798280631548268,1.01726766924146,2.83165309271901,0.524185963524624,0.3125,0.9375,16
"CMU-TimeSeries","50",0.514313777158461,0.892289984041567,0.513303652424134,0.291444817338376,0.944598793121173,0.957234267648337,0.653756812064136,0.38950504689802,0.0625,0.625,16
"CMU-TimeSeries","51",0.173487892327006,0.248912990500528,2.29189698248579,0.144789362354629,0.53683024226177,0.612237768415231,3.05428410250774,0.196908347353397,0.75,1,16
"CMU-TimeSeries","53",0.272414337499747,0.361270323356434,2.71636335957903,0.174328346889108,0.361245035354763,0.44195879986737,3.74658197775918,0.243913322781969,0.8125,1,16
"CMU-TimeSeries","54",0.217033517598299,0.449724519054743,1.06851372913241,0.244290705883923,0.760856853287067,0.912713918161839,1.72854805438075,0.404539716879804,0.375,1,16
"CMU-TimeSeries","55",0.188303894270881,0.586053160640272,1.59598246568406,0.382784443412754,0.521839172124133,0.634532886939568,2.25557598659932,0.581850243369538,0.5625,0.8125,16
"CMU-TimeSeries","56",0.549866204081027,0.784741902574076,1.46715879215383,0.388476506782405,0.602461042617335,0.710488504088797,2.19895085419191,0.608152878400022,0.3125,0.75,16
"CMU-TimeSeries","72",0.505187172609651,0.53251865332958,9.39350007489968,0.167140933670201,0.601365130570831,0.703677325094115,15.0955093102261,0.263879406475503,0.5,1,16
"CU-ARNB_Net","01",0.328384162599169,0.346050445214236,2.95940217391304,0.170815953191538,0.886160561984226,0.916441508128784,3.8125,0.205480965064825,0.8125,1,16
"CU-ARNB_Net","02",0.68075716582609,1.00404554306309,1.07423913043478,0.459707409323629,0.840610572369695,0.872614945370742,1.6875,0.746381693730982,0.5,1,16
"CU-ARNB_Net","04",0.481114150822829,0.539440927173103,9.0145652173913,0.239979821387105,1.09071188005372,1.2884172888211,13.6875,0.358768239583716,0.4375,1,16
"CU-ARNB_Net","05",0.301077026530967,0.619445495467345,1.95665760869565,0.364814117138369,1.03384505064722,1.12994405943556,3.5,0.663676770264349,0.375,1,16
"CU-ARNB_Net","06",0.619035138943113,0.722338530249569,29.6691847826087,0.32157128247132,2.34724998633823,3.71695602012648,54.9375,0.550663893648032,0.375,1,16
"CU-ARNB_Net","08",0.347635955161457,0.478319027026589,3.22135869565217,0.260143784407813,0.496279498257924,0.513286563926056,4.1875,0.328940895638699,0.9375,1,16
"CU-ARNB_Net","09",0.144087910733808,0.411925888946561,0.90929347826087,0.234071064497273,0.304850005803593,0.445942014189388,1,0.270548882509692,0.9375,1,16
"CU-ARNB_Net","10",0.346600380204223,0.685452691636221,0.823315217391304,0.298310653926591,0.784691802623592,0.813000424423753,1.25,0.494589348249436,0.8125,1,16
"CU-ARNB_Net","11",0.626955262817683,1.07536623868555,1.08815217391304,0.466173429840849,0.971832610553598,0.93713421723361,1.75,0.822406401501263,0.5,0.8125,16
"CU-ARNB_Net","12",0.724815512600772,0.730595288089733,28.8880706521739,0.358214666740937,3.80073213737563,5.29748944139888,53.875,0.619520672332895,0.3125,1,16
"CU-ARNB_Net","13",0.420692175935439,0.620702608475262,6.22779891304348,0.386027249437582,0.906421398980101,1.08027884581855,10,0.610924252493308,0.5625,1,16
"CU-ARNB_Net","15",0.694574518184245,0.829909260013132,3.14298913043478,0.373584017911302,0.720308823084378,0.932833862823505,5.125,0.588945971439129,0.625,1,16
"CU-ARNB_Net","16",0.305290943267108,0.55733221182529,1.24817934782609,0.264626127642543,0.732267100637304,0.847446694342826,1.9375,0.432039138076046,0.75,1,16
"CU-ARNB_Net","17",0.595591137231653,0.776946044227341,12.6445108695652,0.511413628230323,1.08903019533648,1.35981503790178,18.8125,0.765170880625736,0.5625,0.8125,16
"CU-ARNB_Net","18",0.214356082470453,0.405817135459484,2.86861413043478,0.235252486556212,0.839208690948951,0.887733755721734,4.3125,0.366527537174495,0.8125,1,16
"CU-ARNB_Net","19",0.333587894850455,0.816078990649665,1.64108695652174,0.474544314632924,0.699988593373444,0.841667403222921,2.625,0.806847511242772,0.375,0.9375,16
"CU-ARNB_Net","20",0.232079933680793,0.581266836849477,1.00127717391304,0.293098336021884,1.02216876054784,1.23157426088146,1.625,0.47505640372138,0.5625,1,16
"CU-ARNB_Net","21",0.713389650385293,1.06114948989086,7.79676630434783,0.723486855593369,1.36831409484578,1.51102691365858,12.875,1.19950554521358,0.0625,0.8125,16
"CU-ARNB_Net","22",0.785331899397306,0.930575936583039,7.66752717391304,0.436511993919283,2.43330675319227,3.26557215068512,13.6875,0.748852090641608,0.25,1,16
"CU-ARNB_Net","23",0.288040230393219,0.617909428419544,0.786467391304348,0.26885211128587,0.544652408991202,0.652117665743049,0.875,0.359037779323528,0.875,1,16
"CU-ARNB_Net","24",0.252506798719294,0.347182165984233,2.28978260869565,0.177938995964839,0.796480581441884,0.886771033024534,2.625,0.185122018571178,0.9375,1,16
"CU-ARNB_Net","25",0.238073068047582,0.520542237325192,3.48239130434783,0.340399816975848,0.482228571745238,0.597207315669449,5,0.562341022451874,0.6875,1,16
"CU-ARNB_Net","26",0.207741029162825,0.440091155955858,3.59383152173913,0.273541691939437,0.755248987574127,0.873674236913342,5.5625,0.418201783038893,0.8125,1,16
"CU-ARNB_Net","27",0.385696791160962,0.591073801710512,4.00288043478261,0.329530935038305,0.571731928590283,0.687371615830905,6.3125,0.567836685374447,0.4375,1,16
"CU-ARNB_Net","28",0.316537020528297,0.510273145929535,2.10548913043478,0.243649916286899,0.539869103514617,0.815724374762558,3.0625,0.343651102658817,0.875,1,16
"CU-ARNB_Net","29",0.358879754165567,0.65012850623212,4.07608695652174,0.403001677396545,1.47092471726694,1.82703129908831,7.1875,0.682267782728535,0.375,1,16
"CU-ARNB_Net","30",0.507060895355662,0.865729691450827,1.40040760869565,0.448974667031656,0.786213372503653,0.87778548837817,2.1875,0.808252064733526,0.5625,0.9375,16
"CU-ARNB_Net","31",0.440617901113804,0.957294150943853,1.39548913043478,0.513662736710789,0.769496986972493,0.863160203267634,2.0625,0.833801498800885,0.4375,0.9375,16
"CU-ARNB_Net","32",0.631450739636089,0.886024135544493,5.02163043478261,0.273932257872298,0.842782692443214,1.19080006056059,8.125,0.41263140455128,0.625,1,16
"CU-ARNB_Net","33",0.34178637359882,0.711028012058971,0.800652173913043,0.325164410396488,0.945536837111802,0.971967282719913,1.375,0.569061241019897,0.625,1,16
"CU-ARNB_Net","34",0.300052347083036,0.373780484745933,5.90171195652174,0.199619379091701,0.561503117959135,0.610553719661,7.875,0.277272610804361,0.75,1,16
"CU-ARNB_Net","35",0.243505885956586,0.457803308898096,1.24559782608696,0.238507613904457,0.453438416974936,0.537388281914061,1.5625,0.328107199044301,0.8125,1,16
"CU-ARNB_Net","36",0.252713464889961,0.454180708953602,8.31809782608696,0.289564689460238,0.64132457521653,0.793820973797784,12.875,0.387987262143611,0.8125,1,16
"CU-ARNB_Net","37",0.159276437565833,0.332811727691112,2.74529891304348,0.212099299995404,0.766212776192895,0.811105420499462,3.9375,0.313902083073034,0.75,1,16
"CU-ARNB_Net","38",0.747135371972073,0.848776968156757,1.91138586956522,0.351740976137697,0.928229089992816,0.990999075886073,3.0625,0.54609104351949,0.5625,0.9375,16
"CU-ARNB_Net","39",0.167058276648831,0.376698280710712,3.67663043478261,0.248563539775416,0.978633788810211,1.15727442461612,5.9375,0.388070320775566,0.6875,1,16
"CU-ARNB_Net","40",0.399680624552099,0.541876768961328,3.49529891304348,0.331346125218797,1.09157631128732,1.11324664510512,6.1875,0.559418142673716,0.375,1,16
"CU-ARNB_Net","41",0.263150673697316,0.601229915486525,1.94578804347826,0.347916598072446,0.605760212970752,0.75748560041627,3,0.561264259459117,0.625,1,16
"CU-ARNB_Net","42",1.03269377658817,1.15542342090913,43.2882608695652,0.432682063066584,3.42794852722139,5.19154750209804,79.25,0.746571238565726,0.1875,1,16
"CU-ARNB_Net","44",0.519433792300459,0.795747311254938,1.51252717391304,0.387558712959646,0.752643320409984,0.859218920011883,2.4375,0.643565547258842,0.6875,1,16
"CU-ARNB_Net","45",0.224829669211014,0.432425719945197,2.03070652173913,0.250527588230385,0.568696847945591,0.678659714025486,2.375,0.317959510300013,0.875,1,16
"CU-ARNB_Net","46",0.51948909998433,0.801748237653808,1.26923913043478,0.389479874902383,0.838067435352193,0.893178184612356,2.0625,0.633924752543981,0.625,1,16
"CU-ARNB_Net","47",0.346913849685857,0.376478251405473,4.72040760869565,0.166519460411675,0.632174996096366,0.718007779402247,5.1875,0.181685185750585,0.9375,1,16
"CU-ARNB_Net","48",0.397568800606286,0.421157722425864,17.5871467391304,0.241457277215382,2.31864654239297,3.2285634545909,30.8125,0.393003407981097,0.6875,1,16
"CU-ARNB_Net","49",0.470048376013408,0.701110494661882,1.76328804347826,0.312825392579585,0.808311760437777,1.01963976460832,2.875,0.527526258288145,0.5625,1,16
"CU-ARNB_Net","50",0.42959856302072,0.719464280640148,0.427282608695652,0.235021459684712,1,1,0.6875,0.404618168522017,0.8125,1,16
"CU-ARNB_Net","51",0.217629910564464,0.297022720467388,2.85940217391304,0.171713282717587,0.597421296756666,0.662404127737834,3.375,0.211573492982133,0.8125,1,16
"CU-ARNB_Net","53",0.327087513548496,0.487145220427051,3.27510869565217,0.238267786299433,0.449866130697149,0.600481849705383,4.6875,0.33711866368568,0.8125,1,16
"CU-ARNB_Net","54",0.252007344211983,0.594707867375928,1.2433152173913,0.325211252306178,0.955620648241675,1.293761246756,2.1875,0.581247033166617,0.6875,1,16
"CU-ARNB_Net","55",0.175189672070348,0.579543028229961,1.47024456521739,0.370440941479418,0.492992966706669,0.682593743185817,2.125,0.619246368930344,0.6875,1,16
"CU-ARNB_Net","56",0.578873353973078,0.836168712278669,1.54913043478261,0.414005927681047,0.701674869472206,0.829279289161714,2.5625,0.709437162364,0.375,1,16
"CU-ARNB_Net","72",0.69474378555692,0.79171035251106,12.8807608695652,0.247817600672357,0.768333293115908,0.944343471795674,19.25,0.353649313312349,0.6875,1,16
"CU-ensemble","01",0.858177157459158,1.98618611438852,7.68073369565217,0.98603475798875,2.4309090919841,5.0306557805856,10.375,1.12434405620379,0.5625,0.75,16
"CU-ensemble","02",0.637158977734001,0.979545656961622,1.00369565217391,0.448278148977214,0.775845663510893,0.863838256974045,1.5625,0.739796661502368,0.6875,0.875,16
"CU-ensemble","04",0.920486675811264,2.42455418170396,17.3465760869565,1.12376959208073,1.76267838734946,4.29174233742672,22.125,1.22866638297675,0.5625,0.75,16
"CU-ensemble","05",0.418101387026983,1.18943482071957,2.6691847826087,0.686718735188284,1.31732643385838,1.80506955778836,4.375,1.03263911286956,0.625,0.75,16
"CU-ensemble","06",1.13358849462455,3.24663980420457,53.3819293478261,1.44670064600696,2.85395704005954,10.2048161952681,65,1.49357680963293,0.375,0.75,16
"CU-ensemble","08",0.40764837372332,1.37955293491089,3.65198369565217,0.736540380671932,0.446454901127662,1.10053676109138,3.5625,0.6862114259325,0.75,0.75,16
"CU-ensemble","09",0.289399421710422,0.997356682343482,1.8191847826087,0.561945765756657,0.466033160372964,0.926848764262382,1.5,0.548529736834145,0.75,0.75,16
"CU-ensemble","10",0.377747683749756,0.932412916086164,0.878641304347826,0.395761291830527,0.721210370121679,0.810665335640045,1.125,0.479866468792388,0.625,0.75,16
"CU-ensemble","11",0.735741276756973,1.29945621112859,1.27358695652174,0.564077410498445,1.03813805469381,1.03106120254669,1.875,0.909049799071256,0.6875,0.75,16
"CU-ensemble","12",1.41200315172649,2.99862782785609,55.9923913043478,1.49957287836368,5.15112821603271,13.9059930314364,72.125,1.63427943430796,0,0.6875,16
"CU-ensemble","13",0.620887014273923,1.64070117487627,9.15559782608696,1.03561063430034,1.13373648575911,2.17651591246895,12.4375,1.23756973043156,0.4375,0.75,16
"CU-ensemble","15",1.0593965733675,2.03572286766415,4.79065217391304,0.925515495152384,0.888879417144209,1.80362086034947,6.3125,1.14399593370547,0.375,0.75,16
"CU-ensemble","16",0.442221604500988,1.19924419891357,1.77328804347826,0.558959597449804,0.896890901786485,1.27999865558187,2.3125,0.635199170646964,0.75,0.75,16
"CU-ensemble","17",0.783999929199375,1.83266524894561,16.6355706521739,1.22163339169432,1.29637431431427,2.62368696158815,22.4375,1.48960775912386,0.4375,0.625,16
"CU-ensemble","18",0.403086116902569,1.49456937647363,5.31364130434783,0.864771253066158,1.26708552875273,2.22010753796883,6.3125,0.901613039339319,0.625,0.75,16
"CU-ensemble","19",0.329449197215959,0.999792033645921,1.62489130434783,0.580428791408914,0.650392529603076,0.967755691413691,2.4375,0.921221303870788,0.5,0.75,16
"CU-ensemble","20",0.393384548905447,1.25822065250528,1.70084239130435,0.638343452704354,1.54707377523321,2.2065379231125,2.4375,0.842937905687015,0.5,0.75,16
"CU-ensemble","21",1.05103035105423,2.1014173882924,11.5008152173913,1.44092269432142,1.61806685656341,2.35212408844303,15.1875,1.8608886731444,0.0625,0.4375,16
"CU-ensemble","22",1.33569895781747,2.53457097910713,13.0691304347826,1.21386336410713,3.02545219064049,6.00014266859787,16.9375,1.38712168904981,0.0625,0.6875,16
"CU-ensemble","23",0.383553479340635,1.02277828710662,1.02380434782609,0.433119064315345,0.683945360795839,0.874707504074205,1.0625,0.46436718183543,0.8125,0.8125,16
"CU-ensemble","24",0.692734668553319,1.90251450445082,6.34024456521739,0.992627689917118,2.08431131447758,4.64996264360896,6.875,0.985949703747815,0.6875,0.75,16
"CU-ensemble","25",0.280896340274141,1.17314061667622,4.0270652173913,0.744748820750455,0.47610482934109,0.968114264155818,4.875,0.886556149654685,0.6875,0.75,16
"CU-ensemble","26",0.347541596443351,1.40594691969414,5.91350543478261,0.870752759507644,0.993195865715459,1.93749920075126,7.1875,0.918782261717052,0.75,0.75,16
"CU-ensemble","27",0.414719246678028,1.380791781753,4.2451902173913,0.757026223803976,0.344762086704093,0.925220276156118,3.75,0.752545828815689,0.75,0.75,16
"CU-ensemble","28",0.530205156795865,1.52851391651777,3.51891304347826,0.731676229346296,0.674826027941557,1.83752352919406,3.8125,0.768858297756174,0.75,0.75,16
"CU-ensemble","29",0.61611207866095,1.73331949295486,6.97298913043478,1.07924907958381,2.20700057168628,4.0207905434786,10.75,1.49695661818161,0.5,0.75,16
"CU-ensemble","30",0.568602075403102,1.0788896358473,1.55847826086957,0.552634173895743,0.739370629101275,0.871020233733382,2.0625,0.800890625005002,0.625,0.75,16
"CU-ensemble","31",0,0,0.847282608695652,0.282135433607702,0,0,1.25,0.469177246906438,0.875,1,16
"CU-ensemble","32",1.30470978320901,3.29392386379499,10.1980706521739,1.01557984382924,1.35673052679937,3.1528740403483,12.9375,1.08837625424999,0.25,0.6875,16
"CU-ensemble","33",0.489311595830678,1.10449730137361,1.14777173913043,0.505376841673958,1.21413153339819,1.33391618971412,1.75,0.775051045145168,0.5625,0.8125,16
"CU-ensemble","34",0.533954991680713,1.80336771897971,10.64625,1.01905825722634,0.677071938559203,1.90239436268612,9.6875,0.936969776828261,0.75,0.75,16
"CU-ensemble","35",0.298401669334931,0.980435536635303,1.49301630434783,0.505962296465198,0.484819107531044,0.863201383554052,1.625,0.518526364015443,0.6875,0.75,16
"CU-ensemble","36",0.435146468484175,1.681177410279,14.3165489130435,1.09674472383609,0.891957003981834,2.25681465848787,17.875,1.12781486018136,0.5625,0.75,16
"CU-ensemble","37",0.287213900966653,1.37216552867996,4.96478260869565,0.886336997094163,1.14494508879364,2.33069693120339,5.875,0.915491768229835,0.625,0.75,16
"CU-ensemble","38",1.1989394642529,1.86362179362092,3.09266304347826,0.787146417838155,1.20548582295275,1.68166598292388,4,0.940796397655467,0.3125,0.6875,16
"CU-ensemble","39",0.310367909066495,1.38611631421782,6.94619565217391,0.949103844167179,0.995047411899018,2.42772137775499,6.1875,0.860244534557415,0.75,0.75,16
"CU-ensemble","40",0.790095553120311,1.91399606336207,6.88494565217391,1.16807271275146,1.97929921932316,3.39006867120033,11.125,1.68608674422329,0.3125,0.75,16
"CU-ensemble","41",0.354807251921747,1.14817633157273,2.59589673913043,0.661818942281703,0.794629887193081,1.16985234197432,3.875,0.86128895618524,0.4375,0.75,16
"CU-ensemble","42",1.67045545044315,4.14690353240634,69.0275815217391,1.5613072799125,3.76012055395808,11.4494029125421,85.5625,1.64133364322753,0.1875,0.75,16
"CU-ensemble","44",0.736502139165139,1.32995407493197,2.10978260869565,0.635085369920964,0.920180870353822,1.17619466740631,2.9375,0.858193747667169,0.3125,0.6875,16
"CU-ensemble","45",0.350981137261229,1.23227639598772,3.15141304347826,0.720104273003282,0.896697129331842,1.64415218422081,3.6875,0.764625932808867,0.6875,0.75,16
"CU-ensemble","46",0.648756114869485,1.1452123545716,1.58315217391304,0.558722119342084,0.811427124763281,0.950363513980775,2,0.67872873424256,0.5,0.8125,16
"CU-ensemble","47",0.894080366741561,2.37475494583041,12.288125,1.10047533255006,1.89245507719724,4.46788437734894,15.4375,1.16954646918022,0.25,0.75,16
"CU-ensemble","48",0.91485555878611,2.4075811420414,40.2865760869565,1.40032084772445,3.75874403919604,11.8368051107642,49.125,1.44358407093037,0.4375,0.75,16
"CU-ensemble","49",0.683358570882636,1.52842065874396,2.58298913043478,0.690336136440205,0.987514847534907,1.6616316714305,3.5,0.854333002986637,0.4375,0.75,16
"CU-ensemble","50",0.478875646094455,0.76797631833704,0.473885869565217,0.249528565762693,1,1,0.6875,0.404618168522017,0.875,0.9375,16
"CU-ensemble","51",0.478196124608481,1.59515964194356,6.345,0.940735668367308,1.42165101121532,3.3403263644607,8.0625,1.07448673085986,0.6875,0.75,16
"CU-ensemble","53",0.552900706405665,1.71241646288974,5.53222826086956,0.845454799174498,0.603165042653708,1.46689946012577,6.25,0.829909010937567,0.5,0.75,16
"CU-ensemble","54",0.37232881754042,1.21905769788717,1.83059782608696,0.659446853014064,1.15646494082175,1.97813197802011,2.625,0.871607257101201,0.5,0.75,16
"CU-ensemble","55",0.351182824287362,1.05338312828687,2.96858695652174,0.661831663863454,0.653149363538224,1.01155107092507,2.8125,0.905806836347255,0.8125,0.8125,16
"CU-ensemble","56",0.688373153134671,1.13769348637361,1.83497282608696,0.561248228751316,0.731665041796434,0.935108022690106,2.6875,0.800392614401928,0.4375,0.6875,16
"CU-ensemble","72",1.35592494966786,3.37455845142665,26.464347826087,1.21294264198832,1.20972715835935,3.09324663172629,31.3125,1.2907236138714,0.625,0.75,16
"Cornell_JHU-hierarchSIR","01",1.06009916355375,2.13130905357094,9.50902173913044,1.04729937760132,3.69346885625975,9.13319883402063,15.8125,2.05449330677309,0,0.8125,16
"Cornell_JHU-hierarchSIR","02",0.681843342287534,0.941682149483901,1.09051630434783,0.44077938328036,0.729345603023317,0.825609122030321,1.5,0.721816531974131,0.625,1,16
"Cornell_JHU-hierarchSIR","04",0.374160530024622,0.347494587003193,7.16880434782609,0.159864653238138,0.663706104402381,0.719559863198284,8.8125,0.215146053353212,0.8125,1,16
"Cornell_JHU-hierarchSIR","05",0.320928665677372,0.95356788643662,2.06236413043478,0.555756931369832,1.24744084237029,2.23763019999052,4.1875,1.29993074530806,0.5625,1,16
"Cornell_JHU-hierarchSIR","06",0.3050749721342,0.207270910325864,14.2609782608696,0.0888700543718984,0.838026166235175,0.841351314138293,19,0.119083902839856,0.875,1,16
"Cornell_JHU-hierarchSIR","08",0.227079205225661,0.746048291081234,2.07600543478261,0.406492515484667,0.320028065895318,0.763830284995134,2.625,0.504110963452742,0.9375,1,16
"Cornell_JHU-hierarchSIR","09",0.241658419573661,1.08054051400504,1.52635869565217,0.613105392970044,0.758701299771052,1.96755701670462,2.4375,1.15991411698134,0.5625,1,16
"Cornell_JHU-hierarchSIR","10",0.48135829649195,1.27878646611813,1.12209239130435,0.542194874039289,1.03933615991651,1.34121656308944,1.625,0.790479800015888,0.25,1,16
"Cornell_JHU-hierarchSIR","11",0.766275789639055,1.35821659778854,1.32201086956522,0.588165785192331,1.06773125885854,1.09587601005953,1.9375,0.970351627384489,0.25,1,16
"Cornell_JHU-hierarchSIR","12",0.892480795432071,0.767551158628003,35.4249456521739,0.372808707303574,4.02904147984039,5.18213803510705,56.5625,0.598549337147078,0,0.625,16
"Cornell_JHU-hierarchSIR","13",0.436608196992317,0.85222999863269,6.43073369565217,0.533871502822362,0.971356649585996,1.39101297294385,10.6875,0.795336069252792,0.3125,1,16
"Cornell_JHU-hierarchSIR","15",0.792625700636737,1.50496256027483,3.59788043478261,0.683995669301618,0.981460497114441,2.49591450868193,7.0625,1.60955980422105,0.5,1,16
"Cornell_JHU-hierarchSIR","16",0.442937291169031,1.29198331924298,1.798125,0.607105284624938,1.10707003156918,2.26850347132738,2.875,1.1297885188964,0.625,1,16
"Cornell_JHU-hierarchSIR","17",0.699194429822236,1.05166087550618,14.9585597826087,0.702738123261045,1.14749992990318,1.70039846592023,19.875,0.973028535797508,0.4375,0.75,16
"Cornell_JHU-hierarchSIR","18",0.358626689970185,1.31970414614219,4.70709239130435,0.757971614384075,1.86944372010827,4.17435434296327,9.375,1.69887186060373,0.1875,1,16
"Cornell_JHU-hierarchSIR","19",0.350218045545281,1.19423848961742,1.72345108695652,0.68761388556424,0.706622013227084,1.18275382682179,2.625,1.1036445058969,0.4375,1,16
"Cornell_JHU-hierarchSIR","20",0.52532987417626,1.87990337961101,2.26720108695652,0.949585758825809,2.13152290286814,3.75357937104765,3.375,1.43882299887725,0.125,1,16
"Cornell_JHU-hierarchSIR","21",1.00829410548225,2.02802175124441,11.0739130434783,1.3940034770972,1.71546405073932,3.01506312445879,16.1875,2.41098551232555,0,0.3125,16
"Cornell_JHU-hierarchSIR","22",1.2822394885064,1.96323116287468,12.4322282608696,0.912836097697262,3.30235152864367,5.52423646382173,18.3125,1.24627802353553,0.125,0.5,16
"Cornell_JHU-hierarchSIR","23",0.58227886935363,1.6817454925295,1.55779891304348,0.712546755940075,1.35543531935764,1.84443001732254,2.125,0.980970317184201,0.25,1,16
"Cornell_JHU-hierarchSIR","24",1.01578442780456,3.1140747803148,9.25146739130435,1.60088574141245,4.07394871138521,12.758805401351,13.375,2.64880510504939,0,0.4375,16
"Cornell_JHU-hierarchSIR","25",0.152372428689528,0.513350914650382,2.21260869565217,0.330701079883585,0.237110746090007,0.356453328122264,2.4375,0.32923241672768,1,1,16
"Cornell_JHU-hierarchSIR","26",0.229864226668939,0.729757428397214,3.94399456521739,0.454410563849442,0.972857962088716,1.33270059876919,7.0625,0.636814957940307,0.375,1,16
"Cornell_JHU-hierarchSIR","27",0.384509816723832,1.53374597342118,3.92423913043478,0.835684451221406,0.697730785868023,2.18261393692201,7.5625,1.75192820537651,0.125,1,16
"Cornell_JHU-hierarchSIR","28",0.314960846864223,0.646193534582186,2.08290760869565,0.306664085832802,0.379245795027792,0.544798446537695,2.125,0.224154860985665,1,1,16
"Cornell_JHU-hierarchSIR","29",0.652180965183328,1.82111416547143,7.45864130434783,1.14105078182277,2.50897605460481,6.00176548905047,12.3125,2.25531623924871,0.0625,0.5625,16
"Cornell_JHU-hierarchSIR","30",0.573474818462066,1.19230499228531,1.59282608695652,0.618542314604941,0.863807112672754,1.10586625150789,2.375,0.999518989401748,0.3125,1,16
"Cornell_JHU-hierarchSIR","31",0.266196290137028,0.529128677030877,0.880190217391304,0.296018595465439,0,0,1.25,0.433216987849966,0.75,1,16
"Cornell_JHU-hierarchSIR","32",1.02036300546457,1.55265384136903,8.16885869565217,0.482140468261816,1.46523176609092,2.19701100307991,14.25,0.767003380184861,0.25,0.9375,16
"Cornell_JHU-hierarchSIR","33",0.617552784421357,1.45587211294985,1.43836956521739,0.659876908914428,1.35615619193914,1.58054937396069,1.9375,0.905016141500158,0.3125,1,16
"Cornell_JHU-hierarchSIR","34",0.380365932738289,0.914464686276775,7.49885869565217,0.492382388959487,0.954824875056262,1.64135505399922,13.4375,0.750747052230208,0.125,1,16
"Cornell_JHU-hierarchSIR","35",0.309968764046594,0.931922441803512,1.56834239130435,0.484033432047054,0.830483066344384,1.70811957087433,2.8125,1.03357668436439,0.9375,1,16
"Cornell_JHU-hierarchSIR","36",0.645599326970833,1.79397841345692,21.3579891304348,1.16146304314697,1.41021590290808,3.26362714568177,28.5625,1.63930911661393,0,0.25,16
"Cornell_JHU-hierarchSIR","37",0.343660278179089,1.84788317876034,5.92516304347826,1.18125882000535,2.01853342178961,5.91180311519796,10.375,2.28822890996567,0.25,0.875,16
"Cornell_JHU-hierarchSIR","38",1.42894682567522,2.71396693941863,3.68951086956522,1.13777884412651,1.69180125488988,3.20457835956255,5.625,1.78195933618488,0.0625,0.8125,16
"Cornell_JHU-hierarchSIR","39",0.45886009578337,2.4505924308164,10.2200815217391,1.63243934181843,2.35768567573173,7.73696756835349,14.4375,2.61024576407235,0,0.3125,16
"Cornell_JHU-hierarchSIR","40",0.573494782735565,1.15534237088924,5.0529347826087,0.715915998630359,1.50422875941946,2.51558095226744,8.625,1.30284701947317,0.3125,0.875,16
"Cornell_JHU-hierarchSIR","41",0.473515548439486,1.6814771821905,3.45801630434783,0.962064226540058,1.17430633495079,2.28184928502559,5.6875,1.65807539153291,0,1,16
"Cornell_JHU-hierarchSIR","42",0.959912072492118,0.872967982689272,40.6334510869565,0.329386225889642,2.65162163086414,3.49875323162868,61.5,0.504517265936182,0.1875,0.5625,16
"Cornell_JHU-hierarchSIR","44",0.778191665451042,1.54390674732345,2.24622282608696,0.740249899501081,1.09015195594956,1.64955386428077,3.5,1.21212877767567,0.25,1,16
"Cornell_JHU-hierarchSIR","45",0.243172525277124,0.832280037710574,2.18978260869565,0.485298321765218,0.611337166507895,1.45140461864776,2.625,0.711974249674329,0.6875,1,16
"Cornell_JHU-hierarchSIR","46",0.72811993990354,1.42084628573858,1.76021739130435,0.684689067407216,1.18524078985583,1.59724222128797,2.875,1.11860128640738,0.375,1,16
"Cornell_JHU-hierarchSIR","47",0.667012590024897,1.0943848302621,9.04445652173913,0.485210367103338,2.08426748388156,3.32115791848347,16.9375,0.839355676371783,0.125,1,16
"Cornell_JHU-hierarchSIR","48",0.803987496297805,0.835926292174105,34.995,0.466975996615192,4.21849592295762,6.24267164786312,54.5,0.733331314666283,0,0.6875,16
"Cornell_JHU-hierarchSIR","49",0.796253939378717,2.01497760245284,2.98557065217391,0.890048031651772,1.64197070497933,3.6717197594821,5.75,1.84521613455688,0.5625,1,16
"Cornell_JHU-hierarchSIR","50",0.735831728006141,0.817200230995787,0.734320652173913,0.268792620698828,0.799055136023758,0.765070916813793,0.5625,0.317974770952024,0.9375,1,16
"Cornell_JHU-hierarchSIR","51",0.383926524061339,1.08438509233079,5.08375,0.631989398895826,1.52118358235806,3.08356959848991,8.625,1.0030587070473,0.3125,1,16
"Cornell_JHU-hierarchSIR","53",0.317396969442331,0.517004001002772,3.16214673913043,0.250434287978071,0.451185988070939,0.584873957521506,4.6875,0.324274826841512,0.9375,1,16
"Cornell_JHU-hierarchSIR","54",0.427117421346957,1.47340613655122,2.12108695652174,0.80704554477678,1.62444435361195,3.28514732194973,3.6875,1.4535458783343,0.375,1,16
"Cornell_JHU-hierarchSIR","55",0.208810245766694,0.692391872021292,1.73902173913043,0.434794836500973,0.733951770593686,1.01883088760253,3.125,0.902757451086665,0.9375,1,16
"Cornell_JHU-hierarchSIR","56",0.560705138864691,0.99075377345776,1.49114130434783,0.484040595457654,0.764178035173779,1.27831034918183,2.75,1.06994293725392,0.875,1,16
"Cornell_JHU-hierarchSIR","72",0.627891855239476,0.721820446888982,11.7094565217391,0.227100184684977,0.804458207850038,1.00220388398838,20.1875,0.375640628574756,0.375,1,16
"DMAPRIME-DLM","45",0.428103130028784,0.717242606565575,3.99078804347826,0.427512196335439,1.40727127649528,1.30427299149294,6.0625,0.623352949494095,0.375,0.75,16
"DMAPRIME-QR","45",0.53405870470415,0.748603258927318,4.94695652173913,0.440106147631479,1.75464657872784,1.38364375006641,7.5,0.652802541533544,0.25,0.6875,16
"Epistorm-Ensemble_Flu","01",0.389953053176144,0.395500595046217,3.50586300404614,0.193909216883512,1.24270095453283,1.29362944644616,5.31930124928786,0.287265049026726,0.9375,1,16
"Epistorm-Ensemble_Flu","02",0.670366367665513,1.01874305863656,1.04516539557735,0.460482293231455,0.794950419110569,0.806037539610687,1.58315228469432,0.681368441816757,0.375,0.75,16
"Epistorm-Ensemble_Flu","04",0.447056285965444,0.470619919072172,8.35036959380072,0.208403830943224,1.10351233855706,1.21413012825009,13.8389974463586,0.336496118746023,0.5625,1,16
"Epistorm-Ensemble_Flu","05",0.306874181895178,0.564905701565177,2.04173297188307,0.341768927844194,0.942400267175708,0.967813920841416,3.27305808429843,0.587613210701303,0.625,1,16
"Epistorm-Ensemble_Flu","06",0.378970261255914,0.342608115220583,17.8663943110053,0.148603895962193,1.11208394265073,1.39969378011335,25.6452928142775,0.202656534651969,0.9375,1,16
"Epistorm-Ensemble_Flu","08",0.218073667615837,0.354348996256343,2.02710805580275,0.193547127849668,0.315631826491433,0.409466748463054,2.68585686503556,0.269200518131305,1,1,16
"Epistorm-Ensemble_Flu","09",0.318104660858102,0.630994052625223,1.99080694437108,0.35261180694691,0.981830712884202,1.04301895854349,3.12120480170229,0.608667062230991,0.625,1,16
"Epistorm-Ensemble_Flu","10",0.342966574463778,0.663373977395862,0.82111099007038,0.289864680012579,0.693370701377785,0.728405458823809,1.10126531367534,0.441976795580318,0.75,1,16
"Epistorm-Ensemble_Flu","11",0.440619297648935,0.662067672159907,0.77105102400505,0.290015812310045,0.651105560018152,0.505634139318043,1.19712710288313,0.455092699072686,0.5,1,16
"Epistorm-Ensemble_Flu","12",0.414576840118739,0.277445551184141,16.4705427662934,0.134526568185956,0.819173414297766,0.83822489740487,11.3960283007424,0.0956421330181493,1,1,16
"Epistorm-Ensemble_Flu","13",0.338147818602865,0.418535988006242,5.03527511307769,0.261408629238062,0.749094256200468,0.775781207769128,8.31782591800295,0.44163287876057,0.5625,1,16
"Epistorm-Ensemble_Flu","15",0.642039478025325,0.647918649423832,2.91543138532385,0.292730884341813,0.650496893644794,0.735729508339096,4.68049624698176,0.470392691188632,0.375,0.875,16
"Epistorm-Ensemble_Flu","16",0.279682440335092,0.502213887810639,1.13968170607659,0.237296657204338,0.684426901301353,0.748403315545405,1.78309014690548,0.376263029847659,0.6875,1,16
"Epistorm-Ensemble_Flu","17",0.505210072693435,0.56469883799913,10.7687236584402,0.373620335625165,0.934800026317099,1.02046268970972,16.1580229133604,0.576101458976936,0.5625,0.875,16
"Epistorm-Ensemble_Flu","18",0.221023161083314,0.398071268832269,2.9671605295401,0.230425678099237,0.898471228072156,0.922609705048739,4.57457429662469,0.377443284895741,0.8125,1,16
"Epistorm-Ensemble_Flu","19",0.233407817644281,0.607633450257246,1.15248765640616,0.352500183638132,0.45277149086968,0.581653490285507,1.69863160584821,0.553475834425709,0.5625,1,16
"Epistorm-Ensemble_Flu","20",0.191874926746101,0.383488618473287,0.842949002573308,0.196104645972154,0.76133643833483,0.790306406181512,1.21277931188469,0.305913563630834,0.875,1,16
"Epistorm-Ensemble_Flu","21",0.442603441352267,0.527628554140569,4.82136931200652,0.357979648453145,0.927129021639383,0.783171818945992,8.70413699469122,0.618303262859747,0.25,1,16
"Epistorm-Ensemble_Flu","22",0.480567007585907,0.464303470906178,4.64802963608034,0.215029176042151,1.34802986651218,1.40978207437556,7.55263295976674,0.320114437961777,0.25,1,16
"Epistorm-Ensemble_Flu","23",0.261388255389816,0.619697682810757,0.716767325773822,0.270518835050077,0.579860681643162,0.687264676735647,0.939006358964611,0.380537566152415,0.75,1,16
"Epistorm-Ensemble_Flu","24",0.274739549600697,0.397220283880746,2.50732659580435,0.204825672619096,0.925859034132355,1.09711759294327,3.07027891340723,0.231059852216074,0.875,1,16
"Epistorm-Ensemble_Flu","25",0.243414068830126,0.617083625116827,3.58520413377666,0.409087765517279,0.554577362945019,0.733414973704504,5.79348529140898,0.696459682082993,0.6875,0.9375,16
"Epistorm-Ensemble_Flu","26",0.212602832878016,0.398404014939087,3.72132627483992,0.252319645594204,0.641067696336127,0.737040664354232,4.85131353223008,0.365417400848965,0.6875,1,16
"Epistorm-Ensemble_Flu","27",0.190041119964868,0.380904309257084,1.98583969690822,0.213781838742369,0.173637889576594,0.286023525754279,1.94386369438441,0.245740600166438,0.875,1,16
"Epistorm-Ensemble_Flu","28",0.358052776679306,0.42415567929455,2.41065034364473,0.20377981233866,0.533684113694978,0.672736652845753,3.09269327942711,0.287035285762949,0.875,1,16
"Epistorm-Ensemble_Flu","29",0.27350775222994,0.38295538007402,3.12028877199892,0.238311841835914,0.953092452600857,0.966959414505185,4.69002720914511,0.36367305844443,0.8125,1,16
"Epistorm-Ensemble_Flu","30",0.441182599300844,0.715663013092179,1.21988764233268,0.371283369395917,0.696246292163657,0.678964532536047,1.9272782883626,0.620594491077034,0.5625,0.9375,16
"Epistorm-Ensemble_Flu","31",0.418012683334008,1.05006224639142,1.31689565145444,0.561591767084043,0.775429187244125,0.962290303669053,2.10158894879773,0.93463965250543,0.125,1,16
"Epistorm-Ensemble_Flu","32",0.59709961524042,0.718574550031066,4.76625582569631,0.222435678047838,0.783065738527812,0.976693169198149,7.6239330712738,0.339682629219342,0.5,1,16
"Epistorm-Ensemble_Flu","33",0.438347261742937,0.801225479135928,1.02943608705595,0.366053040568583,1.00473337134653,1.00280394282311,1.44106243810102,0.579973482155106,0.375,1,16
"Epistorm-Ensemble_Flu","34",0.19814201817864,0.305651781418161,3.88426792408334,0.163611320567923,0.244671659307633,0.279675482204205,3.40480814629672,0.125998814618957,1,1,16
"Epistorm-Ensemble_Flu","35",0.208960454158185,0.419755628131826,1.06403763002628,0.218025307421099,0.430033284526782,0.522643589766421,1.46400506987003,0.316515178158285,0.9375,1,16
"Epistorm-Ensemble_Flu","36",0.271336790488095,0.360535933846652,9.01879770530893,0.230800883242541,0.582861834561953,0.642278680973496,11.7995688974895,0.314936475568318,0.8125,1,16
"Epistorm-Ensemble_Flu","37",0.146485917070859,0.314301459346104,2.54744891917731,0.201689099117401,0.651569959016936,0.723643296186976,3.36279105357724,0.281687886849301,0.8125,1,16
"Epistorm-Ensemble_Flu","38",0.901476196325267,0.997291776020438,2.30661500096172,0.412398909831824,0.997831473962257,1.07961229559148,3.28887022440676,0.592944870961205,0.5,0.875,16
"Epistorm-Ensemble_Flu","39",0.148138608205116,0.282354440676025,3.29663459433846,0.187085747926235,0.459965759328108,0.520781139433249,2.84529529255014,0.177795725438315,1,1,16
"Epistorm-Ensemble_Flu","40",0.358994238752142,0.462811905669339,3.13725901480291,0.283778172299067,0.968646228969153,0.947462499141195,5.49399482162279,0.476356160673244,0.625,1,16
"Epistorm-Ensemble_Flu","41",0.266388177292907,0.595580488002,1.96744891162811,0.343175449594536,0.649688511200286,0.789751163218617,3.19762447159099,0.582344937751911,0.625,1,16
"Epistorm-Ensemble_Flu","42",0.518650309875451,0.42068261974018,21.5296071900847,0.155163642165006,1.38844437440914,1.53632898117051,31.6919889599226,0.216968681906639,0.5625,1,16
"Epistorm-Ensemble_Flu","44",0.551356479259901,0.812178078757669,1.59848042425061,0.392857179483958,0.704729151420605,0.800543110454461,2.27267315395115,0.595363484666009,0.375,1,16
"Epistorm-Ensemble_Flu","45",0.2756701912332,0.458458816774144,2.52364258610758,0.268859264841773,0.663180253207807,0.762903945393431,2.81041690619022,0.361686328906453,0.75,1,16
"Epistorm-Ensemble_Flu","46",0.513724851414126,0.814806301758607,1.24785613456761,0.394256149861498,0.724023486054424,0.804272096668336,1.77745244783609,0.571594201858141,0.375,0.9375,16
"Epistorm-Ensemble_Flu","47",0.301349577561773,0.313052414729661,4.10717911245184,0.13861306027078,0.462433576647436,0.509203526208325,3.78769932912705,0.128679701456823,0.9375,1,16
"Epistorm-Ensemble_Flu","48",0.324878217242977,0.278985606935539,14.184545461145,0.156741577353044,1.24942553626624,1.37915927452684,16.112952344597,0.161007057893377,1,1,16
"Epistorm-Ensemble_Flu","49",0.465630331555923,0.643904589350439,1.73756872586562,0.284074186298014,0.81836391289848,0.962039907127824,2.89560098371551,0.490802505174801,0.375,1,16
"Epistorm-Ensemble_Flu","50",0.432164357587729,0.728374275162799,0.433461538983768,0.239291436268435,0.927305159493516,0.942952247224378,0.644331058348316,0.385250162474677,0.4375,1,16
"Epistorm-Ensemble_Flu","51",0.224062655405359,0.308279939796413,2.95589446437746,0.178781137722571,0.534903752053227,0.59793929286456,3.05081191983255,0.192794924367588,0.875,1,16
"Epistorm-Ensemble_Flu","53",0.372016571299693,0.45384711448323,3.71568820541186,0.218792841286154,0.541688441088031,0.636817052238717,5.59851271614207,0.349016201243655,0.75,1,16
"Epistorm-Ensemble_Flu","54",0.242923203275829,0.545670857981164,1.20911441430527,0.299103888563619,0.78684540986867,1.01507301977833,1.80740529893224,0.457437627360961,0.5625,1,16
"Epistorm-Ensemble_Flu","55",0.207011216944477,0.583149325059447,1.77174456846869,0.383519078710812,0.489536972854663,0.569843340676747,2.11764239787426,0.525623360553072,0.625,0.8125,16
"Epistorm-Ensemble_Flu","56",0.525013162260063,0.749471397647091,1.40618038670053,0.372251847913641,0.61857586148595,0.727869742094316,2.26741678292657,0.625752133745173,0.4375,0.875,16
"Epistorm-Ensemble_Flu","72",0.653278743673735,0.616917759491261,12.7652734965259,0.198498936207554,0.639369443798786,0.741510714067688,17.1265734314612,0.290765480113586,0.75,1,12
"FluSight-HJudge_ensemble","01",0.349139287004495,0.38279628935488,3.13111413043478,0.187351113988042,1.08393253610671,1.11065967799159,4.625,0.245723257115646,0.625,1,16
"FluSight-HJudge_ensemble","02",0.649527538411155,0.936709224214376,1.0135597826087,0.423940325741085,0.846663250236602,0.852364945564946,1.6875,0.721040124474221,0.625,1,16
"FluSight-HJudge_ensemble","04",0.4133384862893,0.431597406385291,7.71448369565217,0.191189167637653,1.07451409255698,1.17645373910307,13.5,0.327010949686995,0.5,1,16
"FluSight-HJudge_ensemble","05",0.295854094970946,0.579903492408912,1.96399456521739,0.350562073157972,0.967746078503328,0.985452238965205,3.375,0.600101964190436,0.5,1,16
"FluSight-HJudge_ensemble","06",0.328447288898517,0.280435084284512,15.4677989130435,0.121709821654261,0.718086363151453,0.875705412560535,16.875,0.129715604938888,1,1,16
"FluSight-HJudge_ensemble","08",0.240779940084575,0.363042551891771,2.23065217391304,0.199194785720908,0.429867256017866,0.549145253127403,3.5625,0.353595705988496,0.9375,1,16
"FluSight-HJudge_ensemble","09",0.269224600282831,0.579198750499786,1.68932065217391,0.324870586872976,0.881145892961249,0.951751927361663,2.8125,0.556332942426693,0.625,1,16
"FluSight-HJudge_ensemble","10",0.319553419933994,0.653563330715182,0.759347826086957,0.284148634654459,0.856371991795173,0.889681425787544,1.375,0.545272486762957,0.8125,1,16
"FluSight-HJudge_ensemble","11",0.49973795016596,0.825605940335638,0.870815217391304,0.359602999564597,0.718221475778989,0.559820048795983,1.3125,0.50117438047805,0.625,1,16
"FluSight-HJudge_ensemble","12",0.346724234572268,0.243799351139849,13.6510326086957,0.11724968481867,0.974346631277722,0.994302621480342,13.5625,0.113516168384715,0.9375,1,16
"FluSight-HJudge_ensemble","13",0.34340227604492,0.433693471140194,5.10274456521739,0.270459796083747,0.742964319185855,0.766574122043119,8.25,0.436363372772939,0.4375,1,16
"FluSight-HJudge_ensemble","15",0.678277474263402,0.67781482173427,3.09111413043478,0.306488840884534,0.686030043964417,0.790439141033939,4.9375,0.505177661377834,0.6875,1,16
"FluSight-HJudge_ensemble","16",0.274396033600206,0.486064691910745,1.11972826086957,0.230279485524675,0.662796266028069,0.753144018106906,1.75,0.38339507626978,0.875,1,16
"FluSight-HJudge_ensemble","17",0.516090011665679,0.556729313887926,10.9885054347826,0.368074334331215,0.907664441371371,0.971981041921954,15.6875,0.549572340494203,0.5625,0.8125,16
"FluSight-HJudge_ensemble","18",0.207973079436361,0.38126208377108,2.78173913043478,0.220703509982889,0.841222290907416,0.875957485923183,4.3125,0.360949837791509,0.75,1,16
"FluSight-HJudge_ensemble","19",0.247462218896298,0.619646563314286,1.21524456521739,0.359155509309078,0.553591356415115,0.631696854398007,2.0625,0.598436467847756,0.6875,1,16
"FluSight-HJudge_ensemble","20",0.192860520427024,0.440715284854927,0.838532608695652,0.223573552898156,0.695654190954282,0.706866850602793,1.125,0.278979413982149,1,1,16
"FluSight-HJudge_ensemble","21",0.509437248504714,0.632954996302622,5.56614130434783,0.431244816505169,0.977160063958014,0.845907499683474,9.1875,0.669455634600504,0.125,1,16
"FluSight-HJudge_ensemble","22",0.431146917776084,0.396789763470729,4.16657608695652,0.183366977778667,1.19967367566745,1.22723897714105,6.75,0.280008651918187,0.375,1,16
"FluSight-HJudge_ensemble","23",0.271563301367842,0.617363052867549,0.740869565217391,0.268286625128738,0.614652374918564,0.74532837791956,1,0.413754575408147,0.875,1,16
"FluSight-HJudge_ensemble","24",0.269026719280854,0.409846753817289,2.44991847826087,0.211033420396301,1.05410162351483,1.28840578324053,3.5,0.271133081261709,0.8125,1,16
"FluSight-HJudge_ensemble","25",0.236149656612848,0.603841209858256,3.46907608695652,0.399025801737018,0.542272430226065,0.717494765742349,5.625,0.677522685558639,0.5625,1,16
"FluSight-HJudge_ensemble","26",0.203193782761352,0.384890188401241,3.55654891304348,0.24349588479612,0.627744827613103,0.729162273581969,4.75,0.361505288814635,0.6875,1,16
"FluSight-HJudge_ensemble","27",0.237704696759816,0.45474627970675,2.476875,0.25600481960885,0.298212460786847,0.454888819031216,3.3125,0.382518493137854,0.75,1,16
"FluSight-HJudge_ensemble","28",0.342274950542494,0.406130897096847,2.30163043478261,0.194864660500187,0.591881923675976,0.725235974989239,3.4375,0.309826206069444,0.6875,1,16
"FluSight-HJudge_ensemble","29",0.277459224210496,0.4360831175219,3.14595108695652,0.269652035343957,1.02019533787795,1.03834172463495,5,0.388561305456578,0.5625,1,16
"FluSight-HJudge_ensemble","30",0.4482948142553,0.75134913129565,1.23964673913043,0.38984563245819,0.725744816289118,0.717685282774667,2,0.652945399121776,0.625,0.9375,16
"FluSight-HJudge_ensemble","31",0.420469074324992,0.990247801798559,1.32182065217391,0.529148960133423,0.830375496140851,1.00303721942183,2.25,0.975161692455497,0.4375,1,16
"FluSight-HJudge_ensemble","32",0.536180360076178,0.610681755629824,4.3051902173913,0.190153380183175,0.657569864037044,0.771596657492288,6.4375,0.269725089369721,0.75,1,16
"FluSight-HJudge_ensemble","33",0.336169430727219,0.695140456670792,0.786114130434783,0.317106851490662,0.781721528265795,0.806569060737992,1.125,0.467694963992856,0.75,1,16
"FluSight-HJudge_ensemble","34",0.198402976962265,0.275609408524582,3.88777173913043,0.14702668500673,0.337769210474675,0.37662885274187,4.6875,0.169120430274193,1,1,16
"FluSight-HJudge_ensemble","35",0.237894827670921,0.467229215340575,1.21758152173913,0.244705836225192,0.485006178069563,0.604817112291819,1.6875,0.374544263617077,0.8125,1,16
"FluSight-HJudge_ensemble","36",0.238708429283956,0.31887885313482,7.92103260869565,0.20378963704908,0.561581090791845,0.61969852520824,11.375,0.304087076219727,0.6875,1,16
"FluSight-HJudge_ensemble","37",0.13576169335844,0.293778706079384,2.35089673913043,0.188101520115317,0.605333961224376,0.680035914247853,3.125,0.26470922917383,0.875,1,16
"FluSight-HJudge_ensemble","38",0.803731954931037,0.889007062403771,2.0604347826087,0.368773159877118,0.925905841637826,0.956420209329796,3.0625,0.528110913991254,0.5,0.875,16
"FluSight-HJudge_ensemble","39",0.124882838317539,0.252153502342326,2.75923913043478,0.16628637908723,0.543697572469027,0.607082340021222,3.3125,0.203613962565099,0.9375,1,16
"FluSight-HJudge_ensemble","40",0.408219140556415,0.559338058267656,3.57429347826087,0.343106571962659,1.09220645339686,1.10890324353415,6.1875,0.556840731773374,0.3125,1,16
"FluSight-HJudge_ensemble","41",0.299879290328745,0.65926461976548,2.21008152173913,0.378945196441754,0.759998598676228,0.888420086450341,3.75,0.655893730992106,0.5625,1,16
"FluSight-HJudge_ensemble","42",0.509903871841005,0.415421531099855,21.1866304347826,0.153359138077438,1.43820402968421,1.5868719186947,32.9375,0.22490941976575,0.5,1,16
"FluSight-HJudge_ensemble","44",0.545761126804773,0.830772807611146,1.58369565217391,0.402615868013457,0.785347958397068,0.905242003805519,2.5625,0.682355577869667,0.5625,1,16
"FluSight-HJudge_ensemble","45",0.206661417159632,0.39378661773567,1.87391304347826,0.229385176134296,0.640774047807384,0.739989194861249,2.6875,0.347613134024708,0.6875,1,16
"FluSight-HJudge_ensemble","46",0.481723159156852,0.763867187715533,1.16961956521739,0.369271761460086,0.71373799084414,0.774809223764322,1.75,0.54876363788757,0.5625,1,16
"FluSight-HJudge_ensemble","47",0.258238059644052,0.272449735294348,3.50385869565217,0.119998646611158,0.490848569666319,0.53546441197803,4,0.13457678617817,0.9375,1,16
"FluSight-HJudge_ensemble","48",0.256997678554834,0.202733926084301,11.1442119565217,0.112578718294465,0.917643751605226,0.986220442128074,11.8125,0.114866447792976,1,1,16
"FluSight-HJudge_ensemble","49",0.419525909955319,0.593721229003092,1.56633152173913,0.262159796044341,0.690611262438206,0.775605150047329,2.4375,0.393249107465221,0.5625,1,16
"FluSight-HJudge_ensemble","50",0.397032488027716,0.673562198947557,0.39875,0.222267188981579,1.08465396755023,1.10033052437255,0.75,0.447939867307014,0.75,1,16
"FluSight-HJudge_ensemble","51",0.188062335472174,0.271711903338297,2.47875,0.157624677103777,0.514340011282137,0.591638366842306,2.9375,0.191065427259306,0.9375,1,16
"FluSight-HJudge_ensemble","53",0.390146845816447,0.482703297012309,3.89024456521739,0.232165413134891,0.633312470441653,0.731169180912132,6.5625,0.401381110391443,0.625,1,16
"FluSight-HJudge_ensemble","54",0.216952283948626,0.496738648430192,1.06701086956522,0.270735537493697,0.69193036136359,0.805111902103724,1.5625,0.35422771425252,0.875,1,16
"FluSight-HJudge_ensemble","55",0.177586398159241,0.528624507125843,1.50225543478261,0.342724138149968,0.493034187373507,0.566942964037493,2.125,0.521297352379196,0.75,1,16
"FluSight-HJudge_ensemble","56",0.547809701360139,0.778799226481377,1.46434782608696,0.385658023199092,0.680896697115589,0.791184674406089,2.5,0.681046207846651,0.5,0.9375,16
"FluSight-HJudge_ensemble","72",0.613445473719857,0.572836113220772,11.399375,0.179915146822048,0.626890135541185,0.70518909432716,15.75,0.265059223351058,0.75,1,16
"FluSight-baseline","01",1,1,9.12703804347826,0.494701787437167,1,1,4.25,0.220112184964128,1,1,16
"FluSight-baseline","02",1,1,1.58885869565217,0.458369644742627,1,1,2,0.849522937915629,0.9375,1,16
"FluSight-baseline","04",1,1,19.205625,0.452218032757405,1,1,13.0625,0.29172506410716,0.9375,1,16
"FluSight-baseline","05",1,1,6.67652173913044,0.593033541346642,1,1,3.5,0.610958727296972,1,1,16
"FluSight-baseline","06",1,1,47.9029619565217,0.439640176013612,1,1,23.0625,0.143675374114,1,1,16
"FluSight-baseline","08",1,1,9.3758152173913,0.548732465690444,1,1,8.375,0.643065965015237,0.9375,1,16
"FluSight-baseline","09",1,1,6.43054347826087,0.568686409629599,1,1,3.25,0.593626402776748,1,1,16
"FluSight-baseline","10",1,1,2.43774456521739,0.438365698539577,1,1,1.625,0.617193004875902,0.9375,1,16
"FluSight-baseline","11",1,1,1.75078804347826,0.435065566624987,1,1,1.8125,0.883708229814495,0.9375,1,16
"FluSight-baseline","12",1,1,40.1827445652174,0.490567488978212,1,1,13.875,0.113698020816772,1,1,16
"FluSight-baseline","13",1,1,15.2513043478261,0.631448667855623,1,1,11.25,0.574294104400314,0.9375,1,16
"FluSight-baseline","15",1,1,4.64790760869565,0.457129921317267,1,1,7.375,0.651197714128173,0.5625,1,16
"FluSight-baseline","16",1,1,4.13336956521739,0.474451830985382,1,1,2.6875,0.5153144298986,1,1,16
"FluSight-baseline","17",1,1,21.5984782608696,0.666485315123329,1,1,17.0625,0.559142054653925,0.8125,1,16
"FluSight-baseline","18",1,1,13.5770923913043,0.57957243064527,1,1,5.25,0.419502669513597,1,1,16
"FluSight-baseline","19",1,1,5.00029891304348,0.577956031148145,1,1,3.75,0.953147905356162,0.9375,1,16
"FluSight-baseline","20",1,1,4.4520652173913,0.511443492724975,1,1,1.625,0.392446663722485,1,1,16
"FluSight-baseline","21",1,1,11.0433967391304,0.682305968893062,1,1,9.4375,0.796793098432513,0.875,1,16
"FluSight-baseline","22",1,1,9.73586956521739,0.465512426257453,1,1,5.625,0.227819324389473,1,1,16
"FluSight-baseline","23",1,1,2.77904891304348,0.436333050967553,1,1,1.625,0.554408893649087,1,1,16
"FluSight-baseline","24",1,1,9.18619565217391,0.517117409786047,1,1,3.25,0.205872089116629,1,1,16
"FluSight-baseline","25",1,1,14.8654347826087,0.648271772316831,1,1,10.4375,0.940694955761677,1,1,16
"FluSight-baseline","26",1,1,17.6971195652174,0.627627668541192,1,1,7.5625,0.493411040935912,1,1,16
"FluSight-baseline","27",1,1,10.5304619565217,0.555148449623414,1,1,11.125,0.826556468572318,0.9375,1,16
"FluSight-baseline","28",1,1,6.76600543478261,0.478100310468992,1,1,5.8125,0.423700938683089,1,1,16
"FluSight-baseline","29",1,1,11.5354891304348,0.622609438688117,1,1,4.875,0.371479148197466,1,1,16
"FluSight-baseline","30",1,1,2.75576086956522,0.515581746746562,1,1,2.75,0.912875591831755,0.9375,1,16
"FluSight-baseline","31",1,1,3.15285326086957,0.534346870386124,1,1,2.6875,0.9670943773133,1,1,16
"FluSight-baseline","32",1,1,8.1770652173913,0.315119216080832,1,1,10.0625,0.356780786327386,0.75,1,16
"FluSight-baseline","33",1,1,2.38546195652174,0.45938953580193,1,1,1.4375,0.57967993081961,1,1,16
"FluSight-baseline","34",1,1,20.0608423913043,0.541768533106258,1,1,14.25,0.46063237405453,1,1,16
"FluSight-baseline","35",1,1,5.20866847826087,0.52602538534555,1,1,3.5625,0.626480883799034,1,1,16
"FluSight-baseline","36",1,1,33.9198369565217,0.649007907545341,1,1,20.6875,0.499699083134779,1,1,16
"FluSight-baseline","37",1,1,17.5514673913043,0.643284219259059,1,1,5.1875,0.390264343066899,1,1,16
"FluSight-baseline","38",1,1,2.63826086956522,0.422383772000575,1,1,3.375,0.56229620589012,0.9375,1,16
"FluSight-baseline","39",1,1,22.695027173913,0.669827442370957,1,1,6.125,0.336681675502279,1,1,16
"FluSight-baseline","40",1,1,8.86847826086957,0.616154310079434,1,1,5.6875,0.504912378097418,1,1,16
"FluSight-baseline","41",1,1,7.4660597826087,0.578711946527302,1,1,4.9375,0.73864585352695,1,1,16
"FluSight-baseline","42",1,1,42.2341032608696,0.374835218328442,1,1,22.75,0.140367358538194,0.875,1,16
"FluSight-baseline","44",1,1,2.98978260869565,0.493096009585163,1,1,3.3125,0.762897666466932,0.8125,1,16
"FluSight-baseline","45",1,1,9.22122282608696,0.583283988309287,1,1,4.25,0.473281436563774,1,1,16
"FluSight-baseline","46",1,1,2.4841847826087,0.488877113933575,1,1,2.5,0.717823197993047,0.8125,1,16
"FluSight-baseline","47",1,1,13.859375,0.447883522360232,1,1,8.25,0.254622484952784,1,1,16
"FluSight-baseline","48",1,1,44.283722826087,0.566127944399262,1,1,13,0.11757323421108,1,1,16
"FluSight-baseline","49",1,1,3.77467391304348,0.442582073304562,1,1,3.5,0.502730406005806,1,1,16
"FluSight-baseline","50",1,1,1.01967391304348,0.331325123221964,1,1,0.6875,0.404618168522017,1,1,16
"FluSight-baseline","51",1,1,13.2696467391304,0.580278649117223,1,1,5.625,0.317265139911155,1,1,16
"FluSight-baseline","53",1,1,10.0667391304348,0.484288100662511,1,1,10.4375,0.550973715071403,0.9375,1,16
"FluSight-baseline","54",1,1,5.01760869565217,0.546415363520345,1,1,2.25,0.437321177507301,1,1,16
"FluSight-baseline","55",1,1,8.62116847826087,0.637933010085829,1,1,4.3125,0.901167532075364,0.9375,1,16
"FluSight-baseline","56",1,1,2.72720108695652,0.500790797611398,1,1,3.75,0.874642355014603,0.75,1,16
"FluSight-baseline","72",1,1,18.5976630434783,0.314282992941934,1,1,25,0.37435142716582,0.6875,1,16
"FluSight-ensemble","01",0.372266633387544,0.415283263135435,3.33817934782609,0.203247909022325,1.13742264813852,1.18349201218104,4.875,0.263424989747046,0.6875,1,16
"FluSight-ensemble","02",0.625291325814801,0.894870824207422,0.979375,0.406342873791872,0.816730286001475,0.83227351313648,1.625,0.703059994945985,0.625,1,16
"FluSight-ensemble","04",0.388199726311003,0.39371457168434,7.27557065217391,0.175218382358661,0.886710645594257,0.977568261134736,11.125,0.272392367819504,0.8125,1,16
"FluSight-ensemble","05",0.305690108846565,0.596648422483767,2.02508152173913,0.359369372667005,0.988684598070438,1.01162175319485,3.4375,0.613770039250738,0.5625,1,16
"FluSight-ensemble","06",0.341073964532109,0.286608063707248,16.0478532608696,0.12409353295976,0.558995189819493,0.669146531875522,13.0625,0.0985737715133027,1,1,16
"FluSight-ensemble","08",0.285200327850231,0.420109877262565,2.63907608695652,0.229569843755738,0.436768741805007,0.55067016631782,3.625,0.354655053383106,0.9375,1,16
"FluSight-ensemble","09",0.262961140635391,0.547881713824334,1.65334239130435,0.308177083199836,0.768483477000704,0.864324515292457,2.4375,0.502904851792245,0.8125,1,16
"FluSight-ensemble","10",0.335551384608652,0.661128067309937,0.798913043478261,0.287597070488808,0.777577478638678,0.817452357446058,1.25,0.50195078797796,0.9375,1,16
"FluSight-ensemble","11",0.481394425905569,0.794913926493772,0.837880434782609,0.346050860511805,0.718221475778989,0.559820048795983,1.3125,0.50117438047805,0.6875,1,16
"FluSight-ensemble","12",0.367110900285299,0.266715271570705,14.4852173913043,0.128474236950055,1.10769074703849,1.13654769509473,15.4375,0.129874052540132,0.875,1,16
"FluSight-ensemble","13",0.359701187086307,0.465281050468996,5.35027173913043,0.290232149519875,0.769986656365254,0.799168190979587,8.5625,0.455436409684092,0.5,1,16
"FluSight-ensemble","15",0.661504172235159,0.679441985699206,3.0151902173913,0.30715657869824,0.651511986809053,0.733856458386396,4.6875,0.469039085509961,0.75,1,16
"FluSight-ensemble","16",0.313913216596372,0.541714713201464,1.27899456521739,0.255970916817267,0.658171807715895,0.758624966270796,1.75,0.387707130737715,0.9375,1,16
"FluSight-ensemble","17",0.5010687654473,0.562283450134159,10.6634782608696,0.371502726275975,0.935120798717678,1.00376109129669,16.125,0.565480854796135,0.625,0.9375,16
"FluSight-ensemble","18",0.216523620847419,0.393786326184096,2.89163043478261,0.227512428663171,0.831538595109723,0.863503131348816,4.25,0.354826062268996,0.8125,1,16
"FluSight-ensemble","19",0.272266380755063,0.648301225925421,1.33657608695652,0.375246598534726,0.585502875832457,0.653013645071194,2.1875,0.619465982636582,0.75,1,16
"FluSight-ensemble","20",0.210643691847021,0.489833431618723,0.916005434782609,0.248259373714313,0.701574967246873,0.714144968658032,1.125,0.278979413982149,1,1,16
"FluSight-ensemble","21",0.525859964253082,0.706370106743754,5.74076086956522,0.48095118341294,1.06141227806955,0.970322728008514,10,0.770615872483557,0.1875,1,16
"FluSight-ensemble","22",0.453303447875596,0.440176645610359,4.38076086956522,0.203652535908967,1.23231859300463,1.2694824138282,6.9375,0.289831001192785,0.5,1,16
"FluSight-ensemble","23",0.303740589316565,0.653479204293644,0.83,0.284178640914967,0.652220328722404,0.788865066834863,1.0625,0.439096144664908,0.9375,1,16
"FluSight-ensemble","24",0.274636113061414,0.413156159423769,2.49720108695652,0.212559737466589,0.923920103673155,1.09582519226064,3.0625,0.230092889554499,0.875,1,16
"FluSight-ensemble","25",0.253647653438347,0.597752929335246,3.72497282608696,0.393259756406817,0.620132098788551,0.769854831935739,6.4375,0.726245841508516,0.625,1,16
"FluSight-ensemble","26",0.215284338241136,0.402536636844975,3.763125,0.253897147702324,0.629264423729067,0.73006303424697,4.75,0.361093780822321,0.75,1,16
"FluSight-ensemble","27",0.278451114837685,0.492666820288025,2.89078804347826,0.27550245681512,0.350743369253926,0.499557665845869,3.875,0.415948137656236,0.875,1,16
"FluSight-ensemble","28",0.360903091718583,0.417145189753408,2.42472826086957,0.199607671925772,0.52426421696942,0.647914258730971,3.0625,0.278446654028419,0.875,1,16
"FluSight-ensemble","29",0.288535809665585,0.47706358715788,3.27076086956522,0.295099958884432,1.05940224776159,1.10076269010808,5.1875,0.411629389649523,0.625,1,16
"FluSight-ensemble","30",0.462417340963446,0.757611388409841,1.27597826086957,0.392481687746012,0.771406193643393,0.759834073873325,2.125,0.692233440335674,0.75,1,16
"FluSight-ensemble","31",0.426961733260966,0.935111454954722,1.34076086956522,0.499822846857678,0.856467719000561,1.01931858264855,2.3125,0.989108164412635,0.5,1,16
"FluSight-ensemble","32",0.532413550452731,0.599397210345012,4.2751902173913,0.186171274743967,0.572892918903454,0.665061008760409,5.5625,0.230759310411634,0.875,1,16
"FluSight-ensemble","33",0.357359665815893,0.725033980028867,0.836005434782609,0.330762377139838,0.99768403492882,0.997194786959204,1.4375,0.57967993081961,0.8125,1,16
"FluSight-ensemble","34",0.228291451445898,0.309033492884371,4.49097826086957,0.165385531645317,0.379506729142151,0.430606971746275,5.3125,0.195031974243191,1,1,16
"FluSight-ensemble","35",0.274039044031554,0.512404735977722,1.40551630434783,0.268563653397065,0.622687106703348,0.721080537777936,2.1875,0.448529894680103,0.9375,1,16
"FluSight-ensemble","36",0.252529942751731,0.346148121136993,8.38586956521739,0.221627320675684,0.521948687667082,0.585192336287486,10.625,0.288692846148525,0.8125,1,16
"FluSight-ensemble","37",0.151268614722761,0.329150139138739,2.61842391304348,0.210681195876736,0.643269329145377,0.710293835047219,3.3125,0.275874968417892,1,1,16
"FluSight-ensemble","38",0.7971269405773,0.90972280071714,2.04486413043478,0.377561514432963,0.90800762744077,0.949631791946647,3,0.523300848920246,0.5625,0.9375,16
"FluSight-ensemble","39",0.139544149540482,0.285864327578204,3.08592391304348,0.188722767982721,0.523753564544695,0.584400988921762,3.1875,0.196001914655128,1,1,16
"FluSight-ensemble","40",0.391176412584214,0.550069157479456,3.42445652173913,0.33735827596761,1.03250251754726,1.03521502975739,5.875,0.522634775301663,0.4375,1,16
"FluSight-ensemble","41",0.31779353467684,0.665277205401199,2.33953804347826,0.382386752184361,0.758332223112758,0.890454445228643,3.75,0.657994769167043,0.6875,1,16
"FluSight-ensemble","42",0.540242959764088,0.453753981404303,22.4427717391304,0.167555172576943,1.50124433731095,1.6742421832762,34.3125,0.236773598834043,0.5,1,16
"FluSight-ensemble","44",0.544684333598326,0.798845459825578,1.58538043478261,0.388179808158892,0.785389639757722,0.894454776503822,2.5625,0.675492148744216,0.6875,1,16
"FluSight-ensemble","45",0.226366014383006,0.420450429246523,2.05160326086957,0.244350764967856,0.609884793581772,0.70714962523372,2.5625,0.33289025456766,0.875,1,16
"FluSight-ensemble","46",0.482978055238663,0.755236551593337,1.17573369565217,0.36575523814488,0.74073581381643,0.802001464394517,1.8125,0.566743767415806,0.625,1,16
"FluSight-ensemble","47",0.304713404626319,0.326162572901885,4.13660326086957,0.143803782810718,0.534761884725111,0.590449567455967,4.375,0.148754360728184,0.9375,1,16
"FluSight-ensemble","48",0.285229511266496,0.231655973538322,12.40125,0.129187555456201,0.820875314758662,0.876613700706907,10.5625,0.102060892766847,1,1,16
"FluSight-ensemble","49",0.442318988545029,0.62908099918524,1.64736413043478,0.277279303804562,0.78250257183342,0.874172765669708,2.75,0.442643540528571,0.8125,1,16
"FluSight-ensemble","50",0.438034112959553,0.720777985241016,0.439538043478261,0.237864286351482,1.25390793424039,1.29911845834744,0.875,0.534583264877007,0.875,1,16
"FluSight-ensemble","51",0.206377733884745,0.298290421720315,2.71625,0.172805996321089,0.528086568008853,0.595948852482036,3,0.191374081276103,0.9375,1,16
"FluSight-ensemble","53",0.406750573694728,0.492969526544319,4.05842391304348,0.237234734496653,0.638806908606033,0.728533789857303,6.625,0.399928013208929,0.6875,1,16
"FluSight-ensemble","54",0.23999853710253,0.523610741431184,1.1795652173913,0.28496203285,0.664593508594345,0.773596144714742,1.5,0.340281242295382,0.9375,1,16
"FluSight-ensemble","55",0.209178004059462,0.585927964542475,1.76826086956522,0.378421124294099,0.519664282815053,0.595605525313222,2.25,0.548555773076971,0.75,1,16
"FluSight-ensemble","56",0.551008669755456,0.77912713504482,1.47741847826087,0.386609210003327,0.713606710520252,0.821873104096089,2.625,0.708660754864091,0.5625,1,16
"FluSight-ensemble","72",0.625162736093821,0.585989411199202,11.6132608695652,0.184013882486668,0.665122446976038,0.742120042624445,16.6875,0.278536250549029,0.6875,1,16
"FluSight-lop_norm","01",0.417458294625393,0.491690263789197,3.74638586956522,0.240938944483034,1.15515097679987,1.20354218437812,4.9375,0.266946163433728,0.6875,1,16
"FluSight-lop_norm","02",0.621722352852744,0.846635586620325,0.975788043478261,0.385366817318469,0.783397266339734,0.814687587616152,1.5625,0.689113522988847,0.8125,1,16
"FluSight-lop_norm","04",0.419018039578016,0.440714696324605,7.87086956521739,0.196518323230288,0.845312114351438,0.917272167320908,10.625,0.256349495856745,0.9375,1,16
"FluSight-lop_norm","05",0.322017426299403,0.600099921907956,2.12828804347826,0.358725945487177,0.937202435055617,0.964758976854373,3.25,0.58439481242288,0.75,1,16
"FluSight-lop_norm","06",0.375702261601278,0.334483610795599,17.7308423913043,0.145518120572973,0.667770362376062,0.806532425916669,15.625,0.118931320514274,1,1,16
"FluSight-lop_norm","08",0.316737839118272,0.45745746956366,2.93228260869565,0.249801432295637,0.436197555216999,0.546797164537622,3.625,0.352382075622427,1,1,16
"FluSight-lop_norm","09",0.308753641469985,0.594746466284177,1.94638586956522,0.334731531414183,0.841376674241657,0.939579401675324,2.6875,0.55026020814834,1,1,16
"FluSight-lop_norm","10",0.377717457834905,0.698888698694434,0.901222826086956,0.303953987934345,0.894273059885204,0.918668497886057,1.4375,0.563252616291193,0.9375,1,16
"FluSight-lop_norm","11",0.505353686023705,0.800784014615131,0.878152173913043,0.348297875993503,0.718221475778989,0.559820048795983,1.3125,0.50117438047805,0.6875,1,16
"FluSight-lop_norm","12",0.426632132110531,0.332960874522502,16.8985597826087,0.161402736487982,1.32517851238282,1.37395702158366,18.5,0.157245008286087,1,1,16
"FluSight-lop_norm","13",0.380126569006609,0.502596345484852,5.66516304347826,0.313954908137883,0.771734972379128,0.803358172377301,8.5625,0.456730153281643,0.5625,1,16
"FluSight-lop_norm","15",0.676378070879308,0.72534676322586,3.08600543478261,0.328128420612385,0.643867224389772,0.735622872171205,4.625,0.469661002413177,0.75,1,16
"FluSight-lop_norm","16",0.348313972253745,0.575463348435545,1.41967391304348,0.271781303216863,0.704735607165147,0.799934346731417,1.875,0.40873664552654,1,1,16
"FluSight-lop_norm","17",0.507785374788452,0.609503554921398,10.8149184782609,0.40299992087537,0.89526561428979,0.937607831225066,15.4375,0.52844730295349,0.6875,1,16
"FluSight-lop_norm","18",0.252480702261518,0.447626327759115,3.36720108695652,0.257544292578191,0.80935623686305,0.843620038943561,4.125,0.34594401843976,0.9375,1,16
"FluSight-lop_norm","19",0.299413759636887,0.666643792424812,1.47301630434783,0.385940528878039,0.548495374377381,0.634953748830369,2.0625,0.606295918179353,0.8125,1,16
"FluSight-lop_norm","20",0.25074401515411,0.528315223827141,1.09353260869565,0.268136220502707,0.658472113124262,0.662527976372031,1.0625,0.260999284453913,1,1,16
"FluSight-lop_norm","21",0.525182226756098,0.725157680075998,5.735625,0.493765218276737,1.06958593134616,0.974095636251146,10.0625,0.771934633236062,0.25,1,16
"FluSight-lop_norm","22",0.50606610489092,0.52191351935727,4.89288043478261,0.241660237974697,1.29944328569682,1.35765566730086,7.3125,0.309957935594613,0.6875,1,16
"FluSight-lop_norm","23",0.353683807528539,0.688290521347018,0.964809782608696,0.298178577617476,0.655059852056598,0.782606169058933,1.0625,0.435062487093809,1,1,16
"FluSight-lop_norm","24",0.34145350065668,0.499864431398755,3.10652173913043,0.256840936174162,1.03733545272775,1.2511832399114,3.4375,0.262562351595605,0.875,1,16
"FluSight-lop_norm","25",0.281720280703564,0.605149357740106,4.13948369565217,0.396704694084545,0.582572895357216,0.743017645481994,6.0625,0.702768007855316,0.6875,1,16
"FluSight-lop_norm","26",0.250604134318939,0.451220269532482,4.37989130434783,0.283239292233149,0.608359160302909,0.713031255162736,4.625,0.355188313756517,0.75,1,16
"FluSight-lop_norm","27",0.327041382084822,0.536907701765111,3.40163043478261,0.298655143883837,0.316388930171862,0.461058027879422,3.5,0.385393676193132,0.9375,1,16
"FluSight-lop_norm","28",0.406144488741669,0.475927627350487,2.72663043478261,0.22724751335467,0.568669598849299,0.710520277085862,3.3125,0.303839264529339,0.9375,1,16
"FluSight-lop_norm","29",0.320698152585736,0.5218030768218,3.64516304347826,0.323031354488598,1.03359395563659,1.05675709185414,5.0625,0.395294091891122,0.75,1,16
"FluSight-lop_norm","30",0.482465205190558,0.756663685691648,1.32923913043478,0.391759365528426,0.774319264509957,0.747471491908954,2.125,0.677510560878626,0.75,1,16
"FluSight-lop_norm","31",0.445684659552061,0.919533756251534,1.396875,0.490979920621972,0.856093882965356,1.02321774372127,2.3125,0.993141821983733,0.6875,1,16
"FluSight-lop_norm","32",0.598035016289659,0.683030376959239,4.80559782608696,0.21216269869503,0.598305881790213,0.698619286738786,5.8125,0.242554152942332,0.9375,1,16
"FluSight-lop_norm","33",0.408404600551966,0.743109344660543,0.956413043478261,0.339000554485154,0.956712823523507,0.955845331552122,1.375,0.554338361562849,0.9375,1,16
"FluSight-lop_norm","34",0.268968332543326,0.366171950289956,5.30709239130435,0.196188007805935,0.340438127100003,0.386997740086876,4.75,0.17469056743248,1,1,16
"FluSight-lop_norm","35",0.311966150397255,0.549424392724396,1.60336956521739,0.287770299488396,0.59043495086378,0.710069985727318,2.0625,0.440184182641071,1,1,16
"FluSight-lop_norm","36",0.282769599430297,0.396593650866834,9.41728260869565,0.254342341673014,0.467851032580585,0.522686108476502,9.4375,0.255573781128599,0.875,1,16
"FluSight-lop_norm","37",0.196871434073964,0.397014150837052,3.41236413043478,0.253991882235042,0.580644364929169,0.65300852190598,3,0.254476720996117,1,1,16
"FluSight-lop_norm","38",0.79702792416656,0.928128487063984,2.04858695652174,0.385516926659164,0.927452902911597,0.971221849582713,3.0625,0.534695946219868,0.5625,1,16
"FluSight-lop_norm","39",0.181047626502793,0.375714910948417,4.02255434782609,0.248777368370521,0.48442245569275,0.551947392590311,2.9375,0.184154204462007,1,1,16
"FluSight-lop_norm","40",0.412056581342555,0.577868413099342,3.60798913043478,0.35419527923952,1.02354880857993,1.0169186465892,5.8125,0.512256363781032,0.5625,1,16
"FluSight-lop_norm","41",0.356119015068795,0.686776326489777,2.62663043478261,0.395079613364262,0.708545797510629,0.839531677798721,3.5,0.619791587652225,0.6875,1,16
"FluSight-lop_norm","42",0.605325815908505,0.54707498931338,25.1967663043478,0.202792496805572,1.75675571767153,2.02816958213401,40.3125,0.288165458161606,0.5625,1,16
"FluSight-lop_norm","44",0.567852965979333,0.814196671476471,1.65766304347826,0.395960591895432,0.786476294782734,0.890130267022265,2.5625,0.671458491173118,0.6875,1,16
"FluSight-lop_norm","45",0.28310018806988,0.485731208758784,2.57336956521739,0.282415167308576,0.610729990871417,0.706921457071597,2.5625,0.332454712735404,0.9375,1,16
"FluSight-lop_norm","46",0.509111685100401,0.762598072596866,1.24084239130435,0.369545695750933,0.765095522290197,0.83647995728088,1.875,0.592085336672566,0.6875,1,16
"FluSight-lop_norm","47",0.345358662021746,0.393525705155579,4.69524456521739,0.173809395264973,0.520748647656317,0.572389701740179,4.25,0.143843937327284,0.9375,1,16
"FluSight-lop_norm","48",0.330996856014567,0.288462585605914,14.465625,0.162035901486553,0.820709385439932,0.893740130429712,10.6875,0.105632503659699,1,1,16
"FluSight-lop_norm","49",0.485479585108615,0.669719760624839,1.80970108695652,0.295051377082709,0.712979523632291,0.783884540592224,2.5,0.395288184172476,0.875,1,16
"FluSight-lop_norm","50",0.514849436091304,0.761763510654866,0.518342391304348,0.251927127003069,1.33747446896046,1.3971375719006,0.9375,0.577904963662004,1,1,16
"FluSight-lop_norm","51",0.264096236385603,0.376229668684501,3.47953804347826,0.217882317461797,0.516396717084151,0.586581752644959,2.9375,0.188629507082982,1,1,16
"FluSight-lop_norm","53",0.426831896317611,0.516255308746696,4.26130434782609,0.248475057607046,0.627171319645549,0.72221895729998,6.5,0.396304385165617,0.6875,1,16
"FluSight-lop_norm","54",0.274631400827879,0.569600591728387,1.35377717391304,0.310271179016328,0.717169546676637,0.842499725916633,1.625,0.372207843780757,1,1,16
"FluSight-lop_norm","55",0.250411723864051,0.605816257672185,2.12203804347826,0.389622212039676,0.536353383288607,0.602924482462644,2.3125,0.55322395386457,0.875,1,16
"FluSight-lop_norm","56",0.580068811232872,0.793565050159199,1.56008152173913,0.394456235344344,0.713606710520252,0.821873104096089,2.625,0.708660754864091,0.6875,1,16
"FluSight-lop_norm","72",0.619809762158909,0.589366204563231,11.513722826087,0.185034330229409,0.630648950866104,0.708830207065189,15.8125,0.265867764079045,0.75,1,16
"FluSight-trained_mean","01",0.357240667095431,0.389059039841355,3.20579828590511,0.190466768523276,1.20088375100724,1.26398097649405,5.13577026435648,0.280734004700106,0.625,1,16
"FluSight-trained_mean","02",0.702140623603218,1.0133830390841,1.09648243254833,0.458633028615409,0.88000047619743,0.880235213413215,1.75346467129748,0.744524098687837,0.375,0.5625,16
"FluSight-trained_mean","04",0.352747467141166,0.354294077850302,6.62703537109066,0.158692518592935,0.854850091181326,0.934329720513834,10.7869550064544,0.262400931098995,0.5625,1,16
"FluSight-trained_mean","05",0.293737888693613,0.595333617222665,1.94249770911473,0.359591680082102,0.93957613208031,0.977199625627031,3.23473972031602,0.587781370726687,0.3125,0.9375,16
"FluSight-trained_mean","06",0.279665382812611,0.21976186241514,13.2269214480957,0.095719935593544,0.427621367933519,0.533393283298164,10.3715088581777,0.0823256015906119,0.9375,1,16
"FluSight-trained_mean","08",0.306509748843546,0.43127465604193,2.85521077455631,0.237565502441348,0.537669393092937,0.64701720779046,4.46876085995295,0.416172851994584,0.4375,1,16
"FluSight-trained_mean","09",0.287350819828709,0.592854729530865,1.80734420101488,0.332764676895249,0.873667260808158,0.94530919534933,2.79270697906754,0.553516710081661,0.4375,1,16
"FluSight-trained_mean","10",0.326188408290938,0.691537180723561,0.777351757115608,0.302557930251686,0.711304278043519,0.756169464205289,1.13485906617901,0.460946994904868,0.5625,0.75,16
"FluSight-trained_mean","11",0.537516876596184,0.866733782440233,0.936351255937135,0.377853324181491,0.836747364010884,0.732252266879827,1.52487297897935,0.652386630412027,0.375,0.875,16
"FluSight-trained_mean","12",0.339663153132927,0.246744807347814,13.3767096823701,0.118724095645157,1.36990885135518,1.43904177971351,19.1248282653467,0.164795199406784,0.8125,1,16
"FluSight-trained_mean","13",0.360984881589803,0.459359943018281,5.34995029006109,0.286002966648329,0.758122020897213,0.790096287529106,8.39626405308618,0.448377143742979,0.375,1,16
"FluSight-trained_mean","15",0.667923991051552,0.614380280405915,3.07829265731841,0.280965887439325,0.663003964643699,0.702321597062123,4.82647372514764,0.455250455561282,0.5625,1,16
"FluSight-trained_mean","16",0.293827776166876,0.514871603088616,1.20325435043593,0.244948698730554,0.68877882470048,0.782881134494101,1.82977576010932,0.400510466160431,0.5625,1,16
"FluSight-trained_mean","17",0.497721623450049,0.519166921029323,10.5776798452832,0.342813459111079,0.890643942567403,0.922154033451599,15.3356045252292,0.519331564227409,0.5,0.875,16
"FluSight-trained_mean","18",0.191081363665012,0.352975666566476,2.55452518431302,0.204675106580062,0.735112672150839,0.781251064549452,3.75891767795704,0.321536789738623,0.75,1,16
"FluSight-trained_mean","19",0.301327877735326,0.72124496310564,1.48356121318666,0.420291715363938,0.638149209643632,0.698036476979755,2.40934044917872,0.670702153049249,0.4375,0.75,16
"FluSight-trained_mean","20",0.182061831235073,0.400658648435984,0.789416374228574,0.203166304254276,0.715912705999731,0.729758417921131,1.14603790314271,0.284269675296934,0.6875,1,16
"FluSight-trained_mean","21",0.570848718148844,0.704188958141528,6.24199003418308,0.480486072391526,1.08238871251282,0.988173869876268,10.1940540557831,0.784443245846586,0.0625,0.9375,16
"FluSight-trained_mean","22",0.432393137064594,0.400348409513324,4.19084775133699,0.185695536418991,1.2960838416513,1.34865993619445,7.2714265295307,0.306861370615681,0.375,1,16
"FluSight-trained_mean","23",0.292756361138709,0.660816633561008,0.801712445729252,0.288598847160982,0.579176609113567,0.713647425006735,0.933620656820309,0.393933739481657,0.6875,0.75,16
"FluSight-trained_mean","24",0.290349145661314,0.410783803581458,2.64387943175781,0.211403090134941,1.12647032022309,1.4179803709435,3.73556174224543,0.297872762299138,0.8125,1,16
"FluSight-trained_mean","25",0.285448259871523,0.685179192321088,4.21094588301976,0.453509327154648,0.661441777772002,0.800020830995644,6.87219555726628,0.754485657149212,0.25,0.875,16
"FluSight-trained_mean","26",0.188559803718943,0.363418277921747,3.30803785613305,0.230670663230748,0.563023819327814,0.671271953604408,4.27428604520437,0.334214696347714,0.6875,1,16
"FluSight-trained_mean","27",0.276399994196493,0.483779283060847,2.88529196079244,0.272892455676871,0.372780718706809,0.533496324580069,4.14820606780438,0.446342027489423,0.625,0.9375,16
"FluSight-trained_mean","28",0.349468149526289,0.403904067686651,2.35350862337683,0.193783213738336,0.557594685122059,0.679891825316367,3.24365547683887,0.290459241189781,0.6875,1,16
"FluSight-trained_mean","29",0.283018591221105,0.438320462862959,3.2120167122327,0.271367537726135,1.05416088939718,1.08027633059092,5.16395239383479,0.404112919751606,0.4375,1,16
"FluSight-trained_mean","30",0.45357241380468,0.7448305418808,1.25733102582006,0.387252973554386,0.733887705055987,0.729851807426372,2.03396192333597,0.668356136376786,0.5,0.75,16
"FluSight-trained_mean","31",0.51397086675274,1.2382335920856,1.61292375500848,0.661976755480429,0.949130661314855,1.08853944538219,2.55178038910612,1.05416045123209,0.125,0.25,16
"FluSight-trained_mean","32",0.548086880962805,0.544851332065385,4.46130086359024,0.170930171580959,0.682892887240468,0.751140335723107,6.80372141892477,0.266073915804255,0.75,1,16
"FluSight-trained_mean","33",0.347132671871661,0.729340874717376,0.814229630178077,0.334245451255794,0.930223704836991,0.945799009824171,1.34555973459172,0.551087136841708,0.3125,0.6875,16
"FluSight-trained_mean","34",0.224953249765841,0.282434086895766,4.43257133497411,0.150909173096872,0.417393956087978,0.47595733830503,5.86120647357278,0.216285886007813,0.8125,1,16
"FluSight-trained_mean","35",0.294364011723046,0.550203205222732,1.5196408682962,0.290455608173906,0.627124031750276,0.750903779385,2.20648035386744,0.468460237165446,0.4375,1,16
"FluSight-trained_mean","36",0.232685084866328,0.302300846560288,7.74167858272095,0.193423469785461,0.511010290815631,0.579403169870272,10.3774140597403,0.285330013120777,0.625,1,16
"FluSight-trained_mean","37",0.130059366607936,0.281853654997481,2.24694876423881,0.180040255308337,0.547911730995691,0.621033156679861,2.82484364815283,0.241410852920444,0.75,1,16
"FluSight-trained_mean","38",0.771487390563355,0.816876139767626,1.97729861666701,0.338386299825781,0.910161419448751,0.931156639728626,3.0042259470227,0.512585172438916,0.375,0.9375,16
"FluSight-trained_mean","39",0.119886231290634,0.246602349296351,2.64047633895751,0.162228880571242,0.551226067071906,0.620370561201769,3.33654420385531,0.206774533762105,0.875,1,16
"FluSight-trained_mean","40",0.463982645261565,0.645945509634913,4.06282137075087,0.396003381677143,1.21385353031641,1.29535891538849,6.88069728029468,0.651426959772014,0.125,1,16
"FluSight-trained_mean","41",0.352993978290579,0.749020430264648,2.61035542565595,0.43153569281571,0.807056706377067,0.919754300321887,3.99175217055537,0.679519752731129,0.375,0.875,16
"FluSight-trained_mean","42",0.557192510254114,0.458468702049743,23.1961381384584,0.169644157585548,1.74402864323409,2.01732327415319,40.0553885192482,0.287020643663528,0.4375,1,16
"FluSight-trained_mean","44",0.53887398463785,0.847670681781286,1.57331451742232,0.41468041089546,0.739553669996756,0.849495803894298,2.40668932015925,0.63960632771362,0.4375,0.8125,16
"FluSight-trained_mean","45",0.18986926746376,0.370879389787231,1.71402081424996,0.215076965376189,0.548097897679065,0.660655110046885,2.29234687569871,0.309943757295119,0.625,1,16
"FluSight-trained_mean","46",0.497784951373267,0.797730425629845,1.21370538382734,0.387039464752999,0.810861505698131,0.868907748164944,1.99068528825733,0.616305830245724,0.4375,0.75,16
"FluSight-trained_mean","47",0.262841744718552,0.275975891409834,3.55651782986782,0.12118512821131,0.563029430849419,0.612628448660756,4.57464040384432,0.153387638126185,0.8125,1,16
"FluSight-trained_mean","48",0.226130955915833,0.174498888187371,9.83194276856253,0.0972825193262266,0.700573068373755,0.760644844157673,9.14192479828237,0.0902064134994078,1,1,16
"FluSight-trained_mean","49",0.430997129628533,0.587594171109459,1.60558094183314,0.259000836429283,0.729692960426792,0.836731544550959,2.56899822956637,0.425797342775152,0.5,1,16
"FluSight-trained_mean","50",0.463286048694319,0.83204560991277,0.463223269179979,0.273259515141798,1.02998642751115,1.06307453597283,0.709030272363335,0.430919433537818,0.0625,0.3125,16
"FluSight-trained_mean","51",0.181097986068193,0.253013111964962,2.39205449948692,0.147070912589881,0.484533427593882,0.560547510777498,2.77125233247454,0.181184883900685,0.875,1,16
"FluSight-trained_mean","53",0.406769919213857,0.490000959521798,4.05536725615493,0.235328551807217,0.627522488884294,0.722361424623563,6.50399180331444,0.396440183009107,0.375,1,16
"FluSight-trained_mean","54",0.22312091492153,0.422662563972121,1.09041571161181,0.228142625402182,0.695624218894375,0.768191770714871,1.56626426512778,0.337391114817064,0.6875,1,16
"FluSight-trained_mean","55",0.172483800198272,0.509284379931544,1.4568027055291,0.331250941750815,0.4828140958225,0.550789590310334,2.07466771777057,0.503617537057692,0.625,0.8125,16
"FluSight-trained_mean","56",0.574267833446419,0.858783720816723,1.54196238670065,0.428753308975379,0.672516872002084,0.796561801895891,2.46382408770166,0.683937811945612,0.25,0.875,16
"FluSight-trained_mean","72",0.691367361681364,0.61858168565716,12.8473956663317,0.194269913926616,0.70561383936546,0.770727576271129,17.6768991509087,0.288955182824524,0.625,0.9375,16
"FluSight-trained_med","01",0.371225175991343,0.417623155872741,3.32917261012608,0.2044962363334,1.16116767823216,1.21059541346637,4.96442065085931,0.268659307111082,0.625,1,16
"FluSight-trained_med","02",0.684178797683135,0.988421170722647,1.0688981743675,0.447757195696987,0.893924502426539,0.953805311837338,1.77995974407922,0.807689031938312,0.5,1,16
"FluSight-trained_med","04",0.358415329220513,0.362868847723262,6.76074545911498,0.163170552548094,0.744044326139559,0.836634168771033,9.47537491751217,0.238241897883318,0.6875,1,16
"FluSight-trained_med","05",0.305263875846597,0.602700260776392,2.02785180703528,0.364748447553654,0.983736010635986,1.01021893271376,3.41547263976771,0.611920031445774,0.5,1,16
"FluSight-trained_med","06",0.295912066803169,0.230190854355552,13.9096337251078,0.0995147430584155,0.38025490524391,0.438589508473504,8.84936637665408,0.0641836852236301,1,1,16
"FluSight-trained_med","08",0.29667847979305,0.419811378724616,2.75679522429269,0.230237849776003,0.505072574644911,0.609477229327896,4.2085339788314,0.39283571304499,0.6875,1,16
"FluSight-trained_med","09",0.232343096912734,0.499270371471437,1.46048234801563,0.280503686604208,0.608907694400372,0.728042048331962,1.93814131730923,0.425772687468797,0.6875,1,16
"FluSight-trained_med","10",0.32750896390636,0.667798986394672,0.779392904174647,0.291157056653837,0.751167828143857,0.790985842163957,1.19950713952805,0.482683417303699,0.75,1,16
"FluSight-trained_med","11",0.534942518647781,0.896098285035204,0.930372312710115,0.389910561582857,0.917966510958087,0.854617784963747,1.67230585280319,0.760936331130531,0.4375,1,16
"FluSight-trained_med","12",0.356884970960495,0.265513194950272,14.0676858166267,0.12791425645562,1.03772517208414,1.08148445510782,14.4979468153553,0.12409836414063,0.875,1,16
"FluSight-trained_med","13",0.371705660798034,0.481873630358254,5.51771315496567,0.300038033570346,0.80039481587386,0.830963224185879,8.89122909639206,0.472630851104793,0.4375,1,16
"FluSight-trained_med","15",0.710427020736039,0.706335937915896,3.2531510168971,0.320467150919212,0.69748548151063,0.783564108921114,5.03714865678868,0.502909331402288,0.5,1,16
"FluSight-trained_med","16",0.309462829603927,0.528872379179056,1.26655886360772,0.251295538654728,0.687788844696366,0.784867620846343,1.83842080504735,0.402967417901424,0.6875,1,16
"FluSight-trained_med","17",0.493621634658458,0.554971389378767,10.5039415314526,0.366599975585611,0.915516165466921,0.972724224034145,15.7877251318613,0.548258012271136,0.625,1,16
"FluSight-trained_med","18",0.219183707898827,0.394761089594098,2.9288930702105,0.22833644683026,0.816125617159147,0.84953460147151,4.17235572413562,0.349323806930183,0.8125,1,16
"FluSight-trained_med","19",0.294196204957292,0.677936519395679,1.4434830857533,0.39253671205182,0.633296686322594,0.712193129535911,2.37570963687422,0.680202011756965,0.4375,1,16
"FluSight-trained_med","20",0.214677351297214,0.4989458190986,0.930167322696941,0.252157047920418,0.912646376084016,0.994904536978898,1.45627677203393,0.385455328393522,0.75,1,16
"FluSight-trained_med","21",0.579990250218839,0.78601308747938,6.3350149704468,0.535422887871689,1.15401025148071,1.11411624705851,10.859285714209,0.883189309676322,0.125,1,16
"FluSight-trained_med","22",0.457513276515974,0.435929847720136,4.43206810093975,0.202160840549294,1.29501613200432,1.34985402930218,7.27974741051494,0.307843782035795,0.375,1,16
"FluSight-trained_med","23",0.296608933325661,0.648411675480048,0.811425577096377,0.282775822450302,0.635723214456601,0.75711547063603,1.0208704960621,0.416984179839597,0.75,1,16
"FluSight-trained_med","24",0.270647103712593,0.388749337151689,2.4601448205144,0.199923906636,0.990670242951671,1.16977086533915,3.27040986714389,0.2448383943965,0.8125,1,16
"FluSight-trained_med","25",0.258726139415421,0.611926620335619,3.80393606070819,0.403665897203421,0.608109145456571,0.754381657788655,6.31277537012362,0.711487902752157,0.625,1,16
"FluSight-trained_med","26",0.203620583372102,0.389020411604559,3.54636970731094,0.244660267681484,0.596895933924002,0.697873059563411,4.48736275552511,0.344077253915406,0.75,1,16
"FluSight-trained_med","27",0.289660808719193,0.505902392115243,3.01589321890144,0.284688010069484,0.365341466276619,0.528997500590095,4.06293108857804,0.443539399712089,0.6875,1,16
"FluSight-trained_med","28",0.345466110285279,0.397874570443824,2.32217491711687,0.190512586165639,0.508038624482846,0.627360839224333,2.96400581075846,0.268933915118774,0.8125,1,16
"FluSight-trained_med","29",0.299005947213338,0.509983914325407,3.39311251994913,0.315729761507096,1.16060922528941,1.25930621923955,5.6779820595241,0.470854160560002,0.5625,1,16
"FluSight-trained_med","30",0.49217144579248,0.803857000722954,1.36008571566872,0.417485564053851,0.843063528095332,0.852830291303455,2.33211663388654,0.782675614397423,0.5625,0.9375,16
"FluSight-trained_med","31",0.446652862454165,1.01491451441475,1.40319633267223,0.542438400923471,0.837279775244253,0.992301075985181,2.25843413001972,0.962099666276302,0.3125,1,16
"FluSight-trained_med","32",0.525401272800315,0.561721210042312,4.22619724882795,0.174547016213049,0.570322295775687,0.655758354950338,5.5571569165406,0.228113687338849,0.875,1,16
"FluSight-trained_med","33",0.352286131545143,0.719710256158666,0.82303629643046,0.327897479140738,0.957922393609766,0.973389162442821,1.3774191462659,0.563762041776492,0.5625,1,16
"FluSight-trained_med","34",0.234888662311532,0.308522485139761,4.62042181092409,0.164940731883994,0.41789074260442,0.469434315376969,5.86379959632924,0.213084043434689,0.9375,1,16
"FluSight-trained_med","35",0.276231745052518,0.516768293084969,1.41977794555012,0.271416055212437,0.629223945427682,0.724535060752737,2.21293260209879,0.450667977846615,0.625,1,16
"FluSight-trained_med","36",0.248129472137074,0.341041626397527,8.2347625512417,0.21817457800062,0.546090413071022,0.604547126058054,11.0793176067247,0.297067408279584,0.75,1,16
"FluSight-trained_med","37",0.143727819165721,0.313073796317992,2.48559750183463,0.200180109046185,0.581787406127775,0.650235766206025,2.99524055223513,0.252441649201781,0.8125,1,16
"FluSight-trained_med","38",0.779154139726445,0.848192976793346,1.99509337962894,0.351262399750129,0.900660353425799,0.934452641527774,2.97250756988886,0.514447036560497,0.5,0.9375,16
"FluSight-trained_med","39",0.141440618711799,0.282454457226021,3.12058707561896,0.186221013173196,0.619252022232465,0.691029208144211,3.75330525723894,0.230653993646136,0.9375,1,16
"FluSight-trained_med","40",0.415574337272766,0.595882091353055,3.64216874365699,0.36597121078204,1.13384166015474,1.19496648129364,6.44693835795302,0.603248584369603,0.3125,1,16
"FluSight-trained_med","41",0.32324660194725,0.685608177536018,2.38269159765596,0.394301832877798,0.729531866492984,0.861188440383484,3.60791655028094,0.636166642460792,0.5,1,16
"FluSight-trained_med","42",0.513786241155688,0.42746616936861,21.3667251227291,0.158014027415114,1.42301869921984,1.57436155767416,32.599665178808,0.223310076304482,0.4375,1,16
"FluSight-trained_med","44",0.559671191705207,0.850989984802016,1.6336493479715,0.415427905565806,0.774804915826957,0.872000400749426,2.52332703541056,0.657566992543208,0.5,1,16
"FluSight-trained_med","45",0.210176971146588,0.417614944805077,1.8976939594662,0.242006925653176,0.60401933083976,0.709924903596405,2.52749883471265,0.332976515356661,0.8125,1,16
"FluSight-trained_med","46",0.496756841125486,0.781832243741023,1.21053394539576,0.378917622028933,0.784308468926046,0.853279052995642,1.92504029818399,0.604821391670522,0.5625,1,16
"FluSight-trained_med","47",0.282029080874439,0.297243035295287,3.82103754444284,0.130813273718687,0.535382563764513,0.585111242248485,4.37032418588211,0.147137741176607,0.875,1,16
"FluSight-trained_med","48",0.261598482288006,0.213155119095418,11.3827213801814,0.119063161506615,0.704902168020501,0.751393331919908,9.12257235840719,0.0881489309198609,1,1,16
"FluSight-trained_med","49",0.446505478337788,0.615110660269549,1.66361063311651,0.271080337970517,0.736027724897451,0.838745753384829,2.60155762835294,0.428071485880685,0.5625,1,16
"FluSight-trained_med","50",0.426267107235797,0.705622267455605,0.424605312558501,0.230530424953623,0.991932323048875,1.00156835396949,0.679984938305682,0.403491255348909,0.75,1,16
"FluSight-trained_med","51",0.192010540569182,0.280993201274145,2.53096357035723,0.163002028813847,0.493297459375639,0.567500273992687,2.8196460340785,0.183400806574716,0.875,1,16
"FluSight-trained_med","53",0.420411144216662,0.506667723134484,4.1908175532752,0.24342127088581,0.679163960598439,0.770323933222521,7.04357212079567,0.423117915053613,0.375,1,16
"FluSight-trained_med","54",0.240314065083153,0.504683225047721,1.18044209472596,0.274746304218197,0.719240860603499,0.866068971427151,1.64055107392772,0.388131551208657,0.8125,1,16
"FluSight-trained_med","55",0.196583922259997,0.566731248086009,1.65469840408504,0.363133489490784,0.503632913023879,0.615067605537148,2.16046590037975,0.558585797470961,0.75,1,16
"FluSight-trained_med","56",0.588512874896379,0.841769571395478,1.5822579895426,0.419649622489773,0.70329350071814,0.818144300266348,2.58434766388436,0.704496581938686,0.3125,0.9375,16
"FluSight-trained_med","72",0.626253778927294,0.585808499643448,11.6279319545434,0.183859757785659,0.678765060611956,0.752988772654237,16.9963721161783,0.28212098047643,0.6875,1,16
"Gatech-ensemble_prob","01",0.587631747813645,0.48605612739414,5.3266847826087,0.239230437313525,1.08536931827781,1.05679013037714,4.75,0.239318595665085,1,1,16
"Gatech-ensemble_prob","04",0.72427359735703,0.887213611313481,13.5857336956522,0.393832028795679,1.06157374803487,1.16313512480312,13.3125,0.322742956537479,1,1,16
"Gatech-ensemble_prob","06",0.497707039502738,0.490309097416223,23.5416847826087,0.214224222969012,1.02017690760817,1.26972928934844,23.625,0.184805714532961,1,1,16
"Gatech-ensemble_prob","08",0.382586635840068,0.56760667272841,3.57975543478261,0.312903159690216,0.454703514213331,0.617852576052934,3.875,0.409575365201538,1,1,16
"Gatech-ensemble_prob","09",0.59523823649217,0.884309013445307,3.77467391304348,0.498683538054509,1.59222582101443,1.53754759148445,5.125,0.907345363999887,0.875,1,16
"Gatech-ensemble_prob","10",0.566364261943449,0.905763790228659,1.37195652173913,0.39874535236309,1.22724292501504,1.17286614149171,2,0.72507378204532,0.875,1,16
"Gatech-ensemble_prob","11",0.867807779208866,0.8834617975831,1.499375,0.384305555830665,1.14707930519984,0.72007946663301,2.0625,0.639086285049612,0.8125,1,16
"Gatech-ensemble_prob","12",0.433157975466744,0.32574746269758,17.210652173913,0.15827418925961,1.12346670259583,1.14758810210949,15.625,0.130787035671644,0.9375,1,16
"Gatech-ensemble_prob","13",0.431029136367175,0.544778116773641,6.4891847826087,0.342884008416337,0.74081878175819,0.767228980094993,8.25,0.4382982564264,0.875,1,16
"Gatech-ensemble_prob","15",0.632531309203353,0.626555391446245,2.89119565217391,0.284847234413271,0.656998102703288,0.721539735444628,4.75,0.464139658007663,0.6875,1,16
"Gatech-ensemble_prob","16",0.523594294590099,0.742085842671208,2.14815217391304,0.351291389209328,0.970127877018935,1.02562105702923,2.5625,0.520469251699284,0.875,1,16
"Gatech-ensemble_prob","17",0.743505347615349,0.656790778516149,16.0523641304348,0.441416098734529,1.40641689571525,1.33032959823231,24.5625,0.762342380301566,0.6875,1,16
"Gatech-ensemble_prob","18",0.416143892871155,0.610733855033758,5.61975543478261,0.354443034592346,1.09201885564315,1.07532883728356,5.75,0.452259735115198,1,1,16
"Gatech-ensemble_prob","19",0.526059714826886,0.871425725941708,2.63277173913043,0.509949863260309,0.818866624770691,0.828490716050813,3.125,0.800166289990744,0.8125,1,16
"Gatech-ensemble_prob","20",0.696408992334513,0.805984196448042,3.05788043478261,0.413302865056074,2.86215798895256,1.9329932068112,4.625,0.758401578458965,0.8125,1,16
"Gatech-ensemble_prob","21",0.462053234590798,0.639612701999,5.05035326086957,0.436173291393573,0.971368946590522,0.828337594340374,9.125,0.654404490733227,0.8125,1,16
"Gatech-ensemble_prob","22",0.470026389910386,0.458471799910042,4.53801630434783,0.21193516710199,1.01094601747906,1.00018692483551,5.6875,0.228039572631476,1,1,16
"Gatech-ensemble_prob","23",0.732343588110384,1.04435457074241,2.02247282608696,0.457831273115388,1.76795492230125,1.46054420068386,2.875,0.810789152043854,0.75,1,16
"Gatech-ensemble_prob","24",0.51790130535675,0.550757158538316,4.74244565217391,0.283939388526122,1.21022040270605,1.24649464278201,4,0.260835487825177,1,1,16
"Gatech-ensemble_prob","25",0.487042730286976,0.812694006751027,7.19432065217391,0.531506254777641,0.915380600154139,0.995925565374863,9.5625,0.941667408877682,0.875,1,16
"Gatech-ensemble_prob","26",0.706056487857393,0.792219374221079,12.4216304347826,0.499826243831436,2.61541072663987,1.90128813543271,19.5625,0.92311305269551,0.5625,1,16
"Gatech-ensemble_prob","27",0.821695838355987,0.967121633753924,8.65866847826087,0.542309356349543,1.16957066893118,1.19434811828952,13.125,0.993670721487672,0.5,1,16
"Gatech-ensemble_prob","28",0.555438649904221,0.589914035548596,3.76448369565217,0.283959441950528,0.964313445963053,1.13310554446638,5.625,0.484020010098798,0.8125,1,16
"Gatech-ensemble_prob","29",0.4666320649745,0.514933352489507,5.31940217391304,0.319768830540328,0.901908190992836,0.804487581653139,4.375,0.297840487411397,1,1,16
"Gatech-ensemble_prob","30",0.471183071217941,0.69730745006574,1.29203804347826,0.358692832010195,0.635117809084326,0.606811985262295,1.75,0.551579122094735,0.875,1,16
"Gatech-ensemble_prob","31",0.980629489158408,1.63128899597339,3.063125,0.870735927880546,1.87230390436489,1.60171347339689,5,1.54607600936148,0.25,1,16
"Gatech-ensemble_prob","32",0.589270784869735,0.687956360867468,4.71546195652174,0.213322169470167,0.600846315370779,0.694292833686862,5.8125,0.239578750729107,0.9375,1,16
"Gatech-ensemble_prob","33",0.840111579115549,1.07000187981657,1.98728260869565,0.492472122034955,2.11345245111175,1.51922497140174,3.0625,0.886743327727897,0.6875,1,16
"Gatech-ensemble_prob","34",0.363462319901501,0.549856019500662,7.22328804347826,0.297690513036698,0.255623144917054,0.292072028225017,3.5625,0.131672666764065,1,1,16
"Gatech-ensemble_prob","35",0.52279556276226,0.769217253235171,2.69744565217391,0.40536704436859,1.097462042039,1.16152385004506,3.8125,0.719272354653206,0.9375,1,16
"Gatech-ensemble_prob","36",0.396497184596194,0.592839336817781,13.3128804347826,0.38326993337352,0.497446261312325,0.562457696003942,10.0625,0.276377096192167,1,1,16
"Gatech-ensemble_prob","37",0.61117545663937,0.776839732988345,10.652472826087,0.498472927662419,2.86491832028394,2.21602031227636,14.9375,0.868207777687953,0.9375,1,16
"Gatech-ensemble_prob","38",0.732997939963258,0.819724864056464,1.88402173913043,0.340289671455133,0.888936064032574,0.89325450985409,2.9375,0.492150654934781,0.5625,1,16
"Gatech-ensemble_prob","39",0.306762684266767,0.606345697257808,6.89029891304348,0.404235414381647,0.407761714659181,0.4802041101683,2.5625,0.1669800425865,1,1,16
"Gatech-ensemble_prob","40",0.580395719808542,0.488822750339474,5.10296195652174,0.301023029162593,0.872371089553165,0.655598085158509,4.9375,0.330545898843749,1,1,16
"Gatech-ensemble_prob","41",0.518971483018949,0.831983139837612,3.85820652173913,0.480246497522216,0.93094643577655,1.01926006652173,4.625,0.755345695029682,0.8125,1,16
"Gatech-ensemble_prob","42",0.599582648904793,0.535526421724978,25.0221195652174,0.198974570252006,1.38629261074274,1.5347517329927,31.5625,0.216162016691421,0.9375,1,16
"Gatech-ensemble_prob","44",0.566003682786573,0.808744616758847,1.6616847826087,0.395210760475055,0.748379305216102,0.858392768060083,2.4375,0.646395318813194,0.75,1,16
"Gatech-ensemble_prob","45",0.376047979758323,0.607272930910261,3.43616847826087,0.354665498298416,0.694097729278257,0.795770391923646,2.9375,0.376682447104945,1,1,16
"Gatech-ensemble_prob","46",0.885443047160508,1.05006710761168,2.19627717391304,0.514159911726873,1.2876249172245,1.1681815260073,3.25,0.844000286726002,0.625,1,16
"Gatech-ensemble_prob","47",0.42280654393202,0.485344026090314,5.77671195652174,0.215539907833412,0.54726637040732,0.596705904232558,4.4375,0.148987126144861,0.9375,1,16
"Gatech-ensemble_prob","48",0.434526774000271,0.407526601117053,18.9800543478261,0.228050616385156,1.34096467956391,1.47410909871664,17.125,0.17018436241162,1,1,16
"Gatech-ensemble_prob","49",0.900126093417407,0.824230603705874,3.37402173913044,0.361662607011885,1.48678956505229,1.26657724741211,5.25,0.639690515231122,0.6875,1,16
"Gatech-ensemble_prob","50",2.5833465535206,2.52782121997932,2.60288043478261,0.835099666489549,6.33539017541703,3.5653670664537,4.4375,1.47378469827603,0.25,1,16
"Gatech-ensemble_prob","51",0.435508637588836,0.502099614691757,5.75923913043478,0.291118207576298,1.15122471988293,1.15730415326421,6.5,0.368660729459296,1,1,16
"Gatech-ensemble_prob","53",0.461451481361538,0.576468273262255,4.61095108695652,0.278243507501124,0.483642929887505,0.568986689322863,5,0.311826249343587,1,1,16
"Gatech-ensemble_prob","54",0.470697945060709,0.634138117453123,2.34288043478261,0.345158191865227,1.04159206503221,1.01440737529677,2.375,0.449042571936014,0.9375,1,16
"Gatech-ensemble_prob","55",0.849703865260899,1.1644747917694,7.24902173913044,0.751328322346223,2.66476477176327,1.59807191153413,11.5625,1.44800938060277,0.375,1,16
"Gatech-ensemble_prob","56",0.547067135147206,0.762683078905647,1.47171195652174,0.379869332685423,0.662624984129646,0.773289346360147,2.4375,0.667099735889513,0.5625,1,16
"Gatech-ensemble_prob","72",0.831456760730581,0.724746623304822,15.4647282608696,0.227753109043942,0.9245241109593,0.944381559722598,23.1875,0.354591132340341,0.5,1,16
"Gatech-ensemble_stat","01",0.673428413563753,0.724658046044444,6.11348740246694,0.357996210694092,1.23969546928774,1.27279873402654,5.30338003670597,0.282221288744658,1,1,16
"Gatech-ensemble_stat","02",0.867735584314213,1.03651632863905,1.36256820368198,0.471620640665691,0.960357049497247,0.969564873972785,1.91409782169235,0.82063517924438,0.5,1,16
"Gatech-ensemble_stat","04",0.558770273658087,0.51886930562422,10.6983566378235,0.235302800533641,1.08329725930761,1.09487452811725,14.0671139115525,0.316554714465248,0.75,1,16
"Gatech-ensemble_stat","05",0.495747771080543,0.756827751382247,3.30758996532339,0.452590288331062,1.16436298999491,1.12739988183697,4.07903420963789,0.686456080409455,0.875,1,16
"Gatech-ensemble_stat","06",0.536179492817721,0.459754275885342,25.5314415305616,0.201939979838459,0.366300765082611,0.405735492488862,8.41642099360184,0.0584679747342561,1,1,16
"Gatech-ensemble_stat","08",0.71302859133754,0.841072463441564,6.6554192784723,0.460434222147171,0.554759818240688,0.642619920540293,4.59495257116749,0.41103223582219,1,1,16
"Gatech-ensemble_stat","09",0.611930103692686,0.855677534658886,3.89582276475287,0.484602101207887,0.545297250818639,0.786739361868414,1.7323943996965,0.471054157539593,1,1,16
"Gatech-ensemble_stat","10",0.621041296629195,0.844982551364473,1.5001919363273,0.368156660041562,0.704586287983466,0.72899158012467,1.11047695510954,0.438672993493712,1,1,16
"Gatech-ensemble_stat","11",0.601295444571345,0.9501601717524,1.04575733798624,0.413155717541315,1.00044474835348,0.966126936016413,1.81799707698554,0.857994981336238,0.5,1,16
"Gatech-ensemble_stat","12",0.75106693789425,0.567156538447823,30.1993269572487,0.278094691571733,1.06707452822799,1.06739618720168,15.0753088412523,0.12363874439598,1,1,16
"Gatech-ensemble_stat","13",0.747231185949006,0.875746519488509,11.3583133540481,0.552527933405412,0.983083753515306,1.03016121932097,11.0321500495834,0.590226053786599,0.9375,1,16
"Gatech-ensemble_stat","15",1.00022858775623,0.889191645786294,4.68087323065191,0.409019261736562,1.01617378433216,1.02366634635926,7.52510758690448,0.667797964536167,0.4375,1,16
"Gatech-ensemble_stat","16",0.561778692067504,0.754579498625585,2.30313350634958,0.357298959548686,0.90898996000777,0.951297635412456,2.41793681412269,0.486232559505978,0.9375,1,16
"Gatech-ensemble_stat","17",0.728307733365402,0.870995592323046,15.6190673525116,0.579333743647873,1.013483057958,1.02917718672147,17.2390535622057,0.572169893561393,0.875,1,16
"Gatech-ensemble_stat","18",0.550452843799477,0.756205692454774,7.41838062559425,0.437946814554262,1.11953937713516,1.06525924038971,5.75852944482974,0.439715549483673,1,1,16
"Gatech-ensemble_stat","19",0.471617920144634,0.828071859177426,2.32984384460868,0.478027856507177,0.709464834959004,0.921111031627652,2.65627817019974,0.879711564238299,0.875,1,16
"Gatech-ensemble_stat","20",0.471769474049351,0.828172420783375,2.10141015287611,0.423943077268243,1.54658907378376,1.89583484126383,2.5201390935871,0.749033720404735,1,1,16
"Gatech-ensemble_stat","21",0.605644224128204,0.950282325484663,6.63031906616062,0.650849914664579,1.19300280618381,1.44988695615529,11.3076767690016,1.16943486437363,0.625,1,16
"Gatech-ensemble_stat","22",0.743309708124868,0.71171290751179,7.23086811205863,0.330789579679022,1.07925262676217,1.08728924359881,6.12210546596382,0.250162911744217,1,1,16
"Gatech-ensemble_stat","23",0.502948035078269,0.776920263996636,1.37438138169989,0.336129300712114,0.79196556246915,0.820807831075111,1.25987845061725,0.446011429947633,1,1,16
"Gatech-ensemble_stat","24",0.78480971558767,0.838158050021292,7.19605270808849,0.432756419660205,1.0632571970043,1.06028266313707,3.43527602880176,0.216938485554846,1,1,16
"Gatech-ensemble_stat","25",0.659248296396596,0.860207637586499,9.76193247993916,0.557085767071266,0.719587656463828,0.799955484839339,7.4402517659869,0.748854604389821,1,1,16
"Gatech-ensemble_stat","26",0.564876370058117,0.779671860769224,9.93386033458897,0.489247595175036,0.768071753188268,0.821553734996989,5.75772395478498,0.403592614087873,1,1,16
"Gatech-ensemble_stat","27",0.933049105776664,0.971658025714021,9.82621145603207,0.539362092148412,0.765136952696298,0.876365351287388,8.52427530102469,0.727450157375371,1,1,16
"Gatech-ensemble_stat","28",0.67070443356967,0.658425638287038,4.53064690140819,0.315462156454433,0.923069742483714,0.92124016235092,5.35782952611013,0.390615312303932,1,1,16
"Gatech-ensemble_stat","29",0.538037125892591,0.801659235211074,6.17711456816279,0.498995327779018,1.15452715238223,1.33550716915718,5.67169733450845,0.503387567445663,1,1,16
"Gatech-ensemble_stat","30",0.627383042328332,0.915071836543241,1.72356081718505,0.474071938194658,1.00114213009207,1.0291049658212,2.76373239859787,0.946399785657809,0.5625,1,16
"Gatech-ensemble_stat","31",0.505182458724754,0.818965617766281,1.57926742937494,0.435639226309103,0.750840683821386,0.779176874593177,2.01858750625103,0.75002266115509,0.625,1,16
"Gatech-ensemble_stat","32",0.873240080256765,0.796370780633188,7.13828805773655,0.250490772726703,0.850848163733447,0.886535502736134,8.55762782306181,0.316419237493762,0.875,1,16
"Gatech-ensemble_stat","33",0.759979705059759,0.946456485838204,1.80097731941829,0.433213898590677,1.07345944607832,1.08386514700033,1.53696966024374,0.626091119570227,0.8125,1,16
"Gatech-ensemble_stat","34",0.84700580978077,0.874881894332228,16.9491829253178,0.473528233258263,0.852455729358053,0.881442121033091,11.998348766135,0.402165338877905,1,1,16
"Gatech-ensemble_stat","35",0.656352664700382,0.833006323761712,3.41259589524423,0.436910854175239,0.737038326410856,0.80475851955168,2.57040080817971,0.495846483153939,1,1,16
"Gatech-ensemble_stat","36",0.888809957888509,0.952854477753096,30.149851682817,0.617576118255555,0.676538915805783,0.736876596556472,13.8996487024373,0.367306591025107,1,1,16
"Gatech-ensemble_stat","37",0.831742072437909,0.998723825940149,14.5493860844669,0.639887102593138,0.945494143001653,0.937084288747056,4.86484621031645,0.362931923664574,1,1,16
"Gatech-ensemble_stat","38",0.903958549633376,1.01364725789256,2.36005547008961,0.425605172963826,1.08309978405063,1.28679598265742,3.62221313582188,0.720356662038981,0.625,1,16
"Gatech-ensemble_stat","39",0.524542028497032,0.807113441532515,11.8514333880727,0.538902029862995,0.71203685367357,0.761283805958532,4.34304879231416,0.256418994845472,1,1,16
"Gatech-ensemble_stat","40",0.443407946508417,0.624686939212162,3.89216800456049,0.383652024018495,0.93209454671764,0.900910129486159,5.29049423788298,0.453703604623071,0.9375,1,16
"Gatech-ensemble_stat","41",0.591803916271626,0.855567783011037,4.38044989975526,0.493272630710753,0.96945960150787,0.993126453968141,4.78517880619698,0.73288482099201,0.875,1,16
"Gatech-ensemble_stat","42",0.889545645426174,0.799133905124181,37.6030195857431,0.300376121906826,1.18686825740008,1.26451197927449,26.995225355555,0.17806446403004,1,1,16
"Gatech-ensemble_stat","44",0.910218721982084,0.930483060503529,2.71638589234673,0.457778345083286,0.897357592906863,0.895959294490915,2.95931031013333,0.680120007724169,0.8125,1,16
"Gatech-ensemble_stat","45",0.775115064523011,0.899773406808414,7.14024798145961,0.524609699862204,1.04674342460889,1.04519645381209,4.47627489767489,0.496645164511403,1,1,16
"Gatech-ensemble_stat","46",0.667505419629643,0.911526535939958,1.65621535103104,0.44647756746083,1.04433920398426,1.10323284779719,2.60278147179114,0.79155986035526,0.5,0.9375,16
"Gatech-ensemble_stat","47",0.752067183799727,0.743262907650358,10.3740913419675,0.331758214474293,0.977135012780651,1.00864878258982,8.05759273104656,0.256499725418661,1,1,16
"Gatech-ensemble_stat","48",0.68889206512076,0.50905290623049,30.3588104348364,0.287149282012236,1.67236434583625,1.5986059715619,21.6685058306466,0.187495352912438,1,1,16
"Gatech-ensemble_stat","49",0.801849645978553,0.879945076992228,3.00892094439541,0.38875033463772,0.844673771507778,0.940919897815215,2.96570992898518,0.477909881297243,1,1,16
"Gatech-ensemble_stat","50",0.456974188942447,0.730972858133675,0.455069957354104,0.238553397910752,0.941458768464031,0.938555305703816,0.648634710150515,0.37966904074659,0.625,1,16
"Gatech-ensemble_stat","51",0.678246581832582,0.772775316373471,8.98004373226139,0.448246046543676,0.878358951609934,0.898394794022901,4.93339130071743,0.285069857277005,1,1,16
"Gatech-ensemble_stat","53",0.539018220853648,0.597884002514711,5.39641736561272,0.288363504839126,0.764622585377585,0.832405783055959,7.94782411080643,0.457389710563802,0.625,1,16
"Gatech-ensemble_stat","54",0.387451202195392,0.758967526138064,1.91345547831745,0.416413117275887,0.911918319979848,1.38725826282785,2.11937679033499,0.646119758774861,1,1,16
"Gatech-ensemble_stat","55",0.495421769409426,0.850672081033305,4.22687939256425,0.540471859341574,0.704884906445926,0.934278938349903,2.99341413749267,0.834419734871316,1,1,16
"Gatech-ensemble_stat","56",0.686480914972571,0.851960274371297,1.86249160967316,0.42669623946244,0.786625819701263,0.850612667451996,2.91990357265589,0.739281365544903,0.4375,1,16
"Gatech-ensemble_stat","72",0.988688150028968,0.832772189628582,18.3709567150572,0.26147384353961,1.15341176438858,1.11154070128516,28.8568398157985,0.416384638389183,0.5625,1,16
"Google_SAI-FluEns","01",0.385191340238624,0.405448636875065,3.45791888586957,0.198455010099892,1.30364205320655,1.40123744282207,5.575,0.311376377241744,0.625,1,16
"Google_SAI-FluEns","02",0.662304537593637,0.977341560876773,1.04148358695652,0.445250649174155,0.785843502644781,0.841010681611821,1.575,0.714922120224625,0.25,0.75,16
"Google_SAI-FluEns","04",0.409547965231951,0.401033859623124,7.6611077173913,0.177740313202504,0.931161752529941,1.01392947628238,11.63125,0.280721219453751,0.8125,1,16
"Google_SAI-FluEns","05",0.325734839424808,0.580974357959143,2.17018736413043,0.352854958271065,0.818826205784002,0.863332152073319,2.8375,0.525038767587176,0.625,1,16
"Google_SAI-FluEns","06",0.373654357438247,0.299161144486445,17.6609746467391,0.13012839282921,0.832572029547217,1.03418462753114,19.5125,0.153069873332224,1,1,16
"Google_SAI-FluEns","08",0.331806356660345,0.436479773771362,3.08535899456522,0.23969275146153,0.51040239685178,0.618726183460358,4.24375,0.397716006952261,0.625,1,16
"Google_SAI-FluEns","09",0.306869630402847,0.576002525078008,1.93417635869565,0.323525220942168,0.759867035712424,0.864951303422906,2.425,0.506046425128584,0.5,1,16
"Google_SAI-FluEns","10",0.320930291865892,0.62357269433212,0.758020081521739,0.269799630996351,0.595500105933198,0.616862798662706,0.9375,0.369867199403125,0.625,1,16
"Google_SAI-FluEns","11",0.549381388908125,0.885157638423601,0.955817635869565,0.38518620068549,0.880203733284461,0.794461066900127,1.6,0.704629635744542,0.375,1,16
"Google_SAI-FluEns","12",0.446619014563571,0.318564376413161,17.653572826087,0.153584010498544,1.8954090620166,2.04284205468586,26.475,0.23405473201638,0.8125,1,16
"Google_SAI-FluEns","13",0.386519033915437,0.451758148415632,5.80163888586956,0.283959350628737,0.806844598506165,0.831219226139968,9,0.475145012508944,0.3125,1,16
"Google_SAI-FluEns","15",0.727168799083391,0.719571890928812,3.32089100543478,0.32515855969538,0.678788417602059,0.783572481481733,4.86875,0.499125004336574,0.625,1,16
"Google_SAI-FluEns","16",0.323861799593495,0.531782932973157,1.32143195652174,0.251637688358475,0.69443898425358,0.771290923005161,1.83125,0.391516083672748,0.75,1,16
"Google_SAI-FluEns","17",0.467861781293316,0.47460168669938,9.94073225543478,0.31394052693757,0.868272869377567,0.86260367839268,14.89375,0.484574303135107,0.4375,0.9375,16
"Google_SAI-FluEns","18",0.228227237850369,0.366404562277732,3.04822331521739,0.21163048927143,0.645377267839418,0.699227733750624,3.29375,0.287275781029795,0.75,1,16
"Google_SAI-FluEns","19",0.327798005505714,0.734013692617365,1.61482820652174,0.426300386906753,0.626540456598477,0.689718301664467,2.35,0.657063279387636,0.5625,0.8125,16
"Google_SAI-FluEns","20",0.22953611881282,0.42384542330727,1.00169592391304,0.215278156986283,0.683527770669368,0.690351692990139,1.0875,0.267320888843375,0.875,1,16
"Google_SAI-FluEns","21",0.513812977240069,0.642617296737259,5.60848543478261,0.437579607012293,1.08753714636514,1.00851974415186,10.2375,0.80020736310779,0.25,1,16
"Google_SAI-FluEns","22",0.532911421693782,0.515806594666932,5.16328847826087,0.239291138191187,1.63240743731167,1.81835592656689,9.2,0.416236051781883,0.5625,1,16
"Google_SAI-FluEns","23",0.310229804935019,0.661763535749954,0.84755027173913,0.28793079239503,0.622634831681752,0.741493540687455,1,0.407235845075704,0.75,0.9375,16
"Google_SAI-FluEns","24",0.299716311013665,0.37261947477517,2.71964538043478,0.191386602965973,0.984353028023128,1.13008510157885,3.25,0.237191359343955,0.875,1,16
"Google_SAI-FluEns","25",0.337130781400998,0.728726085289277,4.96689902173913,0.481910129232368,0.691358164890402,0.813909907563423,7.16875,0.765925265106314,0.25,0.875,16
"Google_SAI-FluEns","26",0.267456534158918,0.416049479853987,4.6874602173913,0.263242227151035,0.602578732293021,0.694953505227537,4.5375,0.343225051652465,0.6875,1,16
"Google_SAI-FluEns","27",0.313279158328094,0.503000774346868,3.26584434782609,0.282694197419845,0.416673431799314,0.561050480560615,4.6125,0.466435636785808,0.5625,1,16
"Google_SAI-FluEns","28",0.366373335115357,0.400305716878226,2.46489625,0.191556602105569,0.445026768827229,0.568647555521045,2.6125,0.245129923575898,0.75,1,16
"Google_SAI-FluEns","29",0.270796004915238,0.36549387163671,3.07903361413043,0.226221207174958,0.901160265121433,0.868449727405465,4.4125,0.324435467526206,0.8125,1,16
"Google_SAI-FluEns","30",0.472126237372769,0.757603539583199,1.30739241847826,0.393763227798484,0.684548528687713,0.696817167843629,1.9125,0.643843944155678,0.4375,0.9375,16
"Google_SAI-FluEns","31",0.504399096298739,1.15003585773957,1.5830885326087,0.615359983389551,0.845628778606839,1.00300018768017,2.28125,0.972736749554018,0.125,0.4375,16
"Google_SAI-FluEns","32",0.557202013774889,0.614712863003669,4.47391703804348,0.191156700384027,0.662793812827383,0.795555509992745,6.5,0.279382487567944,0.75,1,16
"Google_SAI-FluEns","33",0.375880532479794,0.750968020475608,0.881992092391304,0.343974906954726,0.994771171518591,1.004850001159,1.43125,0.582442893174655,0.4375,0.875,16
"Google_SAI-FluEns","34",0.253997964127832,0.298688741068972,5.00968057065217,0.159632950709094,0.354146777590421,0.41166307367546,4.96875,0.187040344981707,0.875,1,16
"Google_SAI-FluEns","35",0.301759337756294,0.511737923010685,1.55248092391304,0.26858705224524,0.518644301271655,0.630453122891956,1.8125,0.390343907774655,0.75,1,16
"Google_SAI-FluEns","36",0.280560031092646,0.333112513732429,9.35786350543478,0.21345564213374,0.503671919407073,0.574469981013324,10.2375,0.283082647682627,0.75,1,16
"Google_SAI-FluEns","37",0.207476533164353,0.366908500223654,3.60155114130435,0.235096323332761,0.817043395885517,0.869891718585616,4.2375,0.339771010385967,0.6875,1,16
"Google_SAI-FluEns","38",0.830070008772624,0.97108779917597,2.12709222826087,0.402420442912871,1.06811098213053,1.24558332555953,3.53125,0.688282557490288,0.5,1,16
"Google_SAI-FluEns","39",0.175994000785062,0.288887595362942,3.90496842391304,0.190480067652738,0.694954894783665,0.737554863353468,4.2375,0.24775368759913,0.8125,1,16
"Google_SAI-FluEns","40",0.380844760316385,0.491538035989079,3.33135127717391,0.300701621781961,1.07061068505019,1.07472718511663,6.0625,0.539265441108124,0.5,1,16
"Google_SAI-FluEns","41",0.396663657965436,0.764272347603454,2.93447024456522,0.440477240359483,0.766383367060313,0.881527361705374,3.79375,0.651713222577617,0.5625,0.875,16
"Google_SAI-FluEns","42",0.672387726737695,0.582099272134157,28.0899561684783,0.216430620704386,2.19007171713208,2.71891220015209,50.5125,0.38914358175351,0.375,1,16
"Google_SAI-FluEns","44",0.527831398268401,0.798084720080682,1.53347418478261,0.387718720212122,0.720130557506717,0.820940162215781,2.325,0.611166612416916,0.5625,0.875,16
"Google_SAI-FluEns","45",0.297148427043959,0.468047210993875,2.71509633152174,0.273626717971221,0.791346514515966,0.862156261447248,3.35,0.407771733839972,0.6875,1,16
"Google_SAI-FluEns","46",0.536917575732493,0.831460965263256,1.30827796195652,0.402994224891367,0.797522577087726,0.867507715402092,1.95,0.613190101903925,0.5,0.875,16
"Google_SAI-FluEns","47",0.320957941097671,0.332605902271477,4.35844133152174,0.146504584862279,0.66959361991059,0.738168656709004,5.425,0.184463314107231,0.9375,1,16
"Google_SAI-FluEns","48",0.305750287474853,0.235666368499501,13.3504781793478,0.131746470238468,1.12167705485432,1.27104858007391,14.59375,0.150465786223063,1,1,16
"Google_SAI-FluEns","49",0.468421125304183,0.57385870581351,1.74214975543478,0.251566458655331,0.713208664252087,0.781259528897508,2.5,0.393953334595476,0.75,1,16
"Google_SAI-FluEns","50",0.433718227071919,0.745280251890407,0.434010679347826,0.244697174652837,0.947302059769101,0.984371167449848,0.6625,0.405614189728164,0.375,1,16
"Google_SAI-FluEns","51",0.285011496220985,0.32764742777003,3.75197190217391,0.189499967681368,0.813487428484756,0.868069841311959,4.5875,0.276371248935389,0.75,1,16
"Google_SAI-FluEns","53",0.470392871401079,0.519379798462817,4.6988020923913,0.249635031702296,0.65218132046795,0.738877129893519,6.76875,0.405818745261785,0.5625,1,16
"Google_SAI-FluEns","54",0.240651779767375,0.458871262341967,1.18513266304348,0.249658405420287,0.665174981146045,0.799588028847288,1.51875,0.356482287593276,0.875,1,16
"Google_SAI-FluEns","55",0.285159567983874,0.687683077854322,2.42726508152174,0.450427556857139,0.69403500785271,0.691754914644537,2.99375,0.633518787527601,0.5625,0.8125,16
"Google_SAI-FluEns","56",0.544766113087041,0.760054058715506,1.4560147826087,0.376226353204504,0.613075235264632,0.722794936841832,2.23125,0.616477385112907,0.3125,0.9375,16
"Google_SAI-FluEns","72",0.60921879205155,0.578393848023033,11.3121795652174,0.181384249735614,0.608895573207887,0.696708498434731,15.2625,0.261002405881009,0.75,1,16
"LUcompUncertLab-puca","01",0.528785319007011,0.817110219423251,5.00210144927536,0.425997444885343,1.19687308383878,1.27241130648243,5.5,0.299772967949312,1,1,6
"LUcompUncertLab-puca","02",0.490114591710631,0.663075115491642,0.948768115942029,0.390032908490694,0.639377783329204,0.704401005490969,1.66666666666667,0.780355204520703,1,1,6
"LUcompUncertLab-puca","04",0.765546824305359,1.34428694038364,13.8672463768116,0.603630844379534,1.68652536737317,1.99207122058836,20.8333333333333,0.571622199119237,0.833333333333333,1,6
"LUcompUncertLab-puca","05",0.402916220929137,0.763214934136727,3.00007246376812,0.527297068666532,0.73538489846766,0.740433801709316,2.66666666666667,0.473288004179568,1,1,6
"LUcompUncertLab-puca","06",0.973574206535218,0.929281540944099,41.8695652173913,0.3744865323592,2.76913375244108,2.91999497620229,63.1666666666667,0.42188513580114,1,1,6
"LUcompUncertLab-puca","08",0.830999104142837,1.0288142864457,5.55528985507246,0.502162081567967,1.44873906927237,1.41832254322031,8.33333333333333,0.799209398586458,1,1,6
"LUcompUncertLab-puca","09",0.850415160726471,1.21468550469595,4.00550724637681,0.571914796593914,2.39277376327984,1.92346113629905,5.5,0.85610251615947,0.833333333333333,1,6
"LUcompUncertLab-puca","10",0.523367527764143,0.828874292465569,1.27079710144928,0.389577649527076,0.822672884609181,0.912864058172949,1.33333333333333,0.597253156409352,1,1,6
"LUcompUncertLab-puca","11",0.517661411138794,0.799801216651753,0.853188405797102,0.338650435428243,0.801075756212822,0.724375221231478,1.5,0.68239076037035,0.833333333333333,1,6
"LUcompUncertLab-puca","12",1.08776434792052,0.634500306354646,36.7476811594203,0.252324912121562,6.16454598205883,5.12180690867611,63.5,0.423877827256606,0.666666666666667,1,6
"LUcompUncertLab-puca","13",0.378221725397506,0.831425847041242,6.3804347826087,0.582681744195569,0.519491826248509,0.687667842169025,6.66666666666667,0.450613780695489,1,1,6
"LUcompUncertLab-puca","15",0.553594154635768,0.694347719207889,2.36398550724638,0.305734108304437,0.516582604198725,0.588934338392451,3.5,0.369262286000736,0.666666666666667,1,6
"LUcompUncertLab-puca","16",0.821769030187337,1.44859866755752,2.7086231884058,0.561871741383631,2.01824055267001,2.85948962283476,3.83333333333333,1.05203140446018,1,1,6
"LUcompUncertLab-puca","17",0.644814052064661,1.26860327172136,11.3823913043478,0.71400742719205,0.925873891221584,1.30715687904453,14,0.670783688194392,0.833333333333333,1,6
"LUcompUncertLab-puca","18",0.458024407166696,0.876162267771256,5.64434782608696,0.515920802554813,0.539135388236102,0.593561001264256,2.66666666666667,0.270110134913451,1,1,6
"LUcompUncertLab-puca","19",0.605238967767438,0.95720263636766,2.16884057971014,0.484931817757365,0.688475678212241,0.85408512565397,2,0.797915290463674,1,1,6
"LUcompUncertLab-puca","20",0.393625507534224,0.867365731341662,1.66731884057971,0.429493559785631,1.28783534217485,1.92521198687192,2,0.787158870274079,1,1,6
"LUcompUncertLab-puca","21",0.495619076760342,0.699835082766038,6.02898550724638,0.555545050008346,0.657200750381557,0.538485437592654,6.66666666666667,0.490361471771984,1,1,6
"LUcompUncertLab-puca","22",0.761629719665396,0.686760846099474,6.14514492753623,0.260012538490567,1.21866746260739,1.16603455226426,5.16666666666667,0.197843727892774,1,1,6
"LUcompUncertLab-puca","23",0.636517474885889,1.0478501227626,1.52557971014493,0.453402978528923,1.31526586788369,1.29855843542517,2,0.747897858388618,1,1,6
"LUcompUncertLab-puca","24",0.429844129361319,0.902745095505152,3.55623188405797,0.432242451222923,1.10758721643731,1.56946701434293,4,0.368788127312031,1,1,6
"LUcompUncertLab-puca","25",0.946780004838736,1.22838005289491,10.851231884058,0.853438031912328,2.74264581641913,1.72855510417059,20.5,1.63768669001205,0.333333333333333,1,6
"LUcompUncertLab-puca","26",0.511323763528296,0.928196971823775,7.99514492753623,0.557145460693508,0.944350874802088,0.959037202930281,6.5,0.481129464496384,1,1,6
"LUcompUncertLab-puca","27",0.607348036196233,1.09633299737547,4.6263768115942,0.58511655428925,0.666669409190183,0.867816286895031,5.16666666666667,0.690035836048033,1,1,6
"LUcompUncertLab-puca","28",0.711066255388507,0.937455819588513,3.39666666666667,0.376339159632927,0.967178982116641,1.11260492935903,3.33333333333333,0.341666669418614,1,1,6
"LUcompUncertLab-puca","29",0.74263544317253,1.39225060922837,6.88826086956522,0.699216563152211,2.13512155797793,4.2040658642405,9.16666666666667,1.42068206897942,1,1,6
"LUcompUncertLab-puca","30",0.582423841447345,0.945462705519295,1.57195652173913,0.457034992055834,0.7618813613255,0.884103825038421,2.33333333333333,0.834363490624479,0.833333333333333,1,6
"LUcompUncertLab-puca","31",0.519161146465731,0.90710335034882,1.6086231884058,0.446514552736167,0.739900330252467,0.934227278538557,2,0.808671710653269,1,1,6
"LUcompUncertLab-puca","32",1.16300394922998,2.0218542694907,7.30391304347826,0.519667752325848,1.65711663837992,2.2424044914414,11.5,0.593556615192947,0.5,1,6
"LUcompUncertLab-puca","33",0.546329096139516,0.869513111042063,1.12615942028986,0.371158214830477,1.01576786697259,1.02150274851093,1.33333333333333,0.566866230277026,1,1,6
"LUcompUncertLab-puca","34",0.466251380100851,1.12149121575779,7.63188405797101,0.517819001947491,0.513803786834903,0.624065109236721,5.16666666666667,0.212384499676681,1,1,6
"LUcompUncertLab-puca","35",0.479536175332937,0.939891389977363,2.15115942028985,0.458702432383327,0.257460041970318,0.398359940292816,0.833333333333333,0.250679566129379,1,1,6
"LUcompUncertLab-puca","36",0.398528506534363,0.808583215993839,10.9990579710145,0.448618322619595,0.437984543378731,0.544860151812424,6.83333333333333,0.219537307811211,1,1,6
"LUcompUncertLab-puca","37",0.579471853872898,1.21626458964911,8.21811594202899,0.685271256905059,2.84283178331872,4.66239134281621,11.3333333333333,1.6142601895832,1,1,6
"LUcompUncertLab-puca","38",0.785347432474128,1.12007398700643,2.00086956521739,0.454090216300514,1.0737299436093,1.3377303428047,3.33333333333333,0.678645284395007,0.5,1,6
"LUcompUncertLab-puca","39",0.440331990223006,1.31500664157967,8.22594202898551,0.776208063399216,2.12471688113673,5.48756008890027,11.1666666666667,1.68096818488835,1,1,6
"LUcompUncertLab-puca","40",0.506087707742957,0.948539898621978,4.52659420289855,0.601095054347356,1.32380187254981,1.49273256666175,7.5,0.749523240295731,1,1,6
"LUcompUncertLab-puca","41",1.36438159424224,1.79120254604815,7.48797101449275,0.730671440871707,4.10712413673754,2.81696896662956,13.6666666666667,1.4035218298177,1,1,6
"LUcompUncertLab-puca","42",0.759820957514358,0.901917278393319,26.5449275362319,0.2709672384342,1.32669615569401,1.47751313614684,25.6666666666667,0.17251059880696,1,1,6
"LUcompUncertLab-puca","44",0.650062541197257,0.906767653553181,1.74927536231884,0.417360519922371,0.903184350403238,1.00742841043543,2.66666666666667,0.705079456091113,0.833333333333333,1,6
"LUcompUncertLab-puca","45",0.426861844018949,1.16499646295086,3.58057971014493,0.692549043521431,1.71960453402017,4.15524360662003,6.66666666666667,1.95523101139668,1,1,6
"LUcompUncertLab-puca","46",0.637009011731678,1.09668449068546,1.2081884057971,0.413467299241066,1.35351197545416,1.7599067282914,2.33333333333333,0.891184588452911,0.833333333333333,1,6
"LUcompUncertLab-puca","47",0.605303917035478,1.21213274183221,6.77246376811594,0.436968912692189,1.53231274323306,1.93708188020606,8.5,0.341373023238714,1,1,6
"LUcompUncertLab-puca","48",0.561937084938902,0.887259644402504,22.4225362318841,0.480969029817195,2.3338570244948,2.96521210686143,28.5,0.348044111958112,1,1,6
"LUcompUncertLab-puca","49",0.561385011549789,1.03064149731256,2.12028985507246,0.512042057851527,1.03866958015705,1.5066967102864,4,0.933070326499729,0.833333333333333,1,6
"LUcompUncertLab-puca","50",0.520166256970165,0.75748079992133,0.487826086956522,0.244303546658113,0,0,0.666666666666667,0.414151108298,1,1,6
"LUcompUncertLab-puca","51",0.489859608281932,1.11661938027536,5.40449275362319,0.606785086859553,1.46541047080438,1.90423317882561,7,0.570263090879604,1,1,6
"LUcompUncertLab-puca","53",0.702491548567513,1.24404869154497,5.08855072463768,0.458605788893268,0.74410671732206,0.819227197689987,4.83333333333333,0.295979403842509,1,1,6
"LUcompUncertLab-puca","54",0.934223113150282,1.05940538156436,4.08666666666667,0.558943379855576,1.93968884575511,1.72773458389633,4.16666666666667,0.765853308355765,1,1,6
"LUcompUncertLab-puca","55",0.72300568464451,0.933909693062646,5.08268115942029,0.646831365014208,1.93682448330054,1.23215621062362,6.83333333333333,1.22489323895103,1,1,6
"LUcompUncertLab-puca","56",0.567930437811159,0.861448926098574,1.36891304347826,0.389075383408564,0.648299454856898,0.775439593232587,2.16666666666667,0.616883662352082,0.666666666666667,1,6
"LUcompUncertLab-puca","72",0.845522875647268,0.796808167758611,15.7615217391304,0.27771680590767,0.989925924400903,1.02007775574246,24.6666666666667,0.421563870565699,0.5,0.833333333333333,6
"LosAlamos-DoSiDo","01",0.33974752354096,0.35860779586106,3.06583333333333,0.171315527722722,1.15663088465373,1.20265546062049,5.08333333333333,0.266785374810385,0.416666666666667,1,12
"LosAlamos-DoSiDo","02",0.541595925752761,0.824321997924104,0.872898550724638,0.384035262866026,0.706930287700951,0.7960731665706,1.41666666666667,0.673610717398865,0.666666666666667,1,12
"LosAlamos-DoSiDo","04",0.301485880684527,0.296231029265971,5.71655797101449,0.125911902180006,0.718199684484825,0.756274289424592,9.16666666666667,0.197061337381305,0.416666666666667,1,12
"LosAlamos-DoSiDo","05",0.360567555282521,0.827215124738843,2.13898550724638,0.414850890869339,1.24934127260552,1.38398819253016,3.91666666666667,0.69170790618895,0.583333333333333,1,12
"LosAlamos-DoSiDo","06",0.242947076558606,0.184429536266676,11.6625,0.0770785601238604,0.693099516169217,0.767757520120576,15.0833333333333,0.0985599499887128,1,1,12
"LosAlamos-DoSiDo","08",0.356105513291193,0.547866492134131,3.70101449275362,0.303856382070015,0.616318498109584,0.666306965751599,5.83333333333333,0.433252624254307,0.666666666666667,1,12
"LosAlamos-DoSiDo","09",0.192269196896679,0.533662959271214,1.37474637681159,0.324138378285686,0.248205925388411,0.399736266410072,0.916666666666667,0.261455036115224,1,1,12
"LosAlamos-DoSiDo","10",0.305667889885592,0.622922966162895,0.744311594202898,0.256610794856322,0.662423157627191,0.644383744554849,1.08333333333333,0.360825886127906,0.916666666666667,1,12
"LosAlamos-DoSiDo","11",0.707873212104546,1.33471402956745,1.17684782608696,0.559686896397655,1.12761544602722,1.18400293978365,1.91666666666667,0.986395548669823,0.25,1,12
"LosAlamos-DoSiDo","12",0.311742371869944,0.241943996701112,12.6623913043478,0.119476698394156,1.14758371664434,1.22612518638484,16.8333333333333,0.146386194638449,0.75,1,12
"LosAlamos-DoSiDo","13",0.454743561963714,0.699706144139174,6.60340579710145,0.420394800266272,0.93691047002784,1.06002498697289,10.1666666666667,0.560955840972789,0.416666666666667,0.916666666666667,12
"LosAlamos-DoSiDo","15",0.866698637508064,1.34095571311747,4.17753623188406,0.635548605773852,1.01980401889528,1.92556217583393,7.75,1.27696836579467,0.583333333333333,1,12
"LosAlamos-DoSiDo","16",0.430893710149969,0.812128784972807,1.83391304347826,0.379956071599477,0.965781160477467,1.10062900361404,2.66666666666667,0.560433760386098,0.75,1,12
"LosAlamos-DoSiDo","17",0.562231067586385,0.955618761519195,12.1694927536232,0.630631244777354,1.10017094517998,1.56611182676136,19.4166666666667,0.88680042593022,0.666666666666667,1,12
"LosAlamos-DoSiDo","18",0.201391697347169,0.418554876298534,2.67815217391304,0.225362518384544,0.807810865920729,0.83871715580562,3.91666666666667,0.297453109175671,0.75,1,12
"LosAlamos-DoSiDo","19",0.434872205181248,0.975659952954181,2.30170289855072,0.566811342681222,1.00139805344657,1.15112009752279,4,1.07069562464303,0.5,1,12
"LosAlamos-DoSiDo","20",0.30582674669921,0.839882834024254,1.3229347826087,0.428927908615049,1.54044325263636,2.17271646896916,2.5,0.840484092444173,0.333333333333333,1,12
"LosAlamos-DoSiDo","21",0.710036778976205,1.18729215524574,7.48126811594203,0.783023113742769,1.35532880656246,1.75623964226884,12.5,1.37103701307473,0.0833333333333333,1,12
"LosAlamos-DoSiDo","22",0.512347400591598,0.514419850931112,5.15518115942029,0.251200809475197,1.3731525835143,1.48395990059569,8.25,0.364458446163154,0.333333333333333,1,12
"LosAlamos-DoSiDo","23",0.28284206856243,0.612854292870659,0.795398550724638,0.250759800875252,0.579885700550448,0.689157456666068,0.916666666666667,0.341195380185175,1,1,12
"LosAlamos-DoSiDo","24",0.299614721769533,0.4661703854907,2.81960144927536,0.241954096264036,1.29895108013041,1.62929713885162,4.25,0.329837418523446,0.583333333333333,0.916666666666667,12
"LosAlamos-DoSiDo","25",0.271417243833344,0.630302176592869,4.14952898550725,0.355983321536787,0.697440865311357,0.812568146750724,7.5,0.65283478325567,0.333333333333333,1,12
"LosAlamos-DoSiDo","26",0.205939870308341,0.465694768244154,3.5820652173913,0.277714287965855,0.6365034986251,0.743215724717513,4.58333333333333,0.326570933553243,0.75,1,12
"LosAlamos-DoSiDo","27",0.397999750183659,0.631666906153025,4.52010869565217,0.332341558435609,0.642002598865549,0.759345588053879,7.83333333333333,0.580803732662344,0.333333333333333,1,12
"LosAlamos-DoSiDo","28",0.299223918924602,0.414242022133789,2.17670289855072,0.197433535602024,0.393320997356657,0.501285568374568,2.5,0.215821580714526,1,1,12
"LosAlamos-DoSiDo","29",0.434628691965754,0.917093335322325,5.02768115942029,0.601342574214305,1.84944162033503,2.77816417284006,9.08333333333333,1.07697545010756,0.0833333333333333,1,12
"LosAlamos-DoSiDo","30",0.508458993997382,0.933066788307851,1.34315217391304,0.4655815413331,0.650865348675883,0.726982490170854,1.66666666666667,0.631041915418365,0.583333333333333,1,12
"LosAlamos-DoSiDo","31",0.341988575597636,0.700298218995013,1.05764492753623,0.383590512370375,0.620533339154782,0.786749791073022,1.66666666666667,0.794513457586986,1,1,12
"LosAlamos-DoSiDo","32",0.543734427458682,0.647598472882089,4.85434782608696,0.206355211743792,0.561315324087826,0.617137567048916,6.16666666666667,0.22495692603242,0.916666666666667,1,12
"LosAlamos-DoSiDo","33",0.409649315468189,0.888405546776198,0.948768115942029,0.38827412726024,1.25652178591727,1.43408978682143,1.75,0.773941784426026,0.666666666666667,1,12
"LosAlamos-DoSiDo","34",0.238084346644536,0.330110757943407,5.00021739130435,0.178657595092575,0.487382104705363,0.548602500442305,7.58333333333333,0.263203802838266,0.75,1,12
"LosAlamos-DoSiDo","35",0.307284332733918,0.585222144488485,1.73971014492754,0.309844294607925,0.716524769818618,0.768009465410167,2.75,0.466638802480303,0.416666666666667,1,12
"LosAlamos-DoSiDo","36",0.268131676502625,0.442472817252287,9.41177536231884,0.285259935018998,0.559789590266849,0.619755149420253,12.0833333333333,0.304320268697858,0.833333333333333,1,12
"LosAlamos-DoSiDo","37",0.131286325197647,0.321770006451813,2.38663043478261,0.204301684247784,0.556036053507149,0.628469362680079,3.08333333333333,0.24217313712039,0.833333333333333,1,12
"LosAlamos-DoSiDo","38",0.953419282406304,1.11937158167923,2.72775362318841,0.512026986464338,1.02689374431963,1.17300306225555,3.91666666666667,0.737936644330685,0.416666666666667,0.833333333333333,12
"LosAlamos-DoSiDo","39",0.154706229438061,0.357885538476807,3.56420289855072,0.238597631492753,0.935140406195483,1.01008006399502,5.91666666666667,0.341249510315908,0.583333333333333,1,12
"LosAlamos-DoSiDo","40",0.568214072951181,0.986123563653471,5.01347826086957,0.61616107065778,1.49435264932829,2.20465116164854,8.58333333333333,1.15074204954623,0.0833333333333333,0.916666666666667,12
"LosAlamos-DoSiDo","41",0.289327874149861,0.629241195694656,2.32565217391304,0.378839778529525,0.636420988325573,0.76192106635294,3.5,0.597726693762474,0.666666666666667,1,12
"LosAlamos-DoSiDo","42",0.465467155627102,0.414661837932878,20.0209057971014,0.157084069960455,1.20042984542509,1.28855343441477,28.4166666666667,0.186069369677961,0.666666666666667,1,12
"LosAlamos-DoSiDo","44",0.63613848217857,0.995493704282578,1.99684782608696,0.478712231976921,0.967400638098769,1.24163031625892,3.41666666666667,0.919251494268472,0.583333333333333,1,12
"LosAlamos-DoSiDo","45",0.241278908981497,0.63018913413568,2.10673913043478,0.339526143211716,0.774127521368801,0.93761766230408,3,0.384393481312671,0.75,1,12
"LosAlamos-DoSiDo","46",0.503509270883833,0.77330674779087,1.32898550724638,0.387947360784002,0.824400859246669,0.884609554547126,2.25,0.663166165280503,0.666666666666667,1,12
"LosAlamos-DoSiDo","47",0.255208280505776,0.253848092175405,3.65155797101449,0.115199985956943,0.651379210809991,0.689023603861341,5.75,0.182559179409315,0.583333333333333,1,12
"LosAlamos-DoSiDo","48",0.156830249056536,0.118562564734089,6.88956521739131,0.0633520753324754,0.730407535809215,0.759498763010814,9.25,0.0829928429837655,0.666666666666667,1,12
"LosAlamos-DoSiDo","49",0.446290662649676,0.70540346536182,1.64467391304348,0.286519716554089,0.612761342578101,0.709581142267809,2.08333333333333,0.321951735299077,0.75,1,12
"LosAlamos-DoSiDo","50",0.374786241896908,0.624921804761501,0.387572463768116,0.211838927342063,0.794095041212614,0.762003974191982,0.583333333333333,0.33241533721369,0.75,1,12
"LosAlamos-DoSiDo","51",0.180268462184659,0.29221891607879,2.39028985507246,0.163813050353109,0.489918141372205,0.550187113443206,2.66666666666667,0.161081225481106,0.833333333333333,1,12
"LosAlamos-DoSiDo","53",0.665294016146377,0.813255775217432,7.30797101449275,0.406529350235028,0.88490805743434,0.949500747364549,10.3333333333333,0.557583799448861,0.25,0.666666666666667,12
"LosAlamos-DoSiDo","54",0.342385205019028,0.859824797917144,1.7436231884058,0.463838088934147,1.1928976775405,2.10080233521865,2.75,0.922219863528484,0.916666666666667,1,12
"LosAlamos-DoSiDo","55",0.237067326974019,0.877567774516105,2.12086956521739,0.526274101410409,0.593111915605582,0.981067148480625,2.75,0.834070672349496,0.666666666666667,1,12
"LosAlamos-DoSiDo","56",0.688374969128326,1.07448552937306,1.91177536231884,0.513305861564241,0.789165598888868,1.07296900537069,3,0.879373908467186,0.583333333333333,1,12
"LosAlamos-DoSiDo","72",0.521316392234562,0.633892032366103,9.08702898550725,0.172020845060999,0.522597138778746,0.601266189286785,12.0833333333333,0.190915235653459,0.833333333333333,1,12
"LosAlamos-ThinMint","01",0.652372451901904,1.05849517472185,5.99159420289855,0.518022834478552,2.12661052413031,3.67029441283266,9.66666666666667,0.866030923019537,0.666666666666667,1,12
"LosAlamos-ThinMint","02",0.748273042189357,0.97955316849714,1.20474637681159,0.454025306077958,0.749458340798953,0.796168325552709,1.5,0.672575507398985,0.666666666666667,1,12
"LosAlamos-ThinMint","04",0.536658354058835,0.551973382762599,10.1851449275362,0.233046810014926,1.44610790801435,1.55494255218162,18.5,0.402623863854237,0.583333333333333,1,12
"LosAlamos-ThinMint","05",0.413971568160965,0.901112106915472,2.49003623188406,0.456316325465713,1.20697489210974,1.56426307985925,3.83333333333333,0.801854226187477,0.916666666666667,1,12
"LosAlamos-ThinMint","06",0.537293638994192,0.514230517029658,25.671884057971,0.215060883482419,0.67632855542906,0.86291271064584,15,0.113470480951242,1,1,12
"LosAlamos-ThinMint","08",0.592013440888258,0.751600374935107,6.15811594202899,0.415258949826089,0.740853899925165,0.813546932666101,6.91666666666667,0.525220303508946,0.916666666666667,1,12
"LosAlamos-ThinMint","09",0.309333676139019,0.787285398862344,2.22739130434783,0.478436448804065,0.675572762028895,1.507282567159,2.58333333333333,1.02121951767872,1,1,12
"LosAlamos-ThinMint","10",0.594055442295073,0.987106707352474,1.46771739130435,0.406003753576308,1.21863749220106,1.45791632790128,2,0.813108753529837,1,1,12
"LosAlamos-ThinMint","11",0.659260817377688,1.19051485684048,1.08797101449275,0.495168714685016,1.12761544602722,1.18400293978365,1.91666666666667,0.986395548669823,0.5,1,12
"LosAlamos-ThinMint","12",0.756817134693669,0.944144905617306,30.6164130434783,0.468247853902707,3.3858791296487,4.40948711324172,49.8333333333333,0.531161208329902,0.916666666666667,1,12
"LosAlamos-ThinMint","13",0.568119821053809,0.950508193670856,8.39463768115942,0.576918639114419,1.17445889483591,1.56234369638168,12.8333333333333,0.841254038923256,0.833333333333333,1,12
"LosAlamos-ThinMint","15",1.47823133233193,1.67790073319193,7.3388768115942,0.794521532794434,1.37945089739969,1.99739987238627,10.75,1.31244068374681,0.25,0.75,12
"LosAlamos-ThinMint","16",0.479320635429513,0.722918945791733,2.05561594202899,0.342460227928788,0.995375614284555,1.02713310312798,2.75,0.520895595419839,0.833333333333333,1,12
"LosAlamos-ThinMint","17",0.782639524442022,1.405729049766,16.6251449275362,0.916934400388835,1.54539645197877,3.19390205539534,26.1666666666667,1.74541332589629,0.5,1,12
"LosAlamos-ThinMint","18",0.539295639546449,0.934048760434631,7.17257246376812,0.495800236655827,1.63926677937748,1.51404210053602,8,0.535666614814726,0.916666666666667,1,12
"LosAlamos-ThinMint","19",0.410993817214327,0.943655206413957,2.1586231884058,0.539565331398714,0.547463223141945,0.937575281311065,2.16666666666667,0.865121612619253,0.75,1,12
"LosAlamos-ThinMint","20",0.455138355621598,1.20815822062091,1.99003623188406,0.619247665899883,2.18247132930245,3.71010800426993,3.5,1.40394848984451,0.833333333333333,1,12
"LosAlamos-ThinMint","21",0.755872641846883,1.4806591557288,7.92155797101449,0.970991821007068,1.47451998617516,2.49537784308173,13.5833333333333,1.95692479768351,0.333333333333333,1,12
"LosAlamos-ThinMint","22",0.66596603495306,0.89808355690984,6.54960144927536,0.428419590885057,1.94820005722073,2.47081451492231,11.3333333333333,0.58804837223227,1,1,12
"LosAlamos-ThinMint","23",0.678354194225782,1.15733869331688,1.91663043478261,0.473135585776323,1.8101774358957,1.92189497533829,2.83333333333333,0.928003984476165,0.833333333333333,1,12
"LosAlamos-ThinMint","24",0.620140431413365,0.697462468567229,5.79539855072464,0.358168804511941,1.7474297504983,1.75173552226,5.58333333333333,0.345222934226787,0.833333333333333,1,12
"LosAlamos-ThinMint","25",0.496727569717911,0.978398808449302,7.55242753623188,0.540088162160876,0.776584982527104,0.906306742351467,8.16666666666667,0.706735600830141,0.833333333333333,1,12
"LosAlamos-ThinMint","26",0.51349918757863,0.923450101397878,8.91242753623188,0.538784279001042,1.48367683625867,1.45190083102369,10.5,0.614543575732842,0.75,1,12
"LosAlamos-ThinMint","27",0.887432673922,1.11872335189847,10.0243115942029,0.577286957447223,1.18978251440654,1.15782965269175,14.25,0.860997585711211,0.416666666666667,1,12
"LosAlamos-ThinMint","28",0.581987297859836,0.670989104941028,4.24673913043478,0.317190187311393,0.842089663624208,0.778771839923971,5.41666666666667,0.333915946943197,0.666666666666667,1,12
"LosAlamos-ThinMint","29",0.535696246442963,1.15149591274915,6.19739130434783,0.751666638630626,1.92674525084093,4.13730480797131,9.5,1.62770382658365,0.75,1,12
"LosAlamos-ThinMint","30",0.81675024618859,1.3132671146931,2.15032608695652,0.661406075633019,1.16860490816803,1.14804077732557,2.91666666666667,0.973955569537102,0.333333333333333,0.833333333333333,12
"LosAlamos-ThinMint","31",0.436598767809372,0.7016487371073,1.34369565217391,0.381490280119932,0,0,1.58333333333333,0.614813242352323,0.916666666666667,1,12
"LosAlamos-ThinMint","32",1.06668464325945,0.906030383346207,9.96847826086957,0.295602222783782,1.26437366097795,1.1330308756346,14.4166666666667,0.42048907613252,0.5,0.833333333333333,12
"LosAlamos-ThinMint","33",0.764127275685863,1.21873697450115,1.75844202898551,0.526283153052972,1.77066247189735,1.77897319453303,2.41666666666667,0.941479173608766,0.666666666666667,0.916666666666667,12
"LosAlamos-ThinMint","34",0.706660379975575,0.698984521414229,14.9034782608696,0.378029175439467,1.10581197238013,1.03436615597281,17.25,0.495791479725373,0.5,1,12
"LosAlamos-ThinMint","35",0.563640951376236,0.869817847959399,3.17474637681159,0.454510319030654,0.962178506613194,1.34402522949863,3.5,0.776332575464562,1,1,12
"LosAlamos-ThinMint","36",0.469587718213144,0.839407450775006,16.4977898550725,0.536732297132943,0.741439379320037,0.930223279022194,16.0833333333333,0.463710987045213,1,1,12
"LosAlamos-ThinMint","37",0.605576850470579,0.961550404313276,11.0463768115942,0.608539076630046,1.86034421403418,1.77668756336231,10.25,0.675899465071882,0.916666666666667,1,12
"LosAlamos-ThinMint","38",0.898209304340159,1.08080606912502,2.59094202898551,0.493721728387233,1.15557178484376,1.41863080329779,4.41666666666667,0.888285143432903,0.5,0.916666666666667,12
"LosAlamos-ThinMint","39",0.491420182713857,0.985384226496634,11.5229347826087,0.657774386015875,1.3667169252132,2.04547558318752,9.08333333333333,0.733070324055488,1,1,12
"LosAlamos-ThinMint","40",0.50260235635707,0.924175243005198,4.42369565217391,0.57884930930829,1.52110487829427,2.36568033768885,8.75,1.2401400383119,0.666666666666667,1,12
"LosAlamos-ThinMint","41",0.558885882277215,0.938512169842414,4.46231884057971,0.558855073567701,1.00716659283398,1.17116181090762,5.33333333333333,0.890177607621006,1,1,12
"LosAlamos-ThinMint","42",0.704693030250899,0.570917909053598,30.3517028985507,0.215127224998489,1.23644369527164,1.35059623970657,29.4166666666667,0.196181486317895,1,1,12
"LosAlamos-ThinMint","44",1.06440896463432,1.42735169377547,3.50246376811594,0.716095958044841,1.37545784267913,1.44057125421439,5,1.08832648130777,0.416666666666667,0.75,12
"LosAlamos-ThinMint","45",0.557667820045834,0.965490503763008,4.95,0.519581140392435,1.72070515698716,2.19421195758378,6.83333333333333,0.918420257422408,0.916666666666667,1,12
"LosAlamos-ThinMint","46",0.75408662729333,1.16093347566865,1.985,0.579248686738851,1.16665205612732,1.43972489677852,3.16666666666667,1.07156786762126,0.5,1,12
"LosAlamos-ThinMint","47",0.639423824218273,0.610847807773771,9.06789855072464,0.274111517293222,1.60412652692338,1.57578893323431,13.9166666666667,0.408890360237255,0.583333333333333,1,12
"LosAlamos-ThinMint","48",0.541237488189775,0.425605174084146,23.715652173913,0.228331412961611,2.08958384812103,2.11680775862894,26.0833333333333,0.228604874013082,1,1,12
"LosAlamos-ThinMint","49",0.960434710591585,0.957804429017152,3.52844202898551,0.384403147856821,1.16259121506074,1.14678276285421,3.91666666666667,0.515130799034674,0.833333333333333,1,12
"LosAlamos-ThinMint","50",0.524585562738628,0.871145212829868,0.528768115942029,0.288491513808054,Inf,Inf,0.75,0.447939867307014,0.666666666666667,1,12
"LosAlamos-ThinMint","51",0.657380176570553,0.780040527115881,8.7175,0.432586916519028,1.48661872884762,1.42666142781299,8.16666666666667,0.419841210185967,0.916666666666667,1,12
"LosAlamos-ThinMint","53",0.605174587822384,0.682414594303087,6.52018115942029,0.335024520018944,0.913141241117471,0.949857258395505,10.4166666666667,0.546878015855894,0.5,1,12
"LosAlamos-ThinMint","54",0.380260289878176,0.991713283552197,1.93536231884058,0.532989706127971,1.30168721178345,2.59506443021762,3,1.13373246055405,0.75,1,12
"LosAlamos-ThinMint","55",0.477297700258201,1.20263048588569,4.33347826086957,0.720201627201731,1.09342822231731,1.76695125828065,5.08333333333333,1.49515587080153,0.916666666666667,1,12
"LosAlamos-ThinMint","56",1.04561242264787,1.2703969235757,3.07322463768116,0.644428422952671,1.0840039886446,1.00723048009485,4.33333333333333,0.863836802302368,0.416666666666667,0.666666666666667,12
"LosAlamos-ThinMint","72",1.17406487270303,0.963101228378214,20.4384420289855,0.259643674786598,1.34223595305396,1.26591848721702,30.6666666666667,0.396312011911036,0.583333333333333,0.833333333333333,12
"LosAlamos_NAU-CModel_Flu","01",0.622515061951354,0.7522830230318,5.65913043478261,0.375411702065471,2.21920766858705,3.06201102040225,9.5625,0.690445248944635,0.125,0.5,16
"LosAlamos_NAU-CModel_Flu","02",0.717946045314812,1.09059328081999,1.15826086956522,0.512208274528206,0.729345603023317,0.825609122030321,1.5,0.721816531974131,0.4375,0.6875,16
"LosAlamos_NAU-CModel_Flu","04",0.506573293802797,0.534725266494232,9.41883152173913,0.235744423599845,1.29047856131332,1.46903830797094,16.1875,0.406616386734214,0.25,0.875,16
"LosAlamos_NAU-CModel_Flu","05",0.28325328765733,0.539873056087717,1.8183152173913,0.313295140450139,0.770885575373877,0.747099515152951,2.5625,0.428601885103695,0.5,0.8125,16
"LosAlamos_NAU-CModel_Flu","06",0.560476652550081,0.520345289663141,27.1680706521739,0.232964934446757,1.53254917501396,2.10076596251986,35.75,0.308831638070609,0,0.25,16
"LosAlamos_NAU-CModel_Flu","08",0.128197489071319,0.240350920717274,1.17565217391304,0.130889270900249,0.199652017174395,0.267675414588011,1.625,0.168944685369717,0.875,0.875,16
"LosAlamos_NAU-CModel_Flu","09",0.204942995033222,0.504598222986196,1.27989130434783,0.281725204444333,0.471774927616335,0.613158185585794,1.5,0.357484964323709,0.1875,1,16
"LosAlamos_NAU-CModel_Flu","10",0.709534762094755,1.45950972532759,1.72554347826087,0.648352854256769,1.07230309543438,1.05554832516958,1.75,0.653153263932374,0.0625,0.125,16
"LosAlamos_NAU-CModel_Flu","11",0.6762993354585,1.02273312186465,1.1875,0.45049124196453,0.645487291969497,0.500247786938653,1.1875,0.45049124196453,0.3125,0.3125,16
"LosAlamos_NAU-CModel_Flu","12",0.722836691766082,0.567639077888677,28.9322282608696,0.278095260236262,2.43544303750157,2.90355771326208,34.5,0.338203158319264,0.125,0.1875,16
"LosAlamos_NAU-CModel_Flu","13",0.430079411950425,0.523441788814829,6.28160326086957,0.320890781846943,0.743639765038636,0.795771730028642,8.125,0.444218861966478,0.5,0.5625,16
"LosAlamos_NAU-CModel_Flu","15",1.10546283018199,1.52657648680689,4.96994565217391,0.684267010333967,0.704490402211608,0.990177705820471,5,0.62419261313549,0.0625,0.375,16
"LosAlamos_NAU-CModel_Flu","16",0.354387963793851,0.703385339194504,1.4691847826087,0.338764967907106,0.626917342960667,0.751967161163708,1.6875,0.387428733840878,0.375,0.5,16
"LosAlamos_NAU-CModel_Flu","17",0.686468506438883,0.794589451646933,14.6921467391304,0.528374348937207,0.995782774150674,1.17601519464946,17.25,0.666454377307743,0.3125,0.625,16
"LosAlamos_NAU-CModel_Flu","18",0.180571086310495,0.364694969551072,2.3885597826087,0.20975586666047,0.836561503074686,0.91630236614905,4.1875,0.368983058431319,0.4375,0.8125,16
"LosAlamos_NAU-CModel_Flu","19",0.261764194515078,0.704566007002114,1.3114402173913,0.418508765996718,0.593849385165519,0.719601037258016,2.25,0.696267097906772,0.3125,1,16
"LosAlamos_NAU-CModel_Flu","20",0.194605230557111,0.419710129373135,0.832826086956522,0.210565336645975,0.63079748355661,0.640154993762127,1,0.247052812496775,0.3125,0.875,16
"LosAlamos_NAU-CModel_Flu","21",1.05656741146655,1.49942629420951,11.5835326086957,1.02889873652055,1.40522576356196,1.57732411488967,13.25,1.25825599886929,0,0.0625,16
"LosAlamos_NAU-CModel_Flu","22",0.604098319346516,0.551387916018305,5.89182065217391,0.257383701455302,1.49632431781402,1.61314173071558,8.375,0.36629107837741,0.25,0.5625,16
"LosAlamos_NAU-CModel_Flu","23",0.284819337050338,0.717625934191493,0.787934782608696,0.316226411992877,0.691418605503928,0.829793665738911,1.125,0.461109931764242,0.75,1,16
"LosAlamos_NAU-CModel_Flu","24",0.358368044845798,0.51603715033618,3.25516304347826,0.263963854862281,1.21869506936856,1.50904824333281,4,0.312991278592102,0.0625,0.8125,16
"LosAlamos_NAU-CModel_Flu","25",0.115926617231447,0.366500231534728,1.67307065217391,0.236829370304708,0.346719888382023,0.524840763711744,3.5625,0.493420770405401,0.9375,1,16
"LosAlamos_NAU-CModel_Flu","26",0.121776311972272,0.250419633734714,2.12323369565217,0.157987245845012,0.473817605388111,0.558908373652055,3.5,0.270939145908621,0.5625,1,16
"LosAlamos_NAU-CModel_Flu","27",0.144470730596259,0.32788280843765,1.48442934782609,0.181568994364183,0.136850541904826,0.202839210912788,1.5,0.169194013971501,0.9375,1,16
"LosAlamos_NAU-CModel_Flu","28",0.176976558415047,0.265130114214196,1.19453804347826,0.128175827926279,0.273357255184482,0.426320115158331,1.5625,0.179720328111198,0.75,1,16
"LosAlamos_NAU-CModel_Flu","29",0.582137203214242,1.01166594927212,6.6408152173913,0.631409168249195,1.47104756582108,1.75285223509694,7.1875,0.654006963598955,0,0.3125,16
"LosAlamos_NAU-CModel_Flu","30",0.580705993022224,0.943139274920207,1.61163043478261,0.489536659344235,0.868166149517869,0.790410079382765,2.375,0.715245787092705,0.1875,0.5625,16
"LosAlamos_NAU-CModel_Flu","31",0.747727015258639,1.73584690076805,2.34635869565217,0.930063482737746,1.3541558141084,1.35674804076209,3.625,1.31140927717978,0.0625,0.1875,16
"LosAlamos_NAU-CModel_Flu","32",1.24935998819702,1.54566987127694,10.0751902173913,0.482474429145578,1.56749684398235,2.37955415466883,15.1875,0.825098979530521,0.0625,0.3125,16
"LosAlamos_NAU-CModel_Flu","33",0.569773649645623,1.16637210960244,1.34535326086957,0.538444578951522,0.948458395243917,0.936566667457401,1.375,0.546976921834325,0.1875,0.25,16
"LosAlamos_NAU-CModel_Flu","34",0.15127539788874,0.210969892594212,2.95010869565217,0.112016874801531,0.277938613084117,0.313283478341955,3.875,0.141397361361041,0.6875,1,16
"LosAlamos_NAU-CModel_Flu","35",0.28640473777887,0.619186780914309,1.48385869565217,0.328180215084213,0.915251931528888,1.01069548298473,3.1875,0.626723323220161,0.4375,1,16
"LosAlamos_NAU-CModel_Flu","36",0.242331727735875,0.326849053021966,7.95461956521739,0.206547923441058,0.607448527030595,0.654976649113172,12.1875,0.317767663570015,0.25,0.8125,16
"LosAlamos_NAU-CModel_Flu","37",0.098347294354104,0.252858076824902,1.70524456521739,0.16267494429014,0.50736268200959,0.596511157749546,2.625,0.232647120630704,0.5,0.9375,16
"LosAlamos_NAU-CModel_Flu","38",1.66379561831077,2.40709051566812,4.27451086956522,1.00110305199455,1.39559304084705,1.96832433546218,4.625,1.08881215562493,0,0.0625,16
"LosAlamos_NAU-CModel_Flu","39",0.149836780912041,0.350712329510522,3.32317934782609,0.233701052825122,0.767807731479036,0.963215461901185,4.6875,0.325909085237165,0.25,0.6875,16
"LosAlamos_NAU-CModel_Flu","40",0.725564668992671,1.0147013402411,6.36559782608696,0.623813900148879,1.39939320966345,1.64882197277906,7.9375,0.830465035786481,0.0625,0.25,16
"LosAlamos_NAU-CModel_Flu","41",0.223101611908002,0.573276577262649,1.65641304347826,0.332168842835959,0.465098217158724,0.63618441058906,2.3125,0.472133642092188,0.375,1,16
"LosAlamos_NAU-CModel_Flu","42",1.94847479099251,1.94304090760521,81.3728532608696,0.722205204397089,3.87732204345031,5.75700122512743,89.0625,0.82010957116165,0,0,16
"LosAlamos_NAU-CModel_Flu","44",0.898439316285798,1.36115123477803,2.6810597826087,0.680081021620831,0.851879437727204,0.917110663325091,2.8125,0.700069059396705,0.1875,0.3125,16
"LosAlamos_NAU-CModel_Flu","45",0.25902478576724,0.656633132200891,2.31282608695652,0.379221347241657,0.65246803405422,0.79979202561268,2.6875,0.367725330335039,0.375,1,16
"LosAlamos_NAU-CModel_Flu","46",0.571250899641449,0.909798852155382,1.38502717391304,0.439688332256351,0.843092722323241,0.902220577355145,2.0625,0.637958410115079,0.25,1,16
"LosAlamos_NAU-CModel_Flu","47",0.388779846178286,0.464123587048602,5.27741847826087,0.20522062583885,1.22239989793246,1.60613692306029,10,0.408702588388026,0.25,0.9375,16
"LosAlamos_NAU-CModel_Flu","48",0.521689402770257,0.478641657850764,23.1088315217391,0.272586078528543,2.6891977721675,3.55994887409421,35.1875,0.424352391054766,0,0.375,16
"LosAlamos_NAU-CModel_Flu","49",0.701159660215748,1.28778024318846,2.5954347826087,0.560920431943678,1.35723171116378,2.29367248983729,4.75,1.15206895399693,0.625,0.625,16
"LosAlamos_NAU-CModel_Flu","50",2.47258739348973,3.19962539802447,2.5,1.059546399612,3.55589814735792,2.5624581489205,2.5,1.059546399612,0.0625,0.0625,16
"LosAlamos_NAU-CModel_Flu","51",0.224608839091161,0.395373463226503,3.00804347826087,0.232625309902614,0.56856118845891,0.668388747896838,3.25,0.215440173194608,0.4375,0.875,16
"LosAlamos_NAU-CModel_Flu","53",0.288652309197066,0.384012914613086,2.873125,0.184689991187959,0.538045334894062,0.623601135759091,5.5625,0.341618151686468,0.375,0.8125,16
"LosAlamos_NAU-CModel_Flu","54",0.21645452980787,0.459002507848688,1.0775,0.25164484084509,0.601156483733952,0.717148292251503,1.375,0.31974973810963,0.25,0.875,16
"LosAlamos_NAU-CModel_Flu","55",0.13759525969807,0.485039860080759,1.16432065217391,0.320178846511425,0.519008309921069,0.580199127965688,2.25,0.537632650137596,0.5625,0.8125,16
"LosAlamos_NAU-CModel_Flu","56",2.10285279515609,2.17167730469934,5.8125,1.10576033872216,1.53680304471984,1.25746033322875,5.8125,1.10576033872216,0,0,16
"LosAlamos_NAU-CModel_Flu","72",0.553343066210842,0.584855636288629,10.2851086956522,0.18371149485265,0.606004348848974,0.708373327557105,15.1875,0.265276060250521,0.1875,0.75,16
"MIGHTE-Joint","01",0.520574183844038,0.560413749793017,4.68454387578469,0.274135232945588,1.60231687329356,1.83068853413599,6.83549279401383,0.405249507264248,0.875,1,16
"MIGHTE-Joint","02",0.819080640790036,1.04412694192271,1.28291965868001,0.47343005151909,0.888938775042785,0.874683900963375,1.77206639599722,0.740193392585089,0.5,0.75,16
"MIGHTE-Joint","04",0.492501680844435,0.449772701783655,9.32918257407926,0.201895234486454,0.850552326712495,0.928398574342869,10.8192875517256,0.262679779009963,0.8125,1,16
"MIGHTE-Joint","05",0.396022672401995,0.628159922794465,2.65914835844569,0.383118379289494,0.887150331175676,0.914921309937752,3.10309495881726,0.560134202117681,0.625,1,16
"MIGHTE-Joint","06",0.449235232513778,0.354083130813682,21.2233371596531,0.153124921470697,0.522312678522917,0.624001357558584,12.0506457113686,0.0903577586531937,1,1,16
"MIGHTE-Joint","08",0.471486884149946,0.545960243691625,4.3910114033628,0.299222588309492,0.587731588247913,0.704932580107505,4.84562012633588,0.449853737351784,0.75,1,16
"MIGHTE-Joint","09",0.391216062424558,0.518224686627786,2.51013931796062,0.29305277413959,0.458774146794619,0.588611588977296,1.47562583395056,0.346253706979568,0.875,1,16
"MIGHTE-Joint","10",0.508230438756519,0.788775128572273,1.22590541238157,0.345492769683917,0.776865928773096,0.821471211605492,1.24714884808974,0.503435970228186,0.5625,1,16
"MIGHTE-Joint","11",0.574102765735396,0.68747465462712,1.00305461134676,0.300578475095155,0.655427753780295,0.510987855588032,1.20386587916207,0.459432107013047,0.75,1,16
"MIGHTE-Joint","12",0.569862665715433,0.39086595675844,22.6841289351241,0.189350319944816,1.40623098828296,1.55522174726077,19.6934826813008,0.179767313321017,0.9375,1,16
"MIGHTE-Joint","13",0.50593434370711,0.512527653766641,7.61908280226421,0.320893039864212,0.785951773432739,0.802757504692348,8.71122093244438,0.455782694227958,0.625,1,16
"MIGHTE-Joint","15",0.836660059468774,0.737633137523944,3.88676190284329,0.338902139977357,0.816061931987513,0.853993206298648,5.97580730532705,0.5546244032615,0.5,1,16
"MIGHTE-Joint","16",0.430350624546588,0.610632396924583,1.75759920695948,0.288140786558338,0.706409623055633,0.773418911105621,1.84656697725394,0.390030600895649,0.8125,1,16
"MIGHTE-Joint","17",0.591559458506887,0.646899529677971,12.6682823203727,0.426799857125339,0.986984284472333,1.12353081335264,17.0291232332063,0.631772010627659,0.5625,1,16
"MIGHTE-Joint","18",0.526663969983239,0.601562092079692,7.04708577231094,0.347959971833424,1.32676713982464,1.25652126964905,6.78927106404419,0.515046144214976,0.625,1,16
"MIGHTE-Joint","19",0.328686642128478,0.635015644199472,1.63184542736335,0.367251805808043,0.431133278409272,0.566347694728633,1.61919238951844,0.538628914352046,0.6875,1,16
"MIGHTE-Joint","20",0.324140128578348,0.526386749711773,1.42493720995068,0.266852209748783,0.839853305769241,0.906333472937239,1.32601919794117,0.346582876542649,0.8125,1,16
"MIGHTE-Joint","21",0.488574746086951,0.566422185897011,5.31648761632153,0.382819776407686,0.933589942462035,0.800685989953317,8.73752837398919,0.629228434618974,0.4375,1,16
"MIGHTE-Joint","22",0.60853798611334,0.572111287190755,5.89850167059321,0.265149110492883,1.62701225996178,1.80256707649708,9.13864863191553,0.410920684074645,0.875,1,16
"MIGHTE-Joint","23",0.567259897459956,0.878044280678406,1.55503346553637,0.383296750595182,0.974691395672866,1.00568387424754,1.56345949816603,0.554039184084156,0.5625,0.9375,16
"MIGHTE-Joint","24",0.472509005242014,0.50999472414406,4.32294591952861,0.262383138661976,1.00617738183262,1.23780350695976,3.33537108199681,0.26027003816014,0.9375,1,16
"MIGHTE-Joint","25",0.414031462026693,0.711492307386027,6.1277031654653,0.467870119391527,0.586115283691548,0.749917215825324,6.12263247990784,0.711454536889932,0.625,1,16
"MIGHTE-Joint","26",0.345010769243586,0.464059014193471,6.05434859431215,0.291238305872126,0.597860023107996,0.697307130208767,4.47693675196487,0.342594564753784,0.75,1,16
"MIGHTE-Joint","27",0.504143073208961,0.629023381725596,5.32593248420479,0.353074479864379,0.324500970319816,0.498034436181141,3.6978078826556,0.427938685267297,0.75,1,16
"MIGHTE-Joint","28",0.437647685221304,0.457118766687555,2.94382317062963,0.218703582363334,0.298472887664577,0.409178311342019,1.70409153682004,0.173697894818917,0.875,1,16
"MIGHTE-Joint","29",0.386401603362928,0.524303791136014,4.40682433770517,0.323627863219192,1.1709532499946,1.26209214484905,5.7097426322169,0.46912303500987,0.6875,1,16
"MIGHTE-Joint","30",0.538825623282532,0.765559160494695,1.47810737590822,0.393861272165921,0.743228241392867,0.699405256172121,2.03038299687135,0.631598969330209,0.5625,1,16
"MIGHTE-Joint","31",0.529847321391807,1.03846952840251,1.66893978230387,0.555562067129016,0.762554078959304,0.936610081746345,2.06829832422963,0.910629463089206,0.125,1,16
"MIGHTE-Joint","32",0.676876854872884,0.714145023989823,5.44621012598788,0.222652911458544,0.727021159421374,0.879536383666038,7.16108940790547,0.3095258417016,0.8125,1,16
"MIGHTE-Joint","33",0.566481616261838,0.828915869448567,1.33583014103173,0.37882154396305,0.997781213887501,0.999779961799979,1.43021082977343,0.577741064094534,0.5,1,16
"MIGHTE-Joint","34",0.460272937733117,0.4410862161816,9.17373340854161,0.236902463290302,0.389675569768164,0.436075085700257,5.4395942698701,0.197045565541553,1,1,16
"MIGHTE-Joint","35",0.427721050044792,0.573004861202226,2.21034409489843,0.300653175757377,0.549256422325768,0.642239576050494,1.91160639934578,0.396623267398258,0.6875,1,16
"MIGHTE-Joint","36",0.518986719892663,0.498981929698362,17.5592873861332,0.320521377286667,0.778937395843143,0.823221151226205,15.8882333319835,0.405665220141661,0.8125,1,16
"MIGHTE-Joint","37",0.400667686819873,0.456776876423479,7.01287550987819,0.292450552735017,0.536802105170932,0.630822021166667,2.78345547394342,0.246382846636343,0.9375,1,16
"MIGHTE-Joint","38",0.821736766765357,0.860386971916882,2.12568464868449,0.358301825620348,0.965809009773148,1.0308963343973,3.1958517488866,0.569435900245836,0.5,1,16
"MIGHTE-Joint","39",0.330339197337623,0.404851986135473,7.47993756728704,0.268379427241262,0.527087082481104,0.585899147052598,3.26640876928304,0.200631131436064,1,1,16
"MIGHTE-Joint","40",0.482007491984129,0.667412017075779,4.19900276118546,0.405006258691694,1.26734423652529,1.38229599708032,7.12308286357636,0.686986976639678,0.25,1,16
"MIGHTE-Joint","41",0.40381107520105,0.708579541256324,2.98002908971621,0.407438652762936,0.675532022418031,0.820901236820629,3.32773066202352,0.606168633292078,0.6875,1,16
"MIGHTE-Joint","42",0.671577010274395,0.460985583628928,28.096759537691,0.170564964865188,1.06641760675136,1.10795593204015,24.2081839260675,0.155444347986831,0.9375,1,16
"MIGHTE-Joint","44",0.694252740857676,0.878628450923217,2.03320634737712,0.425837582537787,0.794973961034494,0.92125558794517,2.56388502463781,0.68249522818255,0.625,1,16
"MIGHTE-Joint","45",0.480689541054676,0.566537465559388,4.41644190735684,0.33135289085037,0.786414362083827,0.880536090515041,3.33145266721844,0.416531186355857,0.6875,1,16
"MIGHTE-Joint","46",0.560263203531676,0.812399232053964,1.37429146890425,0.394588084338696,0.740574968844294,0.811269882411738,1.8189316445514,0.575476804148348,0.5625,0.8125,16
"MIGHTE-Joint","47",0.473582014059785,0.412206467676686,6.47099181048537,0.18237794272143,0.471045269125652,0.475281996387653,3.7568592509955,0.117206535940377,1,1,16
"MIGHTE-Joint","48",0.475147983739513,0.399748343806114,20.8929171270292,0.22597375023409,1.78038656552415,2.24659319359218,23.4675958503497,0.270422859049021,1,1,16
"MIGHTE-Joint","49",0.605692356265525,0.671673007285683,2.26314399572624,0.295290126187325,0.783101795047521,0.86290856219253,2.7628437905055,0.437924383158835,0.75,1,16
"MIGHTE-Joint","50",0.546235827465137,0.8301550554827,0.549791753527689,0.273696014675141,1.12262165126166,1.18635447235671,0.782223359945288,0.487471990347796,0.25,1,16
"MIGHTE-Joint","51",0.460014143456975,0.443205812798847,6.08269309995895,0.256394366031461,0.870021771574204,0.916024495019898,4.90652170645894,0.291683508238832,0.9375,1,16
"MIGHTE-Joint","53",0.563857130860211,0.60217207573775,5.61566794654596,0.289093854245661,0.824702851033324,0.89195513635393,8.53865332291502,0.489787000589423,0.4375,1,16
"MIGHTE-Joint","54",0.319125438139436,0.569149948501626,1.57309374504402,0.308648062824679,0.831987322863308,1.04241812251007,1.88499681489183,0.461601900852068,0.75,1,16
"MIGHTE-Joint","55",0.375304772112741,0.667778575841445,3.22097350682105,0.431648778508,0.456900488557151,0.597026289891018,1.98591385195208,0.548571341708552,0.6875,1,16
"MIGHTE-Joint","56",0.648163850431808,0.854175435092655,1.75539152232802,0.428396953680411,0.6989684038669,0.800939882206411,2.57695617438667,0.692408355543019,0.3125,0.875,16
"MIGHTE-Joint","72",0.670668787615691,0.605186289913422,12.4779587655207,0.190319793877528,0.630972733627146,0.708477956409364,15.8805513776103,0.266657953132195,0.75,1,16
"MIGHTE-Nsemble","01",0.480256784396304,0.561425317897851,4.30399205986982,0.274321533081615,1.83306795132372,2.19846502913202,7.82633001498116,0.487297789375663,0.1875,1,16
"MIGHTE-Nsemble","02",0.72049959191181,1.07277513657609,1.12388648697883,0.485696888905131,0.833797677284997,0.844156440984993,1.66118092287258,0.714243965870963,0.375,0.75,16
"MIGHTE-Nsemble","04",0.405343277862966,0.440099611049078,7.57211123226804,0.195555517220776,0.862177872248704,1.06204229770464,10.8366895616476,0.296621008092231,0.625,1,16
"MIGHTE-Nsemble","05",0.288821780392084,0.574302591231451,1.93345583267941,0.351887900713474,0.86034413700275,0.896536158888339,2.98186051594946,0.544183457904176,0.4375,0.8125,16
"MIGHTE-Nsemble","06",0.369323756660644,0.309958293105972,17.3687535210848,0.134306502400745,0.948930163921898,1.17712295276057,22.1300519666082,0.172360778943183,0.9375,1,16
"MIGHTE-Nsemble","08",0.287550162807772,0.415257137977218,2.66029507317569,0.227711238198819,0.513199326240774,0.620148741726717,4.22696202969686,0.395541736065124,0.4375,1,16
"MIGHTE-Nsemble","09",0.135589835349444,0.334835159067422,0.854999886280559,0.188607757285674,0.34662370826055,0.468539222291135,1.11181172918924,0.274969693393308,0.75,1,16
"MIGHTE-Nsemble","10",0.310364996976349,0.666133132161849,0.738508088997185,0.291305339431236,0.69066563743445,0.738403542455531,1.10512393751738,0.451220412283896,0.4375,0.875,16
"MIGHTE-Nsemble","11",0.43429619603299,0.640910855722566,0.760215471187358,0.280895180942893,0.656589941882101,0.514030249042725,1.20649931336956,0.46217643609841,0.3125,1,16
"MIGHTE-Nsemble","12",0.450433136444281,0.341009157709509,17.7749328894387,0.164973092778757,1.66306753463782,1.92120518687671,23.2762296407773,0.222339832909244,0.75,1,16
"MIGHTE-Nsemble","13",0.354903885328479,0.434510911655617,5.25156118821416,0.269509546730765,0.759842667748766,0.77730508607633,8.37505755938227,0.438433633484972,0.5,1,16
"MIGHTE-Nsemble","15",0.793941975798208,0.709699888007061,3.6767080651717,0.325662500325691,0.783895999352743,0.83401239542107,5.72409748822715,0.540344323058474,0.375,1,16
"MIGHTE-Nsemble","16",0.299231792124058,0.529086748306845,1.21396380846711,0.249076657880508,0.721513156998793,0.788503111728055,1.87956448831858,0.395207232925876,0.5625,1,16
"MIGHTE-Nsemble","17",0.563631063224559,0.669107501881091,11.9753803172729,0.439678567252897,1.0505894004803,1.26657650016909,18.0884339712101,0.709333594561318,0.375,0.875,16
"MIGHTE-Nsemble","18",0.270224883581865,0.48141191041819,3.62088508748193,0.279099105521858,1.14912331212251,1.14131166141913,5.85456737529511,0.465941885389732,0.375,0.9375,16
"MIGHTE-Nsemble","19",0.208677948474036,0.577141052380748,1.02600444649147,0.334107185793007,0.395227621272893,0.544558620315829,1.49684377923765,0.521965779787153,0.4375,0.875,16
"MIGHTE-Nsemble","20",0.209318356216913,0.486335648060445,0.900852640023543,0.244481249391954,0.964331793209708,1.07883772188675,1.52404334754212,0.413062871625609,0.3125,1,16
"MIGHTE-Nsemble","21",0.483274978986615,0.572097543741832,5.25162076186603,0.387044615711767,0.980170147853312,0.847862450437971,9.18275588546093,0.6673789426172,0.25,1,16
"MIGHTE-Nsemble","22",0.624894205825843,0.630842674510898,6.07343388714694,0.293495297859753,1.93921066677952,2.27304136656747,10.855358084248,0.516492355189747,0.25,1,16
"MIGHTE-Nsemble","23",0.357898698302287,0.779073525018673,0.979491820061018,0.341247172189513,0.819775162193791,0.902696129673493,1.31974284401721,0.498636294413881,0.5625,0.75,16
"MIGHTE-Nsemble","24",0.295988157235292,0.431087559375244,2.69275939743286,0.221600975513491,1.26819923097486,1.64981346592446,4.20535776627942,0.346975252701705,0.6875,1,16
"MIGHTE-Nsemble","25",0.243829426193661,0.630756061768017,3.59374850137687,0.419595799965729,0.512118574529152,0.688359256723542,5.35172163111983,0.654809379316663,0.5,0.9375,16
"MIGHTE-Nsemble","26",0.179300224738015,0.347363479376663,3.11005541920773,0.218049466718304,0.587127017055028,0.67815999270692,4.37026142807904,0.330679800268669,0.5625,1,16
"MIGHTE-Nsemble","27",0.252570792889386,0.496847002491003,2.64942037146083,0.281552468359613,0.277951512924425,0.450485617618326,3.10977722994108,0.38053108685911,0.6875,0.9375,16
"MIGHTE-Nsemble","28",0.257767760881877,0.348834569552957,1.71946241167755,0.167009347604341,0.277469360931525,0.443128471915931,1.62565020515953,0.192336785061132,0.875,1,16
"MIGHTE-Nsemble","29",0.330788175918086,0.525686785952163,3.75335219111942,0.325292425635436,1.26189503137755,1.4098377722737,6.16927042388597,0.526267554248582,0.3125,0.9375,16
"MIGHTE-Nsemble","30",0.451983783605284,0.723888419490373,1.24300686488588,0.373392140561962,0.685794324847277,0.649434261259503,1.87962898705295,0.588008960224743,0.5625,0.875,16
"MIGHTE-Nsemble","31",0.390670076429275,0.983030554599379,1.23800699323739,0.527027320883479,0.674448460201734,0.864251396916528,1.83319280989994,0.840365810046107,0.125,0.5625,16
"MIGHTE-Nsemble","32",0.689125368365887,0.81981498479244,5.56779417957089,0.257537826695979,0.871530003140888,1.13971921939722,8.55983985370011,0.402464328709456,0.625,1,16
"MIGHTE-Nsemble","33",0.378535207868665,0.780151390667596,0.885729063104841,0.356630690989521,0.990219730662114,1.00516169054767,1.42335410627661,0.581964031071174,0.3125,0.75,16
"MIGHTE-Nsemble","34",0.202180399049578,0.275782832025383,3.95263771871154,0.147025733400809,0.286841786176749,0.319350717827255,3.98682452792138,0.143554303228024,0.9375,1,16
"MIGHTE-Nsemble","35",0.217008577082924,0.413682001566496,1.10869558195112,0.21595805382624,0.458418570691435,0.550832502177805,1.57064373899966,0.335806435150105,0.5625,1,16
"MIGHTE-Nsemble","36",0.295498870924062,0.373216238079983,9.81504619340178,0.237960946328718,0.748347997094423,0.796764435165968,15.1878482503216,0.390757554744096,0.4375,1,16
"MIGHTE-Nsemble","37",0.122904502223716,0.298121533076519,2.12549094305243,0.190561307976649,0.565469411659305,0.701454003392435,2.9438341769837,0.274859593708417,0.6875,1,16
"MIGHTE-Nsemble","38",0.88814450024745,0.982230217128852,2.27680410707411,0.406914551300414,1.02049151005002,1.1346545016413,3.37066846887489,0.625487033503175,0.4375,0.8125,16
"MIGHTE-Nsemble","39",0.13597597847293,0.247253456557193,3.01389191868144,0.162818993273614,0.525580139246981,0.596127187992238,3.23168456866588,0.202140636637331,0.9375,1,16
"MIGHTE-Nsemble","40",0.559554874210439,0.814040569738042,4.86491943988684,0.494610755218778,1.3732798740262,1.5781376256224,7.72718426807918,0.78606163987716,0.0625,0.8125,16
"MIGHTE-Nsemble","41",0.30105607483744,0.678654383230901,2.21989103999528,0.390448975845787,0.65251713060466,0.798814663358459,3.20851041826456,0.589321991989481,0.4375,0.8125,16
"MIGHTE-Nsemble","42",0.491207094149785,0.372355987667075,20.3600679821644,0.136968349897238,1.23894717327996,1.33332887955707,28.245830951287,0.188116722621091,0.8125,1,16
"MIGHTE-Nsemble","44",0.565383981799947,0.87707382419495,1.63273425197737,0.421455017061955,0.82462244847832,0.969198008513746,2.65114720320513,0.712849612847099,0.3125,1,16
"MIGHTE-Nsemble","45",0.230545444064907,0.430978104415808,2.10082671020097,0.252273626971604,0.69220647540046,0.805119794155711,2.92134435741895,0.380188815963041,0.5625,1,16
"MIGHTE-Nsemble","46",0.455479070489584,0.753977733942705,1.10643725609838,0.364911765000777,0.694937560291384,0.760377210259368,1.69771634015229,0.537208923123338,0.4375,0.75,16
"MIGHTE-Nsemble","47",0.293555135362576,0.293311537511264,3.95746889599431,0.128893448807449,0.503019844700489,0.524965771326306,4.06626672123395,0.13142666328836,1,1,16
"MIGHTE-Nsemble","48",0.407811049242932,0.396302665031177,17.9418851218051,0.225302066570713,2.40905226905196,3.21877332796262,31.7355321967908,0.38748246245555,0.5,1,16
"MIGHTE-Nsemble","49",0.470621638003959,0.625922502260765,1.75612600959792,0.27623844561463,0.748973187214087,0.866137980340216,2.65382585125515,0.442193153480438,0.4375,1,16
"MIGHTE-Nsemble","50",0.423693791129723,0.739811876783024,0.425357806040497,0.243582526296081,1.03760382313533,1.09104640350502,0.722928066564286,0.447992544606501,0.0625,1,16
"MIGHTE-Nsemble","51",0.255092287018929,0.333001415436769,3.3540211044142,0.192737480931724,0.800244014427424,0.849835292489791,4.51672072530178,0.271023125406865,0.75,1,16
"MIGHTE-Nsemble","53",0.494175064196875,0.551662491943588,4.8986322072015,0.264355446624344,0.753659608382424,0.826216976196504,7.7713681204439,0.452988413730811,0.3125,1,16
"MIGHTE-Nsemble","54",0.260545328320922,0.578013854957765,1.27724180354312,0.313412878966986,0.935140692576397,1.20356099176813,2.11724027480291,0.533360097394017,0.375,1,16
"MIGHTE-Nsemble","55",0.166402373196309,0.590169303438227,1.40829940222526,0.38333553055337,0.487563863626018,0.639839346190884,2.10641600457085,0.583114442493504,0.5,0.8125,16
"MIGHTE-Nsemble","56",0.581125517118255,0.839390270551887,1.56232955645574,0.418627871697578,0.671504892481113,0.795198393973103,2.46491869217396,0.683385587874702,0.1875,0.875,16
"MIGHTE-Nsemble","72",0.539106422280274,0.530477846668247,10.0451251522749,0.16706594889724,0.561242377742289,0.649150474493526,14.2010936256534,0.24546131079502,0.6875,1,16
"MOBS-EpyStrain_Flu","01",0.316715509522329,0.284670217679274,2.85369565217391,0.139510184936827,0.880988319694304,0.878448257574768,3.8125,0.197071360294003,0.8125,1,16
"MOBS-EpyStrain_Flu","02",0.89255120232264,1.18375586938667,1.39421195652174,0.536926068755207,1.00928950248717,0.921523269401791,2,0.776049604802864,0.5625,1,16
"MOBS-EpyStrain_Flu","04",0.798033959240551,0.956395963969908,14.7497282608696,0.418002331253027,2.02123389133433,2.61120107677005,25.1875,0.71555525058269,0.1875,1,16
"MOBS-EpyStrain_Flu","05",0.320382794472878,0.62795227107531,2.04263586956522,0.362406796158208,1.04995646963887,1.11568747175872,3.5,0.643449699218259,0.1875,0.9375,16
"MOBS-EpyStrain_Flu","06",0.544501983549592,0.504585336006622,25.2539402173913,0.214406268679174,2.14821336854515,2.78811146577387,48.375,0.392171831100908,0.1875,1,16
"MOBS-EpyStrain_Flu","08",0.177631878102383,0.380111982448484,1.60845108695652,0.202822866982948,0.32188871927214,0.471841515936251,2.5625,0.288182308698606,0.875,1,16
"MOBS-EpyStrain_Flu","09",0.486165780976936,0.945116724039223,3.05116847826087,0.530404868256619,1.60035688130697,1.53508086822316,5.125,0.902835180509494,0.0625,1,16
"MOBS-EpyStrain_Flu","10",0.296775942711005,0.644835604464904,0.691603260869565,0.273739889148117,0.678424659913978,0.675659768349709,1.0625,0.400584510950919,0.8125,1,16
"MOBS-EpyStrain_Flu","11",0.454853125676038,0.725597626784133,0.797146739130435,0.317916598152858,0.645487291969497,0.500247786938653,1.1875,0.45049124196453,0.625,1,16
"MOBS-EpyStrain_Flu","12",0.608086278460447,0.32368184845141,24.1285869565217,0.156925248503519,2.78916153061444,2.36182121842174,39.3125,0.273230192271243,0.75,1,16
"MOBS-EpyStrain_Flu","13",0.298301144595976,0.374383379234009,4.44279891304348,0.234564726855339,0.663240517378137,0.691572649120958,7.375,0.39489329154428,0.375,1,16
"MOBS-EpyStrain_Flu","15",0.715241975669622,0.8581682703946,3.22260869565217,0.386133629657699,0.69328267622739,0.950401099010265,4.9375,0.602592017205804,0.5,0.8125,16
"MOBS-EpyStrain_Flu","16",0.353021932307902,0.67254663567058,1.42057065217391,0.312854501198967,0.920346423995125,1.03178508477781,2.375,0.511819106520589,0.5625,0.9375,16
"MOBS-EpyStrain_Flu","17",0.610648526720145,0.693621057118845,13.0074456521739,0.457043545876816,1.07829876726778,1.28041105880219,18.5625,0.717534229163254,0.375,0.75,16
"MOBS-EpyStrain_Flu","18",0.189812976890293,0.369766239554241,2.48521739130435,0.209570762658006,0.843252930129936,0.866281186659588,4.1875,0.345372113682642,0.5,1,16
"MOBS-EpyStrain_Flu","19",0.192334098901016,0.562851941967482,0.954510869565217,0.328300107596098,0.328355112298648,0.468115826875067,1.25,0.45049124196453,0.5625,1,16
"MOBS-EpyStrain_Flu","20",0.158947237853314,0.320747193154819,0.694755434782609,0.164487146238332,0.623876391370308,0.610272819285377,1,0.238985497354579,0.9375,1,16
"MOBS-EpyStrain_Flu","21",0.366459933179218,0.399241564259855,4.006875,0.271916601901353,0.756795472211893,0.588498105150847,7.125,0.466011801211916,0.25,1,16
"MOBS-EpyStrain_Flu","22",0.333255304386357,0.283681237347063,3.19209239130435,0.130030411193407,0.811135928903431,0.782024741305148,4.5,0.17566145081577,0.9375,1,16
"MOBS-EpyStrain_Flu","23",0.331447492103721,0.811413283107684,0.887119565217391,0.344510619009699,1.03381911587471,1.18553918286723,1.625,0.634396726904228,0.4375,1,16
"MOBS-EpyStrain_Flu","24",0.403289288121105,0.658119290508395,3.66388586956522,0.337015467845886,1.96082945257442,2.78759056585998,6.4375,0.5786935477191,0.0625,1,16
"MOBS-EpyStrain_Flu","25",0.258822316569152,0.706243239384267,3.83442934782609,0.473033490368388,0.543090857164134,0.737675018186421,5.6875,0.702430056028797,0.5625,0.9375,16
"MOBS-EpyStrain_Flu","26",0.261206105740137,0.47997212452346,4.65391304347826,0.309392793010228,0.86995323191447,0.92406237506262,6.6875,0.462725873589321,0.625,1,16
"MOBS-EpyStrain_Flu","27",0.293528418515568,0.709500359711626,2.97959239130435,0.382066406105791,0.482203356376261,0.817155676886998,5.1875,0.647493004632507,0.25,1,16
"MOBS-EpyStrain_Flu","28",0.39087386069963,0.482555073741633,2.65146739130435,0.233323301403448,0.716509825672524,0.907840922595097,4.1875,0.389044056411277,0.4375,1,16
"MOBS-EpyStrain_Flu","29",0.206101609863278,0.270473978668287,2.32497282608696,0.166559343825243,0.805271039414711,0.745853183470574,3.9375,0.278150284204177,0.75,1,16
"MOBS-EpyStrain_Flu","30",0.391710317877794,0.631763213836592,1.09538043478261,0.32984840998996,0.57803002108469,0.555098417485008,1.625,0.515618863038262,0.5625,0.9375,16
"MOBS-EpyStrain_Flu","31",0.430844041618867,1.08099887406815,1.36078804347826,0.580013253287185,0.80886671448137,0.99383069004576,2.1875,0.964543002655784,0.125,0.9375,16
"MOBS-EpyStrain_Flu","32",1.27278470645652,1.69860471142714,10.1023641304348,0.520452443112969,1.58208138031772,2.37620411309493,15.25,0.816927057940244,0.0625,0.75,16
"MOBS-EpyStrain_Flu","33",0.319737818404073,0.665979566221347,0.754103260869565,0.307166706993373,0.772532571655163,0.809786366196021,1.125,0.47505640372138,0.5,1,16
"MOBS-EpyStrain_Flu","34",0.301978821552967,0.519782009794913,5.92600543478261,0.276028194982112,0.744479569505821,1.04747788637738,10.4375,0.474524103826093,0.3125,1,16
"MOBS-EpyStrain_Flu","35",0.26191098678955,0.64705316256985,1.31671195652174,0.331506527043308,0.573319954924787,0.757409658449449,1.9375,0.453413030288898,0.375,0.9375,16
"MOBS-EpyStrain_Flu","36",0.235765484991519,0.337804826030063,7.74902173913043,0.213898777243723,0.629976269587774,0.688058561908757,12.625,0.333330426580969,0.75,1,16
"MOBS-EpyStrain_Flu","37",0.13089526870141,0.286087417283909,2.28154891304348,0.184462098215926,0.606484329659097,0.696497603964265,3.1875,0.275845588593784,0.6875,1,16
"MOBS-EpyStrain_Flu","38",0.826518162268618,0.922220259132488,2.11288043478261,0.38151521369075,0.962094647425247,1.00661249055583,3.1875,0.557486140819112,0.4375,0.9375,16
"MOBS-EpyStrain_Flu","39",0.101134611915426,0.240462041436847,2.23752717391304,0.158350185368626,0.530566902107838,0.63227209324676,3.25,0.213010852346712,0.75,1,16
"MOBS-EpyStrain_Flu","40",0.316254353897067,0.386950745101953,2.77646739130435,0.237555882267527,0.846814451850499,0.786096105791055,4.8125,0.396030694683516,0.5,1,16
"MOBS-EpyStrain_Flu","41",0.285642990376649,0.619934405064287,2.08241847826087,0.352748891564539,0.721830540817011,0.810668173681984,3.5,0.589272078109153,0.3125,1,16
"MOBS-EpyStrain_Flu","42",0.526286767317108,0.434440675952381,21.8717119565217,0.160282185243874,1.59982209821098,1.78993545636235,36.6875,0.25399816299589,0.5625,1,16
"MOBS-EpyStrain_Flu","44",0.548201382267775,0.837514135299443,1.57828804347826,0.40102617388903,0.763042667590242,0.847610208224189,2.4375,0.619500934556614,0.25,0.875,16
"MOBS-EpyStrain_Flu","45",0.190643501522645,0.377094964446459,1.73372282608696,0.220763708242891,0.561709414815903,0.673951340567234,2.375,0.319192124205024,0.75,1,16
"MOBS-EpyStrain_Flu","46",0.511382476765064,0.790063025717541,1.2279347826087,0.377870805726602,0.800696838301762,0.850094432324876,1.9375,0.594636711330082,0.375,1,16
"MOBS-EpyStrain_Flu","47",0.277697257597764,0.279587310924505,3.76432065217391,0.122807958332825,0.482215039433554,0.526410965110532,3.9375,0.132816800288068,0.9375,1,16
"MOBS-EpyStrain_Flu","48",0.251192016131956,0.189795795041556,10.8899456521739,0.105146555756883,0.635639458459807,0.664547550384146,8.25,0.0782266099092857,1,1,16
"MOBS-EpyStrain_Flu","49",0.456394387768634,0.661099578433685,1.69157608695652,0.288555119009983,0.768786099648029,0.885903813727721,2.6875,0.444975301479849,0.5625,0.9375,16
"MOBS-EpyStrain_Flu","50",0.398722505693194,0.657819070302965,0.402336956521739,0.21804797107288,0.799055136023758,0.765070916813793,0.5625,0.317974770952024,0.75,1,16
"MOBS-EpyStrain_Flu","51",0.181993918983018,0.30326680650887,2.40576086956522,0.175635256383298,0.660680949782081,0.809492779601038,3.75,0.258709671496466,0.75,1,16
"MOBS-EpyStrain_Flu","53",0.325177705264982,0.432914350829249,3.20538043478261,0.205603286444961,0.470523478503161,0.527528807933165,4.8125,0.285248701784364,0.75,1,16
"MOBS-EpyStrain_Flu","54",0.3136983218628,0.892644500232016,1.56149456521739,0.489501587023148,1.06172516238349,1.67740361830279,2.4375,0.753037258045833,0.25,1,16
"MOBS-EpyStrain_Flu","55",0.230400830210358,0.666041079083708,1.96989130434783,0.44233340448377,0.703087282160553,0.738187379121839,3.0625,0.680805596088279,0.5625,0.8125,16
"MOBS-EpyStrain_Flu","56",0.512770129989459,0.767846328632811,1.35086956521739,0.373106461906237,0.608596877636321,0.747585636388027,2.1875,0.625330852104336,0.625,0.9375,16
"MOBS-GLEAM_RL_FLUH","01",0.668802504554886,0.53573865518698,6.07362663922103,0.265026920780671,2.26393348716091,1.88767615856774,9.78744995594025,0.422606246594591,0.3125,0.75,16
"MOBS-GLEAM_RL_FLUH","02",0.616768127745326,0.994028061293161,0.961781978378801,0.449748078767762,0.72700097036564,0.765173435636103,1.44836281239986,0.646594096152847,0.3125,0.75,16
"MOBS-GLEAM_RL_FLUH","04",0.710286733602895,0.736437357266015,13.1643273873174,0.322866054752559,1.49171285952346,1.71356136931241,18.683464050293,0.472733110913458,0.0625,0.5,16
"MOBS-GLEAM_RL_FLUH","05",0.684921547102341,1.08813729095549,4.62065645400597,0.673714325621489,1.93531828619728,1.46106206950823,6.75141757726669,0.888881444812756,0.125,0.5625,16
"MOBS-GLEAM_RL_FLUH","06",0.422344718819238,0.3673248121638,19.9519840301638,0.159930805883447,1.49291252729648,1.86628122421152,34.1384725570679,0.268374934255382,0.4375,0.9375,16
"MOBS-GLEAM_RL_FLUH","08",0.137558118460091,0.228624229509792,1.28381412089843,0.126375109586704,0.257768800506653,0.337742756689326,2.17006194591522,0.220071972111212,0.4375,1,16
"MOBS-GLEAM_RL_FLUH","09",0.567296655949478,1.16339050408391,3.57741930793161,0.655283115495034,1.65723026487719,1.56293126492991,5.33194401860237,0.921783669962244,0,0.25,16
"MOBS-GLEAM_RL_FLUH","10",0.309800530224107,0.62346295539559,0.72403374160812,0.266241298868803,0.62891185382896,0.649569757741493,0.990642003715038,0.388767510671548,0.375,0.6875,16
"MOBS-GLEAM_RL_FLUH","11",0.449877245142778,0.672306423405618,0.79180764850229,0.29615367244298,0.641365110446857,0.495941880629209,1.17932686954737,0.446441149312611,0.3125,0.875,16
"MOBS-GLEAM_RL_FLUH","12",1.4980080370025,0.7320724365735,60.2569186747592,0.358936819372656,6.7168186369226,4.81399727411267,95.3387870788574,0.558675462987084,0,0.625,16
"MOBS-GLEAM_RL_FLUH","13",0.510253177108689,0.644367211457451,7.83824251830578,0.414767298985731,0.956471730798886,0.945105522151977,11.0062552690506,0.554113019536641,0.3125,0.5625,16
"MOBS-GLEAM_RL_FLUH","15",0.474855933938966,0.450715827053021,2.14982632854063,0.203878013850876,0.468218684725775,0.520851176557644,3.35893353819847,0.333587465690309,0.375,0.8125,16
"MOBS-GLEAM_RL_FLUH","16",0.275489279842272,0.514375859166936,1.12319141629759,0.24409880986382,0.739601373990511,0.814900244171467,1.93520119786263,0.411126149866261,0.25,0.9375,16
"MOBS-GLEAM_RL_FLUH","17",0.61441477328839,0.659251954337751,13.0541168770064,0.439890328710233,1.11899126281214,1.10700032004855,19.259112238884,0.627323316687445,0.0625,0.5,16
"MOBS-GLEAM_RL_FLUH","18",0.170122259469549,0.343064803247671,2.2895457356909,0.200888547932684,0.693198422376723,0.750130397524431,3.56824189424515,0.310430963583112,0.4375,0.8125,16
"MOBS-GLEAM_RL_FLUH","19",0.286154157185228,0.787543695471926,1.40113825248559,0.45377241839434,0.559286947497406,0.67940150108875,2.08130098134279,0.640642538482036,0.25,0.6875,16
"MOBS-GLEAM_RL_FLUH","20",0.173274658345141,0.376297495654793,0.74547053268409,0.189543171242125,0.746060448990342,0.77100711531877,1.18421384692192,0.297008631725304,0.4375,1,16
"MOBS-GLEAM_RL_FLUH","21",0.373637545793633,0.382701107273638,4.07999928167981,0.260204076571475,0.672295105270608,0.512248040018671,6.32468736171722,0.4050761572606,0.1875,0.6875,16
"MOBS-GLEAM_RL_FLUH","22",0.634531682390613,0.596588164933252,6.17280421540789,0.277727414558846,1.64813817401578,1.8461130389689,9.25947439670563,0.421063824900786,0.1875,0.6875,16
"MOBS-GLEAM_RL_FLUH","23",0.279552579003144,0.733995216226881,0.772851672154654,0.323861487375002,0.708570900123542,0.83973784691929,1.15750752389431,0.468281047075146,0.5,0.75,16
"MOBS-GLEAM_RL_FLUH","24",0.182164557869593,0.225046899889419,1.66486507835596,0.115987795547291,0.752829410023934,0.811953111460277,2.49304968118668,0.170220011086166,0.75,1,16
"MOBS-GLEAM_RL_FLUH","25",0.324775131352049,0.884988955895647,4.82935526617195,0.591512342692742,0.680563547430614,0.830864821034533,7.10670077800751,0.787288163651768,0.0625,0.5625,16
"MOBS-GLEAM_RL_FLUH","26",0.156951333527062,0.347520641029806,2.78014376515927,0.223143780163056,0.545863377484654,0.662158974633722,4.1265869140625,0.327820341137805,0.5625,0.8125,16
"MOBS-GLEAM_RL_FLUH","27",0.303456354628861,0.649231715675455,3.09873049202335,0.353250800489595,0.398560874204626,0.641050440671928,4.31785187125206,0.514996924453765,0.25,0.625,16
"MOBS-GLEAM_RL_FLUH","28",1.32138576697453,1.31990903629579,8.97344829377921,0.637247524025846,2.19485865714107,1.99768594869164,12.6527936458588,0.841781770138269,0.0625,0.3125,16
"MOBS-GLEAM_RL_FLUH","29",0.564364828486644,0.585489986741915,6.36713962881461,0.360275143044221,2.08055424556763,1.49549878398745,10.1130093336105,0.554474359669421,0.125,0.6875,16
"MOBS-GLEAM_RL_FLUH","30",0.577198041928671,0.992560715565456,1.6345113408099,0.52839081253295,0.686545878373934,0.750618800666945,1.9305925751105,0.700655908084177,0.3125,0.6875,16
"MOBS-GLEAM_RL_FLUH","31",0.432580547333156,1.14697279272806,1.37909923228533,0.61802189008854,0.757206880062904,0.943858078494989,2.05609588325024,0.917981871336593,0.125,0.5,16
"MOBS-GLEAM_RL_FLUH","32",1.29689809931122,1.53509670338749,10.2884564812028,0.469071052739024,1.36484598942143,1.85350825210484,13.1449148654938,0.635096447999668,0.125,0.3125,16
"MOBS-GLEAM_RL_FLUH","33",0.360645340135428,0.754994314920593,0.847327546662358,0.346574230896742,0.948840962042559,0.962864402625569,1.37079728394747,0.560390003959207,0.1875,0.625,16
"MOBS-GLEAM_RL_FLUH","34",0.208309440442398,0.288293562894693,4.11229678135851,0.153916360599564,0.417502757405804,0.484873220301406,5.91383039951324,0.221362308695772,0.625,0.875,16
"MOBS-GLEAM_RL_FLUH","35",0.21703767033431,0.481031640942348,1.10800007645394,0.250045665047098,0.487965505346017,0.651793628408207,1.66586837917566,0.394675295650435,0.375,0.875,16
"MOBS-GLEAM_RL_FLUH","36",0.363868487586412,0.499890711104815,12.1948522041673,0.323085697172047,0.904030777856666,0.955024822665595,18.5877871513367,0.476063067800635,0.25,0.625,16
"MOBS-GLEAM_RL_FLUH","37",0.150193180380961,0.331107437333437,2.6241209462285,0.214086053112581,0.812882762524002,0.879916644028425,4.24857419729233,0.346194416288326,0.4375,0.8125,16
"MOBS-GLEAM_RL_FLUH","38",1.26982217176007,1.4986842219552,3.25482423041259,0.622541817462073,1.20410935036918,1.49246905962903,3.99411340802908,0.829032217613942,0.1875,0.375,16
"MOBS-GLEAM_RL_FLUH","39",0.0970930953474162,0.197605203208759,2.17303122314422,0.132300353544892,0.577258821792079,0.646801200606631,3.58158898353577,0.221719935467628,0.625,1,16
"MOBS-GLEAM_RL_FLUH","40",0.361570086428609,0.338930196920897,3.15628155256095,0.208429228048974,0.911198561312406,0.675545155657207,5.13181835412979,0.338897697947784,0.375,0.9375,16
"MOBS-GLEAM_RL_FLUH","41",0.308747104965312,0.744543259216069,2.27857606451473,0.428355926234,0.73518949234269,0.855825429942901,3.61028236150742,0.629498547173547,0.125,0.75,16
"MOBS-GLEAM_RL_FLUH","42",0.647164059121714,0.527665182599137,27.0619927174112,0.196473729162396,1.71266544295212,2.01420045943797,39.4722051620483,0.28828512323124,0.25,0.8125,16
"MOBS-GLEAM_RL_FLUH","44",0.802008465844932,1.21451678119253,2.3019499895138,0.579140055381934,0.80151492947249,0.932964127584177,2.56422674283385,0.684018253028677,0.0625,0.1875,16
"MOBS-GLEAM_RL_FLUH","45",1.02841658924067,1.33902528758673,9.42357108994671,0.787046008226125,3.18374291359512,2.21828951156937,13.4745614528656,1.04489907051084,0,0.25,16
"MOBS-GLEAM_RL_FLUH","46",0.743478723486887,1.19029520857854,1.80601593345748,0.580291827700315,0.976281641594782,1.16977909481418,2.3900160684716,0.833274328345135,0,0.4375,16
"MOBS-GLEAM_RL_FLUH","47",0.383767234287166,0.359778017000691,5.34014084142187,0.162172401933743,1.01760167483261,1.00959166091068,8.50729191303253,0.260050349047415,0.375,0.9375,16
"MOBS-GLEAM_RL_FLUH","48",0.785962044808561,0.467897784892018,35.2204073586671,0.267925893805999,4.26229737267188,3.56538038567833,56.4826221466064,0.426567089602995,0.125,0.8125,16
"MOBS-GLEAM_RL_FLUH","49",0.599247679997618,0.93254621307883,2.25603754075811,0.416327537715759,0.890750544548466,1.16705875013643,3.14983239024878,0.59784805961473,0.3125,0.625,16
"MOBS-GLEAM_RL_FLUH","50",0.486712268587532,0.807609539729291,0.488114275432599,0.265105819360615,0.873180751444305,0.873436020432022,0.60631125967484,0.356132076208488,0.375,0.6875,16
"MOBS-GLEAM_RL_FLUH","51",0.962107858539728,0.991674759246723,12.7681112457099,0.577015925487161,3.17461815741881,2.43740558464946,17.9825022220612,0.77590492470238,0,0.3125,16
"MOBS-GLEAM_RL_FLUH","53",0.902617426491285,1.02659849478695,9.13017254733521,0.498373507716404,1.20444444186754,1.19621188174105,12.6709440946579,0.663869814162279,0.1875,0.375,16
"MOBS-GLEAM_RL_FLUH","54",0.191872538994491,0.41488627368818,0.950164380056019,0.226256795863726,0.688754803981538,0.843627939388061,1.56988875567913,0.37464264408083,0.25,0.875,16
"MOBS-GLEAM_RL_FLUH","55",0.322900095783768,0.909680228395221,2.77183334053211,0.602612277889981,0.957901983942234,0.892385407452802,4.17390474677086,0.819806330406742,0.0625,0.625,16
"MOBS-GLEAM_RL_FLUH","56",0.48180191782765,0.677562130975879,1.27600480784955,0.333983306199566,0.508413249432151,0.586179730610623,1.84373191744089,0.498934391802197,0.375,0.75,16
"NAU-FourCAT","01",0.347946754285383,0.386363405009222,3.11092391304348,0.188174265091677,1.10174248882093,1.12833705386643,4.6875,0.248782764653366,0.5625,1,16
"NAU-FourCAT","02",0.741640840035945,1.1738023115736,1.16475543478261,0.534673440770972,0.845416875545901,0.945082319936394,1.6875,0.801098489815601,0.4375,0.8125,16
"NAU-FourCAT","04",0.319338652635948,0.321850515385704,6.07339673913043,0.146655682131656,0.575262838753691,0.654862034397966,7.4375,0.190716974343895,0.8125,1,16
"NAU-FourCAT","05",0.348471346471177,0.751765702210443,2.29625,0.448151991186718,1.14772359144289,1.22324840958005,3.9375,0.729316689288342,0.5625,1,16
"NAU-FourCAT","06",0.219489748358553,0.161601249807816,10.2417663043478,0.0691570035384681,0.372729720236559,0.400097241212007,8.4375,0.0566058786262424,1,1,16
"NAU-FourCAT","08",0.443945035444556,0.642909792976421,4.16048913043478,0.355900977296214,0.887991887451685,0.976952709784259,7.375,0.627159974527864,0.1875,1,16
"NAU-FourCAT","09",0.473813893104964,0.880516505314672,3.00084239130435,0.496684726957945,1.57252687207863,1.4089298413826,5.0625,0.827657259131471,0.25,1,16
"NAU-FourCAT","10",0.349105254897653,0.726034282142411,0.823233695652174,0.313753259135547,0.864007638683145,0.87315739202574,1.375,0.530549607305909,0.6875,1,16
"NAU-FourCAT","11",0.663805566150826,1.20161061149223,1.15415760869565,0.522394277046323,1,1,1.8125,0.883708229814495,0.375,1,16
"NAU-FourCAT","12",0.239509649390227,0.151769033730543,9.46521739130435,0.0731931443959016,0.690134111759223,0.681086217265953,9.6875,0.0786141358000452,0.9375,1,16
"NAU-FourCAT","13",0.390805576031926,0.570249758781641,5.83554347826087,0.357223177494087,0.826725092657118,0.847247039192348,9.25,0.485359245361136,0.5,1,16
"NAU-FourCAT","15",0.676833481849,0.700365425340726,3.08994565217391,0.316991088811264,0.693738298603822,0.798927146419559,5,0.511374825894686,0.625,1,16
"NAU-FourCAT","16",0.307796136242078,0.580296736096073,1.25277173913043,0.274115677168585,0.832565929059697,0.904108237708779,2.1875,0.457380707332806,0.4375,1,16
"NAU-FourCAT","17",0.542734938705602,0.835366045311512,11.5704076086957,0.553839091955112,0.943519306084974,1.04249050821346,16.3125,0.589148267984033,0.6875,1,16
"NAU-FourCAT","18",0.265566492246015,0.584088847951462,3.528125,0.335199221200547,0.703627851265559,0.758525889670418,3.625,0.313777237324908,1,1,16
"NAU-FourCAT","19",0.304061750942612,0.728170420143929,1.49815217391304,0.425246321730539,0.688972870573282,0.816189529350025,2.625,0.80187489731551,0.625,1,16
"NAU-FourCAT","20",0.240901760396047,0.547992289476667,1.04864130434783,0.278299250893258,0.968159627552627,0.990360191011795,1.5625,0.389189413651297,0.8125,1,16
"NAU-FourCAT","21",0.625512472774342,1.07732852013145,6.85445652173913,0.73751546907841,1.27645002015921,1.5441918282832,12.0625,1.23879358642748,0.125,1,16
"NAU-FourCAT","22",0.403845936195138,0.363915275085483,3.91576086956522,0.168718025830178,1.12078687635019,1.12226295052878,6.25,0.25353564463855,0.25,1,16
"NAU-FourCAT","23",0.259423254590134,0.623931699328882,0.712228260869565,0.272911001029036,0.617714323668637,0.747097846977814,1,0.413754575408147,0.75,1,16
"NAU-FourCAT","24",0.25101195538651,0.404299530980845,2.28755434782609,0.208113787299885,0.85050686831403,0.981700450748115,2.8125,0.205527727797648,0.75,1,16
"NAU-FourCAT","25",0.392853283981675,0.792196122224569,5.74703804347826,0.51497174294833,1.04152495063985,1.01992532791317,10.75,0.951143782146836,0.3125,1,16
"NAU-FourCAT","26",0.253837567012188,0.573520986130152,4.41589673913044,0.358176724908488,0.735561819025077,0.837566353713624,5.5625,0.413775939277779,0.9375,1,16
"NAU-FourCAT","27",0.328138236755556,0.616637709429387,3.44714673913043,0.347952917659017,0.54197672059254,0.725685233515259,6.0625,0.606016226608713,0.5,1,16
"NAU-FourCAT","28",0.447737105467804,0.53441397668286,3.03377717391304,0.258419332797099,0.786802472976615,0.960318590136678,4.5625,0.408458119254375,0.375,1,16
"NAU-FourCAT","29",0.301490207791115,0.59579379778912,3.41921195652174,0.36894998854702,0.961108002832773,1.02050250909523,4.75,0.387335068777225,0.8125,1,16
"NAU-FourCAT","30",0.432521417858064,0.741182396696032,1.20820652173913,0.387655655205847,0.623042468952737,0.646760291590779,1.75,0.602262260608255,0.6875,0.9375,16
"NAU-FourCAT","31",0.372719713272648,0.828177761445848,1.18195652173913,0.445291513274254,0.714006496047867,0.84137715140536,1.9375,0.819855026843747,0.6875,1,16
"NAU-FourCAT","32",0.51804757242706,0.579171893981128,4.14494565217391,0.178894911457305,0.635484204433586,0.756147641950971,6.1875,0.263070378741457,0.625,1,16
"NAU-FourCAT","33",0.352547041659748,0.721860280779345,0.825679347826087,0.329582743430815,0.908325990686361,0.934338473976674,1.3125,0.543719671763137,0.625,1,16
"NAU-FourCAT","34",0.271394829916877,0.398038688385276,5.34171195652174,0.212998903719383,0.63897729297708,0.710335570048456,9,0.324532466536768,0.4375,1,16
"NAU-FourCAT","35",0.301842905749822,0.595131110872277,1.55502717391304,0.314317386711639,0.810388502917012,0.918366642524143,2.8125,0.567876301235381,0.5,1,16
"NAU-FourCAT","36",0.315191720909166,0.446746395941107,10.5410597826087,0.287517935042722,0.87461669347906,0.920737907904733,18,0.4592619117105,0.5,1,16
"NAU-FourCAT","37",0.190051257385995,0.607231240763328,3.27451086956522,0.386907859794141,0.80206473033619,0.972484049998041,4.125,0.377559083317734,0.9375,1,16
"NAU-FourCAT","38",0.9027599341022,0.930492246779388,2.30638586956522,0.383972286775044,0.890513150568939,0.90445488127416,2.9375,0.497666595419462,0.3125,0.8125,16
"NAU-FourCAT","39",0.228954899914631,0.831265766162012,5.06475543478261,0.551037518098183,0.943224694725212,1.59362711324105,5.9375,0.558426977847491,0.9375,1,16
"NAU-FourCAT","40",0.362950123101137,0.482131065714959,3.18638586956522,0.296522701903843,0.896758399843615,0.856661177854327,5.125,0.435078457618332,0.5,1,16
"NAU-FourCAT","41",0.406325545588151,0.830638232825271,3.0020652173913,0.478021166259658,0.926164016937657,1.01881038546596,4.5625,0.75024294571465,0.375,1,16
"NAU-FourCAT","42",0.530477902414561,0.468499702377464,22.0744836956522,0.17320744695114,1.41034381916884,1.54801585885303,32.375,0.21998556960682,0.4375,1,16
"NAU-FourCAT","44",0.764317371492693,1.19068307874643,2.28407608695652,0.596303602306348,0.906681135948377,0.956475460677362,3,0.731204966034982,0.3125,0.625,16
"NAU-FourCAT","45",0.212936097651171,0.546634540604426,1.91502717391304,0.31565816760177,0.615258363283933,0.746769602921194,2.5625,0.348378765933803,0.8125,1,16
"NAU-FourCAT","46",0.511001256845323,0.796051536061423,1.23836956521739,0.383816140892056,0.814537536647152,0.885937226293164,2,0.628045595729039,0.4375,1,16
"NAU-FourCAT","47",0.259218873548197,0.279109115712566,3.51364130434783,0.122677383497232,0.633197255909747,0.6936863396706,5.1875,0.17537438169324,0.625,1,16
"NAU-FourCAT","48",0.242056856497813,0.197027714485494,10.5391304347826,0.109855239271295,0.985693254929936,1.00955109212652,12.8125,0.119109823411771,0.9375,1,16
"NAU-FourCAT","49",0.451547571077647,0.715910094142802,1.69410326086957,0.318282731866504,0.726360688253569,0.855063691525948,2.5625,0.436046759404318,0.5625,1,16
"NAU-FourCAT","50",0.389985771507604,0.650021640799551,0.391521739130435,0.214230746795676,0.799055136023758,0.765070916813793,0.5625,0.317974770952024,0.75,1,16
"NAU-FourCAT","51",0.185078549242856,0.278812517521363,2.44385869565217,0.162186247142503,0.605117789796129,0.688906995429452,3.4375,0.221413394951245,0.8125,1,16
"NAU-FourCAT","53",0.416525167961239,0.524179976907072,4.15671195652174,0.251736099384869,0.668763542798161,0.767807334503712,6.9375,0.421767905680581,0.4375,1,16
"NAU-FourCAT","54",0.284167590773591,0.562876454862476,1.39434782608696,0.307216731249008,0.857228611362187,0.973349972945396,1.9375,0.432511112436293,0.875,1,16
"NAU-FourCAT","55",0.194216801835007,0.684561953481667,1.62513586956522,0.431162410932882,0.557745348062855,0.888974078961644,2.375,0.786738826688814,0.8125,1,16
"NAU-FourCAT","56",0.669469103454551,1.02580078435452,1.78665760869565,0.505000383605577,0.703111380281364,0.951662239422691,2.5625,0.809236337044034,0.625,0.875,16
"NAU-FourCAT","72",0.538244664983473,0.529019872382227,10.013777173913,0.166487279458273,0.592205225653168,0.675633927778295,14.875,0.253891457069409,0.625,0.9375,16
"NAU-epymorph","01",0.328004221385073,0.314477623995681,2.94951086956522,0.153815117102065,0.994237031264103,1.00138207203513,4.25,0.22182144560258,0.875,1,16
"NAU-epymorph","02",0.850327912568634,1.10612657748255,1.32711956521739,0.500133358306196,1.03254421815098,0.947506942228918,2.0625,0.802167581559534,0.5,1,16
"NAU-epymorph","04",0.474480838209868,0.412953967287927,9.30717391304348,0.193896776470514,0.997081872712333,0.989149609889542,13.25,0.293334011918271,0.6875,1,16
"NAU-epymorph","05",0.411251284808888,0.751065728600527,2.78836956521739,0.459916582211725,1.25972415494508,1.20665676397904,4.4375,0.733519272941352,0.375,0.9375,16
"NAU-epymorph","06",1.0650424463987,0.578436998305246,50.2790760869565,0.248933714539311,3.64888621055955,3.0658742967135,83.5625,0.437443193917173,0.1875,1,16
"NAU-epymorph","08",0.692015516743224,0.801255805094675,6.47350543478261,0.440500925446327,1.27069507979539,1.18152486813803,10.5,0.750532740990316,0.125,1,16
"NAU-epymorph","09",0.363619010100692,0.691069800490324,2.30005434782609,0.388752951267335,1.16882640866902,1.10133862041121,3.75,0.643609889908364,0.375,1,16
"NAU-epymorph","10",0.359969808538614,0.715899041381489,0.861521739130435,0.313741498238661,0.777577478638678,0.817452357446058,1.25,0.50195078797796,0.6875,1,16
"NAU-epymorph","11",0.536681888063184,0.843238611011643,0.931059782608696,0.366173193329719,0.753935857165554,0.649919855560511,1.375,0.580456338319519,0.5625,1,16
"NAU-epymorph","12",0.369931615706456,0.22924831502711,14.6507065217391,0.110728764075265,1.22230540976119,1.17510755288272,16.8125,0.132918084716141,0.75,1,16
"NAU-epymorph","13",0.507920655837974,0.579197260554771,7.80934782608696,0.371128574175178,1.09646285532193,1.03907154961379,12.5625,0.603861163014218,0.3125,0.875,16
"NAU-epymorph","15",1.70438628758179,1.13002779143537,8.23842391304348,0.536456941610834,1.65473998236353,1.22580462548262,12.625,0.818907857333709,0.1875,0.6875,16
"NAU-epymorph","16",0.404243770828846,0.643755518873,1.64975543478261,0.304814246425329,0.903262296717525,0.958237830184043,2.375,0.484954930760232,0.5625,1,16
"NAU-epymorph","17",0.477142101809426,0.473465554980053,10.1111141304348,0.312704306708861,0.856402527129185,0.848677423154632,14.6875,0.476880210925256,0.5,0.875,16
"NAU-epymorph","18",0.228168035922738,0.403230135448152,3.09198369565217,0.236352787301747,0.91671970187348,0.938406881305212,4.75,0.390157465462113,0.6875,1,16
"NAU-epymorph","19",0.45539770072228,0.89423742715492,2.23353260869565,0.517135680957418,0.922753333415817,0.82377311288812,3.4375,0.77851902549624,0.5,0.9375,16
"NAU-epymorph","20",0.208771609048336,0.407564546272979,0.920244565217391,0.209498466207547,0.733735369367709,0.714961218957079,1.1875,0.282307196139575,0.9375,1,16
"NAU-epymorph","21",0.564841778735424,0.694494289350467,6.1804347826087,0.474635783247916,1.07296809578305,0.98766808158476,10.125,0.786237231512865,0.0625,0.75,16
"NAU-epymorph","22",0.425005557950825,0.321153188215129,4.09483695652174,0.14761988615506,0.876385822485759,0.83318473077017,4.8125,0.185437481121809,0.8125,1,16
"NAU-epymorph","23",0.371104268859689,0.751206496575252,1.0216847826087,0.329451770156608,0.848842509771512,0.913454343495824,1.375,0.506277129793082,0.6875,1,16
"NAU-epymorph","24",0.462033041416079,0.443269146670301,4.214375,0.227430604912248,1.82401502210605,1.6922111532553,6,0.352147370528485,0.4375,1,16
"NAU-epymorph","25",0.355847239993535,0.773713266486834,5.25171195652174,0.510170510128841,0.835424164501999,0.895087162824966,8.6875,0.841280193595858,0.125,0.9375,16
"NAU-epymorph","26",0.214042163821239,0.376901832043578,3.75440217391304,0.239500698028397,0.732675891028271,0.774440227496002,5.5,0.38188949255669,0.625,1,16
"NAU-epymorph","27",0.60565449708055,0.878966870967184,6.36342391304348,0.495088876685067,0.938377366142896,1.00060690043664,10.4375,0.827173673790634,0.0625,0.9375,16
"NAU-epymorph","28",0.660234834842969,0.653777184319089,4.45953804347826,0.313763475643654,1.27253132029011,1.32050998524023,7.3125,0.555397174433924,0.375,1,16
"NAU-epymorph","29",0.283537754703359,0.425180840183999,3.23399456521739,0.264677989212433,1.08092943902012,1.14568032747806,5.3125,0.430934657155922,0.5625,1,16
"NAU-epymorph","30",0.389358016787892,0.629904467530488,1.08192934782609,0.327854296830993,0.625022298072321,0.612268387729632,1.75,0.566302001551782,0.625,0.9375,16
"NAU-epymorph","31",0.573068809619403,1.30908074571164,1.79399456521739,0.699219220309011,1.0642679446439,1.18954675140998,2.875,1.15610261156803,0.1875,1,16
"NAU-epymorph","32",2.05945016713623,1.44480073834882,16.7544836956522,0.451618904580728,2.66425543551642,2.05639749551181,26.3125,0.720733704982974,0.125,0.75,16
"NAU-epymorph","33",0.326961963695467,0.664375390975924,0.770326086956522,0.305425860079977,0.733854695178819,0.770971628711671,1.0625,0.44971483446462,0.625,1,16
"NAU-epymorph","34",0.370126218597485,0.422056827189898,7.35415760869565,0.226790536410878,0.823245832210782,0.858601575659942,11.6875,0.394149760421968,0.375,1,16
"NAU-epymorph","35",0.399229821255018,0.690382899728606,2.06432065217391,0.365061329650087,0.968949155190254,1.03243102275255,3.375,0.639090943934654,0.4375,1,16
"NAU-epymorph","36",0.259851119330616,0.342517959068617,8.68277173913044,0.220088511686814,0.649489047945449,0.716317217449108,13.3125,0.355813014136943,0.5625,0.9375,16
"NAU-epymorph","37",0.169141523210692,0.344458246318529,2.93209239130435,0.220411679565171,0.831911741188045,0.904795724344621,4.3125,0.353085943386759,0.6875,1,16
"NAU-epymorph","38",0.704937900221102,0.737530624111806,1.81785326086957,0.307334082758509,0.904054399972728,0.908732364457569,3,0.503545752234403,0.5,1,16
"NAU-epymorph","39",0.11726861024845,0.236198670466733,2.59241847826087,0.155780158311814,0.525716091773071,0.593619890921797,3.1875,0.198268265000675,0.8125,1,16
"NAU-epymorph","40",0.412825042021592,0.564571207075225,3.6151902173913,0.34667040988546,1.05252043704166,1.11994515743769,6,0.567690112098575,0.375,1,16
"NAU-epymorph","41",0.660813049266881,1.13309282444401,4.8989402173913,0.653666160323146,1.48374570273671,1.29723224360897,7.3125,0.956554507649162,0.375,0.8125,16
"NAU-epymorph","42",0.547061346704477,0.455513720453089,22.8375815217391,0.169242802143594,1.72581870058577,2.03996835989006,39.6875,0.290835006596435,0.5,1,16
"NAU-epymorph","44",0.61344033905635,0.904930115329611,1.82777173913043,0.450634028388915,0.75167241669635,0.839263549646194,2.5,0.645824237672334,0.5,1,16
"NAU-epymorph","45",0.207939082297334,0.39517998977871,1.89915760869565,0.231139171727804,0.606812958651574,0.717432370495204,2.5625,0.338947220890866,0.75,1,16
"NAU-epymorph","46",0.507437806938953,0.788023492273248,1.24663043478261,0.383937578481364,0.835185501072172,0.891378793658391,2.0625,0.635407035457563,0.625,1,16
"NAU-epymorph","47",0.384190872360101,0.361009419037289,5.27138586956522,0.160201899769908,0.908382027476579,0.971894582140296,7.5,0.247415773107068,0.75,1,16
"NAU-epymorph","48",0.688135636471107,0.379422408944168,30.1427445652174,0.211828521263579,3.89528206372308,3.26850600038814,50.6875,0.384838838809452,0.125,1,16
"NAU-epymorph","49",0.67057235431422,0.691495781301218,2.50122282608696,0.301812578209291,1.07854472353922,0.982784953568853,3.75,0.488955873634411,0.5625,1,16
"NAU-epymorph","50",0.491258237309962,0.803107929875498,0.488641304347826,0.262153621733228,1.17951530993615,1.168574036396,0.8125,0.473281436563774,0.875,1,16
"NAU-epymorph","51",0.293909645559295,0.345606384340603,3.88192934782609,0.200553838119536,0.976004626619627,1.01224647984329,5.5,0.322046886869527,0.625,1,16
"NAU-epymorph","53",0.850571718953006,0.875295602831273,8.58510869565217,0.423785707859651,1.27890491477865,1.24624624954898,13.4375,0.691016628161845,0.1875,0.8125,16
"NAU-epymorph","54",0.243700069995858,0.448096743436496,1.18850543478261,0.241137828631867,0.781864119818317,0.811059063103136,1.75,0.352965045045175,0.75,1,16
"NAU-epymorph","55",0.203676277246895,0.529995527219724,1.72070652173913,0.342710755555308,0.580541804951097,0.567717009924225,2.5,0.516881532245607,0.5625,0.9375,16
"NAU-epymorph","56",0.72827660011072,0.984919003066241,1.98698369565217,0.496706848893721,0.872732862056516,0.953926273958767,3.25,0.828505172022442,0.3125,1,16
"NAU-epymorph","72",1.30311666364118,1.004155124807,24.0069836956522,0.312773541556879,1.48850144927435,1.31331399621538,36.9375,0.488004188225585,0.25,0.875,16
"NAU-vulPES","01",0.362933991550668,0.392300347357491,3.25494565217391,0.191932058840702,1.24084361198643,1.3208472177034,5.3125,0.29359169879267,0.625,1,16
"NAU-vulPES","02",0.752237601523662,1.10088542825431,1.18084239130435,0.501669704655444,1.00421469620385,1.03860934632801,2,0.878898164743487,0.4375,1,16
"NAU-vulPES","04",0.356802998188002,0.360601339100829,6.76173913043478,0.163256911292188,0.799610110617304,0.884532938659421,10.1875,0.251835058592891,0.5625,1,16
"NAU-vulPES","05",0.308840608685127,0.610236990147996,2.05752717391304,0.370645624344585,1.00542202226043,1.02632595600299,3.5,0.622892158789681,0.375,1,16
"NAU-vulPES","06",0.260818399040818,0.196684448996387,12.2645108695652,0.0850055113122643,0.305966811702996,0.35317995398638,7.1875,0.0522728688178934,1,1,16
"NAU-vulPES","08",0.399246649312682,0.546608429803016,3.75095108695652,0.302753671953568,0.772219729129053,0.835501232465936,6.4375,0.5368148063566,0.3125,1,16
"NAU-vulPES","09",0.282022480138775,0.604199370447004,1.78201086956522,0.340814337575443,0.933691821250292,0.972962377472277,3,0.572202643050503,0.5,1,16
"NAU-vulPES","10",0.309676244083094,0.633109964683766,0.731630434782609,0.274047347052064,0.670447588652368,0.703714820232364,1.0625,0.425926080207679,0.8125,1,16
"NAU-vulPES","11",0.667093581346108,1.20061638654104,1.158125,0.520888228205663,1.00396781332386,1.00275444953201,1.8125,0.883708229814495,0.5,0.9375,16
"NAU-vulPES","12",0.311348091891641,0.218513034318098,12.2595923913043,0.105049805814677,1.12559401825521,1.14878826573644,15.6875,0.131229301932715,0.8125,1,16
"NAU-vulPES","13",0.412839033725891,0.530864498448264,6.15866847826087,0.332480121136081,0.850442143926418,0.879942739339162,9.5,0.502721260161258,0.375,1,16
"NAU-vulPES","15",0.97279096342813,0.872072260577282,4.5360597826087,0.401360548920719,1.01766827230897,1.03599127224147,7.5,0.673987908727417,0.3125,0.9375,16
"NAU-vulPES","16",0.341614627718677,0.580310369711651,1.39883152173913,0.275885454606228,0.797682738758565,0.871711630388088,2.125,0.446483620636258,0.6875,1,16
"NAU-vulPES","17",0.536564167243444,0.575080143442516,11.3804076086957,0.378758580962032,0.97612895739159,1.04240436580056,16.75,0.584531722579521,0.5,0.8125,16
"NAU-vulPES","18",0.19590797704993,0.359768617954931,2.61391304347826,0.207916353219895,0.746297181635983,0.789876887590324,3.8125,0.3247111818382,0.8125,1,16
"NAU-vulPES","19",0.35019729382904,0.814436866126709,1.72521739130435,0.474580432725965,0.810846331215794,0.91444380272436,3.0625,0.886407865981077,0.4375,1,16
"NAU-vulPES","20",0.242827533933534,0.563027561689699,1.06016304347826,0.286077367587507,1.12858540917435,1.21578295498027,1.8125,0.473574120807798,0.75,1,16
"NAU-vulPES","21",0.662131100185627,0.922071726576764,7.25146739130435,0.631180851372156,1.21925270943043,1.29584040502635,11.5,1.03218451973771,0.0625,0.75,16
"NAU-vulPES","22",0.405378774580433,0.369188019112141,3.93046195652174,0.171366934467612,1.19069185182745,1.22251736501963,6.6875,0.278435903893163,0.4375,1,16
"NAU-vulPES","23",0.295043921029389,0.634061238195546,0.807690217391304,0.276420438717317,0.74245818521881,0.827662528896085,1.1875,0.452266209122136,0.8125,1,16
"NAU-vulPES","24",0.228754013782662,0.307918940627663,2.07453804347826,0.157910656569908,0.856073069108129,0.955784601923403,2.8125,0.198905941672062,0.8125,1,16
"NAU-vulPES","25",0.294792616885307,0.677117114691183,4.34290760869565,0.446369358787816,0.745121448090893,0.844386248664234,7.75,0.794716505391684,0.1875,1,16
"NAU-vulPES","26",0.183935563329453,0.356758662898571,3.21728260869565,0.225420754356166,0.561634516744348,0.668874951947026,4.25,0.331983105727239,0.75,1,16
"NAU-vulPES","27",0.396355722044698,0.637655645391416,4.14682065217391,0.358939347444234,0.658672382724112,0.773051143172796,7.3125,0.640937448083536,0.3125,1,16
"NAU-vulPES","28",0.35837229488486,0.407635353802066,2.41961956521739,0.195986697253421,0.612500770380376,0.714038987553656,3.5625,0.304525206917807,0.625,1,16
"NAU-vulPES","29",0.288444009915731,0.461880454464519,3.27899456521739,0.286628621862858,1.08480202683712,1.14027123021638,5.3125,0.42656013391717,0.5,1,16
"NAU-vulPES","30",0.529315952744583,0.879015688328848,1.46820652173913,0.458713595392844,0.831652659047462,0.841257711373747,2.3125,0.778100430405757,0.5,0.9375,16
"NAU-vulPES","31",0.41293167048109,0.920564711045935,1.31173913043478,0.495502570018293,0.788203733507538,0.885283221240069,2.125,0.858366660557735,0.5625,0.9375,16
"NAU-vulPES","32",0.520455916863382,0.503537304396405,4.22619565217391,0.157774833518981,0.592254730532368,0.651672770308275,5.875,0.230288737883092,0.6875,1,16
"NAU-vulPES","33",0.343948970531967,0.708591108102116,0.804320652173913,0.323152773030848,0.904913679639679,0.930637093943708,1.3125,0.543719671763137,0.625,1,16
"NAU-vulPES","34",0.235706518674223,0.301867163789572,4.64717391304348,0.161557529274896,0.51005883160821,0.579425358264392,7.1875,0.264647714603188,0.8125,1,16
"NAU-vulPES","35",0.304105064237418,0.560759129505777,1.57891304347826,0.296136049751169,0.706905197080181,0.78330751218536,2.5,0.488710191434494,0.5,1,16
"NAU-vulPES","36",0.26782193642656,0.353165537170805,8.95195652173913,0.227302403938185,0.711268318235655,0.772210077231465,14.5625,0.383341543254282,0.4375,1,16
"NAU-vulPES","37",0.135928516970418,0.299422371388352,2.34557065217391,0.191114973286198,0.570710431276125,0.643254075924824,2.9375,0.249630409331273,0.8125,1,16
"NAU-vulPES","38",0.830218825193361,0.894269593857247,2.13078804347826,0.370687595998624,0.995924314952279,1.06246506313327,3.3125,0.589691139201323,0.4375,0.875,16
"NAU-vulPES","39",0.139054690164619,0.307597399716101,3.06872282608696,0.203019299095325,0.647834307463824,0.77868903933123,3.9375,0.260929946813978,0.875,1,16
"NAU-vulPES","40",0.411303203767547,0.559006164607693,3.60788043478261,0.343734064505179,1.08803897517147,1.11901401369986,6.1875,0.564667768636488,0.3125,1,16
"NAU-vulPES","41",0.374164825226977,0.786755912341578,2.76728260869565,0.453539429802516,0.887502458084553,0.969818921931577,4.375,0.715100391052924,0.5,0.875,16
"NAU-vulPES","42",0.511503839214885,0.421586291314706,21.2449456521739,0.155611947376943,1.49981536485788,1.67953246536338,34.3125,0.237836906706419,0.5625,1,16
"NAU-vulPES","44",0.599783231571609,0.932103579259978,1.76366847826087,0.460187732424118,0.800634747425469,0.879382143379778,2.625,0.667644447308257,0.375,0.9375,16
"NAU-vulPES","45",0.202251108282916,0.395443938882798,1.8225,0.22864025502676,0.677405105473461,0.783877284786824,2.8125,0.364304558102773,0.6875,1,16
"NAU-vulPES","46",0.538223615371796,0.818514086757542,1.31565217391304,0.397953899123238,0.915578740635843,0.945125409060883,2.25,0.669885011600453,0.625,1,16
"NAU-vulPES","47",0.2745626553838,0.287984521024877,3.72214673913043,0.126676746969586,0.580672508493655,0.643298508845419,4.75,0.16204905786957,0.8125,1,16
"NAU-vulPES","48",0.220340712097964,0.171248716139314,9.58285326086957,0.0954612735121863,0.571723872402961,0.591610984574639,7.3125,0.068451875122964,1,1,16
"NAU-vulPES","49",0.447052783281712,0.62049307923073,1.67127717391304,0.274578690084356,0.778236167725109,0.896551209517661,2.75,0.457574284796217,0.5625,1,16
"NAU-vulPES","50",0.39293919546107,0.657885795820792,0.392364130434783,0.21558710208817,1,1,0.6875,0.404618168522017,0.75,1,16
"NAU-vulPES","51",0.19098303071833,0.264047737946365,2.51711956521739,0.153253418615245,0.653013757861765,0.71717111955872,3.6875,0.228930053346139,0.75,1,16
"NAU-vulPES","53",0.428975227983451,0.517594930461224,4.28184782608696,0.248640409884605,0.663525740579613,0.756920272836366,6.875,0.415161002279198,0.4375,1,16
"NAU-vulPES","54",0.235865251083403,0.496866385134045,1.16076086956522,0.271615950049404,0.79186834048265,0.939739779108009,1.8125,0.423388992897351,0.75,1,16
"NAU-vulPES","55",0.172141132844685,0.555138424271935,1.45027173913043,0.357637944911746,0.549949671880673,0.71061056861376,2.375,0.644970100749595,0.5625,1,16
"NAU-vulPES","56",0.615266614674826,0.875615495485551,1.65573369565217,0.436879987248346,0.679442493949494,0.789251535890997,2.5,0.681046207846651,0.375,0.9375,16
"NAU-vulPES","72",0.816951865528561,0.701748208401675,15.1485869565217,0.220075734268013,0.886168379259187,0.907630465473571,22.125,0.339340454193249,0.5,0.9375,16
"NEU_ISI-AdaptiveEnsemble","01",0.284644196788987,0.281250264787528,2.46628762541806,0.130313319712493,0.909486900164777,0.91131914688375,3.76923076923077,0.191513262463598,0.615384615384615,1,13
"NEU_ISI-AdaptiveEnsemble","02",0.793093864591441,1.20781206060365,1.30501672240803,0.569787825914275,0.734608237595727,0.734632375898526,1.53846153846154,0.638872588209291,0.230769230769231,0.615384615384615,13
"NEU_ISI-AdaptiveEnsemble","04",0.533044917681681,0.571312506572329,9.60314381270903,0.220434115185046,1.59393002624931,1.9045630029577,18.7692307692308,0.43202481052327,0.615384615384615,1,13
"NEU_ISI-AdaptiveEnsemble","05",0.376743658071121,0.728789580186038,2.22073578595318,0.349234668406428,1.21978474970334,1.2992438796515,3.76923076923077,0.614816161115239,0.307692307692308,1,13
"NEU_ISI-AdaptiveEnsemble","06",0.238187057441799,0.177286128235743,10.9454515050167,0.0699188354601351,0.503792331508011,0.560866699026313,11,0.0716624150750843,1,1,13
"NEU_ISI-AdaptiveEnsemble","08",0.259085643817027,0.424833270388978,2.56140468227425,0.22660286739264,0.497483227231071,0.640956450322228,4.30769230769231,0.37696786957706,0.230769230769231,1,13
"NEU_ISI-AdaptiveEnsemble","09",0.553204548741054,1.1723472301055,3.69103678929766,0.684241044852975,1.49251148293377,1.44454532835885,5.23076923076923,0.907739041340155,0,0.384615384615385,13
"NEU_ISI-AdaptiveEnsemble","10",0.396459755628441,0.854576411714885,0.972441471571906,0.374354118660854,0.911366291998279,0.929527560645782,1.53846153846154,0.568475494478956,0.461538461538462,0.769230769230769,13
"NEU_ISI-AdaptiveEnsemble","11",0.399115210506334,0.642739271097726,0.601404682274247,0.254326208076081,0.589719437181855,0.449096750696369,0.923076923076923,0.360163940548017,0.692307692307692,1,13
"NEU_ISI-AdaptiveEnsemble","12",0.271153101163816,0.170316091986285,10.5936789297659,0.077517574595067,0.566129227323619,0.524973990950115,8.15384615384615,0.0591529316985516,1,1,13
"NEU_ISI-AdaptiveEnsemble","13",0.349226428684454,0.420735069481554,5.16254180602007,0.254887002023246,0.742360363052227,0.751393653992283,8.23076923076923,0.405432603215301,0.230769230769231,0.846153846153846,13
"NEU_ISI-AdaptiveEnsemble","15",1.03766779953681,1.05817131353542,4.38164251207729,0.471442322740126,0.808642231509858,0.988468393226478,5.44444444444444,0.618227244293721,0.222222222222222,0.555555555555556,9
"NEU_ISI-AdaptiveEnsemble","16",0.370338932203771,0.628464565647721,1.44879598662207,0.266784225982323,0.914733578266308,0.946894694508693,2.23076923076923,0.409181017971999,0.307692307692308,0.769230769230769,13
"NEU_ISI-AdaptiveEnsemble","17",0.599917093128403,0.629659403138059,14.1550501672241,0.423904569415488,1.00506744862389,1.10549668587868,19.4615384615385,0.633075671290531,0.538461538461538,0.615384615384615,13
"NEU_ISI-AdaptiveEnsemble","18",0.204856989211739,0.386456859594203,2.6642474916388,0.208238795079486,0.901279650759812,0.927095398290138,4.38461538461539,0.338705462718612,0.692307692307692,1,13
"NEU_ISI-AdaptiveEnsemble","19",0.255711025045191,0.776489046923399,1.38257525083612,0.485632025327922,0.4531617042053,0.626479812801278,1.92307692307692,0.651685911272815,0.307692307692308,0.692307692307692,13
"NEU_ISI-AdaptiveEnsemble","20",0.11538913137511,0.20072465518833,0.490033444816054,0.098088155053094,0.439387714558455,0.39732220661435,0.692307692307692,0.145063536789779,1,1,13
"NEU_ISI-AdaptiveEnsemble","21",0.383882601956533,0.393285890778723,4.26648829431438,0.270890307912316,0.689038398272019,0.519634878691958,6.61538461538461,0.417348510558479,0.230769230769231,0.846153846153846,13
"NEU_ISI-AdaptiveEnsemble","22",0.443253889851017,0.408495180584904,3.99765886287625,0.17658790418645,1.28155545555705,1.3435411423602,6.61538461538461,0.279282159480861,0.230769230769231,1,13
"NEU_ISI-AdaptiveEnsemble","23",0.255896560781547,0.650986631759613,0.711939799331104,0.280253095101228,0.566717559937234,0.691931966497651,0.923076923076923,0.367313017137191,0.615384615384615,0.923076923076923,13
"NEU_ISI-AdaptiveEnsemble","24",0.327517774112428,0.46697602209606,3.06685618729097,0.240357905399256,1.37715781697801,1.74852040506701,4.76923076923077,0.371863203091957,0.307692307692308,0.769230769230769,13
"NEU_ISI-AdaptiveEnsemble","25",0.40969309645475,0.945634648646739,5.83036789297659,0.500432738788345,0.972447712823755,1.03657253098635,9.61538461538461,0.769865039706914,0.153846153846154,0.769230769230769,13
"NEU_ISI-AdaptiveEnsemble","26",0.234560819741667,0.424008183721904,3.8342474916388,0.231038885251819,0.870689258474284,0.91148192600171,5.76923076923077,0.353284018646867,0.692307692307692,0.923076923076923,13
"NEU_ISI-AdaptiveEnsemble","27",0.15638290376904,0.285484135324707,1.60745819397993,0.131935244189389,0.202513897878539,0.297077450481598,2.15384615384615,0.19006806599545,0.769230769230769,1,13
"NEU_ISI-AdaptiveEnsemble","28",0.367185300612228,0.438127352868594,2.44528428093646,0.186006996818626,0.730684165652039,0.904733662878497,4.07692307692308,0.326305572629076,0.538461538461538,1,13
"NEU_ISI-AdaptiveEnsemble","29",0.272544328675124,0.355331287010543,3.04010033444816,0.220387817932827,0.895663715266015,0.835002234766613,4.30769230769231,0.310094380073678,0.461538461538462,0.769230769230769,13
"NEU_ISI-AdaptiveEnsemble","30",0.470845501139913,0.843097539197807,1.07822742474916,0.391594404351993,0.662901285136574,0.656055931771451,1.38461538461538,0.507051825539128,0.307692307692308,0.692307692307692,13
"NEU_ISI-AdaptiveEnsemble","31",0.576121846437116,1.56059500318128,1.69364548494983,0.823496088061579,0.848344636873727,1.02951146616068,2.15384615384615,0.986922950542167,0.153846153846154,0.153846153846154,13
"NEU_ISI-AdaptiveEnsemble","32",0.595390863049743,0.616749696545676,3.38808695652174,0.156871146749353,0.842816313136678,0.953502210206375,6,0.276618908030902,0.4,1,5
"NEU_ISI-AdaptiveEnsemble","33",0.484049889195402,1.00699765782363,1.17862876254181,0.474671033190354,1.09523551703683,1.15512475098083,1.69230769230769,0.700383065870643,0.230769230769231,0.846153846153846,13
"NEU_ISI-AdaptiveEnsemble","34",0.29809149581051,0.402543601836858,5.85652173913043,0.206390151951581,0.626291268030642,0.693959632937568,9.07692307692308,0.313320712795072,0.230769230769231,0.923076923076923,13
"NEU_ISI-AdaptiveEnsemble","35",0.405770298459241,0.774097251610116,2.27444816053512,0.416909054543187,0.80990842196545,0.874418463278227,3.07692307692308,0.545573001532396,0.230769230769231,0.615384615384615,13
"NEU_ISI-AdaptiveEnsemble","36",0.400989816900884,0.471927346000786,14.1147826086957,0.302873776390998,1.17116631847875,1.05898498050349,25.9230769230769,0.529507218081052,0.384615384615385,1,13
"NEU_ISI-AdaptiveEnsemble","37",0.115526193246963,0.256889979996654,2.01334448160535,0.159785793116014,0.58720368068882,0.668741580347033,3.15384615384615,0.256916953272464,0.538461538461538,0.923076923076923,13
"NEU_ISI-AdaptiveEnsemble","38",1.17952144580297,1.27165107166601,3.32387959866221,0.568416402908913,1.08608883572982,1.19910043964866,4.07692307692308,0.73536007070361,0.307692307692308,0.384615384615385,13
"NEU_ISI-AdaptiveEnsemble","39",0.150791365178901,0.272035329069381,3.44020066889632,0.17665809158394,0.885695606404808,0.863719090576992,5.69230769230769,0.286283046112638,0.538461538461538,1,13
"NEU_ISI-AdaptiveEnsemble","40",0.522275197961297,0.638255828852066,4.4743143812709,0.387668879519664,1.10329151548696,1.11064116871203,6.15384615384615,0.554516086161056,0,0.461538461538462,13
"NEU_ISI-AdaptiveEnsemble","41",0.411235929004553,0.961038905492161,3.22903010033445,0.581792459082923,0.895569346378685,0.985028386722428,4.69230769230769,0.76153004366909,0.461538461538462,0.538461538461538,13
"NEU_ISI-AdaptiveEnsemble","42",0.520747460015361,0.419326297754063,21.723110367893,0.148562418605995,1.52878821933973,1.71487184981193,35.4615384615385,0.23629278972878,0.461538461538462,1,13
"NEU_ISI-AdaptiveEnsemble","44",0.647529162635453,1.01774731079034,1.96792642140468,0.505930987048488,0.748510307685803,0.859422073247954,2.53846153846154,0.643711082691469,0.230769230769231,0.615384615384615,13
"NEU_ISI-AdaptiveEnsemble","45",0.160732355230943,0.340435952597129,1.42605351170569,0.19165042468618,0.559721897632153,0.680687822233485,2.30769230769231,0.305976156918886,0.615384615384615,1,13
"NEU_ISI-AdaptiveEnsemble","46",0.655440449135149,1.03616220568829,1.72876254180602,0.536791808115868,0.931620965924715,0.964747331462263,2.53846153846154,0.73936674689386,0.307692307692308,0.461538461538462,13
"NEU_ISI-AdaptiveEnsemble","47",0.252070151546664,0.254473940442219,3.488127090301,0.111183574427919,0.528238035176705,0.573655733223302,4.53846153846154,0.148413135692478,0.692307692307692,1,13
"NEU_ISI-AdaptiveEnsemble","48",0.259154130044887,0.223887955146133,11.0468227424749,0.115874104673981,1.5496286782469,1.76135430360135,20,0.195360074171479,0.769230769230769,1,13
"NEU_ISI-AdaptiveEnsemble","49",0.469532620879866,0.628731740201705,1.82130434782609,0.271057360159308,0.669840036039852,0.734814301106252,2.46153846153846,0.366714541189579,0.230769230769231,0.538461538461538,13
"NEU_ISI-AdaptiveEnsemble","50",0.444279350909153,0.729671087485575,0.496254180602007,0.26604038187481,0.764924358583676,0.71948667716935,0.615384615384615,0.338034550359418,0.692307692307692,0.846153846153846,13
"NEU_ISI-AdaptiveEnsemble","51",0.135335049320716,0.20692756078845,1.63103678929766,0.10713384482814,0.42796384221841,0.506597145874769,2.07692307692308,0.133752947354039,1,1,13
"NEU_ISI-AdaptiveEnsemble","53",0.659483103288353,0.844161836307155,6.7885618729097,0.402887574790513,0.874596720928424,0.97059658446595,9.46153846153846,0.537971154646679,0.230769230769231,0.538461538461538,13
"NEU_ISI-AdaptiveEnsemble","54",0.339944232731176,0.854464736622683,1.77150501672241,0.476814617685797,1.03788802987525,1.58804524377012,2.53846153846154,0.735668421457333,0.307692307692308,0.692307692307692,13
"NEU_ISI-AdaptiveEnsemble","55",0.144978020077828,0.37310667513515,1.15866220735786,0.187673600926172,0.566779864415059,0.559238966238373,2.30769230769231,0.38138425706099,0.692307692307692,1,13
"NEU_ISI-AdaptiveEnsemble","56",0.747406257993052,0.978596316537817,1.88213043478261,0.403599585973355,0.689868585855042,0.776668105034033,2.4,0.549306144334055,0.5,0.8,10
"NEU_ISI-FluBcast","01",0.509159044965449,0.523454998028148,4.57122282608696,0.256191917297121,1.43451019731588,1.57992096931096,6.125,0.350202944888528,0.25,0.4375,16
"NEU_ISI-FluBcast","02",0.589707827921984,1.06120877230162,1.06907608695652,0.537093010985251,0.774233364585647,0.855849137888188,1.75,0.78644614244479,0.375,0.5,8
"NEU_ISI-FluBcast","04",0.550000013893145,0.572309538376565,10.1867119565217,0.251520238129903,1.23279714372424,1.40557432324508,15.4375,0.388653704530182,0.125,0.5625,16
"NEU_ISI-FluBcast","05",0.334903518846083,0.647824937021304,2.15785326086957,0.379277118780513,0.933249590292266,0.975995129116473,3.125,0.567424991447978,0.1875,0.75,16
"NEU_ISI-FluBcast","06",0.856922687762366,0.783491356799442,40.4444565217391,0.340015792193634,2.23321690313899,3.06814066393031,51.125,0.440752069801487,0,0.0625,16
"NEU_ISI-FluBcast","08",0.103095447328161,0.197814595785386,0.939266304347826,0.106579591281686,0.172194375878873,0.245200867577101,1.375,0.151083449636749,0.8125,1,16
"NEU_ISI-FluBcast","09",0.262547178983606,0.635391241422905,1.65676630434783,0.358409549411368,0.775428428834834,0.856547571568762,2.5,0.506426211413082,0.25,0.625,16
"NEU_ISI-FluBcast","12",0.496433338062592,0.357156619610879,19.442527173913,0.170675976693496,1.94479153948056,2.08619713302616,27.0625,0.237871906831419,0.1875,0.5,16
"NEU_ISI-FluBcast","13",0.453376674239245,0.552726799279454,6.65149456521739,0.340477795184193,0.754498966630262,0.797502310304609,8.3125,0.449717986635251,0.1875,0.5625,16
"NEU_ISI-FluBcast","15",0.833556147431187,0.852332110038577,3.31804347826087,0.367028483909272,0.715170982668618,0.879251188978928,4.5,0.533406345274332,0.416666666666667,0.666666666666667,12
"NEU_ISI-FluBcast","16",0.310916260483125,0.564125975124059,1.27722826086957,0.268665754864309,0.793653456959642,0.896658651709264,2.0625,0.44796590354984,0.5625,0.875,16
"NEU_ISI-FluBcast","17",0.78100954534824,0.930875549567315,16.6857880434783,0.616354120548386,1.08860482397386,1.33263435199173,18.8125,0.75108465366146,0.1875,0.375,16
"NEU_ISI-FluBcast","18",0.195975230329315,0.375638803415703,2.58217391304348,0.215258422774541,0.782820081468463,0.813522359349488,3.9375,0.329328321381639,0.375,0.75,16
"NEU_ISI-FluBcast","19",0.251030793553733,0.775768336525687,1.33184782608696,0.456944906627742,0.421069575199593,0.585144795870858,1.66666666666667,0.544869101457487,0.333333333333333,0.583333333333333,12
"NEU_ISI-FluBcast","20",0.245654639763058,0.51610389616915,1.07502717391304,0.264837396190069,0.970775687996989,0.99452411480021,1.5625,0.387636598651477,0.3125,0.75,16
"NEU_ISI-FluBcast","21",0.810737303826864,1.00448099995049,7.90423913043478,0.583527353128676,1.08882019602654,1.05453998865291,9.08333333333333,0.686143772976775,0,0.166666666666667,12
"NEU_ISI-FluBcast","22",0.614785624985864,0.542236339965848,6.08372282608696,0.256825543514626,1.27776722571928,1.34851543517452,7.25,0.310503024941164,0.1875,0.3125,16
"NEU_ISI-FluBcast","23",0.30746322368278,0.817436372420467,0.83241847826087,0.353399089353847,0.794458629847903,0.911487605529167,1.25,0.489708751092191,0.25,0.75,16
"NEU_ISI-FluBcast","24",0.55781950820785,0.916308662511679,5.12029891304348,0.475155520010922,2.05695656651188,3.12867431381494,6.8125,0.656935961815834,0.0625,0.375,16
"NEU_ISI-FluBcast","25",0.225600822513303,0.724079104094149,3.36597826086957,0.487595027922905,0.477484753459134,0.675317537680342,5,0.644270956670827,0.125,0.625,16
"NEU_ISI-FluBcast","26",0.163319964435465,0.36787361263228,2.90798913043478,0.238027949100495,0.601361979128099,0.710489697353979,4.5625,0.35305662120996,0.4375,0.75,16
"NEU_ISI-FluBcast","27",0.158631597408209,0.339391894247531,1.64076086956522,0.18919399203864,0.261262205059086,0.395868227659957,2.875,0.326452877895371,0.625,0.9375,16
"NEU_ISI-FluBcast","28",0.170448097609022,0.245443503282545,1.15165760869565,0.118645866298752,0.32531575953345,0.458860630675379,1.875,0.194468415138956,0.6875,0.9375,16
"NEU_ISI-FluBcast","29",0.418485083099849,0.607699520150122,4.74551630434783,0.375896490761656,1.16677474405216,1.2584004288212,5.6875,0.468127530117405,0.1875,0.375,16
"NEU_ISI-FluBcast","30",0.508222479167484,0.921903254093084,1.36373188405797,0.46778093790921,0.571319668750078,0.590222138892211,1.5,0.518548022339281,0.5,0.5,12
"NEU_ISI-FluBcast","31",0.46980135657262,1.33315215663027,1.46659420289855,0.742170324858981,0.771152868553579,0.933764774785087,2.08333333333333,0.948263789565892,0.166666666666667,0.25,12
"NEU_ISI-FluBcast","32",0.687564137511846,0.743737877728687,3.92570652173913,0.209969542944743,0.925152716185699,1.09312456317448,6.375,0.33846633383272,0.375,1,8
"NEU_ISI-FluBcast","34",0.187679996442027,0.296055552488277,3.75910326086957,0.161197010875339,0.415781752026804,0.543938649203273,5.9375,0.252009566136698,0.375,0.875,16
"NEU_ISI-FluBcast","35",0.170908635399191,0.387097176270331,0.856304347826087,0.198273942042011,0.44550844431717,0.59254491669332,1.5,0.354375975761586,0.5625,1,16
"NEU_ISI-FluBcast","36",0.248887987232371,0.338540756146268,8.13899456521739,0.213398034849051,0.558801873063656,0.622122013646495,11.1875,0.301739861455402,0.1875,0.625,16
"NEU_ISI-FluBcast","37",0.149849077942793,0.334927530574161,2.594375,0.214704189527732,0.796627099502354,0.847333252904588,4.125,0.330488698133643,0.1875,0.6875,16
"NEU_ISI-FluBcast","38",1.06856236149517,1.14476831876731,2.72247282608696,0.470709694658904,1.0412204765093,1.14370961918824,3.4375,0.629406658932057,0.4375,0.5,16
"NEU_ISI-FluBcast","39",0.119953834566878,0.278884098695952,2.68339673913043,0.18582465568176,0.587169030872873,0.742498254634121,3.625,0.25213286568825,0.5,0.75,16
"NEU_ISI-FluBcast","40",0.670417422180967,0.882643930355401,5.88763586956522,0.542990191393521,1.23333587965226,1.33234112363331,7,0.671098676360807,0.0625,0.3125,16
"NEU_ISI-FluBcast","41",0.278309233027033,0.610372398934263,2.05619565217391,0.351495257780591,0.600602121800939,0.673562651457281,2.9375,0.49467012342695,0.3125,0.8125,16
"NEU_ISI-FluBcast","42",0.7341483641976,0.566658661329206,30.4349456521739,0.208456209852368,1.57623783415912,1.77066589353656,36,0.250045520113312,0.1875,0.1875,16
"NEU_ISI-FluBcast","44",0.737378738329236,1.09607154722656,2.09547101449275,0.510756745677937,0.8386790201557,0.914041051862722,2.66666666666667,0.654784870935259,0,0.583333333333333,12
"NEU_ISI-FluBcast","45",0.25749045506807,0.511093737342827,2.34182065217391,0.299459573517388,0.78380930897908,0.858180494182552,3.3125,0.404979698762516,0.25,0.5625,16
"NEU_ISI-FluBcast","46",0.589274000764261,0.967503903738376,1.42472826086957,0.466324892564653,0.871658800255942,0.960985836657716,2.125,0.678022858828887,0.25,0.5625,16
"NEU_ISI-FluBcast","47",0.237673570818991,0.243975290663014,3.21622282608696,0.106962564905441,0.596709864585941,0.65783226202194,4.875,0.165583783923844,0.625,0.8125,16
"NEU_ISI-FluBcast","48",0.258160977306247,0.20763398102436,11.2296739130435,0.115581799958461,1.32042088635239,1.49000129315415,17.125,0.17508800322091,0.3125,0.75,16
"NEU_ISI-FluBcast","49",0.471991272008436,0.699646935423877,1.7870652173913,0.313705694738103,0.702452051952553,0.880271583176692,2.5,0.452266209122136,0.4375,0.75,16
"NEU_ISI-FluBcast","50",0.389257693940773,0.655399606999061,0.429673913043478,0.237698577901302,Inf,Inf,0.75,0.447939867307014,0.75,1,4
"NEU_ISI-FluBcast","51",0.189351756860757,0.289476698947426,2.53065217391304,0.169831821148257,0.626665256342522,0.746241269117283,3.5625,0.239394135702388,0.375,0.8125,16
"NEU_ISI-FluBcast","53",0.225538325164741,0.313097406698762,2.27323369565217,0.154091089982062,0.342047423989792,0.425141385123465,3.5625,0.237549820366029,0.625,0.9375,16
"NEU_ISI-FluBcast","54",0.293271755448116,0.880430019907336,1.53625,0.466217725812599,0.987078155169287,1.65889439453157,2.25,0.6917354297326,0.375,0.875,8
"NEU_ISI-FluBcast","55",0.186965183460107,0.729322381066074,1.62626811594203,0.486967999317835,0.541495042161344,0.699643620099681,2.33333333333333,0.627010783394681,0.333333333333333,0.666666666666667,12
"NEU_ISI-FluBcast","56",0.482144123137617,0.727292489097046,1.28345108695652,0.360972865060843,0.532020493876805,0.634197602367924,1.9375,0.542721112105441,0.4375,0.8125,16
"NIH-Flu_ARIMA","01",0.720459357615871,0.912789440127333,6.50608695652174,0.436927386171473,2.2847354713245,3.15654353214875,10.0833333333333,0.706524762408851,0.0833333333333333,0.833333333333333,12
"NIH-Flu_ARIMA","02",0.693149100455135,1.08377977020034,1.11163043478261,0.501134532264825,0.792845962822319,0.889455830425342,1.58333333333333,0.750909445606607,0.416666666666667,0.916666666666667,12
"NIH-Flu_ARIMA","04",0.587812309412496,0.577303138061415,11.1534782608696,0.243448633520908,1.38497668288836,1.52610839755733,17.75,0.395989652059205,0.5,1,12
"NIH-Flu_ARIMA","05",0.487026461427635,1.10114136814526,2.86927536231884,0.547000158249471,1.19976567587669,1.41155040196078,3.75,0.701523159160315,0.25,0.75,12
"NIH-Flu_ARIMA","06",0.534559595275149,0.467006589197716,25.5039855072464,0.194332141459682,1.64265668403581,2.16625326389139,35.9166666666667,0.280377434381827,0.5,1,12
"NIH-Flu_ARIMA","08",0.257064585990197,0.49516638440395,2.67365942028986,0.275820636446904,0.428036420606447,0.675973705741472,3.91666666666667,0.431209781781145,0.416666666666667,1,12
"NIH-Flu_ARIMA","09",0.184116340348661,0.454823805923716,1.30978260869565,0.273776951253421,0.487883332969524,0.661500704518278,1.83333333333333,0.43577704125509,0.583333333333333,1,12
"NIH-Flu_ARIMA","10",0.410016596073258,0.798328270203133,0.992898550724638,0.32601681109795,0.864866330732173,0.875868001082229,1.41666666666667,0.490508669287513,0.583333333333333,1,12
"NIH-Flu_ARIMA","11",0.491271095082061,0.747769144665104,0.821666666666667,0.315465132700072,0.629110469841587,0.485373460498971,1.08333333333333,0.408772898203202,0.333333333333333,0.916666666666667,12
"NIH-Flu_ARIMA","12",0.935431646375423,0.816801283569421,37.5473550724638,0.39683161027845,4.19635818054059,5.51458198563339,60.4166666666667,0.64379724030527,0,0.833333333333333,12
"NIH-Flu_ARIMA","13",0.756773462958394,1.08022230961529,11.0792391304348,0.649812079527386,1.45604757684771,1.87100092159735,16,1.00267536164357,0.0833333333333333,0.583333333333333,12
"NIH-Flu_ARIMA","15",1.16017749635734,1.43043632868258,5.53434782608696,0.667550777842438,0.966721556001739,1.40682050689423,7.33333333333333,0.918059826748152,0.166666666666667,0.5,12
"NIH-Flu_ARIMA","16",0.404043229734256,0.605613042009154,1.76855072463768,0.292266740517895,0.892346783276467,0.941024555394869,2.5,0.483446900249589,0.583333333333333,1,12
"NIH-Flu_ARIMA","17",0.711896468224433,0.858652864005153,15.0947101449275,0.554161699529757,1.26734430560393,1.55887069996894,21.5,0.841523650107045,0.0833333333333333,0.833333333333333,12
"NIH-Flu_ARIMA","18",0.288808825380866,0.447298853406874,3.85586956521739,0.237367927230381,1.0519797411743,1.04632402911192,5,0.360547163317918,0.5,1,12
"NIH-Flu_ARIMA","19",0.397826523084645,1.09982318291603,2.06094202898551,0.623190014058829,0.678616671239821,0.929001811904793,2.66666666666667,0.848615786472412,0.5,0.75,12
"NIH-Flu_ARIMA","20",0.407265213928651,1.03353646506909,1.7604347826087,0.527070029661684,1.60986854496151,2.15296069782344,2.58333333333333,0.816510586406525,0.0833333333333333,0.833333333333333,12
"NIH-Flu_ARIMA","21",1.02328322874369,1.82638063277348,10.7213043478261,1.19959524400135,1.55818388259317,2.15155668443481,14.3333333333333,1.67119268616843,0,0.666666666666667,12
"NIH-Flu_ARIMA","22",0.945985754796442,1.13565663186769,9.39978260869565,0.548559392509237,2.51349798360298,3.69355258446568,14.5833333333333,0.877945707526328,0.0833333333333333,0.75,12
"NIH-Flu_ARIMA","23",0.405223095997229,0.884827010758502,1.14753623188406,0.366627661507708,1.16305628022304,1.22417992447349,1.83333333333333,0.59764340206805,0.5,1,12
"NIH-Flu_ARIMA","24",0.247845628384732,0.342505832489066,2.35735507246377,0.178572293368046,0.934063471663814,1.16575468307525,3.08333333333333,0.238145544215007,0.75,1,12
"NIH-Flu_ARIMA","25",0.246255325971001,0.53274251247913,3.81474637681159,0.303998718980058,0.487965072417315,0.585925339713183,5.41666666666667,0.484514790051893,0.416666666666667,1,12
"NIH-Flu_ARIMA","26",0.250458739543039,0.442515880294462,4.38728260869565,0.264391414959741,0.854754937303399,0.923373893182006,6.08333333333333,0.397049573238683,0.583333333333333,1,12
"NIH-Flu_ARIMA","27",0.779078532389867,1.0683853098001,8.79452898550725,0.552805617692618,1.09905721760952,1.18399082174853,13.25,0.884996595447095,0.0833333333333333,0.916666666666667,12
"NIH-Flu_ARIMA","28",0.740669800778252,0.699519938904851,5.4511231884058,0.328785420986888,1.41556466602306,1.29259136833758,9,0.543938763078638,0.416666666666667,1,12
"NIH-Flu_ARIMA","29",0.438530705454637,0.762094398238439,5.09423913043478,0.501161856068094,1.62726352108538,2.07770101246135,8,0.800075504127397,0.25,1,12
"NIH-Flu_ARIMA","30",0.805536541361357,1.43173281132772,2.15384057971014,0.730179880837343,1.09014376801792,1.11027857999502,2.75,0.948263789565892,0.166666666666667,0.75,12
"NIH-Flu_ARIMA","31",0.385748023046292,0.981793676281844,1.1904347826087,0.536567751071725,0.647895882379816,0.820060725356859,1.75,0.828302216596,0.333333333333333,0.833333333333333,12
"NIH-Flu_ARIMA","32",0.528957115463853,0.557679908247588,4.77365942028986,0.178446343067243,0.66203722885496,0.758439697136016,7.25,0.275678249214033,0.666666666666667,1,12
"NIH-Flu_ARIMA","33",0.571246091752187,1.06183539071942,1.33231884057971,0.470610409585123,1.31882557600411,1.3292224957764,1.83333333333333,0.72392435235097,0.5,1,12
"NIH-Flu_ARIMA","34",0.289093785498166,0.356794157728561,6.1213768115942,0.194239118507008,0.611392114621086,0.652411239257997,9.5,0.312272996353571,0.416666666666667,1,12
"NIH-Flu_ARIMA","35",0.35224089159859,0.751921724565836,1.92949275362319,0.386202376011339,0.775877543684493,1.02131174749677,2.83333333333333,0.594068055341002,0.416666666666667,0.75,12
"NIH-Flu_ARIMA","36",0.241754349937853,0.359049444611782,8.36434782608696,0.228086303117162,0.566365292717293,0.716748166269925,12,0.348729442897877,0.583333333333333,1,12
"NIH-Flu_ARIMA","37",0.249376482829416,0.563127267575671,4.58746376811594,0.359891089580974,1.30152219958013,1.59616160681023,7.25,0.617904173996654,0.25,1,12
"NIH-Flu_ARIMA","38",0.702206488250215,0.724349924766818,2.00170289855072,0.328836736255985,0.833264852858228,0.854897281636007,3.16666666666667,0.531896300181565,0.416666666666667,1,12
"NIH-Flu_ARIMA","39",0.191060794093454,0.608831491211029,4.58054347826087,0.42112641067786,1.1188974955615,1.97671996138993,7.41666666666667,0.705060889319038,0.416666666666667,1,12
"NIH-Flu_ARIMA","40",0.426403960944421,0.553715756149055,3.75253623188406,0.346188051789168,1.02198898466726,1.08022070105705,5.83333333333333,0.553492438996325,0.333333333333333,0.916666666666667,12
"NIH-Flu_ARIMA","41",0.547201706971563,0.930815908229433,4.39199275362319,0.559638820028596,1.32233498870544,1.20343471324173,7,0.908624701098752,0.166666666666667,1,12
"NIH-Flu_ARIMA","42",0.632372871711058,0.534140738944999,27.2740579710145,0.202235561968446,1.87924600028653,2.29636148590675,44.8333333333333,0.335646937921576,0.416666666666667,1,12
"NIH-Flu_ARIMA","44",0.8074896349158,1.11024418371167,2.58826086956522,0.55076336462594,1.06582075132046,1.09073804227406,3.83333333333333,0.821932014459301,0.333333333333333,0.833333333333333,12
"NIH-Flu_ARIMA","45",0.484362727036956,1.06322611376267,4.18355072463768,0.558118224267991,1.5385740893165,1.95250515979865,6,0.792518030572627,0.166666666666667,0.583333333333333,12
"NIH-Flu_ARIMA","46",0.623136677181173,0.938407911553483,1.60847826086957,0.458701532100711,0.911309078540335,0.995431937535097,2.41666666666667,0.720928430327165,0.333333333333333,0.916666666666667,12
"NIH-Flu_ARIMA","47",0.62337630847082,0.615797028215866,8.8343115942029,0.274819871765206,1.57375077744077,1.6805923385998,13.75,0.437965207274409,0.166666666666667,0.916666666666667,12
"NIH-Flu_ARIMA","48",0.362717870699739,0.279679279988435,15.9858333333333,0.150425478540344,1.75590972669816,2.00511131268243,22.0833333333333,0.219608834905129,0.5,1,12
"NIH-Flu_ARIMA","49",0.467459169693961,0.648625399421131,1.69521739130435,0.257555493986326,0.797865714129688,0.908145834846854,2.66666666666667,0.405742261188963,0.5,1,12
"NIH-Flu_ARIMA","50",0.664917290270109,1.12981105295123,0.667463768115942,0.37286561449825,Inf,Inf,0.833333333333333,0.481728626316027,0.583333333333333,0.75,12
"NIH-Flu_ARIMA","51",0.403877990076773,0.525804339738135,5.37144927536232,0.293455027336424,1.50900359357936,1.65474485609102,8.25,0.485437017481877,0.333333333333333,0.916666666666667,12
"NIH-Flu_ARIMA","53",0.400763423483258,0.483695392924431,4.35184782608696,0.239281845333451,0.57108642729719,0.652996215797014,6.58333333333333,0.380900570850475,0.25,0.916666666666667,12
"NIH-Flu_ARIMA","54",0.226148582558166,0.54731553025289,1.16050724637681,0.298301971385792,0.795327052338453,1.10911551254948,1.83333333333333,0.485130459192715,0.583333333333333,1,12
"NIH-Flu_ARIMA","55",0.284779163659514,1.06993685661666,2.54264492753623,0.643230998558699,0.77069946663993,1.15036339587044,3.58333333333333,0.976580295698458,0.333333333333333,0.916666666666667,12
"NIH-Flu_ARIMA","56",0.866032668922381,1.06728987023431,2.50666666666667,0.535006888236587,0.921170782573704,0.903499653265313,3.66666666666667,0.774976994425906,0.25,0.916666666666667,12
"NU-PGF_FLUH","06",0.373647965148305,0.319359518937619,17.6749184782609,0.139404136685492,0.60394136217616,0.811586317549761,14.4375,0.122372900182098,1,1,16
"NU-PGF_FLUH","23",0.237581584270349,0.566628685991031,0.642309782608696,0.24357666565285,0.62938301938994,0.70090682897855,1,0.377723784265437,0.875,1,16
"NU-PGF_FLUH","25",0.130561536548149,0.365351576222976,1.89858695652174,0.237654986700603,0.168258664715337,0.295044793378523,1.75,0.284023887409718,1,1,16
"NU-PGF_FLUH","72",0.595985161726925,0.63030729304379,11.0866032608696,0.198405555337407,0.617215565895601,0.711195210380364,15.5625,0.268176447625161,0.8125,1,16
"OHT_JHU-nbxd","01",0.358899071479127,0.386329912829714,3.21449347826087,0.188555612261831,1.17611126856299,1.23105631542643,5.016875,0.272349586235394,0.75,1,16
"OHT_JHU-nbxd","02",0.744581732722076,1.19235881332449,1.17323070652174,0.543752191399549,0.806417859427677,0.876053212032574,1.614375,0.744153625689084,0.1875,0.3125,16
"OHT_JHU-nbxd","04",0.557447488981313,0.651266661644328,10.3667472826087,0.287704871835346,1.4854228907603,1.78649075472342,18.595,0.493614498663534,0.25,1,16
"OHT_JHU-nbxd","05",0.315693747751649,0.645098705303802,2.10489456521739,0.393363126068078,0.988948617958904,1.01206794079848,3.415,0.609696953358255,0.375,0.75,16
"OHT_JHU-nbxd","06",0.466072073213466,0.396302254851243,21.8635508152174,0.171124200366482,1.00642061419831,1.24406700077455,23.268125,0.181013933305574,1,1,16
"OHT_JHU-nbxd","08",0.238977752309774,0.352169809226001,2.20236847826087,0.192080277970838,0.400399788382739,0.487977001966839,3.31375,0.312612256753477,0.5625,1,16
"OHT_JHU-nbxd","09",0.171128309567259,0.399284107539341,1.06883831521739,0.223611254976593,0.508923942169027,0.628100888031354,1.62125,0.368169283478436,0.5625,1,16
"OHT_JHU-nbxd","10",0.424375505851172,0.88983443821478,1.02541657608696,0.394392580708042,0.968629587603724,0.989946146837864,1.57375,0.611542391316524,0.3125,0.75,16
"OHT_JHU-nbxd","11",0.750059309748394,1.26049440171025,1.30551793478261,0.548332259731351,0.927000500932827,0.855486770767566,1.685,0.759189752879528,0.0625,0.5,16
"OHT_JHU-nbxd","12",0.536693382950947,0.43757867215427,21.2157086956522,0.212298433535314,2.28964252516932,2.67008979518148,32.409375,0.311564029406959,0.9375,1,16
"OHT_JHU-nbxd","13",0.355057348265847,0.43787167361696,5.30874592391304,0.27452745805412,0.773206739210262,0.794754359430534,8.621875,0.454201320984279,0.375,1,16
"OHT_JHU-nbxd","15",0.720043265474167,0.757241968321621,3.25251304347826,0.34103490241394,0.671000743971436,0.815757774486722,4.80625,0.519361710313418,0.125,0.625,16
"OHT_JHU-nbxd","16",0.327372796573608,0.566528298867227,1.34522364130435,0.270423171848418,0.7581126270792,0.840722251539401,2.02625,0.431908642931509,0.4375,1,16
"OHT_JHU-nbxd","17",0.561087143907125,0.546971143724549,11.9292578804348,0.363506824611481,1.07749991339661,1.06950449481555,18.51875,0.605164035405289,0.5625,1,16
"OHT_JHU-nbxd","18",0.235763991746729,0.412966208864207,3.14973695652174,0.23931238857807,0.829625761045491,0.866322601038703,4.271875,0.35851503728291,0.6875,1,16
"OHT_JHU-nbxd","19",0.312816010570194,0.749856761532985,1.53412527173913,0.434191743490109,0.635986084143004,0.69430475891237,2.37625,0.658724881393694,0.375,0.75,16
"OHT_JHU-nbxd","20",0.206547026748644,0.446683354601057,0.902999456521739,0.228492667290781,0.907845786019652,0.93967322341273,1.463125,0.367491438969416,0.5,0.9375,16
"OHT_JHU-nbxd","21",0.525672125880923,0.668414050500709,5.73491847826087,0.454327196456172,1.08228659304875,1.01046763395357,10.166875,0.798615127498634,0.1875,1,16
"OHT_JHU-nbxd","22",0.500353566947701,0.484928251569617,4.84498967391304,0.224707452443639,1.47135983578788,1.59897014918447,8.294375,0.365933293595866,0.4375,1,16
"OHT_JHU-nbxd","23",0.280394881839669,0.674893091809375,0.769016847826087,0.296152310234161,0.593563889035321,0.723666926339492,0.9625,0.401688425064711,0.6875,0.75,16
"OHT_JHU-nbxd","24",0.265041651890946,0.370968787824639,2.40418586956522,0.190480463463404,1.1860024326523,1.43451823481186,3.904375,0.299555667540669,0.6875,1,16
"OHT_JHU-nbxd","25",0.197095624232802,0.515501817061731,2.88229266304348,0.341850850196327,0.421929727729447,0.583923260013656,4.354375,0.551470606134501,0.5625,0.9375,16
"OHT_JHU-nbxd","26",0.196026167958205,0.37970670321606,3.41431766304348,0.239095112168941,0.597761643796113,0.708278505709472,4.5075,0.349733796118635,0.6875,1,16
"OHT_JHU-nbxd","27",0.271150721084065,0.505060726243397,2.83178125,0.287843897000186,0.393724753999576,0.558148847033702,4.36875,0.467055068013831,0.5625,0.9375,16
"OHT_JHU-nbxd","28",0.427184053796949,0.469417665799276,2.86973179347826,0.224779550564519,0.638137205139281,0.796713167849664,3.73125,0.341808547196002,0.6875,1,16
"OHT_JHU-nbxd","29",0.25701312298772,0.376951371767769,2.89876440217391,0.231515484320059,0.950024397534565,0.93640046368372,4.623125,0.347312428312979,0.75,1,16
"OHT_JHU-nbxd","30",0.54927797897769,0.93488610512105,1.51374538043478,0.483105451617007,0.833334514823015,0.826893553146796,2.286875,0.750012411712498,0.125,0.6875,16
"OHT_JHU-nbxd","31",0.59232549011636,1.43545609179983,1.85571711956522,0.767601272258846,0.999293429593881,1.10998317956064,2.68625,1.07492513190109,0.0625,0.1875,16
"OHT_JHU-nbxd","32",0.505767713524525,0.565251694124249,4.06673804347826,0.175889058123904,0.701116730600583,0.809529975925846,6.883125,0.283944355447928,0.625,1,16
"OHT_JHU-nbxd","33",0.358846585113258,0.788450988574771,0.841789402173913,0.361796849267835,0.933765064028822,0.944988848058169,1.348125,0.549720753800913,0.375,0.6875,16
"OHT_JHU-nbxd","34",0.186908243138435,0.249198364749736,3.64876820652174,0.132523347100087,0.243800288483166,0.277233827825691,3.361875,0.1238593367147,1,1,16
"OHT_JHU-nbxd","35",0.232789512510839,0.459311500852223,1.19266847826087,0.241556589813763,0.480785384932976,0.595617120427781,1.676875,0.368872605047339,0.625,0.9375,16
"OHT_JHU-nbxd","36",0.206643199439729,0.290610830318376,6.82967119565217,0.185536874249995,0.423835490723471,0.471310353643892,8.508125,0.229261401566232,0.875,1,16
"OHT_JHU-nbxd","37",0.226222875087031,0.394328591885412,3.90518315217391,0.251802247008411,1.04090614929271,1.02772196569682,5.37125,0.399179816751122,0.6875,1,16
"OHT_JHU-nbxd","38",0.797962513998161,0.837204967082456,2.04631331521739,0.347338381489282,0.934103205191296,0.979698752746858,3.093125,0.541836062374878,0.3125,0.8125,16
"OHT_JHU-nbxd","39",0.18100894809745,0.318274705776757,3.99839755434783,0.20966064786636,0.781672871793562,0.837671984864107,4.791875,0.283511368576837,0.875,1,16
"OHT_JHU-nbxd","40",0.459132017806886,0.616171850618037,4.01508994565217,0.376678973139714,1.20566379849745,1.28131550448258,6.81625,0.641816354951563,0.1875,1,16
"OHT_JHU-nbxd","41",0.398863622007448,0.821280080602179,2.9454339673913,0.473275592990147,0.892906170544573,0.961190044363397,4.405,0.709156820768269,0.5,0.75,16
"OHT_JHU-nbxd","42",0.767133816928297,0.715738622948641,32.088183423913,0.266428140103654,2.5233801080163,3.25282363937058,58.17875,0.465270108056673,0.3125,1,16
"OHT_JHU-nbxd","44",0.552927134353537,0.916457274211112,1.62581847826087,0.453078038553469,0.74525415852346,0.84230934623384,2.438125,0.638919294472825,0.375,0.75,16
"OHT_JHU-nbxd","45",0.275070744199531,0.455578153898528,2.50255652173913,0.26619118257127,0.83501119467968,0.886823108434014,3.54875,0.420458943890579,0.5625,1,16
"OHT_JHU-nbxd","46",0.577755734124834,0.927338828650233,1.39779076086957,0.446792832419944,0.820151122489676,0.896633727040889,2.0025,0.632694810739983,0.1875,0.5625,16
"OHT_JHU-nbxd","47",0.329192968207911,0.38401333561005,4.45791711956522,0.169278644278306,0.802946945204033,0.948728314231616,6.56375,0.239813428686762,0.75,1,16
"OHT_JHU-nbxd","48",0.320796562075826,0.261346801170084,13.9048456521739,0.145329695974434,1.09364402682689,1.21790471374654,14.265,0.144073901174409,1,1,16
"OHT_JHU-nbxd","49",0.519861617903487,0.646944034547961,1.92660543478261,0.282752033407323,0.895057900749737,0.928749003948692,3.13,0.467796607550353,0.375,0.9375,16
"OHT_JHU-nbxd","50",0.492313170630201,0.907592969909015,0.489010869565217,0.295632458049832,1.04721292238664,1.09531383971681,0.72375,0.446278745881426,0,0.3125,16
"OHT_JHU-nbxd","51",0.196551395991613,0.278750373699234,2.58366440217391,0.161363119464697,0.495966551211464,0.573355963643418,2.8325,0.184941936252765,0.875,1,16
"OHT_JHU-nbxd","53",0.306730162594648,0.405405410646903,3.05081222826087,0.195320613438394,0.464967567138722,0.563084062824069,4.819375,0.310899805991387,0.75,1,16
"OHT_JHU-nbxd","54",0.206225976260743,0.393013416329576,1.00818423913043,0.211918166742414,0.657945629159637,0.749591209737636,1.49,0.330902636779262,0.75,1,16
"OHT_JHU-nbxd","55",0.286072828838901,0.738298962628519,2.43447282608696,0.484683900876044,0.777600389250561,0.757343881796101,3.3725,0.695074570294039,0.4375,0.8125,16
"OHT_JHU-nbxd","56",0.676343790321283,1.0206769945627,1.82465380434783,0.512769168111467,0.717192054285887,0.828883684071932,2.64375,0.716019553597058,0.125,0.375,16
"OHT_JHU-nbxd","72",0.543836323840184,0.609527493742765,10.1756214673913,0.192620040804738,0.698102638483551,0.868347427458428,17.61,0.327490081939451,0.4375,1,16
"PSI-PROF","01",0.418393463113572,0.477893633160963,3.74614836956522,0.233145086798782,1.20193944463444,1.24355805473811,5.125,0.2745203262802,1,1,16
"PSI-PROF","02",0.837217535013788,1.10863662323249,1.30614565217391,0.500417765214194,1.00502018828745,0.899660289044037,2,0.757776791030604,0.5625,0.875,16
"PSI-PROF","04",0.600309047434686,0.623698473629808,11.199729076087,0.27569968776798,1.31637726895267,1.51833832206245,16.479375,0.419635390451733,0.4375,0.9375,16
"PSI-PROF","05",0.32096192637033,0.657245666908974,2.16058097826087,0.405211520276143,0.929341824748629,0.953724029747968,3.238125,0.580552353268001,0.375,0.8125,16
"PSI-PROF","06",0.33281352278482,0.254956032395424,15.5799402173913,0.109385610550724,0.451401559305655,0.510451572056051,10.276875,0.0728333972471097,1,1,16
"PSI-PROF","08",0.335741428267924,0.491228264185474,3.1547152173913,0.272129164135099,0.235905590483501,0.388036263973625,1.966875,0.252107551219655,0.75,1,16
"PSI-PROF","09",0.30258266045944,0.631523578155445,1.91414456521739,0.355229429731513,0.784561885764168,0.87175704194194,2.531875,0.515976365508812,0.5625,1,16
"PSI-PROF","10",0.379393978536269,0.780305545471006,0.894114673913043,0.335338318711175,0.634683793817956,0.693152241130889,0.995625,0.412564355384938,0.6875,0.75,16
"PSI-PROF","11",0.737550149159072,1.29016300832766,1.2814277173913,0.560411096867359,1.10388905670604,1.146532052492,2,1.01367332616949,0.375,1,16
"PSI-PROF","12",0.42590661764648,0.298615827931808,16.7842633152174,0.14347806724245,1.01255338536282,1.03728649964124,14.125,0.118768792786937,1,1,16
"PSI-PROF","13",0.438490156494837,0.574989328880031,6.61210788043478,0.363362559420829,0.939883160655533,0.953867132840418,10.54,0.546313692394951,0.3125,0.8125,16
"PSI-PROF","15",0.856907894293492,0.936481090030489,3.90380951086957,0.421694060878612,0.73047668905088,0.931585667303396,5.205625,0.587930226829521,0.6875,1,16
"PSI-PROF","16",0.346872452876733,0.579523259372746,1.4364027173913,0.278586915284868,0.579177629603171,0.673882538785413,1.5625,0.350135273490823,0.75,0.8125,16
"PSI-PROF","17",0.484374929178107,0.510124379469688,10.3616038043478,0.339561261419499,0.813367356935017,0.816323410182642,14.125,0.464958185990574,0.5625,1,16
"PSI-PROF","18",0.190530845944779,0.352249480238103,2.53138940217391,0.203110638237186,0.727984793401765,0.765135957746812,3.6875,0.312205695899807,0.6875,1,16
"PSI-PROF","19",0.460111257104286,0.927277128937934,2.26578206521739,0.537720430503615,0.864563847588853,0.813661194700773,3.25,0.77619786631193,0.5625,0.75,16
"PSI-PROF","20",0.318652095009805,0.835720207584286,1.39279347826087,0.426990744487593,1.5024725408074,2.00423197811082,2.41125,0.782296489894161,0.3125,0.8125,16
"PSI-PROF","21",0.650122121622655,0.994330343514947,7.0945160326087,0.676765718219875,1.27475977027591,1.60482904493429,11.9675,1.27186973023553,0.125,1,16
"PSI-PROF","22",0.394743744589398,0.350983061247506,3.7903097826087,0.161398520431861,0.999155676522513,0.996027329720667,5.625,0.227028272435703,0.9375,1,16
"PSI-PROF","23",0.393729481036628,0.833909935673411,1.08591413043478,0.366434174020264,0.740084360766592,0.801606390386721,1.19125,0.443430911672133,0.6875,0.75,16
"PSI-PROF","24",0.398384533967227,0.551255659466815,3.65676711956522,0.286890168354292,1.50109997209754,2.03683571176647,5.015,0.433426485453687,0.6875,0.9375,16
"PSI-PROF","25",0.333864913602481,0.750695317149361,4.92791847826087,0.495486807776559,0.407425190494765,0.593651376668366,4.2275,0.563350755529674,0.5625,0.75,16
"PSI-PROF","26",0.281347633401315,0.47381122432054,4.92239945652174,0.299404107417228,0.916151105408838,0.934109017120483,6.90625,0.460355939585931,0.6875,1,16
"PSI-PROF","27",0.443358779779814,0.924388308143319,4.58144565217391,0.513786966426877,0.467130581230887,0.829761053979685,5.11875,0.682322955954543,0.25,0.5625,16
"PSI-PROF","28",0.519639994286233,0.577519455644984,3.49248804347826,0.275523759921101,0.820337137289266,0.867099508952809,4.75,0.366763390115034,0.6875,1,16
"PSI-PROF","29",0.323689844034553,0.600935950811153,3.67720434782609,0.373285553200313,1.28857062341775,1.56149771279917,6.3125,0.586869468758516,0.625,1,16
"PSI-PROF","30",0.545402783241019,0.840459213103209,1.51230788043478,0.438326679991441,0.788473657437922,0.875798497691851,2.1875,0.807475657233616,0.75,1,16
"PSI-PROF","31",0.575035873019554,1.27596114222996,1.79164130434783,0.679437701626392,0.974668412690361,1.02117452630141,2.609375,0.988331756912725,0.375,0.8125,16
"PSI-PROF","32",0.763061089822449,0.877528907040218,6.23295543478261,0.277359669558317,0.759006846389731,0.897877009128682,7.490625,0.316964780605582,0.875,1,16
"PSI-PROF","33",0.373347415909316,0.776445219548617,0.874110869565217,0.354784041490126,0.952363930318236,0.979016506205148,1.375,0.569061241019897,0.625,1,16
"PSI-PROF","34",0.320385104297175,0.435782231126675,6.34105625,0.233525432505385,0.601384333743528,0.721470400173427,8.386875,0.326139901527418,0.625,0.9375,16
"PSI-PROF","35",0.317853861719128,0.529018532432169,1.6474410326087,0.277229039430599,0.383314462700856,0.530487000215546,1.30875,0.324331670472462,0.8125,1,16
"PSI-PROF","36",0.360001500844034,0.468100502402782,12.0864663043478,0.300683218072651,0.634726034103077,0.688627445497425,12.69125,0.332313454139911,0.75,0.9375,16
"PSI-PROF","37",0.131814261944259,0.287350673725295,2.28075054347826,0.183836063862991,0.610087143478494,0.690532964128025,3.16125,0.269987599949939,0.6875,1,16
"PSI-PROF","38",0.727175722602562,0.742172440616384,1.87351739130435,0.308436750272601,0.793924586560828,0.771989040351986,2.608125,0.421956131109895,0.4375,1,16
"PSI-PROF","39",0.122765776700811,0.234003571451163,2.69237309782609,0.153283894308511,0.61388828517136,0.679221112639513,3.7275,0.227045361783688,0.75,1,16
"PSI-PROF","40",0.423442776151097,0.633458241222966,3.72356358695652,0.391371140766099,1.12597279605641,1.24236043859177,6.4375,0.633078676024235,0.3125,1,16
"PSI-PROF","41",0.421134469482659,0.781266888609961,3.09597527173913,0.447163790193872,0.738553545373376,0.867105877483249,3.628125,0.638100664450707,0.4375,0.75,16
"PSI-PROF","42",0.446164757883306,0.344163490856171,18.460825,0.12619919499562,1.14464389148791,1.20064418483651,26.055,0.168866064542273,0.75,1,16
"PSI-PROF","44",0.676565621332596,1.01543883011651,1.96985869565217,0.490931466821283,0.856618432941019,1.06639088079355,2.769375,0.791005210205866,0.625,0.8125,16
"PSI-PROF","45",0.292574956142732,0.494676996640802,2.64794347826087,0.285983619421858,0.616533026744344,0.748808568935525,2.55125,0.34694065879594,0.8125,0.875,16
"PSI-PROF","46",0.536843869068853,0.824554093118497,1.30703858695652,0.399583150674298,0.891853223111924,0.977475704228712,2.1875,0.692675206199698,0.6875,1,16
"PSI-PROF","47",0.344059825099065,0.346278660052449,4.67535489130435,0.15228425663527,0.57698065081352,0.623751993166578,4.6875,0.156434641447138,0.9375,1,16
"PSI-PROF","48",0.261828584482081,0.183604574856242,11.4164331521739,0.102260978099902,0.489519539396718,0.519377974868105,6.65625,0.0644270823306134,1,1,16
"PSI-PROF","49",0.465361302533778,0.604380082134594,1.73078315217391,0.2645164022936,0.630275343907246,0.687472146553065,2.20375,0.34572268744556,0.75,0.9375,16
"PSI-PROF","50",0.480839228431001,0.704406302008851,0.483005706521739,0.231991436513804,0.900842075456779,0.88427924668758,0.625,0.361296469737021,0.8125,1,16
"PSI-PROF","51",0.278828902240521,0.363350835670105,3.67457581521739,0.210046802348396,0.550137929102057,0.66269174686063,3.138125,0.213205775239559,0.875,1,16
"PSI-PROF","53",0.537873373902534,0.651508589860558,5.3566277173913,0.312266162336828,0.760246737819819,0.835204998754845,7.860625,0.456986866105941,0.25,0.75,16
"PSI-PROF","54",0.244744086973695,0.563133386234414,1.21197445652174,0.309242467213647,0.899450549363303,1.22263584219571,2.0625,0.549320431681242,0.8125,1,16
"PSI-PROF","55",0.182979870612519,0.457798030206761,1.52491304347826,0.290153981074045,0.383729870147047,0.422192088355524,1.625,0.372219592676395,0.875,1,16
"PSI-PROF","56",0.578179640826145,0.872488504128152,1.54408206521739,0.430129320355137,0.674665485940928,0.856625210861348,2.439375,0.72127222574358,0.5,0.875,16
"PSI-PROF","72",0.628097174456065,0.592614684456347,11.6728608695652,0.186025197797395,0.681171423218063,0.75629192092234,17.09375,0.283843082143939,0.625,0.875,16
"PSI-PROF_MOA","01",0.407215150931089,0.446087085456982,3.64707282608696,0.217638108090909,1.08830771130742,1.0930385795466,4.625,0.240500558945294,1,1,16
"PSI-PROF_MOA","02",0.746921859098749,1.00685299520806,1.17246766304348,0.458180143433302,0.90234935432946,0.951746312271628,1.8125,0.811717179615313,0.5,1,16
"PSI-PROF_MOA","04",0.510460374906227,0.524829126850405,9.62356793478261,0.235116136309268,1.09804605607421,1.22315499513387,13.863125,0.342502698846966,0.4375,0.875,16
"PSI-PROF_MOA","05",0.336954448587221,0.67177529852227,2.26132934782609,0.412932150353167,0.927344476687186,0.958870272697612,3.239375,0.585277459691848,0.5625,0.75,16
"PSI-PROF_MOA","06",0.330669751181131,0.251904198728722,15.4913339673913,0.108218146445301,0.310110380699922,0.335296019806412,6.964375,0.0470971799816684,1,1,16
"PSI-PROF_MOA","08",0.429600118594104,0.520425253252608,3.98299456521739,0.284424604581339,0.302310055654203,0.453701598104837,2.5,0.292246793263641,0.8125,1,16
"PSI-PROF_MOA","09",0.534525021150775,0.84497720270389,3.3629277173913,0.474236254657842,1.10966570632647,1.09345848204629,3.5625,0.644807551893342,0.5625,1,16
"PSI-PROF_MOA","10",0.416360821557636,0.80722148888374,1.0094277173913,0.357910584883526,0.839954170942679,0.876880133571111,1.375,0.545272486762957,0.625,1,16
"PSI-PROF_MOA","11",0.637231338998456,0.898922919972264,1.10994565217391,0.393063912185987,0.945153741126423,0.906876967841204,1.725,0.809275629392556,0.5625,0.9375,16
"PSI-PROF_MOA","12",0.546002571866383,0.376389498516301,21.5519258152174,0.180919964442044,0.897286026276054,0.894617997971401,12.53125,0.102545297455385,1,1,16
"PSI-PROF_MOA","13",0.420405637808755,0.526138048703884,6.37970461956522,0.335395434541845,0.864277006725479,0.866892300365567,9.7625,0.500833219060757,0.3125,0.8125,16
"PSI-PROF_MOA","15",0.802946943927917,0.782260912960386,3.66284918478261,0.352721595217408,0.722556568956395,0.838417191705492,5.186875,0.533893954114088,0.6875,1,16
"PSI-PROF_MOA","16",0.338900460942855,0.542091196620689,1.39097336956522,0.258610019439538,0.688890062726605,0.786585206471651,1.8375,0.402901554120046,0.6875,1,16
"PSI-PROF_MOA","17",0.551424833059045,0.658089951544607,11.7249858695652,0.43267547817369,1.06190501582428,1.29272144077691,18.25,0.722904112107491,0.375,1,16
"PSI-PROF_MOA","18",0.268154795102038,0.458517330394958,3.62222961956522,0.269009743351795,0.903749506574573,0.936758171655747,4.75,0.393698654940134,0.625,0.9375,16
"PSI-PROF_MOA","19",0.280260082583534,0.667851644144208,1.3896277173913,0.391255304760474,0.509493087693122,0.62519720201578,1.9375,0.604037227765861,0.75,1,16
"PSI-PROF_MOA","20",0.194185365383666,0.388933881505205,0.848669021739131,0.19894811709621,0.573309930391613,0.582057553076058,0.9375,0.233106340539637,1,1,16
"PSI-PROF_MOA","21",0.373237897061785,0.426207224213151,4.07819673913044,0.290204969525857,0.783373128382243,0.628935582636397,7.375,0.498400986328048,0.3125,1,16
"PSI-PROF_MOA","22",0.371112034880694,0.316611455129589,3.55754402173913,0.145270556952683,0.909214012816875,0.890570835071513,5.0625,0.200720596129262,1,1,16
"PSI-PROF_MOA","23",0.463439597759123,0.891266917212046,1.26288315217391,0.385370607417355,0.893144885438288,1.03712630921455,1.4375,0.568463150331388,0.875,0.875,16
"PSI-PROF_MOA","24",0.503725682911117,0.555709571805731,4.57063070652174,0.283945663093469,1.40883408240494,1.79867591346585,4.599375,0.372739727571783,0.8125,1,16
"PSI-PROF_MOA","25",0.406327125018005,0.864878210942857,6.01806277173913,0.57368933120343,0.651696837813974,0.809558007405926,6.7975,0.766975057294008,0.375,0.75,16
"PSI-PROF_MOA","26",0.313494057244874,0.506398691491858,5.49789293478261,0.320371611649374,1.02732882572912,1.01533650946423,7.75,0.499984050260852,0.6875,1,16
"PSI-PROF_MOA","27",0.478511173893391,0.810307413044859,4.96319809782609,0.452389756813868,0.478687582230247,0.690842123881032,5.246875,0.56814938414635,0.5,0.625,16
"PSI-PROF_MOA","28",0.566923647054063,0.626449723750094,3.81120923913043,0.298972781810304,0.901883461925096,0.921095166461137,5.25,0.390727088813252,0.6875,0.9375,16
"PSI-PROF_MOA","29",0.282107561729437,0.44139100438934,3.19671195652174,0.273177027478572,1.07149388934182,1.14948680397945,5.225,0.42823724041016,0.625,1,16
"PSI-PROF_MOA","30",0.579381316628715,0.926535760848353,1.59165380434783,0.480109785717495,0.977146604170738,0.952347861440425,2.6875,0.869553893046759,0.5,0.9375,16
"PSI-PROF_MOA","31",0.751152621805841,1.54805358386194,2.33156304347826,0.823714031620246,1.33661635297657,1.29764910418333,3.5625,1.2520877423832,0.3125,0.5625,16
"PSI-PROF_MOA","32",0.758484454202439,0.880148310121103,6.16094918478261,0.276254334032606,0.571680861400537,0.669119443768726,5.504375,0.230873833690609,0.75,1,16
"PSI-PROF_MOA","33",0.393095508428957,0.745958527068788,0.919788586956522,0.340765807089486,1.0467249922722,1.07864854630061,1.5,0.623001629604606,0.6875,1,16
"PSI-PROF_MOA","34",0.361131114183949,0.456740536043002,7.16271358695652,0.245433548787166,0.493276648517151,0.546711361763416,7.0875,0.253624750080341,0.5,0.875,16
"PSI-PROF_MOA","35",0.392942321744816,0.591440787488427,2.03741820652174,0.310932188982134,0.419034861321818,0.564258965985512,1.444375,0.348096232372571,0.8125,1,16
"PSI-PROF_MOA","36",0.419535704670004,0.486258940942189,14.0158453804348,0.311478784173347,0.692100345434538,0.760738819093873,14.001875,0.373163187785672,0.5625,0.875,16
"PSI-PROF_MOA","37",0.183488212789743,0.355063199965629,3.18128233695652,0.227633278000292,0.912071934925064,0.948294937300431,4.71625,0.369831437642519,0.4375,0.9375,16
"PSI-PROF_MOA","38",0.776124793620884,0.811401874619599,2.00430652173913,0.337963922249211,0.883140549378906,0.893142266121864,2.920625,0.49258950027881,0.4375,1,16
"PSI-PROF_MOA","39",0.142038765489995,0.252720198151086,3.12748532608696,0.165881053961875,0.619720955577399,0.683698561001807,3.7625,0.228717356341068,0.75,1,16
"PSI-PROF_MOA","40",0.390848739351349,0.564260655984029,3.43242554347826,0.347929365623009,1.06079143644606,1.12200160232846,6.0625,0.571116288251675,0.375,1,16
"PSI-PROF_MOA","41",0.431666722925747,0.851770508588896,3.18792472826087,0.489749815997613,0.833462519436643,0.913495385911597,4.08125,0.671358545866145,0.375,0.6875,16
"PSI-PROF_MOA","42",0.476587001569922,0.36451836224149,19.7346342391304,0.13388687993193,1.37539686002403,1.47044589616367,31.32375,0.207015287011059,0.6875,1,16
"PSI-PROF_MOA","44",0.660042659208306,0.867518641678958,1.94124320652174,0.424035745480236,0.692453315546074,0.790007349517969,2.25,0.595673804884341,0.6875,0.8125,16
"PSI-PROF_MOA","45",0.245544886075705,0.45152070580858,2.2354402173913,0.263781807604783,0.75449714295918,0.844936761178265,3.19375,0.39942158108675,0.8125,1,16
"PSI-PROF_MOA","46",0.585895025578911,0.869323814733816,1.43252092391304,0.421497400965788,0.853145742259537,0.905620905244038,2.1,0.643602726281056,0.5,0.9375,16
"PSI-PROF_MOA","47",0.326491612233312,0.308778397492863,4.45462581521739,0.136526414454615,0.766916865703558,0.798307997807012,6.2875,0.202214511319934,0.875,1,16
"PSI-PROF_MOA","48",0.350893458679053,0.225484264798166,15.3084904891304,0.125791094244632,1.26797229678909,1.2529611151532,16.78125,0.150318062789896,0.9375,1,16
"PSI-PROF_MOA","49",0.531735302262502,0.672426561160738,1.96058695652174,0.291764138589444,0.76676508882005,0.812078861152889,2.66875,0.406976390617667,0.4375,0.8125,16
"PSI-PROF_MOA","50",0.660708185874918,0.791221747780266,0.674001086956522,0.262908480750543,0.809757003468986,0.776887154263996,0.5625,0.317974770952024,1,1,16
"PSI-PROF_MOA","51",0.240895407008678,0.312152589475327,3.18751875,0.181075500519375,0.466852545306498,0.550810417699369,2.6875,0.179127277410301,0.9375,1,16
"PSI-PROF_MOA","53",0.502947458139178,0.598444748748505,5.01914565217391,0.28710986300691,0.646124084290643,0.741271894590925,6.691875,0.406424117340493,0.375,0.8125,16
"PSI-PROF_MOA","54",0.249558911299824,0.522653062691313,1.23297663043478,0.28516320896353,0.736034156830581,0.967737794671204,1.6875,0.434286079593899,0.9375,1,16
"PSI-PROF_MOA","55",0.308975214208818,0.832730260425518,2.60457173913044,0.531279467680251,1.00674996977981,1.14607579687227,4.3125,1.0255093692222,0.5,0.9375,16
"PSI-PROF_MOA","56",0.65136511670975,0.912306389666419,1.73879619565217,0.449600423326689,0.674129666805079,0.845223725464272,2.44125,0.714222222433675,0.625,0.875,16
"PSI-PROF_MOA","72",1.24159114310292,0.970616233401578,23.0774176630435,0.304696901229156,1.45447996645173,1.33649592689915,36.46875,0.501117215991246,0.375,0.875,16
"SigSci-TSENS","01",0.695613594834157,1.31111238203359,6.25885869565217,0.643821428648448,2.61919410499766,4.5763518931775,11.3125,1.03759927329883,0.875,1,16
"SigSci-TSENS","02",1.32757999287066,1.07784439170722,2.10836956521739,0.495804104262081,1.00534382451425,0.925205180138402,2,0.780859669873872,1,1,16
"SigSci-TSENS","04",1.02675822909915,1.55650089607876,19.4823097826087,0.69467083936348,0.997033997546101,1.09515300901414,12.625,0.307778921738906,1,1,16
"SigSci-TSENS","05",0.773514844860797,1.09902077914454,5.1110597826087,0.644032638584614,1.03496435074698,1.4121586861141,3.5,0.829394260865213,1,1,16
"SigSci-TSENS","06",0.936947000804407,1.2383050723409,44.4895380434783,0.539463518898669,0.715623636987869,0.755989580541001,16.5,0.108645533635454,1,1,16
"SigSci-TSENS","08",0.887724522947362,1.26431950003148,8.25413043478261,0.686371974438388,0.294443544422598,0.801732488079892,2.4375,0.533649712441678,1,1,16
"SigSci-TSENS","09",0.99616547384429,1.18396037081372,6.35347826086957,0.668550694331215,0.83406705520161,1.67998693874905,2.6875,1.00207036405926,1,1,16
"SigSci-TSENS","10",0.838296542392846,1.07640342161478,2.00866847826087,0.464838164486985,0.830627123485652,0.971384019010834,1.3125,0.584489995890618,1,1,16
"SigSci-TSENS","12",0.653583097851622,0.855803602380788,25.9858695652174,0.41945008926581,2.4541894408896,2.82079416329156,34.375,0.324184284325838,0.875,1,16
"SigSci-TSENS","13",0.878216754744231,1.3727776800732,13.266277173913,0.859320572740888,1.08492564058136,2.35276640003761,12.0625,1.36407522606401,1,1,16
"SigSci-TSENS","15",0.750283849073082,0.908087048391387,3.4489402173913,0.413027535829423,0.655259740599203,0.719586864182445,4.75,0.464536615220477,0.8125,1,16
"SigSci-TSENS","16",0.762820581457173,1.16432104726206,3.10163043478261,0.546928482067866,1.16199985016325,1.8360546022365,3.0625,0.938495557985352,1,1,16
"SigSci-TSENS","17",0.966083735824513,1.31768821168368,20.7580163043478,0.871246426990402,1.47120686288674,2.50739448950871,25.0625,1.40703180946786,1,1,16
"SigSci-TSENS","18",0.938413785464265,1.34335924617305,12.6408967391304,0.769664353354278,0.874352327601527,1.39148570364252,4.5625,0.603444312973251,1,1,16
"SigSci-TSENS","19",0.734916970772172,0.99495513282857,3.66307065217391,0.572530685029726,0.61770117075472,0.981551136876727,2.3125,0.92632405318582,1,1,16
"SigSci-TSENS","20",0.714464098955996,1.16031389440742,3.14040760869565,0.588508869703615,1.80581619566178,3.02929425871181,2.875,1.17153136643875,1,1,16
"SigSci-TSENS","21",0.887569241133364,1.25383093979133,9.76024456521739,0.851832031465037,1.55013893465502,2.71903432105372,14.6875,2.20175371878111,1,1,16
"SigSci-TSENS","22",1.01489306572032,1.57257531211994,9.77214673913043,0.720559801942198,2.49274360471991,4.6917638843748,13.8125,1.05830630360042,1,1,16
"SigSci-TSENS","23",0.840936666455484,1.13274487771995,2.2958152173913,0.487707561765627,1.09219479177922,1.40706975276726,1.75,0.770946855487832,1,1,16
"SigSci-TSENS","24",1.16816955023502,1.42377413483248,10.6852989130435,0.73232044152716,3.11324783217983,4.64006432879523,10.1875,0.974281724713994,1,1,16
"SigSci-TSENS","25",0.787094140586353,1.16587690480511,11.613722826087,0.746043448193078,0.342247741926413,0.822013331571012,3.5,0.764945031223523,1,1,16
"SigSci-TSENS","26",0.913245415618217,1.35299899170454,15.9960597826087,0.837034214206704,1.0147930014482,1.80581366245153,7.5625,0.901847678823839,1,1,16
"SigSci-TSENS","27",1.13159434094268,1.31388000070891,11.8655706521739,0.722231189101663,1.12633925115774,1.48846365757216,12.375,1.21485767555366,1,1,16
"SigSci-TSENS","28",0.892863249135337,1.2280543654261,5.97709239130435,0.580698238923696,0.360132485379169,0.63999034683622,2.125,0.285374222382866,1,1,16
"SigSci-TSENS","29",0.902879919678648,1.35663485060294,10.3267119565217,0.838143306709571,2.20449570676685,4.82659869136956,10.875,1.8325553923422,1,1,16
"SigSci-TSENS","30",0.991354862434179,1.0649025616555,2.70372282608696,0.546853355581658,0.761868866182265,0.906466134832861,2.125,0.836850884061474,0.9375,1,16
"SigSci-TSENS","31",0.753478487612445,0.917347048659096,2.34383152173913,0.486682670914628,0.698459703065397,0.72666806878193,1.875,0.696474962717371,1,1,16
"SigSci-TSENS","32",0.943824619868455,1.134335929642,7.64728260869565,0.353601454024222,0.873306875976294,0.876943755528586,8.75,0.310919349208111,0.875,1,16
"SigSci-TSENS","33",0.837268701029385,1.03486462308125,1.96380434782609,0.471318555540203,1.17082059763748,1.25922389459757,1.6875,0.730952938860261,1,1,16
"SigSci-TSENS","34",0.972278045839249,1.35685696326114,19.36625,0.72802573596707,0.73998860759524,0.72112763323786,10.5625,0.331628283894278,1,1,16
"SigSci-TSENS","35",0.842662562832036,1.1210604342131,4.35570652173913,0.584980095860495,0.887077142496108,1.07431659217194,3.0625,0.656999721265719,1,1,16
"SigSci-TSENS","36",1.13663694972039,1.51051521049805,38.4901358695652,0.967986672928119,1.20458636707116,2.16973553010729,24.4375,1.08473125790567,1,1,16
"SigSci-TSENS","37",0.535041230685942,1.20297341553406,9.291875,0.767658849720657,1.62461533577101,3.89385968278691,8.375,1.52044678047588,1,1,16
"SigSci-TSENS","38",1.31334943526983,1.27467009247781,3.45290760869565,0.537054712683733,0.751658458878615,0.742366019562141,2.5,0.413062274556723,1,1,16
"SigSci-TSENS","39",0.927523347894843,1.38602022628054,20.968777173913,0.917399522927616,1.98656584122207,5.11359596658544,12.0625,1.74039329714689,1,1,16
"SigSci-TSENS","40",1.00853160437955,1.24547889601249,8.89679347826087,0.761768641474089,1.51738741206163,2.61466611119324,8.6875,1.34530749132483,1,1,16
"SigSci-TSENS","41",1.09471723898895,1.22453024629218,8.1245652173913,0.70433837161739,1.26399789125537,1.36541979464801,6.25,1.0211710045034,1,1,16
"SigSci-TSENS","42",0.74451684848527,0.830069365866637,31.2430706521739,0.311230399179346,1.11705252329205,1.14778309443493,25.25,0.160345435744349,1,1,16
"SigSci-TSENS","44",0.927889201174858,1.12871284531297,2.73796195652174,0.548757559469367,1.07644668646683,1.38332670140525,3.5,1.03601221098133,0.9375,1,16
"SigSci-TSENS","45",0.921427371484563,1.26780450568499,8.40622282608696,0.733821678148184,1.1798671526317,2.24073127935738,4.9375,1.05990252593166,1,1,16
"SigSci-TSENS","46",1.33262459113888,1.1430103831529,3.28453804347826,0.555034889395813,0.80910954441609,0.861832202476556,2,0.613393248358229,1,1,16
"SigSci-TSENS","47",0.745290224301127,1.17541104603829,10.1722554347826,0.520192122906224,1.28501497638514,1.56840485179407,10.4375,0.394042795848763,0.9375,1,16
"SigSci-TSENS","48",1.18780029707597,1.61149263234482,51.9932880434783,0.900227426628857,1.9958717884238,2.5402776489761,26.1875,0.303092628167048,1,1,16
"SigSci-TSENS","49",1.10545401448838,1.24941913596729,4.14690217391304,0.549258092560108,1.08933199475498,1.1945210364634,3.8125,0.608939816910021,1,1,16
"SigSci-TSENS","50",1.45699542928615,1.21182824803005,1.4704347826087,0.400442301771066,1.09700346053802,1.11451105806779,0.75,0.447939867307014,1,1,16
"SigSci-TSENS","51",0.924722901590174,1.34640946266666,12.1990489130435,0.776524788670101,1.14640013005497,2.08483833193126,6.5625,0.681233401765753,1,1,16
"SigSci-TSENS","53",0.965074001111727,1.26556328712765,9.66548913043478,0.611488980376257,0.981736031967619,1.07541081765046,10.1875,0.595499184925639,1,1,16
"SigSci-TSENS","54",0.703027036969966,1.10080207133835,3.49978260869565,0.598626444010108,1.50751850332941,2.94817691557839,3.4375,1.31621934225079,1,1,16
"SigSci-TSENS","55",0.801168630632506,1.10091017040254,6.86991847826087,0.696240446542825,0.750852738066544,1.27207151094645,3.1875,1.12595097724026,1,1,16
"SigSci-TSENS","56",1.26906210884833,1.12028039407407,3.43486413043478,0.55459453765562,0.741375039007343,0.811044163974039,2.75,0.703642824982484,1,1,16
"UGA_CEID-Walk","01",0.3656236152483,0.433707153635455,3.37626471014493,0.220636183877713,1.24449257659818,1.29990813532105,5.57,0.301260974189357,0.5,1,12
"UGA_CEID-Walk","02",0.851291104466005,1.00486151883402,1.4581215942029,0.485847007732236,1.15301749606176,1.02842383113757,2.49583333333333,0.921037154931366,0.583333333333333,1,12
"UGA_CEID-Walk","04",0.51105042799616,0.475283233435105,10.0290867753623,0.214822256151999,1.15409233268489,1.11993509390889,15.0470833333333,0.317900882074867,0.333333333333333,0.833333333333333,12
"UGA_CEID-Walk","05",0.40252263210644,0.836991580428405,2.77039891304348,0.519795824970674,1.10863121335174,1.06717128828153,4.00466666666667,0.658666116602429,0.5,0.75,12
"UGA_CEID-Walk","06",0.3477267081378,0.245758289704903,16.9911655797101,0.107052086963135,0.930680042027353,0.930540773647111,22.7066666666667,0.137622970658632,0.833333333333333,1,12
"UGA_CEID-Walk","08",0.533039903633548,0.762549520417415,5.2867143115942,0.418147183916956,0.864040573455286,0.876700724895814,7.727,0.562145643439377,0.75,1,12
"UGA_CEID-Walk","09",0.328829234223035,0.738418005230009,2.10842300724638,0.407402535290496,0.753277237144685,0.958117964372309,2.5475,0.571754624357707,1,1,12
"UGA_CEID-Walk","10",0.416317846967951,0.752885742228684,1.01677826086957,0.326614565095937,1.02524999520451,1.0220662956311,1.70841666666667,0.622762019574538,0.75,1,12
"UGA_CEID-Walk","11",0.592517851758034,0.992692434357916,0.95714597826087,0.407194340871277,0.926744861831605,0.902367271486717,1.55991666666667,0.763765417051441,0.583333333333333,0.833333333333333,12
"UGA_CEID-Walk","12",0.275824248672203,0.199634774603677,10.1944847101449,0.0851724199374025,0.913855095010009,0.927526695218354,10.6423333333333,0.0838675089579712,0.916666666666667,1,12
"UGA_CEID-Walk","13",0.454864270871518,0.689336707137139,7.04555862318841,0.44639372898964,0.945327484863293,0.951808999260404,11.1123333333333,0.571490460178788,0.583333333333333,0.916666666666667,12
"UGA_CEID-Walk","15",1.12826671861791,1.0709631565287,5.42361278985507,0.493785228970904,1.1204965903053,1.05749444259377,8.69,0.715634935385674,0.5,0.916666666666667,12
"UGA_CEID-Walk","16",0.436986713483262,0.709467124703864,1.75151210144928,0.316953726156984,0.831090753422322,0.860840523831833,2.17766666666667,0.412943204079461,0.833333333333333,1,12
"UGA_CEID-Walk","17",0.597197190288386,0.844280428761287,12.8022494927536,0.532764780677112,1.02426300418123,1.04853006600639,17.7004166666667,0.563798373040662,0.833333333333333,1,12
"UGA_CEID-Walk","18",0.353455424723551,0.620367053582836,4.52806811594203,0.349806212713841,1.22555306658353,1.13522641192592,6.01808333333333,0.449597337418426,0.666666666666667,1,12
"UGA_CEID-Walk","19",0.509858497670345,0.958738354923233,2.58683326086956,0.56201933639997,1.12681933425793,1.11228272463839,4.4215,1.09468878362805,0.666666666666667,0.916666666666667,12
"UGA_CEID-Walk","20",0.306083544007311,0.692670936730196,1.31571224637681,0.344780586115116,1.2705354605951,1.43967312003712,2.01816666666667,0.558737938459309,1,1,12
"UGA_CEID-Walk","21",0.481281467790683,0.72565768520948,5.51391858695652,0.535689352497942,0.886071491801517,0.820642112363496,8.86158333333333,0.717415568300681,0.5,1,12
"UGA_CEID-Walk","22",0.42073592242276,0.445816928094545,3.6856993115942,0.186078505174351,0.822753316988343,0.819725276883083,4.00083333333333,0.161484250249896,1,1,12
"UGA_CEID-Walk","23",0.482499653852475,0.834334823898867,1.25485014492754,0.343342090619911,0.895405225652878,0.907992961483486,1.36583333333333,0.473176367333232,1,1,12
"UGA_CEID-Walk","24",0.285981192711622,0.378034011465015,2.64812144927536,0.197461898417646,1.07414514203319,1.13246238568508,3.701,0.245776354687003,0.583333333333333,0.916666666666667,12
"UGA_CEID-Walk","25",0.417134256374864,0.787766329777823,5.92058826086957,0.490646696314238,1.21351927100355,1.11516763739535,11.6426666666667,0.972661690098977,0.333333333333333,1,12
"UGA_CEID-Walk","26",0.344446170002393,0.618788677966402,5.48064177536232,0.348637115221952,1.01528189001916,0.996120057932224,6.60066666666667,0.416398967329736,0.833333333333333,1,12
"UGA_CEID-Walk","27",0.638669591493339,0.868211237600296,6.56453764492754,0.46205328444543,0.903779127373559,0.871201447297939,9.62333333333333,0.674998185517058,0.666666666666667,0.916666666666667,12
"UGA_CEID-Walk","28",0.617814250152222,0.715595277991137,4.19424010869565,0.324767394702392,1.04964408206022,1.01755075014671,6.01841666666667,0.397668968043885,0.666666666666667,1,12
"UGA_CEID-Walk","29",0.277037530037308,0.50488938195878,3.07791985507246,0.310299491689435,1.0133333068619,1.00749430900946,4.92575,0.381533216340794,0.75,1,12
"UGA_CEID-Walk","30",0.573274057658602,0.875280331419495,1.71009561594203,0.475199704538318,1.03529923841943,1.01496422523002,3.08816666666667,0.979940772923498,0.833333333333333,0.916666666666667,12
"UGA_CEID-Walk","31",0.472559687824442,0.839080280422393,1.53641224637681,0.435993344631921,0.852315544206814,0.901017502706803,2.37883333333333,0.84902873500116,0.916666666666667,1,12
"UGA_CEID-Walk","32",0.875110127666796,0.833247015608063,7.67875626811594,0.266231846299226,1.17250528729059,1.16902987397913,12.4531666666667,0.417885329300355,0.416666666666667,1,12
"UGA_CEID-Walk","33",0.489588157886038,0.864250994097058,1.10564141304348,0.390475291397538,1.24427660842973,1.31254274014677,1.757,0.772500109388358,0.833333333333333,1,12
"UGA_CEID-Walk","34",0.335453822100832,0.427249265558204,6.41059804347826,0.21805565835127,0.739567861939424,0.821346052248527,9.61008333333333,0.336305243872226,0.5,1,12
"UGA_CEID-Walk","35",0.567101767740154,0.905011259546486,3.14505789855072,0.479496475693017,1.34951561800811,1.28966379188421,5.14166666666667,0.813945175680061,0.333333333333333,0.916666666666667,12
"UGA_CEID-Walk","36",0.445348915093452,0.559869346013745,15.2777812318841,0.34616105382505,1.22434655640372,1.20298875115494,25.9336666666667,0.579031021101581,0.583333333333333,1,12
"UGA_CEID-Walk","37",0.227067172787619,0.461539996556568,3.96136018115942,0.29175488304191,1.18650408030443,1.15800624580813,6.31391666666667,0.45125098209985,0.333333333333333,1,12
"UGA_CEID-Walk","38",0.780201766344018,0.844429579838244,2.13999688405797,0.377402137137672,0.985595673511301,0.96742855282559,3.51975,0.583810296298155,0.416666666666667,0.916666666666667,12
"UGA_CEID-Walk","39",0.214710697399856,0.420568947084042,4.65362007246377,0.257299669289944,1.36811405105306,1.30877666867829,8.06608333333333,0.406868327763102,0.75,1,12
"UGA_CEID-Walk","40",0.597631010924985,0.776726193739033,5.28460898550725,0.498187665175868,0.976330773248649,0.954041384491364,5.68791666666667,0.512922795924876,0.416666666666667,0.5,12
"UGA_CEID-Walk","41",0.424367419472101,0.856208185394601,3.0740897826087,0.468671396695646,1.01090139438355,0.97493658872821,4.87241666666667,0.685632920475111,0.583333333333333,0.916666666666667,12
"UGA_CEID-Walk","42",0.583187519433517,0.516358350361934,21.7921057971014,0.164348226602231,1.00812240754044,1.06692303078021,19.572,0.122084167157522,0.916666666666667,1,12
"UGA_CEID-Walk","44",0.647012778152674,0.907391337181959,1.89464246376812,0.430416268350309,0.946399106551717,0.970948605971049,3.08458333333333,0.711750482409709,0.666666666666667,1,12
"UGA_CEID-Walk","45",0.361813077356003,0.63037741751366,3.32352264492754,0.362659211114315,1.29062663355942,1.20936481205104,5.45708333333333,0.563477583115946,0.583333333333333,1,12
"UGA_CEID-Walk","46",0.676042289387813,0.926497829406365,1.71668967391304,0.454060655307369,1.06357349939785,1.06616193441376,2.73091666666667,0.765887148857326,0.75,1,12
"UGA_CEID-Walk","47",0.428317777183028,0.394342386709572,6.16373253623188,0.179431409915922,1.12920921694385,1.104396384583,10.2345833333333,0.299685075569851,0.333333333333333,1,12
"UGA_CEID-Walk","48",0.239279256273262,0.186691106755348,10.4581757246377,0.102683363530414,0.963529547720674,0.984377704507469,12.7139166666667,0.114375351369492,0.416666666666667,1,12
"UGA_CEID-Walk","49",0.610329217061548,0.751627991996914,2.313885,0.332302103436476,1.05357382780876,1.02060604628325,3.73491666666667,0.518708821870812,0.5,1,12
"UGA_CEID-Walk","50",0.574576039298187,0.899324934766203,0.586399492753623,0.300188449042852,1.33146902891212,1.37528686318265,0.9505,0.58116410398578,0.75,1,12
"UGA_CEID-Walk","51",0.311516666697206,0.410773079095613,3.90803815217391,0.230230409192486,1.07875594634221,1.05219000435425,5.73416666666667,0.319948479124982,0.666666666666667,0.916666666666667,12
"UGA_CEID-Walk","53",0.633345341870915,0.743735633253789,5.71676391304348,0.319291786840662,0.937324653579563,0.958389538661272,8.52333333333333,0.451573769696266,0.666666666666667,0.75,12
"UGA_CEID-Walk","54",0.523053543134949,0.844273613423733,2.54732072463768,0.455952688063875,1.08005125899847,0.998079679502533,2.43083333333333,0.438526178991343,1,1,12
"UGA_CEID-Walk","55",0.352404085054396,0.84027727137829,2.88671894927536,0.512152218835436,0.700274979495092,0.855835222067602,2.84433333333333,0.724874296710794,1,1,12
"UGA_CEID-Walk","56",0.724313789750681,0.94876270148659,1.91175420289855,0.450832443813225,0.893738483421558,0.92571361126445,3.24916666666667,0.765243154728208,0.5,1,12
"UGA_CEID-Walk","72",0.959692877557245,0.861052797691752,18.7150881521739,0.276244470346392,1.11175120072068,1.11079497876337,29.6623333333333,0.433539718338014,0.5,1,12
"UGA_CEID-auto_AVG_LB","01",0.328841757292692,0.322172615648338,3.03667505748211,0.162765749833476,1.02446923948803,1.02201915994124,4.55732877374882,0.234865363745547,0.583333333333333,1,12
"UGA_CEID-auto_AVG_LB","02",1.00542546198493,1.35290001759055,1.70595398948173,0.648282508104638,1.10811469060794,0.962499070664687,2.39663390111706,0.860889591481238,0.0833333333333333,0.583333333333333,12
"UGA_CEID-auto_AVG_LB","04",0.469809627864436,0.41883167353086,9.13909256062275,0.186600666281069,0.763679462273232,0.827258536666693,10.0418467543099,0.238267814267134,0.833333333333333,1,12
"UGA_CEID-auto_AVG_LB","05",0.310598345939851,0.592696052108249,2.15001668551005,0.376516922956214,0.82231099924233,0.834973754121821,3.02737164300955,0.530015463353806,0.583333333333333,0.666666666666667,12
"UGA_CEID-auto_AVG_LB","06",0.266901014197744,0.20583532350241,13.0236365723032,0.0898766848515399,0.621180068887925,0.732434405669531,15.2058527225711,0.109928574855609,0.916666666666667,1,12
"UGA_CEID-auto_AVG_LB","08",0.412019013651836,0.597120693918777,4.10165897615513,0.329394364275377,0.748064186808769,0.881412718394125,6.70730637547177,0.570429612005905,0.166666666666667,1,12
"UGA_CEID-auto_AVG_LB","09",0.431562633673013,0.873358641455578,2.7642826212095,0.483030068118746,1.30537067837854,1.30030800864839,4.35638961641167,0.768774406643718,0,0.583333333333333,12
"UGA_CEID-auto_AVG_LB","10",0.539584939780753,1.1457284750526,1.34747400198166,0.510428391150743,1.17759533717381,1.15601402166478,1.97307997881007,0.706265098556913,0.25,0.5,12
"UGA_CEID-auto_AVG_LB","11",0.44917753796358,0.708783272536864,0.724047487599148,0.291910552461047,0.634520537941597,0.502158482062153,1.07880030997822,0.431385699773692,0.5,0.833333333333333,12
"UGA_CEID-auto_AVG_LB","12",0.495763356321362,0.291083192700654,18.6716645809577,0.126294891886139,2.51380847461877,2.29453906615629,30.0140713674297,0.212002521931622,0.583333333333333,1,12
"UGA_CEID-auto_AVG_LB","13",0.309072033808953,0.382351365360877,4.76888955012032,0.2491060480723,0.673253396476659,0.698534201707337,7.82115033045678,0.416941887369708,0.333333333333333,1,12
"UGA_CEID-auto_AVG_LB","15",0.506487213465446,0.494312311919479,2.39472462386315,0.227842775714754,0.508550180695841,0.568346106796473,3.8690394166968,0.381036066283183,0.5,0.916666666666667,12
"UGA_CEID-auto_AVG_LB","16",0.379918594221337,0.648749597340269,1.52819725898627,0.293652884001947,0.874130544046555,0.936998594172831,2.24911529722812,0.443506009058875,0.5,0.75,12
"UGA_CEID-auto_AVG_LB","17",0.47185348958874,0.486959786838138,10.197624591785,0.312087929846103,0.862766145627442,0.874913993225876,15.1057177081923,0.47689747410372,0.25,0.75,12
"UGA_CEID-auto_AVG_LB","18",0.238123285277445,0.431790787699584,3.08178287638621,0.248225186501697,0.863146955699314,0.894791363910195,4.24336068851052,0.355323027506409,0.5,0.833333333333333,12
"UGA_CEID-auto_AVG_LB","19",0.421891545429723,0.929955339314982,2.15634226345175,0.555187483816249,0.784445878675744,0.748583890554267,3.09740555389279,0.741470317960788,0.416666666666667,0.75,12
"UGA_CEID-auto_AVG_LB","20",0.407776967053327,0.632401478930102,1.77022518654743,0.323454494219602,1.72134762377333,1.30196432816762,2.74822764938508,0.510137123421888,0.333333333333333,0.916666666666667,12
"UGA_CEID-auto_AVG_LB","21",0.34354866951191,0.358035807516295,3.92308037627743,0.262285036877906,0.581412805415733,0.44758874217401,5.80368675466567,0.390280878508049,0.416666666666667,0.833333333333333,12
"UGA_CEID-auto_AVG_LB","22",0.414144710308262,0.3700567789031,3.63308223125788,0.154125680358329,1.12508755930233,1.13267824723743,5.49001857167714,0.22396359827405,0.833333333333333,1,12
"UGA_CEID-auto_AVG_LB","23",0.566223478183604,1.09955143907119,1.48316476681628,0.462528041251097,1.43149392320743,1.24648842308182,2.19767427524067,0.652662715808065,0.25,0.75,12
"UGA_CEID-auto_AVG_LB","24",0.245534444190175,0.332605579036621,2.29367910037835,0.17370150720204,0.851203379556566,0.997347260820244,3.02318054338759,0.223025930832284,0.75,1,12
"UGA_CEID-auto_AVG_LB","25",0.413056005869083,0.926953441600292,5.90125311874007,0.588724196773334,0.951078595991777,0.9933351779379,9.15890738933333,0.872221484200545,0.166666666666667,0.666666666666667,12
"UGA_CEID-auto_AVG_LB","26",0.42071023834279,0.676854818462398,6.85990491747637,0.39505366353662,1.57851911739762,1.35660558287026,10.3102734198342,0.566062302105776,0.166666666666667,0.666666666666667,12
"UGA_CEID-auto_AVG_LB","27",0.226741266383703,0.434068420799436,2.34967525884641,0.238466911119525,0.234451836722475,0.376091633232945,2.59908622608406,0.309976587605535,0.666666666666667,0.916666666666667,12
"UGA_CEID-auto_AVG_LB","28",0.734481759752241,0.768928987840057,5.07454396352776,0.3570090601303,1.42116625498207,1.47583485337881,8.2595988590232,0.59023519583672,0.25,0.916666666666667,12
"UGA_CEID-auto_AVG_LB","29",0.296678063760979,0.340392719783568,3.27749483167211,0.209453174569902,1.05715867595058,0.896470230412977,5.10008177195508,0.338894380320232,0.333333333333333,1,12
"UGA_CEID-auto_AVG_LB","30",0.586918867487093,0.941734646580165,1.75334813642319,0.510180089091466,0.899040146259039,0.79951779600808,2.68267892004246,0.768419179954616,0.0833333333333333,0.583333333333333,12
"UGA_CEID-auto_AVG_LB","31",0.727032710956438,1.75165916311969,2.37489685432252,0.917229375265717,1.17497578782066,1.22317194228175,3.28408031084134,1.15054583665133,0.0833333333333333,0.333333333333333,12
"UGA_CEID-auto_AVG_LB","32",0.632241568633309,0.615762671911484,5.47938795985195,0.195073645398428,0.726435873205467,0.830947146158991,7.6232695335249,0.295815508312449,0.666666666666667,1,12
"UGA_CEID-auto_AVG_LB","33",0.515338912956999,1.0489401926084,1.19889885974503,0.491936464663896,1.08701805307872,1.00331272105587,1.59200983035337,0.613269914794492,0.416666666666667,0.666666666666667,12
"UGA_CEID-auto_AVG_LB","34",0.399514148801183,0.42060343001857,7.6951155040142,0.21553053571162,0.741220782490066,0.816721619199292,9.67476263600348,0.335345825462372,0.75,1,12
"UGA_CEID-auto_AVG_LB","35",0.457968451750481,0.851604901121284,2.54359180919651,0.453812958592408,1.03535684196934,1.09659798657341,3.96584919049274,0.696340288956233,0.166666666666667,0.75,12
"UGA_CEID-auto_AVG_LB","36",0.238304498192542,0.312434995521264,8.24854735137787,0.194195668766215,0.460986639495386,0.519186187764687,9.92281955252384,0.252020193550251,0.833333333333333,1,12
"UGA_CEID-auto_AVG_LB","37",0.228198802628231,0.3931520392237,3.97948056253939,0.248298563692041,0.89605347383313,0.944721442540627,4.75557802018566,0.367757682656754,0.75,1,12
"UGA_CEID-auto_AVG_LB","38",0.577335507198302,0.572493073575568,1.56645006164965,0.253834653630817,0.776850339329814,0.754276141278074,2.72929462027794,0.44912519787816,0.166666666666667,1,12
"UGA_CEID-auto_AVG_LB","39",0.198007801211286,0.345945923899132,4.30118594653249,0.211375183851656,1.12732320358238,1.14292434746463,6.70488774754765,0.35876250709161,0.333333333333333,1,12
"UGA_CEID-auto_AVG_LB","40",0.313900069691495,0.36735965131614,2.79495012718001,0.237730556648233,0.809351363210786,0.73832680916562,4.70982037173482,0.396547788744115,0.5,1,12
"UGA_CEID-auto_AVG_LB","41",0.421414667744128,0.872915849948378,3.04323885746826,0.475957492613826,0.887677328516349,0.95385825042984,4.29211565346472,0.672246194082023,0.416666666666667,0.75,12
"UGA_CEID-auto_AVG_LB","42",0.410382091820306,0.318890973641645,15.4000314397488,0.102039220075034,1.24198042345385,1.36999711092403,24.5658923186243,0.16035025229971,0.833333333333333,1,12
"UGA_CEID-auto_AVG_LB","44",0.553355983395463,0.883489752507955,1.61025297572269,0.422371155595562,0.694104374719005,0.767296984254594,2.2359502784709,0.560408432669355,0.416666666666667,0.666666666666667,12
"UGA_CEID-auto_AVG_LB","45",0.213363860602464,0.393074057051839,1.95604843226175,0.22681757807228,0.642348066982637,0.752049209885584,2.67233620616676,0.34600740326211,0.583333333333333,1,12
"UGA_CEID-auto_AVG_LB","46",0.559229327923087,0.957590218275001,1.42138144850183,0.472291113584386,0.80769901624737,0.886551632972961,2.06153658707167,0.635841880535128,0.333333333333333,0.75,12
"UGA_CEID-auto_AVG_LB","47",0.278892283235991,0.264832553286923,3.98592290354737,0.119685733565805,0.589065698419985,0.632042504074364,5.35260681820969,0.171986022122261,0.75,1,12
"UGA_CEID-auto_AVG_LB","48",0.410437133193858,0.288132196696182,18.004793627838,0.158375511737114,0.917965175237597,0.97057283897896,12.1508312430086,0.112884158278093,1,1,12
"UGA_CEID-auto_AVG_LB","49",0.404704678602381,0.501816031835189,1.53261585515408,0.219710753158178,0.671982942483955,0.693222925722596,2.39106712222844,0.350722347729735,0.583333333333333,1,12
"UGA_CEID-auto_AVG_LB","50",0.807428451744079,1.48864228696571,0.820331329246353,0.497090710551895,1.57396322334521,1.54283332394128,1.12304576784339,0.652498366475109,0.166666666666667,0.333333333333333,12
"UGA_CEID-auto_AVG_LB","51",0.162815915006573,0.234190793711086,2.07653757241303,0.133401032857431,0.547483164517211,0.637805065809956,2.98890244011382,0.199541181078021,0.75,1,12
"UGA_CEID-auto_AVG_LB","53",0.622197927872631,0.659952587055395,5.61039692298948,0.282090081573645,0.875498461790422,0.942687711019555,7.99189031993588,0.445736894098633,0.416666666666667,1,12
"UGA_CEID-auto_AVG_LB","54",0.281177049877992,0.45869945365679,1.34757386421793,0.242569123365218,0.904124481717558,0.855073013060345,2.01797072375435,0.372783705323634,0.416666666666667,0.833333333333333,12
"UGA_CEID-auto_AVG_LB","55",0.413347322843477,0.965251465520582,3.45610704313658,0.622372576508602,1.24683346263231,0.9907266336852,5.26663379401699,0.883965593147408,0.166666666666667,0.583333333333333,12
"UGA_CEID-auto_AVG_LB","56",0.614935281842369,0.879802645130204,1.60157864064087,0.418760992500338,0.727583732992774,0.808381273650604,2.58594695259829,0.656250143126405,0.166666666666667,0.666666666666667,12
"UGA_CEID-auto_AVG_LB","72",0.739775604956004,0.659675116781398,14.4449614509351,0.212201559616068,0.696024564666946,0.793068505559892,18.6372654018353,0.310818260597498,0.666666666666667,1,12
"UGA_flucast-Copycat","01",0.348294422950507,0.365354510550583,3.12510869565217,0.178730680056584,1.19796596304801,1.25479672573858,5.125,0.278319575494738,0.6875,1,16
"UGA_flucast-Copycat","02",0.867107314127667,1.23073596884421,1.36630434782609,0.563900284964355,0.970322575867042,0.984237907263448,1.9375,0.835576465958491,0.4375,0.8125,16
"UGA_flucast-Copycat","04",0.443579989658734,0.424865789414438,8.58336956521739,0.196849876011463,1.03150526315876,1.0569676371246,13.4375,0.306835738060224,0.6875,1,16
"UGA_flucast-Copycat","05",0.340735805205935,0.648206445182514,2.32777173913043,0.402965285952921,1.01573060750873,0.988114182308012,3.625,0.612152249279405,0.5625,0.875,16
"UGA_flucast-Copycat","06",0.455209014591094,0.288237116724565,21.4846195652174,0.1244824116794,1.29984332336712,1.23650935255329,29.9375,0.177432109861284,0.75,1,16
"UGA_flucast-Copycat","08",0.514474378860466,0.61521262679726,4.88529891304348,0.341497409090552,0.951752256991453,0.91571625867189,8,0.588517914416179,0.375,1,16
"UGA_flucast-Copycat","09",0.223542005808568,0.529861112414481,1.41972826086957,0.300876699086422,0.731919450759828,0.887549645335473,2.375,0.528524817945841,0.625,1,16
"UGA_flucast-Copycat","10",0.336835932835066,0.651223878352579,0.797798913043478,0.281658490763109,0.829779299946461,0.833875973659798,1.3125,0.50117438047805,0.875,1,16
"UGA_flucast-Copycat","11",0.71980614289668,1.28202214196333,1.24709239130435,0.554904746430937,1.00396781332386,1.00275444953201,1.8125,0.883708229814495,0.375,0.875,16
"UGA_flucast-Copycat","12",0.341257618226063,0.213442551109835,13.4861956521739,0.102722177333827,1.10547313829169,1.06698030003577,15.4375,0.122161665803774,1,1,16
"UGA_flucast-Copycat","13",0.515632898739213,0.67133792659194,7.72779891304348,0.421219469493769,1.08725827724618,1.17020227282852,12.1875,0.668367082418614,0.25,0.75,16
"UGA_flucast-Copycat","15",1.53761222277816,1.1874999677893,7.32163043478261,0.554154258864835,1.52829880270314,1.31666147818538,11.5,0.86558512224328,0.25,0.75,16
"UGA_flucast-Copycat","16",0.522180394692903,0.778029616722758,2.1476902173913,0.37105778216667,1.21032332336456,1.13597513735858,3.25,0.58499054494524,0.5625,0.9375,16
"UGA_flucast-Copycat","17",0.658943844735148,0.770991065388016,13.9418206521739,0.507227153368756,1.14016208169534,1.36341329376003,19.5,0.762927474284843,0.1875,0.75,16
"UGA_flucast-Copycat","18",0.207421910813071,0.374001122517193,2.78559782608696,0.217765805964798,0.824615599380712,0.866105558003737,4.25,0.358629983856727,0.75,1,16
"UGA_flucast-Copycat","19",0.518744609769244,1.21329749057496,2.55486413043478,0.704190547443097,0.986815138834517,1.06085900936158,3.6875,1.00199094854667,0.3125,0.75,16
"UGA_flucast-Copycat","20",0.328229031835794,0.798570100968836,1.43320652173913,0.404623149721201,1.55452730286643,1.83657828748097,2.5,0.71171014012468,0.4375,1,16
"UGA_flucast-Copycat","21",0.832034268880455,1.35489501331834,9.12635869565217,0.932037454052606,1.32734681316792,1.69452010554125,12.5,1.34953114469889,0.0625,0.5625,16
"UGA_flucast-Copycat","22",0.355860438769082,0.28836566441059,3.41725543478261,0.132376919266439,0.869170430457528,0.843273258382397,4.8125,0.189085458853029,0.9375,1,16
"UGA_flucast-Copycat","23",0.363957615196892,0.693380826446288,0.995271739130435,0.301061849363912,0.933349734577599,0.893509813328524,1.5,0.489002875678518,0.875,1,16
"UGA_flucast-Copycat","24",0.275572318220879,0.309004504836087,2.48744565217391,0.15753753942622,1.00268618003255,1.00239264308784,3.25,0.205753528800651,0.75,1,16
"UGA_flucast-Copycat","25",0.327633778868925,0.728732425774898,4.85429347826087,0.481458104871174,0.765787707982594,0.83534959973816,8,0.786748217418303,0.125,1,16
"UGA_flucast-Copycat","26",0.185254380505064,0.359091611104407,3.24535326086957,0.227803351665858,0.606015012394153,0.703732182348962,4.5625,0.347280145952624,0.75,1,16
"UGA_flucast-Copycat","27",0.618373526048131,0.807279504336886,6.48013586956522,0.451928747929234,0.951011443435903,0.906324251419129,10.5625,0.746566709324212,0.3125,0.9375,16
"UGA_flucast-Copycat","28",0.59699925915948,0.584050127219601,4.05790760869565,0.280721669318942,1.10614598918974,1.05725220932258,6.4375,0.447800340539116,0.5625,0.9375,16
"UGA_flucast-Copycat","29",0.319852490606494,0.517928467102887,3.64152173913043,0.321841831419436,1.20073620532756,1.35636710278988,5.875,0.507508095404456,0.5625,0.9375,16
"UGA_flucast-Copycat","30",0.695444309583653,1.19133962346385,1.93046195652174,0.624402397340625,1.01751406311919,1.02184909396055,2.8125,0.938217161088515,0.3125,0.8125,16
"UGA_flucast-Copycat","31",0.408028573900237,0.874889998117612,1.31823369565217,0.477743878985084,0.711248763499571,0.781470749605272,1.9375,0.761810448601702,0.5625,0.9375,16
"UGA_flucast-Copycat","32",1.13220718547248,0.906716194184618,9.38722826086956,0.288412965132524,1.4757218757225,1.32102909560888,14.9375,0.472538894812612,0.3125,0.9375,16
"UGA_flucast-Copycat","33",0.40496351026928,0.861437774865514,0.945978260869565,0.392559112878887,1.12635744708109,1.24642579607529,1.625,0.724367906631647,0.625,1,16
"UGA_flucast-Copycat","34",0.315784278816521,0.369279613868382,6.26638586956522,0.198571409293424,0.698990325255562,0.750043346195466,9.9375,0.344981362069845,0.4375,1,16
"UGA_flucast-Copycat","35",0.444734229831304,0.699322647947242,2.33589673913044,0.369751305826617,1.09721384205928,1.00667474717962,3.875,0.622371331522313,0.5625,1,16
"UGA_flucast-Copycat","36",0.32909807395584,0.409495620271024,11.0622826086957,0.2644753449244,0.885144164041466,0.901583276842975,18.1875,0.448038807018529,0.5,1,16
"UGA_flucast-Copycat","37",0.153741733139494,0.318835845166215,2.65546195652174,0.203533431981683,0.776760163059615,0.810122096305443,4,0.314062557335994,0.6875,1,16
"UGA_flucast-Copycat","38",0.929102991617833,1.05837466077334,2.40415760869565,0.441187540308418,1.15270313881432,1.28531646891587,3.875,0.717881268398707,0.3125,0.9375,16
"UGA_flucast-Copycat","39",0.149196054759431,0.303319777957359,3.28964673913043,0.199501349185461,0.85385441817965,0.923923152781378,5.1875,0.308422644455617,0.6875,1,16
"UGA_flucast-Copycat","40",0.433242793875292,0.594813761410977,3.80214673913043,0.366442861302315,1.08823471622913,1.13587161875976,6.1875,0.573925395233182,0.25,1,16
"UGA_flucast-Copycat","41",0.503328490348905,0.937302849554122,3.72391304347826,0.540961472087073,1.16877473746692,1.09780260796758,5.75,0.809041467050251,0.5,0.875,16
"UGA_flucast-Copycat","42",0.463782335014121,0.356903760221362,19.1789673913043,0.130863576716465,1.22815168949465,1.33092145936037,27.8125,0.18634562571456,0.8125,1,16
"UGA_flucast-Copycat","44",0.635423433155101,0.929857493248008,1.87317934782609,0.458487544810389,0.895626961500592,0.945981262943727,2.9375,0.716262472871697,0.5,0.9375,16
"UGA_flucast-Copycat","45",0.286716828413575,0.492077685176602,2.60790760869565,0.2859586608042,1.00944745974025,1.01572672359291,4.25,0.476019072548506,0.4375,1,16
"UGA_flucast-Copycat","46",0.641012801406447,0.941736613032647,1.56657608695652,0.457601940459879,1.03962832735817,1.05613678702236,2.5625,0.748959104631324,0.5625,1,16
"UGA_flucast-Copycat","47",0.35191393930245,0.340296286274698,4.79440217391304,0.150337051225836,0.855340177614195,0.887795835411421,7,0.223932316584534,0.8125,1,16
"UGA_flucast-Copycat","48",0.308458693916038,0.201325755966617,13.4452989130435,0.112257593632134,1.26867622510918,1.22372661661894,16.5625,0.144729394651983,1,1,16
"UGA_flucast-Copycat","49",0.608305575691061,0.748117215109824,2.27407608695652,0.3301420986074,0.993088806139144,1.0476338129297,3.5,0.532466458746924,0.5,0.9375,16
"UGA_flucast-Copycat","50",0.440951951910838,0.746434398362686,0.442989130434783,0.246282322472083,1,1,0.6875,0.404618168522017,0.75,0.9375,16
"UGA_flucast-Copycat","51",0.281339857291427,0.342387161492501,3.69864130434783,0.19788550467379,0.998954521770815,0.974506522946502,5.625,0.309427151448157,0.625,1,16
"UGA_flucast-Copycat","53",0.629284006192683,0.704666342596942,6.31282608695652,0.339708391763936,0.950796158853512,0.996542077863036,9.9375,0.549733261597202,0.25,0.9375,16
"UGA_flucast-Copycat","54",0.25644812215591,0.621390366895756,1.27923913043478,0.344815774057061,0.895255463273245,1.23003069089828,2.0625,0.556681871409766,0.5625,1,16
"UGA_flucast-Copycat","55",0.201749668118133,0.810119961436447,1.69154891304348,0.514722822013198,0.539113043136758,0.876800602055107,2.3125,0.78489332744497,0.625,0.8125,16
"UGA_flucast-Copycat","56",0.783593439561244,1.05440885158069,2.14342391304348,0.533836720752467,0.936165024530377,0.967074826001299,3.5,0.844724621740259,0.25,1,16
"UGA_flucast-Copycat","72",1.33572976045635,1.03208030276594,24.7171195652174,0.323068919603937,1.58456002219717,1.38264320083075,39.5625,0.516607100939231,0.375,0.9375,16
"UGA_flucast-INFLAenza","01",0.430343711645405,0.495130485282786,3.8636152173913,0.242861230971966,1.60610426412338,1.85917282254943,6.875,0.414012159319001,0.5,1,16
"UGA_flucast-INFLAenza","02",0.711989019566563,0.980540846927939,1.11266644021739,0.444497104907775,0.846663250236602,0.852364945564946,1.6875,0.721040124474221,0.5625,1,16
"UGA_flucast-INFLAenza","04",0.429592468827025,0.456139026865665,7.98387894021739,0.201228077462669,1.14828705898279,1.26385116827839,14.375,0.349252714233583,0.4375,1,16
"UGA_flucast-INFLAenza","05",0.262585963482635,0.525231142296421,1.70993260869565,0.312426148793274,0.845431627270486,0.890386264214052,2.875,0.529678016338261,0.375,1,16
"UGA_flucast-INFLAenza","06",0.485446460387439,0.473000053784037,23.056364673913,0.207272067941078,1.90727825726772,2.61325614215514,44.0625,0.380066534808916,0.3125,1,16
"UGA_flucast-INFLAenza","08",0.229298138654699,0.35157446963014,2.12106535326087,0.193004625473145,0.425415110701899,0.536789198418196,3.5,0.343281827256252,0.625,1,16
"UGA_flucast-INFLAenza","09",0.247303094606595,0.532338524035083,1.54685176630435,0.297480909217171,0.807780751654356,0.892326026667168,2.5625,0.518774552416055,0.5625,1,16
"UGA_flucast-INFLAenza","10",0.285098251762384,0.598399848065307,0.676864809782609,0.260588762199909,0.668286506737502,0.702412069394984,1.0625,0.425926080207679,0.75,1,16
"UGA_flucast-INFLAenza","11",0.536100389390103,0.880942020973589,0.937690217391304,0.384956006685741,0.782495692297131,0.693628994850162,1.4375,0.623778037104516,0.5625,0.875,16
"UGA_flucast-INFLAenza","12",0.564219288181079,0.470374721259693,22.3609864130435,0.228291736002739,3.02447489910141,3.61551792236252,42.5625,0.418361959427538,0.3125,1,16
"UGA_flucast-INFLAenza","13",0.341901225313257,0.42793830957438,5.03423002717391,0.264764907959089,0.726584435191162,0.759905121946759,8,0.428527733399404,0.4375,1,16
"UGA_flucast-INFLAenza","15",0.63928061010543,0.604486757324129,2.9356464673913,0.275629380908659,0.611820253449733,0.652674578280475,4.4375,0.421928533795592,0.75,1,16
"UGA_flucast-INFLAenza","16",0.258862872543931,0.46610079137988,1.05731086956522,0.221225189907608,0.640477263579328,0.715769096173041,1.6875,0.364360142344798,0.75,1,16
"UGA_flucast-INFLAenza","17",0.513671533543181,0.518133987108507,10.9341309782609,0.342822861750476,0.85519871827043,0.874954056134525,14.75,0.493918643345057,0.5625,0.75,16
"UGA_flucast-INFLAenza","18",0.157328909102202,0.29782641897441,2.08255597826087,0.170999546291535,0.588416566350389,0.613674517188782,2.9375,0.247033224873417,0.8125,1,16
"UGA_flucast-INFLAenza","19",0.285172945882335,0.697031308093453,1.40117581521739,0.405701693718668,0.617151440357551,0.676675527297483,2.3125,0.644807551893342,0.5,1,16
"UGA_flucast-INFLAenza","20",0.165257931546807,0.358877344096618,0.711729483695652,0.181004021540699,0.670215188413905,0.667764182610964,1.0625,0.256965626882815,0.9375,1,16
"UGA_flucast-INFLAenza","21",0.596778194809363,0.725024340816983,6.5429625,0.496534607966085,1.07254974152774,0.981972071406978,10.125,0.782203573941767,0.0625,0.625,16
"UGA_flucast-INFLAenza","22",0.648411085006379,0.666450288799867,6.31219252717391,0.310971336999443,1.98071061074547,2.35819715059952,11.125,0.538342133942704,0.25,1,16
"UGA_flucast-INFLAenza","23",0.247378293131164,0.57985437751454,0.675327717391305,0.252280258471242,0.585476816571279,0.709219024729411,0.9375,0.388413006151387,0.8125,1,16
"UGA_flucast-INFLAenza","24",0.349395095217628,0.554202125197267,3.19201195652174,0.286068135931628,1.69075854521738,2.34468866645793,5.59375,0.491538672309779,0.4375,0.9375,16
"UGA_flucast-INFLAenza","25",0.191081474424139,0.535703124632426,2.80994782608696,0.356295445420366,0.427043972592853,0.615757492019392,4.4375,0.584538175170816,0.625,0.9375,16
"UGA_flucast-INFLAenza","26",0.152115568477232,0.30760169073271,2.65157934782609,0.19384988824456,0.503618755320705,0.603007020836681,3.75,0.294100361705355,0.75,1,16
"UGA_flucast-INFLAenza","27",0.195287826956293,0.384190501987384,2.03608002717391,0.217770564145035,0.258028886575387,0.408427779328374,2.875,0.344901815086133,0.8125,1,16
"UGA_flucast-INFLAenza","28",0.232872579395887,0.300214230471137,1.55450122282609,0.14314046303702,0.234434981737937,0.356747203865031,1.375,0.154759486792071,0.9375,1,16
"UGA_flucast-INFLAenza","29",0.318964348679784,0.490215738246576,3.63400869565217,0.30525294158726,1.20490293331884,1.31041169495682,5.9375,0.494180378708672,0.4375,1,16
"UGA_flucast-INFLAenza","30",0.404448118509004,0.642047250178122,1.12655230978261,0.335162242351079,0.651393454444932,0.635436894121528,1.8125,0.584282131080019,0.5625,0.9375,16
"UGA_flucast-INFLAenza","31",0.495675950505734,1.21352612908811,1.56086956521739,0.650103790933631,0.904470482124388,1.07215810376274,2.4375,1.03901489542625,0.1875,1,16
"UGA_flucast-INFLAenza","32",0.556447753672605,0.638355129094172,4.47592554347826,0.198885998099104,0.757883513023232,0.894359259842408,7.4375,0.313911175113318,0.5625,1,16
"UGA_flucast-INFLAenza","33",0.324177492286203,0.669944997948739,0.763260869565217,0.307911562384176,0.90240572989633,0.941271244873064,1.3125,0.551081111491661,0.5625,1,16
"UGA_flucast-INFLAenza","34",0.172693936811278,0.24107910564364,3.38493247282609,0.128653941476239,0.247201268322893,0.278608260592888,3.4375,0.125313064806034,1,1,16
"UGA_flucast-INFLAenza","35",0.214014623032553,0.443851079677417,1.09441970108696,0.232944231242137,0.392299969442593,0.526781696966839,1.375,0.328477612711154,0.75,1,16
"UGA_flucast-INFLAenza","36",0.18280737935482,0.256422799106761,6.02868138586957,0.16312414960552,0.424217132523295,0.471180141103653,8.5,0.228646970711167,0.625,1,16
"UGA_flucast-INFLAenza","37",0.108636200391523,0.248175814174467,1.87438682065218,0.158480517153683,0.471733542078978,0.548897829133141,2.4375,0.21378678568605,0.8125,1,16
"UGA_flucast-INFLAenza","38",0.785433682815225,0.858570623673439,2.00932173913043,0.355517021095206,0.964305068518321,1.01736412126321,3.1875,0.56151979839021,0.4375,0.875,16
"UGA_flucast-INFLAenza","39",0.105927726758167,0.230874598979594,2.33671358695652,0.152304753736887,0.513604962807313,0.592780545570625,3.125,0.19868541709311,0.875,1,16
"UGA_flucast-INFLAenza","40",0.549012090473865,0.768278671400318,4.80524510869565,0.470762500878619,1.35623613930118,1.53094923095329,7.6875,0.770425876680593,0.0625,0.75,16
"UGA_flucast-INFLAenza","41",0.276098705681565,0.632619695903069,2.03405230978261,0.363596816322865,0.698248312432187,0.833854834696571,3.4375,0.614670712215897,0.5,1,16
"UGA_flucast-INFLAenza","42",0.782255764545026,0.708518502252879,32.7593650815217,0.264291429707947,2.49030427221932,3.20754831112926,57.5,0.459661012749853,0.25,1,16
"UGA_flucast-INFLAenza","44",0.483598717678953,0.742508614873842,1.40085652173913,0.359214291186156,0.732515900537005,0.850518262678951,2.375,0.635000221513572,0.5625,1,16
"UGA_flucast-INFLAenza","45",0.165873736810205,0.336615789610602,1.49099239130435,0.194635207588764,0.523021143481646,0.636997369154939,2.1875,0.29886848482987,0.8125,1,16
"UGA_flucast-INFLAenza","46",0.435581124944978,0.713228609264227,1.05649510869565,0.344664141781605,0.689763925400585,0.760184623983744,1.6875,0.538144948087858,0.5,1,16
"UGA_flucast-INFLAenza","47",0.314218559362605,0.367172321785919,4.25505203804348,0.161846424086652,0.872837941552676,1.01537479681332,7.09375,0.255335991482537,0.6875,1,16
"UGA_flucast-INFLAenza","48",0.383085027584531,0.359544429798343,16.7721974184783,0.202337877116335,2.46695609066192,3.14005135287629,32.1875,0.372741732580893,0.3125,1,16
"UGA_flucast-INFLAenza","49",0.390268775844767,0.549715289947229,1.45875054347826,0.242866658207176,0.637727111954715,0.721257202599357,2.25,0.366897229655126,0.5625,1,16
"UGA_flucast-INFLAenza","50",0.40096786742202,0.67543175959746,0.399891304347826,0.221026840372598,1.0076294324585,1.00944445144112,0.6875,0.404618168522017,0.75,1,16
"UGA_flucast-INFLAenza","51",0.167853047159056,0.261236394461369,2.22503274456522,0.152223085423713,0.54698927690513,0.637125552940201,3.125,0.205474634387073,0.875,1,16
"UGA_flucast-INFLAenza","53",0.294049211877103,0.371683804328071,2.92368600543478,0.178619644195186,0.436606781849534,0.522820594152443,4.5,0.286358507199738,0.8125,1,16
"UGA_flucast-INFLAenza","54",0.230384387888571,0.419089486503934,1.11932907608696,0.224489740580721,0.727651516838398,0.743124521617888,1.625,0.32279912337022,0.6875,1,16
"UGA_flucast-INFLAenza","55",0.214331711264682,0.587403346807732,1.81470108695652,0.383525666133424,0.608530515291355,0.611944093615175,2.625,0.560422844736841,0.5625,1,16
"UGA_flucast-INFLAenza","56",0.464724579335767,0.672218790896403,1.23347826086957,0.330636762192744,0.567984540206453,0.675051655118689,2.0625,0.574647713590815,0.5625,0.9375,16
"UGA_flucast-INFLAenza","72",0.759004154051074,0.650077742872639,14.0975277173913,0.203940982999182,0.702622464063113,0.76958299622919,17.5625,0.28787521697321,0.75,1,16
"UGA_flucast-Scenariocast","01",0.372069388863265,0.400085783580228,3.3420652173913,0.196184750196899,1.26645967631138,1.36369578454026,5.4375,0.303950887160607,0.4375,1,16
"UGA_flucast-Scenariocast","02",0.856515300515967,1.21793481035825,1.34660326086957,0.556272090966918,1.00024658159722,0.996958011863477,2,0.846971563258113,0.4375,0.8125,16
"UGA_flucast-Scenariocast","04",0.3918841039613,0.397736331493289,7.44347826086956,0.180398145984077,0.938977771746449,1.03294169358857,12,0.294166363872466,0.5,1,16
"UGA_flucast-Scenariocast","05",0.305865709917885,0.599908563474033,2.05532608695652,0.368035032165552,0.944954475640583,0.9557629818808,3.3125,0.584673209319716,0.375,1,16
"UGA_flucast-Scenariocast","06",0.262478049708004,0.195215028843736,12.4163586956522,0.0848352379654888,0.287616443984217,0.318703595684047,6.5625,0.0454655721536781,1,1,16
"UGA_flucast-Scenariocast","08",0.442347872415508,0.581536353369215,4.17016304347826,0.322678839811177,0.852155316186016,0.889855608524422,7.125,0.572361977326343,0.25,1,16
"UGA_flucast-Scenariocast","09",0.241151800660514,0.553580143617715,1.52953804347826,0.313468679711346,0.787399304252444,0.902717458023229,2.5625,0.539615482105801,0.625,1,16
"UGA_flucast-Scenariocast","10",0.292266033607697,0.599199609612,0.689483695652174,0.259051271345931,0.674129889702379,0.721148101137087,1.0625,0.433287519936203,0.8125,1,16
"UGA_flucast-Scenariocast","11",0.677209561481722,1.20604889087002,1.17301630434783,0.521877526024874,1.00396781332386,1.00275444953201,1.8125,0.883708229814495,0.4375,0.9375,16
"UGA_flucast-Scenariocast","12",0.33557044908823,0.247913159353986,13.2447826086957,0.119635777387344,1.42638264575113,1.49092754301853,19.9375,0.170905260079281,0.8125,1,16
"UGA_flucast-Scenariocast","13",0.472512157423023,0.589027745465689,7.06771739130435,0.369393913353001,0.964781910076793,0.991609132614418,10.8125,0.566967056350136,0.25,0.6875,16
"UGA_flucast-Scenariocast","15",1.30698511360162,1.14147288280314,6.14214673913043,0.528306137606899,1.26857686188823,1.22103983406347,9.4375,0.797559012825248,0.3125,0.6875,16
"UGA_flucast-Scenariocast","16",0.424098841294604,0.666645633798927,1.73845108695652,0.31714143536773,1.00927755972481,1.00117805178669,2.6875,0.512777342588271,0.5625,1,16
"UGA_flucast-Scenariocast","17",0.563684585636249,0.572126328187608,11.8982608695652,0.375742219283947,0.98071291478428,0.996493776035546,16.75,0.556930488767594,0.375,0.75,16
"UGA_flucast-Scenariocast","18",0.189907541069392,0.358380075530119,2.5560597826087,0.209294041682351,0.789015196733421,0.832731344068123,4.0625,0.344719670419545,0.6875,1,16
"UGA_flucast-Scenariocast","19",0.439392536053605,1.07571757312128,2.15945652173913,0.62359784756485,0.888358679058461,1.03629207353016,3.3125,0.978489474612922,0.3125,0.875,16
"UGA_flucast-Scenariocast","20",0.301231143876537,0.68058635093836,1.32491847826087,0.346475715867022,1.41962913180461,1.53653624510076,2.3125,0.601013878748098,0.5625,1,16
"UGA_flucast-Scenariocast","21",0.728422180314666,1.02346375372435,7.97741847826087,0.700529980192693,1.18826691288277,1.2713474447218,11.1875,1.00939432513847,0,0.5625,16
"UGA_flucast-Scenariocast","22",0.408751185945381,0.374646014087652,3.98084239130435,0.174881609898376,1.20927054682472,1.27651251102395,6.875,0.294354999696029,0.5625,1,16
"UGA_flucast-Scenariocast","23",0.345208346978007,0.698922470295696,0.945380434782609,0.304622584510449,0.980970998884427,0.971317607528841,1.5625,0.528290916892417,0.75,1,16
"UGA_flucast-Scenariocast","24",0.237651149812353,0.283589079061511,2.14244565217391,0.144512248368974,0.945520732397705,0.990049424763369,3.0625,0.203122044603922,0.6875,1,16
"UGA_flucast-Scenariocast","25",0.29567189296611,0.711242622006412,4.37611413043478,0.47122188735996,0.704991791011025,0.807722818951506,7.375,0.763729508692261,0.125,0.9375,16
"UGA_flucast-Scenariocast","26",0.1818539482278,0.355982200221475,3.20279891304348,0.227339616435254,0.656251444581526,0.743149263784903,4.9375,0.366487014193184,0.625,1,16
"UGA_flucast-Scenariocast","27",0.527360605863421,0.786303072875527,5.51051630434783,0.441487044893565,0.839308049092874,0.896246484644932,9.3125,0.740887688352969,0.1875,0.9375,16
"UGA_flucast-Scenariocast","28",0.311465243620647,0.360233210816272,2.09619565217391,0.172413969414572,0.584099735907922,0.681624436445377,3.375,0.287975241834399,0.8125,1,16
"UGA_flucast-Scenariocast","29",0.296071816599227,0.453035326253562,3.36220108695652,0.28081671008872,1.09952235203685,1.17036438355471,5.375,0.437007391434275,0.4375,0.9375,16
"UGA_flucast-Scenariocast","30",0.683332124093976,1.15151763557264,1.8920652173913,0.601668678021452,0.992084122949437,1.00587540510112,2.75,0.926822063788893,0.3125,0.9375,16
"UGA_flucast-Scenariocast","31",0.439739060410731,0.951036000008285,1.40913043478261,0.515533959356625,0.757887973672219,0.834856428772405,2.0625,0.815044961772739,0.5625,0.9375,16
"UGA_flucast-Scenariocast","32",0.708440166118366,0.643466666062082,5.78209239130435,0.202723795309254,0.909655605419225,0.930700189561045,9.0625,0.330151400187278,0.5625,1,16
"UGA_flucast-Scenariocast","33",0.364089249090208,0.750025954316622,0.84929347826087,0.341367129654344,0.917029978425723,0.929047133080837,1.3125,0.536358232034613,0.5625,1,16
"UGA_flucast-Scenariocast","34",0.262404904369099,0.326082867554844,5.19904891304348,0.175143798008818,0.629717959077941,0.688740052745038,8.9375,0.316410505355133,0.5,1,16
"UGA_flucast-Scenariocast","35",0.328536904906673,0.573375094146949,1.70820652173913,0.301994740385767,0.838173763501602,0.874472432374369,2.9375,0.540540151114777,0.5625,1,16
"UGA_flucast-Scenariocast","36",0.306979797550753,0.399752824036223,10.3130163043478,0.258280912670158,0.853181447524349,0.887846593748571,17.5625,0.442388566300541,0.3125,0.9375,16
"UGA_flucast-Scenariocast","37",0.148943644900568,0.309380800274052,2.57521739130435,0.197755268523641,0.751432778938415,0.796429552668882,3.875,0.309364699173867,0.625,1,16
"UGA_flucast-Scenariocast","38",0.880151768742395,0.934703850798421,2.28671195652174,0.391200521459993,1.07654053693926,1.10937394269161,3.625,0.621131478979262,0.25,0.875,16
"UGA_flucast-Scenariocast","39",0.124416524384719,0.257363651777102,2.73915760869565,0.169054287099988,0.713010622648388,0.784744828149453,4.3125,0.261169537949894,0.6875,1,16
"UGA_flucast-Scenariocast","40",0.429971728685124,0.578744784804394,3.77451086956522,0.356633325001212,1.07628625669797,1.11958010529898,6.125,0.566098358370068,0.25,0.9375,16
"UGA_flucast-Scenariocast","41",0.386154130400582,0.807154099156594,2.85494565217391,0.465453480784345,0.902416709650638,0.957368284501467,4.4375,0.70546597356372,0.5,0.875,16
"UGA_flucast-Scenariocast","42",0.429238348730015,0.334727597504749,17.7895380434783,0.123257157206457,1.13189066516569,1.19872797519946,25.6875,0.168142980201715,0.75,1,16
"UGA_flucast-Scenariocast","44",0.656954411976411,0.962206088008677,1.93739130434783,0.474739998508742,0.91091548994217,0.949220913409967,3,0.720574527339631,0.4375,0.9375,16
"UGA_flucast-Scenariocast","45",0.237099027925618,0.441115721622838,2.14198369565217,0.255390898921969,0.824162251721196,0.896270699517655,3.4375,0.417337430494979,0.4375,1,16
"UGA_flucast-Scenariocast","46",0.712511891426693,1.00976945256573,1.75836956521739,0.494038716014985,1.17083276811771,1.1457917447197,2.9375,0.824705415504768,0.5,0.9375,16
"UGA_flucast-Scenariocast","47",0.297328039609175,0.303447076000388,4.04464673913044,0.133915057931511,0.685970825129348,0.753757214053576,5.625,0.190588691155902,0.8125,1,16
"UGA_flucast-Scenariocast","48",0.20338337121489,0.159019881221858,8.89847826086956,0.0892353338906844,0.624017669438102,0.652644998802618,8,0.0757349514132963,1,1,16
"UGA_flucast-Scenariocast","49",0.52065630023884,0.681067334973134,1.94375,0.300762077867631,0.871273801324581,0.966715131990096,3.0625,0.491067988628599,0.5,0.9375,16
"UGA_flucast-Scenariocast","50",0.405156214422765,0.682619432669537,0.404538043478261,0.223873347236177,1,1,0.6875,0.404618168522017,0.75,1,16
"UGA_flucast-Scenariocast","51",0.194882140175074,0.26334373729982,2.56383152173913,0.152480592906998,0.710442911204126,0.762806761785691,4,0.242679820329951,0.6875,1,16
"UGA_flucast-Scenariocast","53",0.454954626331598,0.547274639526198,4.54701086956522,0.26309110376979,0.722551765286599,0.812113115632741,7.5,0.446139763982056,0.4375,1,16
"UGA_flucast-Scenariocast","54",0.240692166272594,0.5472186572515,1.19271739130435,0.301255227421873,0.838811769579872,1.07982995188851,1.9375,0.492052260939108,0.4375,1,16
"UGA_flucast-Scenariocast","55",0.247441865072256,0.84853274601206,2.08279891304348,0.542567268956123,0.786799532616903,1.05921350440441,3.375,0.948998399744481,0.375,0.8125,16
"UGA_flucast-Scenariocast","56",0.738486289347435,1.02403003733137,2.00595108695652,0.515289454537004,0.876046431842164,0.938181090923472,3.25,0.813782292565394,0.3125,0.9375,16
"UGA_flucast-Scenariocast","72",0.882595685475182,0.763049937271511,16.3939673913043,0.239668737304171,0.998054645805233,0.999047647007313,25,0.374584407631562,0.5,0.8125,16
"UI_CompEpi-EpiGen","01",0.61730241218541,0.619730906417645,4.78728260869565,0.249741226162863,2.28366144143004,2.21084174053158,7.5,0.369602412506924,0.5,1,4
"UI_CompEpi-EpiGen","02",0.455769198635678,0.665217466556064,0.532717391304348,0.249037037911657,0.490278267906321,0.374825994345732,0.75,0.274653072167027,1,1,4
"UI_CompEpi-EpiGen","04",0.689849064369386,0.597899439472146,12.1097826086957,0.274953082379108,1.55797410849399,1.41953109859491,19.75,0.429522783159554,0.75,1,4
"UI_CompEpi-EpiGen","05",0.827257385763055,1.15298974978365,5.0079347826087,0.659634285688404,3.0186962285029,2.04638547857432,9,1.15843812523408,0.5,1,4
"UI_CompEpi-EpiGen","06",0.388943049085562,0.39438781279845,15.9401086956522,0.154405046415389,0.676017084492673,0.793186871587142,12,0.0921625168466442,1,1,4
"UI_CompEpi-EpiGen","08",0.452841666858187,0.809415362107899,2.96826086956522,0.403297373962774,0.580384395389539,0.663677940094336,3,0.356378768568293,1,1,4
"UI_CompEpi-EpiGen","09",0.336026620965148,0.743649342362789,1.94445652173913,0.423124554730622,0.178874980304087,0.253924280184544,0.5,0.14384103622589,1,1,4
"UI_CompEpi-EpiGen","10",0.402555559245093,0.73767902079111,0.876304347826087,0.323242635308511,Inf,Inf,1.25,0.621226662447,1,1,4
"UI_CompEpi-EpiGen","11",0.373512661853705,0.53703165750056,0.815434782608696,0.280682566472616,0.426575365093142,0.280257634957067,1,0.300993201081484,1,1,4
"UI_CompEpi-EpiGen","12",0.41347559079216,0.249273394132185,19.2444565217391,0.158445711269963,1.45041285371237,1.26716098986379,29,0.225998681188661,1,1,4
"UI_CompEpi-EpiGen","13",0.583654619059592,0.7648584446764,7.64576086956522,0.402728069698569,1.17001066262448,1.18741914971222,11.25,0.57624327101688,1,1,4
"UI_CompEpi-EpiGen","15",0.979548027103136,0.972050980441898,3.78108695652174,0.404915927796406,0.860840140532542,1.00947961152849,5,0.548842752171724,0.5,0.75,4
"UI_CompEpi-EpiGen","16",0.316691138081005,0.582086327668721,1.3395652173913,0.309090738500932,0.546893644808028,0.675329542897477,1.5,0.395316758866851,1,1,4
"UI_CompEpi-EpiGen","17",0.602228596875054,1.16235738785217,12.5371739130435,0.831318196852,1.32802811205535,2.08046664372043,21.75,1.24903265197334,0.75,1,4
"UI_CompEpi-EpiGen","18",0.940667566626185,1.11188111077904,13.1148913043478,0.642208656380378,4.49508897757415,2.6930516128386,24.25,1.16120614545925,0.25,1,4
"UI_CompEpi-EpiGen","19",0.75258313259827,1.13979462187703,3.01684782608696,0.592739520667133,1.87703683476685,1.37518286484933,5.25,1.09550665866847,0.75,1,4
"UI_CompEpi-EpiGen","20",0.574381150134686,0.774621715261972,2.49923913043478,0.402044208585922,2.31446530296507,1.58957269158573,3.75,0.621226662447,1,1,4
"UI_CompEpi-EpiGen","21",0.465739303615044,0.443080738031465,4.40423913043478,0.229480255688513,0.541662389241828,0.344264478826829,4.5,0.200967259330496,1,1,4
"UI_CompEpi-EpiGen","22",0.533544614230657,0.683245212367585,6.32380434782609,0.388104886017178,1.59674858790078,1.81940698691715,11.75,0.541407552979501,0.5,1,4
"UI_CompEpi-EpiGen","23",0.608862935293522,0.960753553293755,1.80663043478261,0.463358230092435,1.93254485943777,1.54068650984774,3.25,0.925325493528123,0.75,1,4
"UI_CompEpi-EpiGen","24",0.439722405416875,0.668729222692622,3.56880434782609,0.303537601918692,1.38590549281927,1.51740538092588,3.5,0.241819071651756,1,1,4
"UI_CompEpi-EpiGen","25",0.728733631342771,1.11759767822071,10.9539130434783,0.773767714657238,1.79139466367132,1.36607489310902,20.25,1.42412079304365,0.5,1,4
"UI_CompEpi-EpiGen","26",0.895572601765166,1.04585730295212,17.9135869565217,0.784081773557055,3.689031844992,2.25652806004795,33,1.37395029277042,0.25,1,4
"UI_CompEpi-EpiGen","27",1.68556797026627,1.66160442356289,15.573152173913,0.916662047654177,2.75625218338485,1.87490379358897,27.5,1.5594067092498,0,1,4
"UI_CompEpi-EpiGen","28",0.677436303760202,0.729096708886494,4.15858695652174,0.379488878922439,1.35296301542023,1.31803449930196,7,0.611791580451288,0.5,1,4
"UI_CompEpi-EpiGen","29",0.562425120105199,0.672530199433509,6.47989130434783,0.39598551766299,1.57434843143065,1.16239406734201,8,0.415814356252134,1,1,4
"UI_CompEpi-EpiGen","30",0.463736535620825,0.811872773341225,0.939673913043478,0.346223633973368,Inf,Inf,1.5,0.549306144334055,0.75,1,4
"UI_CompEpi-EpiGen","31",Inf,Inf,2.9829347826087,0.961222893956474,Inf,Inf,5.75,1.88608302701342,0,1,4
"UI_CompEpi-EpiGen","32",0.698088628670379,0.99537732005575,4.20717391304348,0.269308567181766,1.06926865752742,1.38570884854425,7.75,0.418834747328551,0.25,1,4
"UI_CompEpi-EpiGen","33",0.812782911654323,1.1642478053727,1.95989130434783,0.513157898340124,2.41373808014623,1.74168897632678,3.25,0.87863151674229,0.75,1,4
"UI_CompEpi-EpiGen","34",0.480041081339842,0.615357288231743,9.855,0.346614648136084,0.946956536420248,0.922924057269433,15.75,0.516756784632863,1,1,4
"UI_CompEpi-EpiGen","35",0.631587165908107,0.971471354349544,2.30358695652174,0.455732504066613,Inf,Inf,3,0.666807051645489,1,1,4
"UI_CompEpi-EpiGen","36",0.490437217519008,0.962671293307917,13.9640217391304,0.613584038352334,0.750902603470215,0.805809144946528,13,0.392571411534035,1,1,4
"UI_CompEpi-EpiGen","37",0.420176349675187,1.07256801110902,6.7054347826087,0.650172439562265,0.846703864279383,1.12942189659451,4,0.421719959601895,1,1,4
"UI_CompEpi-EpiGen","38",0.783820547200368,1.01763676178355,1.68489130434783,0.334544460997856,0.906561501895076,1.01844489677752,2.5,0.442321653343999,0.5,1,4
"UI_CompEpi-EpiGen","39",0.51499260881132,0.874038149773415,11.0792391304348,0.638152166818245,2.40674529481825,1.88423991473853,14.25,0.675004507351237,1,1,4
"UI_CompEpi-EpiGen","40",0.845470583251475,0.657058285608389,6.70619565217391,0.319949970953921,2.44609671575167,1.52088502011358,12,0.569360890941421,0.5,1,4
"UI_CompEpi-EpiGen","41",1.12036751708406,1.35043900893594,8.21282608695652,0.861797985898533,3.10163624725669,1.89603089771675,14.5,1.49309432221858,0.25,1,4
"UI_CompEpi-EpiGen","42",0.618109867799949,0.589415887656618,30.9576086956522,0.275252692188885,1.52590400144821,1.70290331001677,46.5,0.336934862743195,0.5,1,4
"UI_CompEpi-EpiGen","44",0.90325633644205,1.11653204558233,2.56076086956522,0.589498205122452,1.57479407210192,1.34407657901211,4.75,1.08840679003805,0.75,1,4
"UI_CompEpi-EpiGen","45",1.29962364725638,1.26412360541326,10.1821739130435,0.690251245857023,5.13576416166452,2.86327282403528,18.5,1.23167919309816,0.25,1,4
"UI_CompEpi-EpiGen","46",0.508282556860613,0.813265467413325,1.13869565217391,0.390129890528853,1.00303113670444,1.2297179772992,2.25,0.862496886457897,0.75,1,4
"UI_CompEpi-EpiGen","47",0.47109443375221,0.530915888784231,5.31967391304348,0.203697015052989,1.09204616038373,1.121801779752,6,0.208577666215098,1,1,4
"UI_CompEpi-EpiGen","48",0.590228312352089,0.379048091970925,24.0794565217391,0.20279539383322,4.51052075942282,3.87713067946332,43.25,0.358216955874257,1,1,4
"UI_CompEpi-EpiGen","49",0.603770127630468,0.76440783315439,2.04391304347826,0.313535634230185,1.03530860239934,1.02567810365904,3.25,0.470342906979436,0.5,1,4
"UI_CompEpi-EpiGen","50",0.52825181793677,0.871925942321622,0.496413043478261,0.267731592263108,1.65129800926108,1.76264374704467,1,0.621226662447,1,1,4
"UI_CompEpi-EpiGen","51",0.716947242419823,0.71319489371881,9.74228260869565,0.410248948995934,3.12694988319573,2.39226202626425,18,0.758834568429947,0.25,1,4
"UI_CompEpi-EpiGen","53",1.34418793622802,1.27889260916323,15.8632608695652,0.741414347755132,1.90744689272558,1.52920585262798,25,1.10412988796564,0,0.5,4
"UI_CompEpi-EpiGen","54",0.816779400939453,0.963731274319738,3.62163043478261,0.483186274805738,3.52099620399592,2.43762470376909,6.75,0.929912778195173,0.75,1,4
"UI_CompEpi-EpiGen","55",0.640193360002767,1.02569739541736,5.27836956521739,0.68001826011436,2.09970690473938,1.45731984838468,8.5,1.30595232859324,1,1,4
"UI_CompEpi-EpiGen","56",0.722969125862207,1.04687032907795,2.06347826086956,0.597167469692138,0.916773932704803,0.972955725721437,3.5,0.972955074527657,0.25,1,4
"UM-DeepOutbreak","01",1.40733677206558,0.766784445688842,13.1600980601527,0.372432647899775,1.07121988616911,1.09072610466758,4.75355608628934,0.244048312734467,0.75,1,12
"UM-DeepOutbreak","02",1.05565244377599,0.976658541791425,1.73524270857879,0.459870458632421,0.871572872012166,0.900506873385331,1.74488045737504,0.762603781869219,0.916666666666667,1,12
"UM-DeepOutbreak","04",0.86230388598953,0.878908772650362,16.7880625694717,0.377731185636721,0.757203375950968,0.832979929934627,9.90373828125745,0.222464059154104,0.916666666666667,1,12
"UM-DeepOutbreak","05",1.32049651275612,1.13954406750956,8.16375926304926,0.582061150606452,1.55319563700965,1.14835647673569,5.42765751370616,0.63397320221866,0.916666666666667,1,12
"UM-DeepOutbreak","06",1.15925251434704,1.09106987274677,56.7428667463446,0.46453760668355,0.896206407325965,0.962920781676858,19.9976852309747,0.126461300463528,1,1,12
"UM-DeepOutbreak","08",1.11443864916943,1.07054844858752,11.7058730134231,0.594507625083035,1.49643382535179,1.37470192253904,13.870210795998,0.878086255247315,0.75,1,12
"UM-DeepOutbreak","09",1.30644985976278,1.03768308928671,9.73887662247519,0.633036997396009,2.17502155323331,1.70893516816327,8.36710413150582,1.14061645517583,0.75,1,12
"UM-DeepOutbreak","10",1.26991199063931,1.16312566001503,3.27947858089047,0.491249745908227,1.96750956934166,1.52974083521534,3.47394537153773,0.912947251068603,1,1,12
"UM-DeepOutbreak","11",0.897434059173507,0.953830330663403,1.49564078305327,0.397885391872477,1.13541512517192,0.712580545804706,1.94568868723859,0.59802874687047,0.916666666666667,1,12
"UM-DeepOutbreak","12",1.80695668602321,1.11890139463785,75.4368862200834,0.557425381175405,1.86415524501451,1.63197814817068,28.9223808235432,0.202861901029951,1,1,12
"UM-DeepOutbreak","13",1.3880838333456,1.03728125093291,21.1088066725387,0.630831629000126,0.964722560497844,0.922058328296363,10.7652823178776,0.501927661695247,1,1,12
"UM-DeepOutbreak","15",0.837537172147911,0.833447928938008,4.12886000111697,0.40195674990563,0.701953915362366,0.710021683315725,5.49529743092879,0.482790228941982,0.833333333333333,1,12
"UM-DeepOutbreak","16",1.17854103884568,1.17835932755911,5.08726499297187,0.549322441519153,1.89508314817484,1.51307739788809,5.15854628657187,0.754848956844219,1,1,12
"UM-DeepOutbreak","17",1.36767200435795,1.10464153382654,29.9323549626763,0.716662094202696,1.47502561946886,1.28476392861414,25.2525905386139,0.693581473619869,0.916666666666667,1,12
"UM-DeepOutbreak","18",1.3087682546657,1.2186304951657,17.7095931829988,0.648128184103899,3.18609568314593,2.09897395137506,16.2092892850356,0.766262581209044,0.916666666666667,1,12
"UM-DeepOutbreak","19",1.36983760148449,1.09716005030348,7.30864690018883,0.638130222177663,2.07380701337898,1.32635109159286,8.34577203875629,1.24655747555963,1,1,12
"UM-DeepOutbreak","20",1.58518532037237,1.05596525271926,7.12593707682135,0.549464914614926,2.89223945297249,1.65338183947103,4.94685815976668,0.647815828044966,1,1,12
"UM-DeepOutbreak","21",1.01713531929875,0.936639366140787,10.8538494058556,0.616564069330939,0.620278758081883,0.3947048055477,5.7321566468472,0.30274904475349,1,1,12
"UM-DeepOutbreak","22",1.50482047135971,1.13991242295603,15.0326291228502,0.544588094879018,2.13300348604814,1.50411755776343,12.6324641913914,0.356439403554032,1,1,12
"UM-DeepOutbreak","23",1.10783402582278,1.10979686024382,3.2134592506621,0.45872892319919,1.62821795796896,1.29651029975833,2.73245915308205,0.669650521153933,1,1,12
"UM-DeepOutbreak","24",1.02446140833689,1.08349357348212,9.71125291847954,0.557033284956494,2.55018398367146,2.32334647139011,8.27060752133231,0.462760630167945,0.916666666666667,1,12
"UM-DeepOutbreak","25",0.92690780881963,0.994629527170236,14.4426318108857,0.555188812588505,1.08532692947686,1.05305850970206,11.8037691889288,0.848363968013263,0.833333333333333,1,12
"UM-DeepOutbreak","26",0.920227218531417,1.03115186601029,16.2783487357852,0.605979834779432,1.75323769708089,1.30302274665947,13.5374485431405,0.602283190049557,0.916666666666667,1,12
"UM-DeepOutbreak","27",1.09409096918111,1.03332939020211,12.6293872342109,0.543834366757407,1.2463805222369,1.13623310356663,15.6367040017694,0.877906534948443,0.916666666666667,1,12
"UM-DeepOutbreak","28",1.68369925496011,1.2472300829455,12.5043053620089,0.587849061309015,1.92551273355804,1.7220877872793,12.5083737679016,0.747286415821588,0.833333333333333,1,12
"UM-DeepOutbreak","29",1.17931696738389,0.954631261914527,13.787698933582,0.618560468429617,1.09983461111964,0.921650369669618,5.471710510676,0.353675344575665,1,1,12
"UM-DeepOutbreak","30",1.46169923187019,1.15704731007884,3.90166352061573,0.569878691341599,1.56147458085786,1.16321854922019,3.88140793639301,0.972678875513425,0.916666666666667,1,12
"UM-DeepOutbreak","31",1.48361080563711,1.04489822624562,4.71359500903329,0.578440342748955,1.76189608364096,1.3972150430303,4.80007954719867,1.42245187321791,1,1,12
"UM-DeepOutbreak","32",1.083973040313,1.08490301662614,9.94427549851098,0.353549234432554,1.04920180559587,1.04952545455917,11.5324202414393,0.38304302794809,0.583333333333333,1,12
"UM-DeepOutbreak","33",1.13721525555018,0.993572933669654,2.77832365160278,0.440761503289973,1.3451488248642,1.09606487354472,1.96125760415105,0.614182476201424,1,1,12
"UM-DeepOutbreak","34",1.07182692881828,0.958061725826595,22.9156290246369,0.521344444491799,1.51074478092214,1.26003117243648,23.9875439989532,0.610832989237536,1,1,12
"UM-DeepOutbreak","35",1.24817746577182,1.01732312932075,7.28007241991936,0.54466686886638,2.30426852595042,1.60977471712165,9.17899735470512,0.991979874670786,0.833333333333333,1,12
"UM-DeepOutbreak","36",1.0178125067257,1.05263801405418,36.7687692191306,0.681729662264981,0.832842156080109,0.859943992595511,18.3993806419825,0.430456506001092,1,1,12
"UM-DeepOutbreak","37",1.31162208211378,1.13192612677952,24.6992272225309,0.71958820669325,3.71436039648017,2.3404260454861,21.6725579278804,0.928487411148564,1,1,12
"UM-DeepOutbreak","38",1.21923880231004,1.08533891738956,3.56111827412569,0.499158554198315,0.893306003074785,0.902187962394786,3.37937250424715,0.559587482563159,0.916666666666667,1,12
"UM-DeepOutbreak","39",1.56699585861276,1.2069062810591,37.6114904098269,0.811786844782927,4.22110795474861,2.6484532403429,27.9246260233814,0.916255264053092,1,1,12
"UM-DeepOutbreak","40",1.26380354518852,1.0167139034078,11.341574158519,0.631015169270507,0.517919219384635,0.399405027394954,3.10773645509976,0.212918977911626,1,1,12
"UM-DeepOutbreak","41",1.37267444355591,1.07041552207497,11.0096993445239,0.638763923520702,2.34877223703864,1.58506828579562,12.7339522183177,1.2115576141634,0.666666666666667,1,12
"UM-DeepOutbreak","42",1.46121572219855,1.6999477271192,63.4947584072579,0.640968004150842,1.56262713374071,1.64008028015845,36.357164065545,0.232606073728591,1,1,12
"UM-DeepOutbreak","44",1.26390543267641,1.01557044454877,4.09481923375085,0.49317934213829,0.81923806186685,0.859679335579621,2.96328313434915,0.656182924313251,0.75,1,12
"UM-DeepOutbreak","45",1.5567220995163,1.09343219329356,14.1085361705085,0.597005747254356,2.93308417370528,1.96865167792888,12.5657582355756,0.870850114816052,1,1,12
"UM-DeepOutbreak","46",1.11348909368485,0.981161388197376,2.96059730062132,0.484910497628928,0.977810326510562,0.940232114342858,2.70193835405048,0.707064790280395,0.916666666666667,1,12
"UM-DeepOutbreak","47",1.23637814317405,0.962266192786124,17.9940868901015,0.435830447077513,1.08020564954789,0.977659150305122,9.79314037983067,0.263872947227572,1,1,12
"UM-DeepOutbreak","48",1.02185313690399,0.787188435569599,45.2481338439139,0.418663960998462,3.12852979534825,2.66978123807406,40.6110438173523,0.297048576824174,1,1,12
"UM-DeepOutbreak","49",1.62690994258329,1.2415630393936,6.06180190019164,0.499010147428599,1.43209782090265,1.34622445708586,4.87591818031661,0.60941332435381,1,1,12
"UM-DeepOutbreak","50",1.10872590894241,0.997096663820797,1.15528898552739,0.335791357248666,Inf,Inf,1.02862710101174,0.599986458659581,1,1,12
"UM-DeepOutbreak","51",1.478497302973,1.2563149546152,19.7249418132358,0.699375913049885,4.17776113426231,2.85213039065223,23.0058617451658,0.839702687680628,1,1,12
"UM-DeepOutbreak","53",0.992133884617048,0.97152860366484,10.7749570959545,0.474309469864862,1.07905302491027,1.07079446950033,12.8519309578503,0.63934201484459,0.75,1,12
"UM-DeepOutbreak","54",1.20488020491656,1.08343616075952,6.16066350147544,0.57724251562132,2.68314305260444,1.85275273575647,6.16607467577378,0.792185874481244,1,1,12
"UM-DeepOutbreak","55",1.38800019306137,1.04302358046011,12.814612170006,0.634217224157574,2.0296274404436,1.26375338303885,9.94180289423345,1.11302282841996,1,1,12
"UM-DeepOutbreak","56",0.906868174289649,0.993677811532361,2.55148288088171,0.479355638434321,0.795161966562785,0.845878857177776,3.07364036275401,0.705052707095105,0.583333333333333,1,12
"UM-DeepOutbreak","72",0.712547898620964,0.789569810678204,12.4623611847819,0.21516558404527,0.779949261701658,0.812090137831107,18.4745190762272,0.264579719983449,0.75,1,12
"UMass-AR2","01",0.658248116747327,0.654542571166799,6.00113469516909,0.322641273044574,1.56624010494452,1.49505698432561,6.73893970990049,0.331379540583773,1,1,16
"UMass-AR2","02",0.920276600654261,1.07302176255452,1.45031195157865,0.488158655804336,1.14527930447163,1.00427242911941,2.29773145485103,0.85198796331023,0.6875,1,16
"UMass-AR2","04",0.790649482808133,0.645961433889849,15.2555160343777,0.294057523661316,1.45786128896453,1.32898136998843,19.1885525704424,0.388410523630005,0.75,1,16
"UMass-AR2","05",0.636913475103797,0.834606186757298,4.31141382138799,0.505485838470603,1.58625869726241,1.28948967528986,5.77180658340965,0.810411237926206,0.75,1,16
"UMass-AR2","06",0.63736224344717,0.55249433916988,30.4507496756339,0.243616556931761,1.12250542460086,1.21484943381003,25.7625249513631,0.174195118562189,0.875,1,16
"UMass-AR2","08",0.71504781129271,0.834933971004346,6.74987404513138,0.461600800400997,1.20622358722074,1.19938640156166,10.1588307924614,0.777627446033439,0.9375,1,16
"UMass-AR2","09",0.700287353578376,0.95502030623561,4.52302804916147,0.543576297021095,1.88148007979941,1.56850578025172,6.20330076182132,0.939722015535296,0.8125,1,16
"UMass-AR2","10",0.68825983830963,0.976085243221091,1.67405320830471,0.429471483813157,1.38985412030163,1.25440312088799,2.28607202999164,0.779179993809607,0.875,1,16
"UMass-AR2","11",0.581964865319565,0.788088510752303,1.01613269010242,0.343002030538538,0.714373099321209,0.597553470641536,1.2981610077275,0.530280255932597,0.875,1,16
"UMass-AR2","12",0.624765251604051,0.413566986726772,25.169268411807,0.201786221002399,1.8548217511157,1.77039413499714,26.4837695513235,0.20603433458938,0.9375,1,16
"UMass-AR2","13",0.803727575568322,0.840270791493875,12.3211865271812,0.531430761000992,1.64005321495839,1.39180236589458,18.8171469035895,0.809348109730536,0.8125,1,16
"UMass-AR2","15",0.843046227936141,0.755994691900189,3.92517490272787,0.348443404247747,0.834149063599173,0.83472623351668,6.15030966670973,0.546054039832296,0.5,0.9375,16
"UMass-AR2","16",0.782056639441007,0.904254927537008,3.23887624816207,0.430676229647309,1.62723751290844,1.33481994266,4.36201429629604,0.684071127341351,0.6875,1,16
"UMass-AR2","17",0.959317950020641,1.19906737269338,20.449885717668,0.786713221584508,2.0064461099326,2.55765110192786,34.5266846473055,1.42689416972295,0.4375,0.9375,16
"UMass-AR2","18",0.649191412819143,0.773382252695312,8.88636419008153,0.451414502456786,2.28202043089775,1.68649974922626,12.1314383477086,0.71046866375801,0.9375,1,16
"UMass-AR2","19",0.639358371510799,0.992872757125333,3.17638715860524,0.567301219782975,1.21275370096706,1.13265491724177,4.54197139478365,1.05512644183978,0.75,1,16
"UMass-AR2","20",0.629893787497642,0.871708130873614,2.8515501966623,0.450191560055581,1.9217790387452,1.41556617136184,3.29461443250322,0.576924586751154,0.9375,1,16
"UMass-AR2","21",0.644793341567003,0.877891076234571,7.02307948217945,0.594636110796232,1.06129322081654,1.20003108295384,9.92812987075272,0.944627592480114,0.6875,0.9375,16
"UMass-AR2","22",0.569364022397001,0.487194937078496,5.56367890000076,0.22603431640312,0.666919838819825,0.618123967507828,3.81273997735206,0.142371569696945,1,1,16
"UMass-AR2","23",0.733750218470837,1.01828010906825,2.04285337555739,0.446810351012243,1.6708542525051,1.38717344496758,2.7454004709915,0.773428772025032,0.875,1,16
"UMass-AR2","24",0.756895530310159,0.754809209656111,6.92977614854869,0.388343343394477,2.58018761196401,2.09972329783002,8.59590933931416,0.441308994960025,0.8125,1,16
"UMass-AR2","25",0.679395790197048,0.939835257295593,10.1602422168442,0.614592340431887,1.49212887211628,1.20405598828311,15.8085230428087,1.14012079032237,0.5625,1,16
"UMass-AR2","26",0.668519515573811,0.801547358647779,11.9148855671237,0.506573736367714,2.19205424391699,1.62457070257339,16.710387053181,0.799736594462465,0.875,1,16
"UMass-AR2","27",1.02896650025748,1.06455290996845,10.8151729973605,0.591471497457303,1.50597078911937,1.24461402945709,16.8241453935472,1.02919570834863,0.6875,1,16
"UMass-AR2","28",0.826639155314243,0.757928270293452,5.62609464535482,0.363542725474739,1.46838703248741,1.34550918282214,8.6058594694699,0.574257751402784,0.6875,1,16
"UMass-AR2","29",0.655837887854222,0.700574809204967,7.68954333568494,0.436386656183791,1.57237148223117,1.16112618859187,8.10543619298978,0.446428959308127,1,1,16
"UMass-AR2","30",0.794816509189514,1.02825088718684,2.17961234648814,0.528848285281481,1.15603319924799,0.995137884666682,3.15900780196815,0.897519802000692,0.625,0.9375,16
"UMass-AR2","31",0.732867668696156,1.08820325848687,2.29687064865793,0.580496998407075,1.32255424865975,1.18689246677292,3.55028321000081,1.14928428652339,0.75,1,16
"UMass-AR2","32",0.856001712278764,0.757820732629315,7.05355044534443,0.238774812926472,1.02228986531292,1.00737311449797,10.3007912583141,0.358403799007481,0.75,1,16
"UMass-AR2","33",0.702270407164214,0.944966424873448,1.6731969013136,0.435145353496279,1.41402122705144,1.23549196246533,2.05863295167715,0.721681838682187,0.8125,1,16
"UMass-AR2","34",0.789769441701853,0.718649219433784,15.964810806807,0.39052475999327,1.70196939489177,1.44772557525151,24.6427384932732,0.673641593175292,0.6875,1,16
"UMass-AR2","35",0.759194801550019,0.943066432735135,3.98369040171877,0.498649535113805,1.66609288100385,1.42008464533142,5.96042045740034,0.891967022506463,0.75,1,16
"UMass-AR2","36",0.716163804221847,0.775287776936773,24.6760743987408,0.502623545492651,1.78541960778547,1.46645592006024,38.0132706061667,0.743105899050965,0.625,1,16
"UMass-AR2","37",0.689781063803971,0.871972923594528,12.1522306800137,0.561202497936063,3.04548822410715,2.1390592853194,16.1037691172921,0.844808247294943,0.9375,1,16
"UMass-AR2","38",0.80061378886112,0.784172258365719,2.10760736185042,0.331204481216038,0.998401825155983,0.970898885246063,3.38931799727859,0.549295726560422,0.625,1,16
"UMass-AR2","39",0.605700918180621,0.83872094972157,13.7211932070428,0.558486873199376,2.09117004851425,1.69965257526139,13.2912327782077,0.590595674137055,1,1,16
"UMass-AR2","40",0.589483379298871,0.606984632039319,5.22907395542266,0.373478084714267,0.770541552438193,0.627925278731542,4.39762686781523,0.318132986084069,0.9375,1,16
"UMass-AR2","41",0.794334770814835,0.991190598462447,5.92793385443754,0.573918277878108,1.7457004536235,1.28795796885216,8.67466871094964,0.954325480954008,0.75,1,16
"UMass-AR2","42",0.73951067998585,0.499698676436428,31.1533377323992,0.184962103670161,1.50227777991879,1.49247584482447,34.6335838341583,0.211242310041362,0.875,1,16
"UMass-AR2","44",0.846728164811035,1.01168007783973,2.53977902631712,0.503083074766965,1.19907244191253,1.12371043978371,3.99735685776288,0.859925341195528,0.5,1,16
"UMass-AR2","45",0.86106067112904,0.951548132633219,8.0176870070991,0.558106799625746,2.80378258774418,1.98935600272301,12.1418062854887,0.949885514402471,0.625,1,16
"UMass-AR2","46",0.873267890508219,1.02288074034243,2.17488872194257,0.501805103633961,1.26733349557701,1.1540377695533,3.19084995285508,0.83118229225698,0.5,1,16
"UMass-AR2","47",0.85535972803512,0.678139769348955,11.9094650998843,0.303931644395906,2.02101862347208,1.72801147532476,16.9768031079381,0.445742234752462,0.9375,1,16
"UMass-AR2","48",0.654838505625641,0.4521675339395,29.1184588016957,0.256587869257876,2.57206786014963,2.28533371734559,34.2897917871955,0.274646304063479,1,1,16
"UMass-AR2","49",0.758910227661025,0.832184214349323,2.85073220432144,0.36663147776294,1.07331342684244,1.00437742111195,3.75378661314185,0.501929529659202,0.875,1,16
"UMass-AR2","50",0.675792282715067,0.947801074363327,0.682144896407007,0.312673282242771,1.38795539071187,1.42764894364138,0.963675384343764,0.586365357814271,0.875,1,16
"UMass-AR2","51",0.824496681965637,0.764264132310158,10.9314816317153,0.442909162801158,2.92812041072783,2.18712748970542,16.6266744585008,0.696664948999903,0.75,1,16
"UMass-AR2","53",0.885074902630438,0.873922266593805,8.91005097210406,0.422836839676637,1.24293097461036,1.10397126023178,13.0373808712649,0.611325090861474,0.625,1,16
"UMass-AR2","54",0.551970539024088,0.771867489340943,2.75272069920163,0.419753466207425,1.42152922424912,1.29073199447544,3.22262088959621,0.565500269392667,0.9375,1,16
"UMass-AR2","55",0.602014005119005,1.09218728417422,5.20876991356442,0.695904786653416,1.64313630233894,1.45020886183954,7.28247403551711,1.31312794327899,0.75,1,16
"UMass-AR2","56",0.915099641252357,1.08439522692039,2.5082497055204,0.548305790832345,1.09221139191716,1.0707756329118,4.10193708968699,0.936928890454915,0.3125,1,16
"UMass-AR2","72",0.842070679757202,0.725868603155158,15.6624310186175,0.228085320376879,0.911538670621278,0.937188934499378,22.8693969793024,0.351903653040883,0.5,1,16
"UMass-flusion","01",0.322206656875286,0.327614180748696,2.88321577029954,0.159879567607861,1.02450743797667,1.03923731880722,4.36499143768584,0.229603709722548,0.5625,1,16
"UMass-flusion","02",0.703976624762064,1.01933588426051,1.09695373269292,0.460421809870372,0.892907386352366,0.876510430598102,1.77900117293287,0.74109630736697,0.3125,0.875,16
"UMass-flusion","04",0.294372095997916,0.309573988780954,5.66597644711201,0.143845603548729,0.648660087519516,0.726318624535869,8.34936130073852,0.210142089575192,0.5625,0.875,16
"UMass-flusion","05",0.324884991729453,0.671887581999208,2.15890626663502,0.406176663331904,1.06924570629419,1.08817285048186,3.70277339491633,0.656056840372405,0.3125,1,16
"UMass-flusion","06",0.184493718047732,0.148831470582441,8.77103021623976,0.0652598325046424,0.420468926959104,0.513685177052277,10.0735537005733,0.0779599483389522,0.8125,1,16
"UMass-flusion","08",0.298124323786353,0.453668355703792,2.7927453044731,0.25065970093174,0.56528146439433,0.666525943826316,4.73516419327984,0.431310499413536,0.375,1,16
"UMass-flusion","09",0.293057105263353,0.637918856445938,1.84785513091004,0.3589056052129,0.999183652445366,1.02536389996065,3.21025393642074,0.602753847031087,0.375,1,16
"UMass-flusion","10",0.320214583760276,0.671752804926487,0.762445961038921,0.292868267860292,0.755289553132684,0.795226488323432,1.20617814474247,0.485011785132477,0.5,1,16
"UMass-flusion","11",0.527228612722866,0.856426180397309,0.918589966611525,0.372989678720185,0.846785066026701,0.739832663462688,1.53819705591429,0.656647664183153,0.375,0.9375,16
"UMass-flusion","12",0.207512765588426,0.141118218156016,8.1313765263829,0.067477933377615,0.856368291365502,0.848642645611357,11.9045889066102,0.0967222224297006,0.6875,1,16
"UMass-flusion","13",0.360310845343759,0.464170779112015,5.28907613622015,0.286224665673218,0.70574672779865,0.73598662314331,7.74876359497102,0.413678677692029,0.3125,0.9375,16
"UMass-flusion","15",0.646378008200852,0.609462404263212,2.98228261043945,0.27928692516693,0.667576402816891,0.707401817809177,4.86795210176756,0.459384825047866,0.5625,0.9375,16
"UMass-flusion","16",0.304890071542134,0.555212070892765,1.2539953204055,0.264956245550615,0.774944413377649,0.854685814600566,2.06306401821125,0.437237724686483,0.375,1,16
"UMass-flusion","17",0.526154562602084,0.542382673404987,11.1549967281948,0.357439330424846,0.862463129059603,0.869128196883024,14.8292322198714,0.489251913546612,0.25,0.8125,16
"UMass-flusion","18",0.223878827919024,0.422153635464165,3.02953664060274,0.247372165267445,0.92824764711563,0.950483091997745,4.84018865918583,0.39693306688184,0.5625,1,16
"UMass-flusion","19",0.307396987395548,0.725800779648734,1.51091200252375,0.421610080320859,0.670957728022665,0.753520310100844,2.53587716386893,0.728812107871158,0.5,1,16
"UMass-flusion","20",0.182371414206389,0.435655457042394,0.787307746405549,0.219869364215285,0.740931730476154,0.7623433269304,1.18066400757378,0.295357725913526,0.6875,1,16
"UMass-flusion","21",0.576124284669936,0.711043249707874,6.30889987096719,0.486089447768375,0.999353161572538,0.88589985500083,9.40798247939472,0.702765343459377,0,0.625,16
"UMass-flusion","22",0.417013323674978,0.366533240475657,4.05864265111782,0.170486172619325,1.15451340657769,1.17090484805833,6.48269016078411,0.266483459271606,0.25,0.9375,16
"UMass-flusion","23",0.264979422275072,0.617440837132802,0.726583917960392,0.269869733411038,0.564742316860664,0.710466860825739,0.915662129538743,0.394548762749728,0.75,1,16
"UMass-flusion","24",0.325811787810319,0.542720148592896,2.96945527174809,0.279905992861532,1.57617294562469,2.19896688266274,5.2288644758619,0.462384270080047,0.5625,1,16
"UMass-flusion","25",0.420661011312179,0.91632834693214,6.19502421689426,0.601089739956141,1.00605477828938,1.02342296560404,10.424655814912,0.958994856988152,0.0625,0.8125,16
"UMass-flusion","26",0.206576489036324,0.416866989816827,3.66148340602236,0.267378116846281,0.739957061314014,0.817429624029257,5.62024590084688,0.405960543167188,0.625,1,16
"UMass-flusion","27",0.245517008789734,0.463785050239557,2.55913197876306,0.260483315369157,0.332028116812535,0.485884876773038,3.68985076728648,0.406415024844712,0.6875,1,16
"UMass-flusion","28",0.365407260024873,0.453153608276957,2.47955599898928,0.219362527851265,0.644327154881509,0.808590444749687,3.75858500384636,0.346040735402652,0.5625,1,16
"UMass-flusion","29",0.271620842969859,0.44012385997796,3.07611637021837,0.271809171090649,0.932853698723037,0.91252277311677,4.56263884226143,0.340527289972587,0.4375,1,16
"UMass-flusion","30",0.438442274468689,0.717052432076393,1.21421169590184,0.37158972256872,0.649555121954619,0.637165100905973,1.80561337670604,0.583849002088216,0.5625,0.9375,16
"UMass-flusion","31",0.473046505721658,1.09014288177572,1.4930422998865,0.584453523562461,0.956951645664219,1.08569289693288,2.58026418372622,1.05318788120891,0.3125,0.9375,16
"UMass-flusion","32",0.494042464903405,0.509670397987345,3.98993979561756,0.159146197237859,0.610459803069237,0.708600986036423,6.05888642340433,0.250362398614509,0.5,1,16
"UMass-flusion","33",0.357531330022949,0.737108443269751,0.836335505721463,0.336210308706386,1.03390660512487,1.05698599671924,1.48729361999172,0.611946022992455,0.375,1,16
"UMass-flusion","34",0.241184274229957,0.317673017656334,4.74921717485483,0.169888200186557,0.555195700794739,0.624609703504316,7.80044437204462,0.284534319367001,0.25,1,16
"UMass-flusion","35",0.3608894329812,0.684462682779303,1.86341792805697,0.362257416160535,0.888185545554522,0.974533533658901,3.10152744911771,0.604606479194306,0.25,0.875,16
"UMass-flusion","36",0.22570358593534,0.320453307351187,7.53965135156526,0.206124609753457,0.579360658981381,0.661554918034066,11.8366003256121,0.327617342543864,0.375,1,16
"UMass-flusion","37",0.123940539051201,0.293492220957721,2.14272941435077,0.187847828830924,0.606866190597432,0.674448532043641,3.12552539288944,0.26178026596884,0.8125,1,16
"UMass-flusion","38",0.807232423711935,0.848562931748437,2.06526594527144,0.350951930675833,0.921987294993961,0.946801151698072,3.04746742036509,0.522173327567933,0.375,0.875,16
"UMass-flusion","39",0.112391298438679,0.251321772152126,2.47871345928387,0.16594133237484,0.601948442109068,0.658737435064808,3.66438808658084,0.221253671649724,0.8125,1,16
"UMass-flusion","40",0.568286479431865,0.844994687388346,4.97444925119397,0.517949079878315,1.32987711227583,1.49540365214316,7.52954892702604,0.751350831735802,0.0625,0.75,16
"UMass-flusion","41",0.335643891486969,0.7367855449494,2.48497207932802,0.425223594830122,0.83999778962649,0.94322295346648,4.1542505967376,0.696911040138065,0.375,0.875,16
"UMass-flusion","42",0.47550241693655,0.362950760430814,19.6812274848677,0.133408745575842,1.38094078579423,1.51834915295435,31.6134992376567,0.215196096546498,0.25,0.875,16
"UMass-flusion","44",0.537775954023479,0.824745124222488,1.56578760304157,0.402478872280382,0.765353662638351,0.880196833954219,2.49163173177703,0.662639132489335,0.5625,0.8125,16
"UMass-flusion","45",0.176302149649741,0.382704617562125,1.59558720873781,0.222715604608675,0.499088161972433,0.614587578004872,2.09978354546463,0.290097460116033,0.6875,1,16
"UMass-flusion","46",0.524448516887265,0.84367943748129,1.28387978632626,0.410981548755449,0.824125979102977,0.877153295686617,2.03360488628876,0.624580778871812,0.375,0.875,16
"UMass-flusion","47",0.243839667526192,0.253274125940104,3.29094774470374,0.110850749719622,0.624999863245203,0.683315544325857,5.06581943197768,0.170685985534105,0.625,1,16
"UMass-flusion","48",0.138491989092536,0.105862623702958,6.00230120584747,0.0587635559886321,0.509925485196851,0.531521704567563,6.54288919766479,0.0617703176021412,0.75,1,16
"UMass-flusion","49",0.452917167152283,0.699324457210615,1.69656597246956,0.312055302195061,0.795865727935304,1.00266028042929,2.8211556316081,0.519468161751276,0.5,1,16
"UMass-flusion","50",0.404638899460511,0.688910473553508,0.403689118712496,0.22531557888143,0.92725797359555,0.94157368663618,0.642719131089627,0.383594075892141,0.625,0.875,16
"UMass-flusion","51",0.154365087196995,0.230064448702946,2.04404422845231,0.134153944716488,0.512383730704176,0.588957351029549,2.90858002941231,0.188929715940643,0.6875,1,16
"UMass-flusion","53",0.492495391238241,0.597071985322777,4.92128982906498,0.287532232978849,0.717474757258379,0.800714680244048,7.46700991242397,0.440948566858073,0.375,0.9375,16
"UMass-flusion","54",0.279489242064376,0.488937303050082,1.36039639330942,0.262221032222242,0.917119678878177,0.892814290332082,2.04369591270842,0.386364192708725,0.5625,1,16
"UMass-flusion","55",0.159217532918565,0.496089092036944,1.34032331887411,0.317179389343186,0.457284174749348,0.525313905730743,1.97036444200432,0.480358145996829,0.8125,1,16
"UMass-flusion","56",0.59926442488274,0.889746592953484,1.60495497509708,0.442532117826514,0.704459140365365,0.826314585739523,2.58331827123487,0.709922558514197,0.25,0.8125,16
"UMass-flusion","72",0.581385595989318,0.57027632562931,10.8005394401164,0.17909527741769,0.666764777014551,0.74647764691484,16.6929119929227,0.279618802388454,0.5625,0.9375,16
"UMass-trends_ensemble","01",0.372632764428966,0.398799499112196,3.33279891304348,0.195234718645065,1.19812389120942,1.25597162004785,5.125,0.278632646827218,0.375,0.8125,16
"UMass-trends_ensemble","02",0.756995257785496,1.06387369384738,1.19133152173913,0.485617617429537,0.937518137533729,0.958920289688925,1.875,0.814851384309327,0.5625,0.9375,16
"UMass-trends_ensemble","04",0.423871192828586,0.39935225350477,8.08921195652174,0.182392973204527,0.974732878346782,0.985151901386918,12.59375,0.284090004707631,0.375,0.875,16
"UMass-trends_ensemble","05",0.446137299344933,0.92107848090761,3.01741847826087,0.567820929332293,1.09155266113751,1.0830818972831,3.8125,0.658749351477286,0.1875,0.5,16
"UMass-trends_ensemble","06",0.249920537270749,0.193197032385657,11.9289673913043,0.0851045411977048,0.664483027158918,0.767277587517392,15.6875,0.114136856165215,0.75,1,16
"UMass-trends_ensemble","08",0.413691378037094,0.594984515806966,3.87027173913043,0.325679381791815,0.664704685468356,0.640353270352285,5.78125,0.42220239346169,0.6875,0.9375,16
"UMass-trends_ensemble","09",0.183590690641142,0.532684155554944,1.16448369565217,0.302327513193202,0.464859747225711,0.666009438904349,1.5,0.396207328317581,0.9375,1,16
"UMass-trends_ensemble","10",0.357840752760247,0.712228088555749,0.8509375,0.309270021497994,0.900225294227865,0.918771651943445,1.4375,0.558954849170446,0.8125,1,16
"UMass-trends_ensemble","11",0.753626380554688,1.3143416341116,1.30698369565217,0.569285648985441,1.05203223975256,1.06097970370777,1.90625,0.937648618399204,0.375,0.6875,16
"UMass-trends_ensemble","12",0.325111721343741,0.237223360126902,12.7808152173913,0.114158940393427,1.26155399090735,1.36902800174525,17.59375,0.156963395575915,0.625,0.9375,16
"UMass-trends_ensemble","13",0.555962142656599,0.764867872850192,8.31274456521739,0.47956001009994,1.07263871649664,1.15795207319312,12.03125,0.661760346102559,0.25,0.6875,16
"UMass-trends_ensemble","15",1.25134183880031,1.1181681552378,5.90388586956522,0.516277864979649,1.11435723966368,1.00335791512037,8.3125,0.65901765984064,0.5,0.8125,16
"UMass-trends_ensemble","16",0.463325423120363,0.823799230692886,1.93224184782609,0.397151004887729,0.991064013197161,1.00226690618195,2.65625,0.515796672546526,0.4375,0.6875,16
"UMass-trends_ensemble","17",0.591326281623464,0.827363445713623,12.515597826087,0.545062111929666,1.05794124430084,1.16563980788251,18.03125,0.648143327669038,0.625,0.75,16
"UMass-trends_ensemble","18",0.225669248791157,0.456893993804482,3.03664402173913,0.26614405862266,0.809965510528461,0.846877056377105,4.1875,0.351328675282994,0.5625,0.8125,16
"UMass-trends_ensemble","19",0.419820683472306,0.962325780788634,2.05101902173913,0.551876472186892,0.875737744370257,0.970653382374824,3.28125,0.923229234749176,0.4375,0.875,16
"UMass-trends_ensemble","20",0.312187990845676,0.802495761458034,1.36033967391304,0.406271491592413,1.49667107257123,1.7389341585237,2.40625,0.673392083874103,0.3125,1,16
"UMass-trends_ensemble","21",0.785313866958807,1.25757164226931,8.57110054347826,0.857581877075667,1.33320085885483,1.53912406788924,12.5625,1.22499631331205,0.0625,0.5625,16
"UMass-trends_ensemble","22",0.414315751023487,0.401745610986232,4.02385869565217,0.187122602156461,1.18752696466893,1.2399658358678,6.71875,0.284462781793238,0.5,1,16
"UMass-trends_ensemble","23",0.371626478927763,0.727522021755156,1.01381793478261,0.314519380529062,0.723552493179067,0.804750932925799,1.15625,0.439872552164817,0.9375,1,16
"UMass-trends_ensemble","24",0.347205886868496,0.388310492488333,3.12725543478261,0.197780655885301,1.32461583044607,1.24539230664114,4.3125,0.256356819881155,0.625,0.875,16
"UMass-trends_ensemble","25",0.243353210876844,0.545012498381405,3.57834239130435,0.356152620376054,0.629526736985197,0.718478929488584,6.5625,0.675505083147541,0.5,1,16
"UMass-trends_ensemble","26",0.181120304495043,0.410153746762294,3.15808423913043,0.258408951199971,0.647157864353812,0.740711225098203,4.8125,0.360173244803519,0.625,1,16
"UMass-trends_ensemble","27",0.638938883307924,0.83861342915122,6.66942934782609,0.464466070428556,0.908629386664358,0.903755509759746,10.09375,0.74431819127322,0.5,0.75,16
"UMass-trends_ensemble","28",0.714419745829795,0.778282164523433,4.85029891304348,0.373415076563564,1.23852355317689,1.21391124400393,7.1875,0.510812538290546,0.5625,0.75,16
"UMass-trends_ensemble","29",0.389164536736612,0.755861362081426,4.40895380434783,0.467361760901012,1.45687440240022,1.80657504320709,7.09375,0.671830511317936,0.3125,0.875,16
"UMass-trends_ensemble","30",0.591053968310233,0.941594164166475,1.62229619565217,0.48609677673267,0.939625347449024,0.956978800871774,2.59375,0.87717627562721,0.75,0.9375,16
"UMass-trends_ensemble","31",0.480927323100829,0.924718049451155,1.52400815217391,0.497500393405861,0.945151593483585,0.953089445108997,2.5625,0.92799894025799,0.75,1,16
"UMass-trends_ensemble","32",1.02142089854146,0.87685743407739,8.57278532608696,0.281673565583842,1.17431083620276,1.07621080911159,12,0.386500025185092,0.5,0.75,16
"UMass-trends_ensemble","33",0.387767843005092,0.804852989465588,0.904864130434783,0.366187942789538,1.06763706089207,1.08468851452265,1.53125,0.627035287175704,0.625,1,16
"UMass-trends_ensemble","34",0.439994291198339,0.532758505676948,8.74084239130435,0.286263160768242,0.885709815107497,0.894689530313653,12.625,0.411831657298216,0.1875,0.6875,16
"UMass-trends_ensemble","35",0.410887572711423,0.723146344045468,2.13485054347826,0.379840874416676,0.915725945967568,0.899922160885407,3.21875,0.555193883346913,0.5625,0.875,16
"UMass-trends_ensemble","36",0.244876630169343,0.38079926861995,8.14434782608696,0.24460225500709,0.569491120136288,0.644255018330523,11.65625,0.320326906137694,0.625,1,16
"UMass-trends_ensemble","37",0.17471222742568,0.366322574651883,3.0208152173913,0.234211030190588,0.951165877191548,0.941777181885658,4.90625,0.36516821961193,0.6875,1,16
"UMass-trends_ensemble","38",0.955032167579333,1.05454001717225,2.46077445652174,0.438090173974135,1.0974602664489,1.16904639772714,3.6875,0.652973261031212,0.3125,0.6875,16
"UMass-trends_ensemble","39",0.159835906420985,0.371742808534455,3.51865489130435,0.245534820484489,0.921881187375651,1.04485717959323,5.59375,0.349316027465598,0.625,1,16
"UMass-trends_ensemble","40",0.541181287371322,0.674246529789779,4.74883152173913,0.414877374468577,0.97754229376173,0.975288398300065,5.5625,0.492906893011362,0.125,0.1875,16
"UMass-trends_ensemble","41",0.565463738577869,1.07129261550571,4.19615489130435,0.620156185777228,1.07576336655604,1.02638592777946,5.3125,0.759251582157041,0.3125,0.5625,16
"UMass-trends_ensemble","42",0.508407338062649,0.425182551232104,20.9815081521739,0.156249614654495,1.35115619210641,1.52077305531424,30.59375,0.213365429454826,0.5,0.875,16
"UMass-trends_ensemble","44",0.810534709222968,1.14209253599981,2.40024456521739,0.563829263364275,1.11420919127982,1.12758362533434,3.6875,0.858069989505056,0.375,0.8125,16
"UMass-trends_ensemble","45",0.316402368067579,0.553749186268803,2.889375,0.32293449674715,1.01295170649999,1.00506774248934,4.3125,0.476300067225242,0.5,1,16
"UMass-trends_ensemble","46",0.654967780379681,0.970507196312592,1.61417119565217,0.473602488297482,1.08975143064678,1.10361557903337,2.71875,0.790520123605902,0.625,0.875,16
"UMass-trends_ensemble","47",0.345291584209929,0.335102489175586,4.7078125,0.148195315756225,0.902879297778959,0.947987993494008,7.4375,0.240834751090991,0.4375,0.9375,16
"UMass-trends_ensemble","48",0.228274319169163,0.167522768303123,9.95801630434783,0.0937400842171933,1.09107054065656,1.12414716567142,14.21875,0.132936164510514,0.4375,0.6875,16
"UMass-trends_ensemble","49",0.681540422752789,0.884853752540295,2.550625,0.392404587586279,1.15955489465252,1.23386995210833,4.09375,0.629225036610945,0.375,0.875,16
"UMass-trends_ensemble","50",0.439320453864602,0.74728989183945,0.439728260869565,0.245386030146237,0.950657504003111,0.952254700233761,0.65625,0.386638038993781,0.6875,0.9375,16
"UMass-trends_ensemble","51",0.303511249411013,0.378077838576607,3.97967391304348,0.217803922318368,1.11847848605218,1.08996049868477,6.28125,0.344905026228979,0.5625,0.9375,16
"UMass-trends_ensemble","53",0.601843080387556,0.737984024040002,6.03983695652174,0.356368402354801,0.849722027848743,0.891984831401731,8.84375,0.491000904975171,0.25,0.5625,16
"UMass-trends_ensemble","54",0.323964056780454,0.735175634889426,1.59648097826087,0.400310679510165,0.854774072226965,1.14986585567437,1.96875,0.519719008439686,0.8125,1,16
"UMass-trends_ensemble","55",0.197856334390402,0.667832852593267,1.65724184782609,0.421991420514002,0.580599813890514,0.828156703409411,2.5,0.744834981948783,0.9375,0.9375,16
"UMass-trends_ensemble","56",0.986271332778654,1.26031882875864,2.70816576086957,0.636910870005751,1.18930657124666,1.13541493901325,4.46875,0.991428350292121,0.375,0.9375,16
"UMass-trends_ensemble","72",0.901439457682195,0.789146215678938,16.7201222826087,0.247320431450233,1.02783526387607,1.01893627986547,25.6875,0.381346867592195,0.5,0.875,16
"UNC_IDD-InfluPaint","01",0.690612859832081,1.12738475906858,6.23314699922408,0.557025823342575,2.86560820603744,4.53141215209866,12.2950781599294,1.01800027771775,0.3125,1,16
"UNC_IDD-InfluPaint","02",0.928848600105637,0.970435495561035,1.4577613900625,0.442654018083156,0.717067842874577,0.757051279764957,1.42586403163205,0.638657979671789,0.5625,0.5625,16
"UNC_IDD-InfluPaint","04",0.635730918627935,0.663329836383538,12.0728160618915,0.305493518658936,1.35700838966932,1.63900317229313,17.6326686591534,0.484124496276102,0.625,1,16
"UNC_IDD-InfluPaint","05",0.324998928724735,0.635129848707089,2.09372807820257,0.368375736540569,1.00687969449591,1.05695726893215,3.35295046568331,0.608448752975754,0.8125,1,16
"UNC_IDD-InfluPaint","06",0.731310920327136,1.28211827581192,36.1540664364521,0.615830810187217,1.97458864103452,5.42144211928853,46.9718794169715,0.859757660961305,0.5625,0.8125,16
"UNC_IDD-InfluPaint","08",0.550624616772259,0.656232674076976,5.05430245115398,0.354030965285397,0.572214023909667,0.651108927208853,4.64684865127867,0.405579854168312,0.875,1,16
"UNC_IDD-InfluPaint","09",0.283256989574502,0.54762679692219,1.77706553434308,0.307409047351001,0.421768657069853,0.548822816801525,1.34645994396601,0.320569361995159,1,1,16
"UNC_IDD-InfluPaint","10",0.613461055807371,0.892250966370498,1.46968547501585,0.391434948081333,0.83084443145729,0.910867682077745,1.37036192241294,0.568605111578653,0.75,0.75,16
"UNC_IDD-InfluPaint","11",0.870105059278718,0.794472498258006,1.49772043900213,0.345558077034382,0.781266399441061,0.527417675371674,1.41440113384397,0.471093285951086,0.875,0.875,16
"UNC_IDD-InfluPaint","12",1.37361157016468,1.88552705521902,55.4749140534681,0.955904874089103,5.86156623715951,11.9782347589086,82.9000495158405,1.43127177205661,0,0.6875,16
"UNC_IDD-InfluPaint","13",0.43141495866271,0.701945612036554,6.3859860330523,0.440005598974502,0.923843679227798,1.21800680682898,10.2451084096997,0.698683223179631,0.875,1,16
"UNC_IDD-InfluPaint","15",0.635563113598985,0.741911020098165,2.90248943298963,0.338875701807667,0.465278011107124,0.617918027323416,3.35113038232748,0.40120275150355,0.9375,1,16
"UNC_IDD-InfluPaint","16",0.600360560598227,0.715989086521654,2.43555001739951,0.335329292289236,0.828549535465855,0.770208103144516,2.17464932089274,0.38902275109258,0.9375,1,16
"UNC_IDD-InfluPaint","17",0.714616548212545,1.21890449649415,15.2500856702029,0.809812323885589,1.41799481515467,2.46302331029329,24.4505364760054,1.39461363137577,0,0.75,16
"UNC_IDD-InfluPaint","18",0.261107692774493,0.713724217778515,3.41811068933043,0.406402015175109,1.25993368283786,1.7268910865664,6.30149740008483,0.695546301506785,0.8125,1,16
"UNC_IDD-InfluPaint","19",0.36292212117819,0.734536192048424,1.78114732363762,0.42502760770984,0.470747244474734,0.57490665990656,1.78337779425851,0.555774393707214,0.75,0.75,16
"UNC_IDD-InfluPaint","20",0.297213515893327,0.54555062420981,1.2843099729943,0.275913439890398,0.588818764443524,0.599711598411466,0.941747044182875,0.233235460121709,1,1,16
"UNC_IDD-InfluPaint","21",0.558233578961873,0.834300658406997,6.11002303267684,0.571046214190905,1.23643920431009,1.29718603058881,11.6959460005642,1.03702686327512,0.25,1,16
"UNC_IDD-InfluPaint","22",0.836219985413253,0.932625378287096,8.12297242073178,0.444692132076519,1.72390351989706,2.46301300178631,9.72894235010813,0.587023061943221,0.8125,0.875,16
"UNC_IDD-InfluPaint","23",0.880842285108576,1.02730549665272,2.3891371745025,0.444523468265438,1.55035076594276,1.22383226561538,2.48632198594839,0.671122417906449,0.75,0.75,16
"UNC_IDD-InfluPaint","24",0.556256849517403,1.19547754312606,5.06419967588562,0.614764724185143,2.92034765869639,5.45923839371829,9.62836577147857,1.14173741147308,0.1875,1,16
"UNC_IDD-InfluPaint","25",0.354114487610036,0.635447396569619,5.08116550238734,0.405439548472874,0.715051382652207,0.656185064045221,7.17941657800509,0.596023409374599,0.625,0.9375,16
"UNC_IDD-InfluPaint","26",0.273950558769328,0.720242786521995,4.66121436913239,0.440408216967673,1.07287818184129,1.47164109131616,7.75486263198229,0.690014555737041,0.5625,1,16
"UNC_IDD-InfluPaint","27",0.277451168462308,0.606919713255583,2.83190522783071,0.329767395170341,0.285459933176658,0.432518388290484,3.09110938378637,0.347452581166431,1,1,16
"UNC_IDD-InfluPaint","28",0.511111624002148,0.992944699240124,3.34610877768822,0.461618928071723,1.06848409647291,1.97125241179241,5.95729418618271,0.803430372999632,0.4375,1,16
"UNC_IDD-InfluPaint","29",0.479231803355208,1.02300083651001,5.44362875217898,0.634898762113868,2.04215409175923,3.05325793592083,10.0043581358984,1.14540088019417,0.125,1,16
"UNC_IDD-InfluPaint","30",0.716565433924217,0.867294118126163,1.94964696434162,0.444239656305828,0.977517011606382,0.850909433006611,2.66376682858356,0.767933780309866,0.5,0.8125,16
"UNC_IDD-InfluPaint","31",0.910300529116817,1.37247667426282,2.81059654267861,0.730632707737789,1.3867897287232,1.35230912038409,3.69297449377598,1.30404743996219,0.25,0.25,16
"UNC_IDD-InfluPaint","32",0.850658163077404,1.27018889281994,6.79168288095168,0.399165759902424,0.848033450754155,1.51698419728057,8.22067356720208,0.541218578210727,0.75,1,16
"UNC_IDD-InfluPaint","33",0.779042787607494,0.967056812935234,1.8337798427738,0.444233394655969,1.15726918911789,1.05303647545213,1.67531952167531,0.614530893340026,0.6875,0.6875,16
"UNC_IDD-InfluPaint","34",0.393651004340186,0.784482424754003,7.77314938977206,0.429492088430338,0.724753961128059,1.32728173399815,10.2593603179884,0.62526582958665,0.75,1,16
"UNC_IDD-InfluPaint","35",0.618706814096193,0.780927399063946,3.14959651304384,0.406635176645691,1.15885443333736,1.07500618491646,4.00189495245093,0.657544850312117,0.8125,1,16
"UNC_IDD-InfluPaint","36",0.272551424853853,0.695330335347245,9.1447133958913,0.462856212903526,0.671675604793564,1.32912018826662,13.8188364006872,0.68968703777038,0.8125,1,16
"UNC_IDD-InfluPaint","37",0.288825087852868,0.583664302234645,4.95861233971586,0.372050099407519,1.0608991823025,1.16802573050588,5.48939245408246,0.458348764564578,0.9375,1,16
"UNC_IDD-InfluPaint","38",0.832371748599348,0.827993216866475,2.15249018310993,0.345212372880119,0.789968100964846,0.775138667555671,2.58956350952951,0.42318258207626,0.8125,1,16
"UNC_IDD-InfluPaint","39",0.226927549941792,0.769079549669799,5.0240022920945,0.509986358066915,1.44989891098496,2.55961381674374,8.95703236420036,0.875436967140535,0.375,1,16
"UNC_IDD-InfluPaint","40",0.572276554484374,0.802119192217921,4.99250689637748,0.491461567126118,1.47211359569197,1.67703266757515,8.33185705720814,0.845849752878472,0.5,1,16
"UNC_IDD-InfluPaint","41",0.674620606010442,0.988885350073354,4.95358806187068,0.567821449976042,1.47777726389895,1.29755565180112,7.26384173588565,0.955392457940207,0.5,1,16
"UNC_IDD-InfluPaint","42",1.82245516892899,2.74005477811553,78.0313870399433,1.07071168144469,4.67891431812505,10.3340131178028,108.809729842393,1.53275472277774,0.0625,0.5,16
"UNC_IDD-InfluPaint","44",0.64061079164288,0.822534984446699,1.88133609720692,0.401714619493151,0.615354458540461,0.729324607485598,2.00502350788463,0.550482481464237,0.8125,0.8125,16
"UNC_IDD-InfluPaint","45",0.296083685645689,0.580380689767519,2.65271344054835,0.33563977343616,0.512220160282793,0.684193058322274,2.16419938959734,0.32499708033183,0.875,1,16
"UNC_IDD-InfluPaint","46",0.834925439459755,0.910990832358504,2.0167293001465,0.439279052104227,1.11480263057981,0.978966436817529,2.68987500093453,0.685855670575833,0.6875,0.75,16
"UNC_IDD-InfluPaint","47",0.805712255893255,1.63744181536745,11.045834175587,0.735803056144335,2.42468721396074,4.960840632614,19.8554677360183,1.27155916490594,0.1875,0.9375,16
"UNC_IDD-InfluPaint","48",0.766937128201063,1.21273240566509,34.5351412837232,0.724603944725642,3.9069340441558,8.60280665596252,51.9691494165393,1.07846882559032,0.3125,0.8125,16
"UNC_IDD-InfluPaint","49",0.575936979447565,0.784739255521303,2.14600865912068,0.344101417924111,0.775309770955447,0.936421563100027,2.73543326392814,0.474573601570126,0.8125,1,16
"UNC_IDD-InfluPaint","50",1.71541047343191,1.75367344141588,1.72683413139521,0.57990546960179,3.06249514687715,2.36031149430913,2.14388836785656,0.975075867388858,0.3125,0.3125,16
"UNC_IDD-InfluPaint","51",0.422732384982043,1.04881987103897,5.56127957710858,0.605554729296766,1.80791156240125,3.42939598009226,10.1747474460819,1.08809863113563,0.375,1,16
"UNC_IDD-InfluPaint","53",0.428112119901255,0.829176408518301,4.27734676782778,0.404371687265239,0.493926131032429,1.00870957148202,5.24791523461965,0.574602772994913,0.625,1,16
"UNC_IDD-InfluPaint","54",0.43069600344642,0.643204052998012,2.09042756945336,0.345156737551696,1.0652916994055,1.05806148174669,2.36376853603963,0.458402713434895,0.9375,1,16
"UNC_IDD-InfluPaint","55",0.399108312909821,0.687002512169528,3.35473524661544,0.440214029090122,1.05336222960964,0.800863481512612,4.52738196429186,0.722799905415309,0.6875,0.8125,16
"UNC_IDD-InfluPaint","56",0.588153462144069,0.773049225510203,1.57950187431946,0.383293216242095,0.611460482738027,0.714990808767143,2.22357778430535,0.610670713264155,0.75,0.875,16
"UVAFluX-Ensemble","01",0.835430383929303,0.646438064843389,7.63010869565217,0.318963536916909,2.6871057568196,2.07668416801509,11.75,0.467353517593531,0.625,0.9375,16
"UVAFluX-Ensemble","02",0.659183217667762,0.943420653746224,1.03059782608696,0.425996043261828,0.75833739234797,0.795821706964449,1.5,0.667099735889513,0.8125,0.875,16
"UVAFluX-Ensemble","04",0.777140035585825,0.606696260511017,15.2623369565217,0.283703423038175,1.85505875120456,1.56420932401369,24.9375,0.464862975552683,0.5625,1,16
"UVAFluX-Ensemble","05",0.774099654237042,1.0613191528084,5.51176630434783,0.656842682117845,2.35730977708458,1.68863999537568,8.875,1.04305325031625,0.625,0.875,16
"UVAFluX-Ensemble","06",0.788109992005462,0.493230506897941,37.6153260869565,0.214717675985909,2.37969017063388,2.21711131501516,56.3125,0.326164179371178,0.75,1,16
"UVAFluX-Ensemble","08",0.816730794844536,0.881018304566227,7.66975543478261,0.48715672494357,1.4703281605954,1.31137489239489,12.5,0.854309401778132,0.375,1,16
"UVAFluX-Ensemble","09",0.926187936717917,1.14874494395696,5.96059782608696,0.657751132699876,2.7638906701566,2.00005512660187,9.125,1.19323106623662,0.6875,1,16
"UVAFluX-Ensemble","10",1.00979276678787,1.55214558334476,2.46209239130435,0.688641117710371,2.13041040368312,1.58517799380648,3.5,0.979986044873692,0.3125,0.75,16
"UVAFluX-Ensemble","11",0.648994943517433,0.87220469571468,1.12127717391304,0.380079199533393,0.710357768950905,0.580815810173906,1.3125,0.525739542234901,0.75,0.9375,16
"UVAFluX-Ensemble","12",0.494042617869626,0.284680394434791,19.9891032608696,0.140691158718209,1.99585879301607,1.75641788757145,28.875,0.208095811755229,0.625,1,16
"UVAFluX-Ensemble","13",0.739399920930937,0.816004462831553,11.7757336956522,0.525535252972406,1.56231987984251,1.24148521321306,18.75,0.733365662870778,0.5,1,16
"UVAFluX-Ensemble","15",1.03705691756867,0.920935270588974,4.89326086956522,0.430378374428998,1.00868957681605,0.959258573404883,7.5,0.629666360291841,0.375,0.75,16
"UVAFluX-Ensemble","16",0.955263581695703,1.05033312589939,3.97008152173913,0.500647288996097,2.55640326527911,1.79044700755352,6.875,0.913981116103681,0.4375,1,16
"UVAFluX-Ensemble","17",0.67897043560057,0.684183259258438,15.0538315217391,0.467281529818159,1.38336449315953,1.26890307901456,25,0.742237286621118,0.5,1,16
"UVAFluX-Ensemble","18",0.550120792086563,0.80038920544803,7.61125,0.468668047346022,1.73708558588188,1.34348364763763,9.625,0.575822250291003,0.8125,1,16
"UVAFluX-Ensemble","19",0.482084315282786,0.873357656784015,2.39067934782609,0.506185540493366,0.813411159178176,0.848120837668936,3.0625,0.804666550252109,0.625,1,16
"UVAFluX-Ensemble","20",0.638908701443712,0.833746627039412,2.89858695652174,0.435598811303276,2.24148722960052,1.50699752703625,3.875,0.614448052754975,0.8125,1,16
"UVAFluX-Ensemble","21",0.715464910983236,0.786945136525995,8.12932065217391,0.536542765139644,1.48837219715685,1.09468358920719,14.5625,0.87524931810431,0.8125,1,16
"UVAFluX-Ensemble","22",0.787918375232874,0.487560672115957,7.74247282608696,0.225695516763409,1.88741502287919,1.30574819972836,10.9375,0.299136269224688,0.75,0.9375,16
"UVAFluX-Ensemble","23",1.35559418583017,1.81837274625696,3.81078804347826,0.809907825311254,3.10813553022269,1.84575348455606,5.125,1.02913352120387,0.5,0.6875,16
"UVAFluX-Ensemble","24",0.824784328539205,0.716693549586367,7.63388586956522,0.372521129053217,3.60388206423939,2.7893658864897,12.0625,0.587362479166293,0.375,0.9375,16
"UVAFluX-Ensemble","25",0.946129759881228,1.37799847580686,14.7365489130435,0.93981371227051,1.78071468445773,1.28316166693585,19.5625,1.23218523920245,0.375,0.6875,16
"UVAFluX-Ensemble","26",0.715622092188118,0.979184291098291,13.3970380434783,0.637937740921376,2.21339053868553,1.54527919504498,17.875,0.780556539771369,0.4375,0.75,16
"UVAFluX-Ensemble","27",1.12811801835312,1.33690039237834,12.0973913043478,0.767121454353432,1.75651924994193,1.44093359879205,19.875,1.20138520555206,0.1875,0.875,16
"UVAFluX-Ensemble","28",1.00762783255055,0.91242748335289,6.81983695652174,0.439124950952358,1.89837849107783,1.64753343170381,10.9375,0.694448979914382,0.25,0.75,16
"UVAFluX-Ensemble","29",1.17368458211907,0.970377548413833,15.1494565217391,0.627426286849683,3.47519020087064,1.98741828875685,19.25,0.772417966998875,0.75,0.8125,16
"UVAFluX-Ensemble","30",0.734440402501968,1.0488605770541,1.99614130434783,0.535331784999034,1.17675468965839,0.988606949181465,3.1875,0.883708229814495,0.625,0.9375,16
"UVAFluX-Ensemble","31",0.652014699312137,1.33375860288221,2.03782608695652,0.712713943168462,1.16587349807362,1.22447255892644,3.125,1.18371715858547,0.375,0.875,16
"UVAFluX-Ensemble","32",0.968747633261539,0.817747236189345,7.83388586956522,0.255387359503866,1.3957671476153,1.24721049272405,13.75,0.437585151161109,0.6875,1,16
"UVAFluX-Ensemble","33",0.75749196332757,1.13280537037849,1.78046195652174,0.516988017441722,1.90369028350322,1.43757888149315,2.75,0.831264411490556,0.625,0.9375,16
"UVAFluX-Ensemble","34",0.848150925816901,0.80623554861236,17.3929619565217,0.442564241735871,1.91938679037854,1.53460292550122,28.125,0.71522400002479,0.125,0.9375,16
"UVAFluX-Ensemble","35",1.00342050523283,1.30292847769107,5.32573369565217,0.70052535558787,2.29242859412957,1.72492726582447,8.25,1.08631100259005,0.25,0.8125,16
"UVAFluX-Ensemble","36",0.439720004699961,0.505888697518429,15.0307336956522,0.329350397062058,1.13046360213913,1.06132454456741,24,0.53737107938867,0.625,1,16
"UVAFluX-Ensemble","37",0.620277798207681,0.848480720346958,11.2610326086957,0.560720714300109,3.07002459735739,2.13502948571849,16.6875,0.8539651710798,0.4375,0.8125,16
"UVAFluX-Ensemble","38",1.28469254140292,1.23674401347505,3.52005434782609,0.536155689777361,1.45938458335517,1.36763971266629,5.125,0.781440813820608,0.4375,0.75,16
"UVAFluX-Ensemble","39",0.367959582664339,0.554110972884006,8.30013586956522,0.369292881365677,1.82831672608271,1.61056664489301,11.5,0.553628485554475,0.75,1,16
"UVAFluX-Ensemble","40",0.778708752588845,0.67471902033611,7.07801630434783,0.419088392766643,1.84082311633903,1.16436337188726,11,0.597467426330658,0.8125,1,16
"UVAFluX-Ensemble","41",0.955932376967321,1.32433000934697,7.08282608695652,0.763779945176799,2.0756321999546,1.50735980358634,10.25,1.11318424722151,0.5,0.625,16
"UVAFluX-Ensemble","42",0.532576349816526,0.385492184627957,22.1486956521739,0.141750774552897,1.14292465330216,1.15434593032946,26.4375,0.16440573426145,0.6875,0.9375,16
"UVAFluX-Ensemble","44",0.952170874878301,1.27312954538181,2.87760869565217,0.637119568502862,1.2521645518143,1.18328917168282,4.1875,0.903644001477887,0.5,0.75,16
"UVAFluX-Ensemble","45",0.932264366382215,1.06759055606722,9.02728260869565,0.647212768961707,2.74454126043772,1.83221942640965,12.4375,0.891636293345442,0.3125,0.6875,16
"UVAFluX-Ensemble","46",0.695610329789634,1.04011149677413,1.72038043478261,0.510913091138997,1.13131675093773,1.09572013738695,2.8125,0.783630658237625,0.4375,0.875,16
"UVAFluX-Ensemble","47",0.862821464647833,0.701386968981767,12.1742119565217,0.317310774548395,2.41947265981553,2.00222144054453,20.625,0.520106308865115,0.5625,1,16
"UVAFluX-Ensemble","48",0.692392528422466,0.410199435930248,30.9946467391304,0.23392087009016,3.44729668347473,2.89099687791949,46.5,0.351201590097446,0.5,1,16
"UVAFluX-Ensemble","49",0.771863223414818,0.791296614945682,2.88646739130435,0.346639308324617,1.16817933551578,1.03545003573092,4.125,0.522474736151429,0.625,0.9375,16
"UVAFluX-Ensemble","50",0.952622657707292,1.30353381727507,1.00211956521739,0.445961249629505,1.95202969348183,1.61364631189882,1.4375,0.685856272917659,0.6875,0.9375,16
"UVAFluX-Ensemble","51",0.738868559254855,0.694314192594079,10.2533695652174,0.416742161315013,2.67695680294804,1.96100719443676,15.9375,0.642819890740031,0.4375,0.875,16
"UVAFluX-Ensemble","53",1.48150332256286,1.23951689040946,15.3957336956522,0.609436055791518,2.26101868953993,1.68899813702394,24.4375,0.947778750790853,0.1875,0.9375,16
"UVAFluX-Ensemble","54",0.533250260955013,0.782459492877302,2.6589402173913,0.425510631758887,1.5230346593461,1.52972262723652,3.5,0.671474259128265,0.8125,1,16
"UVAFluX-Ensemble","55",0.528725288272346,1.02845266708478,4.61073369565217,0.677724720816192,1.53753711597014,1.16679205927324,6.875,1.07825025666717,0.625,1,16
"UVAFluX-Ensemble","56",1.2157299028639,1.47896390788536,3.38967391304348,0.758688355237855,1.2997938860103,1.15711719091608,4.9375,1.01734197399457,0.5625,0.5625,16
"UVAFluX-Ensemble","72",0.809431891645088,0.76798162987398,14.9942663043478,0.240632924057623,0.901894538363306,0.929890551357428,22.5,0.347134227394777,0.1875,0.75,16
"UVAFluX-FS_OptimWISE","01",0.315285576450043,0.318638478542068,2.81698369565217,0.15501036531025,1.03880202907318,1.06049767373508,4.4375,0.234826170419098,0.6875,1,16
"UVAFluX-FS_OptimWISE","02",0.569908400317704,0.908591405290572,0.894021739130435,0.412261975174934,0.681630984912237,0.742130251163575,1.375,0.635173134404138,0.5,0.875,16
"UVAFluX-FS_OptimWISE","04",0.355759960149526,0.364121377389513,6.72209239130435,0.164201707407887,0.903402909635953,0.976676601718741,11.5,0.276899716075924,0.625,1,16
"UVAFluX-FS_OptimWISE","05",0.284901255681501,0.577223173285342,1.89059782608696,0.351627113850296,0.837137816702671,0.877695697991748,2.875,0.52838931088809,0.5625,0.875,16
"UVAFluX-FS_OptimWISE","06",0.255105029615092,0.214281260414979,12.0724456521739,0.0935322302154719,0.687937843512967,0.844034308365647,16.1875,0.125283454155587,0.9375,1,16
"UVAFluX-FS_OptimWISE","08",0.258063417056753,0.381459188465794,2.3760597826087,0.207688523207054,0.414102531438391,0.519066062126168,3.4375,0.33334259869958,0.8125,1,16
"UVAFluX-FS_OptimWISE","09",0.255949984939689,0.531289641288157,1.61005434782609,0.298655726254098,0.683284332781301,0.794235731084075,2.1875,0.464879479785691,0.5625,1,16
"UVAFluX-FS_OptimWISE","10",0.355181685371605,0.804722790049056,0.846114130434783,0.353101260290294,0.748006121961153,0.775673332422146,1.1875,0.469247778992676,0.5625,0.75,16
"UVAFluX-FS_OptimWISE","11",0.509200072486163,0.83715124113706,0.890679347826087,0.365741271453683,0.748487807076064,0.645076596500358,1.375,0.580456338319519,0.5,1,16
"UVAFluX-FS_OptimWISE","12",0.294597663936744,0.210938724094057,11.5588315217391,0.101014156320109,1.35453769794456,1.40046596752484,18.875,0.159986850345432,0.6875,1,16
"UVAFluX-FS_OptimWISE","13",0.33253295637019,0.411723855002378,4.91271739130435,0.255327322607602,0.708074408424553,0.734983907972934,7.8125,0.4153443693916,0.4375,1,16
"UVAFluX-FS_OptimWISE","15",0.586511654487391,0.632153740197501,2.64125,0.283146106182257,0.588779370854634,0.706946658571868,4.1875,0.446541691041917,0.5625,0.9375,16
"UVAFluX-FS_OptimWISE","16",0.270251500218298,0.477224806744535,1.10489130434783,0.226664049605045,0.686087618111063,0.773321975641096,1.8125,0.394013766069492,0.625,1,16
"UVAFluX-FS_OptimWISE","17",0.482602939918583,0.51174414937018,10.2552717391304,0.337207420792133,0.916443551391714,0.970710735658541,15.75,0.54433241771572,0.5625,0.875,16
"UVAFluX-FS_OptimWISE","18",0.190796494340713,0.35479833387321,2.52442934782609,0.203987927202592,0.759260333392831,0.776730595572232,3.8125,0.313989524319225,0.75,1,16
"UVAFluX-FS_OptimWISE","19",0.283927251083194,0.71434201697809,1.39619565217391,0.41512791419161,0.634399185747255,0.730641747174586,2.375,0.695490690406862,0.5625,0.9375,16
"UVAFluX-FS_OptimWISE","20",0.158611276408378,0.336209497577523,0.685788043478261,0.170221799241992,0.669128428480324,0.686840110145897,1.0625,0.265032942025011,0.75,1,16
"UVAFluX-FS_OptimWISE","21",0.538691548180682,0.66537694034321,5.905,0.4551124058399,1.04658465455089,0.962052716757752,9.875,0.765984124223949,0.125,1,16
"UVAFluX-FS_OptimWISE","22",0.502055620143832,0.472238397744903,4.87201086956522,0.218989471505135,1.42427914910887,1.52969748149563,8,0.348435074928173,0.3125,0.9375,16
"UVAFluX-FS_OptimWISE","23",0.329463318945342,0.772521897229856,0.901521739130435,0.337796290866672,0.81504623679821,0.941315710718836,1.3125,0.518378102506377,0.625,1,16
"UVAFluX-FS_OptimWISE","24",0.325843600422439,0.477104103649983,2.948125,0.243153943976869,1.31581512230278,1.70683800031863,4.3125,0.353718635880791,0.625,0.9375,16
"UVAFluX-FS_OptimWISE","25",0.276721151878283,0.689231393313645,4.07141304347826,0.457028327280356,0.693291825965882,0.827409352972616,7.1875,0.778880087807624,0.4375,0.9375,16
"UVAFluX-FS_OptimWISE","26",0.178233526574582,0.350981233358195,3.105,0.221348066655295,0.615650335795063,0.706133145609616,4.5625,0.342939785714399,0.6875,1,16
"UVAFluX-FS_OptimWISE","27",0.286581942217751,0.505904168445749,2.94429347826087,0.280840277767894,0.419783939683588,0.564550029756682,4.5625,0.461932718710842,0.5625,1,16
"UVAFluX-FS_OptimWISE","28",0.324171571245761,0.401013108683951,2.18951086956522,0.193242906255099,0.497158970194993,0.645119628867602,2.9375,0.279826474382443,0.5625,1,16
"UVAFluX-FS_OptimWISE","29",0.267083348985717,0.407034107776862,3.04323369565217,0.252914976456636,1.02896747804924,1.07432334131315,5.0625,0.404096010335256,0.5,1,16
"UVAFluX-FS_OptimWISE","30",0.490347345640331,0.792151906403073,1.36472826086957,0.413583719351573,0.744749824279516,0.733024356223732,2.0625,0.670925528650012,0.5,0.875,16
"UVAFluX-FS_OptimWISE","31",0.489109315240387,1.20005234745361,1.53448369565217,0.641156595212211,0.86081418601816,1.01449552174956,2.3125,0.981746724684111,0.1875,0.875,16
"UVAFluX-FS_OptimWISE","32",0.54400476417155,0.575517712661742,4.38464673913043,0.179839481537164,0.698273650929325,0.801021173017122,6.875,0.28212722270462,0.6875,1,16
"UVAFluX-FS_OptimWISE","33",0.393948844426773,0.849526512795598,0.924429347826087,0.389956539646304,0.998641947941949,1.02587867076332,1.4375,0.594402810276658,0.3125,0.875,16
"UVAFluX-FS_OptimWISE","34",0.201890012074522,0.268436447756323,3.94130434782609,0.142450627501903,0.38589102652541,0.438916521489016,5.375,0.197960889690387,0.875,1,16
"UVAFluX-FS_OptimWISE","35",0.244267514549487,0.485272942700204,1.24755434782609,0.253995582362355,0.555163328234733,0.66347696122061,1.9375,0.41128093017346,0.6875,1,16
"UVAFluX-FS_OptimWISE","36",0.207281116582341,0.283733339619172,6.85701086956522,0.180928860405053,0.522523762262181,0.577781737711468,10.5625,0.283121400709303,0.6875,1,16
"UVAFluX-FS_OptimWISE","37",0.126074583543093,0.266054590510564,2.173125,0.169682333183756,0.482819290611839,0.54764715237454,2.5,0.213712774094293,0.8125,1,16
"UVAFluX-FS_OptimWISE","38",0.767869064592519,0.817256036175048,1.98078804347826,0.340890637129203,0.907196717403946,0.926794626703843,3,0.5116130673766,0.5,0.9375,16
"UVAFluX-FS_OptimWISE","39",0.112036796790726,0.235515868451049,2.48154891304348,0.155476034979748,0.42915355605295,0.508555146692888,2.625,0.171144418768764,0.875,1,16
"UVAFluX-FS_OptimWISE","40",0.420491437239203,0.560270921036527,3.6864402173913,0.344223694930114,1.12956793863359,1.19263864023379,6.4375,0.603981846093213,0.3125,1,16
"UVAFluX-FS_OptimWISE","41",0.343013799120595,0.730347890791316,2.52225543478261,0.418838073959163,0.829230220851603,0.944223656642524,4.0625,0.693090623013098,0.375,1,16
"UVAFluX-FS_OptimWISE","42",0.606105607685829,0.510894632595964,25.2153532608696,0.188779842590975,1.86524001071995,2.18023812029707,42.875,0.310370064363924,0.375,1,16
"UVAFluX-FS_OptimWISE","44",0.582982982464189,0.959297353190985,1.70573369565217,0.471660483200575,0.729029816810479,0.838239412278887,2.375,0.63217044995922,0.4375,0.8125,16
"UVAFluX-FS_OptimWISE","45",0.243781901741019,0.447918743496199,2.2258152173913,0.26352864833942,0.72183129533243,0.803179783704166,3.0625,0.380748518144526,0.6875,0.875,16
"UVAFluX-FS_OptimWISE","46",0.501588087933139,0.794548108077596,1.22065217391304,0.38511705388758,0.813463331331616,0.888519622443096,2,0.631373377886465,0.375,1,16
"UVAFluX-FS_OptimWISE","47",0.27588797737353,0.287280750482649,3.72823369565217,0.125970728199149,0.592461792978361,0.65638243205963,4.8125,0.164238415334657,0.75,1,16
"UVAFluX-FS_OptimWISE","48",0.212276576280812,0.162452106355911,9.21317934782609,0.0903353565332938,0.806524407466983,0.859153400595105,10.4375,0.100760424853929,0.9375,1,16
"UVAFluX-FS_OptimWISE","49",0.398832663809717,0.538261650774392,1.48184782608696,0.235978535455393,0.658102577995676,0.729000397588239,2.3125,0.368185935105297,0.625,1,16
"UVAFluX-FS_OptimWISE","50",0.41252332885381,0.700873355595368,0.407201086956522,0.226712806708514,1.0045643350155,1.0050337271148,0.6875,0.404618168522017,0.6875,1,16
"UVAFluX-FS_OptimWISE","51",0.197908866265731,0.283308971143888,2.60823369565217,0.164299292129902,0.685233504303958,0.775767343037598,3.875,0.247596941781338,0.6875,1,16
"UVAFluX-FS_OptimWISE","53",0.429260512252213,0.524740577402897,4.25339673913043,0.250424892585309,0.666568876830188,0.727730013320335,6.875,0.397822959077508,0.375,1,16
"UVAFluX-FS_OptimWISE","54",0.198851540049682,0.414062401634108,0.976983695652174,0.224783062130847,0.710817261766476,0.863960031451236,1.625,0.386652326340968,0.8125,1,16
"UVAFluX-FS_OptimWISE","55",0.195766419637844,0.582878592944518,1.66076086956522,0.383558034066908,0.50901454416387,0.576114094162318,2.1875,0.52788238460781,0.6875,0.8125,16
"UVAFluX-FS_OptimWISE","56",0.772927117871394,1.16237401053299,2.10592391304348,0.589040310806127,0.779211035870335,0.881969207178173,2.875,0.761895268035127,0.1875,0.625,16
"UVAFluX-FS_OptimWISE","72",0.600584141656839,0.596080370047493,11.1839130434783,0.187683449506723,0.686095036085491,0.767044039296514,17.25,0.288412417179959,0.5625,0.9375,16
"VTSanghani-PRIME","01",0.41610757414995,0.545489274553142,3.65786231884058,0.26372946793937,1.26451867640234,1.35119637162394,5.25,0.29612825438932,0.833333333333333,0.916666666666667,12
"VTSanghani-PRIME","02",0.922620944770886,1.50016300968763,1.33518115942029,0.645219040166798,0.853817355821612,0.92633950475601,1.58333333333333,0.755346488483175,0.416666666666667,0.583333333333333,12
"VTSanghani-PRIME","04",0.423702748879547,0.474390950002159,7.95260869565217,0.211112492689239,0.731816577868841,0.805879605975254,9.25,0.227676379172114,1,1,16
"VTSanghani-PRIME","05",0.31176941624883,0.631310588231621,2.12123188405797,0.399916603494732,1.02468497454187,1.04222969214413,3.58333333333333,0.666482458343084,0.416666666666667,1,12
"VTSanghani-PRIME","06",0.435936222788031,0.420743606767106,20.3691666666667,0.18165276635316,0.811488358400412,0.943869748722103,18.3333333333333,0.136399779477373,1,1,12
"VTSanghani-PRIME","08",0.321852799574437,0.505684169552852,2.96282608695652,0.27506246847677,0.561402803125971,0.674024542393616,4.75,0.440717404384054,1,1,12
"VTSanghani-PRIME","09",0.215197147528526,0.505291761650871,1.35459239130435,0.28468644665829,0.640463387871973,0.735604859838314,2.0625,0.434519980647324,0.875,1,16
"VTSanghani-PRIME","10",0.278793024689538,0.619229570080525,0.643188405797101,0.266379232870354,0.606874577022043,0.643730120649583,0.916666666666667,0.384799392165554,0.916666666666667,1,12
"VTSanghani-PRIME","11",1.14269692232089,2.26103952968802,2.2575652173913,1.06671423474551,1.1110604351248,1.1456516541428,2.3,1.0961277846684,0.1,0.1,10
"VTSanghani-PRIME","12",0.342598786033697,0.247392817441809,13.9463768115942,0.125542094462318,1.35257389532551,1.34723400177162,20.3333333333333,0.169160127231962,0.833333333333333,1,12
"VTSanghani-PRIME","13",0.380941966726221,0.513898633610558,5.58623188405797,0.320294940990939,0.818925713390125,0.85162981540825,8.91666666666667,0.48780829473098,0.75,0.916666666666667,12
"VTSanghani-PRIME","15",0.73059868525017,0.8150569889254,3.2933152173913,0.366149191220472,0.699029357165861,0.876917407457564,5,0.557216314540832,0.75,0.75,16
"VTSanghani-PRIME","16",0.315987603312412,0.606759915078491,1.2886231884058,0.2968416652916,0.775016711700857,0.864517578056421,2.08333333333333,0.458438184212061,0.833333333333333,0.916666666666667,12
"VTSanghani-PRIME","17",0.823930441035341,1.81161835496678,17.4642391304348,1.1821920456802,1.16612478898953,2.28950531423682,20,1.27119701448559,0.5,0.5625,16
"VTSanghani-PRIME","18",0.246580406098115,0.453503122447354,3.29038043478261,0.261303922077492,0.957036313785577,0.971368961501175,4.9375,0.402150653450244,0.75,1,16
"VTSanghani-PRIME","19",0.356739370384429,1.01658192787905,1.86358695652174,0.62219797246337,0.690359466558839,0.840719498075901,2.66666666666667,0.811425194586711,0.5,0.666666666666667,12
"VTSanghani-PRIME","20",0.212036726384971,0.504340332526185,0.914891304347826,0.254251508002299,0.820157427217445,0.867685768873757,1.3125,0.336953460137957,0.75,0.9375,16
"VTSanghani-PRIME","21",0.71998885828577,1.00124860830754,7.88592391304348,0.6827059012333,1.16936157708512,1.16678654855758,11,0.924831808473705,0.125,0.3125,16
"VTSanghani-PRIME","22",0.480734167106131,0.518114100476129,4.63474637681159,0.235207726740034,1.06547033597011,1.07422053503789,6,0.243397596653557,0.916666666666667,1,12
"VTSanghani-PRIME","23",0.251237891611443,0.651959423800309,0.681657608695652,0.281520403229938,0.666714832774096,0.786145369229784,1.0625,0.428406922778958,0.75,1,16
"VTSanghani-PRIME","24",0.591963893441912,1.68623157560028,5.3345652173913,0.858685194878561,1.90090315665928,4.27794135453149,6.25,0.892102011384717,0.625,0.75,16
"VTSanghani-PRIME","25",0.202123998769251,0.548614954512398,3.02807971014493,0.383227351879383,0.402614450778241,0.603199605201351,4.41666666666667,0.620943247777196,0.75,1,12
"VTSanghani-PRIME","26",0.245142234111664,0.476679156796109,4.43228260869565,0.312323944815553,0.717187147380318,0.809096136080445,5.83333333333333,0.439459039901302,0.75,1,12
"VTSanghani-PRIME","27",0.302068920527626,0.555489287162642,3.29579710144928,0.327327256897282,0.448628816344455,0.624891624020702,5.25,0.561233456015982,0.833333333333333,1,12
"VTSanghani-PRIME","28",0.41005633638229,0.509939088542436,2.7513768115942,0.249834854757233,0.566737250262444,0.680179120028649,3.33333333333333,0.302692425218795,1,1,12
"VTSanghani-PRIME","29",0.346566687933025,0.607568784661391,3.9363768115942,0.37050118309487,1.26335562221399,1.40309660461915,6.16666666666667,0.514798578753662,0.416666666666667,0.666666666666667,12
"VTSanghani-PRIME","30",0.596477592958991,0.913571576321753,1.55554347826087,0.46168511463832,0.801432372918777,0.789487759251046,2.125,0.705901515395976,0.625,0.625,8
"VTSanghani-PRIME","31",0.463714226562524,1.05865409256861,1.48616847826087,0.574588853522246,0.862661200861881,0.936252527592234,2.3125,0.905016141500158,0.6875,0.75,16
"VTSanghani-PRIME","32",0.621288008282057,0.762967210202725,4.42402173913043,0.225759360895048,0.60288716239839,0.648877029316981,5.33333333333333,0.215462144975874,1,1,12
"VTSanghani-PRIME","33",0.359263931094398,0.736078647806665,0.863913043478261,0.350816097694034,1.02914976998699,1.06034230353333,1.5,0.626329411762032,0.625,0.875,8
"VTSanghani-PRIME","34",0.268848995332492,0.405750083380172,5.23673913043478,0.220647936599856,0.355181007359136,0.406369355637103,4.91666666666667,0.186033938092631,1,1,12
"VTSanghani-PRIME","35",0.249151650914972,0.517235898103014,1.10634057971014,0.249016915426232,0.521912597016522,0.642096400255127,1.5,0.356234379197228,0.916666666666667,1,12
"VTSanghani-PRIME","36",0.258426995937311,0.386753357630088,8.36373188405797,0.250531013257565,0.526807526413654,0.589802222034449,10.5,0.293500080300056,1,1,12
"VTSanghani-PRIME","37",0.142067509489113,0.348983239394904,2.31286231884058,0.222951764599357,0.592549901054801,0.649635302086127,2.83333333333333,0.2482261056987,1,1,12
"VTSanghani-PRIME","38",0.965746597674213,1.0998609519123,2.47396739130435,0.454489412134249,1.02281570016462,1.11851438524714,3.375,0.613977904061337,0.5625,0.625,16
"VTSanghani-PRIME","39",0.131947144158711,0.28004566273803,2.89724637681159,0.189183364345518,0.60518623291535,0.669393039174584,3.75,0.235554661959171,0.916666666666667,1,12
"VTSanghani-PRIME","40",0.423144809281591,0.629347375123836,3.44804347826087,0.353425839827214,1.04385766532715,1.052051103937,5.5,0.484219088974725,0.5,0.75,12
"VTSanghani-PRIME","41",0.25718479699689,0.605850386920676,1.90065217391304,0.349773052738724,0.584297974023513,0.703293643864906,2.875,0.517920922796453,0.6875,0.9375,16
"VTSanghani-PRIME","42",0.56759628069176,0.481997513972284,23.6536684782609,0.178383046786945,1.70575488500811,1.95015527500302,39.1875,0.277486550527171,0.5,0.9375,16
"VTSanghani-PRIME","44",0.614415919148791,0.935340174920037,1.74554347826087,0.45577084441371,0.811538333770663,0.955035150965216,2.58333333333333,0.721774461282499,0.5,0.833333333333333,12
"VTSanghani-PRIME","45",0.22175187573986,0.446024139146242,2.00932065217391,0.258737362397296,0.667257476557056,0.768058713935006,2.8125,0.362286145968363,0.8125,1,16
"VTSanghani-PRIME","46",0.482115849800376,0.71533680049343,1.16496376811594,0.349228047785391,0.858061458222991,0.891644913133322,2.08333333333333,0.636067979446965,0.75,0.916666666666667,12
"VTSanghani-PRIME","47",0.402746719753845,0.506554377602607,5.42992753623188,0.228466974136453,0.690239593551555,0.739764626511575,5.66666666666667,0.190006309817016,0.916666666666667,1,12
"VTSanghani-PRIME","48",0.395550475894365,0.391776452800835,17.116277173913,0.216823008892698,0.850067313423014,0.892758578411687,10.875,0.103223027957148,1,1,16
"VTSanghani-PRIME","49",0.542642758640217,0.848709307981867,2.01079710144928,0.386897488436313,0.821868420183511,1.0009280906286,2.83333333333333,0.518548022339281,0.583333333333333,0.75,12
"VTSanghani-PRIME","50",0.547685943811996,0.916773661120764,0.5,0.274653072167027,0.846292807529749,0.807102039945205,0.5,0.274653072167027,0.75,0.75,8
"VTSanghani-PRIME","51",0.244506321298694,0.381116005217747,3.42369565217391,0.230903172499464,0.674655030998569,0.747280574783141,4.25,0.264918376772059,1,1,12
"VTSanghani-PRIME","53",0.54247781523074,0.677747067691275,5.43288043478261,0.326983079452788,0.710171480607459,0.755242070115722,7.375,0.414753525500014,0.75,0.875,16
"VTSanghani-PRIME","54",0.190499601532621,0.439343254241295,0.936340579710145,0.233862325213252,0.630847526519934,0.751208286100379,1.41666666666667,0.323654344038454,0.916666666666667,1,12
"VTSanghani-PRIME","55",0.209087168380366,0.700055598924613,1.75635869565217,0.448295959943904,0.608581128081014,0.711652331117127,2.625,0.648369235104192,0.5625,0.9375,16
"VTSanghani-PRIME","56",0.675010680261215,0.956006252876738,1.80576086956522,0.472994311206418,0.764648888690755,0.918823704262649,2.8125,0.789495527705379,0.4375,0.75,16
"VTSanghani-PRIME","72",0.666402634103468,0.728123382961288,13.2457971014493,0.245395416580203,0.551500482008754,0.639134203315432,15,0.262176187568249,1,1,12
