"model_id","location","wis_scaled_relative_skill","wis_scaled_relative_skill__log","wis","wis__log","ae_median_scaled_relative_skill","ae_median_scaled_relative_skill__log","ae_median","ae_median__log","interval_coverage_50","interval_coverage_95","n"
"CFA_Pyrenew-Pyrenew_E_Flu","01",0.659701384742918,0.653435648974408,0.00787412242082241,0.00740924291794066,0.804054435990892,0.79582806239676,0.0119602072321522,0.0112643448501425,0.365384615384615,0.788461538461538,52
"CFA_Pyrenew-Pyrenew_E_Flu","02",0.584308463416467,0.58577441867014,0.00489005717424298,0.0046670173710879,0.655338999329739,0.656916905576111,0.00749631446992069,0.00716296229412022,0.407407407407407,0.907407407407407,54
"CFA_Pyrenew-Pyrenew_E_Flu","04",0.676726934661357,0.67401473792043,0.0023790801934393,0.00231785004365078,0.683117257388909,0.680329338961337,0.00383171804335378,0.0037330738021245,0.462962962962963,0.962962962962963,54
"CFA_Pyrenew-Pyrenew_E_Flu","05",0.486681155807661,0.485009595901338,0.00382983830272728,0.00368603950646102,0.495885033539198,0.494882396829049,0.00580446421796073,0.00559911080247156,0.404761904761905,0.928571428571429,42
"CFA_Pyrenew-Pyrenew_E_Flu","06",0.514058924809872,0.512419091406786,0.00187653960223919,0.00182800287892457,0.468615090425713,0.467894942882321,0.00274951192758446,0.00268247694271559,0.5,0.925925925925926,54
"CFA_Pyrenew-Pyrenew_E_Flu","08",0.377471790469233,0.378089235779986,0.00348051146230233,0.00333245162895801,0.447294146591678,0.447555352607082,0.00531837493169723,0.00509440160315756,0.444444444444444,0.87037037037037,54
"CFA_Pyrenew-Pyrenew_E_Flu","09",0.352455387574002,0.353105824500567,0.00719746431543333,0.00679259792584273,0.425141215992523,0.425586366351727,0.0108122823227614,0.0102072375035594,0.208333333333333,0.625,24
"CFA_Pyrenew-Pyrenew_E_Flu","10",0.583036677415855,0.580596468354431,0.00423445535936475,0.00403053314913313,0.60665164439009,0.604176411860522,0.00626791768669451,0.00597379295002874,0.462962962962963,0.888888888888889,54
"CFA_Pyrenew-Pyrenew_E_Flu","11",0.485720453589767,0.484513383694785,0.00382118143998083,0.00368389949684643,0.525407870402585,0.523973738897229,0.00607161544511701,0.00585754602722875,0.46,0.9,50
"CFA_Pyrenew-Pyrenew_E_Flu","12",0.505193247910423,0.502018319616313,0.00327687054115502,0.00314528696844165,0.566969124811981,0.563668275881028,0.00512747631402389,0.00492368244311562,0.425925925925926,0.87037037037037,54
"CFA_Pyrenew-Pyrenew_E_Flu","13",0.625545904640298,0.621642842387147,0.00635139307337756,0.0060296727109525,0.660007633690514,0.655544563228212,0.00920100828881179,0.00874431403927915,0.403846153846154,0.846153846153846,52
"CFA_Pyrenew-Pyrenew_E_Flu","15",0.535540636608799,0.536262041095772,0.0041313052814261,0.00394148147768171,0.637925105058843,0.639461741600031,0.00633858754711005,0.00605613466006973,0.592592592592593,0.944444444444444,54
"CFA_Pyrenew-Pyrenew_E_Flu","16",0.553042279507894,0.550765610961731,0.00354101678636389,0.00340295757487885,0.410236661197782,0.408656750455638,0.00490740412626751,0.00472084163664606,0.592592592592593,0.907407407407407,54
"CFA_Pyrenew-Pyrenew_E_Flu","17",0.477461183061883,0.477235543947736,0.00367401832279182,0.00352190989744192,0.460671345621663,0.459677627919839,0.00542882299622195,0.00520370916392662,0.462962962962963,0.796296296296296,54
"CFA_Pyrenew-Pyrenew_E_Flu","18",0.50774325802611,0.505862202684372,0.0041256529995251,0.00394651221051919,0.474610795797324,0.472534442368125,0.006004154646575,0.00574803019239216,0.592592592592593,0.944444444444444,54
"CFA_Pyrenew-Pyrenew_E_Flu","19",0.764046234611558,0.755360988570182,0.00480105876575575,0.00455625671140239,0.761080738389683,0.751877487750053,0.00681699117350246,0.00647535909118729,0.461538461538462,0.788461538461538,52
"CFA_Pyrenew-Pyrenew_E_Flu","20",0.429349703506925,0.426770940388842,0.00281167232681683,0.00269249944548762,0.493934311825349,0.490732182414919,0.0042212626398665,0.00404309354375116,0.425925925925926,0.925925925925926,54
"CFA_Pyrenew-Pyrenew_E_Flu","21",0.54646361115732,0.542566076018617,0.00396219063076732,0.00378948591187624,0.54372666106734,0.539708609237109,0.00609621658463587,0.0058345066846494,0.5,0.907407407407407,54
"CFA_Pyrenew-Pyrenew_E_Flu","22",0.50688031481838,0.503814802011133,0.00469526655511352,0.00444932716042523,0.467453741592644,0.464914345297392,0.00682203348524427,0.00647109477615793,0.537037037037037,0.907407407407407,54
"CFA_Pyrenew-Pyrenew_E_Flu","23",0.609520708011552,0.606973926677252,0.00357310849393325,0.00342331949383298,0.687162261057456,0.684006385133959,0.00561966714805824,0.00539166677143672,0.481481481481481,0.962962962962963,54
"CFA_Pyrenew-Pyrenew_E_Flu","24",0.341916245437462,0.341071466672498,0.00356032323648296,0.0033738345083384,0.336268137537336,0.335463877361964,0.00530276357447671,0.00502976779466004,0.5,0.925925925925926,54
"CFA_Pyrenew-Pyrenew_E_Flu","25",0.442955195465938,0.441833603216179,0.00357281455629542,0.00340225945796291,0.518955434907781,0.517586167149763,0.00564310408198819,0.00538208756701179,0.296296296296296,0.925925925925926,54
"CFA_Pyrenew-Pyrenew_E_Flu","26",0.380332309514611,0.377777079636832,0.00260952338771298,0.00248762468087909,0.403230599517186,0.400053410849761,0.00383678454030927,0.00365851560122467,0.611111111111111,0.944444444444444,54
"CFA_Pyrenew-Pyrenew_E_Flu","27",0.322339870441402,0.321270017806104,0.00342525296438624,0.00321791857825773,0.345940056886912,0.343859084871524,0.00512322429648735,0.00480523267767153,0.592592592592593,0.925925925925926,54
"CFA_Pyrenew-Pyrenew_E_Flu","28",0.880602408739241,0.876382579567765,0.00479916777658101,0.00463105486920539,0.869641046292816,0.866677102637778,0.00712185861369543,0.00687938370999836,0.351851851851852,0.851851851851852,54
"CFA_Pyrenew-Pyrenew_E_Flu","29",NA,NA,0.00711072867753084,0.00669460263355478,NA,NA,0.00999612964839089,0.00942960787524751,0.314814814814815,0.722222222222222,54
"CFA_Pyrenew-Pyrenew_E_Flu","30",0.664017331955723,0.658729687778016,0.0036158081233899,0.00347657001382019,0.634956679538897,0.629469115927551,0.00536488791292708,0.00515846983302006,0.592592592592593,0.925925925925926,54
"CFA_Pyrenew-Pyrenew_E_Flu","31",0.614326829226559,0.612723678796104,0.00212655194013016,0.00207022528708944,0.617931986888255,0.616743660780794,0.00323618712149374,0.003153153330756,0.555555555555556,0.925925925925926,54
"CFA_Pyrenew-Pyrenew_E_Flu","32",0.461088905759272,0.461703379990842,0.00211035565293963,0.00206079271833129,0.466890129522535,0.46724682163745,0.00316248541306099,0.003088276591694,0.592592592592593,0.944444444444444,54
"CFA_Pyrenew-Pyrenew_E_Flu","33",0.498777487670232,0.498697115052383,0.00368159317937115,0.00351002291820963,0.580300003513886,0.579259301812021,0.0058929901733979,0.00561860962861349,0.425925925925926,0.907407407407407,54
"CFA_Pyrenew-Pyrenew_E_Flu","34",0.391611216521657,0.391419232363055,0.00356208382890925,0.00338905462698031,0.468028801802564,0.468438495989854,0.00545279118556445,0.00520502558603626,0.425925925925926,0.925925925925926,54
"CFA_Pyrenew-Pyrenew_E_Flu","35",0.59483805606439,0.594310287809656,0.00539527426038012,0.00512478275703563,0.59984519610124,0.598351314569094,0.00787058048992762,0.00747355136316386,0.576923076923077,0.903846153846154,52
"CFA_Pyrenew-Pyrenew_E_Flu","36",0.36470178400338,0.364454262651853,0.00281960259712254,0.00270662434454339,0.445542289792139,0.445721790009082,0.00421054968340426,0.0040496224750333,0.481481481481481,0.888888888888889,54
"CFA_Pyrenew-Pyrenew_E_Flu","37",0.440945479546952,0.440312688847927,0.00581349368213718,0.00538236069325619,0.500601842251772,0.499357542661646,0.00802159064766133,0.00744082191377511,0.557692307692308,0.865384615384615,52
"CFA_Pyrenew-Pyrenew_E_Flu","38",0.569688641983105,0.568608587700799,0.00422358696031639,0.00405510240298067,0.612968503057554,0.610810978784914,0.00658933731513947,0.00632369527788759,0.537037037037037,0.944444444444444,54
"CFA_Pyrenew-Pyrenew_E_Flu","39",0.548158288805098,0.54603685402518,0.00391640484834683,0.00374179229590042,0.574242395025417,0.571666708362769,0.00595631491102927,0.00569699931577542,0.462962962962963,0.87037037037037,54
"CFA_Pyrenew-Pyrenew_E_Flu","40",0.561345030054904,0.559013236055821,0.00269595086883725,0.00261462233276057,0.591505382514061,0.589293528637566,0.00434555288964554,0.00421984581007812,0.425925925925926,0.907407407407407,54
"CFA_Pyrenew-Pyrenew_E_Flu","41",0.427307069399467,0.426186299332923,0.00269285271359531,0.00258867818235315,0.39813283408298,0.397083896272468,0.00403784443412027,0.00388578577049765,0.462962962962963,0.944444444444444,54
"CFA_Pyrenew-Pyrenew_E_Flu","42",0.421912652733406,0.418886486627446,0.00287985106864247,0.00275536760590542,0.36583485997063,0.363020454946448,0.00406909229277372,0.00389613143380383,0.574074074074074,0.925925925925926,54
"CFA_Pyrenew-Pyrenew_E_Flu","44",0.599198502596746,0.599268203289299,0.00401677389253575,0.00386562554621401,0.691442622911154,0.692066380601603,0.0060631019466611,0.00584841712502087,0.434782608695652,0.891304347826087,46
"CFA_Pyrenew-Pyrenew_E_Flu","45",0.5220643698955,0.521223742222089,0.00458390039442958,0.00436920942548455,0.561052003409955,0.559937959355628,0.00682344838548318,0.00651209939685221,0.425925925925926,0.907407407407407,54
"CFA_Pyrenew-Pyrenew_E_Flu","46",0.633737693250701,0.628607701177103,0.00294999733643545,0.00284091195709922,0.593978393889994,0.588858235796834,0.00455971602016242,0.00439300938337222,0.538461538461538,0.942307692307692,52
"CFA_Pyrenew-Pyrenew_E_Flu","47",0.625463137309273,0.620474253732625,0.00515103783602608,0.0049022208478772,0.647032477472244,0.64146414001775,0.00722709578460041,0.00688800023742253,0.518518518518518,0.87037037037037,54
"CFA_Pyrenew-Pyrenew_E_Flu","48",0.512670338080718,0.511951009381653,0.00412692388418421,0.00394385545672915,0.55937998106976,0.558472924988636,0.00626638646152398,0.00599244438865073,0.444444444444444,0.851851851851852,54
"CFA_Pyrenew-Pyrenew_E_Flu","49",0.399439475402865,0.398893137867142,0.00224841966803537,0.00216298182581097,0.450714650847474,0.449579886362246,0.00330926464161512,0.00318326103212508,0.69047619047619,1,42
"CFA_Pyrenew-Pyrenew_E_Flu","50",0.649743495864019,0.64602702172968,0.00437627811939636,0.00420878919406205,0.729296309452917,0.725071638669564,0.00712403906195328,0.00685798773593118,0.259259259259259,0.944444444444444,54
"CFA_Pyrenew-Pyrenew_E_Flu","51",0.436036194532207,0.434163915070766,0.00413129076397606,0.00391400750262836,0.452281886394513,0.450531976711648,0.00595425610101128,0.00565641347111534,0.5,0.888888888888889,54
"CFA_Pyrenew-Pyrenew_E_Flu","53",0.515525545108747,0.513631101652186,0.00216450573974565,0.00209702796150234,0.517660687503713,0.515884876905677,0.00345119098108566,0.00334510326687865,0.388888888888889,0.907407407407407,54
"CFA_Pyrenew-Pyrenew_E_Flu","54",0.612712599950387,0.608549859181304,0.0031549814169335,0.00304137146593593,0.689524962221325,0.684699336900091,0.00491109759701658,0.00473832690955557,0.462962962962963,0.925925925925926,54
"CFA_Pyrenew-Pyrenew_E_Flu","55",0.584292068158819,0.581723441021601,0.00404920935464137,0.00384370337981776,0.610577852620958,0.607426910892892,0.00589836748527337,0.0056044123030372,0.444444444444444,0.833333333333333,54
"CFA_Pyrenew-Pyrenew_HE_Flu","01",0.811524338161729,0.802130082646214,0.00986374565263385,0.00926254681956278,0.931425222653312,0.918823123631544,0.0135564429067016,0.0127247766436079,0.4,0.7,50
"CFA_Pyrenew-Pyrenew_HE_Flu","02",0.568131694226579,0.569763914126471,0.00474356621839961,0.00452961757613785,0.643919448170699,0.645509946246866,0.00735289389533123,0.00702692865621067,0.407407407407407,0.907407407407407,54
"CFA_Pyrenew-Pyrenew_HE_Flu","04",0.705265854189251,0.702332497891966,0.00252653215025722,0.00246099802597961,0.725863755617059,0.722737870928672,0.00413005229108683,0.00402277635802032,0.461538461538462,0.942307692307692,52
"CFA_Pyrenew-Pyrenew_HE_Flu","05",0.491237673944637,0.489101591198907,0.00438949483184779,0.00421944687343228,0.518520627145487,0.51670765555939,0.00683764111066444,0.00658450519095499,0.361111111111111,0.916666666666667,36
"CFA_Pyrenew-Pyrenew_HE_Flu","06",0.520745206388057,0.518620779784917,0.00186414493237163,0.00181427846914893,0.490613397659737,0.489356299521443,0.0027893520590701,0.00271831874323308,0.537037037037037,0.944444444444444,54
"CFA_Pyrenew-Pyrenew_HE_Flu","08",0.380077363497247,0.38075193839191,0.00466117644450422,0.00445349632757754,0.450182016202795,0.450470487793127,0.00705232570044672,0.00674256612049671,0.342105263157895,0.789473684210526,38
"CFA_Pyrenew-Pyrenew_HE_Flu","09",0.376305489141061,0.377916785911365,0.00743220416190518,0.00704680001550077,0.452097942505312,0.453588012798937,0.0111460219962069,0.0105680721401946,0.192307692307692,0.576923076923077,26
"CFA_Pyrenew-Pyrenew_HE_Flu","10",0.650687992859369,0.648422666847846,0.00477887816695358,0.00454288904828972,0.664327160735199,0.661862025842885,0.00720866818521075,0.00685762400063238,0.5,0.869565217391304,46
"CFA_Pyrenew-Pyrenew_HE_Flu","11",0.49843300245486,0.497547842457765,0.00386133870374544,0.00371354674121138,0.572303195296804,0.571115520057386,0.00622704688884149,0.00599439927971041,0.477272727272727,0.909090909090909,44
"CFA_Pyrenew-Pyrenew_HE_Flu","12",0.535840139134567,0.532633256145838,0.00353980382851391,0.00339912818569144,0.597943663202669,0.59433633354499,0.00553195483150001,0.00531161762812314,0.423076923076923,0.846153846153846,52
"CFA_Pyrenew-Pyrenew_HE_Flu","13",0.638241366363816,0.63478142717364,0.0064707889395449,0.00614945388416415,0.7155888802936,0.711432341163659,0.00934241585711139,0.00889055574529448,0.5,0.86,50
"CFA_Pyrenew-Pyrenew_HE_Flu","15",0.548986546439858,0.550205058508813,0.00491626657104588,0.00468263160514866,0.651350942924168,0.653493703691114,0.00762271818454004,0.00727361615483441,0.523809523809524,0.904761904761905,42
"CFA_Pyrenew-Pyrenew_HE_Flu","16",0.557230445481547,0.554749985812672,0.00365711731391937,0.00351228032108628,0.53475030376443,0.532594904065487,0.00525191717388249,0.00505244604344577,0.596153846153846,0.884615384615385,52
"CFA_Pyrenew-Pyrenew_HE_Flu","17",0.507248079399011,0.507800168480754,0.00419947271407479,0.00403214886424675,0.492717463459936,0.492389057188027,0.00620524202063199,0.00595742038182479,0.36,0.78,50
"CFA_Pyrenew-Pyrenew_HE_Flu","18",0.528748162482701,0.527139630730381,0.00452144359042851,0.00432712769327199,0.49209099698468,0.490200497392018,0.00645832982321189,0.00618469579143135,0.576923076923077,0.884615384615385,52
"CFA_Pyrenew-Pyrenew_HE_Flu","19",0.799343749345734,0.790918303837788,0.00510702483945475,0.00485245577189955,0.816537441250907,0.807398392419769,0.0073445937721269,0.0069875176160123,0.365384615384615,0.769230769230769,52
"CFA_Pyrenew-Pyrenew_HE_Flu","20",0.416650742944402,0.413977816999321,0.0027377298955078,0.00262035535138135,0.480772698098155,0.477685696042973,0.00415155023266943,0.00397686759186052,0.481481481481481,0.944444444444444,54
"CFA_Pyrenew-Pyrenew_HE_Flu","21",0.584602850539136,0.580184123698794,0.00445376268279172,0.00425769660618151,0.601504577635961,0.596851608626413,0.00698578272182275,0.0066838654024966,0.42,0.92,50
"CFA_Pyrenew-Pyrenew_HE_Flu","22",0.553487934631625,0.549878267704841,0.00496000456875086,0.00471481236854221,0.525774303090722,0.522973842022619,0.00734372393957167,0.00699080495988753,0.5,0.895833333333333,48
"CFA_Pyrenew-Pyrenew_HE_Flu","23",0.601314971249694,0.598617682783541,0.00439721072485571,0.00420458370044294,0.664870159604085,0.661563779557247,0.00678706538672063,0.00649795211365644,0.380952380952381,0.928571428571429,42
"CFA_Pyrenew-Pyrenew_HE_Flu","24",0.3418749935537,0.341192932601631,0.00490290560881033,0.00463874767782421,0.351553459207183,0.350994372726985,0.00730248606293621,0.00692036414720758,0.342105263157895,0.868421052631579,38
"CFA_Pyrenew-Pyrenew_HE_Flu","25",0.438115893831164,0.437472498978539,0.00481201839386474,0.00457059003678419,0.524766342828484,0.523814351486488,0.00773722450744375,0.00735809602114234,0.166666666666667,0.916666666666667,36
"CFA_Pyrenew-Pyrenew_HE_Flu","26",0.385651180530645,0.3832039251364,0.0026346139488137,0.00251214907679109,0.420260532384016,0.41737265494482,0.00398059760846998,0.00379979077692176,0.555555555555556,0.925925925925926,54
"CFA_Pyrenew-Pyrenew_HE_Flu","27",0.31432971140827,0.313508662264174,0.00387834901493455,0.00364369574887161,0.328423321446772,0.326917845658784,0.00588455433431421,0.00552417652253431,0.58695652173913,0.91304347826087,46
"CFA_Pyrenew-Pyrenew_HE_Flu","28",0.888775769996906,0.884483563045353,0.00542613960826541,0.00523108778511003,0.871063608315283,0.867797484070026,0.00805006041212333,0.00776600527054297,0.326086956521739,0.804347826086957,46
"CFA_Pyrenew-Pyrenew_HE_Flu","29",NA,NA,0.00819051980206753,0.00770493938347318,NA,NA,0.0115007120988868,0.0108348055475762,0.240740740740741,0.703703703703704,54
"CFA_Pyrenew-Pyrenew_HE_Flu","30",0.677447774636407,0.671821362534184,0.00364956142112414,0.00350780789721935,0.62805753983319,0.622668901160341,0.00556866540409061,0.00535273492537552,0.518518518518518,0.944444444444444,54
"CFA_Pyrenew-Pyrenew_HE_Flu","31",0.604990182012422,0.603278491842299,0.00209239289159255,0.00203643691358432,0.612858510942198,0.611664721714462,0.00322876248075176,0.00314591317678946,0.555555555555556,1,54
"CFA_Pyrenew-Pyrenew_HE_Flu","32",0.474343082142114,0.475010795314406,0.0022705062046528,0.00221568055897655,0.489278053639389,0.489752814164739,0.00339987088430688,0.00331825218966486,0.54,0.94,50
"CFA_Pyrenew-Pyrenew_HE_Flu","33",0.525224879213641,0.525535784299202,0.00397091359185349,0.00378977982292631,0.617910021446423,0.617251402312741,0.00637727131132526,0.00608613083552451,0.37037037037037,0.907407407407407,54
"CFA_Pyrenew-Pyrenew_HE_Flu","34",0.387599806911834,0.387265511886287,0.00484134321333644,0.00458880535966902,0.45517470371349,0.455211488994691,0.00725258895740332,0.00689277679385124,0.416666666666667,0.833333333333333,36
"CFA_Pyrenew-Pyrenew_HE_Flu","35",0.568759135233283,0.567886001122739,0.00739472922654523,0.00699714635673753,0.568712609525531,0.566730506417909,0.0107607369862853,0.0101744257409605,0.441176470588235,0.852941176470588,34
"CFA_Pyrenew-Pyrenew_HE_Flu","36",0.369922259938514,0.369709897837383,0.00317107965562855,0.00304321923854062,0.455173591098253,0.455517906687098,0.00479129893048332,0.00460833736832492,0.395833333333333,0.833333333333333,48
"CFA_Pyrenew-Pyrenew_HE_Flu","37",0.597283311523258,0.600216593009629,0.00676030368660331,0.00629494038590121,0.720950415577602,0.725018819809249,0.0101093883148355,0.00944819073706119,0.45,0.9,20
"CFA_Pyrenew-Pyrenew_HE_Flu","38",0.560264791142875,0.558556423284527,0.00500783769808702,0.00479266305665419,0.589840174089918,0.586905469740658,0.00764386600978861,0.00730859683156819,0.5,0.904761904761905,42
"CFA_Pyrenew-Pyrenew_HE_Flu","39",0.579576102740955,0.577777669335527,0.00432157216322352,0.00413324496271229,0.60203221727313,0.599741080070679,0.00655895349349415,0.00627928299887143,0.461538461538462,0.884615384615385,52
"CFA_Pyrenew-Pyrenew_HE_Flu","40",0.621524718535397,0.618593343444555,0.00306658912401967,0.00297127114688539,0.650108008678767,0.647402657057093,0.00484459068828031,0.00469971328943812,0.288461538461538,0.884615384615385,52
"CFA_Pyrenew-Pyrenew_HE_Flu","41",0.408948903038858,0.407657278798685,0.00332493326195555,0.00318838909698779,0.385840772668665,0.384603970007912,0.00510596263790792,0.00490174709130887,0.475,0.925,40
"CFA_Pyrenew-Pyrenew_HE_Flu","42",0.502182782263105,0.497656719603993,0.00337928170284632,0.0032330557209631,0.461204098098166,0.456893731803972,0.0047631547289399,0.00456301791708132,0.456521739130435,0.891304347826087,46
"CFA_Pyrenew-Pyrenew_HE_Flu","44",0.552934933126218,0.552747969814497,0.00447659220796386,0.00429566431725794,0.632532686464096,0.632931528922456,0.00669308648882558,0.00643698890041412,0.416666666666667,0.861111111111111,36
"CFA_Pyrenew-Pyrenew_HE_Flu","45",0.735826638182084,0.735970554467591,0.00556763960279871,0.00533281789460344,0.740888547247361,0.740825960913233,0.00803681064668578,0.00770489149502162,0.318181818181818,0.795454545454545,44
"CFA_Pyrenew-Pyrenew_HE_Flu","46",0.67903334582722,0.673258328748675,0.00326815632640335,0.00314555374157625,0.628901303189026,0.623345891716884,0.00501529420961606,0.00483035321689,0.5,0.884615384615385,52
"CFA_Pyrenew-Pyrenew_HE_Flu","47",0.67873587897812,0.672874779349922,0.00588094997737895,0.00559499746069304,0.720400835493819,0.713532041183645,0.00845622723030878,0.00805645066619286,0.38,0.82,50
"CFA_Pyrenew-Pyrenew_HE_Flu","48",0.546158357593257,0.545303301848201,0.00460374908015384,0.00439819823575515,0.58305974450453,0.581728689280722,0.00688567024908228,0.00657966146380428,0.384615384615385,0.846153846153846,52
"CFA_Pyrenew-Pyrenew_HE_Flu","49",0.375734525889615,0.37542232150864,0.00219704685629833,0.00211407108355558,0.455692514496281,0.454619466446294,0.00344123780513272,0.00331005128829483,0.625,1,40
"CFA_Pyrenew-Pyrenew_HE_Flu","50",0.628686959501849,0.625137539134763,0.00424113707436641,0.00407927038806916,0.699781012561672,0.695711416581527,0.00686813046062988,0.00661109517591796,0.314814814814815,0.907407407407407,54
"CFA_Pyrenew-Pyrenew_HE_Flu","51",0.459605836350626,0.458463754197286,0.00623322663519971,0.00590333978484779,0.476606608041272,0.475699122985666,0.00907352300577913,0.00862007118122033,0.277777777777778,0.833333333333333,36
"CFA_Pyrenew-Pyrenew_HE_Flu","53",0.484508391936138,0.482505592750721,0.00238208275017662,0.00230266853833021,0.484133516427904,0.482284339804753,0.00376990180683532,0.00364641544160233,0.452380952380952,0.904761904761905,42
"CFA_Pyrenew-Pyrenew_HE_Flu","54",0.6473264870076,0.643091052460078,0.0033774572831293,0.00325771438489733,0.704449182402086,0.700082635806258,0.00512878910082744,0.00495298352191582,0.518518518518518,0.888888888888889,54
"CFA_Pyrenew-Pyrenew_HE_Flu","55",0.590586969841661,0.588524389817757,0.0043956863563917,0.00417288328849074,0.637077996906113,0.634609871945075,0.00658084581686418,0.00625589381417537,0.44,0.84,50
"CMU-TimeSeries","01",0.756230599936801,0.752412193155675,0.0114482577456656,0.010837549081323,0.76791781333612,0.763464623645943,0.0174939947254782,0.0165833629989133,0.471153846153846,0.875,104
"CMU-TimeSeries","02",0.632201592537799,0.628393119520499,0.00845540430307351,0.00794123065210564,0.711234636124876,0.705642878587189,0.0130544828085434,0.0122546777169588,0.365384615384615,0.798076923076923,104
"CMU-TimeSeries","04",0.805530161434915,0.800743603313265,0.00446202581775001,0.00433031428644189,0.830348303242969,0.826484254999636,0.00702758984190791,0.00682903461519925,0.548076923076923,0.961538461538462,104
"CMU-TimeSeries","05",0.890884887490536,0.883753737646561,0.00971627465676383,0.00927049843130589,0.90690729661143,0.90008450667185,0.0149184018061628,0.0142440579160808,0.413461538461538,0.826923076923077,104
"CMU-TimeSeries","06",0.65345778621002,0.651362949588338,0.00319925482435786,0.00311520650928303,0.634906604983658,0.633398062798033,0.00503025909611556,0.00490380001566001,0.567307692307692,1,104
"CMU-TimeSeries","08",0.540377618142617,0.539691040733321,0.00654321573864058,0.00624590044080773,0.736464182419665,0.734929911736938,0.0111860774026824,0.010695696199415,0.355769230769231,0.942307692307692,104
"CMU-TimeSeries","09",0.52391012230156,0.521977022901526,0.00848924078101891,0.00801984296546922,0.682963558571421,0.680378023134088,0.0140846223889356,0.0133405415200807,0.3,0.89,100
"CMU-TimeSeries","10",0.68286365586966,0.678456506490825,0.0078076343724338,0.00741774208617632,0.741395331801447,0.735633902096831,0.0123894457020465,0.0117807591696318,0.413461538461538,0.875,104
"CMU-TimeSeries","11",0.510972256962013,0.510562791490077,0.00631016567706825,0.00607537823106627,0.547495096320036,0.545730583760825,0.00919238151075438,0.00884670894333253,0.394230769230769,0.817307692307692,104
"CMU-TimeSeries","12",0.703942322172205,0.701706248626809,0.00625192238353659,0.00599945815303034,0.773260837779984,0.770742794605895,0.0101294848925761,0.00972672211270895,0.211538461538462,0.903846153846154,104
"CMU-TimeSeries","13",0.729088472846415,0.724015075264077,0.00884661573358403,0.0084036568488765,0.843373259714141,0.836587494295859,0.0132714360499569,0.0126139574306289,0.375,0.865384615384615,104
"CMU-TimeSeries","15",0.526165794320535,0.526100467434399,0.00517813898750951,0.00492930416420384,0.65151922096663,0.650683982343148,0.00827890117688736,0.0078786087527912,0.490384615384615,0.961538461538462,104
"CMU-TimeSeries","16",0.697012347384795,0.693909541639363,0.00568343598937998,0.00546252055870222,0.697390759466516,0.693683715165717,0.00907935693082719,0.00873103966219244,0.490384615384615,0.923076923076923,104
"CMU-TimeSeries","17",0.727821312045534,0.723396951142144,0.00753622482464553,0.00717512031378095,0.832654324890661,0.826970975734165,0.012013300217409,0.0114547006997357,0.432692307692308,0.932692307692308,104
"CMU-TimeSeries","18",0.74194898182286,0.73636728392699,0.00826017357804558,0.00786422607207119,0.85091801160515,0.844166997407891,0.0136503264742028,0.0130175263357454,0.384615384615385,0.903846153846154,104
"CMU-TimeSeries","19",0.813836711033518,0.803082889283234,0.00774867586763077,0.00734016399146498,0.86228986765859,0.849096586475457,0.0119608274093761,0.011324310597807,0.384615384615385,0.826923076923077,104
"CMU-TimeSeries","20",0.820121867110214,0.812571167008457,0.00767694400738324,0.00732893612300498,0.889696482280605,0.88109473086816,0.0122075858386088,0.0116620718253569,0.394230769230769,0.942307692307692,104
"CMU-TimeSeries","21",0.850300715160337,0.845578428004751,0.00828947467169108,0.00793769603242655,0.900836191475833,0.89527409424448,0.0132129998293766,0.0126633190790161,0.336538461538462,0.846153846153846,104
"CMU-TimeSeries","22",0.733594468751048,0.730933367549554,0.00848838358319855,0.0080559517717427,0.855208176610409,0.85188559283951,0.0138554896740984,0.0131714851776904,0.375,0.942307692307692,104
"CMU-TimeSeries","23",0.789953338393411,0.789357392007513,0.00648894148224587,0.0062457935743558,0.900169265486193,0.89961038690727,0.0103664733546738,0.0100043106810078,0.394230769230769,0.923076923076923,104
"CMU-TimeSeries","24",0.547522696860292,0.54375506981027,0.00763919892724814,0.00720963473017696,0.692324902543648,0.687641376653362,0.012345452693489,0.0116702944590422,0.490384615384615,0.903846153846154,104
"CMU-TimeSeries","25",0.561300221046503,0.558908921596004,0.00727283939873044,0.00691559876132066,0.691564955234812,0.688763437781899,0.0116776353661451,0.0111341505633181,0.269230769230769,0.913461538461538,104
"CMU-TimeSeries","26",0.639422243847788,0.636355872302777,0.00602305917655066,0.00576212238857847,0.751993763474814,0.747900074974252,0.0098837425812488,0.00947121170004584,0.413461538461538,0.932692307692308,104
"CMU-TimeSeries","27",0.535415918350656,0.531891429458507,0.00841327235911493,0.00788764692724084,0.681465493168343,0.676251921032753,0.0140218642552782,0.0131742307010811,0.442307692307692,0.961538461538462,104
"CMU-TimeSeries","28",0.856147098017632,0.852568446195134,0.00717590209982582,0.00691517715580742,0.85851650702942,0.856282428869351,0.0110944486026648,0.0107083868348523,0.346153846153846,0.884615384615385,104
"CMU-TimeSeries","30",0.812673222405935,0.808287423072301,0.00574945124974365,0.00554169147031988,0.86891088383498,0.863541503391313,0.00917765579093778,0.0088516675893121,0.557692307692308,0.961538461538462,104
"CMU-TimeSeries","31",0.790183746782433,0.785638282472797,0.00488012071863977,0.00473103425586987,0.751097419773386,0.747225434607639,0.00773351078077508,0.00750329569589303,0.471153846153846,0.961538461538462,104
"CMU-TimeSeries","32",0.800656934801216,0.79852272968647,0.00489807890968212,0.00475397181661738,0.932228262702922,0.929226169041906,0.0076398547885237,0.0074183760700068,0.384615384615385,0.865384615384615,104
"CMU-TimeSeries","33",0.639028065067413,0.633395161950074,0.007466611985254,0.00705011786615304,0.734263563312753,0.727014749093423,0.0117158196188107,0.0110717596905634,0.5,0.942307692307692,104
"CMU-TimeSeries","34",0.540697945847634,0.539518720835831,0.0076391851411061,0.00725324355917923,0.694466318370031,0.692594882181478,0.012473404857808,0.0118648267898294,0.432692307692308,0.932692307692308,104
"CMU-TimeSeries","35",0.749918954480537,0.744900234018512,0.0098741406657042,0.00931188962650667,0.836944791117421,0.830052292670649,0.0151537154516513,0.0143036269055192,0.528846153846154,0.903846153846154,104
"CMU-TimeSeries","36",0.510234768149455,0.509663766687747,0.00602382477384621,0.00576390839389973,0.686299748963477,0.685906180695297,0.00989336434675776,0.00948446433139428,0.384615384615385,0.932692307692308,104
"CMU-TimeSeries","37",0.661063401918443,0.654271046890502,0.0132369958898876,0.0121217303848728,0.792900705510272,0.784268217950409,0.0200730689253897,0.0184135110184498,0.442307692307692,0.865384615384615,104
"CMU-TimeSeries","38",0.734723685527227,0.734240618913942,0.00783748139896064,0.00753228476144808,0.805528142055745,0.803878267680212,0.0122470748834727,0.0117772206260908,0.384615384615385,0.875,104
"CMU-TimeSeries","39",0.74526423475505,0.741486984594087,0.00793409717028054,0.00757579709329006,0.861649992034298,0.856782346338575,0.0129923406182522,0.0124251503794966,0.375,0.865384615384615,104
"CMU-TimeSeries","40",0.829769898472945,0.824313447667884,0.00569180317524284,0.00550397541795085,0.858932142159312,0.853142768721831,0.00928834372149192,0.00898972360662656,0.432692307692308,0.923076923076923,104
"CMU-TimeSeries","41",0.547810673793033,0.545785840659978,0.00457569532319621,0.00439557614553745,0.580263616675703,0.57836983393413,0.00723422830139551,0.00696300070936906,0.509615384615385,1,104
"CMU-TimeSeries","42",0.589193429484089,0.585746388434818,0.00526697149086579,0.0050575490742279,0.683913880309596,0.679263217295641,0.00859539577675895,0.00826088298647454,0.576923076923077,0.942307692307692,104
"CMU-TimeSeries","44",0.54839530881677,0.547553899169821,0.00662723263763483,0.00635324409376396,0.686360454503068,0.685344567674916,0.0105355312631157,0.0101202746869976,0.307692307692308,0.894230769230769,104
"CMU-TimeSeries","45",0.711715582179036,0.706081759429124,0.00901103897769559,0.00851560318787192,0.792937314180297,0.785638187468052,0.0137735634736683,0.0130262431533847,0.451923076923077,0.894230769230769,104
"CMU-TimeSeries","46",0.94691377615086,0.939866286272671,0.00587281081926863,0.00564997967375168,1.05996113249381,1.0497620608207,0.0094005406151869,0.00903558157114136,0.451923076923077,0.894230769230769,104
"CMU-TimeSeries","47",0.88563067517317,0.880468985955801,0.00860394843970916,0.00822509699324021,0.951885017309744,0.945778117344632,0.0129414099678092,0.0123858953878844,0.432692307692308,0.884615384615385,104
"CMU-TimeSeries","48",0.763946088867489,0.760923883182379,0.00820181566144064,0.00779437360299103,0.853463591960421,0.849694711944472,0.0129503877262501,0.0123211675527011,0.509615384615385,0.913461538461538,104
"CMU-TimeSeries","49",0.64604232947895,0.64293187896533,0.00682316522303331,0.00649317819153369,0.765505750321743,0.761400767578634,0.0109585796139344,0.0104427669319463,0.471153846153846,0.903846153846154,104
"CMU-TimeSeries","50",0.910393765099612,0.90661849494922,0.00733279936231696,0.00706450922066014,0.987082953681047,0.982531054624585,0.0114885558773017,0.011084102192676,0.326923076923077,0.884615384615385,104
"CMU-TimeSeries","51",0.642227925486624,0.636047000488384,0.00786207995960975,0.00740753681123069,0.719647678027139,0.711600836230297,0.0123708823162246,0.0116607346388668,0.461538461538462,0.903846153846154,104
"CMU-TimeSeries","53",0.66254293921252,0.659733554782299,0.00361143572169543,0.0034956895974767,0.617782900405595,0.615668646812302,0.00565303237133447,0.00547671837369117,0.644230769230769,1,104
"CMU-TimeSeries","54",0.916599350078661,0.91039555499141,0.00576908786062019,0.0055655267120943,0.907565237829059,0.901184363544168,0.00903252777976,0.00871861986262298,0.461538461538462,0.951923076923077,104
"CMU-TimeSeries","55",0.663983175064428,0.661006771886996,0.00756302150628887,0.00719641963156662,0.799394757580025,0.795136226275975,0.0121846271335951,0.0116145985624006,0.451923076923077,0.932692307692308,104
"CMU-TimeSeries","56",0.998906099032335,0.99984476728323,0.00182245248962456,0.00179841875867221,1.01544062119954,1.01553619148512,0.00303523285067007,0.00299696035519286,0.40625,0.984375,64
"CU-ensemble","01",0.805324047318237,0.801384493266819,0.00720868070652174,0.00687220034521452,0.78045198238612,0.77509666757946,0.010153125,0.00969118770207347,0.765625,0.953125,64
"CU-ensemble","02",0.756483180294454,0.755953865335579,0.00811334510869565,0.0077183368425264,0.829625695332343,0.827144462906503,0.011859375,0.0112997804739324,0.640625,0.890625,64
"CU-ensemble","04",0.656188308132143,0.654126250784864,0.00228086888586957,0.00223963148692117,0.655234381997043,0.653065572851808,0.003640625,0.00357517782540477,0.734375,1,64
"CU-ensemble","05",0.752516028658559,0.748520026266428,0.00507140013586957,0.00490730558585035,0.671754107577393,0.66784555940854,0.006896875,0.00668074993990981,0.765625,0.90625,64
"CU-ensemble","06",0.565076956915348,0.56362607182507,0.00159082269021739,0.00156832584518856,0.488196448675657,0.486672712975936,0.002296875,0.00226223333659964,0.875,1,64
"CU-ensemble","08",0.604894755344591,0.604048149344371,0.00500752445652174,0.00477041436189084,0.793499799547483,0.790516004331774,0.0080953125,0.00771842241468431,0.65625,0.96875,64
"CU-ensemble","09",0.857538393057238,0.858541657376733,0.0108558960597826,0.0102983376307683,0.969124443729388,0.970016203477249,0.0149515625,0.0142335792390177,0.328125,0.734375,64
"CU-ensemble","10",0.669790738749526,0.665878454453747,0.00580962296195652,0.00556707143499782,0.691571358127644,0.686956077269412,0.008359375,0.00802610728982538,0.671875,0.875,64
"CU-ensemble","11",0.745981650648781,0.745510907231972,0.00599713519021739,0.00577058987935179,0.875494020621755,0.873383035739243,0.00931875,0.0089791092818739,0.578125,0.890625,64
"CU-ensemble","12",0.642014816888928,0.637620043897074,0.00283330502717391,0.00273832455775185,0.725140012470657,0.71873740635269,0.0046265625,0.00446145334112409,0.796875,1,64
"CU-ensemble","13",0.833336401174763,0.829737918725917,0.00628750067934783,0.00599916418984375,0.831179070324946,0.826019931615941,0.0079546875,0.0076022488049382,0.828125,0.890625,64
"CU-ensemble","15",0.746530915451297,0.748610704607092,0.00521060597826087,0.00500116397889815,0.793208032394228,0.796424630617456,0.0072890625,0.00701252745093454,0.875,0.96875,64
"CU-ensemble","16",0.699079910575962,0.69597416313494,0.00371688654891304,0.00359042186704572,0.753587527389394,0.749205397469056,0.0057296875,0.00553643977220939,0.796875,0.96875,64
"CU-ensemble","17",0.856113250698265,0.851466991020401,0.00641744429347826,0.00615252401572363,0.825884684424441,0.820038095822962,0.00829375,0.0079673637123957,0.75,0.875,64
"CU-ensemble","18",0.778101641334308,0.773678502414353,0.00543502989130435,0.0052207459331245,0.728692462221328,0.722370855871112,0.007290625,0.00700266110796326,0.78125,0.90625,64
"CU-ensemble","19",0.862500128547537,0.855602119504582,0.00600370516304348,0.00579622068756798,0.793316686680689,0.786320880603629,0.007575,0.00733509043603115,0.578125,0.796875,64
"CU-ensemble","20",0.865752837083046,0.859467759133365,0.00560809850543478,0.00543035446430821,0.791979001072899,0.786370836715744,0.0070234375,0.00681625803101758,0.671875,0.859375,64
"CU-ensemble","21",0.800382838485365,0.796597858185466,0.00513004755434783,0.00495304733112909,0.748843310425133,0.744588324234514,0.007215625,0.00697505823436783,0.640625,0.890625,64
"CU-ensemble","22",0.67893308407836,0.67557707854842,0.00428233967391304,0.0040560714691513,0.676205640665004,0.669878598157325,0.0066,0.00622845529142075,0.859375,1,64
"CU-ensemble","23",0.945813209803127,0.942924506747207,0.00705344701086956,0.00682197649978616,0.99302045881564,0.991014928310658,0.009790625,0.00950639903394772,0.484375,0.84375,64
"CU-ensemble","24",0.662077281063832,0.659693346605239,0.00672044769021739,0.00637368608577509,0.81507564501741,0.811405115245114,0.0102203125,0.00971360476123262,0.671875,0.921875,64
"CU-ensemble","25",0.832314424341397,0.830917603807045,0.00915555842391304,0.00875359323256012,0.906713617125232,0.905983720267075,0.0123484375,0.0118603674482022,0.21875,0.6875,64
"CU-ensemble","26",0.891372237148857,0.886551636830443,0.00540016779891304,0.00519088472465121,0.919502409685082,0.914670953315601,0.007690625,0.00741621398558198,0.53125,0.921875,64
"CU-ensemble","27",0.925958254189978,0.926114692376206,0.0100581942934783,0.00952315753372666,1.00349288248236,1.00357557797002,0.013953125,0.0132639851602268,0.53125,0.828125,64
"CU-ensemble","28",0.73501033919785,0.732531272472143,0.00319368614130435,0.00310916976315348,0.707179454170712,0.703843409189622,0.0047,0.00456840041495896,0.796875,0.984375,64
"CU-ensemble","30",1.06173274528764,1.05879015238046,0.00432199456521739,0.00421121417033643,1.04936629070054,1.04519356121421,0.006325,0.00616497955320685,0.65625,0.875,64
"CU-ensemble","31",0.848849362212965,0.844711072208325,0.0029388254076087,0.00287859434412082,0.810254645388855,0.806103084999668,0.0040640625,0.00398501544435983,0.78125,0.921875,64
"CU-ensemble","32",0.757959920671533,0.75614844709834,0.00394465489130435,0.00384972328551274,0.89668264837199,0.89434162145624,0.005815625,0.0056846863725698,0.546875,0.921875,64
"CU-ensemble","33",0.764436067045775,0.758766074437975,0.00699900475543478,0.00668619206601083,0.790435377376701,0.78516817226979,0.0094484375,0.0090650611372367,0.703125,0.875,64
"CU-ensemble","34",0.741763524398158,0.739528659748092,0.00774415489130435,0.00733733790860135,0.844491145277114,0.840004729901152,0.0110109375,0.0104449543275346,0.71875,0.90625,64
"CU-ensemble","35",0.805904086983751,0.801656236546404,0.00847283491847826,0.00804171810980889,0.818737479351231,0.814190463123433,0.011065625,0.0105462560850734,0.65625,0.8125,64
"CU-ensemble","36",0.651299698845179,0.650665436131082,0.00609229279891304,0.0058043732047326,0.851642648008583,0.85040455280921,0.009496875,0.00906585950755403,0.546875,0.9375,64
"CU-ensemble","37",0.738644344561981,0.735725448620993,0.0118465108695652,0.0109175186719689,0.773491834216089,0.769102295335515,0.0157953125,0.0146185499840044,0.765625,0.875,64
"CU-ensemble","38",0.869668392202648,0.867271277299213,0.00821464673913043,0.0079201869280139,0.848444499751578,0.846330498486807,0.0111125,0.0107466981818523,0.515625,0.78125,64
"CU-ensemble","39",1.01816364548654,1.01501218174247,0.0072494402173913,0.00698290914320291,1.0052597200111,1.00227982258903,0.00980625,0.00947747804262771,0.46875,0.78125,64
"CU-ensemble","40",0.840901684638242,0.837088358878568,0.00331081114130435,0.00324856719536683,0.687408827848906,0.683306555038533,0.0040890625,0.00401241982264066,0.796875,0.890625,64
"CU-ensemble","41",0.426012350505813,0.425520096419995,0.00127623845108696,0.00126080174214077,0.319353263639437,0.318389780311938,0.0016375,0.00161538022132071,0.921875,1,64
"CU-ensemble","42",0.725817133088058,0.722792913808668,0.00401288519021739,0.00388000851251544,0.711020883590449,0.70605612731909,0.0056484375,0.00545987775703782,0.8125,0.953125,64
"CU-ensemble","44",0.791211549847138,0.787594482223239,0.00734725135869565,0.00705624111166682,0.898432637842955,0.894458084448845,0.0101375,0.00977083759532982,0.46875,0.84375,64
"CU-ensemble","45",0.74697082840554,0.743135239215217,0.00633387635869565,0.0060351095981402,0.71101531782516,0.705978922902511,0.008734375,0.00833525837590392,0.78125,0.921875,64
"CU-ensemble","46",0.996215444607663,0.990965672918823,0.00466368953804348,0.00455708630559583,0.970372279165643,0.964925890436805,0.0061296875,0.00599993376076211,0.625,0.90625,64
"CU-ensemble","47",0.719471806972639,0.714201814445643,0.00512686480978261,0.00492535076958199,0.639638252207292,0.634187913898686,0.00690625,0.00664730404465769,0.75,0.9375,64
"CU-ensemble","48",0.637579983542562,0.634931297786491,0.00416610461956522,0.00397098620311157,0.672620030368145,0.666963681316411,0.0063109375,0.00599088431877415,0.84375,1,64
"CU-ensemble","49",0.616450686878989,0.61415252866641,0.00394501222826087,0.00376449548307724,0.673339774249814,0.667430249264146,0.0057390625,0.00546296535452457,0.828125,0.953125,64
"CU-ensemble","50",0.883612686551725,0.8788082577269,0.00467203057065217,0.00453366966971669,0.952009913420218,0.946736929818053,0.0069359375,0.00674648293104634,0.671875,0.921875,64
"CU-ensemble","51",0.715288713650663,0.712872484920876,0.00585437364130435,0.00559238239654813,0.780828852592887,0.776732654965107,0.0085421875,0.00817448901611452,0.703125,0.953125,64
"CU-ensemble","53",0.656871889063019,0.65550451187981,0.00244953940217391,0.00240645875163839,0.548737291644751,0.547114099360687,0.0037546875,0.00368600548697927,0.71875,1,64
"CU-ensemble","54",0.766834126191832,0.763760346326732,0.00359132065217391,0.00350508565198601,0.734193618967549,0.730190637554058,0.005140625,0.00502170679208688,0.765625,0.9375,64
"CU-ensemble","55",0.999897498072493,0.996257353252841,0.00830366168478261,0.00797595599161108,1.04135444968967,1.03845623915718,0.01123125,0.0108383418332753,0.515625,0.875,64
"CU-ensemble","56",1.11669620398628,1.11713158582707,0.00987149660326087,0.00962625902981669,1.08456604060071,1.08433989353963,0.01153125,0.0112712793828095,0.4375,0.75,64
"DMAPRIME-HYB","45",1.06223364577008,1.05829285585013,0.000917842555645031,0.000912941264905533,1.05590063231098,1.05033681252677,0.00122011104285714,0.00121356939954852,0.321428571428571,0.5,28
"FluSight-baseline","01",1,1,0.0135592039066452,0.0129159425800177,1,1,0.0193009259259259,0.018418895516147,0.314814814814815,0.87037037037037,108
"FluSight-baseline","02",1,1,0.0121274228259443,0.0115303659894069,1,1,0.0157527777777778,0.0150202277905049,0.407407407407407,0.824074074074074,108
"FluSight-baseline","04",1,1,0.00504793906560672,0.00493573096790133,1,1,0.00767962962962963,0.00751112231876562,0.37037037037037,0.972222222222222,108
"FluSight-baseline","05",1,1,0.00926387555965807,0.00894715093201815,1,1,0.0131583333333333,0.0127207585020056,0.37962962962963,0.861111111111111,108
"FluSight-baseline","06",1,1,0.00464807474700222,0.00454606178421571,1,1,0.00714722222222222,0.00699182043585413,0.314814814814815,0.907407407407407,108
"FluSight-baseline","08",1,1,0.0111469196295004,0.0106602307110046,1,1,0.0139546296296296,0.0133760492408745,0.333333333333333,0.740740740740741,108
"FluSight-baseline","09",1,1,0.0156170110693401,0.0148300173154144,1,1,0.0191972222222222,0.018275817410937,0.37962962962963,0.759259259259259,108
"FluSight-baseline","10",1,1,0.0103684395403247,0.00994622527193399,1,1,0.0143509259259259,0.0138027954179521,0.314814814814815,0.861111111111111,108
"FluSight-baseline","11",1,1,0.0105988563591292,0.0102042043637262,1,1,0.0138120365161985,0.0133316147412602,0.37037037037037,0.768518518518518,108
"FluSight-baseline","12",1,1,0.00803855596921295,0.00774725664520713,1,1,0.0112925925925926,0.0108915420284715,0.314814814814815,0.777777777777778,108
"FluSight-baseline","13",1,1,0.0107250220465634,0.0102825357016294,1,1,0.0137222222222222,0.013189200415434,0.351851851851852,0.814814814814815,108
"FluSight-baseline","15",1,1,0.00873345026119349,0.00832744953576739,1,1,0.011487962962963,0.0109594414393837,0.453703703703704,0.740740740740741,108
"FluSight-baseline","16",1,1,0.00711808924354765,0.00687917966000114,1,1,0.0100425925925926,0.00972351458569347,0.314814814814815,0.888888888888889,108
"FluSight-baseline","17",1,1,0.00903713499043167,0.0086807109239608,1,1,0.0119768518518519,0.0115360990347339,0.37962962962963,0.861111111111111,108
"FluSight-baseline","18",1,1,0.00968909321674163,0.00932406801601882,1,1,0.0137055555555556,0.0132193410991442,0.351851851851852,0.87037037037037,108
"FluSight-baseline","19",1,1,0.00834728549625456,0.00805656286517273,1,1,0.0116694446180573,0.0112922063981257,0.333333333333333,0.907407407407407,108
"FluSight-baseline","20",1,1,0.00835178384311067,0.0080763640545441,1,1,0.0118472222222222,0.011471889870508,0.351851851851852,0.898148148148148,108
"FluSight-baseline","21",1,1,0.00865929630888201,0.0083613895514134,1,1,0.0128462962962963,0.0124273138666936,0.342592592592593,0.944444444444444,108
"FluSight-baseline","22",1,1,0.0104525395751142,0.00996176478784365,1,1,0.0144416666666667,0.0137886446927005,0.425925925925926,0.861111111111111,108
"FluSight-baseline","23",1,1,0.00802060443854901,0.00773851123840828,1,1,0.0107805555555556,0.0104285763985297,0.324074074074074,0.87037037037037,108
"FluSight-baseline","24",1,1,0.0130468099480714,0.0124210125169022,1,1,0.0163722222222222,0.0156140223797151,0.462962962962963,0.777777777777778,108
"FluSight-baseline","25",1,1,0.0122142225565667,0.0116837566524157,1,1,0.0154935185185185,0.0148573165403965,0.37037037037037,0.768518518518518,108
"FluSight-baseline","26",1,1,0.00866370212704518,0.00834543444226369,1,1,0.0117777777777778,0.0113719215061104,0.37037037037037,0.833333333333333,108
"FluSight-baseline","27",1,1,0.0145499638410991,0.013757693224696,1,1,0.0185842592592593,0.0176247261636926,0.351851851851852,0.787037037037037,108
"FluSight-baseline","28",1,1,0.00797711585683699,0.0077290374193036,1,1,0.0121518518518519,0.0117777604751333,0.444444444444444,0.972222222222222,108
"FluSight-baseline","30",1,1,0.00617680488884772,0.00599949158974654,1,1,0.00905277777777778,0.00880812161710791,0.398148148148148,0.935185185185185,108
"FluSight-baseline","31",1,1,0.00567217229989822,0.00554019310473478,1,1,0.00848981481481481,0.00829841484320215,0.305555555555556,0.916666666666667,108
"FluSight-baseline","32",1,1,0.00550265594504079,0.00536521787881507,1,1,0.00728240740740741,0.00710931232088948,0.472222222222222,0.861111111111111,108
"FluSight-baseline","33",1,1,0.0108738358777983,0.0103999313946642,1,1,0.0142527777777778,0.0136689180070661,0.333333333333333,0.805555555555556,108
"FluSight-baseline","34",1,1,0.0136181669927227,0.0129667080567411,1,1,0.0169657407407407,0.0161893811243922,0.407407407407407,0.75,108
"FluSight-baseline","35",1,1,0.0115371139589467,0.0109894999067385,1,1,0.0150583333333333,0.014388931297866,0.388888888888889,0.87037037037037,108
"FluSight-baseline","36",1,1,0.0116057676418483,0.0111168198016033,1,1,0.013912037037037,0.0133406170617205,0.462962962962963,0.75,108
"FluSight-baseline","37",1,1,0.0184216594692899,0.0170834880475156,1,1,0.0229351851851852,0.0213353093070567,0.481481481481481,0.824074074074074,108
"FluSight-baseline","38",1,1,0.010821543252967,0.0104240570722692,1,1,0.0148490740740741,0.0143414257535885,0.212962962962963,0.833333333333333,108
"FluSight-baseline","39",1,1,0.00976111665305669,0.00939171346237891,1,1,0.0135009259259259,0.0130223455673683,0.296296296296296,0.861111111111111,108
"FluSight-baseline","40",1,1,0.00591133852907166,0.00577126457779588,1,1,0.00897222222222222,0.00876657471503611,0.37037037037037,0.990740740740741,108
"FluSight-baseline","41",1,1,0.00807258279968637,0.00779377172623171,1,1,0.0116268518518519,0.0112415475615506,0.240740740740741,0.87962962962963,108
"FluSight-baseline","42",1,1,0.00783952062676092,0.00758775730488487,1,1,0.0106425925925926,0.0103223666732158,0.37037037037037,0.824074074074074,108
"FluSight-baseline","44",1,1,0.0111904061462,0.0107678680151737,1,1,0.0139268518518519,0.013428486241942,0.37037037037037,0.768518518518518,108
"FluSight-baseline","45",1,1,0.0105550658748665,0.0100962704860941,1,1,0.0144351851851852,0.013842078890597,0.407407407407407,0.87037037037037,108
"FluSight-baseline","46",1,1,0.0059537771964213,0.00579015541170202,1,1,0.00832962962962963,0.00811639572066099,0.388888888888889,0.907407407407407,108
"FluSight-baseline","47",1,1,0.00852997879520557,0.00822291110309134,1,1,0.0117888888888889,0.0113908753571111,0.388888888888889,0.87962962962963,108
"FluSight-baseline","48",1,1,0.00962692908598462,0.00919141194939073,1,1,0.0131583333333333,0.0125852963701788,0.388888888888889,0.851851851851852,108
"FluSight-baseline","49",1,1,0.0092366703343708,0.00885652905431544,1,1,0.0122694444444444,0.011792610852312,0.398148148148148,0.842592592592593,108
"FluSight-baseline","50",1,1,0.00764194219310653,0.0074097500010175,1,1,0.0106055555555556,0.0103059775958279,0.416666666666667,0.935185185185185,108
"FluSight-baseline","51",1,1,0.0106714603536496,0.0101913301185837,1,1,0.0144796296296296,0.0138680223238612,0.37037037037037,0.833333333333333,108
"FluSight-baseline","53",1,1,0.00545918806943277,0.00531073723829215,1,1,0.00837962962962963,0.0081559783909398,0.277777777777778,1,108
"FluSight-baseline","54",1,1,0.00599244587081364,0.00583356760565953,1,1,0.00905925925925926,0.00883364335011647,0.388888888888889,0.935185185185185,108
"FluSight-baseline","55",1,1,0.0103913658373058,0.00995568649501546,1,1,0.0135453703703704,0.0130154975338099,0.333333333333333,0.824074074074074,108
"FluSight-baseline","56",1,1,0.0106012730382148,0.0103403087807162,1,1,0.0129796261596875,0.0126937267933264,0.5,0.805555555555556,108
"FluSight-ensemble","01",0.693834104153534,0.690419935132096,0.0100752776658337,0.00954775528674512,0.693745711502535,0.689558953749989,0.0148802027139785,0.0141160769946133,0.555555555555556,0.87037037037037,108
"FluSight-ensemble","02",0.751162388431926,0.750725199642167,0.00869799783598836,0.00826189795491349,0.774804838793745,0.774562669500647,0.012283005235062,0.0116975618697971,0.481481481481481,0.87962962962963,108
"FluSight-ensemble","04",0.661743871214549,0.660207493632351,0.00381669670826888,0.0037197688591796,0.635629321754819,0.634287170956947,0.00597028079127943,0.00582094170994619,0.601851851851852,0.962962962962963,108
"FluSight-ensemble","05",0.718522863721507,0.71571712539376,0.00722086358923561,0.00694002176138669,0.709428631286842,0.706970506406515,0.0106831069220441,0.0102806560024815,0.555555555555556,0.87962962962963,108
"FluSight-ensemble","06",0.642822010255232,0.641462069929545,0.00289591321197016,0.00282495446589674,0.591056195374637,0.589859436038139,0.00450871891104645,0.00439844346620961,0.666666666666667,0.981481481481482,108
"FluSight-ensemble","08",0.588080404476466,0.588144367790184,0.00672281362399247,0.00642956016832692,0.798176457517508,0.796997965062268,0.0114722879830844,0.0109806689305228,0.398148148148148,0.981481481481482,108
"FluSight-ensemble","09",0.687851299485311,0.688356884272472,0.0107184981281978,0.0101909920871539,0.845967624891385,0.84555645137431,0.0166456885254129,0.0158446373468997,0.25,0.814814814814815,108
"FluSight-ensemble","10",0.685730830131845,0.683169672721462,0.00728825847147461,0.00695981091217255,0.716337850731075,0.713363237908316,0.0108582765924182,0.0103913866682822,0.537037037037037,0.907407407407407,108
"FluSight-ensemble","11",0.645620260356311,0.645490442179521,0.00688168551483454,0.00662846723560527,0.753622137387269,0.751923205961365,0.0105488988706524,0.0101605015054966,0.453703703703704,0.842592592592593,108
"FluSight-ensemble","12",0.565214337988268,0.561726157980036,0.00476085832199912,0.0045602810334585,0.634122883795993,0.629818733413235,0.00767956608808018,0.00735444393930943,0.62962962962963,1,108
"FluSight-ensemble","13",0.677664305386285,0.675008881834166,0.00764016253573725,0.00729362542058417,0.771345938929984,0.768026577543995,0.0110212372333885,0.0105411068337627,0.583333333333333,0.87037037037037,108
"FluSight-ensemble","15",0.62274660783643,0.624291136510918,0.00546739643269593,0.0052269988229977,0.747870631140626,0.749894470855222,0.00849725528607227,0.00813301559784136,0.583333333333333,0.972222222222222,108
"FluSight-ensemble","16",0.595845519872243,0.593828203703495,0.00461231253720579,0.00443937199723967,0.675736574878999,0.67279376364003,0.00743528578155144,0.00716130169192409,0.638888888888889,0.953703703703704,108
"FluSight-ensemble","17",0.694245821382209,0.691384035672635,0.00671542432830279,0.00641887145313832,0.745450643663379,0.742136220277275,0.00968464846058698,0.0092778706273189,0.62037037037037,0.87962962962963,108
"FluSight-ensemble","18",0.730489420143437,0.72725895444262,0.00728048463896849,0.0069694625648149,0.776250901974584,0.772823108502402,0.0110536684456993,0.0106033955953393,0.435185185185185,0.898148148148148,108
"FluSight-ensemble","19",0.7103708682834,0.706147692180116,0.00600906346322801,0.00576031052273289,0.642924205350606,0.638822635456805,0.00766555752696124,0.00736273427664959,0.611111111111111,0.814814814814815,108
"FluSight-ensemble","20",0.690672491620642,0.687457349448357,0.00601284250803778,0.00578207375992488,0.673599203557642,0.670332672883831,0.00838597625810753,0.00807407157744453,0.583333333333333,0.907407407407407,108
"FluSight-ensemble","21",0.731582771839239,0.728880753289728,0.00669136474744576,0.00643163475556186,0.74724034398197,0.744556141306977,0.0100879394905371,0.00971526128961691,0.509259259259259,0.87962962962963,108
"FluSight-ensemble","22",0.598260947370111,0.59590803690975,0.00652928318499544,0.00620043061205248,0.644019118610219,0.640262008287974,0.0105816643763748,0.0100386645694156,0.62962962962963,0.972222222222222,108
"FluSight-ensemble","23",0.79138632189742,0.790123008679134,0.00640980456101748,0.00617143154047951,0.843259644782446,0.842031048201293,0.00935316914481743,0.00903127490288017,0.472222222222222,0.907407407407407,108
"FluSight-ensemble","24",0.625137988752738,0.623693746911546,0.00832418626947904,0.0079056016032287,0.776487472455725,0.774277390216344,0.0131567749490354,0.0125088195887684,0.444444444444444,0.916666666666667,108
"FluSight-ensemble","25",0.719794058049113,0.718850651045098,0.00876806173631979,0.00837622766924336,0.808840370674553,0.807993673169971,0.0129479108299523,0.0124033081328563,0.314814814814815,0.824074074074074,108
"FluSight-ensemble","26",0.674127355152169,0.671412279496883,0.00589066794602958,0.00564796068038892,0.738570115686508,0.734935512939492,0.00911852991942247,0.00875406319362149,0.546296296296296,0.907407407407407,108
"FluSight-ensemble","27",0.655351486232307,0.653518350104132,0.00946338034915494,0.0089248292286009,0.740738272641952,0.737902885577565,0.0140892387447412,0.0133137194508765,0.527777777777778,0.87962962962963,108
"FluSight-ensemble","28",0.771755687453384,0.769309542372116,0.00595879966423305,0.00575454455339216,0.823622190716159,0.821350056961901,0.009539459900866,0.00921534220923641,0.527777777777778,0.944444444444444,108
"FluSight-ensemble","29",NA,NA,0.00820828841240628,0.00772213145267042,NA,NA,0.0114977822731449,0.0108326900544421,0.240740740740741,0.666666666666667,54
"FluSight-ensemble","30",0.719422453540629,0.716989738534433,0.00443979873155801,0.00429564887833159,0.741694206379971,0.738733162389499,0.0067688959166954,0.0065554472635235,0.574074074074074,0.944444444444444,108
"FluSight-ensemble","31",0.724090956718372,0.721945184365606,0.00404666784699741,0.00393920073830083,0.715885786759323,0.71350332413464,0.00616557553907301,0.00600430572651934,0.555555555555556,0.925925925925926,108
"FluSight-ensemble","32",0.743712191442236,0.742772590087468,0.00432182653168367,0.00420502321662599,0.837467146108369,0.836043857620257,0.00629492415021426,0.00612796843118982,0.564814814814815,0.898148148148148,108
"FluSight-ensemble","33",0.668096744585156,0.664975355260401,0.00755806185709453,0.00718802066608464,0.7132684096703,0.709707218290083,0.0108380407626794,0.0103320588542995,0.537037037037037,0.888888888888889,108
"FluSight-ensemble","34",0.631998828943471,0.631854516075651,0.00865737891674479,0.00824257530631498,0.803482714265353,0.802603395509298,0.0138697106454694,0.0132235743712587,0.435185185185185,0.87037037037037,108
"FluSight-ensemble","35",0.722571978295856,0.719862149365678,0.00885408591690711,0.00839650383825042,0.761233764443387,0.758157959784918,0.0123610267834615,0.0117558224647127,0.601851851851852,0.87037037037037,108
"FluSight-ensemble","36",0.608661226493249,0.608936497243597,0.00704241305944991,0.00674822706491935,0.805823529047941,0.805967878699742,0.011395736526379,0.0109308171186211,0.388888888888889,0.925925925925926,108
"FluSight-ensemble","37",0.629068227825137,0.62490084874411,0.0126433900056126,0.0116392215412928,0.711304804673085,0.706403474860588,0.0182743988434078,0.0168872357789401,0.62037037037037,0.861111111111111,108
"FluSight-ensemble","38",0.813526817563868,0.813152648698769,0.0083975329198719,0.00808424094335506,0.818324845596944,0.81724761594127,0.0118765547043604,0.0114524049161515,0.453703703703704,0.796296296296296,108
"FluSight-ensemble","39",0.746951726201257,0.744623959666042,0.00730860341546352,0.00700622551859106,0.78495514744004,0.782324073657705,0.0109071218682397,0.0104759302431801,0.444444444444444,0.888888888888889,108
"FluSight-ensemble","40",0.714026972043546,0.712108414111012,0.00453157086168322,0.00440699215062103,0.688264881628125,0.686289535277218,0.00661944640959126,0.00644372096370512,0.574074074074074,0.888888888888889,108
"FluSight-ensemble","41",0.527995156742356,0.526322255862727,0.00434037762440407,0.0041737469722778,0.493307953354109,0.491637441397375,0.00667424028999602,0.00642550938805644,0.62962962962963,0.962962962962963,108
"FluSight-ensemble","42",0.643849050258109,0.64209256822691,0.00510076127923603,0.00492225692907422,0.721064427879444,0.718596086579641,0.00792906136315753,0.0076624465461667,0.518518518518518,0.944444444444444,108
"FluSight-ensemble","44",0.69919383638496,0.698931418775362,0.00782323266125851,0.00752334346934119,0.806296289880959,0.806030346068881,0.0115027484108062,0.0110855073434542,0.37037037037037,0.833333333333333,108
"FluSight-ensemble","45",0.646483303743861,0.643668609327705,0.00764675669411668,0.0072720627247072,0.674456062544128,0.670927132000672,0.0109992254927647,0.0104765421384434,0.62962962962963,0.87037037037037,108
"FluSight-ensemble","46",0.844454596232356,0.843059170592154,0.00498426459510294,0.00483747025670438,0.834737794629502,0.832993108252774,0.00678698824487037,0.00659738621229372,0.62037037037037,0.907407407407407,108
"FluSight-ensemble","47",0.705430600414446,0.702360165197294,0.00674221892748841,0.0064657483987788,0.66778966201345,0.664377161911781,0.0094660510577664,0.00909146740908844,0.555555555555556,0.888888888888889,108
"FluSight-ensemble","48",0.593036949422353,0.590517142095573,0.00603259726817063,0.00573366109706087,0.670407976008997,0.666516855004886,0.00949174361816945,0.00901928111562115,0.657407407407407,0.953703703703704,108
"FluSight-ensemble","49",0.59287127128846,0.589938405385244,0.00585872854072134,0.0055827284599679,0.710759446385831,0.706245788067086,0.00918871953039306,0.00876265220668308,0.675925925925926,0.944444444444444,108
"FluSight-ensemble","50",0.761720504183406,0.759205922144035,0.00592055683827687,0.00571602249728249,0.804341643589059,0.802114980908892,0.00894261690571528,0.00865995610227227,0.435185185185185,0.925925925925926,108
"FluSight-ensemble","51",0.628939785430267,0.625909405360553,0.007097137858549,0.00673917335122005,0.708329648537654,0.704348969277044,0.0109310698173096,0.0103996094250347,0.537037037037037,0.925925925925926,108
"FluSight-ensemble","53",0.569457625871346,0.568016670955518,0.00314675265874284,0.00305327541221899,0.501825975709623,0.500347011058993,0.00493029845572295,0.00478350945014539,0.638888888888889,1,108
"FluSight-ensemble","54",0.717749192317707,0.71545436888219,0.00455642066704071,0.0044181855709278,0.691018959979935,0.68880925333213,0.00660108209759942,0.00641315779094184,0.611111111111111,0.944444444444444,108
"FluSight-ensemble","55",0.722761505353933,0.720196042931972,0.00758455726602565,0.00723741673646779,0.791263681865534,0.787739494321253,0.011135729087099,0.0106454390726789,0.537037037037037,0.87962962962963,108
"FluSight-ensemble","56",1.08231361657771,1.08387536439045,0.0111711718958816,0.0109113203656956,1.00287848922764,1.00325034643359,0.0129412281968116,0.0126621233263012,0.37037037037037,0.703703703703704,108
"FluSight-trained_mean","01",0.651874295215262,0.648926822679673,0.00229644079507962,0.00225124503177967,0.471618210079178,0.46849002100274,0.00323921598714727,0.00316436980359808,1,1,4
"FluSight-trained_mean","02",1.04729374015218,1.04834720626869,0.0131423422191688,0.0129448154159824,0.955739049868889,0.957054642412845,0.0154200949509086,0.0152063256217057,0,0.25,4
"FluSight-trained_mean","04",0.382778572044741,0.382368648114435,0.000782453633672903,0.000776412250389948,0.291444828303148,0.291122618987083,0.000811631386709437,0.000805743519022302,0.75,1,4
"FluSight-trained_mean","05",0.613959963177414,0.611778178146304,0.00112770080568256,0.00111724986388295,0.505392716875729,0.503646621716042,0.00133451962814982,0.00132271859990253,0.75,1,4
"FluSight-trained_mean","06",0.814733897333698,0.812898630967766,0.00107976273858327,0.00107181067248453,0.474015216022037,0.473685982147888,0.000827665701245041,0.000823498689437235,1,1,4
"FluSight-trained_mean","08",0.720824013868471,0.722002868101294,0.00784562712195052,0.0076615369700275,1.00202653543989,1.00131798976481,0.0142270069915822,0.0138929943663251,0,1,4
"FluSight-trained_mean","09",0.965305145302892,0.966130238389456,0.0183484446268122,0.0178673656461919,0.99252316950281,0.992818174755243,0.0222352335662139,0.021704304161591,0,0,4
"FluSight-trained_mean","10",0.594744636265859,0.592577138777843,0.00268185357039748,0.0026489094597686,0.614656007068214,0.61197953958196,0.00432786305164383,0.00427411238452489,0.5,1,4
"FluSight-trained_mean","11",0.854275647102024,0.855736676958536,0.00831975652968923,0.00815453885718515,1.09693837540312,1.09668539842731,0.0125207757367149,0.0122880642197782,0,0.75,4
"FluSight-trained_mean","12",0.670434135572582,0.664904539618197,0.00340421606092562,0.00329550794055091,0.67828445571624,0.673229368152677,0.00512280440509286,0.00497825556988221,1,1,4
"FluSight-trained_mean","13",0.752282447039056,0.750529441794295,0.00360334803071703,0.00355227970877071,0.967446546768497,0.963679252322648,0.00693910933457869,0.00684142379173239,0.25,1,4
"FluSight-trained_mean","15",0.799408552625738,0.801292715348665,0.0105170817237216,0.0100882229642371,0.978867080591771,0.981180801553848,0.020075266152885,0.0192580142113335,0,1,4
"FluSight-trained_mean","16",0.576349949669136,0.574730196614744,0.00201735160054038,0.00198518841758802,0.907167547711172,0.903425200137966,0.00365465130183155,0.00359543697787659,1,1,4
"FluSight-trained_mean","17",0.774635213980222,0.772381406957636,0.00225519820124049,0.0022272976764459,1.01110040264026,1.00662876570528,0.00400139312561669,0.00395121815329869,0.5,1,4
"FluSight-trained_mean","18",0.93533000866143,0.93199885751649,0.00371769041918387,0.00367333071148144,1.09671859656298,1.09222473916386,0.00628646983079244,0.00621569001755253,0,1,4
"FluSight-trained_mean","19",0.645264542110188,0.64066907280227,0.001390032624459,0.00138097140278515,0.624648019508516,0.619525583263686,0.00235766169859184,0.002342458340179,0.25,1,4
"FluSight-trained_mean","20",0.704347169950743,0.700745717142359,0.00107496171256955,0.00106806337333133,0.62941348994325,0.625841085094333,0.00186127778196235,0.00184794128175031,0.75,1,4
"FluSight-trained_mean","21",0.69571709856791,0.69368126543639,0.00227796111293677,0.00225532893536027,0.761389768623868,0.758409929915684,0.00453681487183364,0.00449154033847685,0.25,1,4
"FluSight-trained_mean","22",0.671084890101814,0.66905775117602,0.0049618268439471,0.0047943523049613,0.572528922228229,0.57059543601765,0.00476207220251096,0.00462011934052414,0.75,1,4
"FluSight-trained_mean","23",0.80385036675518,0.80237202558869,0.00232210818993477,0.00230552897565977,0.869860725139557,0.867973410661163,0.00381263392780271,0.00378442557896444,0,1,4
"FluSight-trained_mean","24",0.811506871902029,0.810761516875203,0.00756063496575367,0.00740335420032023,1.20712644809473,1.20527650158012,0.0129490169785637,0.0126901962558206,0,1,4
"FluSight-trained_mean","25",0.779986814343086,0.779180781251347,0.0064411901962539,0.0063361028994209,0.821545049685423,0.820697339288829,0.0089396896547888,0.00880623727007589,0.25,0.5,4
"FluSight-trained_mean","26",0.810803499069889,0.807183872762752,0.00467943365036953,0.00461626621806842,0.820650767561186,0.816381856203987,0.00717869512131209,0.00708711934911125,0,0.75,4
"FluSight-trained_mean","27",0.891731327610786,0.890771141646779,0.0110889773962335,0.0108439282936116,0.972880600051546,0.970595477689825,0.0146151032926176,0.0143214756025632,0,0.5,4
"FluSight-trained_mean","28",0.793720864059862,0.7901816260514,0.00333357604117426,0.00327098077804301,0.821158663241655,0.818873981186573,0.00537587509121498,0.00529275533605081,0.25,1,4
"FluSight-trained_mean","29",NA,NA,0.00224853552436652,0.00223315232336928,NA,NA,0.00351165091747064,0.00348772743123079,0,0.5,2
"FluSight-trained_mean","30",0.841271307711125,0.83790345249364,0.00345213377589335,0.00341203801012857,0.96563353754346,0.960898987123794,0.00569972761440993,0.00563636420438675,0.25,1,4
"FluSight-trained_mean","31",0.6082691894288,0.60653237026792,0.00128507883605679,0.00127837425451846,0.614887680292584,0.612743649686644,0.00200040412683709,0.00199057673228587,0.25,0.75,4
"FluSight-trained_mean","32",0.886285386963489,0.885814970359992,0.00150020652546636,0.00148575714177004,1.32873686282112,1.32731064800081,0.00311749991391797,0.00308647465183209,0.75,1,4
"FluSight-trained_mean","33",0.600884658432743,0.598792216373115,0.00253664184579956,0.00251045577040079,0.613725627801922,0.610839701769509,0.00406544813788642,0.00402119038051457,0.25,1,4
"FluSight-trained_mean","34",0.704316294355142,0.704340013958818,0.0123526532727539,0.0120318882145962,0.858558597222155,0.858103621333001,0.0187092710973988,0.0182682991139904,0,0.25,4
"FluSight-trained_mean","35",0.702245930895865,0.700846153309951,0.00247555894043469,0.00243927115459635,0.816139508112475,0.813115063671455,0.00411183303967282,0.00405050524183421,0.5,1,4
"FluSight-trained_mean","36",0.764277621448087,0.763928803907557,0.0174028861924533,0.0169086682660989,0.895302573449632,0.895181487935036,0.0231140056407495,0.0225065162682814,0,0.25,4
"FluSight-trained_mean","37",0.57077718257182,0.569926972902308,0.00426062599444696,0.00412839235312331,0.520811565608715,0.517678899825579,0.00609016890000632,0.00586367165324347,1,1,4
"FluSight-trained_mean","38",0.887028489401998,0.886454423833692,0.0056611251770226,0.00560291753136143,0.869379957459275,0.868466892243576,0.00754716836136393,0.00747953730746217,0.25,0.25,4
"FluSight-trained_mean","39",0.824582199612051,0.822090235768147,0.00371927510301763,0.00367743982183977,0.840576509642493,0.83766505649645,0.00584872381557578,0.00578757811075211,0,0.75,4
"FluSight-trained_mean","40",0.684101972183116,0.681637500099585,0.00076905714052624,0.000765653320526015,0.625370637746787,0.622729519408487,0.00108526480229803,0.00108038950895251,0.75,1,4
"FluSight-trained_mean","41",0.45210456007665,0.451458824725678,0.000780762446782768,0.000775461925736283,0.267441445925036,0.266970087399788,0.000465640412760718,0.000462823271812049,1,1,4
"FluSight-trained_mean","42",0.837512162070111,0.835708263064491,0.00304948054044224,0.00301742656635647,1.17872310018173,1.17503696392004,0.00536765668848604,0.00531356372888763,0,1,4
"FluSight-trained_mean","44",0.733829110145889,0.733039842276717,0.0068247555142841,0.00671116277230768,0.802413367202008,0.801799984222522,0.0095150034013222,0.00936997235649846,0.25,0.5,4
"FluSight-trained_mean","45",0.554988809705782,0.553416904486597,0.00277857701426826,0.002739439138006,0.601606012728427,0.598983725101989,0.00476451482174214,0.00469566594696453,0.25,1,4
"FluSight-trained_mean","46",1.07241223089456,1.06788385472252,0.000695743035079425,0.000693620810310266,1.25399262813542,1.24799988668578,0.00119120233086367,0.00118768210975556,0.5,1,4
"FluSight-trained_mean","47",0.641293033564824,0.638713839181481,0.00132156352500976,0.00130737919269409,0.423734788618104,0.421241120349466,0.00135217391828051,0.00133417750135516,1,1,4
"FluSight-trained_mean","48",0.559190477917226,0.557862872732393,0.00401625809405847,0.00389877628852981,0.605166294774481,0.602815587484721,0.00620962104183675,0.00603625946905582,0.75,1,4
"FluSight-trained_mean","49",0.562778505860568,0.561060828054441,0.00306231965027264,0.00301013579528593,0.811190114372197,0.807518103871218,0.0070824598637651,0.00695906563878464,0.75,1,4
"FluSight-trained_mean","50",0.786919979651476,0.783930467794964,0.00148132104472861,0.00147121280109316,0.74514320190488,0.742166714021585,0.00210381280350542,0.00208867631732453,0.75,1,4
"FluSight-trained_mean","51",0.640626887332595,0.638515618839239,0.00292165102041941,0.00287704496043802,0.758466910873595,0.755100558836712,0.0054556343546348,0.00537073275814365,0.25,1,4
"FluSight-trained_mean","53",0.545215989232094,0.544118151381115,0.00109494852080508,0.00108172199528312,0.26145332090069,0.260885936021202,0.00053564573584627,0.000529752660957801,1,1,4
"FluSight-trained_mean","54",0.624480591123596,0.622185684373672,0.000887996452083381,0.000881898858810841,0.542430794748258,0.53963082572236,0.00143433544505017,0.0014235597103014,0.75,1,4
"FluSight-trained_mean","55",0.748361285231919,0.745869455886558,0.00387492999039585,0.00382875527718948,0.78781352254906,0.784732229023582,0.00573682538069941,0.00567324321390375,0.25,0.75,4
"FluSight-trained_mean","56",1.37642387352954,1.37824936619097,0.0120812294664034,0.0119943789395845,1.14976164280502,1.14991181200792,0.0123358199871158,0.0122488286730517,0,0,4
"FluSight-trained_med","01",0.651874295215262,0.648926822679673,0.00229644079507962,0.00225124503177967,0.471618210079178,0.46849002100274,0.00323921598714727,0.00316436980359808,1,1,4
"FluSight-trained_med","02",1.04729374015218,1.04834720626869,0.0131423422191688,0.0129448154159824,0.955739049868889,0.957054642412845,0.0154200949509086,0.0152063256217057,0,0.25,4
"FluSight-trained_med","04",0.382778572044741,0.382368648114435,0.000782453633672903,0.000776412250389948,0.291444828303148,0.291122618987083,0.000811631386709437,0.000805743519022302,0.75,1,4
"FluSight-trained_med","05",0.613959963177414,0.611778178146304,0.00112770080568256,0.00111724986388295,0.505392716875729,0.503646621716042,0.00133451962814982,0.00132271859990253,0.75,1,4
"FluSight-trained_med","06",0.814733897333698,0.812898630967766,0.00107976273858327,0.00107181067248453,0.474015216022037,0.473685982147888,0.000827665701245041,0.000823498689437235,1,1,4
"FluSight-trained_med","08",0.720824013868471,0.722002868101294,0.00784562712195052,0.0076615369700275,1.00202653543989,1.00131798976481,0.0142270069915822,0.0138929943663251,0,1,4
"FluSight-trained_med","09",0.965305145302892,0.966130238389456,0.0183484446268122,0.0178673656461919,0.99252316950281,0.992818174755243,0.0222352335662139,0.021704304161591,0,0,4
"FluSight-trained_med","10",0.594744636265859,0.592577138777843,0.00268185357039748,0.0026489094597686,0.614656007068214,0.61197953958196,0.00432786305164383,0.00427411238452489,0.5,1,4
"FluSight-trained_med","11",0.854275647102024,0.855736676958536,0.00831975652968923,0.00815453885718515,1.09693837540312,1.09668539842731,0.0125207757367149,0.0122880642197782,0,0.75,4
"FluSight-trained_med","12",0.670434135572582,0.664904539618197,0.00340421606092562,0.00329550794055091,0.67828445571624,0.673229368152677,0.00512280440509286,0.00497825556988221,1,1,4
"FluSight-trained_med","13",0.752282447039056,0.750529441794295,0.00360334803071703,0.00355227970877071,0.967446546768497,0.963679252322648,0.00693910933457869,0.00684142379173239,0.25,1,4
"FluSight-trained_med","15",0.799408552625738,0.801292715348665,0.0105170817237216,0.0100882229642371,0.978867080591771,0.981180801553848,0.020075266152885,0.0192580142113335,0,1,4
"FluSight-trained_med","16",0.576349949669136,0.574730196614744,0.00201735160054038,0.00198518841758802,0.907167547711172,0.903425200137966,0.00365465130183155,0.00359543697787659,1,1,4
"FluSight-trained_med","17",0.774635213980222,0.772381406957636,0.00225519820124049,0.0022272976764459,1.01110040264026,1.00662876570528,0.00400139312561669,0.00395121815329869,0.5,1,4
"FluSight-trained_med","18",0.93533000866143,0.93199885751649,0.00371769041918387,0.00367333071148144,1.09671859656298,1.09222473916386,0.00628646983079244,0.00621569001755253,0,1,4
"FluSight-trained_med","19",0.645264542110188,0.64066907280227,0.001390032624459,0.00138097140278515,0.624648019508516,0.619525583263686,0.00235766169859184,0.002342458340179,0.25,1,4
"FluSight-trained_med","20",0.704347169950743,0.700745717142359,0.00107496171256955,0.00106806337333133,0.62941348994325,0.625841085094333,0.00186127778196235,0.00184794128175031,0.75,1,4
"FluSight-trained_med","21",0.69571709856791,0.69368126543639,0.00227796111293677,0.00225532893536027,0.761389768623868,0.758409929915684,0.00453681487183364,0.00449154033847685,0.25,1,4
"FluSight-trained_med","22",0.671084890101814,0.66905775117602,0.0049618268439471,0.0047943523049613,0.572528922228229,0.57059543601765,0.00476207220251096,0.00462011934052414,0.75,1,4
"FluSight-trained_med","23",0.80385036675518,0.80237202558869,0.00232210818993477,0.00230552897565977,0.869860725139557,0.867973410661163,0.00381263392780271,0.00378442557896444,0,1,4
"FluSight-trained_med","24",0.811506871902029,0.810761516875203,0.00756063496575367,0.00740335420032023,1.20712644809473,1.20527650158012,0.0129490169785637,0.0126901962558206,0,1,4
"FluSight-trained_med","25",0.779986814343086,0.779180781251347,0.0064411901962539,0.0063361028994209,0.821545049685423,0.820697339288829,0.0089396896547888,0.00880623727007589,0.25,0.5,4
"FluSight-trained_med","26",0.810803499069889,0.807183872762752,0.00467943365036953,0.00461626621806842,0.820650767561186,0.816381856203987,0.00717869512131209,0.00708711934911125,0,0.75,4
"FluSight-trained_med","27",0.891731327610786,0.890771141646779,0.0110889773962335,0.0108439282936116,0.972880600051546,0.970595477689825,0.0146151032926176,0.0143214756025632,0,0.5,4
"FluSight-trained_med","28",0.793720864059862,0.7901816260514,0.00333357604117426,0.00327098077804301,0.821158663241655,0.818873981186573,0.00537587509121498,0.00529275533605081,0.25,1,4
"FluSight-trained_med","29",NA,NA,0.00224853552436652,0.00223315232336928,NA,NA,0.00351165091747064,0.00348772743123079,0,0.5,2
"FluSight-trained_med","30",0.841271307711125,0.83790345249364,0.00345213377589335,0.00341203801012857,0.96563353754346,0.960898987123794,0.00569972761440993,0.00563636420438675,0.25,1,4
"FluSight-trained_med","31",0.6082691894288,0.60653237026792,0.00128507883605679,0.00127837425451846,0.614887680292584,0.612743649686644,0.00200040412683709,0.00199057673228587,0.25,0.75,4
"FluSight-trained_med","32",0.886285386963489,0.885814970359992,0.00150020652546636,0.00148575714177004,1.32873686282112,1.32731064800081,0.00311749991391797,0.00308647465183209,0.75,1,4
"FluSight-trained_med","33",0.600884658432743,0.598792216373115,0.00253664184579956,0.00251045577040079,0.613725627801922,0.610839701769509,0.00406544813788642,0.00402119038051457,0.25,1,4
"FluSight-trained_med","34",0.704316294355142,0.704340013958818,0.0123526532727539,0.0120318882145962,0.858558597222155,0.858103621333001,0.0187092710973988,0.0182682991139904,0,0.25,4
"FluSight-trained_med","35",0.702245930895865,0.700846153309951,0.00247555894043469,0.00243927115459635,0.816139508112475,0.813115063671455,0.00411183303967282,0.00405050524183421,0.5,1,4
"FluSight-trained_med","36",0.764277621448087,0.763928803907557,0.0174028861924533,0.0169086682660989,0.895302573449632,0.895181487935036,0.0231140056407495,0.0225065162682814,0,0.25,4
"FluSight-trained_med","37",0.57077718257182,0.569926972902308,0.00426062599444696,0.00412839235312331,0.520811565608715,0.517678899825579,0.00609016890000632,0.00586367165324347,1,1,4
"FluSight-trained_med","38",0.887028489401998,0.886454423833692,0.0056611251770226,0.00560291753136143,0.869379957459275,0.868466892243576,0.00754716836136393,0.00747953730746217,0.25,0.25,4
"FluSight-trained_med","39",0.824582199612051,0.822090235768147,0.00371927510301763,0.00367743982183977,0.840576509642493,0.83766505649645,0.00584872381557578,0.00578757811075211,0,0.75,4
"FluSight-trained_med","40",0.684101972183116,0.681637500099585,0.00076905714052624,0.000765653320526015,0.625370637746787,0.622729519408487,0.00108526480229803,0.00108038950895251,0.75,1,4
"FluSight-trained_med","41",0.45210456007665,0.451458824725678,0.000780762446782768,0.000775461925736283,0.267441445925036,0.266970087399788,0.000465640412760718,0.000462823271812049,1,1,4
"FluSight-trained_med","42",0.837512162070111,0.835708263064491,0.00304948054044224,0.00301742656635647,1.17872310018173,1.17503696392004,0.00536765668848604,0.00531356372888763,0,1,4
"FluSight-trained_med","44",0.733829110145889,0.733039842276717,0.0068247555142841,0.00671116277230768,0.802413367202008,0.801799984222522,0.0095150034013222,0.00936997235649846,0.25,0.5,4
"FluSight-trained_med","45",0.554988809705782,0.553416904486597,0.00277857701426826,0.002739439138006,0.601606012728427,0.598983725101989,0.00476451482174214,0.00469566594696453,0.25,1,4
"FluSight-trained_med","46",1.07241223089456,1.06788385472252,0.000695743035079425,0.000693620810310266,1.25399262813542,1.24799988668578,0.00119120233086367,0.00118768210975556,0.5,1,4
"FluSight-trained_med","47",0.641293033564824,0.638713839181481,0.00132156352500976,0.00130737919269409,0.423734788618104,0.421241120349466,0.00135217391828051,0.00133417750135516,1,1,4
"FluSight-trained_med","48",0.559190477917226,0.557862872732393,0.00401625809405847,0.00389877628852981,0.605166294774481,0.602815587484721,0.00620962104183675,0.00603625946905582,0.75,1,4
"FluSight-trained_med","49",0.562778505860568,0.561060828054441,0.00306231965027264,0.00301013579528593,0.811190114372197,0.807518103871218,0.0070824598637651,0.00695906563878464,0.75,1,4
"FluSight-trained_med","50",0.786919979651476,0.783930467794964,0.00148132104472861,0.00147121280109316,0.74514320190488,0.742166714021585,0.00210381280350542,0.00208867631732453,0.75,1,4
"FluSight-trained_med","51",0.640626887332595,0.638515618839239,0.00292165102041941,0.00287704496043802,0.758466910873595,0.755100558836712,0.0054556343546348,0.00537073275814365,0.25,1,4
"FluSight-trained_med","53",0.545215989232094,0.544118151381115,0.00109494852080508,0.00108172199528312,0.26145332090069,0.260885936021202,0.00053564573584627,0.000529752660957801,1,1,4
"FluSight-trained_med","54",0.624480591123596,0.622185684373672,0.000887996452083381,0.000881898858810841,0.542430794748258,0.53963082572236,0.00143433544505017,0.0014235597103014,0.75,1,4
"FluSight-trained_med","55",0.748361285231919,0.745869455886558,0.00387492999039585,0.00382875527718948,0.78781352254906,0.784732229023582,0.00573682538069941,0.00567324321390375,0.25,0.75,4
"FluSight-trained_med","56",1.37642387352954,1.37824936619097,0.0120812294664034,0.0119943789395845,1.14976164280502,1.14991181200792,0.0123358199871158,0.0122488286730517,0,0,4
"LosAlamos-DoSiDo","01",0.878886502809192,0.876003475521268,0.0114632153053384,0.0108882167992526,0.762942623184977,0.762475141404446,0.0141799688178686,0.013541931087356,0.638888888888889,0.907407407407407,108
"LosAlamos-DoSiDo","02",1.15627636026591,1.14828153639045,0.0136966493630747,0.0129468068734992,1.1883616807498,1.18493853297514,0.0191772074015107,0.0182736224877023,0.509259259259259,0.87037037037037,108
"LosAlamos-DoSiDo","04",0.905990201153274,0.904546114659469,0.00433093038856932,0.00422791162014837,0.83946247071464,0.839744648005756,0.0060959578054798,0.00596751206432792,0.574074074074074,0.888888888888889,108
"LosAlamos-DoSiDo","05",0.920705383497841,0.916137666620142,0.00833566110862947,0.00801097251878483,0.863354094597178,0.862222222698585,0.0112123717759163,0.010835481049781,0.611111111111111,0.935185185185185,108
"LosAlamos-DoSiDo","06",0.797125534388951,0.796600413031448,0.00363752810544135,0.00355616108260098,0.724248065762035,0.723946999922758,0.00520647619086129,0.00509475680561602,0.611111111111111,0.953703703703704,108
"LosAlamos-DoSiDo","08",1.25928672189963,1.24445158806142,0.0141914050189282,0.0133725754367652,1.636310398671,1.61550179350317,0.0235905244002822,0.0222682604859269,0.324074074074074,0.898148148148148,108
"LosAlamos-DoSiDo","09",1.20748367154008,1.19001053925219,0.0186891486645101,0.0174303730199837,1.48256174066096,1.4694876245803,0.0288606884852802,0.0272003483375889,0.388888888888889,0.824074074074074,108
"LosAlamos-DoSiDo","10",1.21685216110514,1.19883555022217,0.0125543151415567,0.0118337729205704,1.23423494153572,1.22386649653109,0.0178861419708093,0.017053134535514,0.435185185185185,0.888888888888889,108
"LosAlamos-DoSiDo","11",1.31927579262802,1.30109629943597,0.0141053352287308,0.0133575793853825,1.49231131520677,1.46926833841147,0.0214883368491313,0.0203672183475453,0.425925925925926,0.888888888888889,108
"LosAlamos-DoSiDo","12",1.8385367827582,1.77064500637074,0.0169277584220258,0.0155983676969822,1.79836295103537,1.72928082886926,0.023453761024021,0.02159403118682,0.509259259259259,0.861111111111111,108
"LosAlamos-DoSiDo","13",0.973620917620342,0.970557375706811,0.0100766230677547,0.00963268006059453,1.0920861509797,1.09207597603892,0.0147837083914741,0.0142224415011637,0.537037037037037,0.851851851851852,108
"LosAlamos-DoSiDo","15",1.5525820559654,1.5397727112554,0.0133432010778407,0.0125944898457545,1.99474884380466,1.98248571763463,0.0223430196837796,0.0211656006519503,0.453703703703704,0.888888888888889,108
"LosAlamos-DoSiDo","16",1.34569841937884,1.32905600217697,0.00947463147645084,0.0090214307992795,1.41793998917391,1.40495287688881,0.0141571722507281,0.0135681734898027,0.37962962962963,0.953703703703704,108
"LosAlamos-DoSiDo","17",1.16067688221199,1.15072536600626,0.0103456546662581,0.00984050098200147,1.31093882675126,1.2977529840131,0.0162355519960914,0.0154583317743463,0.583333333333333,0.953703703703704,108
"LosAlamos-DoSiDo","18",1.1611049030902,1.15083353535974,0.0109120097938687,0.0103960506695164,1.24426381946639,1.23540948496866,0.0170605468848084,0.0163288253103853,0.444444444444444,0.953703703703704,108
"LosAlamos-DoSiDo","19",1.21451829675724,1.20132686215308,0.010003052678556,0.00953998044135757,1.16447488927884,1.15268927939005,0.0141183789677821,0.0135205369254288,0.546296296296296,0.907407407407407,108
"LosAlamos-DoSiDo","20",1.04209053186125,1.03400914675479,0.00886222969367537,0.00849833745542608,0.955229858868974,0.950007254440496,0.011634980426803,0.011208861016735,0.574074074074074,0.861111111111111,108
"LosAlamos-DoSiDo","21",1.12582084974988,1.11935532814888,0.00951800790738873,0.00913370392351463,1.11382111265069,1.10952534100362,0.0142024335650191,0.013688170601064,0.583333333333333,0.925925925925926,108
"LosAlamos-DoSiDo","22",0.953746792427682,0.946953731153717,0.010078757687084,0.009527199730538,1.11049253843236,1.10183054345051,0.0164320824054345,0.015560332182574,0.675925925925926,0.953703703703704,108
"LosAlamos-DoSiDo","23",1.31588167576375,1.2953040491338,0.010658440227439,0.010092110713881,1.35224893023431,1.33694359645901,0.0151730990236887,0.0144877712584634,0.407407407407407,0.87962962962963,108
"LosAlamos-DoSiDo","24",1.20388293727883,1.19011029754371,0.0154579668127484,0.0145178202833174,1.47263640951712,1.45682276565079,0.0247449905135393,0.023311467696054,0.5,0.898148148148148,108
"LosAlamos-DoSiDo","25",1.21521403971948,1.20096982834282,0.0146705972737254,0.0138390083113231,1.41122165228247,1.39454717356312,0.0224433005092496,0.0212309431426455,0.435185185185185,0.87962962962963,108
"LosAlamos-DoSiDo","26",1.26128502474823,1.24458970947023,0.0109906103007937,0.0104174735953944,1.43157170771837,1.41342571558248,0.0175391839403657,0.0166840209017666,0.453703703703704,0.981481481481482,108
"LosAlamos-DoSiDo","27",1.31098317593233,1.28973941212418,0.0190227180535504,0.0176430102609324,1.55954344615977,1.52973584334652,0.0300845670882992,0.0278992705366466,0.435185185185185,0.824074074074074,108
"LosAlamos-DoSiDo","28",0.806565797660745,0.804888582772775,0.00610078296617795,0.00589811369719115,0.779444310181152,0.779098820356943,0.0086219575079218,0.00835698364392442,0.666666666666667,1,108
"LosAlamos-DoSiDo","30",1.21087401484065,1.19496968420408,0.00768630121405388,0.00734516804802529,1.22933394153975,1.21673140979229,0.0114172103842523,0.0109724118368832,0.472222222222222,1,108
"LosAlamos-DoSiDo","31",1.12051426259247,1.10990820206785,0.00618243261833146,0.00597245235691273,1.11154219998223,1.10362089073314,0.00936359376157036,0.00908130456835914,0.481481481481481,0.972222222222222,108
"LosAlamos-DoSiDo","32",1.06609276545186,1.06316847780846,0.00592720557798312,0.0057615720745835,1.06758523523016,1.06641408586521,0.00795272806353252,0.00775786091853669,0.518518518518518,0.87962962962963,108
"LosAlamos-DoSiDo","33",1.17149976737978,1.15505301788573,0.0127429785517925,0.0119903609009109,1.24641078682684,1.23287021552242,0.0183235479486356,0.017366061745811,0.388888888888889,0.851851851851852,108
"LosAlamos-DoSiDo","34",1.26068865777532,1.24656827781946,0.0171320962951004,0.0160933461521684,1.49325589245629,1.47385131671219,0.026371631262714,0.0247856358960527,0.462962962962963,0.796296296296296,108
"LosAlamos-DoSiDo","35",1.17322703975031,1.15997648266946,0.0136477042531664,0.0128280710012702,1.30117505837107,1.28736940175891,0.0205071679177319,0.0193612283029633,0.462962962962963,0.87962962962963,108
"LosAlamos-DoSiDo","36",1.33755913289695,1.31779980087633,0.0158037578690915,0.0148584446082789,1.66316011705595,1.64414751787561,0.0243128865758088,0.0229966581420379,0.425925925925926,0.842592592592593,108
"LosAlamos-DoSiDo","37",0.908460173288768,0.907847419515956,0.0174650487099467,0.0161774216638393,1.00049798160825,1.00215252547587,0.0248270443586029,0.023144885095304,0.574074074074074,0.861111111111111,108
"LosAlamos-DoSiDo","38",1.3183840727556,1.29893814539153,0.0138693441488738,0.0131212905150405,1.33428575782403,1.31977660490695,0.0200088802920754,0.019079020063463,0.444444444444444,0.814814814814815,108
"LosAlamos-DoSiDo","39",1.18832965052283,1.17632602424106,0.0112645387999209,0.0107126781818379,1.26279343355142,1.25179210929219,0.0171996219198735,0.0164297296379495,0.453703703703704,0.935185185185185,108
"LosAlamos-DoSiDo","40",0.870408842981634,0.867193553569773,0.00548422768455515,0.00533026165762487,0.761315658973216,0.761031864077585,0.00712921787770222,0.00696632480063877,0.574074074074074,0.907407407407407,108
"LosAlamos-DoSiDo","41",0.622941648148793,0.623040438362214,0.0046516858420139,0.0044950345891848,0.64375703565796,0.643028216508647,0.00711634992078879,0.0068780896833819,0.444444444444444,0.972222222222222,108
"LosAlamos-DoSiDo","42",1.23720244953519,1.22577896263139,0.00964421402002209,0.00923030826240634,1.38183764969395,1.36737455307842,0.0154414429218763,0.0147879710146865,0.425925925925926,0.87037037037037,108
"LosAlamos-DoSiDo","44",1.1949667854553,1.1793727111899,0.0131560625245667,0.0124572099808604,1.38702329805573,1.3758564342938,0.0194072158513347,0.0185490445002034,0.435185185185185,0.888888888888889,108
"LosAlamos-DoSiDo","45",0.998978867724221,0.995572633959581,0.01085797336309,0.0103440092203834,1.00707352730997,1.00975417188976,0.0149612529930282,0.014405882336101,0.592592592592593,0.907407407407407,108
"LosAlamos-DoSiDo","46",1.19111670976798,1.17607310966404,0.00714329887649115,0.0068478974220802,1.12079358361166,1.11240610630908,0.00947397000687452,0.00915823576911626,0.546296296296296,0.935185185185185,108
"LosAlamos-DoSiDo","47",0.968241625780267,0.964190750832076,0.00834850211664068,0.00801339454545605,0.880838695711541,0.878542966506493,0.0108006843154612,0.0104144065489071,0.62037037037037,0.935185185185185,108
"LosAlamos-DoSiDo","48",1.04843031924705,1.04419009128832,0.0099607998265673,0.00947172531894399,1.14063139903103,1.13961731916388,0.0148996095987493,0.0142536656626616,0.62962962962963,0.981481481481482,108
"LosAlamos-DoSiDo","49",1.28257245121812,1.2664840129152,0.0115824517473214,0.0109533099422224,1.45607241412723,1.43757662992873,0.017859504710863,0.01693171808018,0.425925925925926,0.842592592592593,108
"LosAlamos-DoSiDo","50",1.12572915781794,1.1056054865252,0.00876222148768508,0.008311671033732,1.22303291799529,1.20996937461357,0.0133553184175508,0.0128129887635311,0.527777777777778,0.972222222222222,108
"LosAlamos-DoSiDo","51",1.06088573520943,1.05518655580707,0.0112193714196129,0.0106465741315663,1.18078583611631,1.17572404836734,0.0175435178578325,0.0167252149753441,0.509259259259259,0.944444444444444,108
"LosAlamos-DoSiDo","53",0.978383796796951,0.976045892078671,0.00521590401496968,0.00506224185737576,1.01077993818388,1.00870167205746,0.00819021493396741,0.00795807608050959,0.398148148148148,0.944444444444444,108
"LosAlamos-DoSiDo","54",1.18883023510379,1.17926479016268,0.00724082209156292,0.00698587812997915,1.13786289882095,1.12829201369303,0.0105947717198985,0.0102375188770429,0.462962962962963,0.87962962962963,108
"LosAlamos-DoSiDo","55",1.21197843740853,1.19513175328339,0.0126642953610483,0.0119318696034794,1.32713760667022,1.31001145538188,0.0188229363757223,0.0178154955041313,0.407407407407407,0.87037037037037,108
"LosAlamos-DoSiDo","56",1.24361251417865,1.23463276523114,0.0119685132829285,0.0115732714507494,1.29229541709618,1.28133749741714,0.0171685211749641,0.0166246960011521,0.388888888888889,0.731481481481482,108
"LosAlamos-ThinMint","01",0.89660299668909,0.896190069042547,0.0112493015792699,0.0107076733163485,0.86707597144387,0.866783829921474,0.0161068386387822,0.0153623407441875,0.592592592592593,0.824074074074074,108
"LosAlamos-ThinMint","02",0.831456447644339,0.83296863449871,0.00937281649307433,0.00892589175234591,0.847799987427479,0.849951975593349,0.013177142423828,0.0125856269857981,0.518518518518518,0.842592592592593,108
"LosAlamos-ThinMint","04",0.914845205717701,0.914601712622346,0.00414536843890089,0.00405172021083719,0.84261513457622,0.84285898430923,0.00608156028981443,0.00594957315163039,0.62962962962963,0.898148148148148,108
"LosAlamos-ThinMint","05",0.946518809513096,0.943489617828294,0.00839998758570409,0.00808154799211592,0.934072074077387,0.932915507163432,0.0118385940334845,0.0114263996742443,0.555555555555556,0.861111111111111,108
"LosAlamos-ThinMint","06",0.802884394183995,0.802417018353179,0.00347884761898642,0.00340047919765987,0.751756319742302,0.751602656225165,0.00499336079189888,0.00488401458980544,0.638888888888889,0.907407407407407,108
"LosAlamos-ThinMint","08",0.706733345647124,0.709701657263402,0.00737277848284134,0.00708194434606746,0.839304079371929,0.841766681668901,0.0112649585566735,0.010830478993841,0.62037037037037,0.935185185185185,108
"LosAlamos-ThinMint","09",0.753635495792139,0.75563510063417,0.0114680125112255,0.0109206698703674,0.851954616948873,0.853928833595717,0.0162684672283095,0.0155301567171065,0.546296296296296,0.824074074074074,108
"LosAlamos-ThinMint","10",0.927542141101662,0.926329232010748,0.00892431807415625,0.0085454952958044,0.84238869715714,0.841673235768612,0.0118145529218863,0.0113466296415936,0.574074074074074,0.824074074074074,108
"LosAlamos-ThinMint","11",0.781258339309266,0.784142213003107,0.00771779867624869,0.00746072546255801,0.861089484692751,0.863579553416175,0.0115674577321545,0.0111973154277856,0.5,0.888888888888889,108
"LosAlamos-ThinMint","12",0.750162363959126,0.749540801616773,0.00545726238697421,0.00525369921794202,0.792121809132249,0.791297771059277,0.00835897623989835,0.00805228581127518,0.675925925925926,0.953703703703704,108
"LosAlamos-ThinMint","13",0.856356495347783,0.856063241612047,0.0088444250348692,0.00847434159017049,0.885134792359775,0.884975620772669,0.0121142404604497,0.0116355959274154,0.638888888888889,0.851851851851852,108
"LosAlamos-ThinMint","15",0.811650893322508,0.814877389620003,0.00652322023820367,0.00624679772013867,0.867673841016539,0.873317380703782,0.00939639655069584,0.0090302028602693,0.638888888888889,0.962962962962963,108
"LosAlamos-ThinMint","16",0.835273567757348,0.83548396278948,0.00541576493914147,0.00523447274271605,0.844138196197972,0.844185858309789,0.00806214559523661,0.007803497909357,0.648148148148148,0.925925925925926,108
"LosAlamos-ThinMint","17",0.949625527562574,0.949587416518639,0.00794913332485425,0.00763319045810836,0.908036599162987,0.907845309302538,0.0105569120790137,0.0101588245837936,0.685185185185185,0.842592592592593,108
"LosAlamos-ThinMint","18",0.938708546294677,0.937446576848123,0.00855063414878887,0.00821523545285669,0.879870757051514,0.878921088862422,0.0118789097703699,0.0114385350634987,0.611111111111111,0.851851851851852,108
"LosAlamos-ThinMint","19",1.02436935919182,1.01953555303239,0.00785481853594619,0.00754103146173465,0.822489872729705,0.818840164176486,0.0093871715254897,0.00903382292308118,0.666666666666667,0.824074074074074,108
"LosAlamos-ThinMint","20",0.920395638412224,0.916801322604973,0.00727872043122001,0.00700699887020639,0.811644606621937,0.809073684579043,0.0093316110090581,0.00900286298752886,0.657407407407407,0.842592592592593,108
"LosAlamos-ThinMint","21",0.983788909446723,0.982242678208629,0.00801889511906676,0.00772706003959705,0.903366612385926,0.902644701406035,0.0114096125791508,0.0110224345166372,0.462962962962963,0.833333333333333,108
"LosAlamos-ThinMint","22",0.786865081376366,0.788215839113779,0.00749530997428367,0.00715660690960889,0.860883469374293,0.861806579314427,0.0117503560007176,0.0112314429550745,0.648148148148148,0.935185185185185,108
"LosAlamos-ThinMint","23",0.957924665767867,0.958480259419812,0.00729847387357138,0.0070456522893294,0.957982129168927,0.958747309797645,0.010114140717704,0.00978996103174204,0.527777777777778,0.87962962962963,108
"LosAlamos-ThinMint","24",0.756319763519345,0.757477878091587,0.00931206119246941,0.00887844720885041,0.833537307219499,0.834768933141732,0.0134123583258284,0.012810063995215,0.611111111111111,0.861111111111111,108
"LosAlamos-ThinMint","25",0.84220537977856,0.843888449687177,0.00969655667889045,0.0092940687801761,0.875317335250468,0.877561781987393,0.0134379903551497,0.0129204855312291,0.518518518518518,0.824074074074074,108
"LosAlamos-ThinMint","26",0.870891660969181,0.870919140702048,0.00705463558917869,0.00679604055192362,0.837037928460318,0.836102379243174,0.0096789483316553,0.00933370246219517,0.648148148148148,0.851851851851852,108
"LosAlamos-ThinMint","27",0.798575867269351,0.800005804014741,0.0110392098680836,0.0104569415510395,0.799352517142266,0.799417124361031,0.0146949326859635,0.013939159391796,0.675925925925926,0.833333333333333,108
"LosAlamos-ThinMint","28",0.858364497493992,0.858008194850371,0.00634014685692288,0.00613804238126986,0.877569181144267,0.878496588050749,0.00967780276826872,0.00938902638908505,0.546296296296296,0.925925925925926,108
"LosAlamos-ThinMint","30",0.982101600282425,0.981679746185258,0.00564011015848553,0.00547485921197914,0.944374125329129,0.944084007847136,0.00834079644056034,0.00810878755464701,0.601851851851852,0.888888888888889,108
"LosAlamos-ThinMint","31",0.963887492690127,0.962044031147473,0.00492588703612023,0.0048009797517025,0.885016148283728,0.88323912874937,0.00719728291526877,0.00701864287044482,0.564814814814815,0.851851851851852,108
"LosAlamos-ThinMint","32",0.956842847828556,0.957809529244382,0.00497885409555738,0.00485926203618531,0.934198173425589,0.935508568785437,0.00653635884965546,0.00638829807123611,0.601851851851852,0.87962962962963,108
"LosAlamos-ThinMint","33",0.875228791285643,0.873841679025212,0.00899063024399457,0.00858152492791961,0.833640785893645,0.832135635726368,0.0117214783338709,0.0112146502502775,0.574074074074074,0.851851851851852,108
"LosAlamos-ThinMint","34",0.749699343103024,0.752272590257755,0.00975415982633175,0.00931954312809677,0.83764110844747,0.840320666436009,0.0139574928278864,0.0133662128238638,0.601851851851852,0.861111111111111,108
"LosAlamos-ThinMint","35",0.951470035813955,0.951688980371473,0.010417911698026,0.00992174997910923,0.892924097903105,0.892742350423838,0.0133040109785944,0.0126993142867569,0.712962962962963,0.824074074074074,108
"LosAlamos-ThinMint","36",0.710692640829852,0.712825608445563,0.00790841301280759,0.00759554404968235,0.864740544104445,0.86897855658283,0.011763467414216,0.0113366455128995,0.611111111111111,0.898148148148148,108
"LosAlamos-ThinMint","37",0.776159255730083,0.777193463577402,0.0134971027060683,0.0125293013881229,0.83639135780725,0.837375019350101,0.0185545449842098,0.0172718880884029,0.675925925925926,0.861111111111111,108
"LosAlamos-ThinMint","38",0.929464263024099,0.929720285621354,0.00941880366442861,0.00907484349921995,0.916354267670662,0.916120380422843,0.0132427429000133,0.0127834929454374,0.435185185185185,0.833333333333333,108
"LosAlamos-ThinMint","39",0.94297897075067,0.941929970495066,0.0086200514619046,0.00828203604345364,0.878254153704284,0.877323557223492,0.0116909174894828,0.0112572200519609,0.555555555555556,0.824074074074074,108
"LosAlamos-ThinMint","40",0.882611547638894,0.880613572499506,0.00523820562500091,0.00509869617869418,0.848120713086615,0.846268457570235,0.00750101902399698,0.00731091205123162,0.592592592592593,0.87037037037037,108
"LosAlamos-ThinMint","41",0.722139930485876,0.720474691380513,0.00537161470534579,0.00517196999994754,0.746043214823501,0.743898505059092,0.00814810442125854,0.00785385891226558,0.592592592592593,0.944444444444444,108
"LosAlamos-ThinMint","42",0.887380689381835,0.887129050565869,0.00638996891604774,0.00618281636798506,0.853769395894832,0.852954495263357,0.00882951579817295,0.00855418485070254,0.574074074074074,0.87037037037037,108
"LosAlamos-ThinMint","44",0.793833713716437,0.795866537053332,0.00858767973691432,0.00828232001969193,0.850238243551562,0.852840396891356,0.0118143748378456,0.0114238562428233,0.5,0.805555555555556,108
"LosAlamos-ThinMint","45",0.891436734763842,0.890935086659287,0.00937117071259791,0.00895146303228302,0.835416163666017,0.835068676948939,0.0124179926615687,0.0118917469051647,0.638888888888889,0.833333333333333,108
"LosAlamos-ThinMint","46",1.09880800806413,1.09694908730061,0.00619099555354386,0.0060093898711447,0.968753578982408,0.967855256853004,0.0076187559335847,0.00741586406029664,0.601851851851852,0.833333333333333,108
"LosAlamos-ThinMint","47",0.979311572698015,0.978485106957858,0.00814071044914254,0.00783845804340783,0.919177570791451,0.918647277687503,0.0108931563326238,0.0105132070531473,0.611111111111111,0.842592592592593,108
"LosAlamos-ThinMint","48",0.810854712738579,0.811316077215943,0.00720157666714976,0.00687986444505023,0.871980187822028,0.871774666693884,0.011029532726071,0.0105468760023476,0.685185185185185,0.944444444444444,108
"LosAlamos-ThinMint","49",0.781067238917713,0.781446867687128,0.00676254769850267,0.00648615231518762,0.845922287116993,0.845904321958233,0.0100288911584345,0.00963608119055892,0.62962962962963,0.916666666666667,108
"LosAlamos-ThinMint","50",0.978100040529106,0.977544988371334,0.00735077688968892,0.00712216005980492,1.0551496697027,1.05571153397859,0.0111192404135374,0.0108095851765267,0.444444444444444,0.916666666666667,108
"LosAlamos-ThinMint","51",0.872869638554065,0.872144686148355,0.00864107169997554,0.00824250389284837,0.85774770275233,0.856660305450045,0.0119933527622135,0.0114642145092951,0.574074074074074,0.87962962962963,108
"LosAlamos-ThinMint","53",0.877708550806624,0.877592575861164,0.00425665768168496,0.00414078684979776,0.870677162479129,0.870442647564217,0.00670930021514282,0.00652885849557566,0.527777777777778,0.953703703703704,108
"LosAlamos-ThinMint","54",1.08501478416194,1.0838647506596,0.00598412471242481,0.00581780170040603,0.947303696717795,0.946992067048554,0.00815217537832899,0.00794354329672081,0.537037037037037,0.833333333333333,108
"LosAlamos-ThinMint","55",0.929284729295377,0.928647381266633,0.00898510878647134,0.00859999228710231,0.853659690104787,0.851454629291182,0.0112242135411624,0.0107502033484388,0.62037037037037,0.824074074074074,108
"LosAlamos-ThinMint","56",0.949758021546569,0.949710365201144,0.010209097571101,0.00995642418871297,1.00938167725902,1.0100363048939,0.0127862914711041,0.0125154711519301,0.527777777777778,0.777777777777778,108
"MOBS-EpyStrain_Flu","01",1.07199929502676,1.07240897158155,0.0121129657096272,0.0116018337312358,0.998870407324751,0.998919120105103,0.0160081485080567,0.0153633989987991,0.28169014084507,0.647887323943662,71
"MOBS-EpyStrain_Flu","02",1.00540521935892,1.00897664246744,0.0066460843339814,0.00641133227383898,1.11621122261085,1.12849030399785,0.0100456580968491,0.00979893652436981,0.12,0.84,75
"MOBS-EpyStrain_Flu","04",1.31985071466417,1.31978402600621,0.00596892710193582,0.00584160957818056,1.28404478558317,1.28464502106141,0.00929272572296086,0.00910386711028531,0.12,0.746666666666667,75
"MOBS-EpyStrain_Flu","05",0.967560999037372,0.964067060935531,0.00726608225014383,0.00701476996413369,0.94123189720821,0.937575614308119,0.0106143673391767,0.0102570192112545,0.413333333333333,0.893333333333333,75
"MOBS-EpyStrain_Flu","06",1.14031653362834,1.14129475186567,0.00425653888463861,0.00416597517858217,0.998118523412942,0.999803366074189,0.00613195518602891,0.0060066560726781,0.28,0.693333333333333,75
"MOBS-EpyStrain_Flu","08",0.930716049924426,0.938942939727911,0.00678859609606454,0.00661716431726434,1.15028617876991,1.15932055294061,0.0102324331353047,0.00998494955019914,0.186666666666667,0.786666666666667,75
"MOBS-EpyStrain_Flu","09",0.897761718686183,0.904116623918149,0.00858997127934512,0.0083383979309687,1.0100972985626,1.01454892315239,0.01234956644245,0.0119858138690596,0.346666666666667,0.72,75
"MOBS-EpyStrain_Flu","10",1.07673918438985,1.07453161719298,0.00806590091842553,0.00780436654718131,1.19114223391005,1.18730666964276,0.012358480155205,0.011975573620135,0.506666666666667,0.866666666666667,75
"MOBS-EpyStrain_Flu","11",0.698305000070902,0.70547091417941,0.00454152315659978,0.00445863230024475,0.801622413439299,0.808592607727103,0.00678192150251884,0.00666110533492536,0.24,0.773333333333333,75
"MOBS-EpyStrain_Flu","12",0.912594032312785,0.914421380283935,0.00651923065935166,0.00631878246196377,0.961827585735646,0.965080525190184,0.00952001145505902,0.00924432442370036,0.28,0.693333333333333,75
"MOBS-EpyStrain_Flu","13",0.981140102537863,0.98404087459685,0.00602661131379004,0.00586293626849608,1.07759957737621,1.07997923258931,0.00844963055483634,0.00823937996714298,0.346666666666667,0.76,75
"MOBS-EpyStrain_Flu","15",2.29541463140283,2.30960243254804,0.014079979450489,0.0137118626134875,2.51279879248736,2.52552642963737,0.0197045069264455,0.0191674345464503,0.0666666666666667,0.28,75
"MOBS-EpyStrain_Flu","16",1.04566433263361,1.04673768048878,0.00570122176350681,0.00556012593688616,1.20614398864738,1.20691031657085,0.00915005955986335,0.00893703848007773,0.2,0.92,75
"MOBS-EpyStrain_Flu","17",1.14659404046836,1.14932789704532,0.00674307784156139,0.00655522180243554,1.34860829081157,1.34926641653757,0.0105790540790652,0.0102930573174075,0.346666666666667,0.786666666666667,75
"MOBS-EpyStrain_Flu","18",1.13504469304428,1.13305002880153,0.00776315628006604,0.00752753416848847,1.14418342847542,1.14167487112935,0.0112734407627111,0.0109468037478039,0.373333333333333,0.786666666666667,75
"MOBS-EpyStrain_Flu","19",1.25080101199245,1.23811395812566,0.00683673288441828,0.006568189542335,1.45726550737399,1.44189624712912,0.0111630613541752,0.0107500687554227,0.52,0.92,75
"MOBS-EpyStrain_Flu","20",0.959239886701615,0.952333873977129,0.00581357906346673,0.00559918537962576,1.03661803646303,1.02927917623163,0.00895055332128777,0.00863899078428035,0.573333333333333,0.946666666666667,75
"MOBS-EpyStrain_Flu","21",1.03152918677044,1.02904091788693,0.00738778008892937,0.00716571606124734,0.985649890179377,0.98219373907702,0.0102469871939531,0.00994784239811245,0.56,0.773333333333333,75
"MOBS-EpyStrain_Flu","22",0.902756843331323,0.908065107050494,0.00693188710957092,0.00671433986742581,0.878030822192826,0.882522698331373,0.00970685004020398,0.00940676150962189,0.346666666666667,0.693333333333333,75
"MOBS-EpyStrain_Flu","23",1.26959152177159,1.26567732969001,0.00692238250682218,0.00670910766592374,1.4937770503045,1.48783244816325,0.0114255384193368,0.0110893978553335,0.213333333333333,0.813333333333333,75
"MOBS-EpyStrain_Flu","24",0.724048825011573,0.730864444804633,0.00556602850507764,0.00541633379825022,0.870611492638644,0.875193216642821,0.00841807025987934,0.00817446930108725,0.2,0.693333333333333,75
"MOBS-EpyStrain_Flu","25",0.877264527173249,0.881171041119983,0.00685593540918315,0.00666183160900259,1.02080720877408,1.02264981446027,0.0105482711932774,0.0102499509839172,0.32,0.72,75
"MOBS-EpyStrain_Flu","26",1.1167697404881,1.11638430392192,0.00608069038909514,0.00590745477879552,1.28658938768165,1.28463657673266,0.00958594801893852,0.00932055843909483,0.186666666666667,0.786666666666667,75
"MOBS-EpyStrain_Flu","27",0.883753199908408,0.894561082157504,0.00775017251123674,0.00750977050886869,1.05093656791756,1.06049664466884,0.0117570787294263,0.0113924331626685,0.173333333333333,0.76,75
"MOBS-EpyStrain_Flu","28",1.06349427698885,1.06415292616705,0.00661968903048327,0.00642917432725403,1.09405421350063,1.09573826174835,0.00980075009657868,0.00953052001624742,0.266666666666667,0.84,75
"MOBS-EpyStrain_Flu","30",1.15296680240714,1.14711641433787,0.00517671146269397,0.00502478921529005,1.32581482045359,1.32075895554021,0.00868769716493994,0.00845679711220748,0.293333333333333,0.96,75
"MOBS-EpyStrain_Flu","31",1.06996942708726,1.06105796948093,0.0048131162075852,0.00466211526750937,1.18685855774955,1.17842340946496,0.00811007087714217,0.00787112334841935,0.533333333333333,0.96,75
"MOBS-EpyStrain_Flu","32",1.72273578713439,1.72716744998829,0.00623398083467473,0.00613153787056647,2.02618937116512,2.0290256710539,0.00951060615852813,0.00935892311799728,0.0533333333333333,0.52,75
"MOBS-EpyStrain_Flu","33",0.966693187656293,0.96655792271987,0.00660738873772025,0.006383473703345,1.19881023577892,1.19740535278704,0.0109278925656184,0.010576368550344,0.32,0.88,75
"MOBS-EpyStrain_Flu","34",0.853303979557101,0.858275780518863,0.00723863918059554,0.00701837866305654,0.970377812687776,0.974895279210705,0.0104557537245716,0.0101379727861299,0.306666666666667,0.8,75
"MOBS-EpyStrain_Flu","35",1.1246317201339,1.12923639639364,0.00902738408261912,0.008735662771207,1.35111726147525,1.35571502705149,0.013944578473233,0.0135370754578606,0.12,0.866666666666667,75
"MOBS-EpyStrain_Flu","36",0.829793081064787,0.828778569850673,0.0051448021640258,0.00496746963330595,0.980168675060856,0.977330678015965,0.00754100622107879,0.00727565988870567,0.226666666666667,0.76,75
"MOBS-EpyStrain_Flu","37",0.911351981850958,0.932200656229765,0.00958633395350764,0.00926334380435127,1.01544116098149,1.03502467723485,0.0135594325956738,0.0131114149978237,0.106666666666667,0.573333333333333,75
"MOBS-EpyStrain_Flu","38",1.07632319259476,1.07651132315701,0.00842597178548929,0.00816531481854615,1.2392214670434,1.23831980107225,0.0137682760999209,0.0133654023088873,0.28,0.853333333333333,75
"MOBS-EpyStrain_Flu","39",1.05073840947329,1.0490908084137,0.00734681283925485,0.00711907161542789,1.09130798076965,1.08910804355622,0.0106728738629893,0.0103623329351099,0.4,0.786666666666667,75
"MOBS-EpyStrain_Flu","40",0.978162568522272,0.973835873856544,0.00459578022922902,0.0044675587010686,0.975854944367881,0.970723977777292,0.00702420637888404,0.00683151321081911,0.56,0.88,75
"MOBS-EpyStrain_Flu","41",0.581373635366115,0.58191879113695,0.0045050746410371,0.00433933100177652,0.536820958228189,0.537733389909522,0.0067232038753513,0.00648928826369674,0.44,0.96,75
"MOBS-EpyStrain_Flu","42",1.02271565204411,1.01835234312751,0.00580405066557333,0.00563853599882358,1.1848886740021,1.17739237224592,0.00914930176174064,0.00888418596307503,0.453333333333333,0.813333333333333,75
"MOBS-EpyStrain_Flu","44",0.730388572034195,0.732417012087052,0.0052315666877841,0.00509351201590226,0.89624080174148,0.898035988978773,0.00821091881805926,0.0080066792201895,0.266666666666667,0.853333333333333,75
"MOBS-EpyStrain_Flu","45",0.905070820350437,0.908323666324724,0.00643359425080278,0.00623924392953708,1.03757719125029,1.04032487993262,0.00956446429663664,0.00929622579085603,0.36,0.826666666666667,75
"MOBS-EpyStrain_Flu","46",1.63230216525256,1.6124984355377,0.00685891295710855,0.00659550457371003,2.02968845481437,2.00737354885625,0.0120150201689905,0.0115931019101212,0.213333333333333,0.973333333333333,75
"MOBS-EpyStrain_Flu","47",1.10933230640691,1.10861701604561,0.00682314626563873,0.00663241331372012,1.09817743749337,1.09665878602395,0.0101579742296391,0.00989692406745478,0.306666666666667,0.826666666666667,75
"MOBS-EpyStrain_Flu","48",1.0700479240106,1.07923075711257,0.00654893290263836,0.00637777591853769,1.17235977148354,1.17990292456535,0.00986209406220069,0.0096027354684802,0.146666666666667,0.64,75
"MOBS-EpyStrain_Flu","49",1.00066182766865,1.00009666405633,0.00564227710678185,0.00545753230636494,1.1773994834345,1.17790433041474,0.00825156601332828,0.00801120259090766,0.293333333333333,0.706666666666667,75
"MOBS-EpyStrain_Flu","50",1.18321565515462,1.17239202524877,0.007123265374164,0.00687060002078082,1.27287254661004,1.26215043304789,0.0111409630769345,0.01077458080483,0.373333333333333,0.92,75
"MOBS-EpyStrain_Flu","51",0.830074749277933,0.831355799444621,0.00594993163866247,0.00576592084911793,0.944235389080442,0.943186864916591,0.00913972406241838,0.0088570250062493,0.426666666666667,0.8,75
"MOBS-EpyStrain_Flu","53",1.06230344823818,1.06650902577116,0.00546202189485463,0.00533960053688515,0.907416821326269,0.911593941222818,0.00838786608808691,0.00820948190420617,0.173333333333333,0.786666666666667,75
"MOBS-EpyStrain_Flu","54",1.17424717323207,1.16727046312947,0.00604325888725771,0.00587178063989652,1.30300095919749,1.29461314742948,0.0100639516264825,0.00979115232409554,0.413333333333333,0.92,75
"MOBS-EpyStrain_Flu","55",1.03099568105194,1.03073171768722,0.00721669544206555,0.00697773612633831,1.2033579220671,1.20205561055951,0.0112316861334295,0.0108814859079136,0.453333333333333,0.853333333333333,75
"MOBS-EpyStrain_Flu","56",2.34694728656715,2.36077581590325,0.00541548090000121,0.00536248350701809,2.46749901145466,2.48023391726218,0.00891243105118855,0.00883121783065562,0.0447761194029851,0.895522388059702,67
"MetroCast-ensemble","08",0.568456269423457,0.568503652218557,0.00644108722249345,0.00616092492075539,0.689033033771095,0.688103145462699,0.00976702997311524,0.00935310320631449,0.528846153846154,0.903846153846154,104
"MetroCast-ensemble","13",0.684901343813451,0.683188205094806,0.00744631654020408,0.00711599907965473,0.75957203959908,0.757054073675325,0.0105959177635534,0.0101422621031796,0.615384615384615,0.903846153846154,104
"MetroCast-ensemble","18",0.707429499336266,0.704591846233929,0.00704884384391146,0.0067504413890204,0.678781355750254,0.675601527731654,0.0103791177778852,0.00995421702009893,0.586538461538462,0.923076923076923,104
"MetroCast-ensemble","23",0.704040360073813,0.702621434052717,0.00578137590161928,0.00555879733470201,0.70152013650398,0.700053027114381,0.00844738784481673,0.00814397930893896,0.634615384615385,0.932692307692308,104
"MetroCast-ensemble","24",0.627544077427242,0.626160396074817,0.00808740462977038,0.00767684585173194,0.76621897748174,0.765107963527445,0.0124152579756011,0.0118181383481408,0.519230769230769,0.894230769230769,104
"MetroCast-ensemble","25",0.644754915823246,0.643354242598784,0.00780329009723426,0.00744103745317685,0.737268872539691,0.736003195632535,0.0116806123831693,0.0111750718178643,0.490384615384615,0.884615384615385,104
"MetroCast-ensemble","27",0.637320437191357,0.634642237720193,0.00905772363399774,0.00851663634325319,0.72136906767822,0.717100151725959,0.0134148040338363,0.012632613722073,0.663461538461538,0.903846153846154,104
"MetroCast-ensemble","37",0.635047451048719,0.631116754060225,0.0132028533391458,0.0121593683268335,0.684484977543725,0.679606493889517,0.0180053334539901,0.0166305076997985,0.480769230769231,0.846153846153846,104
"MetroCast-ensemble","41",0.556013039564926,0.555053705387739,0.00478723117019539,0.00459402590375306,0.482690368255018,0.482240466752653,0.00670735159530212,0.00645146622331165,0.710526315789474,0.921052631578947,76
"MetroCast-ensemble","45",0.665334695171389,0.663228621021939,0.00739482372473442,0.0070385005308747,0.700372731263803,0.697497466391265,0.0108024339264029,0.010299827729032,0.663461538461538,0.923076923076923,104
"MetroCast-ensemble","48",0.650854252131788,0.648561484288711,0.00627315866703284,0.00596520097590151,0.707409520336201,0.704542791128729,0.00946256313099495,0.00900872928546927,0.653846153846154,0.923076923076923,104
"MetroCast-ensemble","49",0.560004980761029,0.558082380155781,0.00524310748358476,0.00500396919938452,0.621909608011266,0.61919154525761,0.00798697730699828,0.00763296435455554,0.653846153846154,0.942307692307692,104
"MetroCast-ensemble","51",0.687085957953125,0.68515254347145,0.0071857699988062,0.00683501149640563,0.741121230499513,0.738822110733254,0.0106274784654117,0.0101338139460234,0.586538461538462,0.932692307692308,104
"NAU-vulPES","01",0.714762181343296,0.710791838068472,0.0107543258468039,0.0101858145218822,0.676551122095719,0.672510258323314,0.0150148583147551,0.0142455572154816,0.509259259259259,0.777777777777778,108
"NAU-vulPES","02",0.815341099523639,0.813564478852703,0.00948165583342968,0.0089890993268652,0.807583292169414,0.805648723899364,0.0127515281240072,0.0121136572329016,0.425925925925926,0.814814814814815,108
"NAU-vulPES","04",0.684871311042878,0.683260308142015,0.00400928476075238,0.00390748582560665,0.639703395503512,0.63827150797302,0.00602510125496226,0.00587342677544627,0.518518518518518,0.87037037037037,108
"NAU-vulPES","05",0.733050828291055,0.730398857630987,0.00741697435671817,0.00713166468417752,0.708076472199886,0.705723368905521,0.0105406129798962,0.0101451220129221,0.462962962962963,0.796296296296296,108
"NAU-vulPES","06",0.641996997648987,0.640302173271284,0.00295771275760143,0.00288274254386635,0.656836770658559,0.655133889047,0.00470519265117747,0.00458620488147487,0.601851851851852,0.972222222222222,108
"NAU-vulPES","08",0.590553592619114,0.590208544634482,0.00693102870810523,0.00662267373128772,0.729094468309677,0.727188345520896,0.0106066620967228,0.0101363521082408,0.351851851851852,0.898148148148148,108
"NAU-vulPES","09",0.739172986504915,0.739119140409643,0.0116263146162742,0.0110419284560684,0.83419702787301,0.833042692913255,0.016419394505916,0.0156112515116677,0.231481481481481,0.694444444444444,108
"NAU-vulPES","10",0.72289046059988,0.720592164553377,0.00770097232530977,0.00736019476969737,0.73138381917257,0.728938044430142,0.0110069252095263,0.0105443364888706,0.37037037037037,0.851851851851852,108
"NAU-vulPES","11",0.659734695119159,0.659695558138068,0.00705257752649959,0.00679227351216946,0.738362508264167,0.737133312180451,0.0102186291999338,0.00984605728330756,0.398148148148148,0.75,108
"NAU-vulPES","12",0.570350617732124,0.567246231789552,0.00483143506849557,0.00463310634482681,0.627626703181501,0.623854838386357,0.00762036133801635,0.00730548141788893,0.592592592592593,0.953703703703704,108
"NAU-vulPES","13",0.699695704474197,0.696418943150476,0.00811195010657985,0.00773598241464744,0.746478860168638,0.742305733728717,0.0109832082063403,0.0104866333959255,0.5,0.833333333333333,108
"NAU-vulPES","15",0.626274645210156,0.627727967071738,0.00547786431828488,0.00523591631317845,0.745165053815685,0.74709740400292,0.00841607222629939,0.00805398333191163,0.574074074074074,0.944444444444444,108
"NAU-vulPES","16",0.602972964442817,0.600198693429758,0.00473020952053739,0.0045456923668188,0.641725111617364,0.638167286556489,0.00701644556834078,0.00674591343762099,0.555555555555556,0.916666666666667,108
"NAU-vulPES","17",0.718196906326743,0.715006811980062,0.00688127502800779,0.00657548265340111,0.737190113928999,0.733604849021722,0.00938016526838376,0.00898122553291615,0.518518518518518,0.842592592592593,108
"NAU-vulPES","18",0.780754767434706,0.777940841943831,0.00767783084420075,0.0073577467101911,0.78222096700463,0.779477618701065,0.0110193746095132,0.0105819999921569,0.305555555555556,0.796296296296296,108
"NAU-vulPES","19",0.649243941348889,0.645899398843718,0.00534312382103129,0.00512656308911401,0.573864524936163,0.57061882250681,0.00656381007983395,0.0063108059235759,0.564814814814815,0.759259259259259,108
"NAU-vulPES","20",0.653936639387384,0.650851497027409,0.00579466488884705,0.00557263061393579,0.632710937026612,0.629554314416936,0.00809522307401877,0.00779368964336901,0.5,0.898148148148148,108
"NAU-vulPES","21",0.751068365853293,0.748623383730637,0.00691685245146066,0.00665273687602642,0.734978663881534,0.732654835085594,0.010044723320444,0.00967868079672253,0.37037037037037,0.787037037037037,108
"NAU-vulPES","22",0.581202954904356,0.578308974368014,0.00676231297021485,0.00641658381289677,0.602615976084277,0.599406379475991,0.0102417273635541,0.0097194204808726,0.564814814814815,0.898148148148148,108
"NAU-vulPES","23",0.7768145214769,0.775476113822862,0.00635559297119848,0.00611781589147787,0.801016227972374,0.79974119930105,0.00891191943747227,0.00860177602513336,0.37962962962963,0.87037037037037,108
"NAU-vulPES","24",0.682995291182678,0.681178513294654,0.00908923472601755,0.0086270492195597,0.778614077358002,0.776717426301691,0.0130817928566754,0.0124384539156176,0.324074074074074,0.796296296296296,108
"NAU-vulPES","25",0.780760012422909,0.779701487211761,0.00948577730161826,0.00906035391990212,0.838688548842357,0.837886758691015,0.0133296940998459,0.0127669258601551,0.240740740740741,0.722222222222222,108
"NAU-vulPES","26",0.686384213019459,0.683153518079509,0.00597119818012313,0.00572062112783079,0.706663188510473,0.702951360387201,0.00854789579380759,0.00820138875264317,0.537037037037037,0.842592592592593,108
"NAU-vulPES","27",0.717074331440585,0.714320092054824,0.0103065917440396,0.0097064002047515,0.76375118526615,0.760690520081658,0.0143808403797726,0.0135788538367235,0.351851851851852,0.787037037037037,108
"NAU-vulPES","28",0.837079443192425,0.834133304999625,0.0065223122852691,0.00629643965374359,0.843650233285638,0.840984577105103,0.0097292939347517,0.00939560216118823,0.481481481481481,0.851851851851852,108
"NAU-vulPES","30",0.709504184398974,0.70699583820613,0.00428814485005684,0.00414804455661743,0.704126081292013,0.701355453021443,0.00635125434946456,0.00615070120609455,0.527777777777778,0.888888888888889,108
"NAU-vulPES","31",0.70453382731528,0.701896798837302,0.00395072192692066,0.00384129388105295,0.680186165803404,0.677157587333654,0.00587430206324834,0.00571103834865259,0.527777777777778,0.87962962962963,108
"NAU-vulPES","32",0.7807670780259,0.778892747566043,0.00463141020943158,0.00449878027855255,0.856848554189331,0.854615803659359,0.00660463696267469,0.00642017474559816,0.462962962962963,0.833333333333333,108
"NAU-vulPES","33",0.668559407939718,0.665495647949535,0.00757836537424475,0.00720988412434453,0.696788658685405,0.693271060247209,0.010441070832625,0.00995350496693588,0.5,0.842592592592593,108
"NAU-vulPES","34",0.676869109880086,0.676087153355208,0.00947220131172962,0.00900753330857247,0.791951583954988,0.790020895979509,0.0139314619795024,0.0132585473500427,0.314814814814815,0.759259259259259,108
"NAU-vulPES","35",0.759708193192911,0.756514848335067,0.00927605632827364,0.00879225688943901,0.768751521612556,0.765320678106998,0.0123530754506527,0.0117404239211931,0.462962962962963,0.833333333333333,108
"NAU-vulPES","36",0.615170227272859,0.615659919885162,0.00727832227616016,0.00697415503022656,0.759416602332292,0.758866907769432,0.0108479780061835,0.0103905527072668,0.351851851851852,0.833333333333333,108
"NAU-vulPES","37",0.633592067846721,0.62809397400178,0.0131370636540444,0.0120725589278546,0.662299229202939,0.655975822297267,0.0174270974061217,0.0160557914197102,0.583333333333333,0.814814814814815,108
"NAU-vulPES","38",0.855899221868522,0.855224168895907,0.00892493657490307,0.00858901193217771,0.809770663259234,0.808652490175837,0.0120087839306571,0.0115771394207269,0.305555555555556,0.62962962962963,108
"NAU-vulPES","39",0.762197018232713,0.759396481975231,0.00740858876771868,0.00709776526922421,0.763149235272964,0.760419680512919,0.0105124355653749,0.0100945581363897,0.333333333333333,0.787037037037037,108
"NAU-vulPES","40",0.680818610036064,0.678679788053919,0.0043155802544564,0.00419491728115362,0.640395811830655,0.638205602802514,0.00617128808206235,0.00600204508383295,0.611111111111111,0.824074074074074,108
"NAU-vulPES","41",0.537090547264375,0.535023773938927,0.00454021812869619,0.00436165243395044,0.501619718291887,0.499856553245587,0.0067708841827415,0.0065167325157553,0.583333333333333,0.907407407407407,108
"NAU-vulPES","42",0.700141896421247,0.698129256465178,0.0056020294421366,0.00540329459461261,0.756092615942174,0.753794323062219,0.00841705547099936,0.00813230596176978,0.37037037037037,0.87037037037037,108
"NAU-vulPES","44",0.748535721688825,0.747595759466533,0.00842096178003491,0.00808875831146913,0.820159723100615,0.819405610847789,0.0117169804640581,0.011279914815601,0.314814814814815,0.740740740740741,108
"NAU-vulPES","45",0.6879617729835,0.684517059388601,0.00804519086743727,0.00764568367484584,0.701269717022194,0.697441014382813,0.0109147653560081,0.0103931669256704,0.537037037037037,0.842592592592593,108
"NAU-vulPES","46",0.77676419364161,0.775628375227301,0.00441055951686345,0.00428076661334189,0.738159194397143,0.736625277382771,0.00572186627431761,0.00556185895796977,0.62037037037037,0.898148148148148,108
"NAU-vulPES","47",0.687327425346419,0.684097979328968,0.00670039524458902,0.0064240450465126,0.64653516646138,0.643219853117739,0.00914317834348392,0.00878154560209502,0.555555555555556,0.824074074074074,108
"NAU-vulPES","48",0.607875543006581,0.604749434530192,0.00641172367843791,0.006088520019651,0.63426783235559,0.630789382852857,0.00937658123105281,0.0089061592229895,0.564814814814815,0.87037037037037,108
"NAU-vulPES","49",0.593536238564747,0.590002758600287,0.00598325929994824,0.00569731217579946,0.634907251797165,0.630306200157842,0.00846640226979037,0.00806913161562653,0.703703703703704,0.87037037037037,108
"NAU-vulPES","50",0.759463401078041,0.756942194227111,0.00584828355674688,0.00564709953710259,0.764021408140489,0.761625903413778,0.00820477928089731,0.00794204496787666,0.37037037037037,0.814814814814815,108
"NAU-vulPES","51",0.658792568415699,0.655617024234538,0.00731228214569097,0.00694528987284777,0.701934158315606,0.698371393223219,0.0106562502780966,0.0101466289566941,0.435185185185185,0.87037037037037,108
"NAU-vulPES","53",0.569095348890378,0.567878029238255,0.00318783383658448,0.00309488875738085,0.519285351159351,0.518077988996003,0.00514728415680125,0.00499755970403652,0.583333333333333,0.990740740740741,108
"NAU-vulPES","54",0.692755924186494,0.690730353869244,0.00436593807317454,0.00423503140221986,0.67014347174895,0.667994098144461,0.0063909503640344,0.00620801157014074,0.490740740740741,0.925925925925926,108
"NAU-vulPES","55",0.73574068804525,0.733091655933573,0.00764790123286269,0.00729765023890753,0.749636475960955,0.74645605598856,0.0104579493018135,0.0099992969765069,0.444444444444444,0.814814814814815,108
"NAU-vulPES","56",1.11364581183708,1.11592190611773,0.011798842704835,0.011536205709408,0.986295780967701,0.986427387836939,0.0128174586239531,0.0125388692395647,0.37037037037037,0.694444444444444,108
"NEU_ISI-FluBcast","01",0.948594214258108,0.940065017883029,0.0120066117801212,0.0113346195923627,0.844119330566095,0.835139018846033,0.0153688517764323,0.0145028039641365,0.261904761904762,0.678571428571429,84
"NEU_ISI-FluBcast","02",0.628542632935819,0.62753776777199,0.00282778624798104,0.00274802329839874,0.69085916561477,0.688405956951951,0.00439713587385834,0.00427246071961656,0.513157894736842,0.973684210526316,76
"NEU_ISI-FluBcast","04",1.34930896918066,1.34318566630544,0.00689775054688416,0.00669852540986869,1.1797851441713,1.17328022095582,0.00967454292096106,0.00938794885201589,0.107142857142857,0.428571428571429,84
"NEU_ISI-FluBcast","05",1.0447492036215,1.0362439014955,0.00884977378019825,0.00845188958466782,1.01208110969124,1.00203419640515,0.0128849104357259,0.012286344504548,0.1125,0.575,80
"NEU_ISI-FluBcast","06",0.951439603244464,0.947780878270331,0.0044481507725485,0.00431588856043718,0.836120785726991,0.833165566022084,0.00652428675159502,0.00633300929262186,0.131578947368421,0.513157894736842,76
"NEU_ISI-FluBcast","08",0.965784853557439,0.968059249717402,0.00889798865648163,0.00857552758735371,1.15419553533852,1.15077246088462,0.0131586953197181,0.012638039750601,0.368421052631579,0.605263157894737,76
"NEU_ISI-FluBcast","09",1.1922287323109,1.18597215889605,0.0137841771305729,0.0131161899144477,1.27785796030059,1.26254933294467,0.0192455506079235,0.0182207205822269,0.220588235294118,0.485294117647059,68
"NEU_ISI-FluBcast","10",1.01189773495503,1.00847813925678,0.00838709397889909,0.00802100412202422,1.05729584771029,1.05014907715451,0.0127345903654989,0.0121608524270732,0.2625,0.7,80
"NEU_ISI-FluBcast","11",0.843907699059392,0.842826350385713,0.00692971589908684,0.00666743672694048,0.91778466913975,0.912846854366165,0.0101725899064845,0.00977050975676485,0.367647058823529,0.676470588235294,68
"NEU_ISI-FluBcast","12",0.933489918844398,0.925288890064561,0.00718233041546024,0.00685879215198483,0.929158552229796,0.919853614313608,0.0101383785137679,0.00966320786495286,0.535714285714286,0.714285714285714,84
"NEU_ISI-FluBcast","13",0.911472530466479,0.903744064688884,0.00748721379522816,0.00713842228768175,1.07219736225249,1.05765616589727,0.0113092168004199,0.0107336415126358,0.397727272727273,0.818181818181818,88
"NEU_ISI-FluBcast","15",0.930349806627012,0.933044109318228,0.00544995499294529,0.00531363943011609,1.1050409185009,1.10817114825764,0.00849616573056131,0.00828695896574442,0.233333333333333,0.85,60
"NEU_ISI-FluBcast","16",0.935515639620899,0.933087196632985,0.00622598252126081,0.00600616866409014,0.997678007883236,0.99257326926407,0.00914798350240208,0.00881619482478789,0.273809523809524,0.619047619047619,84
"NEU_ISI-FluBcast","17",0.986850397203061,0.972418269607279,0.00705038570477085,0.0066700049952159,1.09070820764772,1.07283754514644,0.0103213530873691,0.00976711592928198,0.397727272727273,0.852272727272727,88
"NEU_ISI-FluBcast","18",1.41867146590894,1.39671031735492,0.0119457045392189,0.0112890246215961,1.39195830529945,1.36509766046511,0.0165884521833199,0.0156358767900517,0.2,0.5625,80
"NEU_ISI-FluBcast","19",0.655993930114434,0.647873049057573,0.00410602548211746,0.0038951837018546,0.702429845316873,0.693274268488943,0.0064576264067899,0.00613336839797595,0.5,0.845238095238095,84
"NEU_ISI-FluBcast","20",0.686921691533622,0.678758448888096,0.00452606362777606,0.00430142991038845,0.701390774268446,0.692542624847073,0.00683655471709243,0.00650215909196481,0.392857142857143,0.821428571428571,84
"NEU_ISI-FluBcast","21",1.35579179703935,1.33736035199813,0.0110535955644723,0.0104878900751348,1.24982138717345,1.22989614679367,0.0147062418763422,0.0139352110762413,0.1875,0.546875,64
"NEU_ISI-FluBcast","22",0.680560778422453,0.677006414825731,0.0060205377097009,0.00572558168145608,0.609202782027869,0.604129005984872,0.00799928278129537,0.00758334024492827,0.447368421052632,0.802631578947368,76
"NEU_ISI-FluBcast","23",0.932695056407783,0.927228134054411,0.00518413713656573,0.0049751448591084,1.01459758702454,1.00555998492055,0.00814334065937396,0.00780721098461287,0.465909090909091,0.806818181818182,88
"NEU_ISI-FluBcast","24",1.02569010186125,1.02053239022387,0.0106799455337292,0.0101562170474833,1.0988168789318,1.08798255068715,0.0144887247630973,0.0137259344739932,0.197368421052632,0.565789473684211,76
"NEU_ISI-FluBcast","25",1.08180391645052,1.08237957426953,0.00924230290574756,0.0088923198040838,1.03926017971027,1.03606090845483,0.0124876411398075,0.0119831196413277,0.25,0.5,76
"NEU_ISI-FluBcast","26",1.17376076896344,1.15959571128603,0.00803456848162793,0.00764142716055173,1.17952388735818,1.16269888970307,0.0111571928240243,0.0106074922351048,0.295454545454545,0.715909090909091,88
"NEU_ISI-FluBcast","27",0.792420293135771,0.79371315161287,0.00781776756017942,0.0074431826608567,0.807754093416151,0.808794112527563,0.010735110276863,0.010239981163334,0.420454545454545,0.681818181818182,88
"NEU_ISI-FluBcast","28",1.21573334085489,1.20269122621189,0.00846330625583288,0.00810036101233739,1.20843462097236,1.19311433398109,0.0122841497237567,0.011719406865067,0.394736842105263,0.671052631578947,76
"NEU_ISI-FluBcast","30",0.856201106864781,0.851899511850222,0.00405336782201501,0.00391428903612235,0.864711163588355,0.859256187827357,0.00607500018989445,0.00586665595987247,0.511904761904762,0.80952380952381,84
"NEU_ISI-FluBcast","31",0.962479590234262,0.957732746389633,0.00475126772115918,0.00460237491359344,0.874561675976438,0.86955709213285,0.00670635256472357,0.00649491212535979,0.428571428571429,0.773809523809524,84
"NEU_ISI-FluBcast","32",0.957188775575488,0.956871349099684,0.00445561845987202,0.00432950804985584,1.06669049378375,1.06510717320131,0.00660093552695127,0.00640991390573776,0.3,0.716666666666667,60
"NEU_ISI-FluBcast","33",0.959910658138607,0.949332973605235,0.00793960898697166,0.00749066887537917,0.985056985451772,0.972648010194787,0.0113945963750001,0.0107503739125203,0.416666666666667,0.845238095238095,84
"NEU_ISI-FluBcast","34",1.17537126475847,1.17153439624043,0.0119301472930486,0.0113944206552945,1.178716885569,1.1718356573551,0.0149484245052028,0.01426898967667,0.197368421052632,0.460526315789474,76
"NEU_ISI-FluBcast","35",1.23748582453808,1.23940645481331,0.0104985505290471,0.0100406318023966,1.23704696075868,1.23581338505233,0.0143206343762208,0.0136799549036486,0.184210526315789,0.565789473684211,76
"NEU_ISI-FluBcast","36",1.34808692249754,1.34038984799666,0.0106734713111157,0.010244479670651,1.32880091269392,1.31751866042169,0.0130331748155044,0.0124877989703744,0.138888888888889,0.333333333333333,72
"NEU_ISI-FluBcast","37",0.996904920070004,0.974062887679613,0.0137903364337489,0.0125892702199631,1.01259077352146,0.989272140075249,0.0175937451407215,0.0160975054849023,0.420454545454545,0.829545454545455,88
"NEU_ISI-FluBcast","38",0.986381873858708,0.990847203445329,0.00803588287071864,0.00776798191658461,0.905344204236707,0.908201194047569,0.0107639266078992,0.0104091905064071,0.25,0.676470588235294,68
"NEU_ISI-FluBcast","39",1.17723806994459,1.17068753052933,0.0093331154994188,0.00891271780834599,1.20899824515592,1.19655280381965,0.0143015744502387,0.0136087507642846,0.222222222222222,0.541666666666667,72
"NEU_ISI-FluBcast","40",1.06599258124522,1.0499461881906,0.00617280160185854,0.00590376393007772,1.02416796766259,1.00706414545188,0.00908836073944118,0.00868360992499932,0.297619047619048,0.80952380952381,84
"NEU_ISI-FluBcast","41",0.633385349693557,0.628977117303974,0.00560882304771759,0.0053580449333518,0.551893040060841,0.547907668413737,0.00777815428109504,0.00743999890044048,0.294117647058824,0.735294117647059,68
"NEU_ISI-FluBcast","42",0.764085834147809,0.771250643631087,0.00605871843868943,0.00590717060908933,0.756970518934445,0.761940012634265,0.00787570111981712,0.00766741426986415,0.2,0.55,60
"NEU_ISI-FluBcast","44",1.04265070622586,1.04305955840653,0.00834845815366392,0.00806523567058381,1.05530579722075,1.05206715251232,0.0113600835384729,0.0109466494368376,0.277777777777778,0.5,72
"NEU_ISI-FluBcast","45",0.866414226865748,0.85442032519047,0.00788390812426743,0.00743217371223775,0.999592952393505,0.980514391566138,0.0124833117199141,0.011721758044646,0.477272727272727,0.784090909090909,88
"NEU_ISI-FluBcast","46",1.09536070290042,1.08870059767986,0.00511454689864378,0.00492719478123768,1.29035318931376,1.27909755330578,0.00876653275712003,0.00843923215079626,0.159090909090909,0.829545454545455,88
"NEU_ISI-FluBcast","47",0.884233887935833,0.876816326916643,0.00648786288742632,0.00620346269857624,0.801241400264902,0.793874904266261,0.00880222751870013,0.00842253670480392,0.25,0.738095238095238,84
"NEU_ISI-FluBcast","48",0.944058814270373,0.930085657255884,0.0083358376106857,0.00782108256170148,0.911334744401185,0.897013181508669,0.0104498136370286,0.00980676007454688,0.2875,0.7625,80
"NEU_ISI-FluBcast","49",0.960006319267702,0.947062619688974,0.00725404029557624,0.00688063468544223,1.06761092551622,1.05170200923018,0.00973590844864446,0.00924198241999422,0.454545454545455,0.863636363636364,88
"NEU_ISI-FluBcast","50",0.73317947239454,0.726128932427786,0.00466803676342122,0.00447755949082267,0.785791673706734,0.777706418475806,0.00719930275320518,0.00691697056264198,0.416666666666667,0.880952380952381,84
"NEU_ISI-FluBcast","51",0.900371912665208,0.888525654566384,0.00786441575446667,0.0074165412626819,0.985261793405274,0.968841616165498,0.0119046454782779,0.0112042715664025,0.345238095238095,0.833333333333333,84
"NEU_ISI-FluBcast","53",0.807935680903652,0.801120524069102,0.0047454654598631,0.00456083657248076,0.680739719945372,0.674772538064451,0.00706323597944875,0.00678767400958767,0.455882352941176,0.808823529411765,68
"NEU_ISI-FluBcast","54",1.14710040788544,1.13572936998013,0.00687232136074794,0.00659221447651087,1.11018814631723,1.09713081075981,0.0102777867761635,0.00985268965614146,0.205882352941176,0.558823529411765,68
"NEU_ISI-FluBcast","55",0.908000342610285,0.900032436880238,0.00699801741338091,0.0066404540475091,0.926462620310037,0.91679318339147,0.0099699123274798,0.00946613855308504,0.363636363636364,0.727272727272727,88
"UGA_flucast-Copycat","01",0.904169050102513,0.899097025584128,0.0140266725683395,0.0132759446836142,0.770694560245333,0.76558723048418,0.0175479884259842,0.0166251365177184,0.442307692307692,0.596153846153846,104
"UGA_flucast-Copycat","02",0.843758073738864,0.838538277821201,0.00995013919509969,0.00937003233513445,0.814697251847141,0.809026910469302,0.013081779367304,0.012340793299592,0.423076923076923,0.759615384615385,104
"UGA_flucast-Copycat","04",0.841886987137561,0.838907162769731,0.00523093316281468,0.00508742120641753,0.74527493229805,0.742604457109124,0.00749776578817388,0.00729257732581,0.442307692307692,0.778846153846154,104
"UGA_flucast-Copycat","05",0.848129640283993,0.844165687227796,0.00897294976166485,0.00860997290862372,0.758310311407377,0.75498446998063,0.0120310889171202,0.0115555969679979,0.423076923076923,0.682692307692308,104
"UGA_flucast-Copycat","06",0.761644599151505,0.758981529041959,0.00381737133833924,0.00371478177117779,0.721491725054586,0.719462766645557,0.00608015160014822,0.00592089895027231,0.480769230769231,0.894230769230769,104
"UGA_flucast-Copycat","08",0.802340504737648,0.799689001550657,0.00933152832619927,0.00888269590178787,0.898813899464253,0.895401661133852,0.0129340367460135,0.0123317195065948,0.288461538461538,0.75,104
"UGA_flucast-Copycat","09",0.893631531018074,0.890914003870553,0.0137297345435176,0.0129818853292326,0.913630513802736,0.910187452991861,0.0178838231446155,0.0169394029056365,0.240384615384615,0.586538461538462,104
"UGA_flucast-Copycat","10",0.860755810448376,0.855491573362193,0.00946541763772106,0.00900820075051647,0.80843360520511,0.802868130336875,0.012618541978219,0.0120298170022305,0.346153846153846,0.730769230769231,104
"UGA_flucast-Copycat","11",0.799651427831689,0.796847034925141,0.0085641142339377,0.00821287430363468,0.823099540280091,0.819404447497147,0.0116201877143939,0.0111552218709224,0.355769230769231,0.673076923076923,104
"UGA_flucast-Copycat","12",0.785137700037088,0.779924312149883,0.00698505974180136,0.00668490031443263,0.76549879199663,0.760268416847353,0.00978803576465264,0.00936549510224318,0.480769230769231,0.759615384615385,104
"UGA_flucast-Copycat","13",0.885154033214291,0.880104095255784,0.0102992900065752,0.00980022060998573,0.882693645759483,0.876555190515663,0.0129882168452231,0.0123688545083673,0.461538461538462,0.769230769230769,104
"UGA_flucast-Copycat","15",0.687145505032072,0.687973226256984,0.00621672935198156,0.00592862646094277,0.803523189068737,0.804065767379305,0.00908427211066743,0.00866841589876964,0.288461538461538,0.836538461538462,104
"UGA_flucast-Copycat","16",0.774110958107697,0.768740808226957,0.00647173388654469,0.00619857259198578,0.761195753811037,0.755298024748671,0.00888360643432037,0.00851469733073721,0.548076923076923,0.807692307692308,104
"UGA_flucast-Copycat","17",0.867453925759956,0.86180448409729,0.00866675696986037,0.00825764317534032,0.827489622512074,0.821218061300988,0.011045855889938,0.010535945300347,0.5,0.778846153846154,104
"UGA_flucast-Copycat","18",0.944599037143535,0.939183787386377,0.00965314570237439,0.00921993373519038,0.882238745169024,0.876997817725798,0.0128644231289023,0.0123073960474685,0.278846153846154,0.673076923076923,104
"UGA_flucast-Copycat","19",0.670488334770787,0.663943895911489,0.00584901120380994,0.00557889196861083,0.596603169251666,0.589093685879933,0.00732553509927605,0.00698303681598488,0.721153846153846,0.846153846153846,104
"UGA_flucast-Copycat","20",0.725424452296349,0.719455138175834,0.00663432427626527,0.00635063887969048,0.700836313257426,0.69471388629704,0.00911312618911283,0.00873025974045651,0.567307692307692,0.826923076923077,104
"UGA_flucast-Copycat","21",0.92215387564906,0.917492179878084,0.00870113444846764,0.00834415469602815,0.85249596901946,0.847939635835259,0.0117863229303916,0.0113173569455479,0.307692307692308,0.673076923076923,104
"UGA_flucast-Copycat","22",0.856713661105422,0.851185247667076,0.00978216791297756,0.00925724438988015,0.762015883560012,0.756988313300532,0.013002410654504,0.0123133159172684,0.471153846153846,0.682692307692308,104
"UGA_flucast-Copycat","23",0.939164688288914,0.935863068303002,0.00774330116279759,0.00743417806872327,0.930047146631234,0.926372519095026,0.0105899848407345,0.0101890516244858,0.346153846153846,0.759615384615385,104
"UGA_flucast-Copycat","24",0.840988725944388,0.835882036126854,0.0112349109975551,0.0106129874040111,0.874941730690491,0.870540937079707,0.0147542313734266,0.0139731766627825,0.317307692307692,0.740384615384615,104
"UGA_flucast-Copycat","25",0.918798469109512,0.915407604480892,0.0112520148943254,0.0107118369481437,0.933295393137567,0.929907179594345,0.0150770172813423,0.0143877843474379,0.25,0.701923076923077,104
"UGA_flucast-Copycat","26",0.830234980717166,0.823693722157329,0.00745674517589357,0.00711192776998656,0.790890465455433,0.783608343015388,0.00992960462213773,0.00947597097161108,0.567307692307692,0.788461538461538,104
"UGA_flucast-Copycat","27",0.857147872726195,0.850453486428353,0.012347683243632,0.0115642443485029,0.83610747421004,0.829797876914327,0.0159105790720165,0.0149446919913401,0.307692307692308,0.730769230769231,104
"UGA_flucast-Copycat","28",1.04668145884118,1.04240580001542,0.00857332883693948,0.0082658524490599,0.958565719375418,0.955329567544603,0.0116729000368838,0.0112587093984756,0.403846153846154,0.673076923076923,104
"UGA_flucast-Copycat","30",0.835351550706197,0.830432666831704,0.00538223132876517,0.005186650443672,0.789246638659422,0.783933241496184,0.0075115762704832,0.0072433536893574,0.509615384615385,0.817307692307692,104
"UGA_flucast-Copycat","31",0.819950573535208,0.814225314780646,0.0049267586295864,0.00477054611254096,0.77303688580109,0.766890490629634,0.00715077993257759,0.00692206344907184,0.538461538461538,0.817307692307692,104
"UGA_flucast-Copycat","32",0.923052348097103,0.918953160547806,0.00578785981401365,0.0056083752743982,1.0130012235394,1.00804426615154,0.00806693578591795,0.00782053496743493,0.413461538461538,0.817307692307692,104
"UGA_flucast-Copycat","33",0.804721660911469,0.798249411783394,0.00927421889831475,0.00878305712750135,0.782166007219808,0.774926214501641,0.0121171464089319,0.0114881914187252,0.451923076923077,0.817307692307692,104
"UGA_flucast-Copycat","34",0.857896806830195,0.854787659007084,0.011738911594719,0.0111189873185082,0.898170671860502,0.894301753591937,0.0155179029125203,0.0147173844566773,0.326923076923077,0.615384615384615,104
"UGA_flucast-Copycat","35",0.892009009479355,0.88669734561576,0.0113685950592506,0.0107487142109998,0.847799508186003,0.842100327392679,0.0142764020859252,0.013525402632564,0.365384615384615,0.740384615384615,104
"UGA_flucast-Copycat","36",0.761338325639552,0.760365586406229,0.00858019007478528,0.00819246803569988,0.881700689232979,0.880955424742614,0.0120844568251166,0.0115537703865967,0.326923076923077,0.759615384615385,104
"UGA_flucast-Copycat","37",0.824588596297391,0.815612143447766,0.0169577189313879,0.0155454993224452,0.761604472484868,0.752060516417081,0.0199820436741486,0.0183515260648243,0.490384615384615,0.721153846153846,104
"UGA_flucast-Copycat","38",1.01215302809559,1.0087034158252,0.0106571578558134,0.0102200958471444,0.92732645846556,0.923075675040774,0.0139407437393211,0.0133851528158947,0.269230769230769,0.576923076923077,104
"UGA_flucast-Copycat","39",0.900078551668289,0.894188033342528,0.00907057455886159,0.00865582842460384,0.853674727235556,0.847862732570289,0.0121964973074851,0.0116601562203845,0.355769230769231,0.75,104
"UGA_flucast-Copycat","40",0.749297659519026,0.745423172334027,0.0050948811805405,0.00493743110997003,0.683999017804209,0.680153116404036,0.00712972849118507,0.00691229007901362,0.528846153846154,0.807692307692308,104
"UGA_flucast-Copycat","41",0.607025279296288,0.60527512413887,0.00523086650743798,0.00502974005867922,0.571679402720679,0.570365546279791,0.00805787145240804,0.00776481511909848,0.403846153846154,0.855769230769231,104
"UGA_flucast-Copycat","42",0.852168958349837,0.847072386217643,0.00711260701370703,0.00683301722050436,0.846035177178169,0.840417320096435,0.00975421789201945,0.00938028271295641,0.451923076923077,0.778846153846154,104
"UGA_flucast-Copycat","44",0.867025198369977,0.864496085438172,0.00993700130242138,0.00951565709879174,0.925529153177418,0.923244418642551,0.013496494385725,0.0129544925475271,0.317307692307692,0.721153846153846,104
"UGA_flucast-Copycat","45",0.842582662085571,0.836972429598285,0.010077043326041,0.0095498062290906,0.802841076158158,0.796756875659669,0.0128524447051773,0.0121971075397421,0.480769230769231,0.778846153846154,104
"UGA_flucast-Copycat","46",0.784192428727026,0.780680778511401,0.00475174517498561,0.00459563894078166,0.787851918652978,0.783042165934058,0.00662544335628542,0.00640960131595728,0.548076923076923,0.826923076923077,104
"UGA_flucast-Copycat","47",0.843719843041524,0.838795709882286,0.00842407405660244,0.00805891117320129,0.736642697889074,0.731497572790875,0.010906740996973,0.0104451193650078,0.538461538461538,0.740384615384615,104
"UGA_flucast-Copycat","48",0.843938028392559,0.838536268337484,0.00891625479414841,0.00844806415579661,0.796935534603726,0.791400873536813,0.011698616436881,0.0110906753049742,0.548076923076923,0.759615384615385,104
"UGA_flucast-Copycat","49",0.790899539968274,0.784842184498612,0.00801914307262755,0.00761205508939933,0.819117026246394,0.812234311047406,0.0106162481980601,0.010089702606566,0.567307692307692,0.817307692307692,104
"UGA_flucast-Copycat","50",0.850544393892693,0.846350984578108,0.00682774076455485,0.0065785578370823,0.834634918480894,0.829991420988601,0.00958475810034061,0.00924927771022545,0.384615384615385,0.778846153846154,104
"UGA_flucast-Copycat","51",0.810318738585283,0.803894293937599,0.00934339967985181,0.00883776263520461,0.77903738826682,0.772355218452074,0.0122379511218823,0.0115976956745931,0.451923076923077,0.740384615384615,104
"UGA_flucast-Copycat","53",0.722930105612774,0.72099548592403,0.00428526936120451,0.00415592559880359,0.638972153045231,0.637410635591934,0.00685163680387745,0.00664818991004884,0.403846153846154,0.826923076923077,104
"UGA_flucast-Copycat","54",0.768567767597161,0.76457554495219,0.00517229286208397,0.00500131329524913,0.748001247185348,0.743580496810358,0.00758521147649666,0.00734050744251613,0.451923076923077,0.778846153846154,104
"UGA_flucast-Copycat","55",0.852940533328853,0.846437607414606,0.00913224432100483,0.00866859725823589,0.834882408404312,0.827808262495861,0.0120098877915588,0.0114192401330529,0.403846153846154,0.788461538461538,104
"UGA_flucast-Copycat","56",1.16093179855964,1.16391220793244,0.0120557575904304,0.011784126088517,1.03195417694614,1.03258785697859,0.01334609144118,0.0130551586652766,0.413461538461538,0.721153846153846,104
"UGA_flucast-INFLAenza","01",0.623683276811596,0.619776340975138,0.0080315264500459,0.00762582852972579,0.643561311739617,0.639404465956209,0.0123052123647086,0.0117157309900813,0.43,0.92,100
"UGA_flucast-INFLAenza","02",0.865665700574723,0.864393889982181,0.00925809284767918,0.00883610243797413,0.848367943123365,0.847798613859718,0.0120137239003592,0.0115112841781504,0.52,0.82,100
"UGA_flucast-INFLAenza","04",0.637613924418826,0.63609284505802,0.00308824028814719,0.00301697821701758,0.611288790683941,0.610020902436062,0.00480762134022458,0.00470009070643648,0.54,0.98,100
"UGA_flucast-INFLAenza","05",0.709590578200572,0.70686081500518,0.00630374052285552,0.00608071079002132,0.709525220164643,0.707011369677033,0.00921752009853295,0.00890555901443346,0.48,0.86,100
"UGA_flucast-INFLAenza","06",0.694020638420062,0.692132015627031,0.00292368874003123,0.00285347645700038,0.698571912883941,0.696848165735131,0.00452571047542139,0.00441837094907817,0.68,0.98,100
"UGA_flucast-INFLAenza","08",0.462529634184322,0.463400488813964,0.00422453632878925,0.00406821948766542,0.609150526953523,0.608417712524458,0.00705417605822281,0.00678656117840562,0.5,0.97,100
"UGA_flucast-INFLAenza","09",0.634897585805703,0.636502789919453,0.0081805704976655,0.00783327081672973,0.776066869572462,0.776573145113864,0.0125514263365155,0.0120338684322797,0.19,0.81,100
"UGA_flucast-INFLAenza","10",0.692604125655126,0.68991984700571,0.0064769971841535,0.00622464825467139,0.705873044116282,0.703751813963283,0.00924975841912627,0.00892467923844424,0.41,0.87,100
"UGA_flucast-INFLAenza","11",0.617101648980338,0.618046524703526,0.00550165236809027,0.00533252606262514,0.732990668806899,0.732523139012028,0.00862622130572752,0.00835501716922604,0.31,0.81,100
"UGA_flucast-INFLAenza","12",0.507530440390871,0.504587267445972,0.0037703498471266,0.00362400660869448,0.550113165552805,0.547358921250346,0.00584139035319726,0.00562559551040412,0.66,1,100
"UGA_flucast-INFLAenza","13",0.57693220052555,0.573615075739407,0.00473097498115435,0.00453290770599719,0.658086069415711,0.653840729335325,0.00706223982554188,0.00678682047512735,0.55,0.93,100
"UGA_flucast-INFLAenza","15",0.686435297917959,0.685758778223115,0.00504459540922558,0.00482992147674925,0.739355702605831,0.74147728082271,0.00701365251607894,0.00675125171897464,0.71,1,100
"UGA_flucast-INFLAenza","16",0.482038448015686,0.48020098276297,0.00292657573137339,0.00282931932599382,0.531059414716167,0.528250731833967,0.00459549574948551,0.00444319143849696,0.65,0.98,100
"UGA_flucast-INFLAenza","17",0.646986592526148,0.643604147406761,0.00507211311173464,0.0048692729285706,0.675979163791453,0.672785550412802,0.00708798989353401,0.00683018873135569,0.48,0.92,100
"UGA_flucast-INFLAenza","18",0.710481806680664,0.707571989103157,0.00570603022415308,0.00549909475778107,0.745886969612363,0.74323245774459,0.00871346459030732,0.00842257917121942,0.27,0.89,100
"UGA_flucast-INFLAenza","19",0.757318103458483,0.753521695754152,0.00567450759552765,0.0054734686448175,0.674724707167231,0.671327752674657,0.00698516400603358,0.00675826145416373,0.4,0.75,100
"UGA_flucast-INFLAenza","20",0.742786053680304,0.740093202398177,0.00599150143459055,0.00579257223933199,0.716451819557263,0.713720077417182,0.0081826203751125,0.00792348622235485,0.39,0.86,100
"UGA_flucast-INFLAenza","21",0.708749539988716,0.706103243058763,0.00564842682054962,0.00545614922397761,0.699567277932566,0.697194041998719,0.0083124628783512,0.00805019104507383,0.41,0.82,100
"UGA_flucast-INFLAenza","22",0.45520820887029,0.453704975666835,0.00407496226859278,0.0038957636440838,0.47981411035916,0.478594695364693,0.00617538291856273,0.0059182660074806,0.54,1,100
"UGA_flucast-INFLAenza","23",0.735563397688851,0.733802182665055,0.00549312620807484,0.00530782136675437,0.721284049546332,0.720394859271499,0.0072249559648858,0.00700873490772562,0.54,0.9,100
"UGA_flucast-INFLAenza","24",0.609134455384887,0.608410508066326,0.00628633647668962,0.00601583663623899,0.751010149332222,0.749423943150715,0.0100365407369272,0.00961439213847946,0.33,0.87,100
"UGA_flucast-INFLAenza","25",0.725316700564176,0.724469085312979,0.00783845306973123,0.00752140073643186,0.802590328351729,0.802179547390954,0.0112214551237631,0.0108090745175441,0.21,0.78,100
"UGA_flucast-INFLAenza","26",0.63962642003562,0.636710752000952,0.00452473157010424,0.00436056315598223,0.685304362436816,0.682296527626428,0.00679786702722261,0.00656801594697317,0.44,0.9,100
"UGA_flucast-INFLAenza","27",0.647816073988579,0.645776782662594,0.00772986242233443,0.00733481468226101,0.753681744087816,0.750994501014833,0.0117980043613076,0.0112294292390185,0.42,0.89,100
"UGA_flucast-INFLAenza","28",0.717022800554181,0.714180777319052,0.00465642935966045,0.00450301742672632,0.770009483868426,0.767254094363835,0.00747524093148706,0.00723504649041877,0.56,0.95,100
"UGA_flucast-INFLAenza","30",0.684492520884969,0.681907180932835,0.00357866094080124,0.00347460428418726,0.696958405857859,0.694235356616385,0.00549865721553027,0.0053468240078047,0.5,0.93,100
"UGA_flucast-INFLAenza","31",0.756249339339198,0.754742682906351,0.00395825322790306,0.00386540409511093,0.717299425094811,0.715757493635918,0.00564225887109945,0.00551355102514944,0.45,0.86,100
"UGA_flucast-INFLAenza","32",0.74997070317878,0.74887553493568,0.00354204928064581,0.00345955378821677,0.797476410192639,0.796546726569645,0.00488694500753847,0.00478238370756025,0.52,0.87,100
"UGA_flucast-INFLAenza","33",0.633472994310239,0.63001537368171,0.00634211290726387,0.00606468118944579,0.659500934721916,0.65627725749015,0.00858189868320785,0.00823885236588661,0.53,0.9,100
"UGA_flucast-INFLAenza","34",0.587795929097432,0.58782424056749,0.00660847693724515,0.00632922900104736,0.744613696512245,0.743427000153237,0.0106613023726419,0.0102206593658096,0.34,0.88,100
"UGA_flucast-INFLAenza","35",0.679293572298503,0.675782883893625,0.00697878808870636,0.00664379128100729,0.708799133171194,0.705144484204894,0.00945604166333261,0.00904139107599415,0.65,0.9,100
"UGA_flucast-INFLAenza","36",0.537541482797288,0.539511591685814,0.0048578726380035,0.00468992753466003,0.682314644583317,0.683857177041895,0.00757393469648777,0.00731240867068104,0.36,0.88,100
"UGA_flucast-INFLAenza","37",0.52716917276047,0.523465304723593,0.00821599611731743,0.00761371700944949,0.620210735153318,0.615126450152405,0.0127575378127455,0.0118644212258457,0.56,0.95,100
"UGA_flucast-INFLAenza","38",0.799229152069279,0.799043159059242,0.00783726259510553,0.00757605858169855,0.75463304923004,0.754450443009732,0.0103108593067352,0.00999447312975421,0.36,0.76,100
"UGA_flucast-INFLAenza","39",0.718716462656966,0.716339115996245,0.00608884725477912,0.00586703597444658,0.730618477550402,0.728616289918608,0.00865197909997216,0.00836481512730231,0.36,0.81,100
"UGA_flucast-INFLAenza","40",0.762002975298336,0.760229932831324,0.00429258159452269,0.00418737765921367,0.710737123684732,0.709070491305374,0.00602441777829936,0.00588356685888492,0.46,0.86,100
"UGA_flucast-INFLAenza","41",0.608872644674574,0.607468208072316,0.0052524876994771,0.00505232950895571,0.566932084524909,0.566368286747739,0.00769996160909629,0.00742908136550425,0.46,0.92,100
"UGA_flucast-INFLAenza","42",0.637493966618223,0.635422296094172,0.00430262472644284,0.00417073055990908,0.724667318327483,0.722490461663809,0.00681675340761984,0.00662473233325258,0.38,0.93,100
"UGA_flucast-INFLAenza","44",0.699370925240554,0.698304065547552,0.00679659023806401,0.00655704138821073,0.785052156991935,0.784007541139884,0.00962200703573517,0.00930870774712985,0.26,0.72,100
"UGA_flucast-INFLAenza","45",0.599984724369744,0.596694045059338,0.00552612602604826,0.00527963650423128,0.63889989988021,0.635500197553604,0.00789836883514944,0.00757395559017176,0.53,0.94,100
"UGA_flucast-INFLAenza","46",0.915440172094558,0.914436418703879,0.00479935366079473,0.00467353704900901,0.844981523046756,0.842715887845381,0.00601728000574577,0.00586167832894259,0.55,0.84,100
"UGA_flucast-INFLAenza","47",0.642016846075573,0.637883416162153,0.00493646035916773,0.00475144262100307,0.612340858766781,0.608406297406198,0.00687275162607626,0.00663655637684447,0.56,0.93,100
"UGA_flucast-INFLAenza","48",0.465360190610754,0.463405054899314,0.00347522930607485,0.00332818708816861,0.508160508648301,0.506064242075832,0.00534268025076541,0.00512428623908677,0.6,1,100
"UGA_flucast-INFLAenza","49",0.489760386651429,0.487197202686143,0.00377439835076878,0.00361470797196813,0.557575520511444,0.554129029873262,0.00580621440978888,0.00556927754531501,0.66,0.98,100
"UGA_flucast-INFLAenza","50",0.774712170445723,0.772293231249158,0.00552186154003974,0.00535029612126912,0.774042807156894,0.771668805214619,0.00770824489632998,0.00748605145885176,0.32,0.79,100
"UGA_flucast-INFLAenza","51",0.58809662354366,0.585054432654607,0.00534008687786449,0.0051038172613243,0.664680496983541,0.660980110476281,0.0083433599807302,0.00799933477581674,0.5,0.95,100
"UGA_flucast-INFLAenza","53",0.583240408365069,0.581452994850346,0.00316919251803785,0.00307516368895333,0.534598310741376,0.532789490633639,0.00509713958484789,0.00494537210729738,0.65,1,100
"UGA_flucast-INFLAenza","54",0.76379109696244,0.760731702533639,0.00450413868441936,0.00437933470213933,0.753162378692939,0.749575645433359,0.00660527932898629,0.00643049068872559,0.54,0.92,100
"UGA_flucast-INFLAenza","55",0.712357346167166,0.709943562651139,0.00645083925926476,0.00619265363338786,0.727584182874968,0.725391001780128,0.0087608880022213,0.00844152965719911,0.39,0.84,100
"UGA_flucast-INFLAenza","56",1.10148034099418,1.10379572242105,0.00938822473250954,0.00918752539784397,0.993707983803547,0.994285077613893,0.0105220193910551,0.0103046008978192,0.36,0.76,100
"UGuelph-CompositeCurve","01",1.82333444505494,1.85469883948763,0.0609166666666667,0.0589395850742647,1.30437426704992,1.32238702458095,0.0609166666666667,0.0589395850742647,0,0,12
"UGuelph-CompositeCurve","02",2.44675405206452,2.51346807145368,0.0533,0.0516105932684954,1.8276277513068,1.86795230122116,0.0533,0.0516105932684954,0,0,12
"UGuelph-CompositeCurve","04",2.42680917600379,2.44902396373786,0.0265333333333333,0.0261527607494259,1.50094134962562,1.51341579996984,0.0265333333333333,0.0261527607494259,0,0,12
"UGuelph-CompositeCurve","05",2.32037656781148,2.34947781226594,0.0470916666666667,0.0459180803933815,1.65383665510583,1.67248398705589,0.0470916666666667,0.0459180803933815,0,0,12
"UGuelph-CompositeCurve","06",2.94322362526591,2.96959469731154,0.030075,0.0295806140210796,1.73240209287422,1.74850014144992,0.030075,0.0295806140210796,0,0,12
"UGuelph-CompositeCurve","08",1.6400978913242,1.67983136036857,0.0394,0.0383354464507263,1.32547185271396,1.35411648379171,0.0394,0.0383354464507263,0,0,12
"UGuelph-CompositeCurve","09",1.37242758659008,1.40704893301104,0.0435416666666667,0.0420064036434123,1.08063289999803,1.10427329585438,0.0435416666666667,0.0420064036434123,0,0,12
"UGuelph-CompositeCurve","10",2.03073220764671,2.07122253071043,0.0452666666666667,0.0440890233240244,1.51504200936176,1.53966217800058,0.0452666666666667,0.0440890233240244,0,0,12
"UGuelph-CompositeCurve","11",1.66260468786358,1.69768998552119,0.0361333333333333,0.0352005429861638,1.23213188134848,1.25463022672092,0.0361333333333333,0.0352005429861638,0,0,12
"UGuelph-CompositeCurve","12",2.96123063158423,3.00681753930125,0.0472,0.0460722496558805,2.11312120349104,2.14438797127219,0.0472,0.0460722496558805,0,0,12
"UGuelph-CompositeCurve","13",1.56536894765127,1.59091551085186,0.0363,0.0354037611011478,1.20886724904104,1.22379603399796,0.0363,0.0354037611011478,0,0,12
"UGuelph-CompositeCurve","15",3.67733171587492,3.78187444860808,0.0448333333333333,0.0435963677291428,2.87947583001551,2.95691761724173,0.0448333333333333,0.0435963677291428,0,0,12
"UGuelph-CompositeCurve","16",2.31073879678455,2.34871968433436,0.0371166666666667,0.0363635133052725,1.60143783451174,1.62378743240553,0.0371166666666667,0.0363635133052725,0,0,12
"UGuelph-CompositeCurve","17",1.88570690565696,1.91921581703244,0.0413083333333333,0.0403110973799065,1.41168082717441,1.43213599140673,0.0413083333333333,0.0403110973799065,0,0,12
"UGuelph-CompositeCurve","18",2.15908566324461,2.19748116641357,0.0405916666666667,0.0396474347879235,1.50228961860084,1.52471831950719,0.0405916666666667,0.0396474347879235,0,0,12
"UGuelph-CompositeCurve","19",2.98920848467266,3.02634007332024,0.051425,0.0500178426837375,2.12235392237916,2.14252613329114,0.051425,0.0500178426837375,0,0,12
"UGuelph-CompositeCurve","20",2.51846367514215,2.54278758879416,0.0484,0.0471734395980862,1.85706482716901,1.87172110752189,0.0484,0.0471734395980862,0,0,12
"UGuelph-CompositeCurve","21",2.51550923052839,2.55597768986256,0.040675,0.0397627698097145,1.77534229030415,1.79938708940903,0.040675,0.0397627698097145,0,0,12
"UGuelph-CompositeCurve","22",2.32654735304166,2.36875628462834,0.0561583333333333,0.0544879542162456,1.59085912672138,1.61614445577331,0.0561583333333333,0.0544879542162456,0,0,12
"UGuelph-CompositeCurve","23",2.19346517596021,2.23766175719629,0.0395,0.0385837664810321,1.64827769068411,1.67696930974794,0.0395,0.0385837664810321,0,0,12
"UGuelph-CompositeCurve","24",1.33721487872156,1.36821639724398,0.0409583333333333,0.0396504195194061,1.0627727029217,1.08462813493798,0.0409583333333333,0.0396504195194061,0,0,12
"UGuelph-CompositeCurve","25",1.49733406903199,1.53141347974656,0.0412333333333333,0.0400269527750504,1.1677760575495,1.19117329723741,0.0412333333333333,0.0400269527750504,0,0,12
"UGuelph-CompositeCurve","26",1.94583631262495,1.98148764563821,0.0381583333333333,0.0372955711089931,1.41007023657729,1.43287469750693,0.0381583333333333,0.0372955711089931,0,0,12
"UGuelph-CompositeCurve","27",1.6150420841832,1.66307803508035,0.0522916666666667,0.0505023259274222,1.25150523471093,1.2841261220628,0.0522916666666667,0.0505023259274222,0,0,12
"UGuelph-CompositeCurve","28",2.51356832878654,2.54031140787761,0.0397416666666667,0.0388972304135999,1.73047500993737,1.74721799518148,0.0397416666666667,0.0388972304135999,0,0,12
"UGuelph-CompositeCurve","30",2.49094052386576,2.52580293952543,0.0372166666666667,0.036489440750428,1.67135176614031,1.69099324147521,0.0372166666666667,0.036489440750428,0,0,12
"UGuelph-CompositeCurve","31",2.65109734332213,2.67549947744278,0.030425,0.0299317798309441,1.78180174954414,1.79594787640183,0.030425,0.0299317798309441,0,0,12
"UGuelph-CompositeCurve","32",2.46162094348305,2.49006780465966,0.028,0.0275668644539409,1.95313404304674,1.97163034682683,0.028,0.0275668644539409,0,0,12
"UGuelph-CompositeCurve","33",1.87633223664463,1.91844645626823,0.0458333333333333,0.0445792896113265,1.40248861160732,1.42925042597183,0.0458333333333333,0.0445792896113265,0,0,12
"UGuelph-CompositeCurve","34",1.62197780548526,1.66557009533319,0.043975,0.0425613377983753,1.24533428526278,1.27575252460745,0.043975,0.0425613377983753,0,0,12
"UGuelph-CompositeCurve","35",1.57555256252574,1.60779394056907,0.0470833333333333,0.0457083683521159,1.28276454749666,1.30369320031038,0.0470833333333333,0.0457083683521159,0,0,12
"UGuelph-CompositeCurve","36",1.51723587791941,1.55036388416666,0.03465,0.0336268324451526,1.21422399280066,1.23884947750852,0.03465,0.0336268324451526,0,0,12
"UGuelph-CompositeCurve","37",1.44612625911675,1.49603869731117,0.0663166666666667,0.0633639044736683,1.14021761354183,1.17383048517695,0.0663166666666667,0.0633639044736683,0,0,12
"UGuelph-CompositeCurve","38",1.86548694333087,1.90590508455282,0.0413416666666667,0.0403296968891665,1.34187035790558,1.36679287776805,0.0413416666666667,0.0403296968891665,0,0,12
"UGuelph-CompositeCurve","39",2.04896257653213,2.08576871421987,0.0421,0.0410958588762141,1.5145472434989,1.5377852736991,0.0421,0.0410958588762141,0,0,12
"UGuelph-CompositeCurve","40",2.34417403091016,2.36113960619448,0.033925,0.0332976165591362,1.57137829380258,1.58074353927568,0.033925,0.0332976165591362,0,0,12
"UGuelph-CompositeCurve","41",2.08403619680781,2.11702173891713,0.0400416666666667,0.0390371510556115,1.28760029177002,1.30553801185676,0.0400416666666667,0.0390371510556115,0,0,12
"UGuelph-CompositeCurve","42",1.95942384403041,1.99307477010816,0.0327416666666667,0.0320848390081427,1.41450226599727,1.43545037693449,0.0327416666666667,0.0320848390081427,0,0,12
"UGuelph-CompositeCurve","44",1.19610637533217,1.21967253033545,0.034025,0.0331333519247385,0.964545517664596,0.981444730191955,0.034025,0.0331333519247385,0,0,12
"UGuelph-CompositeCurve","45",1.75227615481614,1.78546350862637,0.04495,0.0437583722030169,1.29934319482996,1.31861249391326,0.04495,0.0437583722030169,0,0,12
"UGuelph-CompositeCurve","46",3.72143008450707,3.77079476530831,0.0411416666666667,0.0402152630829458,2.79345597605136,2.82427212572105,0.0411416666666667,0.0402152630829458,0,0,12
"UGuelph-CompositeCurve","47",2.02971248959833,2.05698986056976,0.0406166666666667,0.0396821440413792,1.39856369940158,1.41246459039754,0.0406166666666667,0.0396821440413792,0,0,12
"UGuelph-CompositeCurve","48",2.39653692635995,2.43992402818214,0.0509583333333333,0.0495629879674355,1.7440691243576,1.77047359877715,0.0509583333333333,0.0495629879674355,0,0,12
"UGuelph-CompositeCurve","49",2.01984876274399,2.06289567215245,0.0425916666666667,0.0415441809527357,1.58354609502834,1.61151115795537,0.0425916666666667,0.0415441809527357,0,0,12
"UGuelph-CompositeCurve","50",2.60364402441999,2.64294519607846,0.0424916666666667,0.0415101997373341,1.88170835575463,1.90478292798654,0.0424916666666667,0.0415101997373341,0,0,12
"UGuelph-CompositeCurve","51",1.91352242805004,1.9581742146378,0.045325,0.0440764282097183,1.42230127754168,1.45039041323447,0.045325,0.0440764282097183,0,0,12
"UGuelph-CompositeCurve","53",3.80584669773748,3.86281616856744,0.0385833333333333,0.0377939180941447,2.09984216134983,2.12991161688836,0.0385833333333333,0.0377939180941447,0,0,12
"UGuelph-CompositeCurve","54",3.52567018907122,3.56643944635698,0.0383416666666667,0.0375562209563187,2.43321166367123,2.45447984223653,0.0383416666666667,0.0375562209563187,0,0,12
"UGuelph-CompositeCurve","55",1.89751220289969,1.9382998784904,0.0457833333333333,0.0445874446627364,1.43803138642742,1.46494729060927,0.0457833333333333,0.0445874446627364,0,0,12
"UGuelph-CompositeCurve","56",1.57248774650552,1.5815615322774,0.030925,0.0303122523775769,1.27936160347202,1.28396341424203,0.030925,0.0303122523775769,0,0,12
